 time                   v(n0)                 
 0.000000000000000e+00  1.195220265055110e+00 
 2.000000000000000e-13  1.195220265055110e+00 
 4.000000000000000e-13  1.195220265055111e+00 
 8.000000000000000e-13  1.195220265055111e+00 
 1.600000000000000e-12  1.195220265055111e+00 
 3.200000000000000e-12  1.195220265055110e+00 
 6.400000000000000e-12  1.195220265055109e+00 
 1.280000000000000e-11  1.195220265055106e+00 
 2.560000000000000e-11  1.195220265055098e+00 
 4.560000000000000e-11  1.195220265055081e+00 
 6.560000000000000e-11  1.195220265055063e+00 
 8.559999999999999e-11  1.195220265055045e+00 
 1.056000000000000e-10  1.195220265055027e+00 
 1.256000000000000e-10  1.195220265055009e+00 
 1.456000000000000e-10  1.195220265054991e+00 
 1.656000000000000e-10  1.195220265054973e+00 
 1.856000000000000e-10  1.195220265054955e+00 
 2.056000000000000e-10  1.195220265054938e+00 
 2.256000000000000e-10  1.195220265054920e+00 
 2.456000000000000e-10  1.195220265054902e+00 
 2.656000000000000e-10  1.195220265054884e+00 
 2.856000000000000e-10  1.195220265054866e+00 
 3.056000000000000e-10  1.195220265054849e+00 
 3.255999999999999e-10  1.195220265054831e+00 
 3.455999999999999e-10  1.195220265054813e+00 
 3.655999999999999e-10  1.195220265054796e+00 
 3.855999999999999e-10  1.195220265054778e+00 
 4.055999999999999e-10  1.195220265054760e+00 
 4.255999999999999e-10  1.195220265054743e+00 
 4.455999999999998e-10  1.195220265054725e+00 
 4.655999999999998e-10  1.195220265054707e+00 
 4.855999999999999e-10  1.195220265054689e+00 
 5.055999999999999e-10  1.195220265054671e+00 
 5.255999999999999e-10  1.195220265054654e+00 
 5.456000000000000e-10  1.195220265054637e+00 
 5.656000000000000e-10  1.195220265054620e+00 
 5.856000000000000e-10  1.195220265054602e+00 
 6.056000000000001e-10  1.195220265054585e+00 
 6.256000000000001e-10  1.195220265054568e+00 
 6.456000000000001e-10  1.195220265054551e+00 
 6.656000000000002e-10  1.195220265054534e+00 
 6.856000000000002e-10  1.195220265054517e+00 
 7.056000000000002e-10  1.195220265054500e+00 
 7.256000000000003e-10  1.195220265054483e+00 
 7.456000000000003e-10  1.195220265054466e+00 
 7.656000000000003e-10  1.195220265054450e+00 
 7.856000000000004e-10  1.195220265054433e+00 
 8.056000000000004e-10  1.195220265054416e+00 
 8.256000000000004e-10  1.195220265054400e+00 
 8.456000000000005e-10  1.195220265054383e+00 
 8.656000000000005e-10  1.195220265054367e+00 
 8.856000000000005e-10  1.195220265054350e+00 
 9.056000000000006e-10  1.195220265054333e+00 
 9.256000000000006e-10  1.195220265054316e+00 
 9.456000000000005e-10  1.195220265054299e+00 
 9.656000000000005e-10  1.195220265054283e+00 
 9.856000000000004e-10  1.195220265054266e+00 
 1.005600000000000e-09  1.195220265054249e+00 
 1.025600000000000e-09  1.195220265054232e+00 
 1.045600000000000e-09  1.195220265054216e+00 
 1.065600000000000e-09  1.195220265054199e+00 
 1.085600000000000e-09  1.195220265054183e+00 
 1.105600000000000e-09  1.195220265054166e+00 
 1.125600000000000e-09  1.195220265054149e+00 
 1.145600000000000e-09  1.195220265054133e+00 
 1.165600000000000e-09  1.195220265054117e+00 
 1.185600000000000e-09  1.195220265054101e+00 
 1.205600000000000e-09  1.195220265054085e+00 
 1.225600000000000e-09  1.195220265054069e+00 
 1.245600000000000e-09  1.195220265054053e+00 
 1.265599999999999e-09  1.195220265054037e+00 
 1.285599999999999e-09  1.195220265054021e+00 
 1.305599999999999e-09  1.195220265054005e+00 
 1.325599999999999e-09  1.195220265053989e+00 
 1.345599999999999e-09  1.195220265053973e+00 
 1.365599999999999e-09  1.195220265053957e+00 
 1.385599999999999e-09  1.195220265053941e+00 
 1.405599999999999e-09  1.195220265053926e+00 
 1.425599999999999e-09  1.195220265053910e+00 
 1.445599999999999e-09  1.195220265053894e+00 
 1.465599999999999e-09  1.195220265053878e+00 
 1.485599999999999e-09  1.195220265053862e+00 
 1.505599999999999e-09  1.195220265053846e+00 
 1.525599999999999e-09  1.195220265053831e+00 
 1.545599999999998e-09  1.195220265053815e+00 
 1.565599999999998e-09  1.195220265053799e+00 
 1.585599999999998e-09  1.195220265053784e+00 
 1.605599999999998e-09  1.195220265053768e+00 
 1.625599999999998e-09  1.195220265053752e+00 
 1.645599999999998e-09  1.195220265053737e+00 
 1.665599999999998e-09  1.195220265053721e+00 
 1.685599999999998e-09  1.195220265053706e+00 
 1.705599999999998e-09  1.195220265053690e+00 
 1.725599999999998e-09  1.195220265053675e+00 
 1.745599999999998e-09  1.195220265053660e+00 
 1.765599999999998e-09  1.195220265053644e+00 
 1.785599999999998e-09  1.195220265053629e+00 
 1.805599999999998e-09  1.195220265053613e+00 
 1.825599999999998e-09  1.195220265053598e+00 
 1.845599999999997e-09  1.195220265053582e+00 
 1.865599999999997e-09  1.195220265053567e+00 
 1.885599999999997e-09  1.195220265053552e+00 
 1.905599999999997e-09  1.195220265053537e+00 
 1.925599999999997e-09  1.195220265053522e+00 
 1.945599999999997e-09  1.195220265053507e+00 
 1.965599999999997e-09  1.195220265053492e+00 
 1.985599999999997e-09  1.195220265053477e+00 
 2.005599999999997e-09  1.195220265053462e+00 
 2.025599999999997e-09  1.195220265053446e+00 
 2.045599999999997e-09  1.195220265053431e+00 
 2.065599999999997e-09  1.195220265053416e+00 
 2.085599999999997e-09  1.195220265053401e+00 
 2.105599999999997e-09  1.195220265053386e+00 
 2.125599999999996e-09  1.195220265053371e+00 
 2.145599999999996e-09  1.195220265053356e+00 
 2.165599999999996e-09  1.195220265053341e+00 
 2.185599999999996e-09  1.195220265053326e+00 
 2.205599999999996e-09  1.195220265053311e+00 
 2.225599999999996e-09  1.195220265053296e+00 
 2.245599999999996e-09  1.195220265053281e+00 
 2.265599999999996e-09  1.195220265053267e+00 
 2.285599999999996e-09  1.195220265053252e+00 
 2.305599999999996e-09  1.195220265053237e+00 
 2.325599999999996e-09  1.195220265053223e+00 
 2.345599999999996e-09  1.195220265053208e+00 
 2.365599999999996e-09  1.195220265053194e+00 
 2.385599999999996e-09  1.195220265053179e+00 
 2.405599999999995e-09  1.195220265053165e+00 
 2.425599999999995e-09  1.195220265053150e+00 
 2.445599999999995e-09  1.195220265053136e+00 
 2.465599999999995e-09  1.195220265053122e+00 
 2.485599999999995e-09  1.195220265053107e+00 
 2.505599999999995e-09  1.195220265053093e+00 
 2.525599999999995e-09  1.195220265053079e+00 
 2.545599999999995e-09  1.195220265053065e+00 
 2.565599999999995e-09  1.195220265053051e+00 
 2.585599999999995e-09  1.195220265053037e+00 
 2.605599999999995e-09  1.195220265053023e+00 
 2.625599999999995e-09  1.195220265053009e+00 
 2.645599999999995e-09  1.195220265052994e+00 
 2.665599999999995e-09  1.195220265052980e+00 
 2.685599999999995e-09  1.195220265052966e+00 
 2.705599999999994e-09  1.195220265052952e+00 
 2.725599999999994e-09  1.195220265052938e+00 
 2.745599999999994e-09  1.195220265052924e+00 
 2.765599999999994e-09  1.195220265052910e+00 
 2.785599999999994e-09  1.195220265052896e+00 
 2.805599999999994e-09  1.195220265052882e+00 
 2.825599999999994e-09  1.195220265052867e+00 
 2.845599999999994e-09  1.195220265052853e+00 
 2.865599999999994e-09  1.195220265052840e+00 
 2.885599999999994e-09  1.195220265052826e+00 
 2.905599999999994e-09  1.195220265052812e+00 
 2.925599999999994e-09  1.195220265052798e+00 
 2.945599999999994e-09  1.195220265052784e+00 
 2.965599999999994e-09  1.195220265052771e+00 
 2.985599999999993e-09  1.195220265052757e+00 
 3.005599999999993e-09  1.195220265052744e+00 
 3.025599999999993e-09  1.195220265052731e+00 
 3.045599999999993e-09  1.195220265052718e+00 
 3.065599999999993e-09  1.195220265052704e+00 
 3.085599999999993e-09  1.195220265052691e+00 
 3.105599999999993e-09  1.195220265052678e+00 
 3.125599999999993e-09  1.195220265052664e+00 
 3.145599999999993e-09  1.195220265052651e+00 
 3.165599999999993e-09  1.195220265052638e+00 
 3.185599999999993e-09  1.195220265052624e+00 
 3.205599999999993e-09  1.195220265052611e+00 
 3.225599999999993e-09  1.195220265052598e+00 
 3.245599999999993e-09  1.195220265052584e+00 
 3.265599999999993e-09  1.195220265052571e+00 
 3.285599999999992e-09  1.195220265052558e+00 
 3.305599999999992e-09  1.195220265052544e+00 
 3.325599999999992e-09  1.195220265052531e+00 
 3.345599999999992e-09  1.195220265052518e+00 
 3.365599999999992e-09  1.195220265052504e+00 
 3.385599999999992e-09  1.195220265052491e+00 
 3.405599999999992e-09  1.195220265052478e+00 
 3.425599999999992e-09  1.195220265052464e+00 
 3.445599999999992e-09  1.195220265052451e+00 
 3.465599999999992e-09  1.195220265052438e+00 
 3.485599999999992e-09  1.195220265052425e+00 
 3.505599999999992e-09  1.195220265052412e+00 
 3.525599999999992e-09  1.195220265052399e+00 
 3.545599999999992e-09  1.195220265052386e+00 
 3.565599999999991e-09  1.195220265052373e+00 
 3.585599999999991e-09  1.195220265052361e+00 
 3.605599999999991e-09  1.195220265052348e+00 
 3.625599999999991e-09  1.195220265052335e+00 
 3.645599999999991e-09  1.195220265052323e+00 
 3.665599999999991e-09  1.195220265052310e+00 
 3.685599999999991e-09  1.195220265052297e+00 
 3.705599999999991e-09  1.195220265052285e+00 
 3.725599999999991e-09  1.195220265052273e+00 
 3.745599999999992e-09  1.195220265052260e+00 
 3.765599999999992e-09  1.195220265052247e+00 
 3.785599999999992e-09  1.195220265052235e+00 
 3.805599999999993e-09  1.195220265052223e+00 
 3.825599999999993e-09  1.195220265052211e+00 
 3.845599999999993e-09  1.195220265052199e+00 
 3.865599999999994e-09  1.195220265052186e+00 
 3.885599999999994e-09  1.195220265052174e+00 
 3.905599999999994e-09  1.195220265052162e+00 
 3.925599999999995e-09  1.195220265052150e+00 
 3.945599999999995e-09  1.195220265052138e+00 
 3.965599999999995e-09  1.195220265052126e+00 
 3.985599999999996e-09  1.195220265052113e+00 
 4.005599999999996e-09  1.195220265052100e+00 
 4.025599999999997e-09  1.195220265052088e+00 
 4.045599999999997e-09  1.195220265052075e+00 
 4.065599999999997e-09  1.195220265052063e+00 
 4.085599999999998e-09  1.195220265052050e+00 
 4.105599999999998e-09  1.195220265052038e+00 
 4.125599999999998e-09  1.195220265052026e+00 
 4.145599999999999e-09  1.195220265052014e+00 
 4.165599999999999e-09  1.195220265052001e+00 
 4.185599999999999e-09  1.195220265051989e+00 
 4.205600000000000e-09  1.195220265051977e+00 
 4.225600000000000e-09  1.195220265051964e+00 
 4.245600000000000e-09  1.195220265051952e+00 
 4.265600000000001e-09  1.195220265051940e+00 
 4.285600000000001e-09  1.195220265051929e+00 
 4.305600000000001e-09  1.195220265051916e+00 
 4.325600000000002e-09  1.195220265051905e+00 
 4.345600000000002e-09  1.195220265051893e+00 
 4.365600000000002e-09  1.195220265051881e+00 
 4.385600000000003e-09  1.195220265051869e+00 
 4.405600000000003e-09  1.195220265051858e+00 
 4.425600000000003e-09  1.195220265051846e+00 
 4.445600000000004e-09  1.195220265051834e+00 
 4.465600000000004e-09  1.195220265051823e+00 
 4.485600000000004e-09  1.195220265051811e+00 
 4.505600000000005e-09  1.195220265051800e+00 
 4.525600000000005e-09  1.195220265051789e+00 
 4.545600000000005e-09  1.195220265051777e+00 
 4.565600000000006e-09  1.195220265051766e+00 
 4.585600000000006e-09  1.195220265051754e+00 
 4.605600000000007e-09  1.195220265051743e+00 
 4.625600000000007e-09  1.195220265051731e+00 
 4.645600000000007e-09  1.195220265051720e+00 
 4.665600000000008e-09  1.195220265051709e+00 
 4.685600000000008e-09  1.195220265051697e+00 
 4.705600000000008e-09  1.195220265051686e+00 
 4.725600000000009e-09  1.195220265051674e+00 
 4.745600000000009e-09  1.195220265051663e+00 
 4.765600000000009e-09  1.195220265051651e+00 
 4.785600000000010e-09  1.195220265051640e+00 
 4.805600000000010e-09  1.195220265051628e+00 
 4.825600000000010e-09  1.195220265051617e+00 
 4.845600000000011e-09  1.195220265051606e+00 
 4.865600000000011e-09  1.195220265051594e+00 
 4.885600000000011e-09  1.195220265051583e+00 
 4.905600000000012e-09  1.195220265051572e+00 
 4.925600000000012e-09  1.195220265051560e+00 
 4.945600000000012e-09  1.195220265051549e+00 
 4.965600000000013e-09  1.195220265051538e+00 
 4.985600000000013e-09  1.195220265051526e+00 
 5.005600000000013e-09  1.195220265051515e+00 
 5.025600000000014e-09  1.195220265051504e+00 
 5.045600000000014e-09  1.195220265051493e+00 
 5.065600000000014e-09  1.195220265051482e+00 
 5.085600000000015e-09  1.195220265051470e+00 
 5.105600000000015e-09  1.195220265051459e+00 
 5.125600000000015e-09  1.195220265051449e+00 
 5.145600000000016e-09  1.195220265051437e+00 
 5.165600000000016e-09  1.195220265051426e+00 
 5.185600000000017e-09  1.195220265051415e+00 
 5.205600000000017e-09  1.195220265051404e+00 
 5.225600000000017e-09  1.195220265051393e+00 
 5.245600000000018e-09  1.195220265051382e+00 
 5.265600000000018e-09  1.195220265051371e+00 
 5.285600000000018e-09  1.195220265051361e+00 
 5.305600000000019e-09  1.195220265051350e+00 
 5.325600000000019e-09  1.195220265051340e+00 
 5.345600000000019e-09  1.195220265051329e+00 
 5.365600000000020e-09  1.195220265051319e+00 
 5.385600000000020e-09  1.195220265051308e+00 
 5.405600000000020e-09  1.195220265051297e+00 
 5.425600000000021e-09  1.195220265051287e+00 
 5.445600000000021e-09  1.195220265051276e+00 
 5.465600000000021e-09  1.195220265051266e+00 
 5.485600000000022e-09  1.195220265051255e+00 
 5.505600000000022e-09  1.195220265051245e+00 
 5.525600000000022e-09  1.195220265051234e+00 
 5.545600000000023e-09  1.195220265051224e+00 
 5.565600000000023e-09  1.195220265051213e+00 
 5.585600000000023e-09  1.195220265051202e+00 
 5.605600000000024e-09  1.195220265051191e+00 
 5.625600000000024e-09  1.195220265051179e+00 
 5.645600000000024e-09  1.195220265051168e+00 
 5.665600000000025e-09  1.195220265051158e+00 
 5.685600000000025e-09  1.195220265051147e+00 
 5.705600000000025e-09  1.195220265051137e+00 
 5.725600000000026e-09  1.195220265051126e+00 
 5.745600000000026e-09  1.195220265051116e+00 
 5.765600000000026e-09  1.195220265051105e+00 
 5.785600000000027e-09  1.195220265051095e+00 
 5.805600000000027e-09  1.195220265051085e+00 
 5.825600000000028e-09  1.195220265051075e+00 
 5.845600000000028e-09  1.195220265051065e+00 
 5.865600000000028e-09  1.195220265051055e+00 
 5.885600000000029e-09  1.195220265051045e+00 
 5.905600000000029e-09  1.195220265051034e+00 
 5.925600000000029e-09  1.195220265051024e+00 
 5.945600000000030e-09  1.195220265051014e+00 
 5.965600000000030e-09  1.195220265051003e+00 
 5.985600000000030e-09  1.195220265050993e+00 
 6.005600000000031e-09  1.195220265050983e+00 
 6.025600000000031e-09  1.195220265050974e+00 
 6.045600000000031e-09  1.195220265050964e+00 
 6.065600000000032e-09  1.195220265050954e+00 
 6.085600000000032e-09  1.195220265050944e+00 
 6.105600000000032e-09  1.195220265050934e+00 
 6.125600000000033e-09  1.195220265050924e+00 
 6.145600000000033e-09  1.195220265050915e+00 
 6.165600000000033e-09  1.195220265050905e+00 
 6.185600000000034e-09  1.195220265050895e+00 
 6.205600000000034e-09  1.195220265050885e+00 
 6.225600000000034e-09  1.195220265050876e+00 
 6.245600000000035e-09  1.195220265050866e+00 
 6.265600000000035e-09  1.195220265050856e+00 
 6.285600000000035e-09  1.195220265050847e+00 
 6.305600000000036e-09  1.195220265050838e+00 
 6.325600000000036e-09  1.195220265050828e+00 
 6.345600000000036e-09  1.195220265050818e+00 
 6.365600000000037e-09  1.195220265050809e+00 
 6.385600000000037e-09  1.195220265050799e+00 
 6.405600000000038e-09  1.195220265050789e+00 
 6.425600000000038e-09  1.195220265050780e+00 
 6.445600000000038e-09  1.195220265050770e+00 
 6.465600000000039e-09  1.195220265050760e+00 
 6.485600000000039e-09  1.195220265050750e+00 
 6.505600000000039e-09  1.195220265050740e+00 
 6.525600000000040e-09  1.195220265050731e+00 
 6.545600000000040e-09  1.195220265050721e+00 
 6.565600000000040e-09  1.195220265050711e+00 
 6.585600000000041e-09  1.195220265050702e+00 
 6.605600000000041e-09  1.195220265050692e+00 
 6.625600000000041e-09  1.195220265050682e+00 
 6.645600000000042e-09  1.195220265050673e+00 
 6.665600000000042e-09  1.195220265050663e+00 
 6.685600000000042e-09  1.195220265050654e+00 
 6.705600000000043e-09  1.195220265050644e+00 
 6.725600000000043e-09  1.195220265050635e+00 
 6.745600000000043e-09  1.195220265050625e+00 
 6.765600000000044e-09  1.195220265050616e+00 
 6.785600000000044e-09  1.195220265050606e+00 
 6.805600000000044e-09  1.195220265050597e+00 
 6.825600000000045e-09  1.195220265050588e+00 
 6.845600000000045e-09  1.195220265050579e+00 
 6.865600000000045e-09  1.195220265050569e+00 
 6.885600000000046e-09  1.195220265050560e+00 
 6.905600000000046e-09  1.195220265050551e+00 
 6.925600000000046e-09  1.195220265050542e+00 
 6.945600000000047e-09  1.195220265050533e+00 
 6.965600000000047e-09  1.195220265050525e+00 
 6.985600000000048e-09  1.195220265050516e+00 
 7.005600000000048e-09  1.195220265050507e+00 
 7.025600000000048e-09  1.195220265050498e+00 
 7.045600000000049e-09  1.195220265050489e+00 
 7.065600000000049e-09  1.195220265050480e+00 
 7.085600000000049e-09  1.195220265050471e+00 
 7.105600000000050e-09  1.195220265050462e+00 
 7.125600000000050e-09  1.195220265050453e+00 
 7.145600000000050e-09  1.195220265050444e+00 
 7.165600000000051e-09  1.195220265050435e+00 
 7.185600000000051e-09  1.195220265050426e+00 
 7.205600000000051e-09  1.195220265050418e+00 
 7.225600000000052e-09  1.195220265050409e+00 
 7.245600000000052e-09  1.195220265050400e+00 
 7.265600000000052e-09  1.195220265050391e+00 
 7.285600000000053e-09  1.195220265050382e+00 
 7.305600000000053e-09  1.195220265050373e+00 
 7.325600000000053e-09  1.195220265050364e+00 
 7.345600000000054e-09  1.195220265050355e+00 
 7.365600000000054e-09  1.195220265050346e+00 
 7.385600000000054e-09  1.195220265050337e+00 
 7.405600000000055e-09  1.195220265050328e+00 
 7.425600000000055e-09  1.195220265050319e+00 
 7.445600000000055e-09  1.195220265050311e+00 
 7.465600000000055e-09  1.195220265050302e+00 
 7.485600000000054e-09  1.195220265050293e+00 
 7.505600000000054e-09  1.195220265050284e+00 
 7.525600000000054e-09  1.195220265050275e+00 
 7.545600000000053e-09  1.195220265050266e+00 
 7.565600000000053e-09  1.195220265050257e+00 
 7.585600000000052e-09  1.195220265050248e+00 
 7.605600000000052e-09  1.195220265050239e+00 
 7.625600000000051e-09  1.195220265050231e+00 
 7.645600000000051e-09  1.195220265050222e+00 
 7.665600000000050e-09  1.195220265050213e+00 
 7.685600000000050e-09  1.195220265050204e+00 
 7.705600000000049e-09  1.195220265050196e+00 
 7.725600000000049e-09  1.195220265050187e+00 
 7.745600000000048e-09  1.195220265050179e+00 
 7.765600000000048e-09  1.195220265050170e+00 
 7.785600000000047e-09  1.195220265050162e+00 
 7.805600000000047e-09  1.195220265050153e+00 
 7.825600000000046e-09  1.195220265050145e+00 
 7.845600000000046e-09  1.195220265050137e+00 
 7.865600000000045e-09  1.195220265050128e+00 
 7.885600000000045e-09  1.195220265050120e+00 
 7.905600000000044e-09  1.195220265050112e+00 
 7.925600000000044e-09  1.195220265050103e+00 
 7.945600000000043e-09  1.195220265050095e+00 
 7.965600000000043e-09  1.195220265050087e+00 
 7.985600000000042e-09  1.195220265050079e+00 
 8.005600000000042e-09  1.195220265050071e+00 
 8.025600000000041e-09  1.195220265050063e+00 
 8.045600000000041e-09  1.195220265050055e+00 
 8.065600000000040e-09  1.195220265050046e+00 
 8.085600000000040e-09  1.195220265050038e+00 
 8.105600000000040e-09  1.195220265050030e+00 
 8.125600000000039e-09  1.195220265050023e+00 
 8.145600000000039e-09  1.195220265050015e+00 
 8.165600000000038e-09  1.195220265050007e+00 
 8.185600000000038e-09  1.195220265049999e+00 
 8.205600000000037e-09  1.195220265049992e+00 
 8.225600000000037e-09  1.195220265049984e+00 
 8.245600000000036e-09  1.195220265049976e+00 
 8.265600000000036e-09  1.195220265049968e+00 
 8.285600000000035e-09  1.195220265049961e+00 
 8.305600000000035e-09  1.195220265049953e+00 
 8.325600000000034e-09  1.195220265049945e+00 
 8.345600000000034e-09  1.195220265049938e+00 
 8.365600000000033e-09  1.195220265049930e+00 
 8.385600000000033e-09  1.195220265049923e+00 
 8.405600000000032e-09  1.195220265049915e+00 
 8.425600000000032e-09  1.195220265049908e+00 
 8.445600000000031e-09  1.195220265049899e+00 
 8.465600000000031e-09  1.195220265049891e+00 
 8.485600000000030e-09  1.195220265049883e+00 
 8.505600000000030e-09  1.195220265049875e+00 
 8.525600000000029e-09  1.195220265049867e+00 
 8.545600000000029e-09  1.195220265049859e+00 
 8.565600000000028e-09  1.195220265049851e+00 
 8.585600000000028e-09  1.195220265049843e+00 
 8.605600000000027e-09  1.195220265049835e+00 
 8.625600000000027e-09  1.195220265049828e+00 
 8.645600000000026e-09  1.195220265049820e+00 
 8.665600000000026e-09  1.195220265049812e+00 
 8.685600000000026e-09  1.195220265049804e+00 
 8.705600000000025e-09  1.195220265049797e+00 
 8.725600000000025e-09  1.195220265049789e+00 
 8.745600000000024e-09  1.195220265049781e+00 
 8.765600000000024e-09  1.195220265049774e+00 
 8.785600000000023e-09  1.195220265049766e+00 
 8.805600000000023e-09  1.195220265049758e+00 
 8.825600000000022e-09  1.195220265049751e+00 
 8.845600000000022e-09  1.195220265049743e+00 
 8.865600000000021e-09  1.195220265049736e+00 
 8.885600000000021e-09  1.195220265049729e+00 
 8.905600000000020e-09  1.195220265049721e+00 
 8.925600000000020e-09  1.195220265049713e+00 
 8.945600000000019e-09  1.195220265049706e+00 
 8.965600000000019e-09  1.195220265049699e+00 
 8.985600000000018e-09  1.195220265049691e+00 
 9.005600000000018e-09  1.195220265049684e+00 
 9.025600000000017e-09  1.195220265049676e+00 
 9.045600000000017e-09  1.195220265049669e+00 
 9.065600000000016e-09  1.195220265049662e+00 
 9.085600000000016e-09  1.195220265049654e+00 
 9.105600000000015e-09  1.195220265049647e+00 
 9.125600000000015e-09  1.195220265049640e+00 
 9.145600000000014e-09  1.195220265049633e+00 
 9.165600000000014e-09  1.195220265049626e+00 
 9.185600000000013e-09  1.195220265049618e+00 
 9.205600000000013e-09  1.195220265049611e+00 
 9.225600000000012e-09  1.195220265049604e+00 
 9.245600000000012e-09  1.195220265049597e+00 
 9.265600000000012e-09  1.195220265049590e+00 
 9.285600000000011e-09  1.195220265049583e+00 
 9.305600000000011e-09  1.195220265049576e+00 
 9.325600000000010e-09  1.195220265049569e+00 
 9.345600000000010e-09  1.195220265049562e+00 
 9.365600000000009e-09  1.195220265049555e+00 
 9.385600000000009e-09  1.195220265049548e+00 
 9.405600000000008e-09  1.195220265049542e+00 
 9.425600000000008e-09  1.195220265049535e+00 
 9.445600000000007e-09  1.195220265049528e+00 
 9.465600000000007e-09  1.195220265049522e+00 
 9.485600000000006e-09  1.195220265049515e+00 
 9.505600000000006e-09  1.195220265049509e+00 
 9.525600000000005e-09  1.195220265049502e+00 
 9.545600000000005e-09  1.195220265049495e+00 
 9.565600000000004e-09  1.195220265049489e+00 
 9.585600000000004e-09  1.195220265049482e+00 
 9.605600000000003e-09  1.195220265049475e+00 
 9.625600000000003e-09  1.195220265049469e+00 
 9.645600000000002e-09  1.195220265049462e+00 
 9.665600000000002e-09  1.195220265049455e+00 
 9.685600000000001e-09  1.195220265049447e+00 
 9.705600000000001e-09  1.195220265049440e+00 
 9.725600000000000e-09  1.195220265049433e+00 
 9.745600000000000e-09  1.195220265049426e+00 
 9.765599999999999e-09  1.195220265049419e+00 
 9.785599999999999e-09  1.195220265049411e+00 
 9.805599999999998e-09  1.195220265049404e+00 
 9.825599999999998e-09  1.195220265049397e+00 
 9.845599999999998e-09  1.195220265049391e+00 
 9.865599999999997e-09  1.195220265049384e+00 
 9.885599999999997e-09  1.195220265049377e+00 
 9.905599999999996e-09  1.195220265049370e+00 
 9.925599999999996e-09  1.195220265049363e+00 
 9.945599999999995e-09  1.195220265049357e+00 
 9.965599999999995e-09  1.195220265049350e+00 
 9.985599999999994e-09  1.195220265049343e+00 
 1.000559999999999e-08  1.195220265049337e+00 
 1.002559999999999e-08  1.195220265049330e+00 
 1.004559999999999e-08  1.195220265049323e+00 
 1.006559999999999e-08  1.195220265049317e+00 
 1.008559999999999e-08  1.195220265049310e+00 
 1.010559999999999e-08  1.195220265049303e+00 
 1.012559999999999e-08  1.195220265049297e+00 
 1.014559999999999e-08  1.195220265049290e+00 
 1.016559999999999e-08  1.195220265049283e+00 
 1.018559999999999e-08  1.195220265049277e+00 
 1.020559999999999e-08  1.195220265049270e+00 
 1.022559999999999e-08  1.195220265049263e+00 
 1.024559999999999e-08  1.195220265049257e+00 
 1.026559999999999e-08  1.195220265049250e+00 
 1.028559999999999e-08  1.195220265049243e+00 
 1.030559999999999e-08  1.195220265049237e+00 
 1.032559999999999e-08  1.195220265049230e+00 
 1.034559999999999e-08  1.195220265049224e+00 
 1.036559999999998e-08  1.195220265049217e+00 
 1.038559999999998e-08  1.195220265049211e+00 
 1.040559999999998e-08  1.195220265049204e+00 
 1.042559999999998e-08  1.195220265049198e+00 
 1.044559999999998e-08  1.195220265049191e+00 
 1.046559999999998e-08  1.195220265049185e+00 
 1.048559999999998e-08  1.195220265049179e+00 
 1.050559999999998e-08  1.195220265049172e+00 
 1.052559999999998e-08  1.195220265049166e+00 
 1.054559999999998e-08  1.195220265049160e+00 
 1.056559999999998e-08  1.195220265049153e+00 
 1.058559999999998e-08  1.195220265049147e+00 
 1.060559999999998e-08  1.195220265049141e+00 
 1.062559999999998e-08  1.195220265049135e+00 
 1.064559999999998e-08  1.195220265049128e+00 
 1.066559999999998e-08  1.195220265049122e+00 
 1.068559999999998e-08  1.195220265049115e+00 
 1.070559999999998e-08  1.195220265049109e+00 
 1.072559999999998e-08  1.195220265049103e+00 
 1.074559999999998e-08  1.195220265049097e+00 
 1.076559999999998e-08  1.195220265049091e+00 
 1.078559999999997e-08  1.195220265049084e+00 
 1.080559999999997e-08  1.195220265049078e+00 
 1.082559999999997e-08  1.195220265049072e+00 
 1.084559999999997e-08  1.195220265049066e+00 
 1.086559999999997e-08  1.195220265049060e+00 
 1.088559999999997e-08  1.195220265049054e+00 
 1.090559999999997e-08  1.195220265049048e+00 
 1.092559999999997e-08  1.195220265049042e+00 
 1.094559999999997e-08  1.195220265049036e+00 
 1.096559999999997e-08  1.195220265049030e+00 
 1.098559999999997e-08  1.195220265049023e+00 
 1.100559999999997e-08  1.195220265049017e+00 
 1.102559999999997e-08  1.195220265049010e+00 
 1.104559999999997e-08  1.195220265049004e+00 
 1.106559999999997e-08  1.195220265048997e+00 
 1.108559999999997e-08  1.195220265048990e+00 
 1.110559999999997e-08  1.195220265048984e+00 
 1.112559999999997e-08  1.195220265048978e+00 
 1.114559999999997e-08  1.195220265048972e+00 
 1.116559999999997e-08  1.195220265048965e+00 
 1.118559999999997e-08  1.195220265048959e+00 
 1.120559999999996e-08  1.195220265048953e+00 
 1.122559999999996e-08  1.195220265048947e+00 
 1.124559999999996e-08  1.195220265048941e+00 
 1.126559999999996e-08  1.195220265048934e+00 
 1.128559999999996e-08  1.195220265048928e+00 
 1.130559999999996e-08  1.195220265048922e+00 
 1.132559999999996e-08  1.195220265048916e+00 
 1.134559999999996e-08  1.195220265048910e+00 
 1.136559999999996e-08  1.195220265048903e+00 
 1.138559999999996e-08  1.195220265048897e+00 
 1.140559999999996e-08  1.195220265048891e+00 
 1.142559999999996e-08  1.195220265048885e+00 
 1.144559999999996e-08  1.195220265048879e+00 
 1.146559999999996e-08  1.195220265048873e+00 
 1.148559999999996e-08  1.195220265048867e+00 
 1.150559999999996e-08  1.195220265048861e+00 
 1.152559999999996e-08  1.195220265048856e+00 
 1.154559999999996e-08  1.195220265048850e+00 
 1.156559999999996e-08  1.195220265048844e+00 
 1.158559999999996e-08  1.195220265048838e+00 
 1.160559999999996e-08  1.195220265048832e+00 
 1.162559999999995e-08  1.195220265048826e+00 
 1.164559999999995e-08  1.195220265048820e+00 
 1.166559999999995e-08  1.195220265048814e+00 
 1.168559999999995e-08  1.195220265048809e+00 
 1.170559999999995e-08  1.195220265048803e+00 
 1.172559999999995e-08  1.195220265048798e+00 
 1.174559999999995e-08  1.195220265048792e+00 
 1.176559999999995e-08  1.195220265048786e+00 
 1.178559999999995e-08  1.195220265048780e+00 
 1.180559999999995e-08  1.195220265048774e+00 
 1.182559999999995e-08  1.195220265048768e+00 
 1.184559999999995e-08  1.195220265048762e+00 
 1.186559999999995e-08  1.195220265048757e+00 
 1.188559999999995e-08  1.195220265048751e+00 
 1.190559999999995e-08  1.195220265048745e+00 
 1.192559999999995e-08  1.195220265048740e+00 
 1.194559999999995e-08  1.195220265048734e+00 
 1.196559999999995e-08  1.195220265048729e+00 
 1.198559999999995e-08  1.195220265048723e+00 
 1.200559999999995e-08  1.195220265048718e+00 
 1.202559999999994e-08  1.195220265048712e+00 
 1.204559999999994e-08  1.195220265048707e+00 
 1.206559999999994e-08  1.195220265048701e+00 
 1.208559999999994e-08  1.195220265048695e+00 
 1.210559999999994e-08  1.195220265048690e+00 
 1.212559999999994e-08  1.195220265048684e+00 
 1.214559999999994e-08  1.195220265048679e+00 
 1.216559999999994e-08  1.195220265048674e+00 
 1.218559999999994e-08  1.195220265048669e+00 
 1.220559999999994e-08  1.195220265048663e+00 
 1.222559999999994e-08  1.195220265048658e+00 
 1.224559999999994e-08  1.195220265048652e+00 
 1.226559999999994e-08  1.195220265048647e+00 
 1.228559999999994e-08  1.195220265048642e+00 
 1.230559999999994e-08  1.195220265048637e+00 
 1.232559999999994e-08  1.195220265048632e+00 
 1.234559999999994e-08  1.195220265048627e+00 
 1.236559999999994e-08  1.195220265048621e+00 
 1.238559999999994e-08  1.195220265048616e+00 
 1.240559999999994e-08  1.195220265048611e+00 
 1.242559999999994e-08  1.195220265048605e+00 
 1.244559999999993e-08  1.195220265048600e+00 
 1.246559999999993e-08  1.195220265048595e+00 
 1.248559999999993e-08  1.195220265048590e+00 
 1.250559999999993e-08  1.195220265048585e+00 
 1.252559999999993e-08  1.195220265048579e+00 
 1.254559999999993e-08  1.195220265048574e+00 
 1.256559999999993e-08  1.195220265048568e+00 
 1.258559999999993e-08  1.195220265048563e+00 
 1.260559999999993e-08  1.195220265048557e+00 
 1.262559999999993e-08  1.195220265048552e+00 
 1.264559999999993e-08  1.195220265048546e+00 
 1.266559999999993e-08  1.195220265048540e+00 
 1.268559999999993e-08  1.195220265048535e+00 
 1.270559999999993e-08  1.195220265048529e+00 
 1.272559999999993e-08  1.195220265048524e+00 
 1.274559999999993e-08  1.195220265048519e+00 
 1.276559999999993e-08  1.195220265048513e+00 
 1.278559999999993e-08  1.195220265048508e+00 
 1.280559999999993e-08  1.195220265048502e+00 
 1.282559999999993e-08  1.195220265048497e+00 
 1.284559999999993e-08  1.195220265048492e+00 
 1.286559999999992e-08  1.195220265048487e+00 
 1.288559999999992e-08  1.195220265048482e+00 
 1.290559999999992e-08  1.195220265048476e+00 
 1.292559999999992e-08  1.195220265048471e+00 
 1.294559999999992e-08  1.195220265048466e+00 
 1.296559999999992e-08  1.195220265048460e+00 
 1.298559999999992e-08  1.195220265048455e+00 
 1.300559999999992e-08  1.195220265048450e+00 
 1.302559999999992e-08  1.195220265048445e+00 
 1.304559999999992e-08  1.195220265048440e+00 
 1.306559999999992e-08  1.195220265048435e+00 
 1.308559999999992e-08  1.195220265048430e+00 
 1.310559999999992e-08  1.195220265048424e+00 
 1.312559999999992e-08  1.195220265048419e+00 
 1.314559999999992e-08  1.195220265048414e+00 
 1.316559999999992e-08  1.195220265048409e+00 
 1.318559999999992e-08  1.195220265048404e+00 
 1.320559999999992e-08  1.195220265048399e+00 
 1.322559999999992e-08  1.195220265048394e+00 
 1.324559999999992e-08  1.195220265048389e+00 
 1.326559999999991e-08  1.195220265048384e+00 
 1.328559999999991e-08  1.195220265048379e+00 
 1.330559999999991e-08  1.195220265048374e+00 
 1.332559999999991e-08  1.195220265048369e+00 
 1.334559999999991e-08  1.195220265048364e+00 
 1.336559999999991e-08  1.195220265048359e+00 
 1.338559999999991e-08  1.195220265048355e+00 
 1.340559999999991e-08  1.195220265048350e+00 
 1.342559999999991e-08  1.195220265048345e+00 
 1.344559999999991e-08  1.195220265048340e+00 
 1.346559999999991e-08  1.195220265048335e+00 
 1.348559999999991e-08  1.195220265048330e+00 
 1.350559999999991e-08  1.195220265048326e+00 
 1.352559999999991e-08  1.195220265048321e+00 
 1.354559999999991e-08  1.195220265048317e+00 
 1.356559999999991e-08  1.195220265048313e+00 
 1.358559999999991e-08  1.195220265048308e+00 
 1.360559999999991e-08  1.195220265048304e+00 
 1.362559999999991e-08  1.195220265048299e+00 
 1.364559999999991e-08  1.195220265048295e+00 
 1.366559999999991e-08  1.195220265048290e+00 
 1.368559999999990e-08  1.195220265048286e+00 
 1.370559999999990e-08  1.195220265048281e+00 
 1.372559999999990e-08  1.195220265048277e+00 
 1.374559999999990e-08  1.195220265048273e+00 
 1.376559999999990e-08  1.195220265048268e+00 
 1.378559999999990e-08  1.195220265048264e+00 
 1.380559999999990e-08  1.195220265048259e+00 
 1.382559999999990e-08  1.195220265048255e+00 
 1.384559999999990e-08  1.195220265048250e+00 
 1.386559999999990e-08  1.195220265048246e+00 
 1.388559999999990e-08  1.195220265048242e+00 
 1.390559999999990e-08  1.195220265048237e+00 
 1.392559999999990e-08  1.195220265048233e+00 
 1.394559999999990e-08  1.195220265048228e+00 
 1.396559999999990e-08  1.195220265048224e+00 
 1.398559999999990e-08  1.195220265048219e+00 
 1.400559999999990e-08  1.195220265048215e+00 
 1.402559999999990e-08  1.195220265048211e+00 
 1.404559999999990e-08  1.195220265048206e+00 
 1.406559999999990e-08  1.195220265048202e+00 
 1.408559999999990e-08  1.195220265048198e+00 
 1.410559999999989e-08  1.195220265048193e+00 
 1.412559999999989e-08  1.195220265048189e+00 
 1.414559999999989e-08  1.195220265048184e+00 
 1.416559999999989e-08  1.195220265048180e+00 
 1.418559999999989e-08  1.195220265048175e+00 
 1.420559999999989e-08  1.195220265048171e+00 
 1.422559999999989e-08  1.195220265048166e+00 
 1.424559999999989e-08  1.195220265048162e+00 
 1.426559999999989e-08  1.195220265048158e+00 
 1.428559999999989e-08  1.195220265048153e+00 
 1.430559999999989e-08  1.195220265048149e+00 
 1.432559999999989e-08  1.195220265048144e+00 
 1.434559999999989e-08  1.195220265048140e+00 
 1.436559999999989e-08  1.195220265048135e+00 
 1.438559999999989e-08  1.195220265048130e+00 
 1.440559999999989e-08  1.195220265048126e+00 
 1.442559999999989e-08  1.195220265048121e+00 
 1.444559999999989e-08  1.195220265048117e+00 
 1.446559999999989e-08  1.195220265048112e+00 
 1.448559999999989e-08  1.195220265048108e+00 
 1.450559999999989e-08  1.195220265048103e+00 
 1.452559999999988e-08  1.195220265048099e+00 
 1.454559999999988e-08  1.195220265048095e+00 
 1.456559999999988e-08  1.195220265048090e+00 
 1.458559999999988e-08  1.195220265048086e+00 
 1.460559999999988e-08  1.195220265048081e+00 
 1.462559999999988e-08  1.195220265048077e+00 
 1.464559999999988e-08  1.195220265048072e+00 
 1.466559999999988e-08  1.195220265048068e+00 
 1.468559999999988e-08  1.195220265048063e+00 
 1.470559999999988e-08  1.195220265048059e+00 
 1.472559999999988e-08  1.195220265048055e+00 
 1.474559999999988e-08  1.195220265048050e+00 
 1.476559999999988e-08  1.195220265048046e+00 
 1.478559999999988e-08  1.195220265048041e+00 
 1.480559999999988e-08  1.195220265048037e+00 
 1.482559999999988e-08  1.195220265048032e+00 
 1.484559999999988e-08  1.195220265048028e+00 
 1.486559999999988e-08  1.195220265048023e+00 
 1.488559999999988e-08  1.195220265048019e+00 
 1.490559999999988e-08  1.195220265048015e+00 
 1.492559999999988e-08  1.195220265048010e+00 
 1.494559999999988e-08  1.195220265048006e+00 
 1.496559999999988e-08  1.195220265048001e+00 
 1.498559999999988e-08  1.195220265047997e+00 
 1.500559999999987e-08  1.195220265047992e+00 
 1.502559999999987e-08  1.195220265047988e+00 
 1.504559999999987e-08  1.195220265047984e+00 
 1.506559999999987e-08  1.195220265047980e+00 
 1.508559999999987e-08  1.195220265047975e+00 
 1.510559999999987e-08  1.195220265047971e+00 
 1.512559999999987e-08  1.195220265047966e+00 
 1.514559999999987e-08  1.195220265047963e+00 
 1.516559999999987e-08  1.195220265047959e+00 
 1.518559999999987e-08  1.195220265047954e+00 
 1.520559999999987e-08  1.195220265047950e+00 
 1.522559999999987e-08  1.195220265047946e+00 
 1.524559999999987e-08  1.195220265047942e+00 
 1.526559999999987e-08  1.195220265047937e+00 
 1.528559999999987e-08  1.195220265047933e+00 
 1.530559999999987e-08  1.195220265047929e+00 
 1.532559999999987e-08  1.195220265047925e+00 
 1.534559999999987e-08  1.195220265047921e+00 
 1.536559999999987e-08  1.195220265047917e+00 
 1.538559999999987e-08  1.195220265047912e+00 
 1.540559999999986e-08  1.195220265047908e+00 
 1.542559999999986e-08  1.195220265047904e+00 
 1.544559999999986e-08  1.195220265047900e+00 
 1.546559999999986e-08  1.195220265047896e+00 
 1.548559999999986e-08  1.195220265047893e+00 
 1.550559999999986e-08  1.195220265047889e+00 
 1.552559999999986e-08  1.195220265047886e+00 
 1.554559999999986e-08  1.195220265047882e+00 
 1.556559999999986e-08  1.195220265047878e+00 
 1.558559999999986e-08  1.195220265047874e+00 
 1.560559999999986e-08  1.195220265047870e+00 
 1.562559999999986e-08  1.195220265047867e+00 
 1.564559999999986e-08  1.195220265047863e+00 
 1.566559999999986e-08  1.195220265047859e+00 
 1.568559999999986e-08  1.195220265047856e+00 
 1.570559999999986e-08  1.195220265047852e+00 
 1.572559999999986e-08  1.195220265047848e+00 
 1.574559999999986e-08  1.195220265047845e+00 
 1.576559999999986e-08  1.195220265047841e+00 
 1.578559999999986e-08  1.195220265047837e+00 
 1.580559999999986e-08  1.195220265047834e+00 
 1.582559999999985e-08  1.195220265047830e+00 
 1.584559999999985e-08  1.195220265047827e+00 
 1.586559999999985e-08  1.195220265047823e+00 
 1.588559999999985e-08  1.195220265047820e+00 
 1.590559999999985e-08  1.195220265047816e+00 
 1.592559999999985e-08  1.195220265047813e+00 
 1.594559999999985e-08  1.195220265047809e+00 
 1.596559999999985e-08  1.195220265047805e+00 
 1.598559999999985e-08  1.195220265047802e+00 
 1.600559999999985e-08  1.195220265047798e+00 
 1.602559999999985e-08  1.195220265047795e+00 
 1.604559999999985e-08  1.195220265047791e+00 
 1.606559999999985e-08  1.195220265047788e+00 
 1.608559999999985e-08  1.195220265047784e+00 
 1.610559999999985e-08  1.195220265047780e+00 
 1.612559999999985e-08  1.195220265047777e+00 
 1.614559999999985e-08  1.195220265047773e+00 
 1.616559999999985e-08  1.195220265047770e+00 
 1.618559999999985e-08  1.195220265047766e+00 
 1.620559999999985e-08  1.195220265047763e+00 
 1.622559999999985e-08  1.195220265047759e+00 
 1.624559999999984e-08  1.195220265047756e+00 
 1.626559999999984e-08  1.195220265047753e+00 
 1.628559999999984e-08  1.195220265047749e+00 
 1.630559999999984e-08  1.195220265047746e+00 
 1.632559999999984e-08  1.195220265047743e+00 
 1.634559999999984e-08  1.195220265047739e+00 
 1.636559999999984e-08  1.195220265047736e+00 
 1.638559999999984e-08  1.195220265047733e+00 
 1.640559999999984e-08  1.195220265047729e+00 
 1.642559999999984e-08  1.195220265047726e+00 
 1.644559999999984e-08  1.195220265047723e+00 
 1.646559999999984e-08  1.195220265047719e+00 
 1.648559999999984e-08  1.195220265047716e+00 
 1.650559999999984e-08  1.195220265047713e+00 
 1.652559999999984e-08  1.195220265047710e+00 
 1.654559999999984e-08  1.195220265047706e+00 
 1.656559999999984e-08  1.195220265047703e+00 
 1.658559999999984e-08  1.195220265047700e+00 
 1.660559999999984e-08  1.195220265047697e+00 
 1.662559999999984e-08  1.195220265047693e+00 
 1.664559999999984e-08  1.195220265047690e+00 
 1.666559999999983e-08  1.195220265047686e+00 
 1.668559999999983e-08  1.195220265047682e+00 
 1.670559999999983e-08  1.195220265047679e+00 
 1.672559999999983e-08  1.195220265047675e+00 
 1.674559999999983e-08  1.195220265047672e+00 
 1.676559999999983e-08  1.195220265047668e+00 
 1.678559999999983e-08  1.195220265047664e+00 
 1.680559999999983e-08  1.195220265047660e+00 
 1.682559999999983e-08  1.195220265047657e+00 
 1.684559999999983e-08  1.195220265047654e+00 
 1.686559999999983e-08  1.195220265047650e+00 
 1.688559999999983e-08  1.195220265047646e+00 
 1.690559999999983e-08  1.195220265047643e+00 
 1.692559999999983e-08  1.195220265047639e+00 
 1.694559999999983e-08  1.195220265047636e+00 
 1.696559999999983e-08  1.195220265047632e+00 
 1.698559999999983e-08  1.195220265047629e+00 
 1.700559999999983e-08  1.195220265047625e+00 
 1.702559999999983e-08  1.195220265047622e+00 
 1.704559999999983e-08  1.195220265047618e+00 
 1.706559999999982e-08  1.195220265047615e+00 
 1.708559999999982e-08  1.195220265047612e+00 
 1.710559999999982e-08  1.195220265047608e+00 
 1.712559999999982e-08  1.195220265047605e+00 
 1.714559999999982e-08  1.195220265047601e+00 
 1.716559999999982e-08  1.195220265047598e+00 
 1.718559999999982e-08  1.195220265047594e+00 
 1.720559999999982e-08  1.195220265047591e+00 
 1.722559999999982e-08  1.195220265047588e+00 
 1.724559999999982e-08  1.195220265047584e+00 
 1.726559999999982e-08  1.195220265047581e+00 
 1.728559999999982e-08  1.195220265047578e+00 
 1.730559999999982e-08  1.195220265047574e+00 
 1.732559999999982e-08  1.195220265047571e+00 
 1.734559999999982e-08  1.195220265047568e+00 
 1.736559999999982e-08  1.195220265047565e+00 
 1.738559999999982e-08  1.195220265047561e+00 
 1.740559999999982e-08  1.195220265047558e+00 
 1.742559999999982e-08  1.195220265047554e+00 
 1.744559999999982e-08  1.195220265047551e+00 
 1.746559999999982e-08  1.195220265047548e+00 
 1.748559999999981e-08  1.195220265047544e+00 
 1.750559999999981e-08  1.195220265047541e+00 
 1.752559999999981e-08  1.195220265047538e+00 
 1.754559999999981e-08  1.195220265047535e+00 
 1.756559999999981e-08  1.195220265047531e+00 
 1.758559999999981e-08  1.195220265047529e+00 
 1.760559999999981e-08  1.195220265047525e+00 
 1.762559999999981e-08  1.195220265047522e+00 
 1.764559999999981e-08  1.195220265047518e+00 
 1.766559999999981e-08  1.195220265047515e+00 
 1.768559999999981e-08  1.195220265047512e+00 
 1.770559999999981e-08  1.195220265047509e+00 
 1.772559999999981e-08  1.195220265047505e+00 
 1.774559999999981e-08  1.195220265047502e+00 
 1.776559999999981e-08  1.195220265047499e+00 
 1.778559999999981e-08  1.195220265047496e+00 
 1.780559999999981e-08  1.195220265047493e+00 
 1.782559999999981e-08  1.195220265047490e+00 
 1.784559999999981e-08  1.195220265047487e+00 
 1.786559999999981e-08  1.195220265047484e+00 
 1.788559999999981e-08  1.195220265047481e+00 
 1.790559999999980e-08  1.195220265047478e+00 
 1.792559999999980e-08  1.195220265047475e+00 
 1.794559999999980e-08  1.195220265047472e+00 
 1.796559999999980e-08  1.195220265047469e+00 
 1.798559999999980e-08  1.195220265047466e+00 
 1.800559999999980e-08  1.195220265047463e+00 
 1.802559999999980e-08  1.195220265047460e+00 
 1.804559999999980e-08  1.195220265047457e+00 
 1.806559999999980e-08  1.195220265047454e+00 
 1.808559999999980e-08  1.195220265047451e+00 
 1.810559999999980e-08  1.195220265047448e+00 
 1.812559999999980e-08  1.195220265047445e+00 
 1.814559999999980e-08  1.195220265047442e+00 
 1.816559999999980e-08  1.195220265047439e+00 
 1.818559999999980e-08  1.195220265047436e+00 
 1.820559999999980e-08  1.195220265047433e+00 
 1.822559999999980e-08  1.195220265047431e+00 
 1.824559999999980e-08  1.195220265047428e+00 
 1.826559999999980e-08  1.195220265047425e+00 
 1.828559999999980e-08  1.195220265047422e+00 
 1.830559999999980e-08  1.195220265047419e+00 
 1.832559999999979e-08  1.195220265047416e+00 
 1.834559999999979e-08  1.195220265047414e+00 
 1.836559999999979e-08  1.195220265047411e+00 
 1.838559999999979e-08  1.195220265047408e+00 
 1.840559999999979e-08  1.195220265047405e+00 
 1.842559999999979e-08  1.195220265047402e+00 
 1.844559999999979e-08  1.195220265047399e+00 
 1.846559999999979e-08  1.195220265047396e+00 
 1.848559999999979e-08  1.195220265047393e+00 
 1.850559999999979e-08  1.195220265047391e+00 
 1.852559999999979e-08  1.195220265047388e+00 
 1.854559999999979e-08  1.195220265047385e+00 
 1.856559999999979e-08  1.195220265047383e+00 
 1.858559999999979e-08  1.195220265047380e+00 
 1.860559999999979e-08  1.195220265047377e+00 
 1.862559999999979e-08  1.195220265047375e+00 
 1.864559999999979e-08  1.195220265047372e+00 
 1.866559999999979e-08  1.195220265047369e+00 
 1.868559999999979e-08  1.195220265047367e+00 
 1.870559999999979e-08  1.195220265047364e+00 
 1.872559999999978e-08  1.195220265047362e+00 
 1.874559999999978e-08  1.195220265047359e+00 
 1.876559999999978e-08  1.195220265047356e+00 
 1.878559999999978e-08  1.195220265047354e+00 
 1.880559999999978e-08  1.195220265047351e+00 
 1.882559999999978e-08  1.195220265047349e+00 
 1.884559999999978e-08  1.195220265047346e+00 
 1.886559999999978e-08  1.195220265047344e+00 
 1.888559999999978e-08  1.195220265047341e+00 
 1.890559999999978e-08  1.195220265047338e+00 
 1.892559999999978e-08  1.195220265047336e+00 
 1.894559999999978e-08  1.195220265047333e+00 
 1.896559999999978e-08  1.195220265047330e+00 
 1.898559999999978e-08  1.195220265047328e+00 
 1.900559999999978e-08  1.195220265047325e+00 
 1.902559999999978e-08  1.195220265047322e+00 
 1.904559999999978e-08  1.195220265047320e+00 
 1.906559999999978e-08  1.195220265047318e+00 
 1.908559999999978e-08  1.195220265047315e+00 
 1.910559999999978e-08  1.195220265047313e+00 
 1.912559999999978e-08  1.195220265047310e+00 
 1.914559999999977e-08  1.195220265047307e+00 
 1.916559999999977e-08  1.195220265047305e+00 
 1.918559999999977e-08  1.195220265047302e+00 
 1.920559999999977e-08  1.195220265047300e+00 
 1.922559999999977e-08  1.195220265047298e+00 
 1.924559999999977e-08  1.195220265047296e+00 
 1.926559999999977e-08  1.195220265047293e+00 
 1.928559999999977e-08  1.195220265047291e+00 
 1.930559999999977e-08  1.195220265047289e+00 
 1.932559999999977e-08  1.195220265047287e+00 
 1.934559999999977e-08  1.195220265047285e+00 
 1.936559999999977e-08  1.195220265047282e+00 
 1.938559999999977e-08  1.195220265047280e+00 
 1.940559999999977e-08  1.195220265047278e+00 
 1.942559999999977e-08  1.195220265047275e+00 
 1.944559999999977e-08  1.195220265047273e+00 
 1.946559999999977e-08  1.195220265047271e+00 
 1.948559999999977e-08  1.195220265047269e+00 
 1.950559999999977e-08  1.195220265047266e+00 
 1.952559999999977e-08  1.195220265047264e+00 
 1.954559999999977e-08  1.195220265047262e+00 
 1.956559999999976e-08  1.195220265047260e+00 
 1.958559999999976e-08  1.195220265047257e+00 
 1.960559999999976e-08  1.195220265047255e+00 
 1.962559999999976e-08  1.195220265047253e+00 
 1.964559999999976e-08  1.195220265047251e+00 
 1.966559999999976e-08  1.195220265047248e+00 
 1.968559999999976e-08  1.195220265047245e+00 
 1.970559999999976e-08  1.195220265047242e+00 
 1.972559999999976e-08  1.195220265047239e+00 
 1.974559999999976e-08  1.195220265047237e+00 
 1.976559999999976e-08  1.195220265047234e+00 
 1.978559999999976e-08  1.195220265047231e+00 
 1.980559999999976e-08  1.195220265047229e+00 
 1.982559999999976e-08  1.195220265047226e+00 
 1.984559999999976e-08  1.195220265047223e+00 
 1.986559999999976e-08  1.195220265047221e+00 
 1.988559999999976e-08  1.195220265047218e+00 
 1.990559999999976e-08  1.195220265047215e+00 
 1.992559999999976e-08  1.195220265047213e+00 
 1.994559999999976e-08  1.195220265047210e+00 
 1.996559999999975e-08  1.195220265047208e+00 
 1.998559999999975e-08  1.195220265047205e+00 
 2.000000000000000e-08  1.195220265047203e+00 
 2.000002878383870e-08  1.195220265754974e+00 
 2.000008635151611e-08  1.195220268521026e+00 
 2.000020148687092e-08  1.195220281436483e+00 
 2.000040639906676e-08  1.195220325550605e+00 
 2.000060494653255e-08  1.195220391796295e+00 
 2.000100204146412e-08  1.195220590205938e+00 
 2.000138508293297e-08  1.195220864385343e+00 
 2.000215116587067e-08  1.195221656090294e+00 
 2.000344061614740e-08  1.195223708456242e+00 
 2.000502499434133e-08  1.195227415027494e+00 
 2.000726868755998e-08  1.195234737902958e+00 
 2.000970100291696e-08  1.195245220198688e+00 
 2.001247927744455e-08  1.195260213838945e+00 
 2.001549270779995e-08  1.195279967200632e+00 
 2.001860254460017e-08  1.195304088471115e+00 
 2.002225809486063e-08  1.195337284445494e+00 
 2.002603835662719e-08  1.195377137762889e+00 
 2.002958105148870e-08  1.195419552100170e+00 
 2.003356919219936e-08  1.195472901107368e+00 
 2.003703975159203e-08  1.195523595857132e+00 
 2.003949044547849e-08  1.195561180059876e+00 
 2.004145836228782e-08  1.195591810604483e+00 
 2.004311305865721e-08  1.195617301856665e+00 
 2.004466610363541e-08  1.195640387046099e+00 
 2.004625768710606e-08  1.195662411591867e+00 
 2.004805959767871e-08  1.195684074282193e+00 
 2.004979727131237e-08  1.195700150092067e+00 
 2.005200926455148e-08  1.195710778706079e+00 
 2.005393728908976e-08  1.195708343332410e+00 
 2.005570116949370e-08  1.195694081266728e+00 
 2.005776695543371e-08  1.195659786691639e+00 
 2.005964168971586e-08  1.195609878620765e+00 
 2.006184182175604e-08  1.195525532409716e+00 
 2.006420883473176e-08  1.195400905347940e+00 
 2.006594814898675e-08  1.195285855750010e+00 
 2.006686846225451e-08  1.195216910296319e+00 
 2.006767859337079e-08  1.195151849046960e+00 
 2.006876664503818e-08  1.195058712158672e+00 
 2.006955525369342e-08  1.194987542600350e+00 
 2.007031504538885e-08  1.194916497536605e+00 
 2.007113593681972e-08  1.194837435865962e+00 
 2.007209937965996e-08  1.194742169405530e+00 
 2.007333850688245e-08  1.194616669859639e+00 
 2.007453341880767e-08  1.194493360373502e+00 
 2.007575797932489e-08  1.194365450011835e+00 
 2.007712063104318e-08  1.194221959047079e+00 
 2.007848227162642e-08  1.194077837599308e+00 
 2.008005917333532e-08  1.193910429984994e+00 
 2.008181726189347e-08  1.193723464274736e+00 
 2.008404135177274e-08  1.193486739203489e+00 
 2.008682676794273e-08  1.193190170533142e+00 
 2.009098613384433e-08  1.192747305830532e+00 
 2.009723704157491e-08  1.192081842885170e+00 
 2.010000000000000e-08  1.191787747760709e+00 
 2.010001847427783e-08  1.191785781231253e+00 
 2.010005542283347e-08  1.191781847829661e+00 
 2.010012931994476e-08  1.191773979267903e+00 
 2.010027711416735e-08  1.191758236844233e+00 
 2.010057270261251e-08  1.191726736044636e+00 
 2.010094400395133e-08  1.191687142111063e+00 
 2.010157915922983e-08  1.191619364716412e+00 
 2.010250495176888e-08  1.191520503314563e+00 
 2.010377947963798e-08  1.191384332881642e+00 
 2.010536131867803e-08  1.191215291687369e+00 
 2.010770881192740e-08  1.190964437072676e+00 
 2.011155433295102e-08  1.190553604459953e+00 
 2.011778668899751e-08  1.189888104170690e+00 
 2.013013434071952e-08  1.188570823673397e+00 
 2.015013434071952e-08  1.186440610246973e+00 
 2.017013434071952e-08  1.184314648376233e+00 
 2.019013434071952e-08  1.182192930877733e+00 
 2.021013434071952e-08  1.180075449650096e+00 
 2.023013434071952e-08  1.177962196151729e+00 
 2.025013434071952e-08  1.175853162023282e+00 
 2.027013434071952e-08  1.173748338788113e+00 
 2.029013434071952e-08  1.171647718073784e+00 
 2.031013434071952e-08  1.169551291467227e+00 
 2.033013434071952e-08  1.167459050607776e+00 
 2.035013434071952e-08  1.165370987131194e+00 
 2.037013434071952e-08  1.163287092699377e+00 
 2.039013434071951e-08  1.161207358989031e+00 
 2.041013434071951e-08  1.159131777690034e+00 
 2.043013434071951e-08  1.157060340515938e+00 
 2.045013434071951e-08  1.154993039187295e+00 
 2.047013434071951e-08  1.152929865452363e+00 
 2.049013434071951e-08  1.150870811063656e+00 
 2.051013434071951e-08  1.148815867803007e+00 
 2.053013434071951e-08  1.146765027455461e+00 
 2.055013434071951e-08  1.144718281835806e+00 
 2.057013434071951e-08  1.142675622761826e+00 
 2.059013434071951e-08  1.140637042080896e+00 
 2.061013434071951e-08  1.138602531643572e+00 
 2.063013434071951e-08  1.136572083329578e+00 
 2.065013434071951e-08  1.134545689022179e+00 
 2.067013434071951e-08  1.132523340633279e+00 
 2.069013434071951e-08  1.130505030078743e+00 
 2.071013434071951e-08  1.128490749302518e+00 
 2.073013434071951e-08  1.126480490252941e+00 
 2.075013434071951e-08  1.124474244905873e+00 
 2.077013434071951e-08  1.122472005241990e+00 
 2.079013434071951e-08  1.120473763268950e+00 
 2.081013434071950e-08  1.118479510999630e+00 
 2.083013434071950e-08  1.116489240473365e+00 
 2.085013434071950e-08  1.114502943735094e+00 
 2.087013434071950e-08  1.112520612855713e+00 
 2.089013434071950e-08  1.110542239912087e+00 
 2.091013434071950e-08  1.108567817006558e+00 
 2.093013434071950e-08  1.106597336247778e+00 
 2.095013434071950e-08  1.104630789769417e+00 
 2.097013434071950e-08  1.102668169711782e+00 
 2.099013434071950e-08  1.100709468239754e+00 
 2.101013434071950e-08  1.098754677525159e+00 
 2.103013434071950e-08  1.096803789763971e+00 
 2.105013434071950e-08  1.094856797159402e+00 
 2.107013434071950e-08  1.092913691938407e+00 
 2.109013434071950e-08  1.090974466335451e+00 
 2.111013434071950e-08  1.089039112608347e+00 
 2.113013434071950e-08  1.087107623022683e+00 
 2.115013434071950e-08  1.085179989867020e+00 
 2.117013434071950e-08  1.083256205437934e+00 
 2.119013434071950e-08  1.081336262054616e+00 
 2.121013434071950e-08  1.079420152044504e+00 
 2.123013434071949e-08  1.077507867757299e+00 
 2.125013434071949e-08  1.075599401551175e+00 
 2.127013434071949e-08  1.073694745806228e+00 
 2.129013434071949e-08  1.071793892911237e+00 
 2.131013434071949e-08  1.069896835276575e+00 
 2.133013434071949e-08  1.068003565321502e+00 
 2.135013434071949e-08  1.066114075486556e+00 
 2.137013434071949e-08  1.064228358221346e+00 
 2.139013434071949e-08  1.062346405996458e+00 
 2.141013434071949e-08  1.060468211291729e+00 
 2.143013434071949e-08  1.058593766607676e+00 
 2.145013434071949e-08  1.056723064454239e+00 
 2.147013434071949e-08  1.054856097361752e+00 
 2.149013434071949e-08  1.052992857870130e+00 
 2.151013434071949e-08  1.051133338539411e+00 
 2.153013434071949e-08  1.049277531939365e+00 
 2.155013434071949e-08  1.047425430659615e+00 
 2.157013434071949e-08  1.045577027299663e+00 
 2.159013434071949e-08  1.043732314478606e+00 
 2.161013434071949e-08  1.041891284825554e+00 
 2.163013434071948e-08  1.040053930988964e+00 
 2.165013434071948e-08  1.038220245627431e+00 
 2.167013434071948e-08  1.036390221418660e+00 
 2.169013434071948e-08  1.034563851050612e+00 
 2.171013434071948e-08  1.032741127230122e+00 
 2.173013434071948e-08  1.030922042674400e+00 
 2.175013434071948e-08  1.029106590119297e+00 
 2.177013434071948e-08  1.027294762311149e+00 
 2.179013434071948e-08  1.025486552014716e+00 
 2.181013434071948e-08  1.023681952005339e+00 
 2.183013434071948e-08  1.021880955076572e+00 
 2.185013434071948e-08  1.020083554032646e+00 
 2.187013434071948e-08  1.018289741695795e+00 
 2.189013434071948e-08  1.016499510899021e+00 
 2.191013434071948e-08  1.014712854493127e+00 
 2.193013434071948e-08  1.012929765339770e+00 
 2.195013434071948e-08  1.011150236318210e+00 
 2.197013434071948e-08  1.009374260318640e+00 
 2.199013434071948e-08  1.007601830248670e+00 
 2.201013434071948e-08  1.005832939026911e+00 
 2.203013434071948e-08  1.004067579589210e+00 
 2.205013434071947e-08  1.002305744882483e+00 
 2.207013434071947e-08  1.000547427870703e+00 
 2.209013434071947e-08  9.987926215289749e-01 
 2.211013434071947e-08  9.970413188492874e-01 
 2.213013434071947e-08  9.952935128348218e-01 
 2.215013434071947e-08  9.935491965054726e-01 
 2.217013434071947e-08  9.918083628923817e-01 
 2.219013434071947e-08  9.900710050432409e-01 
 2.221013434071947e-08  9.883371160170393e-01 
 2.223013434071947e-08  9.866066888891568e-01 
 2.225013434071947e-08  9.848797167463176e-01 
 2.227013434071947e-08  9.831561926914802e-01 
 2.229013434071947e-08  9.814361098389914e-01 
 2.231013434071947e-08  9.797194613192808e-01 
 2.233013434071947e-08  9.780062402742047e-01 
 2.235013434071947e-08  9.762964398615569e-01 
 2.237013434071947e-08  9.745900532505920e-01 
 2.239013434071947e-08  9.728870736263596e-01 
 2.241013434071947e-08  9.711874941854022e-01 
 2.243013434071947e-08  9.694913081399174e-01 
 2.245013434071947e-08  9.677985087136258e-01 
 2.247013434071946e-08  9.661090891457669e-01 
 2.249013434071946e-08  9.644230426871280e-01 
 2.251013434071946e-08  9.627403626038847e-01 
 2.253013434071946e-08  9.610610421737829e-01 
 2.255013434071946e-08  9.593850746898261e-01 
 2.257013434071946e-08  9.577124534566102e-01 
 2.259013434071946e-08  9.560431717938627e-01 
 2.261013434071946e-08  9.543772230329199e-01 
 2.263013434071946e-08  9.527146005201271e-01 
 2.265013434071946e-08  9.510552976134542e-01 
 2.267013434071946e-08  9.493993076857599e-01 
 2.269013434071946e-08  9.477466241215396e-01 
 2.271013434071946e-08  9.460972403200605e-01 
 2.273013434071946e-08  9.444511496922361e-01 
 2.275013434071946e-08  9.428083456636382e-01 
 2.277013434071946e-08  9.411688216714931e-01 
 2.279013434071946e-08  9.395325711675724e-01 
 2.281013434071946e-08  9.378995876153083e-01 
 2.283013434071946e-08  9.362698644925705e-01 
 2.285013434071946e-08  9.346433952888914e-01 
 2.287013434071946e-08  9.330201735081342e-01 
 2.289013434071945e-08  9.314001926658269e-01 
 2.291013434071945e-08  9.297834462917239e-01 
 2.293013434071945e-08  9.281699279272442e-01 
 2.295013434071945e-08  9.265596311279306e-01 
 2.297013434071945e-08  9.249525494609885e-01 
 2.299013434071945e-08  9.233486765076485e-01 
 2.301013434071945e-08  9.217480058607989e-01 
 2.303013434071945e-08  9.201505311272550e-01 
 2.305013434071945e-08  9.185562459254846e-01 
 2.307013434071945e-08  9.169651438877869e-01 
 2.309013434071945e-08  9.153772186581070e-01 
 2.311013434071945e-08  9.137924638941268e-01 
 2.313013434071945e-08  9.122108732651659e-01 
 2.315013434071945e-08  9.106324404541889e-01 
 2.317013434071945e-08  9.090571591557873e-01 
 2.319013434071945e-08  9.074850230781086e-01 
 2.321013434071945e-08  9.059160259409152e-01 
 2.323013434071945e-08  9.043501614774373e-01 
 2.325013434071945e-08  9.027874234325076e-01 
 2.327013434071945e-08  9.012278055643387e-01 
 2.329013434071944e-08  8.996713016427321e-01 
 2.331013434071944e-08  8.981179054507851e-01 
 2.333013434071944e-08  8.965676107831684e-01 
 2.335013434071944e-08  8.950204114477651e-01 
 2.337013434071944e-08  8.934763012640148e-01 
 2.339013434071944e-08  8.919352740644877e-01 
 2.341013434071944e-08  8.903973236932932e-01 
 2.343013434071944e-08  8.888624440075907e-01 
 2.345013434071944e-08  8.873306288760608e-01 
 2.347013434071944e-08  8.858018721803542e-01 
 2.349013434071944e-08  8.842761678136241e-01 
 2.351013434071944e-08  8.827535096819162e-01 
 2.353013434071944e-08  8.812338917027571e-01 
 2.355013434071944e-08  8.797173078064903e-01 
 2.357013434071944e-08  8.782037519349193e-01 
 2.359013434071944e-08  8.766932180425889e-01 
 2.361013434071944e-08  8.751857000954812e-01 
 2.363013434071944e-08  8.736811920722464e-01 
 2.365013434071944e-08  8.721796879629488e-01 
 2.367013434071944e-08  8.706811817702486e-01 
 2.369013434071944e-08  8.691856675081955e-01 
 2.371013434071943e-08  8.676931392033639e-01 
 2.373013434071943e-08  8.662035908936931e-01 
 2.375013434071943e-08  8.647170166295761e-01 
 2.377013434071943e-08  8.632334104727464e-01 
 2.379013434071943e-08  8.617527664973220e-01 
 2.381013434071943e-08  8.602750787887349e-01 
 2.383013434071943e-08  8.588003414447332e-01 
 2.385013434071943e-08  8.573285485743528e-01 
 2.387013434071943e-08  8.558596942988785e-01 
 2.389013434071943e-08  8.543937727508546e-01 
 2.391013434071943e-08  8.529307780750082e-01 
 2.393013434071943e-08  8.514707044272994e-01 
 2.395013434071943e-08  8.500135459758059e-01 
 2.397013434071943e-08  8.485592968998077e-01 
 2.399013434071943e-08  8.471079513906397e-01 
 2.401013434071943e-08  8.456595036508103e-01 
 2.403013434071943e-08  8.442139478948182e-01 
 2.405013434071943e-08  8.427712783483072e-01 
 2.407013434071943e-08  8.413314892488487e-01 
 2.409013434071943e-08  8.398945748451279e-01 
 2.411013434071943e-08  8.384605293976968e-01 
 2.413013434071942e-08  8.370293471781916e-01 
 2.415013434071942e-08  8.356010224700529e-01 
 2.417013434071942e-08  8.341755495677750e-01 
 2.419013434071942e-08  8.327529227775968e-01 
 2.421013434071942e-08  8.313331364167799e-01 
 2.423013434071942e-08  8.299161848142705e-01 
 2.425013434071942e-08  8.285020623100060e-01 
 2.427013434071942e-08  8.270907632555493e-01 
 2.429013434071942e-08  8.256822820134231e-01 
 2.431013434071942e-08  8.242766129577173e-01 
 2.433013434071942e-08  8.228737504734490e-01 
 2.435013434071942e-08  8.214736889571468e-01 
 2.437013434071942e-08  8.200764228162321e-01 
 2.439013434071942e-08  8.186819464695814e-01 
 2.441013434071942e-08  8.172902543469313e-01 
 2.443013434071942e-08  8.159013408894173e-01 
 2.445013434071942e-08  8.145152005490027e-01 
 2.447013434071942e-08  8.131318277889933e-01 
 2.449013434071942e-08  8.117512170834892e-01 
 2.451013434071942e-08  8.103733629178792e-01 
 2.453013434071941e-08  8.089982597883117e-01 
 2.455013434071941e-08  8.076259022021702e-01 
 2.457013434071941e-08  8.062562846775636e-01 
 2.459013434071941e-08  8.048894017437819e-01 
 2.461013434071941e-08  8.035252479408066e-01 
 2.463013434071941e-08  8.021638178197480e-01 
 2.465013434071941e-08  8.008051059423729e-01 
 2.467013434071941e-08  7.994491068815240e-01 
 2.469013434071941e-08  7.980958152206667e-01 
 2.471013434071941e-08  7.967452255542902e-01 
 2.473013434071941e-08  7.953973324874710e-01 
 2.475013434071941e-08  7.940521306362579e-01 
 2.477013434071941e-08  7.927096146272532e-01 
 2.479013434071941e-08  7.913697790979802e-01 
 2.481013434071941e-08  7.900326186964803e-01 
 2.483013434071941e-08  7.886981280816651e-01 
 2.485013434071941e-08  7.873663019229290e-01 
 2.487013434071941e-08  7.860371349004879e-01 
 2.489013434071941e-08  7.847106217050041e-01 
 2.491013434071941e-08  7.833867570379117e-01 
 2.493013434071941e-08  7.820655356110573e-01 
 2.495013434071940e-08  7.807469521470088e-01 
 2.497013434071940e-08  7.794310013787108e-01 
 2.499013434071940e-08  7.781176780497813e-01 
 2.501013434071940e-08  7.768069769141793e-01 
 2.503013434071940e-08  7.754988927364891e-01 
 2.505013434071940e-08  7.741934202915995e-01 
 2.507013434071940e-08  7.728905543649779e-01 
 2.509013434071940e-08  7.715902897523599e-01 
 2.511013434071940e-08  7.702926212600121e-01 
 2.513013434071940e-08  7.689975437044336e-01 
 2.515013434071940e-08  7.677050519126070e-01 
 2.517013434071940e-08  7.664151407217119e-01 
 2.519013434071940e-08  7.651278049793654e-01 
 2.521013434071940e-08  7.638430395433454e-01 
 2.523013434071940e-08  7.625608392818202e-01 
 2.525013434071940e-08  7.612811990730837e-01 
 2.527013434071940e-08  7.600041138057738e-01 
 2.529013434071940e-08  7.587295783786178e-01 
 2.531013434071940e-08  7.574575877006422e-01 
 2.533013434071940e-08  7.561881366909263e-01 
 2.535013434071940e-08  7.549212202788039e-01 
 2.537013434071939e-08  7.536568334036253e-01 
 2.539013434071939e-08  7.523949710149500e-01 
 2.541013434071939e-08  7.511356280723184e-01 
 2.543013434071939e-08  7.498787995454357e-01 
 2.545013434071939e-08  7.486244804139512e-01 
 2.547013434071939e-08  7.473726656676354e-01 
 2.549013434071939e-08  7.461233503061669e-01 
 2.551013434071939e-08  7.448765293393012e-01 
 2.553013434071939e-08  7.436321977866657e-01 
 2.555013434071939e-08  7.423903506779216e-01 
 2.557013434071939e-08  7.411509830525662e-01 
 2.559013434071939e-08  7.399140899600866e-01 
 2.561013434071939e-08  7.386796664597699e-01 
 2.563013434071939e-08  7.374477076208509e-01 
 2.565013434071939e-08  7.362182085223278e-01 
 2.567013434071939e-08  7.349911642531033e-01 
 2.569013434071939e-08  7.337665699118080e-01 
 2.571013434071939e-08  7.325444206069348e-01 
 2.573013434071939e-08  7.313247114566688e-01 
 2.575013434071939e-08  7.301074375890146e-01 
 2.577013434071939e-08  7.288925941416331e-01 
 2.579013434071938e-08  7.276801762619632e-01 
 2.581013434071938e-08  7.264701791070642e-01 
 2.583013434071938e-08  7.252625978437313e-01 
 2.585013434071938e-08  7.240574276483444e-01 
 2.587013434071938e-08  7.228546637069789e-01 
 2.589013434071938e-08  7.216543012152583e-01 
 2.591013434071938e-08  7.204563353784604e-01 
 2.593013434071938e-08  7.192607614113755e-01 
 2.595013434071938e-08  7.180675745384074e-01 
 2.597013434071938e-08  7.168767699934369e-01 
 2.599013434071938e-08  7.156883430199181e-01 
 2.601013434071938e-08  7.145022888707456e-01 
 2.603013434071938e-08  7.133186028083472e-01 
 2.605013434071938e-08  7.121372801045560e-01 
 2.607013434071938e-08  7.109583160406977e-01 
 2.609013434071938e-08  7.097817059074683e-01 
 2.611013434071938e-08  7.086074450050167e-01 
 2.613013434071938e-08  7.074355286428260e-01 
 2.615013434071938e-08  7.062659521397926e-01 
 2.617013434071938e-08  7.050987108241125e-01 
 2.619013434071937e-08  7.039338000333556e-01 
 2.621013434071937e-08  7.027712151143550e-01 
 2.623013434071937e-08  7.016109514232792e-01 
 2.625013434071937e-08  7.004530043255245e-01 
 2.627013434071937e-08  6.992973691957840e-01 
 2.629013434071937e-08  6.981440414179435e-01 
 2.631013434071937e-08  6.969930163851470e-01 
 2.633013434071937e-08  6.958442894996955e-01 
 2.635013434071937e-08  6.946978561731095e-01 
 2.637013434071937e-08  6.935537118260323e-01 
 2.639013434071937e-08  6.924118518882886e-01 
 2.641013434071937e-08  6.912722717987900e-01 
 2.643013434071937e-08  6.901349670055917e-01 
 2.645013434071937e-08  6.889999329658020e-01 
 2.647013434071937e-08  6.878671651456337e-01 
 2.649013434071937e-08  6.867366590203181e-01 
 2.651013434071937e-08  6.856084100741541e-01 
 2.653013434071937e-08  6.844824138004235e-01 
 2.655013434071937e-08  6.833586657014391e-01 
 2.657013434071937e-08  6.822371612884615e-01 
 2.659013434071937e-08  6.811178960817451e-01 
 2.661013434071936e-08  6.800008656104581e-01 
 2.663013434071936e-08  6.788860654127247e-01 
 2.665013434071936e-08  6.777734910355483e-01 
 2.667013434071936e-08  6.766631380348527e-01 
 2.669013434071936e-08  6.755550019754062e-01 
 2.671013434071936e-08  6.744490784308593e-01 
 2.673013434071936e-08  6.733453629836741e-01 
 2.675013434071936e-08  6.722438512251592e-01 
 2.677013434071936e-08  6.711445387553991e-01 
 2.679013434071936e-08  6.700474211832891e-01 
 2.681013434071936e-08  6.689524941264667e-01 
 2.683013434071936e-08  6.678597532113442e-01 
 2.685013434071936e-08  6.667691940730411e-01 
 2.687013434071936e-08  6.656808123554165e-01 
 2.689013434071936e-08  6.645946037110038e-01 
 2.691013434071936e-08  6.635105638010386e-01 
 2.693013434071936e-08  6.624286882953971e-01 
 2.695013434071936e-08  6.613489728726231e-01 
 2.697013434071936e-08  6.602714132198674e-01 
 2.699013434071936e-08  6.591960050329129e-01 
 2.701013434071936e-08  6.581227440161155e-01 
 2.703013434071935e-08  6.570516258824277e-01 
 2.705013434071935e-08  6.559826463533424e-01 
 2.707013434071935e-08  6.549158011589140e-01 
 2.709013434071935e-08  6.538510860377034e-01 
 2.711013434071935e-08  6.527884967367985e-01 
 2.713013434071935e-08  6.517280290117604e-01 
 2.715013434071935e-08  6.506696786266423e-01 
 2.717013434071935e-08  6.496134413539375e-01 
 2.719013434071935e-08  6.485593129745976e-01 
 2.721013434071935e-08  6.475072892779807e-01 
 2.723013434071935e-08  6.464573660618683e-01 
 2.725013434071935e-08  6.454095391324161e-01 
 2.727013434071935e-08  6.443638043041688e-01 
 2.729013434071935e-08  6.433201574000129e-01 
 2.731013434071935e-08  6.422785942511894e-01 
 2.733013434071935e-08  6.412391106972484e-01 
 2.735013434071935e-08  6.402017025860612e-01 
 2.737013434071935e-08  6.391663657737749e-01 
 2.739013434071935e-08  6.381330961248239e-01 
 2.741013434071935e-08  6.371018895118864e-01 
 2.743013434071934e-08  6.360727418158947e-01 
 2.745013434071934e-08  6.350456489259919e-01 
 2.747013434071934e-08  6.340206067395417e-01 
 2.749013434071934e-08  6.329976111620866e-01 
 2.751013434071934e-08  6.319766581073567e-01 
 2.753013434071934e-08  6.309577434972286e-01 
 2.755013434071934e-08  6.299408632617327e-01 
 2.757013434071934e-08  6.289260133390145e-01 
 2.759013434071934e-08  6.279131896753404e-01 
 2.761013434071934e-08  6.269023882250592e-01 
 2.763013434071934e-08  6.258936049506091e-01 
 2.765013434071934e-08  6.248868358224779e-01 
 2.767013434071934e-08  6.238820768192099e-01 
 2.769013434071934e-08  6.228793239273684e-01 
 2.771013434071934e-08  6.218785731415397e-01 
 2.773013434071934e-08  6.208798204642975e-01 
 2.775013434071934e-08  6.198830619062067e-01 
 2.777013434071934e-08  6.188882934857879e-01 
 2.779013434071934e-08  6.178955112295206e-01 
 2.781013434071934e-08  6.169047111718083e-01 
 2.783013434071934e-08  6.159158893549818e-01 
 2.785013434071933e-08  6.149290418292642e-01 
 2.787013434071933e-08  6.139441646527741e-01 
 2.789013434071933e-08  6.129612538914917e-01 
 2.791013434071933e-08  6.119803056192603e-01 
 2.793013434071933e-08  6.110013159177541e-01 
 2.795013434071933e-08  6.100242808764785e-01 
 2.797013434071933e-08  6.090491965927389e-01 
 2.799013434071933e-08  6.080760591716405e-01 
 2.801013434071933e-08  6.071048647260573e-01 
 2.803013434071933e-08  6.061356093766319e-01 
 2.805013434071933e-08  6.051682892517454e-01 
 2.807013434071933e-08  6.042029004875157e-01 
 2.809013434071933e-08  6.032394392277689e-01 
 2.811013434071933e-08  6.022779016240366e-01 
 2.813013434071933e-08  6.013182838355279e-01 
 2.815013434071933e-08  6.003605820291272e-01 
 2.817013434071933e-08  5.994047923793654e-01 
 2.819013434071933e-08  5.984509110684176e-01 
 2.821013434071933e-08  5.974989342860759e-01 
 2.823013434071933e-08  5.965488582297452e-01 
 2.825013434071933e-08  5.956006791044174e-01 
 2.827013434071932e-08  5.946543931226671e-01 
 2.829013434071932e-08  5.937099965046251e-01 
 2.831013434071932e-08  5.927674854779746e-01 
 2.833013434071932e-08  5.918268562779258e-01 
 2.835013434071932e-08  5.908881051472101e-01 
 2.837013434071932e-08  5.899512283360563e-01 
 2.839013434071932e-08  5.890162221021845e-01 
 2.841013434071932e-08  5.880830827107820e-01 
 2.843013434071932e-08  5.871518064344980e-01 
 2.845013434071932e-08  5.862223895534188e-01 
 2.847013434071932e-08  5.852948283550623e-01 
 2.849013434071932e-08  5.843691191343547e-01 
 2.851013434071932e-08  5.834452581936241e-01 
 2.853013434071932e-08  5.825232418425772e-01 
 2.855013434071932e-08  5.816030663982927e-01 
 2.857013434071932e-08  5.806847281851983e-01 
 2.859013434071932e-08  5.797682235350649e-01 
 2.861013434071932e-08  5.788535487869830e-01 
 2.863013434071932e-08  5.779407002873571e-01 
 2.865013434071932e-08  5.770296743898820e-01 
 2.867013434071932e-08  5.761204674555366e-01 
 2.869013434071931e-08  5.752130758525620e-01 
 2.871013434071931e-08  5.743074959564540e-01 
 2.873013434071931e-08  5.734037241499415e-01 
 2.875013434071931e-08  5.725017568229792e-01 
 2.877013434071931e-08  5.716015903727264e-01 
 2.879013434071931e-08  5.707032212035389e-01 
 2.881013434071931e-08  5.698066457269485e-01 
 2.883013434071931e-08  5.689118603616549e-01 
 2.885013434071931e-08  5.680188615335050e-01 
 2.887013434071931e-08  5.671276456754852e-01 
 2.889013434071931e-08  5.662382092277006e-01 
 2.891013434071931e-08  5.653505486373672e-01 
 2.893013434071931e-08  5.644646603587911e-01 
 2.895013434071931e-08  5.635805408533613e-01 
 2.897013434071931e-08  5.626981865895287e-01 
 2.899013434071931e-08  5.618175940427984e-01 
 2.901013434071931e-08  5.609387596957094e-01 
 2.903013434071931e-08  5.600616800378267e-01 
 2.905013434071931e-08  5.591863515657214e-01 
 2.907013434071931e-08  5.583127707829627e-01 
 2.909013434071930e-08  5.574409342000974e-01 
 2.911013434071930e-08  5.565708383346426e-01 
 2.913013434071930e-08  5.557024797110657e-01 
 2.915013434071930e-08  5.548358548607758e-01 
 2.917013434071930e-08  5.539709603221054e-01 
 2.919013434071930e-08  5.531077926403000e-01 
 2.921013434071930e-08  5.522463483675015e-01 
 2.923013434071930e-08  5.513866240627380e-01 
 2.925013434071930e-08  5.505286162919051e-01 
 2.927013434071930e-08  5.496723216277577e-01 
 2.929013434071930e-08  5.488177366498912e-01 
 2.931013434071930e-08  5.479648579447323e-01 
 2.933013434071930e-08  5.471136821055211e-01 
 2.935013434071930e-08  5.462642057323019e-01 
 2.937013434071930e-08  5.454164254319052e-01 
 2.939013434071930e-08  5.445703378179383e-01 
 2.941013434071930e-08  5.437259395107681e-01 
 2.943013434071930e-08  5.428832271375108e-01 
 2.945013434071930e-08  5.420421973320154e-01 
 2.947013434071930e-08  5.412028467348532e-01 
 2.949013434071930e-08  5.403651719933016e-01 
 2.951013434071929e-08  5.395291697613339e-01 
 2.953013434071929e-08  5.386948366996018e-01 
 2.955013434071929e-08  5.378621694754266e-01 
 2.957013434071929e-08  5.370311647627817e-01 
 2.959013434071929e-08  5.362018192422827e-01 
 2.961013434071929e-08  5.353741296011717e-01 
 2.963013434071929e-08  5.345480925333062e-01 
 2.965013434071929e-08  5.337237047391433e-01 
 2.967013434071929e-08  5.329009629257296e-01 
 2.969013434071929e-08  5.320798638066853e-01 
 2.971013434071929e-08  5.312604041021927e-01 
 2.973013434071929e-08  5.304425805389817e-01 
 2.975013434071929e-08  5.296263898503193e-01 
 2.977013434071929e-08  5.288118287759931e-01 
 2.979013434071929e-08  5.279988940623015e-01 
 2.981013434071929e-08  5.271875824620385e-01 
 2.983013434071929e-08  5.263778907344819e-01 
 2.985013434071930e-08  5.255698156453793e-01 
 2.987013434071930e-08  5.247633539669367e-01 
 2.989013434071930e-08  5.239585024778040e-01 
 2.991013434071930e-08  5.231552579630632e-01 
 2.993013434071931e-08  5.223536172142148e-01 
 2.995013434071931e-08  5.215535770291665e-01 
 2.997013434071931e-08  5.207551342122181e-01 
 2.999013434071932e-08  5.199582855740509e-01 
 3.001013434071932e-08  5.191630279317130e-01 
 3.003013434071932e-08  5.183693581086087e-01 
 3.005013434071932e-08  5.175772729344840e-01 
 3.007013434071933e-08  5.167867692454148e-01 
 3.009013434071933e-08  5.159978438837939e-01 
 3.011013434071933e-08  5.152104936983192e-01 
 3.013013434071934e-08  5.144247155439798e-01 
 3.015013434071934e-08  5.136405062820453e-01 
 3.017013434071934e-08  5.128578627800505e-01 
 3.019013434071934e-08  5.120767819117857e-01 
 3.021013434071935e-08  5.112972605572824e-01 
 3.023013434071935e-08  5.105192956028020e-01 
 3.025013434071935e-08  5.097428839408219e-01 
 3.027013434071936e-08  5.089680224700255e-01 
 3.029013434071936e-08  5.081947080952867e-01 
 3.031013434071936e-08  5.074229377276602e-01 
 3.033013434071936e-08  5.066527082843675e-01 
 3.035013434071937e-08  5.058840166887856e-01 
 3.037013434071937e-08  5.051168598704341e-01 
 3.039013434071937e-08  5.043512347649636e-01 
 3.041013434071938e-08  5.035871383141419e-01 
 3.043013434071938e-08  5.028245674658445e-01 
 3.045013434071938e-08  5.020635191740391e-01 
 3.047013434071938e-08  5.013039903987764e-01 
 3.049013434071939e-08  5.005459781061757e-01 
 3.051013434071939e-08  4.997894792684147e-01 
 3.053013434071939e-08  4.990344908637156e-01 
 3.055013434071940e-08  4.982810098763349e-01 
 3.057013434071940e-08  4.975290332965494e-01 
 3.059013434071940e-08  4.967785581206457e-01 
 3.061013434071940e-08  4.960295813509074e-01 
 3.063013434071941e-08  4.952820999956036e-01 
 3.065013434071941e-08  4.945361110689762e-01 
 3.067013434071941e-08  4.937916115912290e-01 
 3.069013434071942e-08  4.930485985885152e-01 
 3.071013434071942e-08  4.923070690929254e-01 
 3.073013434071942e-08  4.915670201424760e-01 
 3.075013434071942e-08  4.908284487810975e-01 
 3.077013434071943e-08  4.900913520586223e-01 
 3.079013434071943e-08  4.893557270307732e-01 
 3.081013434071943e-08  4.886215707591516e-01 
 3.083013434071943e-08  4.878888803112258e-01 
 3.085013434071944e-08  4.871576527603190e-01 
 3.087013434071944e-08  4.864278851855981e-01 
 3.089013434071944e-08  4.856995746720612e-01 
 3.091013434071945e-08  4.849727183105272e-01 
 3.093013434071945e-08  4.842473131976230e-01 
 3.095013434071945e-08  4.835233564357728e-01 
 3.097013434071945e-08  4.828008451331856e-01 
 3.099013434071946e-08  4.820797764038450e-01 
 3.101013434071946e-08  4.813601473674959e-01 
 3.103013434071946e-08  4.806419551496345e-01 
 3.105013434071947e-08  4.799251968814960e-01 
 3.107013434071947e-08  4.792098697000436e-01 
 3.109013434071947e-08  4.784959707479567e-01 
 3.111013434071947e-08  4.777834971736198e-01 
 3.113013434071948e-08  4.770724461311107e-01 
 3.115013434071948e-08  4.763628147801900e-01 
 3.117013434071948e-08  4.756546002862882e-01 
 3.119013434071949e-08  4.749477998204960e-01 
 3.121013434071949e-08  4.742424105595519e-01 
 3.123013434071949e-08  4.735384296858319e-01 
 3.125013434071949e-08  4.728358543873374e-01 
 3.127013434071950e-08  4.721346818576843e-01 
 3.129013434071950e-08  4.714349092960914e-01 
 3.131013434071950e-08  4.707365339073701e-01 
 3.133013434071951e-08  4.700395529019121e-01 
 3.135013434071951e-08  4.693439634956795e-01 
 3.137013434071951e-08  4.686497629101925e-01 
 3.139013434071951e-08  4.679569483725192e-01 
 3.141013434071952e-08  4.672655171152640e-01 
 3.143013434071952e-08  4.665754663765565e-01 
 3.145013434071952e-08  4.658867934000410e-01 
 3.147013434071953e-08  4.651994954348649e-01 
 3.149013434071953e-08  4.645135697356683e-01 
 3.151013434071953e-08  4.638290135625727e-01 
 3.153013434071953e-08  4.631458241811694e-01 
 3.155013434071954e-08  4.624639988625099e-01 
 3.157013434071954e-08  4.617835348830940e-01 
 3.159013434071954e-08  4.611044295248598e-01 
 3.161013434071955e-08  4.604266800751715e-01 
 3.163013434071955e-08  4.597502838268102e-01 
 3.165013434071955e-08  4.590752380779615e-01 
 3.167013434071955e-08  4.584015401322059e-01 
 3.169013434071956e-08  4.577291872985073e-01 
 3.171013434071956e-08  4.570581768912029e-01 
 3.173013434071956e-08  4.563885062299920e-01 
 3.175013434071956e-08  4.557201726399253e-01 
 3.177013434071957e-08  4.550531734513944e-01 
 3.179013434071957e-08  4.543875060001210e-01 
 3.181013434071957e-08  4.537231676271463e-01 
 3.183013434071958e-08  4.530601556788206e-01 
 3.185013434071958e-08  4.523984675067921e-01 
 3.187013434071958e-08  4.517381004679972e-01 
 3.189013434071958e-08  4.510790519246493e-01 
 3.191013434071959e-08  4.504213192442280e-01 
 3.193013434071959e-08  4.497648997994694e-01 
 3.195013434071959e-08  4.491097909683556e-01 
 3.197013434071960e-08  4.484559901341030e-01 
 3.199013434071960e-08  4.478034946851532e-01 
 3.201013434071960e-08  4.471523020151618e-01 
 3.203013434071960e-08  4.465024095229886e-01 
 3.205013434071961e-08  4.458538146126867e-01 
 3.207013434071961e-08  4.452065146934921e-01 
 3.209013434071961e-08  4.445605071798137e-01 
 3.211013434071962e-08  4.439157894912227e-01 
 3.213013434071962e-08  4.432723590524429e-01 
 3.215013434071962e-08  4.426302132933392e-01 
 3.217013434071962e-08  4.419893496489085e-01 
 3.219013434071963e-08  4.413497655592688e-01 
 3.221013434071963e-08  4.407114584696490e-01 
 3.223013434071963e-08  4.400744258303795e-01 
 3.225013434071964e-08  4.394386650968808e-01 
 3.227013434071964e-08  4.388041737296544e-01 
 3.229013434071964e-08  4.381709491942716e-01 
 3.231013434071964e-08  4.375389889613646e-01 
 3.233013434071965e-08  4.369082905066152e-01 
 3.235013434071965e-08  4.362788513107454e-01 
 3.237013434071965e-08  4.356506688595076e-01 
 3.239013434071966e-08  4.350237406436738e-01 
 3.241013434071966e-08  4.343980641590260e-01 
 3.243013434071966e-08  4.337736369063461e-01 
 3.245013434071966e-08  4.331504563914060e-01 
 3.247013434071967e-08  4.325285201249577e-01 
 3.249013434071967e-08  4.319078256227232e-01 
 3.251013434071967e-08  4.312883704053847e-01 
 3.253013434071968e-08  4.306701519985743e-01 
 3.255013434071968e-08  4.300531679328649e-01 
 3.257013434071968e-08  4.294374157437594e-01 
 3.259013434071968e-08  4.288228929716816e-01 
 3.261013434071969e-08  4.282095971619662e-01 
 3.263013434071969e-08  4.275975258648489e-01 
 3.265013434071969e-08  4.269866766354563e-01 
 3.267013434071969e-08  4.263770470337965e-01 
 3.269013434071970e-08  4.257686346247497e-01 
 3.271013434071970e-08  4.251614369780579e-01 
 3.273013434071970e-08  4.245554516683153e-01 
 3.275013434071971e-08  4.239506762749587e-01 
 3.277013434071971e-08  4.233471083822577e-01 
 3.279013434071971e-08  4.227447455793052e-01 
 3.281013434071971e-08  4.221435854600077e-01 
 3.283013434071972e-08  4.215436256230763e-01 
 3.285013434071972e-08  4.209448636720159e-01 
 3.287013434071972e-08  4.203472972151164e-01 
 3.289013434071973e-08  4.197509238654429e-01 
 3.291013434071973e-08  4.191557412408266e-01 
 3.293013434071973e-08  4.185617469638547e-01 
 3.295013434071973e-08  4.179689386618614e-01 
 3.297013434071974e-08  4.173773139669178e-01 
 3.299013434071974e-08  4.167868705158231e-01 
 3.301013434071974e-08  4.161976059500950e-01 
 3.303013434071975e-08  4.156095179159598e-01 
 3.305013434071975e-08  4.150226040643434e-01 
 3.307013434071975e-08  4.144368620508622e-01 
 3.309013434071975e-08  4.138522895358132e-01 
 3.311013434071976e-08  4.132688841841649e-01 
 3.313013434071976e-08  4.126866436655480e-01 
 3.315013434071976e-08  4.121055656542462e-01 
 3.317013434071977e-08  4.115256478291862e-01 
 3.319013434071977e-08  4.109468878739294e-01 
 3.321013434071977e-08  4.103692834766622e-01 
 3.323013434071977e-08  4.097928323301865e-01 
 3.325013434071978e-08  4.092175321319111e-01 
 3.327013434071978e-08  4.086433805838421e-01 
 3.329013434071978e-08  4.080703753925737e-01 
 3.331013434071979e-08  4.074985142692792e-01 
 3.333013434071979e-08  4.069277949297017e-01 
 3.335013434071979e-08  4.063582150941453e-01 
 3.337013434071979e-08  4.057897724874654e-01 
 3.339013434071980e-08  4.052224648390603e-01 
 3.341013434071980e-08  4.046562898828615e-01 
 3.343013434071980e-08  4.040912453573252e-01 
 3.345013434071981e-08  4.035273290054229e-01 
 3.347013434071981e-08  4.029645385746326e-01 
 3.349013434071981e-08  4.024028718169297e-01 
 3.351013434071981e-08  4.018423264887779e-01 
 3.353013434071982e-08  4.012829003511203e-01 
 3.355013434071982e-08  4.007245911693706e-01 
 3.357013434071982e-08  4.001673967134042e-01 
 3.359013434071982e-08  3.996113147575493e-01 
 3.361013434071983e-08  3.990563430805774e-01 
 3.363013434071983e-08  3.985024794656954e-01 
 3.365013434071983e-08  3.979497217005361e-01 
 3.367013434071984e-08  3.973980675771495e-01 
 3.369013434071984e-08  3.968475148919940e-01 
 3.371013434071984e-08  3.962980614459277e-01 
 3.373013434071984e-08  3.957497050441994e-01 
 3.375013434071985e-08  3.952024434964400e-01 
 3.377013434071985e-08  3.946562746166536e-01 
 3.379013434071985e-08  3.941111962232093e-01 
 3.381013434071986e-08  3.935672061388317e-01 
 3.383013434071986e-08  3.930243021905928e-01 
 3.385013434071986e-08  3.924824822099026e-01 
 3.387013434071986e-08  3.919417440325015e-01 
 3.389013434071987e-08  3.914020854984507e-01 
 3.391013434071987e-08  3.908635044521242e-01 
 3.393013434071987e-08  3.903259987421996e-01 
 3.395013434071988e-08  3.897895662216501e-01 
 3.397013434071988e-08  3.892542047477359e-01 
 3.399013434071988e-08  3.887199121819949e-01 
 3.401013434071988e-08  3.881866863902350e-01 
 3.403013434071989e-08  3.876545252425251e-01 
 3.405013434071989e-08  3.871234266131868e-01 
 3.407013434071989e-08  3.865933883807859e-01 
 3.409013434071990e-08  3.860644084281238e-01 
 3.411013434071990e-08  3.855364846422292e-01 
 3.413013434071990e-08  3.850096149143494e-01 
 3.415013434071990e-08  3.844837971399423e-01 
 3.417013434071991e-08  3.839590292186675e-01 
 3.419013434071991e-08  3.834353090543783e-01 
 3.421013434071991e-08  3.829126345551131e-01 
 3.423013434071992e-08  3.823910036330873e-01 
 3.425013434071992e-08  3.818704142046845e-01 
 3.427013434071992e-08  3.813508641904489e-01 
 3.429013434071992e-08  3.808323515150759e-01 
 3.431013434071993e-08  3.803148741074053e-01 
 3.433013434071993e-08  3.797984299004115e-01 
 3.435013434071993e-08  3.792830168311962e-01 
 3.437013434071994e-08  3.787686328409799e-01 
 3.439013434071994e-08  3.782552758750937e-01 
 3.441013434071994e-08  3.777429438829710e-01 
 3.443013434071994e-08  3.772316348181394e-01 
 3.445013434071995e-08  3.767213466382126e-01 
 3.447013434071995e-08  3.762120773048820e-01 
 3.449013434071995e-08  3.757038247839088e-01 
 3.451013434071995e-08  3.751965870451157e-01 
 3.453013434071996e-08  3.746903620623788e-01 
 3.455013434071996e-08  3.741851478136198e-01 
 3.457013434071996e-08  3.736809422807977e-01 
 3.459013434071997e-08  3.731777434499004e-01 
 3.461013434071997e-08  3.726755493109375e-01 
 3.463013434071997e-08  3.721743578579314e-01 
 3.465013434071997e-08  3.716741670889095e-01 
 3.467013434071998e-08  3.711749750058969e-01 
 3.469013434071998e-08  3.706767796149074e-01 
 3.471013434071998e-08  3.701795789259363e-01 
 3.473013434071999e-08  3.696833709529518e-01 
 3.475013434071999e-08  3.691881537138879e-01 
 3.477013434071999e-08  3.686939252306357e-01 
 3.479013434071999e-08  3.682006835290358e-01 
 3.481013434072000e-08  3.677084266388706e-01 
 3.483013434072000e-08  3.672171525938559e-01 
 3.485013434072000e-08  3.667268594316339e-01 
 3.487013434072001e-08  3.662375451937645e-01 
 3.489013434072001e-08  3.657492079257181e-01 
 3.491013434072001e-08  3.652618456768671e-01 
 3.493013434072001e-08  3.647754565004792e-01 
 3.495013434072002e-08  3.642900384537083e-01 
 3.497013434072002e-08  3.638055895975879e-01 
 3.499013434072002e-08  3.633221079970224e-01 
 3.501013434072003e-08  3.628395917207800e-01 
 3.503013434072003e-08  3.623580388414850e-01 
 3.505013434072003e-08  3.618774474356098e-01 
 3.507013434072003e-08  3.613978155834675e-01 
 3.509013434072004e-08  3.609191413692036e-01 
 3.511013434072004e-08  3.604414228807892e-01 
 3.513013434072004e-08  3.599646582100129e-01 
 3.515013434072005e-08  3.594888454524733e-01 
 3.517013434072005e-08  3.590139827075712e-01 
 3.519013434072005e-08  3.585400680785022e-01 
 3.521013434072005e-08  3.580670996722493e-01 
 3.523013434072006e-08  3.575950755995745e-01 
 3.525013434072006e-08  3.571239939750126e-01 
 3.527013434072006e-08  3.566538529168625e-01 
 3.529013434072007e-08  3.561846505471802e-01 
 3.531013434072007e-08  3.557163849917714e-01 
 3.533013434072007e-08  3.552490543801837e-01 
 3.535013434072007e-08  3.547826568456989e-01 
 3.537013434072008e-08  3.543171905253263e-01 
 3.539013434072008e-08  3.538526535597951e-01 
 3.541013434072008e-08  3.533890440935463e-01 
 3.543013434072008e-08  3.529263602747258e-01 
 3.545013434072009e-08  3.524646002551772e-01 
 3.547013434072009e-08  3.520037621904338e-01 
 3.549013434072009e-08  3.515438442397120e-01 
 3.551013434072010e-08  3.510848445659028e-01 
 3.553013434072010e-08  3.506267613355659e-01 
 3.555013434072010e-08  3.501695927189212e-01 
 3.557013434072010e-08  3.497133368898424e-01 
 3.559013434072011e-08  3.492579920258489e-01 
 3.561013434072011e-08  3.488035563080990e-01 
 3.563013434072011e-08  3.483500279213825e-01 
 3.565013434072012e-08  3.478974050541135e-01 
 3.567013434072012e-08  3.474456858983229e-01 
 3.569013434072012e-08  3.469948686496517e-01 
 3.571013434072012e-08  3.465449515073436e-01 
 3.573013434072013e-08  3.460959326742373e-01 
 3.575013434072013e-08  3.456478103567601e-01 
 3.577013434072013e-08  3.452005827649200e-01 
 3.579013434072014e-08  3.447542481122994e-01 
 3.581013434072014e-08  3.443088046160468e-01 
 3.583013434072014e-08  3.438642504968709e-01 
 3.585013434072014e-08  3.434205839790328e-01 
 3.587013434072015e-08  3.429778032903391e-01 
 3.589013434072015e-08  3.425359066621346e-01 
 3.591013434072015e-08  3.420948923292957e-01 
 3.593013434072016e-08  3.416547585302229e-01 
 3.595013434072016e-08  3.412155035068338e-01 
 3.597013434072016e-08  3.407771255045565e-01 
 3.599013434072016e-08  3.403396227723220e-01 
 3.601013434072017e-08  3.399029935625575e-01 
 3.603013434072017e-08  3.394672361311796e-01 
 3.605013434072017e-08  3.390323487375870e-01 
 3.607013434072018e-08  3.385983296446540e-01 
 3.609013434072018e-08  3.381651771187230e-01 
 3.611013434072018e-08  3.377328894295978e-01 
 3.613013434072018e-08  3.373014648505368e-01 
 3.615013434072019e-08  3.368709016582461e-01 
 3.617013434072019e-08  3.364411981328725e-01 
 3.619013434072019e-08  3.360123525579965e-01 
 3.621013434072020e-08  3.355843632206259e-01 
 3.623013434072020e-08  3.351572284111886e-01 
 3.625013434072020e-08  3.347309464235256e-01 
 3.627013434072020e-08  3.343055155548846e-01 
 3.629013434072021e-08  3.338809341059132e-01 
 3.631013434072021e-08  3.334572003806519e-01 
 3.633013434072021e-08  3.330343126865269e-01 
 3.635013434072021e-08  3.326122693343445e-01 
 3.637013434072022e-08  3.321910686382832e-01 
 3.639013434072022e-08  3.317707089158875e-01 
 3.641013434072022e-08  3.313511884880613e-01 
 3.643013434072023e-08  3.309325056790607e-01 
 3.645013434072023e-08  3.305146588164878e-01 
 3.647013434072023e-08  3.300976462312838e-01 
 3.649013434072023e-08  3.296814662577224e-01 
 3.651013434072024e-08  3.292661172334030e-01 
 3.653013434072024e-08  3.288515974992442e-01 
 3.655013434072024e-08  3.284379053994772e-01 
 3.657013434072025e-08  3.280250392816391e-01 
 3.659013434072025e-08  3.276129974965662e-01 
 3.661013434072025e-08  3.272017783983877e-01 
 3.663013434072025e-08  3.267913803445187e-01 
 3.665013434072026e-08  3.263818016956541e-01 
 3.667013434072026e-08  3.259730408157621e-01 
 3.669013434072026e-08  3.255650960720768e-01 
 3.671013434072027e-08  3.251579658350927e-01 
 3.673013434072027e-08  3.247516484785580e-01 
 3.675013434072027e-08  3.243461423794675e-01 
 3.677013434072027e-08  3.239414459180566e-01 
 3.679013434072028e-08  3.235375574777947e-01 
 3.681013434072028e-08  3.231344754453790e-01 
 3.683013434072028e-08  3.227321982107274e-01 
 3.685013434072029e-08  3.223307241669728e-01 
 3.687013434072029e-08  3.219300517104566e-01 
 3.689013434072029e-08  3.215301792407218e-01 
 3.691013434072029e-08  3.211311051605068e-01 
 3.693013434072030e-08  3.207328278757393e-01 
 3.695013434072030e-08  3.203353457955296e-01 
 3.697013434072030e-08  3.199386573321646e-01 
 3.699013434072031e-08  3.195427609011008e-01 
 3.701013434072031e-08  3.191476549209590e-01 
 3.703013434072031e-08  3.187533378135172e-01 
 3.705013434072031e-08  3.183598080037041e-01 
 3.707013434072032e-08  3.179670639195936e-01 
 3.709013434072032e-08  3.175751039923982e-01 
 3.711013434072032e-08  3.171839266564623e-01 
 3.713013434072033e-08  3.167935303492564e-01 
 3.715013434072033e-08  3.164039135113710e-01 
 3.717013434072033e-08  3.160150745865099e-01 
 3.719013434072033e-08  3.156270120214842e-01 
 3.721013434072034e-08  3.152397242662064e-01 
 3.723013434072034e-08  3.148532097736836e-01 
 3.725013434072034e-08  3.144674670000118e-01 
 3.727013434072034e-08  3.140824944043694e-01 
 3.729013434072035e-08  3.136982904490115e-01 
 3.731013434072035e-08  3.133148535992632e-01 
 3.733013434072035e-08  3.129321823235140e-01 
 3.735013434072036e-08  3.125502750932112e-01 
 3.737013434072036e-08  3.121691303828542e-01 
 3.739013434072036e-08  3.117887466699878e-01 
 3.741013434072036e-08  3.114091224351972e-01 
 3.743013434072037e-08  3.110302561621009e-01 
 3.745013434072037e-08  3.106521463373451e-01 
 3.747013434072037e-08  3.102747914505975e-01 
 3.749013434072038e-08  3.098981899945415e-01 
 3.751013434072038e-08  3.095223404648699e-01 
 3.753013434072038e-08  3.091472413602791e-01 
 3.755013434072038e-08  3.087728911824628e-01 
 3.757013434072039e-08  3.083992884361064e-01 
 3.759013434072039e-08  3.080264316288809e-01 
 3.761013434072039e-08  3.076543192714369e-01 
 3.763013434072040e-08  3.072829498773985e-01 
 3.765013434072040e-08  3.069123219633577e-01 
 3.767013434072040e-08  3.065424340488681e-01 
 3.769013434072040e-08  3.061732846564393e-01 
 3.771013434072041e-08  3.058048723115310e-01 
 3.773013434072041e-08  3.054371955425465e-01 
 3.775013434072041e-08  3.050702528808277e-01 
 3.777013434072042e-08  3.047040428606487e-01 
 3.779013434072042e-08  3.043385640192104e-01 
 3.781013434072042e-08  3.039738148966339e-01 
 3.783013434072042e-08  3.036097940359553e-01 
 3.785013434072043e-08  3.032464999831195e-01 
 3.787013434072043e-08  3.028839312869749e-01 
 3.789013434072043e-08  3.025220864992672e-01 
 3.791013434072044e-08  3.021609641746336e-01 
 3.793013434072044e-08  3.018005628705970e-01 
 3.795013434072044e-08  3.014408811475605e-01 
 3.797013434072044e-08  3.010819175688017e-01 
 3.799013434072045e-08  3.007236707004666e-01 
 3.801013434072045e-08  3.003661391115638e-01 
 3.803013434072045e-08  3.000093213739595e-01 
 3.805013434072046e-08  2.996532160623709e-01 
 3.807013434072046e-08  2.992978217543612e-01 
 3.809013434072046e-08  2.989431370303337e-01 
 3.811013434072046e-08  2.985891604735260e-01 
 3.813013434072047e-08  2.982358906700042e-01 
 3.815013434072047e-08  2.978833262086575e-01 
 3.817013434072047e-08  2.975314656811930e-01 
 3.819013434072047e-08  2.971803076821293e-01 
 3.821013434072048e-08  2.968298508087911e-01 
 3.823013434072048e-08  2.964800936613038e-01 
 3.825013434072048e-08  2.961310348425877e-01 
 3.827013434072049e-08  2.957826729583527e-01 
 3.829013434072049e-08  2.954350066170925e-01 
 3.831013434072049e-08  2.950880344300791e-01 
 3.833013434072049e-08  2.947417550113570e-01 
 3.835013434072050e-08  2.943961669777383e-01 
 3.837013434072050e-08  2.940512689487964e-01 
 3.839013434072050e-08  2.937070595468612e-01 
 3.841013434072051e-08  2.933635373970132e-01 
 3.843013434072051e-08  2.930207011270779e-01 
 3.845013434072051e-08  2.926785493676208e-01 
 3.847013434072051e-08  2.923370807519414e-01 
 3.849013434072052e-08  2.919962939160679e-01 
 3.851013434072052e-08  2.916561874987519e-01 
 3.853013434072052e-08  2.913167601414631e-01 
 3.855013434072053e-08  2.909780104883833e-01 
 3.857013434072053e-08  2.906399371864016e-01 
 3.859013434072053e-08  2.903025388851085e-01 
 3.861013434072053e-08  2.899658142367910e-01 
 3.863013434072054e-08  2.896297618964267e-01 
 3.865013434072054e-08  2.892943805216791e-01 
 3.867013434072054e-08  2.889596687728913e-01 
 3.869013434072055e-08  2.886256253130815e-01 
 3.871013434072055e-08  2.882922488079371e-01 
 3.873013434072055e-08  2.879595379258098e-01 
 3.875013434072055e-08  2.876274913377101e-01 
 3.877013434072056e-08  2.872961077173017e-01 
 3.879013434072056e-08  2.869653857408970e-01 
 3.881013434072056e-08  2.866353240874508e-01 
 3.883013434072057e-08  2.863059214385557e-01 
 3.885013434072057e-08  2.859771764784363e-01 
 3.887013434072057e-08  2.856490878939449e-01 
 3.889013434072057e-08  2.853216543745552e-01 
 3.891013434072058e-08  2.849948746123578e-01 
 3.893013434072058e-08  2.846687473020544e-01 
 3.895013434072058e-08  2.843432711409531e-01 
 3.897013434072059e-08  2.840184448289628e-01 
 3.899013434072059e-08  2.836942670685884e-01 
 3.901013434072059e-08  2.833707365649250e-01 
 3.903013434072059e-08  2.830478520256533e-01 
 3.905013434072060e-08  2.827256121610345e-01 
 3.907013434072060e-08  2.824040156839048e-01 
 3.909013434072060e-08  2.820830613096703e-01 
 3.911013434072060e-08  2.817627477563016e-01 
 3.913013434072061e-08  2.814430737443295e-01 
 3.915013434072061e-08  2.811240379968393e-01 
 3.917013434072061e-08  2.808056392394656e-01 
 3.919013434072062e-08  2.804878762003875e-01 
 3.921013434072062e-08  2.801707476103235e-01 
 3.923013434072062e-08  2.798542522025264e-01 
 3.925013434072062e-08  2.795383887127781e-01 
 3.927013434072063e-08  2.792231558793847e-01 
 3.929013434072063e-08  2.789085524431712e-01 
 3.931013434072063e-08  2.785945771474769e-01 
 3.933013434072064e-08  2.782812287381504e-01 
 3.935013434072064e-08  2.779685059635438e-01 
 3.937013434072064e-08  2.776564075745085e-01 
 3.939013434072064e-08  2.773449323243901e-01 
 3.941013434072065e-08  2.770340789690231e-01 
 3.943013434072065e-08  2.767238462667262e-01 
 3.945013434072065e-08  2.764142329782973e-01 
 3.947013434072066e-08  2.761052378670084e-01 
 3.949013434072066e-08  2.757968596986006e-01 
 3.951013434072066e-08  2.754890972412797e-01 
 3.953013434072066e-08  2.751819492657107e-01 
 3.955013434072067e-08  2.748754145450132e-01 
 3.957013434072067e-08  2.745694918547562e-01 
 3.959013434072067e-08  2.742641799729537e-01 
 3.961013434072068e-08  2.739594776800594e-01 
 3.963013434072068e-08  2.736553837589618e-01 
 3.965013434072068e-08  2.733518969949797e-01 
 3.967013434072068e-08  2.730490161758570e-01 
 3.969013434072069e-08  2.727467400917581e-01 
 3.971013434072069e-08  2.724450675352630e-01 
 3.973013434072069e-08  2.721439973013625e-01 
 3.975013434072070e-08  2.718435281874529e-01 
 3.977013434072070e-08  2.715436589933323e-01 
 3.979013434072070e-08  2.712443885211946e-01 
 3.981013434072070e-08  2.709457155756255e-01 
 3.983013434072071e-08  2.706476389635975e-01 
 3.985013434072071e-08  2.703501574944649e-01 
 3.987013434072071e-08  2.700532699799594e-01 
 3.989013434072072e-08  2.697569752341852e-01 
 3.991013434072072e-08  2.694612720736143e-01 
 3.993013434072072e-08  2.691661593170817e-01 
 3.995013434072072e-08  2.688716357857807e-01 
 3.997013434072073e-08  2.685777003032581e-01 
 3.999013434072073e-08  2.682843516954099e-01 
 4.001013434072073e-08  2.679915887904762e-01 
 4.003013434072073e-08  2.676994104190366e-01 
 4.005013434072074e-08  2.674078154140056e-01 
 4.007013434072074e-08  2.671168026106280e-01 
 4.009013434072074e-08  2.668263708464740e-01 
 4.011013434072075e-08  2.665365189614349e-01 
 4.013013434072075e-08  2.662472457977180e-01 
 4.015013434072075e-08  2.659585501998425e-01 
 4.017013434072075e-08  2.656704310146348e-01 
 4.019013434072076e-08  2.653828870912233e-01 
 4.021013434072076e-08  2.650959172810345e-01 
 4.023013434072076e-08  2.648095204377883e-01 
 4.025013434072077e-08  2.645236954174928e-01 
 4.027013434072077e-08  2.642384410784407e-01 
 4.029013434072077e-08  2.639537562812040e-01 
 4.031013434072077e-08  2.636696398886298e-01 
 4.033013434072078e-08  2.633860907658354e-01 
 4.035013434072078e-08  2.631031077802042e-01 
 4.037013434072078e-08  2.628206898013813e-01 
 4.039013434072079e-08  2.625388357012681e-01 
 4.041013434072079e-08  2.622575443540187e-01 
 4.043013434072079e-08  2.619768146360349e-01 
 4.045013434072079e-08  2.616966454259624e-01 
 4.047013434072080e-08  2.614170356046853e-01 
 4.049013434072080e-08  2.611379840553220e-01 
 4.051013434072080e-08  2.608594896632211e-01 
 4.053013434072081e-08  2.605815513159571e-01 
 4.055013434072081e-08  2.603041679033250e-01 
 4.057013434072081e-08  2.600273383173366e-01 
 4.059013434072081e-08  2.597510614522160e-01 
 4.061013434072082e-08  2.594753362043953e-01 
 4.063013434072082e-08  2.592001614725096e-01 
 4.065013434072082e-08  2.589255361573932e-01 
 4.067013434072083e-08  2.586514591620752e-01 
 4.069013434072083e-08  2.583779293917745e-01 
 4.071013434072083e-08  2.581049457538962e-01 
 4.073013434072083e-08  2.578325071580267e-01 
 4.075013434072084e-08  2.575606125159295e-01 
 4.077013434072084e-08  2.572892607415412e-01 
 4.079013434072084e-08  2.570184507509664e-01 
 4.081013434072085e-08  2.567481814624740e-01 
 4.083013434072085e-08  2.564784517964927e-01 
 4.085013434072085e-08  2.562092606756068e-01 
 4.087013434072085e-08  2.559406070245517e-01 
 4.089013434072086e-08  2.556724897702095e-01 
 4.091013434072086e-08  2.554049078416052e-01 
 4.093013434072086e-08  2.551378601699020e-01 
 4.095013434072086e-08  2.548713456883971e-01 
 4.097013434072087e-08  2.546053633325175e-01 
 4.099013434072087e-08  2.543399120398158e-01 
 4.101013434072087e-08  2.540749907499657e-01 
 4.103013434072088e-08  2.538105984047583e-01 
 4.105013434072088e-08  2.535467339480971e-01 
 4.107013434072088e-08  2.532833963259947e-01 
 4.109013434072088e-08  2.530205844865677e-01 
 4.111013434072089e-08  2.527582973800331e-01 
 4.113013434072089e-08  2.524965339587038e-01 
 4.115013434072089e-08  2.522352931769845e-01 
 4.117013434072090e-08  2.519745739913677e-01 
 4.119013434072090e-08  2.517143753604295e-01 
 4.121013434072090e-08  2.514546962448249e-01 
 4.123013434072090e-08  2.511955356072844e-01 
 4.125013434072091e-08  2.509368924126092e-01 
 4.127013434072091e-08  2.506787656276677e-01 
 4.129013434072091e-08  2.504211542213909e-01 
 4.131013434072092e-08  2.501640571647686e-01 
 4.133013434072092e-08  2.499074734308450e-01 
 4.135013434072092e-08  2.496514019947146e-01 
 4.137013434072092e-08  2.493958418335187e-01 
 4.139013434072093e-08  2.491407919264403e-01 
 4.141013434072093e-08  2.488862512547008e-01 
 4.143013434072093e-08  2.486322188015559e-01 
 4.145013434072094e-08  2.483786935522911e-01 
 4.147013434072094e-08  2.481256744942178e-01 
 4.149013434072094e-08  2.478731606166696e-01 
 4.151013434072094e-08  2.476211509109979e-01 
 4.153013434072095e-08  2.473696443705680e-01 
 4.155013434072095e-08  2.471186399907549e-01 
 4.157013434072095e-08  2.468681367689397e-01 
 4.159013434072096e-08  2.466181337045051e-01 
 4.161013434072096e-08  2.463686297988318e-01 
 4.163013434072096e-08  2.461196240552945e-01 
 4.165013434072096e-08  2.458711154792575e-01 
 4.167013434072097e-08  2.456231030780709e-01 
 4.169013434072097e-08  2.453755858610670e-01 
 4.171013434072097e-08  2.451285628395561e-01 
 4.173013434072098e-08  2.448820330268222e-01 
 4.175013434072098e-08  2.446359954381197e-01 
 4.177013434072098e-08  2.443904490906691e-01 
 4.179013434072098e-08  2.441453930036529e-01 
 4.181013434072099e-08  2.439008261982123e-01 
 4.183013434072099e-08  2.436567476974427e-01 
 4.185013434072099e-08  2.434131565263900e-01 
 4.187013434072099e-08  2.431700517120466e-01 
 4.189013434072100e-08  2.429274322833477e-01 
 4.191013434072100e-08  2.426852972711673e-01 
 4.193013434072100e-08  2.424436457083145e-01 
 4.195013434072101e-08  2.422024766295295e-01 
 4.197013434072101e-08  2.419617890714795e-01 
 4.199013434072101e-08  2.417215820727553e-01 
 4.201013434072101e-08  2.414818546738673e-01 
 4.203013434072102e-08  2.412426059172414e-01 
 4.205013434072102e-08  2.410038348472157e-01 
 4.207013434072102e-08  2.407655405100361e-01 
 4.209013434072103e-08  2.405277219538529e-01 
 4.211013434072103e-08  2.402903782287170e-01 
 4.213013434072103e-08  2.400535083865758e-01 
 4.215013434072103e-08  2.398171114812695e-01 
 4.217013434072104e-08  2.395811865685277e-01 
 4.219013434072104e-08  2.393457327059652e-01 
 4.221013434072104e-08  2.391107489530785e-01 
 4.223013434072105e-08  2.388762343712416e-01 
 4.225013434072105e-08  2.386421880237028e-01 
 4.227013434072105e-08  2.384086089755806e-01 
 4.229013434072105e-08  2.381754962938604e-01 
 4.231013434072106e-08  2.379428490473901e-01 
 4.233013434072106e-08  2.377106663068770e-01 
 4.235013434072106e-08  2.374789471448836e-01 
 4.237013434072107e-08  2.372476906358243e-01 
 4.239013434072107e-08  2.370168958559614e-01 
 4.241013434072107e-08  2.367865618834019e-01 
 4.243013434072107e-08  2.365566877980929e-01 
 4.245013434072108e-08  2.363272726818191e-01 
 4.247013434072108e-08  2.360983156181980e-01 
 4.249013434072108e-08  2.358698156926769e-01 
 4.251013434072109e-08  2.356417719925292e-01 
 4.253013434072109e-08  2.354141836068508e-01 
 4.255013434072109e-08  2.351870496265560e-01 
 4.257013434072109e-08  2.349603691443743e-01 
 4.259013434072110e-08  2.347341412548467e-01 
 4.261013434072110e-08  2.345083650543221e-01 
 4.263013434072110e-08  2.342830396409536e-01 
 4.265013434072111e-08  2.340581641146950e-01 
 4.267013434072111e-08  2.338337375772969e-01 
 4.269013434072111e-08  2.336097591323036e-01 
 4.271013434072111e-08  2.333862278850490e-01 
 4.273013434072112e-08  2.331631429426538e-01 
 4.275013434072112e-08  2.329405034140208e-01 
 4.277013434072112e-08  2.327183084098325e-01 
 4.279013434072112e-08  2.324965570425468e-01 
 4.281013434072113e-08  2.322752484263937e-01 
 4.283013434072113e-08  2.320543816773716e-01 
 4.285013434072113e-08  2.318339559132442e-01 
 4.287013434072114e-08  2.316139702535364e-01 
 4.289013434072114e-08  2.313944238195311e-01 
 4.291013434072114e-08  2.311753157342658e-01 
 4.293013434072114e-08  2.309566451225289e-01 
 4.295013434072115e-08  2.307384111108563e-01 
 4.297013434072115e-08  2.305206128275278e-01 
 4.299013434072115e-08  2.303032494025636e-01 
 4.301013434072116e-08  2.300863199677210e-01 
 4.303013434072116e-08  2.298698236564909e-01 
 4.305013434072116e-08  2.296537596040941e-01 
 4.307013434072116e-08  2.294381269474784e-01 
 4.309013434072117e-08  2.292229248253143e-01 
 4.311013434072117e-08  2.290081523779924e-01 
 4.313013434072117e-08  2.287938087476194e-01 
 4.315013434072118e-08  2.285798930780149e-01 
 4.317013434072118e-08  2.283664045147082e-01 
 4.319013434072118e-08  2.281533422049342e-01 
 4.321013434072118e-08  2.279407052976309e-01 
 4.323013434072119e-08  2.277284929434353e-01 
 4.325013434072119e-08  2.275167042946802e-01 
 4.327013434072119e-08  2.273053385053909e-01 
 4.329013434072120e-08  2.270943947312819e-01 
 4.331013434072120e-08  2.268838721297533e-01 
 4.333013434072120e-08  2.266737698598876e-01 
 4.335013434072120e-08  2.264640870824462e-01 
 4.337013434072121e-08  2.262548229598662e-01 
 4.339013434072121e-08  2.260459766562571e-01 
 4.341013434072121e-08  2.258375473373971e-01 
 4.343013434072122e-08  2.256295341707302e-01 
 4.345013434072122e-08  2.254219363253625e-01 
 4.347013434072122e-08  2.252147529720593e-01 
 4.349013434072122e-08  2.250079832832414e-01 
 4.351013434072123e-08  2.248016264329819e-01 
 4.353013434072123e-08  2.245956815970033e-01 
 4.355013434072123e-08  2.243901479526735e-01 
 4.357013434072124e-08  2.241850246790030e-01 
 4.359013434072124e-08  2.239803109566414e-01 
 4.361013434072124e-08  2.237760059678746e-01 
 4.363013434072124e-08  2.235721088966205e-01 
 4.365013434072125e-08  2.233686189284270e-01 
 4.367013434072125e-08  2.231655352504680e-01 
 4.369013434072125e-08  2.229628570515400e-01 
 4.371013434072125e-08  2.227605835220595e-01 
 4.373013434072126e-08  2.225587138540592e-01 
 4.375013434072126e-08  2.223572472411851e-01 
 4.377013434072126e-08  2.221561828786930e-01 
 4.379013434072127e-08  2.219555199634460e-01 
 4.381013434072127e-08  2.217552576939101e-01 
 4.383013434072127e-08  2.215553952701519e-01 
 4.385013434072127e-08  2.213559318938353e-01 
 4.387013434072128e-08  2.211568667682179e-01 
 4.389013434072128e-08  2.209581990981484e-01 
 4.391013434072128e-08  2.207599280900629e-01 
 4.393013434072129e-08  2.205620529519818e-01 
 4.395013434072129e-08  2.203645728935071e-01 
 4.397013434072129e-08  2.201674871258186e-01 
 4.399013434072129e-08  2.199707948616715e-01 
 4.401013434072130e-08  2.197744953153922e-01 
 4.403013434072130e-08  2.195785877028764e-01 
 4.405013434072130e-08  2.193830712415850e-01 
 4.407013434072131e-08  2.191879451505414e-01 
 4.409013434072131e-08  2.189932086503282e-01 
 4.411013434072131e-08  2.187988609630844e-01 
 4.413013434072131e-08  2.186049013125020e-01 
 4.415013434072132e-08  2.184113289238230e-01 
 4.417013434072132e-08  2.182181430238363e-01 
 4.419013434072132e-08  2.180253428408744e-01 
 4.421013434072133e-08  2.178329276048108e-01 
 4.423013434072133e-08  2.176408965470564e-01 
 4.425013434072133e-08  2.174492489005569e-01 
 4.427013434072133e-08  2.172579838997895e-01 
 4.429013434072134e-08  2.170671007807596e-01 
 4.431013434072134e-08  2.168765987809982e-01 
 4.433013434072134e-08  2.166864771395586e-01 
 4.435013434072135e-08  2.164967350970133e-01 
 4.437013434072135e-08  2.163073718954514e-01 
 4.439013434072135e-08  2.161183867784750e-01 
 4.441013434072135e-08  2.159297789911964e-01 
 4.443013434072136e-08  2.157415477802353e-01 
 4.445013434072136e-08  2.155536923937155e-01 
 4.447013434072136e-08  2.153662120812620e-01 
 4.449013434072137e-08  2.151791060939979e-01 
 4.451013434072137e-08  2.149923736845418e-01 
 4.453013434072137e-08  2.148060141070041e-01 
 4.455013434072137e-08  2.146200266169851e-01 
 4.457013434072138e-08  2.144344104715708e-01 
 4.459013434072138e-08  2.142491649293307e-01 
 4.461013434072138e-08  2.140642892503147e-01 
 4.463013434072138e-08  2.138797826960499e-01 
 4.465013434072139e-08  2.136956445295380e-01 
 4.467013434072139e-08  2.135118740152522e-01 
 4.469013434072139e-08  2.133284704191343e-01 
 4.471013434072140e-08  2.131454330085916e-01 
 4.473013434072140e-08  2.129627610524941e-01 
 4.475013434072140e-08  2.127804538211718e-01 
 4.477013434072140e-08  2.125985105864114e-01 
 4.479013434072141e-08  2.124169306214536e-01 
 4.481013434072141e-08  2.122357132009900e-01 
 4.483013434072141e-08  2.120548576011605e-01 
 4.485013434072142e-08  2.118743630995503e-01 
 4.487013434072142e-08  2.116942289751870e-01 
 4.489013434072142e-08  2.115144545085375e-01 
 4.491013434072142e-08  2.113350389815056e-01 
 4.493013434072143e-08  2.111559816774285e-01 
 4.495013434072143e-08  2.109772818810747e-01 
 4.497013434072143e-08  2.107989388786405e-01 
 4.499013434072144e-08  2.106209519577474e-01 
 4.501013434072144e-08  2.104433204074394e-01 
 4.503013434072144e-08  2.102660435181798e-01 
 4.505013434072144e-08  2.100891205818486e-01 
 4.507013434072145e-08  2.099125508917397e-01 
 4.509013434072145e-08  2.097363337425581e-01 
 4.511013434072145e-08  2.095604684304169e-01 
 4.513013434072146e-08  2.093849542528345e-01 
 4.515013434072146e-08  2.092097905087321e-01 
 4.517013434072146e-08  2.090349764984304e-01 
 4.519013434072146e-08  2.088605115236474e-01 
 4.521013434072147e-08  2.086863948874951e-01 
 4.523013434072147e-08  2.085126258944769e-01 
 4.525013434072147e-08  2.083392038504848e-01 
 4.527013434072148e-08  2.081661280627969e-01 
 4.529013434072148e-08  2.079933978400743e-01 
 4.531013434072148e-08  2.078210124923582e-01 
 4.533013434072148e-08  2.076489713310677e-01 
 4.535013434072149e-08  2.074772736689965e-01 
 4.537013434072149e-08  2.073059188203105e-01 
 4.539013434072149e-08  2.071349061005449e-01 
 4.541013434072150e-08  2.069642348266016e-01 
 4.543013434072150e-08  2.067939043167462e-01 
 4.545013434072150e-08  2.066239138906057e-01 
 4.547013434072150e-08  2.064542628691653e-01 
 4.549013434072151e-08  2.062849505747660e-01 
 4.551013434072151e-08  2.061159763311020e-01 
 4.553013434072151e-08  2.059473394632176e-01 
 4.555013434072151e-08  2.057790392975047e-01 
 4.557013434072152e-08  2.056110751617002e-01 
 4.559013434072152e-08  2.054434463848834e-01 
 4.561013434072152e-08  2.052761522974730e-01 
 4.563013434072153e-08  2.051091922312246e-01 
 4.565013434072153e-08  2.049425655192280e-01 
 4.567013434072153e-08  2.047762714959048e-01 
 4.569013434072153e-08  2.046103094970051e-01 
 4.571013434072154e-08  2.044446788596055e-01 
 4.573013434072154e-08  2.042793789221063e-01 
 4.575013434072154e-08  2.041144090242286e-01 
 4.577013434072155e-08  2.039497685070117e-01 
 4.579013434072155e-08  2.037854567128109e-01 
 4.581013434072155e-08  2.036214729852942e-01 
 4.583013434072155e-08  2.034578166694404e-01 
 4.585013434072156e-08  2.032944871115358e-01 
 4.587013434072156e-08  2.031314836591722e-01 
 4.589013434072156e-08  2.029688056612438e-01 
 4.591013434072157e-08  2.028064524679448e-01 
 4.593013434072157e-08  2.026444234307669e-01 
 4.595013434072157e-08  2.024827179024966e-01 
 4.597013434072157e-08  2.023213352372127e-01 
 4.599013434072158e-08  2.021602747902835e-01 
 4.601013434072158e-08  2.019995359183644e-01 
 4.603013434072158e-08  2.018391179793956e-01 
 4.605013434072159e-08  2.016790203325989e-01 
 4.607013434072159e-08  2.015192423384755e-01 
 4.609013434072159e-08  2.013597833588036e-01 
 4.611013434072159e-08  2.012006427566356e-01 
 4.613013434072160e-08  2.010418198962955e-01 
 4.615013434072160e-08  2.008833141433769e-01 
 4.617013434072160e-08  2.007251248647396e-01 
 4.619013434072161e-08  2.005672514285079e-01 
 4.621013434072161e-08  2.004096932040674e-01 
 4.623013434072161e-08  2.002524495620629e-01 
 4.625013434072161e-08  2.000955198743958e-01 
 4.627013434072162e-08  1.999389035142217e-01 
 4.629013434072162e-08  1.997825998559477e-01 
 4.631013434072162e-08  1.996266082752298e-01 
 4.633013434072163e-08  1.994709281489706e-01 
 4.635013434072163e-08  1.993155588553169e-01 
 4.637013434072163e-08  1.991604997736572e-01 
 4.639013434072163e-08  1.990057502846188e-01 
 4.641013434072164e-08  1.988513097700660e-01 
 4.643013434072164e-08  1.986971776130970e-01 
 4.645013434072164e-08  1.985433531980418e-01 
 4.647013434072164e-08  1.983898359104596e-01 
 4.649013434072165e-08  1.982366251371366e-01 
 4.651013434072165e-08  1.980837202660831e-01 
 4.653013434072165e-08  1.979311206865316e-01 
 4.655013434072166e-08  1.977788257889338e-01 
 4.657013434072166e-08  1.976268349649584e-01 
 4.659013434072166e-08  1.974751476074888e-01 
 4.661013434072166e-08  1.973237631106207e-01 
 4.663013434072167e-08  1.971726808696595e-01 
 4.665013434072167e-08  1.970219002811178e-01 
 4.667013434072167e-08  1.968714207427132e-01 
 4.669013434072168e-08  1.967212416533659e-01 
 4.671013434072168e-08  1.965713624131959e-01 
 4.673013434072168e-08  1.964217824235216e-01 
 4.675013434072168e-08  1.962725010868560e-01 
 4.677013434072169e-08  1.961235178069056e-01 
 4.679013434072169e-08  1.959748319885670e-01 
 4.681013434072169e-08  1.958264430379254e-01 
 4.683013434072170e-08  1.956783503622515e-01 
 4.685013434072170e-08  1.955305533699996e-01 
 4.687013434072170e-08  1.953830514708050e-01 
 4.689013434072170e-08  1.952358440754820e-01 
 4.691013434072171e-08  1.950889305960211e-01 
 4.693013434072171e-08  1.949423104455866e-01 
 4.695013434072171e-08  1.947959830385148e-01 
 4.697013434072172e-08  1.946499477903112e-01 
 4.699013434072172e-08  1.945042041176483e-01 
 4.701013434072172e-08  1.943587514383634e-01 
 4.703013434072172e-08  1.942135891714560e-01 
 4.705013434072173e-08  1.940687167370856e-01 
 4.707013434072173e-08  1.939241335565696e-01 
 4.709013434072173e-08  1.937798390523808e-01 
 4.711013434072174e-08  1.936358326481449e-01 
 4.713013434072174e-08  1.934921137686384e-01 
 4.715013434072174e-08  1.933486818397865e-01 
 4.717013434072174e-08  1.932055362886607e-01 
 4.719013434072175e-08  1.930626765434759e-01 
 4.721013434072175e-08  1.929201020335892e-01 
 4.723013434072175e-08  1.927778121894966e-01 
 4.725013434072176e-08  1.926358064428316e-01 
 4.727013434072176e-08  1.924940842263621e-01 
 4.729013434072176e-08  1.923526449739888e-01 
 4.731013434072176e-08  1.922114881207426e-01 
 4.733013434072177e-08  1.920706131027825e-01 
 4.735013434072177e-08  1.919300193573930e-01 
 4.737013434072177e-08  1.917897063229826e-01 
 4.739013434072177e-08  1.916496734390806e-01 
 4.741013434072178e-08  1.915099201463355e-01 
 4.743013434072178e-08  1.913704458865128e-01 
 4.745013434072178e-08  1.912312501024924e-01 
 4.747013434072179e-08  1.910923322382665e-01 
 4.749013434072179e-08  1.909536917389376e-01 
 4.751013434072179e-08  1.908153280507160e-01 
 4.753013434072179e-08  1.906772406209178e-01 
 4.755013434072180e-08  1.905394288979624e-01 
 4.757013434072180e-08  1.904018923313706e-01 
 4.759013434072180e-08  1.902646303717624e-01 
 4.761013434072181e-08  1.901276424708545e-01 
 4.763013434072181e-08  1.899909280814585e-01 
 4.765013434072181e-08  1.898544866574784e-01 
 4.767013434072181e-08  1.897183176539086e-01 
 4.769013434072182e-08  1.895824205268316e-01 
 4.771013434072182e-08  1.894467947334160e-01 
 4.773013434072182e-08  1.893114397319140e-01 
 4.775013434072183e-08  1.891763549816597e-01 
 4.777013434072183e-08  1.890415399430667e-01 
 4.779013434072183e-08  1.889069940776258e-01 
 4.781013434072183e-08  1.887727168479029e-01 
 4.783013434072184e-08  1.886387077175373e-01 
 4.785013434072184e-08  1.885049661512389e-01 
 4.787013434072184e-08  1.883714916147865e-01 
 4.789013434072185e-08  1.882382835750254e-01 
 4.791013434072185e-08  1.881053414998655e-01 
 4.793013434072185e-08  1.879726648582792e-01 
 4.795013434072185e-08  1.878402531202989e-01 
 4.797013434072186e-08  1.877081057570153e-01 
 4.799013434072186e-08  1.875762222405752e-01 
 4.801013434072186e-08  1.874446020441791e-01 
 4.803013434072187e-08  1.873132446420794e-01 
 4.805013434072187e-08  1.871821495095782e-01 
 4.807013434072187e-08  1.870513161230254e-01 
 4.809013434072187e-08  1.869207439598161e-01 
 4.811013434072188e-08  1.867904324983892e-01 
 4.813013434072188e-08  1.866603812182248e-01 
 4.815013434072188e-08  1.865305895998420e-01 
 4.817013434072189e-08  1.864010571247975e-01 
 4.819013434072189e-08  1.862717832756830e-01 
 4.821013434072189e-08  1.861427675361231e-01 
 4.823013434072189e-08  1.860140093907736e-01 
 4.825013434072190e-08  1.858855083253192e-01 
 4.827013434072190e-08  1.857572638264715e-01 
 4.829013434072190e-08  1.856292753819668e-01 
 4.831013434072190e-08  1.855015424805644e-01 
 4.833013434072191e-08  1.853740646120441e-01 
 4.835013434072191e-08  1.852468412672048e-01 
 4.837013434072191e-08  1.851198719378616e-01 
 4.839013434072192e-08  1.849931561168446e-01 
 4.841013434072192e-08  1.848666932979964e-01 
 4.843013434072192e-08  1.847404829761701e-01 
 4.845013434072192e-08  1.846145246472276e-01 
 4.847013434072193e-08  1.844888178080372e-01 
 4.849013434072193e-08  1.843633619564717e-01 
 4.851013434072193e-08  1.842381565914066e-01 
 4.853013434072194e-08  1.841132012127181e-01 
 4.855013434072194e-08  1.839884953212805e-01 
 4.857013434072194e-08  1.838640384189650e-01 
 4.859013434072194e-08  1.837398300086374e-01 
 4.861013434072195e-08  1.836158695941558e-01 
 4.863013434072195e-08  1.834921566803692e-01 
 4.865013434072195e-08  1.833686907731150e-01 
 4.867013434072196e-08  1.832454713792174e-01 
 4.869013434072196e-08  1.831224980064851e-01 
 4.871013434072196e-08  1.829997701637099e-01 
 4.873013434072196e-08  1.828772873606638e-01 
 4.875013434072197e-08  1.827550491080982e-01 
 4.877013434072197e-08  1.826330549177408e-01 
 4.879013434072197e-08  1.825113043022945e-01 
 4.881013434072198e-08  1.823897967754349e-01 
 4.883013434072198e-08  1.822685318518090e-01 
 4.885013434072198e-08  1.821475090470324e-01 
 4.887013434072198e-08  1.820267278776881e-01 
 4.889013434072199e-08  1.819061878613243e-01 
 4.891013434072199e-08  1.817858885164525e-01 
 4.893013434072199e-08  1.816658293625452e-01 
 4.895013434072200e-08  1.815460099200348e-01 
 4.897013434072200e-08  1.814264297103109e-01 
 4.899013434072200e-08  1.813070882557188e-01 
 4.901013434072200e-08  1.811879850795574e-01 
 4.903013434072201e-08  1.810691197060775e-01 
 4.905013434072201e-08  1.809504916604798e-01 
 4.907013434072201e-08  1.808321004689128e-01 
 4.909013434072202e-08  1.807139456584715e-01 
 4.911013434072202e-08  1.805960267571947e-01 
 4.913013434072202e-08  1.804783432940636e-01 
 4.915013434072202e-08  1.803608947989999e-01 
 4.917013434072203e-08  1.802436808028640e-01 
 4.919013434072203e-08  1.801267008374526e-01 
 4.921013434072203e-08  1.800099544354979e-01 
 4.923013434072203e-08  1.798934411306643e-01 
 4.925013434072204e-08  1.797771604575477e-01 
 4.927013434072204e-08  1.796611119516731e-01 
 4.929013434072204e-08  1.795452951494930e-01 
 4.931013434072205e-08  1.794297095883853e-01 
 4.933013434072205e-08  1.793143548066517e-01 
 4.935013434072205e-08  1.791992303435156e-01 
 4.937013434072205e-08  1.790843357391204e-01 
 4.939013434072206e-08  1.789696705345279e-01 
 4.941013434072206e-08  1.788552342717158e-01 
 4.943013434072206e-08  1.787410264935766e-01 
 4.945013434072207e-08  1.786270467439154e-01 
 4.947013434072207e-08  1.785132945674480e-01 
 4.949013434072207e-08  1.783997695097995e-01 
 4.951013434072207e-08  1.782864711175020e-01 
 4.953013434072208e-08  1.781733989379929e-01 
 4.955013434072208e-08  1.780605525196137e-01 
 4.957013434072208e-08  1.779479314116071e-01 
 4.959013434072209e-08  1.778355351641160e-01 
 4.961013434072209e-08  1.777233633281816e-01 
 4.963013434072209e-08  1.776114154557415e-01 
 4.965013434072209e-08  1.774996910996276e-01 
 4.967013434072210e-08  1.773881898135648e-01 
 4.969013434072210e-08  1.772769111521693e-01 
 4.971013434072210e-08  1.771658546709462e-01 
 4.973013434072211e-08  1.770550199262883e-01 
 4.975013434072211e-08  1.769444064754739e-01 
 4.977013434072211e-08  1.768340138766655e-01 
 4.979013434072211e-08  1.767238416889074e-01 
 4.981013434072212e-08  1.766138894721248e-01 
 4.983013434072212e-08  1.765041567871213e-01 
 4.985013434072212e-08  1.763946431955773e-01 
 4.987013434072213e-08  1.762853482600485e-01 
 4.989013434072213e-08  1.761762715439640e-01 
 4.991013434072213e-08  1.760674126116246e-01 
 4.993013434072213e-08  1.759587710282009e-01 
 4.995013434072214e-08  1.758503463597317e-01 
 4.997013434072214e-08  1.757421381731223e-01 
 4.999013434072214e-08  1.756341460361428e-01 
 5.001013434072215e-08  1.755263695174262e-01 
 5.003013434072215e-08  1.754188081864668e-01 
 5.005013434072215e-08  1.753114616136185e-01 
 5.007013434072215e-08  1.752043293700928e-01 
 5.009013434072216e-08  1.750974110279577e-01 
 5.011013434072216e-08  1.749907061601353e-01 
 5.013013434072216e-08  1.748842143404005e-01 
 5.015013434072216e-08  1.747779351433792e-01 
 5.017013434072217e-08  1.746718681445467e-01 
 5.019013434072217e-08  1.745660129202258e-01 
 5.021013434072217e-08  1.744603690475853e-01 
 5.023013434072218e-08  1.743549361046381e-01 
 5.025013434072218e-08  1.742497136702398e-01 
 5.027013434072218e-08  1.741447013240868e-01 
 5.029013434072218e-08  1.740398986467147e-01 
 5.031013434072219e-08  1.739353052194966e-01 
 5.033013434072219e-08  1.738309206246414e-01 
 5.035013434072219e-08  1.737267444451921e-01 
 5.037013434072220e-08  1.736227762650244e-01 
 5.039013434072220e-08  1.735190156688447e-01 
 5.041013434072220e-08  1.734154622421886e-01 
 5.043013434072220e-08  1.733121155714192e-01 
 5.045013434072221e-08  1.732089752437256e-01 
 5.047013434072221e-08  1.731060408471209e-01 
 5.049013434072221e-08  1.730033119704408e-01 
 5.051013434072222e-08  1.729007882033421e-01 
 5.053013434072222e-08  1.727984691363010e-01 
 5.055013434072222e-08  1.726963543606110e-01 
 5.057013434072222e-08  1.725944434683820e-01 
 5.059013434072223e-08  1.724927360525380e-01 
 5.061013434072223e-08  1.723912317068158e-01 
 5.063013434072223e-08  1.722899300257636e-01 
 5.065013434072224e-08  1.721888306047390e-01 
 5.067013434072224e-08  1.720879330399073e-01 
 5.069013434072224e-08  1.719872369282403e-01 
 5.071013434072224e-08  1.718867418675145e-01 
 5.073013434072225e-08  1.717864474563096e-01 
 5.075013434072225e-08  1.716863532940064e-01 
 5.077013434072225e-08  1.715864589807859e-01 
 5.079013434072226e-08  1.714867641176274e-01 
 5.081013434072226e-08  1.713872683063067e-01 
 5.083013434072226e-08  1.712879711493947e-01 
 5.085013434072226e-08  1.711888722502560e-01 
 5.087013434072227e-08  1.710899712130470e-01 
 5.089013434072227e-08  1.709912676427144e-01 
 5.091013434072227e-08  1.708927611449940e-01 
 5.093013434072228e-08  1.707944513264081e-01 
 5.095013434072228e-08  1.706963377942654e-01 
 5.097013434072228e-08  1.705984201566580e-01 
 5.099013434072228e-08  1.705006980224611e-01 
 5.101013434072229e-08  1.704031710013303e-01 
 5.103013434072229e-08  1.703058387037008e-01 
 5.105013434072229e-08  1.702087007407856e-01 
 5.107013434072229e-08  1.701117567245740e-01 
 5.109013434072230e-08  1.700150062678299e-01 
 5.111013434072230e-08  1.699184489840904e-01 
 5.113013434072230e-08  1.698220844876642e-01 
 5.115013434072231e-08  1.697259123936302e-01 
 5.117013434072231e-08  1.696299323178356e-01 
 5.119013434072231e-08  1.695341438768949e-01 
 5.121013434072231e-08  1.694385466881878e-01 
 5.123013434072232e-08  1.693431403698580e-01 
 5.125013434072232e-08  1.692479245408118e-01 
 5.127013434072232e-08  1.691528988207162e-01 
 5.129013434072233e-08  1.690580628299976e-01 
 5.131013434072233e-08  1.689634161898403e-01 
 5.133013434072233e-08  1.688689585221851e-01 
 5.135013434072233e-08  1.687746894497274e-01 
 5.137013434072234e-08  1.686806085959160e-01 
 5.139013434072234e-08  1.685867155849516e-01 
 5.141013434072234e-08  1.684930100417851e-01 
 5.143013434072235e-08  1.683994915921163e-01 
 5.145013434072235e-08  1.683061598623924e-01 
 5.147013434072235e-08  1.682130144798063e-01 
 5.149013434072235e-08  1.681200550722954e-01 
 5.151013434072236e-08  1.680272812685397e-01 
 5.153013434072236e-08  1.679346926979610e-01 
 5.155013434072236e-08  1.678422889907206e-01 
 5.157013434072237e-08  1.677500697777185e-01 
 5.159013434072237e-08  1.676580346905915e-01 
 5.161013434072237e-08  1.675661833617119e-01 
 5.163013434072237e-08  1.674745154241860e-01 
 5.165013434072238e-08  1.673830305118527e-01 
 5.167013434072238e-08  1.672917282592819e-01 
 5.169013434072238e-08  1.672006083017732e-01 
 5.171013434072239e-08  1.671096702753545e-01 
 5.173013434072239e-08  1.670189138167799e-01 
 5.175013434072239e-08  1.669283385635294e-01 
 5.177013434072239e-08  1.668379441538064e-01 
 5.179013434072240e-08  1.667477302265367e-01 
 5.181013434072240e-08  1.666576964213673e-01 
 5.183013434072240e-08  1.665678423786643e-01 
 5.185013434072241e-08  1.664781677395123e-01 
 5.187013434072241e-08  1.663886721457121e-01 
 5.189013434072241e-08  1.662993552397797e-01 
 5.191013434072241e-08  1.662102166649452e-01 
 5.193013434072242e-08  1.661212560651509e-01 
 5.195013434072242e-08  1.660324730850497e-01 
 5.197013434072242e-08  1.659438673700043e-01 
 5.199013434072242e-08  1.658554385660854e-01 
 5.201013434072243e-08  1.657671863200705e-01 
 5.203013434072243e-08  1.656791102794420e-01 
 5.205013434072243e-08  1.655912100923865e-01 
 5.207013434072244e-08  1.655034854077928e-01 
 5.209013434072244e-08  1.654159358752508e-01 
 5.211013434072244e-08  1.653285611450500e-01 
 5.213013434072244e-08  1.652413608681783e-01 
 5.215013434072245e-08  1.651543346963203e-01 
 5.217013434072245e-08  1.650674822818561e-01 
 5.219013434072245e-08  1.649808032778596e-01 
 5.221013434072246e-08  1.648942973380979e-01 
 5.223013434072246e-08  1.648079641170291e-01 
 5.225013434072246e-08  1.647218032698010e-01 
 5.227013434072246e-08  1.646358144522503e-01 
 5.229013434072247e-08  1.645499973209006e-01 
 5.231013434072247e-08  1.644643515329615e-01 
 5.233013434072247e-08  1.643788767463269e-01 
 5.235013434072248e-08  1.642935726195737e-01 
 5.237013434072248e-08  1.642084388119605e-01 
 5.239013434072248e-08  1.641234749834265e-01 
 5.241013434072248e-08  1.640386807945895e-01 
 5.243013434072249e-08  1.639540559067451e-01 
 5.245013434072249e-08  1.638695999818651e-01 
 5.247013434072249e-08  1.637853126825964e-01 
 5.249013434072250e-08  1.637011936722591e-01 
 5.251013434072250e-08  1.636172426148459e-01 
 5.253013434072250e-08  1.635334591750202e-01 
 5.255013434072250e-08  1.634498430181148e-01 
 5.257013434072251e-08  1.633663938101308e-01 
 5.259013434072251e-08  1.632831112177363e-01 
 5.261013434072251e-08  1.631999949082648e-01 
 5.263013434072252e-08  1.631170445497140e-01 
 5.265013434072252e-08  1.630342598107446e-01 
 5.267013434072252e-08  1.629516403606788e-01 
 5.269013434072252e-08  1.628691858694989e-01 
 5.271013434072253e-08  1.627868960078462e-01 
 5.273013434072253e-08  1.627047704470198e-01 
 5.275013434072253e-08  1.626228088589747e-01 
 5.277013434072254e-08  1.625410109163213e-01 
 5.279013434072254e-08  1.624593762923233e-01 
 5.281013434072254e-08  1.623779046608971e-01 
 5.283013434072254e-08  1.622965956966099e-01 
 5.285013434072255e-08  1.622154490746787e-01 
 5.287013434072255e-08  1.621344644709691e-01 
 5.289013434072255e-08  1.620536415619938e-01 
 5.291013434072255e-08  1.619729800249113e-01 
 5.293013434072256e-08  1.618924795375247e-01 
 5.295013434072256e-08  1.618121397782805e-01 
 5.297013434072256e-08  1.617319604262673e-01 
 5.299013434072257e-08  1.616519411612141e-01 
 5.301013434072257e-08  1.615720816634897e-01 
 5.303013434072257e-08  1.614923816141010e-01 
 5.305013434072257e-08  1.614128406946916e-01 
 5.307013434072258e-08  1.613334585875408e-01 
 5.309013434072258e-08  1.612542349755626e-01 
 5.311013434072258e-08  1.611751695423037e-01 
 5.313013434072259e-08  1.610962619719429e-01 
 5.315013434072259e-08  1.610175119492893e-01 
 5.317013434072259e-08  1.609389191597815e-01 
 5.319013434072259e-08  1.608604832894861e-01 
 5.321013434072260e-08  1.607822040250965e-01 
 5.323013434072260e-08  1.607040810539317e-01 
 5.325013434072260e-08  1.606261140639351e-01 
 5.327013434072261e-08  1.605483027436729e-01 
 5.329013434072261e-08  1.604706467823334e-01 
 5.331013434072261e-08  1.603931458697251e-01 
 5.333013434072261e-08  1.603157996962761e-01 
 5.335013434072262e-08  1.602386079530326e-01 
 5.337013434072262e-08  1.601615703316576e-01 
 5.339013434072262e-08  1.600846865244298e-01 
 5.341013434072263e-08  1.600079562242420e-01 
 5.343013434072263e-08  1.599313791246006e-01 
 5.345013434072263e-08  1.598549549196237e-01 
 5.347013434072263e-08  1.597786833040401e-01 
 5.349013434072264e-08  1.597025639731884e-01 
 5.351013434072264e-08  1.596265966230150e-01 
 5.353013434072264e-08  1.595507809500738e-01 
 5.355013434072265e-08  1.594751166515244e-01 
 5.357013434072265e-08  1.593996034251310e-01 
 5.359013434072265e-08  1.593242409692614e-01 
 5.361013434072265e-08  1.592490289828854e-01 
 5.363013434072266e-08  1.591739671655742e-01 
 5.365013434072266e-08  1.590990552174987e-01 
 5.367013434072266e-08  1.590242928394281e-01 
 5.369013434072267e-08  1.589496797327295e-01 
 5.371013434072267e-08  1.588752155993661e-01 
 5.373013434072267e-08  1.588009001418961e-01 
 5.375013434072267e-08  1.587267330634716e-01 
 5.377013434072268e-08  1.586527140678375e-01 
 5.379013434072268e-08  1.585788428593299e-01 
 5.381013434072268e-08  1.585051191428757e-01 
 5.383013434072268e-08  1.584315426239905e-01 
 5.385013434072269e-08  1.583581130087782e-01 
 5.387013434072269e-08  1.582848300039292e-01 
 5.389013434072269e-08  1.582116933167197e-01 
 5.391013434072270e-08  1.581387026550104e-01 
 5.393013434072270e-08  1.580658577272452e-01 
 5.395013434072270e-08  1.579931582424502e-01 
 5.397013434072270e-08  1.579206039102324e-01 
 5.399013434072271e-08  1.578481944407786e-01 
 5.401013434072271e-08  1.577759295448542e-01 
 5.403013434072271e-08  1.577038089338022e-01 
 5.405013434072272e-08  1.576318323195418e-01 
 5.407013434072272e-08  1.575599994145676e-01 
 5.409013434072272e-08  1.574883099319479e-01 
 5.411013434072272e-08  1.574167635853242e-01 
 5.413013434072273e-08  1.573453600889097e-01 
 5.415013434072273e-08  1.572740991574881e-01 
 5.417013434072273e-08  1.572029805064126e-01 
 5.419013434072274e-08  1.571320038516046e-01 
 5.421013434072274e-08  1.570611689095530e-01 
 5.423013434072274e-08  1.569904753973126e-01 
 5.425013434072274e-08  1.569199230325030e-01 
 5.427013434072275e-08  1.568495115333079e-01 
 5.429013434072275e-08  1.567792406184733e-01 
 5.431013434072275e-08  1.567091100073071e-01 
 5.433013434072276e-08  1.566391194196775e-01 
 5.435013434072276e-08  1.565692685760119e-01 
 5.437013434072276e-08  1.564995571972960e-01 
 5.439013434072276e-08  1.564299850050727e-01 
 5.441013434072277e-08  1.563605517214407e-01 
 5.443013434072277e-08  1.562912570690536e-01 
 5.445013434072277e-08  1.562221007711187e-01 
 5.447013434072278e-08  1.561530825513962e-01 
 5.449013434072278e-08  1.560842021341975e-01 
 5.451013434072278e-08  1.560154592443848e-01 
 5.453013434072278e-08  1.559468536073693e-01 
 5.455013434072279e-08  1.558783849491107e-01 
 5.457013434072279e-08  1.558100529961155e-01 
 5.459013434072279e-08  1.557418574754367e-01 
 5.461013434072280e-08  1.556737981146720e-01 
 5.463013434072280e-08  1.556058746419632e-01 
 5.465013434072280e-08  1.555380867859946e-01 
 5.467013434072280e-08  1.554704342759924e-01 
 5.469013434072281e-08  1.554029168417235e-01 
 5.471013434072281e-08  1.553355342134941e-01 
 5.473013434072281e-08  1.552682861221489e-01 
 5.475013434072281e-08  1.552011722990704e-01 
 5.477013434072282e-08  1.551341924761770e-01 
 5.479013434072282e-08  1.550673463859226e-01 
 5.481013434072282e-08  1.550006337612949e-01 
 5.483013434072283e-08  1.549340543358153e-01 
 5.485013434072283e-08  1.548676078435368e-01 
 5.487013434072283e-08  1.548012940190436e-01 
 5.489013434072283e-08  1.547351125974497e-01 
 5.491013434072284e-08  1.546690633143981e-01 
 5.493013434072284e-08  1.546031459060597e-01 
 5.495013434072284e-08  1.545373601091317e-01 
 5.497013434072285e-08  1.544717056608377e-01 
 5.499013434072285e-08  1.544061822989254e-01 
 5.501013434072285e-08  1.543407897616664e-01 
 5.503013434072285e-08  1.542755277878547e-01 
 5.505013434072286e-08  1.542103961168061e-01 
 5.507013434072286e-08  1.541453944883565e-01 
 5.509013434072286e-08  1.540805226428617e-01 
 5.511013434072287e-08  1.540157803211953e-01 
 5.513013434072287e-08  1.539511672647490e-01 
 5.515013434072287e-08  1.538866832154303e-01 
 5.517013434072287e-08  1.538223279156622e-01 
 5.519013434072288e-08  1.537581011083820e-01 
 5.521013434072288e-08  1.536940025370401e-01 
 5.523013434072288e-08  1.536300319455993e-01 
 5.525013434072289e-08  1.535661890785337e-01 
 5.527013434072289e-08  1.535024736808273e-01 
 5.529013434072289e-08  1.534388854979734e-01 
 5.531013434072289e-08  1.533754242759735e-01 
 5.533013434072290e-08  1.533120897613362e-01 
 5.535013434072290e-08  1.532488817010763e-01 
 5.537013434072290e-08  1.531857998427135e-01 
 5.539013434072291e-08  1.531228439342719e-01 
 5.541013434072291e-08  1.530600137242783e-01 
 5.543013434072291e-08  1.529973089617619e-01 
 5.545013434072291e-08  1.529347293962530e-01 
 5.547013434072292e-08  1.528722747777819e-01 
 5.549013434072292e-08  1.528099448568780e-01 
 5.551013434072292e-08  1.527477393845688e-01 
 5.553013434072293e-08  1.526856581123788e-01 
 5.555013434072293e-08  1.526237007923288e-01 
 5.557013434072293e-08  1.525618671769346e-01 
 5.559013434072293e-08  1.525001570192062e-01 
 5.561013434072294e-08  1.524385700726467e-01 
 5.563013434072294e-08  1.523771060912513e-01 
 5.565013434072294e-08  1.523157648295064e-01 
 5.567013434072294e-08  1.522545460423887e-01 
 5.569013434072295e-08  1.521934494853641e-01 
 5.571013434072295e-08  1.521324749143866e-01 
 5.573013434072295e-08  1.520716220858976e-01 
 5.575013434072296e-08  1.520108907568247e-01 
 5.577013434072296e-08  1.519502806845808e-01 
 5.579013434072296e-08  1.518897916270632e-01 
 5.581013434072296e-08  1.518294233426528e-01 
 5.583013434072297e-08  1.517691755902125e-01 
 5.585013434072297e-08  1.517090481290871e-01 
 5.587013434072297e-08  1.516490407191014e-01 
 5.589013434072298e-08  1.515891531205602e-01 
 5.591013434072298e-08  1.515293850942465e-01 
 5.593013434072298e-08  1.514697364014212e-01 
 5.595013434072298e-08  1.514102068038219e-01 
 5.597013434072299e-08  1.513507960636616e-01 
 5.599013434072299e-08  1.512915039436285e-01 
 5.601013434072299e-08  1.512323302068841e-01 
 5.603013434072300e-08  1.511732746170633e-01 
 5.605013434072300e-08  1.511143369382725e-01 
 5.607013434072300e-08  1.510555169350893e-01 
 5.609013434072300e-08  1.509968143725613e-01 
 5.611013434072301e-08  1.509382290162053e-01 
 5.613013434072301e-08  1.508797606320062e-01 
 5.615013434072301e-08  1.508214089864161e-01 
 5.617013434072302e-08  1.507631738463535e-01 
 5.619013434072302e-08  1.507050549792020e-01 
 5.621013434072302e-08  1.506470521528101e-01 
 5.623013434072302e-08  1.505891651354895e-01 
 5.625013434072303e-08  1.505313936960145e-01 
 5.627013434072303e-08  1.504737376036213e-01 
 5.629013434072303e-08  1.504161966280065e-01 
 5.631013434072304e-08  1.503587705393267e-01 
 5.633013434072304e-08  1.503014591081974e-01 
 5.635013434072304e-08  1.502442621056923e-01 
 5.637013434072304e-08  1.501871793033418e-01 
 5.639013434072305e-08  1.501302104731327e-01 
 5.641013434072305e-08  1.500733553875069e-01 
 5.643013434072305e-08  1.500166138193609e-01 
 5.645013434072306e-08  1.499599855420444e-01 
 5.647013434072306e-08  1.499034703293597e-01 
 5.649013434072306e-08  1.498470679555608e-01 
 5.651013434072306e-08  1.497907781953523e-01 
 5.653013434072307e-08  1.497346008238887e-01 
 5.655013434072307e-08  1.496785356167735e-01 
 5.657013434072307e-08  1.496225823500580e-01 
 5.659013434072307e-08  1.495667408002409e-01 
 5.661013434072308e-08  1.495110107442671e-01 
 5.663013434072308e-08  1.494553919595266e-01 
 5.665013434072308e-08  1.493998842238543e-01 
 5.667013434072309e-08  1.493444873155283e-01 
 5.669013434072309e-08  1.492892010132696e-01 
 5.671013434072309e-08  1.492340250962409e-01 
 5.673013434072309e-08  1.491789593440458e-01 
 5.675013434072310e-08  1.491240035367280e-01 
 5.677013434072310e-08  1.490691574547705e-01 
 5.679013434072310e-08  1.490144208790943e-01 
 5.681013434072311e-08  1.489597935910581e-01 
 5.683013434072311e-08  1.489052753724570e-01 
 5.685013434072311e-08  1.488508660055218e-01 
 5.687013434072311e-08  1.487965652729181e-01 
 5.689013434072312e-08  1.487423729577454e-01 
 5.691013434072312e-08  1.486882888435362e-01 
 5.693013434072312e-08  1.486343127142555e-01 
 5.695013434072313e-08  1.485804443542993e-01 
 5.697013434072313e-08  1.485266835484942e-01 
 5.699013434072313e-08  1.484730300820965e-01 
 5.701013434072313e-08  1.484194837407911e-01 
 5.703013434072314e-08  1.483660443106909e-01 
 5.705013434072314e-08  1.483127115783359e-01 
 5.707013434072314e-08  1.482594853306921e-01 
 5.709013434072315e-08  1.482063653551511e-01 
 5.711013434072315e-08  1.481533514395289e-01 
 5.713013434072315e-08  1.481004433720650e-01 
 5.715013434072315e-08  1.480476409414219e-01 
 5.717013434072316e-08  1.479949439366840e-01 
 5.719013434072316e-08  1.479423521473568e-01 
 5.721013434072316e-08  1.478898653633661e-01 
 5.723013434072317e-08  1.478374833750571e-01 
 5.725013434072317e-08  1.477852059731935e-01 
 5.727013434072317e-08  1.477330329489570e-01 
 5.729013434072317e-08  1.476809640939460e-01 
 5.731013434072318e-08  1.476289992001753e-01 
 5.733013434072318e-08  1.475771380600746e-01 
 5.735013434072318e-08  1.475253804664882e-01 
 5.737013434072319e-08  1.474737262126741e-01 
 5.739013434072319e-08  1.474221750923030e-01 
 5.741013434072319e-08  1.473707268994576e-01 
 5.743013434072319e-08  1.473193814286315e-01 
 5.745013434072320e-08  1.472681384747289e-01 
 5.747013434072320e-08  1.472169978330636e-01 
 5.749013434072320e-08  1.471659592993576e-01 
 5.751013434072320e-08  1.471150226697412e-01 
 5.753013434072321e-08  1.470641877407515e-01 
 5.755013434072321e-08  1.470134543093320e-01 
 5.757013434072321e-08  1.469628221728316e-01 
 5.759013434072322e-08  1.469122911290037e-01 
 5.761013434072322e-08  1.468618609760056e-01 
 5.763013434072322e-08  1.468115315123976e-01 
 5.765013434072322e-08  1.467613025371422e-01 
 5.767013434072323e-08  1.467111738496032e-01 
 5.769013434072323e-08  1.466611452495452e-01 
 5.771013434072323e-08  1.466112165371323e-01 
 5.773013434072324e-08  1.465613875129278e-01 
 5.775013434072324e-08  1.465116579778933e-01 
 5.777013434072324e-08  1.464620277333874e-01 
 5.779013434072324e-08  1.464124965811657e-01 
 5.781013434072325e-08  1.463630643233794e-01 
 5.783013434072325e-08  1.463137307625749e-01 
 5.785013434072325e-08  1.462644957016927e-01 
 5.787013434072326e-08  1.462153589440668e-01 
 5.789013434072326e-08  1.461663202934239e-01 
 5.791013434072326e-08  1.461173795538825e-01 
 5.793013434072326e-08  1.460685365299522e-01 
 5.795013434072327e-08  1.460197910265330e-01 
 5.797013434072327e-08  1.459711428489144e-01 
 5.799013434072327e-08  1.459225918027746e-01 
 5.801013434072328e-08  1.458741376941800e-01 
 5.803013434072328e-08  1.458257803295838e-01 
 5.805013434072328e-08  1.457775195158262e-01 
 5.807013434072328e-08  1.457293550601325e-01 
 5.809013434072329e-08  1.456812867701133e-01 
 5.811013434072329e-08  1.456333144537631e-01 
 5.813013434072329e-08  1.455854379194598e-01 
 5.815013434072330e-08  1.455376569759640e-01 
 5.817013434072330e-08  1.454899714324181e-01 
 5.819013434072330e-08  1.454423810983455e-01 
 5.821013434072330e-08  1.453948857836498e-01 
 5.823013434072331e-08  1.453474852986145e-01 
 5.825013434072331e-08  1.453001794539016e-01 
 5.827013434072331e-08  1.452529680605512e-01 
 5.829013434072332e-08  1.452058509299806e-01 
 5.831013434072332e-08  1.451588278739839e-01 
 5.833013434072332e-08  1.451118987047307e-01 
 5.835013434072332e-08  1.450650632347657e-01 
 5.837013434072333e-08  1.450183212770079e-01 
 5.839013434072333e-08  1.449716726447499e-01 
 5.841013434072333e-08  1.449251171516569e-01 
 5.843013434072333e-08  1.448786546117663e-01 
 5.845013434072334e-08  1.448322848394867e-01 
 5.847013434072334e-08  1.447860076495972e-01 
 5.849013434072334e-08  1.447398228572470e-01 
 5.851013434072335e-08  1.446937302779541e-01 
 5.853013434072335e-08  1.446477297276048e-01 
 5.855013434072335e-08  1.446018210224532e-01 
 5.857013434072335e-08  1.445560039791202e-01 
 5.859013434072336e-08  1.445102784145929e-01 
 5.861013434072336e-08  1.444646441462235e-01 
 5.863013434072336e-08  1.444191009917293e-01 
 5.865013434072337e-08  1.443736487691913e-01 
 5.867013434072337e-08  1.443282872970537e-01 
 5.869013434072337e-08  1.442830163941235e-01 
 5.871013434072337e-08  1.442378358795690e-01 
 5.873013434072338e-08  1.441927455729199e-01 
 5.875013434072338e-08  1.441477452940662e-01 
 5.877013434072338e-08  1.441028348632573e-01 
 5.879013434072339e-08  1.440580141011017e-01 
 5.881013434072339e-08  1.440132828285660e-01 
 5.883013434072339e-08  1.439686408669742e-01 
 5.885013434072339e-08  1.439240880380071e-01 
 5.887013434072340e-08  1.438796241637015e-01 
 5.889013434072340e-08  1.438352490664498e-01 
 5.891013434072340e-08  1.437909625689986e-01 
 5.893013434072341e-08  1.437467644944486e-01 
 5.895013434072341e-08  1.437026546662536e-01 
 5.897013434072341e-08  1.436586329082201e-01 
 5.899013434072341e-08  1.436146990445062e-01 
 5.901013434072342e-08  1.435708528996213e-01 
 5.903013434072342e-08  1.435270942984248e-01 
 5.905013434072342e-08  1.434834230661261e-01 
 5.907013434072343e-08  1.434398390282837e-01 
 5.909013434072343e-08  1.433963420108039e-01 
 5.911013434072343e-08  1.433529318399412e-01 
 5.913013434072343e-08  1.433096083422965e-01 
 5.915013434072344e-08  1.432663713448172e-01 
 5.917013434072344e-08  1.432232206747961e-01 
 5.919013434072344e-08  1.431801561598709e-01 
 5.921013434072345e-08  1.431371776280235e-01 
 5.923013434072345e-08  1.430942849075791e-01 
 5.925013434072345e-08  1.430514778272056e-01 
 5.927013434072345e-08  1.430087562159132e-01 
 5.929013434072346e-08  1.429661199030535e-01 
 5.931013434072346e-08  1.429235687183186e-01 
 5.933013434072346e-08  1.428811024917407e-01 
 5.935013434072346e-08  1.428387210536916e-01 
 5.937013434072347e-08  1.427964242348816e-01 
 5.939013434072347e-08  1.427542118663589e-01 
 5.941013434072347e-08  1.427120837795093e-01 
 5.943013434072348e-08  1.426700398060549e-01 
 5.945013434072348e-08  1.426280797780541e-01 
 5.947013434072348e-08  1.425862035279005e-01 
 5.949013434072348e-08  1.425444108883223e-01 
 5.951013434072349e-08  1.425027016923818e-01 
 5.953013434072349e-08  1.424610757734744e-01 
 5.955013434072349e-08  1.424195329653285e-01 
 5.957013434072350e-08  1.423780731020041e-01 
 5.959013434072350e-08  1.423366960178927e-01 
 5.961013434072350e-08  1.422954015477164e-01 
 5.963013434072350e-08  1.422541895265273e-01 
 5.965013434072349e-08  1.422130597897069e-01 
 5.967013434072349e-08  1.421720121729655e-01 
 5.969013434072349e-08  1.421310465123410e-01 
 5.971013434072348e-08  1.420901626441992e-01 
 5.973013434072348e-08  1.420493604052321e-01 
 5.975013434072348e-08  1.420086396324581e-01 
 5.977013434072347e-08  1.419680001632210e-01 
 5.979013434072347e-08  1.419274418351892e-01 
 5.981013434072346e-08  1.418869644863552e-01 
 5.983013434072346e-08  1.418465679550352e-01 
 5.985013434072346e-08  1.418062520798680e-01 
 5.987013434072345e-08  1.417660166998148e-01 
 5.989013434072345e-08  1.417258616541580e-01 
 5.991013434072344e-08  1.416857867825012e-01 
 5.993013434072344e-08  1.416457919247681e-01 
 5.995013434072344e-08  1.416058769212020e-01 
 5.997013434072343e-08  1.415660416123652e-01 
 5.999013434072343e-08  1.415262858391384e-01 
 6.001013434072343e-08  1.414866094427198e-01 
 6.003013434072342e-08  1.414470122646250e-01 
 6.005013434072342e-08  1.414074941466858e-01 
 6.007013434072341e-08  1.413680549310498e-01 
 6.009013434072341e-08  1.413286944601797e-01 
 6.011013434072341e-08  1.412894125768530e-01 
 6.013013434072340e-08  1.412502091241609e-01 
 6.015013434072340e-08  1.412110839455080e-01 
 6.017013434072340e-08  1.411720368846114e-01 
 6.019013434072339e-08  1.411330677855005e-01 
 6.021013434072339e-08  1.410941764925158e-01 
 6.023013434072338e-08  1.410553628503088e-01 
 6.025013434072338e-08  1.410166267038412e-01 
 6.027013434072338e-08  1.409779678983841e-01 
 6.029013434072337e-08  1.409393862795176e-01 
 6.031013434072337e-08  1.409008816931301e-01 
 6.033013434072337e-08  1.408624539854178e-01 
 6.035013434072336e-08  1.408241030028839e-01 
 6.037013434072336e-08  1.407858285923380e-01 
 6.039013434072335e-08  1.407476306008957e-01 
 6.041013434072335e-08  1.407095088759777e-01 
 6.043013434072335e-08  1.406714632653095e-01 
 6.045013434072334e-08  1.406334936169206e-01 
 6.047013434072334e-08  1.405955997791439e-01 
 6.049013434072333e-08  1.405577816006150e-01 
 6.051013434072333e-08  1.405200389302720e-01 
 6.053013434072333e-08  1.404823716173543e-01 
 6.055013434072332e-08  1.404447795114024e-01 
 6.057013434072332e-08  1.404072624622574e-01 
 6.059013434072332e-08  1.403698203200601e-01 
 6.061013434072331e-08  1.403324529352504e-01 
 6.063013434072331e-08  1.402951601585669e-01 
 6.065013434072330e-08  1.402579418410461e-01 
 6.067013434072330e-08  1.402207978340222e-01 
 6.069013434072330e-08  1.401837279891259e-01 
 6.071013434072329e-08  1.401467321582844e-01 
 6.073013434072329e-08  1.401098101937206e-01 
 6.075013434072329e-08  1.400729619479520e-01 
 6.077013434072328e-08  1.400361872737911e-01 
 6.079013434072328e-08  1.399994860243438e-01 
 6.081013434072327e-08  1.399628580530096e-01 
 6.083013434072327e-08  1.399263032134807e-01 
 6.085013434072327e-08  1.398898213597413e-01 
 6.087013434072326e-08  1.398534123460672e-01 
 6.089013434072326e-08  1.398170760270251e-01 
 6.091013434072326e-08  1.397808122574721e-01 
 6.093013434072325e-08  1.397446208925552e-01 
 6.095013434072325e-08  1.397085017877105e-01 
 6.097013434072324e-08  1.396724547986627e-01 
 6.099013434072324e-08  1.396364797814246e-01 
 6.101013434072324e-08  1.396005765922965e-01 
 6.103013434072323e-08  1.395647450878657e-01 
 6.105013434072323e-08  1.395289851250058e-01 
 6.107013434072322e-08  1.394932965608761e-01 
 6.109013434072322e-08  1.394576792529210e-01 
 6.111013434072322e-08  1.394221330588697e-01 
 6.113013434072321e-08  1.393866578367354e-01 
 6.115013434072321e-08  1.393512534448149e-01 
 6.117013434072321e-08  1.393159197416878e-01 
 6.119013434072320e-08  1.392806565862160e-01 
 6.121013434072320e-08  1.392454638375434e-01 
 6.123013434072319e-08  1.392103413550949e-01 
 6.125013434072319e-08  1.391752889985763e-01 
 6.127013434072319e-08  1.391403066279735e-01 
 6.129013434072318e-08  1.391053941035517e-01 
 6.131013434072318e-08  1.390705512858552e-01 
 6.133013434072318e-08  1.390357780357070e-01 
 6.135013434072317e-08  1.390010742142077e-01 
 6.137013434072317e-08  1.389664396827353e-01 
 6.139013434072316e-08  1.389318743029445e-01 
 6.141013434072316e-08  1.388973779367663e-01 
 6.143013434072316e-08  1.388629504464076e-01 
 6.145013434072315e-08  1.388285916943500e-01 
 6.147013434072315e-08  1.387943015433500e-01 
 6.149013434072315e-08  1.387600798564379e-01 
 6.151013434072314e-08  1.387259264969175e-01 
 6.153013434072314e-08  1.386918413283657e-01 
 6.155013434072313e-08  1.386578242146315e-01 
 6.157013434072313e-08  1.386238750198362e-01 
 6.159013434072313e-08  1.385899936083718e-01 
 6.161013434072312e-08  1.385561798449016e-01 
 6.163013434072312e-08  1.385224335943588e-01 
 6.165013434072311e-08  1.384887547219464e-01 
 6.167013434072311e-08  1.384551430931364e-01 
 6.169013434072311e-08  1.384215985736697e-01 
 6.171013434072310e-08  1.383881210295548e-01 
 6.173013434072310e-08  1.383547103270682e-01 
 6.175013434072310e-08  1.383213663327530e-01 
 6.177013434072309e-08  1.382880889134191e-01 
 6.179013434072309e-08  1.382548779361420e-01 
 6.181013434072308e-08  1.382217332682630e-01 
 6.183013434072308e-08  1.381886547773878e-01 
 6.185013434072308e-08  1.381556423313868e-01 
 6.187013434072307e-08  1.381226957983941e-01 
 6.189013434072307e-08  1.380898150468071e-01 
 6.191013434072307e-08  1.380569999452858e-01 
 6.193013434072306e-08  1.380242503627527e-01 
 6.195013434072306e-08  1.379915661683919e-01 
 6.197013434072305e-08  1.379589472316486e-01 
 6.199013434072305e-08  1.379263934222287e-01 
 6.201013434072305e-08  1.378939046100984e-01 
 6.203013434072304e-08  1.378614806654832e-01 
 6.205013434072304e-08  1.378291214588681e-01 
 6.207013434072304e-08  1.377968268609965e-01 
 6.209013434072303e-08  1.377645967428697e-01 
 6.211013434072303e-08  1.377324309757470e-01 
 6.213013434072302e-08  1.377003294311444e-01 
 6.215013434072302e-08  1.376682919808344e-01 
 6.217013434072302e-08  1.376363184968458e-01 
 6.219013434072301e-08  1.376044088514626e-01 
 6.221013434072301e-08  1.375725629172241e-01 
 6.223013434072301e-08  1.375407805669239e-01 
 6.225013434072300e-08  1.375090616736095e-01 
 6.227013434072300e-08  1.374774061105822e-01 
 6.229013434072299e-08  1.374458137513958e-01 
 6.231013434072299e-08  1.374142844698572e-01 
 6.233013434072299e-08  1.373828181400245e-01 
 6.235013434072298e-08  1.373514146362079e-01 
 6.237013434072298e-08  1.373200738329682e-01 
 6.239013434072297e-08  1.372887956051167e-01 
 6.241013434072297e-08  1.372575798277149e-01 
 6.243013434072297e-08  1.372264263760733e-01 
 6.245013434072296e-08  1.371953351257518e-01 
 6.247013434072296e-08  1.371643059525585e-01 
 6.249013434072296e-08  1.371333387325494e-01 
 6.251013434072295e-08  1.371024333420283e-01 
 6.253013434072295e-08  1.370715896575457e-01 
 6.255013434072294e-08  1.370408075558987e-01 
 6.257013434072294e-08  1.370100869141303e-01 
 6.259013434072294e-08  1.369794276095290e-01 
 6.261013434072293e-08  1.369488295196284e-01 
 6.263013434072293e-08  1.369182925222066e-01 
 6.265013434072293e-08  1.368878164952856e-01 
 6.267013434072292e-08  1.368574013171312e-01 
 6.269013434072292e-08  1.368270468662520e-01 
 6.271013434072291e-08  1.367967530213992e-01 
 6.273013434072291e-08  1.367665196615661e-01 
 6.275013434072291e-08  1.367363466659879e-01 
 6.277013434072290e-08  1.367062339141406e-01 
 6.279013434072290e-08  1.366761812857407e-01 
 6.281013434072290e-08  1.366461886607453e-01 
 6.283013434072289e-08  1.366162559193508e-01 
 6.285013434072289e-08  1.365863829419932e-01 
 6.287013434072288e-08  1.365565696093467e-01 
 6.289013434072288e-08  1.365268158023241e-01 
 6.291013434072288e-08  1.364971214020760e-01 
 6.293013434072287e-08  1.364674862899900e-01 
 6.295013434072287e-08  1.364379103476909e-01 
 6.297013434072286e-08  1.364083934570396e-01 
 6.299013434072286e-08  1.363789355001330e-01 
 6.301013434072286e-08  1.363495363593032e-01 
 6.303013434072285e-08  1.363201959171175e-01 
 6.305013434072285e-08  1.362909140563776e-01 
 6.307013434072285e-08  1.362616906601190e-01 
 6.309013434072284e-08  1.362325256116110e-01 
 6.311013434072284e-08  1.362034187943558e-01 
 6.313013434072283e-08  1.361743700920882e-01 
 6.315013434072283e-08  1.361453793887753e-01 
 6.317013434072283e-08  1.361164465686156e-01 
 6.319013434072282e-08  1.360875715160392e-01 
 6.321013434072282e-08  1.360587541157065e-01 
 6.323013434072282e-08  1.360299942525086e-01 
 6.325013434072281e-08  1.360012918115660e-01 
 6.327013434072281e-08  1.359726466782291e-01 
 6.329013434072280e-08  1.359440587380766e-01 
 6.331013434072280e-08  1.359155278769161e-01 
 6.333013434072280e-08  1.358870539807832e-01 
 6.335013434072279e-08  1.358586369359407e-01 
 6.337013434072279e-08  1.358302766288788e-01 
 6.339013434072279e-08  1.358019729463141e-01 
 6.341013434072278e-08  1.357737257751898e-01 
 6.343013434072278e-08  1.357455350026743e-01 
 6.345013434072277e-08  1.357174005161616e-01 
 6.347013434072277e-08  1.356893222032705e-01 
 6.349013434072277e-08  1.356612999518441e-01 
 6.351013434072276e-08  1.356333336499495e-01 
 6.353013434072276e-08  1.356054231858772e-01 
 6.355013434072275e-08  1.355775684481408e-01 
 6.357013434072275e-08  1.355497693254766e-01 
 6.359013434072275e-08  1.355220257068428e-01 
 6.361013434072274e-08  1.354943374814195e-01 
 6.363013434072274e-08  1.354667045386081e-01 
 6.365013434072274e-08  1.354391267680306e-01 
 6.367013434072273e-08  1.354116040595297e-01 
 6.369013434072273e-08  1.353841363031678e-01 
 6.371013434072272e-08  1.353567233892267e-01 
 6.373013434072272e-08  1.353293652082077e-01 
 6.375013434072272e-08  1.353020616508302e-01 
 6.377013434072271e-08  1.352748126080321e-01 
 6.379013434072271e-08  1.352476179709692e-01 
 6.381013434072271e-08  1.352204776310141e-01 
 6.383013434072270e-08  1.351933914797569e-01 
 6.385013434072270e-08  1.351663594090038e-01 
 6.387013434072269e-08  1.351393813107769e-01 
 6.389013434072269e-08  1.351124570773141e-01 
 6.391013434072269e-08  1.350855866010686e-01 
 6.393013434072268e-08  1.350587697747082e-01 
 6.395013434072268e-08  1.350320064911147e-01 
 6.397013434072268e-08  1.350052966433842e-01 
 6.399013434072267e-08  1.349786401248261e-01 
 6.401013434072267e-08  1.349520368289627e-01 
 6.403013434072266e-08  1.349254866495290e-01 
 6.405013434072266e-08  1.348989894804721e-01 
 6.407013434072266e-08  1.348725452159511e-01 
 6.409013434072265e-08  1.348461537503361e-01 
 6.411013434072265e-08  1.348198149782082e-01 
 6.413013434072264e-08  1.347935287943591e-01 
 6.415013434072264e-08  1.347672950937905e-01 
 6.417013434072264e-08  1.347411137717137e-01 
 6.419013434072263e-08  1.347149847235490e-01 
 6.421013434072263e-08  1.346889078449260e-01 
 6.423013434072263e-08  1.346628830316824e-01 
 6.425013434072262e-08  1.346369101798639e-01 
 6.427013434072262e-08  1.346109891857236e-01 
 6.429013434072261e-08  1.345851199457221e-01 
 6.431013434072261e-08  1.345593023565264e-01 
 6.433013434072261e-08  1.345335363150100e-01 
 6.435013434072260e-08  1.345078217182522e-01 
 6.437013434072260e-08  1.344821584635379e-01 
 6.439013434072260e-08  1.344565464483570e-01 
 6.441013434072259e-08  1.344309855704040e-01 
 6.443013434072259e-08  1.344054757275779e-01 
 6.445013434072258e-08  1.343800168179813e-01 
 6.447013434072258e-08  1.343546087399204e-01 
 6.449013434072258e-08  1.343292513919044e-01 
 6.451013434072257e-08  1.343039446726452e-01 
 6.453013434072257e-08  1.342786884810568e-01 
 6.455013434072257e-08  1.342534827162551e-01 
 6.457013434072256e-08  1.342283272775575e-01 
 6.459013434072256e-08  1.342032220644824e-01 
 6.461013434072255e-08  1.341781669767486e-01 
 6.463013434072255e-08  1.341531619142753e-01 
 6.465013434072255e-08  1.341282067771817e-01 
 6.467013434072254e-08  1.341033014657862e-01 
 6.469013434072254e-08  1.340784458806062e-01 
 6.471013434072253e-08  1.340536399223578e-01 
 6.473013434072253e-08  1.340288834919554e-01 
 6.475013434072253e-08  1.340041764905112e-01 
 6.477013434072252e-08  1.339795188193346e-01 
 6.479013434072252e-08  1.339549103799324e-01 
 6.481013434072252e-08  1.339303510740080e-01 
 6.483013434072251e-08  1.339058408034608e-01 
 6.485013434072251e-08  1.338813794703863e-01 
 6.487013434072250e-08  1.338569669770755e-01 
 6.489013434072250e-08  1.338326032260142e-01 
 6.491013434072250e-08  1.338082881198832e-01 
 6.493013434072249e-08  1.337840215615576e-01 
 6.495013434072249e-08  1.337598034541062e-01 
 6.497013434072249e-08  1.337356337007914e-01 
 6.499013434072248e-08  1.337115122050689e-01 
 6.501013434072248e-08  1.336874388705871e-01 
 6.503013434072247e-08  1.336634136011867e-01 
 6.505013434072247e-08  1.336394363009005e-01 
 6.507013434072247e-08  1.336155068739528e-01 
 6.509013434072246e-08  1.335916252247591e-01 
 6.511013434072246e-08  1.335677912579259e-01 
 6.513013434072246e-08  1.335440048782501e-01 
 6.515013434072245e-08  1.335202659907186e-01 
 6.517013434072245e-08  1.334965745005082e-01 
 6.519013434072244e-08  1.334729303129847e-01 
 6.521013434072244e-08  1.334493333337032e-01 
 6.523013434072244e-08  1.334257834684071e-01 
 6.525013434072243e-08  1.334022806230281e-01 
 6.527013434072243e-08  1.333788247036859e-01 
 6.529013434072242e-08  1.333554156166873e-01 
 6.531013434072242e-08  1.333320532685263e-01 
 6.533013434072242e-08  1.333087375658838e-01 
 6.535013434072241e-08  1.332854684156267e-01 
 6.537013434072241e-08  1.332622457248081e-01 
 6.539013434072241e-08  1.332390694006666e-01 
 6.541013434072240e-08  1.332159393506259e-01 
 6.543013434072240e-08  1.331928554822946e-01 
 6.545013434072239e-08  1.331698177034660e-01 
 6.547013434072239e-08  1.331468259221171e-01 
 6.549013434072239e-08  1.331238800464090e-01 
 6.551013434072238e-08  1.331009799846858e-01 
 6.553013434072238e-08  1.330781256454748e-01 
 6.555013434072238e-08  1.330553169374862e-01 
 6.557013434072237e-08  1.330325537696119e-01 
 6.559013434072237e-08  1.330098360509262e-01 
 6.561013434072236e-08  1.329871636906847e-01 
 6.563013434072236e-08  1.329645365983243e-01 
 6.565013434072236e-08  1.329419546834626e-01 
 6.567013434072235e-08  1.329194178558978e-01 
 6.569013434072235e-08  1.328969260256079e-01 
 6.571013434072235e-08  1.328744791027510e-01 
 6.573013434072234e-08  1.328520769976645e-01 
 6.575013434072234e-08  1.328297196208647e-01 
 6.577013434072233e-08  1.328074068830466e-01 
 6.579013434072233e-08  1.327851386950835e-01 
 6.581013434072233e-08  1.327629149680266e-01 
 6.583013434072232e-08  1.327407356131050e-01 
 6.585013434072232e-08  1.327186005417246e-01 
 6.587013434072231e-08  1.326965096654685e-01 
 6.589013434072231e-08  1.326744628960962e-01 
 6.591013434072231e-08  1.326524601455435e-01 
 6.593013434072230e-08  1.326305013259218e-01 
 6.595013434072230e-08  1.326085863495182e-01 
 6.597013434072230e-08  1.325867151287948e-01 
 6.599013434072229e-08  1.325648875763887e-01 
 6.601013434072229e-08  1.325431036051111e-01 
 6.603013434072228e-08  1.325213631279475e-01 
 6.605013434072228e-08  1.324996660580572e-01 
 6.607013434072228e-08  1.324780123087725e-01 
 6.609013434072227e-08  1.324564017935993e-01 
 6.611013434072227e-08  1.324348344262157e-01 
 6.613013434072227e-08  1.324133101204724e-01 
 6.615013434072226e-08  1.323918287903920e-01 
 6.617013434072226e-08  1.323703903501691e-01 
 6.619013434072225e-08  1.323489947141691e-01 
 6.621013434072225e-08  1.323276417969286e-01 
 6.623013434072225e-08  1.323063315131550e-01 
 6.625013434072224e-08  1.322850637777258e-01 
 6.627013434072224e-08  1.322638385056886e-01 
 6.629013434072224e-08  1.322426556122604e-01 
 6.631013434072223e-08  1.322215150128276e-01 
 6.633013434072223e-08  1.322004166229456e-01 
 6.635013434072222e-08  1.321793603583384e-01 
 6.637013434072222e-08  1.321583461348981e-01 
 6.639013434072222e-08  1.321373738686850e-01 
 6.641013434072221e-08  1.321164434759267e-01 
 6.643013434072221e-08  1.320955548730183e-01 
 6.645013434072221e-08  1.320747079765217e-01 
 6.647013434072220e-08  1.320539027031654e-01 
 6.649013434072220e-08  1.320331389698443e-01 
 6.651013434072219e-08  1.320124166936190e-01 
 6.653013434072219e-08  1.319917357917159e-01 
 6.655013434072219e-08  1.319710961815265e-01 
 6.657013434072218e-08  1.319504977806074e-01 
 6.659013434072218e-08  1.319299405066796e-01 
 6.661013434072217e-08  1.319094242776285e-01 
 6.663013434072217e-08  1.318889490115036e-01 
 6.665013434072217e-08  1.318685146265178e-01 
 6.667013434072216e-08  1.318481210410474e-01 
 6.669013434072216e-08  1.318277681736315e-01 
 6.671013434072216e-08  1.318074559429722e-01 
 6.673013434072215e-08  1.317871842679336e-01 
 6.675013434072215e-08  1.317669530675420e-01 
 6.677013434072214e-08  1.317467622609851e-01 
 6.679013434072214e-08  1.317266117676123e-01 
 6.681013434072214e-08  1.317065015069338e-01 
 6.683013434072213e-08  1.316864313986206e-01 
 6.685013434072213e-08  1.316664013625040e-01 
 6.687013434072213e-08  1.316464113185753e-01 
 6.689013434072212e-08  1.316264611869859e-01 
 6.691013434072212e-08  1.316065508880463e-01 
 6.693013434072211e-08  1.315866803422262e-01 
 6.695013434072211e-08  1.315668494701540e-01 
 6.697013434072211e-08  1.315470581926168e-01 
 6.699013434072210e-08  1.315273064305597e-01 
 6.701013434072210e-08  1.315075941050856e-01 
 6.703013434072210e-08  1.314879211374550e-01 
 6.705013434072209e-08  1.314682874490856e-01 
 6.707013434072209e-08  1.314486929615520e-01 
 6.709013434072208e-08  1.314291375965856e-01 
 6.711013434072208e-08  1.314096212760735e-01 
 6.713013434072208e-08  1.313901439220592e-01 
 6.715013434072207e-08  1.313707054567420e-01 
 6.717013434072207e-08  1.313513058024760e-01 
 6.719013434072206e-08  1.313319448817709e-01 
 6.721013434072206e-08  1.313126226172907e-01 
 6.723013434072206e-08  1.312933389318540e-01 
 6.725013434072205e-08  1.312740937484335e-01 
 6.727013434072205e-08  1.312548869901556e-01 
 6.729013434072205e-08  1.312357185803003e-01 
 6.731013434072204e-08  1.312165884423006e-01 
 6.733013434072204e-08  1.311974964997427e-01 
 6.735013434072203e-08  1.311784426763650e-01 
 6.737013434072203e-08  1.311594268960583e-01 
 6.739013434072203e-08  1.311404490828655e-01 
 6.741013434072202e-08  1.311215091609811e-01 
 6.743013434072202e-08  1.311026070547507e-01 
 6.745013434072202e-08  1.310837426886714e-01 
 6.747013434072201e-08  1.310649159873907e-01 
 6.749013434072201e-08  1.310461268757066e-01 
 6.751013434072200e-08  1.310273752785674e-01 
 6.753013434072200e-08  1.310086611210710e-01 
 6.755013434072200e-08  1.309899843284651e-01 
 6.757013434072199e-08  1.309713448261467e-01 
 6.759013434072199e-08  1.309527425396613e-01 
 6.761013434072199e-08  1.309341773947036e-01 
 6.763013434072198e-08  1.309156493171162e-01 
 6.765013434072198e-08  1.308971582328902e-01 
 6.767013434072197e-08  1.308787040681642e-01 
 6.769013434072197e-08  1.308602867492243e-01 
 6.771013434072197e-08  1.308419062025039e-01 
 6.773013434072196e-08  1.308235623545830e-01 
 6.775013434072196e-08  1.308052551321885e-01 
 6.777013434072195e-08  1.307869844621935e-01 
 6.779013434072195e-08  1.307687502716171e-01 
 6.781013434072195e-08  1.307505524876239e-01 
 6.783013434072194e-08  1.307323910375243e-01 
 6.785013434072194e-08  1.307142658487737e-01 
 6.787013434072194e-08  1.306961768489721e-01 
 6.789013434072193e-08  1.306781239658644e-01 
 6.791013434072193e-08  1.306601071273395e-01 
 6.793013434072192e-08  1.306421262614305e-01 
 6.795013434072192e-08  1.306241812963141e-01 
 6.797013434072192e-08  1.306062721603103e-01 
 6.799013434072191e-08  1.305883987818824e-01 
 6.801013434072191e-08  1.305705610896363e-01 
 6.803013434072191e-08  1.305527590123207e-01 
 6.805013434072190e-08  1.305349924788264e-01 
 6.807013434072190e-08  1.305172614181863e-01 
 6.809013434072189e-08  1.304995657595747e-01 
 6.811013434072189e-08  1.304819054323078e-01 
 6.813013434072189e-08  1.304642803658424e-01 
 6.815013434072188e-08  1.304466904897766e-01 
 6.817013434072188e-08  1.304291357338488e-01 
 6.819013434072188e-08  1.304116160279377e-01 
 6.821013434072187e-08  1.303941313020622e-01 
 6.823013434072187e-08  1.303766814863805e-01 
 6.825013434072186e-08  1.303592665111908e-01 
 6.827013434072186e-08  1.303418863069301e-01 
 6.829013434072186e-08  1.303245408041743e-01 
 6.831013434072185e-08  1.303072299336381e-01 
 6.833013434072185e-08  1.302899536261744e-01 
 6.835013434072184e-08  1.302727118127742e-01 
 6.837013434072184e-08  1.302555044245663e-01 
 6.839013434072184e-08  1.302383313928170e-01 
 6.841013434072183e-08  1.302211926489299e-01 
 6.843013434072183e-08  1.302040881244453e-01 
 6.845013434072183e-08  1.301870177510404e-01 
 6.847013434072182e-08  1.301699814605288e-01 
 6.849013434072182e-08  1.301529791848604e-01 
 6.851013434072181e-08  1.301360108561206e-01 
 6.853013434072181e-08  1.301190764065306e-01 
 6.855013434072181e-08  1.301021757684469e-01 
 6.857013434072180e-08  1.300853088743613e-01 
 6.859013434072180e-08  1.300684756568999e-01 
 6.861013434072180e-08  1.300516760488237e-01 
 6.863013434072179e-08  1.300349099830278e-01 
 6.865013434072179e-08  1.300181773925414e-01 
 6.867013434072178e-08  1.300014782105273e-01 
 6.869013434072178e-08  1.299848123702818e-01 
 6.871013434072178e-08  1.299681798052343e-01 
 6.873013434072177e-08  1.299515804489472e-01 
 6.875013434072177e-08  1.299350142351155e-01 
 6.877013434072177e-08  1.299184810975667e-01 
 6.879013434072176e-08  1.299019809702602e-01 
 6.881013434072176e-08  1.298855137872875e-01 
 6.883013434072175e-08  1.298690794828717e-01 
 6.885013434072175e-08  1.298526779913668e-01 
 6.887013434072175e-08  1.298363092472585e-01 
 6.889013434072174e-08  1.298199731851628e-01 
 6.891013434072174e-08  1.298036697398265e-01 
 6.893013434072173e-08  1.297873988461266e-01 
 6.895013434072173e-08  1.297711604390701e-01 
 6.897013434072173e-08  1.297549544537940e-01 
 6.899013434072172e-08  1.297387808255645e-01 
 6.901013434072172e-08  1.297226394897772e-01 
 6.903013434072172e-08  1.297065303819566e-01 
 6.905013434072171e-08  1.296904534377560e-01 
 6.907013434072171e-08  1.296744085929572e-01 
 6.909013434072170e-08  1.296583957834702e-01 
 6.911013434072170e-08  1.296424149453329e-01 
 6.913013434072170e-08  1.296264660147111e-01 
 6.915013434072169e-08  1.296105489278976e-01 
 6.917013434072169e-08  1.295946636213130e-01 
 6.919013434072169e-08  1.295788100315045e-01 
 6.921013434072168e-08  1.295629880951459e-01 
 6.923013434072168e-08  1.295471977490377e-01 
 6.925013434072167e-08  1.295314389301064e-01 
 6.927013434072167e-08  1.295157115754045e-01 
 6.929013434072167e-08  1.295000156221102e-01 
 6.931013434072166e-08  1.294843510075271e-01 
 6.933013434072166e-08  1.294687176690841e-01 
 6.935013434072166e-08  1.294531155443347e-01 
 6.937013434072165e-08  1.294375445709575e-01 
 6.939013434072165e-08  1.294220046867552e-01 
 6.941013434072164e-08  1.294064958296549e-01 
 6.943013434072164e-08  1.293910179377074e-01 
 6.945013434072164e-08  1.293755709490875e-01 
 6.947013434072163e-08  1.293601548020933e-01 
 6.949013434072163e-08  1.293447694351460e-01 
 6.951013434072162e-08  1.293294147867898e-01 
 6.953013434072162e-08  1.293140907956917e-01 
 6.955013434072162e-08  1.292987974006410e-01 
 6.957013434072161e-08  1.292835345405493e-01 
 6.959013434072161e-08  1.292683021544503e-01 
 6.961013434072161e-08  1.292531001814992e-01 
 6.963013434072160e-08  1.292379285609727e-01 
 6.965013434072160e-08  1.292227872322690e-01 
 6.967013434072159e-08  1.292076761349070e-01 
 6.969013434072159e-08  1.291925952085265e-01 
 6.971013434072159e-08  1.291775443928879e-01 
 6.973013434072158e-08  1.291625236278716e-01 
 6.975013434072158e-08  1.291475328534782e-01 
 6.977013434072158e-08  1.291325720098282e-01 
 6.979013434072157e-08  1.291176410371614e-01 
 6.981013434072157e-08  1.291027398758372e-01 
 6.983013434072156e-08  1.290878684663339e-01 
 6.985013434072156e-08  1.290730267492488e-01 
 6.987013434072156e-08  1.290582146652975e-01 
 6.989013434072155e-08  1.290434321553143e-01 
 6.991013434072155e-08  1.290286791602515e-01 
 6.993013434072155e-08  1.290139556211793e-01 
 6.995013434072154e-08  1.289992614792854e-01 
 6.997013434072154e-08  1.289845966758753e-01 
 6.999013434072153e-08  1.289699611523713e-01 
 7.001013434072153e-08  1.289553548503129e-01 
 7.003013434072153e-08  1.289407777113561e-01 
 7.005013434072152e-08  1.289262296772738e-01 
 7.007013434072152e-08  1.289117106899547e-01 
 7.009013434072152e-08  1.288972206914037e-01 
 7.011013434072151e-08  1.288827596237417e-01 
 7.013013434072151e-08  1.288683274292047e-01 
 7.015013434072150e-08  1.288539240501444e-01 
 7.017013434072150e-08  1.288395494290276e-01 
 7.019013434072150e-08  1.288252035084358e-01 
 7.021013434072149e-08  1.288108862310653e-01 
 7.023013434072149e-08  1.287965975397267e-01 
 7.025013434072148e-08  1.287823373773447e-01 
 7.027013434072148e-08  1.287681056869583e-01 
 7.029013434072148e-08  1.287539024117198e-01 
 7.031013434072147e-08  1.287397274948953e-01 
 7.033013434072147e-08  1.287255808798640e-01 
 7.035013434072147e-08  1.287114625101183e-01 
 7.037013434072146e-08  1.286973723292634e-01 
 7.039013434072146e-08  1.286833102810170e-01 
 7.041013434072145e-08  1.286692763092092e-01 
 7.043013434072145e-08  1.286552703577823e-01 
 7.045013434072145e-08  1.286412923707905e-01 
 7.047013434072144e-08  1.286273422923997e-01 
 7.049013434072144e-08  1.286134200668874e-01 
 7.051013434072144e-08  1.285995256386421e-01 
 7.053013434072143e-08  1.285856589521635e-01 
 7.055013434072143e-08  1.285718199520622e-01 
 7.057013434072142e-08  1.285580085830591e-01 
 7.059013434072142e-08  1.285442247899858e-01 
 7.061013434072142e-08  1.285304685177837e-01 
 7.063013434072141e-08  1.285167397115046e-01 
 7.065013434072141e-08  1.285030383163095e-01 
 7.067013434072141e-08  1.284893642774693e-01 
 7.069013434072140e-08  1.284757175403639e-01 
 7.071013434072140e-08  1.284620980504824e-01 
 7.073013434072139e-08  1.284485057534228e-01 
 7.075013434072139e-08  1.284349405948914e-01 
 7.077013434072139e-08  1.284214025207032e-01 
 7.079013434072138e-08  1.284078914767813e-01 
 7.081013434072138e-08  1.283944074091569e-01 
 7.083013434072137e-08  1.283809502639686e-01 
 7.085013434072137e-08  1.283675199874630e-01 
 7.087013434072137e-08  1.283541165259937e-01 
 7.089013434072136e-08  1.283407398260216e-01 
 7.091013434072136e-08  1.283273898341142e-01 
 7.093013434072136e-08  1.283140664969461e-01 
 7.095013434072135e-08  1.283007697612980e-01 
 7.097013434072135e-08  1.282874995740572e-01 
 7.099013434072134e-08  1.282742558822166e-01 
 7.101013434072134e-08  1.282610386328754e-01 
 7.103013434072134e-08  1.282478477732381e-01 
 7.105013434072133e-08  1.282346832506148e-01 
 7.107013434072133e-08  1.282215450124208e-01 
 7.109013434072133e-08  1.282084330061762e-01 
 7.111013434072132e-08  1.281953471795061e-01 
 7.113013434072132e-08  1.281822874801400e-01 
 7.115013434072131e-08  1.281692538559119e-01 
 7.117013434072131e-08  1.281562462547598e-01 
 7.119013434072131e-08  1.281432646247258e-01 
 7.121013434072130e-08  1.281303089139557e-01 
 7.123013434072130e-08  1.281173790706988e-01 
 7.125013434072130e-08  1.281044750433078e-01 
 7.127013434072129e-08  1.280915967802383e-01 
 7.129013434072129e-08  1.280787442300492e-01 
 7.131013434072128e-08  1.280659173414017e-01 
 7.133013434072128e-08  1.280531160630598e-01 
 7.135013434072128e-08  1.280403403438896e-01 
 7.137013434072127e-08  1.280275901328594e-01 
 7.139013434072127e-08  1.280148653790395e-01 
 7.141013434072126e-08  1.280021660316015e-01 
 7.143013434072126e-08  1.279894920398189e-01 
 7.145013434072126e-08  1.279768433530663e-01 
 7.147013434072125e-08  1.279642199208194e-01 
 7.149013434072125e-08  1.279516216926548e-01 
 7.151013434072125e-08  1.279390486182498e-01 
 7.153013434072124e-08  1.279265006473820e-01 
 7.155013434072124e-08  1.279139777299296e-01 
 7.157013434072123e-08  1.279014798158705e-01 
 7.159013434072123e-08  1.278890068552827e-01 
 7.161013434072123e-08  1.278765587983438e-01 
 7.163013434072122e-08  1.278641355953310e-01 
 7.165013434072122e-08  1.278517371966206e-01 
 7.167013434072122e-08  1.278393635526881e-01 
 7.169013434072121e-08  1.278270146141078e-01 
 7.171013434072121e-08  1.278146903315528e-01 
 7.173013434072120e-08  1.278023906557946e-01 
 7.175013434072120e-08  1.277901155377029e-01 
 7.177013434072120e-08  1.277778649282456e-01 
 7.179013434072119e-08  1.277656387784886e-01 
 7.181013434072119e-08  1.277534370395954e-01 
 7.183013434072119e-08  1.277412596628269e-01 
 7.185013434072118e-08  1.277291065995415e-01 
 7.187013434072118e-08  1.277169778011946e-01 
 7.189013434072117e-08  1.277048732193385e-01 
 7.191013434072117e-08  1.276927928056224e-01 
 7.193013434072117e-08  1.276807365117919e-01 
 7.195013434072116e-08  1.276687042896890e-01 
 7.197013434072116e-08  1.276566960912517e-01 
 7.199013434072115e-08  1.276447118685143e-01 
 7.201013434072115e-08  1.276327515736064e-01 
 7.203013434072115e-08  1.276208151587536e-01 
 7.205013434072114e-08  1.276089025762768e-01 
 7.207013434072114e-08  1.275970137785918e-01 
 7.209013434072114e-08  1.275851487182098e-01 
 7.211013434072113e-08  1.275733073477366e-01 
 7.213013434072113e-08  1.275614896198726e-01 
 7.215013434072112e-08  1.275496954874128e-01 
 7.217013434072112e-08  1.275379249032463e-01 
 7.219013434072112e-08  1.275261778203562e-01 
 7.221013434072111e-08  1.275144541918199e-01 
 7.223013434072111e-08  1.275027539708079e-01 
 7.225013434072111e-08  1.274910771105847e-01 
 7.227013434072110e-08  1.274794235645078e-01 
 7.229013434072110e-08  1.274677932860279e-01 
 7.231013434072109e-08  1.274561862286887e-01 
 7.233013434072109e-08  1.274446023461265e-01 
 7.235013434072109e-08  1.274330415920704e-01 
 7.237013434072108e-08  1.274215039203418e-01 
 7.239013434072108e-08  1.274099892848542e-01 
 7.241013434072108e-08  1.273984976396133e-01 
 7.243013434072107e-08  1.273870289387164e-01 
 7.245013434072107e-08  1.273755831363526e-01 
 7.247013434072106e-08  1.273641601868025e-01 
 7.249013434072106e-08  1.273527600444378e-01 
 7.251013434072106e-08  1.273413826637216e-01 
 7.253013434072105e-08  1.273300279992076e-01 
 7.255013434072105e-08  1.273186960055405e-01 
 7.257013434072104e-08  1.273073866374554e-01 
 7.259013434072104e-08  1.272960998497777e-01 
 7.261013434072104e-08  1.272848355974233e-01 
 7.263013434072103e-08  1.272735938353977e-01 
 7.265013434072103e-08  1.272623745187967e-01 
 7.267013434072103e-08  1.272511776028054e-01 
 7.269013434072102e-08  1.272400030426986e-01 
 7.271013434072102e-08  1.272288507938401e-01 
 7.273013434072101e-08  1.272177208116832e-01 
 7.275013434072101e-08  1.272066130517699e-01 
 7.277013434072101e-08  1.271955274697310e-01 
 7.279013434072100e-08  1.271844640212860e-01 
 7.281013434072100e-08  1.271734226622426e-01 
 7.283013434072100e-08  1.271624033484969e-01 
 7.285013434072099e-08  1.271514060360331e-01 
 7.287013434072099e-08  1.271404306809231e-01 
 7.289013434072098e-08  1.271294772393267e-01 
 7.291013434072098e-08  1.271185456674911e-01 
 7.293013434072098e-08  1.271076359217508e-01 
 7.295013434072097e-08  1.270967479585277e-01 
 7.297013434072097e-08  1.270858817343306e-01 
 7.299013434072097e-08  1.270750372057552e-01 
 7.301013434072096e-08  1.270642143294836e-01 
 7.303013434072096e-08  1.270534130622846e-01 
 7.305013434072095e-08  1.270426333610134e-01 
 7.307013434072095e-08  1.270318751826112e-01 
 7.309013434072095e-08  1.270211384841051e-01 
 7.311013434072094e-08  1.270104232226082e-01 
 7.313013434072094e-08  1.269997293553192e-01 
 7.315013434072093e-08  1.269890568395221e-01 
 7.317013434072093e-08  1.269784056325862e-01 
 7.319013434072093e-08  1.269677756919661e-01 
 7.321013434072092e-08  1.269571669752013e-01 
 7.323013434072092e-08  1.269465794399159e-01 
 7.325013434072092e-08  1.269360130438188e-01 
 7.327013434072091e-08  1.269254677447031e-01 
 7.329013434072091e-08  1.269149435004466e-01 
 7.331013434072090e-08  1.269044402690108e-01 
 7.333013434072090e-08  1.268939580084413e-01 
 7.335013434072090e-08  1.268834966768674e-01 
 7.337013434072089e-08  1.268730562325021e-01 
 7.339013434072089e-08  1.268626366336418e-01 
 7.341013434072089e-08  1.268522378386660e-01 
 7.343013434072088e-08  1.268418598060376e-01 
 7.345013434072088e-08  1.268315024943021e-01 
 7.347013434072087e-08  1.268211658620880e-01 
 7.349013434072087e-08  1.268108498681065e-01 
 7.351013434072087e-08  1.268005544711509e-01 
 7.353013434072086e-08  1.267902796300970e-01 
 7.355013434072086e-08  1.267800253039027e-01 
 7.357013434072086e-08  1.267697914516077e-01 
 7.359013434072085e-08  1.267595780323337e-01 
 7.361013434072085e-08  1.267493850052839e-01 
 7.363013434072084e-08  1.267392123297429e-01 
 7.365013434072084e-08  1.267290599650767e-01 
 7.367013434072084e-08  1.267189278707324e-01 
 7.369013434072083e-08  1.267088160062380e-01 
 7.371013434072083e-08  1.266987243312025e-01 
 7.373013434072082e-08  1.266886528053152e-01 
 7.375013434072082e-08  1.266786013883463e-01 
 7.377013434072082e-08  1.266685700401459e-01 
 7.379013434072081e-08  1.266585587206447e-01 
 7.381013434072081e-08  1.266485673898531e-01 
 7.383013434072081e-08  1.266385960078613e-01 
 7.385013434072080e-08  1.266286445348394e-01 
 7.387013434072080e-08  1.266187129310370e-01 
 7.389013434072079e-08  1.266088011567829e-01 
 7.391013434072079e-08  1.265989091724853e-01 
 7.393013434072079e-08  1.265890369386313e-01 
 7.395013434072078e-08  1.265791844157869e-01 
 7.397013434072078e-08  1.265693515645970e-01 
 7.399013434072078e-08  1.265595383457849e-01 
 7.401013434072077e-08  1.265497447201523e-01 
 7.403013434072077e-08  1.265399706485794e-01 
 7.405013434072076e-08  1.265302160920242e-01 
 7.407013434072076e-08  1.265204810115230e-01 
 7.409013434072076e-08  1.265107653681895e-01 
 7.411013434072075e-08  1.265010691232153e-01 
 7.413013434072075e-08  1.264913922378696e-01 
 7.415013434072075e-08  1.264817346734985e-01 
 7.417013434072074e-08  1.264720963915256e-01 
 7.419013434072074e-08  1.264624773534515e-01 
 7.421013434072073e-08  1.264528775208536e-01 
 7.423013434072073e-08  1.264432968553861e-01 
 7.425013434072073e-08  1.264337353187795e-01 
 7.427013434072072e-08  1.264241928728412e-01 
 7.429013434072072e-08  1.264146694794544e-01 
 7.431013434072072e-08  1.264051651005785e-01 
 7.433013434072071e-08  1.263956796982491e-01 
 7.435013434072071e-08  1.263862132345772e-01 
 7.437013434072070e-08  1.263767656717499e-01 
 7.439013434072070e-08  1.263673369720294e-01 
 7.441013434072070e-08  1.263579270977535e-01 
 7.443013434072069e-08  1.263485360113351e-01 
 7.445013434072069e-08  1.263391636752621e-01 
 7.447013434072068e-08  1.263298100520975e-01 
 7.449013434072068e-08  1.263204751044787e-01 
 7.451013434072068e-08  1.263111587951181e-01 
 7.453013434072067e-08  1.263018610868022e-01 
 7.455013434072067e-08  1.262925819423919e-01 
 7.457013434072067e-08  1.262833213248226e-01 
 7.459013434072066e-08  1.262740791971031e-01 
 7.461013434072066e-08  1.262648555223166e-01 
 7.463013434072065e-08  1.262556502636196e-01 
 7.465013434072065e-08  1.262464633842424e-01 
 7.467013434072065e-08  1.262372948474887e-01 
 7.469013434072064e-08  1.262281446167354e-01 
 7.471013434072064e-08  1.262190126554325e-01 
 7.473013434072064e-08  1.262098989271030e-01 
 7.475013434072063e-08  1.262008033953428e-01 
 7.477013434072063e-08  1.261917260238203e-01 
 7.479013434072062e-08  1.261826667762768e-01 
 7.481013434072062e-08  1.261736256165256e-01 
 7.483013434072062e-08  1.261646025084525e-01 
 7.485013434072061e-08  1.261555974160152e-01 
 7.487013434072061e-08  1.261466103032436e-01 
 7.489013434072061e-08  1.261376411342393e-01 
 7.491013434072060e-08  1.261286898731755e-01 
 7.493013434072060e-08  1.261197564842971e-01 
 7.495013434072059e-08  1.261108409319202e-01 
 7.497013434072059e-08  1.261019431804324e-01 
 7.499013434072059e-08  1.260930631942920e-01 
 7.501013434072058e-08  1.260842009380288e-01 
 7.503013434072058e-08  1.260753563762430e-01 
 7.505013434072057e-08  1.260665294736056e-01 
 7.507013434072057e-08  1.260577201948581e-01 
 7.509013434072057e-08  1.260489285048126e-01 
 7.511013434072056e-08  1.260401543683512e-01 
 7.513013434072056e-08  1.260313977504263e-01 
 7.515013434072056e-08  1.260226586160601e-01 
 7.517013434072055e-08  1.260139369303448e-01 
 7.519013434072055e-08  1.260052326584423e-01 
 7.521013434072054e-08  1.259965457655839e-01 
 7.523013434072054e-08  1.259878762170704e-01 
 7.525013434072054e-08  1.259792239782719e-01 
 7.527013434072053e-08  1.259705890146277e-01 
 7.529013434072053e-08  1.259619712916459e-01 
 7.531013434072053e-08  1.259533707749038e-01 
 7.533013434072052e-08  1.259447874300471e-01 
 7.535013434072052e-08  1.259362212227902e-01 
 7.537013434072051e-08  1.259276721189161e-01 
 7.539013434072051e-08  1.259191400842758e-01 
 7.541013434072051e-08  1.259106250847890e-01 
 7.543013434072050e-08  1.259021270864429e-01 
 7.545013434072050e-08  1.258936460552929e-01 
 7.547013434072050e-08  1.258851819574620e-01 
 7.549013434072049e-08  1.258767347591411e-01 
 7.551013434072049e-08  1.258683044265884e-01 
 7.553013434072048e-08  1.258598909261295e-01 
 7.555013434072048e-08  1.258514942241573e-01 
 7.557013434072048e-08  1.258431142871317e-01 
 7.559013434072047e-08  1.258347510815798e-01 
 7.561013434072047e-08  1.258264045740952e-01 
 7.563013434072046e-08  1.258180747313384e-01 
 7.565013434072046e-08  1.258097615200363e-01 
 7.567013434072046e-08  1.258014649069826e-01 
 7.569013434072045e-08  1.257931848590368e-01 
 7.571013434072045e-08  1.257849213431250e-01 
 7.573013434072045e-08  1.257766743262391e-01 
 7.575013434072044e-08  1.257684437754369e-01 
 7.577013434072044e-08  1.257602296578421e-01 
 7.579013434072043e-08  1.257520319406441e-01 
 7.581013434072043e-08  1.257438505910975e-01 
 7.583013434072043e-08  1.257356855765226e-01 
 7.585013434072042e-08  1.257275368643047e-01 
 7.587013434072042e-08  1.257194044218945e-01 
 7.589013434072042e-08  1.257112882168074e-01 
 7.591013434072041e-08  1.257031882166237e-01 
 7.593013434072041e-08  1.256951043889888e-01 
 7.595013434072040e-08  1.256870367016121e-01 
 7.597013434072040e-08  1.256789851222679e-01 
 7.599013434072040e-08  1.256709496187948e-01 
 7.601013434072039e-08  1.256629301590955e-01 
 7.603013434072039e-08  1.256549267111368e-01 
 7.605013434072039e-08  1.256469392429495e-01 
 7.607013434072038e-08  1.256389677226282e-01 
 7.609013434072038e-08  1.256310121183312e-01 
 7.611013434072037e-08  1.256230723982805e-01 
 7.613013434072037e-08  1.256151485307613e-01 
 7.615013434072037e-08  1.256072404841224e-01 
 7.617013434072036e-08  1.255993482267756e-01 
 7.619013434072036e-08  1.255914717271958e-01 
 7.621013434072035e-08  1.255836109539209e-01 
 7.623013434072035e-08  1.255757658755515e-01 
 7.625013434072035e-08  1.255679364607511e-01 
 7.627013434072034e-08  1.255601226782456e-01 
 7.629013434072034e-08  1.255523244968233e-01 
 7.631013434072034e-08  1.255445418853351e-01 
 7.633013434072033e-08  1.255367748126938e-01 
 7.635013434072033e-08  1.255290232478744e-01 
 7.637013434072032e-08  1.255212871599138e-01 
 7.639013434072032e-08  1.255135665179106e-01 
 7.641013434072032e-08  1.255058612910254e-01 
 7.643013434072031e-08  1.254981714484802e-01 
 7.645013434072031e-08  1.254904969595583e-01 
 7.647013434072031e-08  1.254828377936047e-01 
 7.649013434072030e-08  1.254751939200253e-01 
 7.651013434072030e-08  1.254675653082871e-01 
 7.653013434072029e-08  1.254599519279183e-01 
 7.655013434072029e-08  1.254523537485076e-01 
 7.657013434072029e-08  1.254447707397048e-01 
 7.659013434072028e-08  1.254372028712200e-01 
 7.661013434072028e-08  1.254296501128238e-01 
 7.663013434072028e-08  1.254221124343474e-01 
 7.665013434072027e-08  1.254145898056820e-01 
 7.667013434072027e-08  1.254070821967789e-01 
 7.669013434072026e-08  1.253995895776495e-01 
 7.671013434072026e-08  1.253921119183651e-01 
 7.673013434072026e-08  1.253846491890568e-01 
 7.675013434072025e-08  1.253772013599151e-01 
 7.677013434072025e-08  1.253697684011902e-01 
 7.679013434072024e-08  1.253623502831918e-01 
 7.681013434072024e-08  1.253549469762885e-01 
 7.683013434072024e-08  1.253475584509085e-01 
 7.685013434072023e-08  1.253401846775388e-01 
 7.687013434072023e-08  1.253328256267253e-01 
 7.689013434072023e-08  1.253254812690729e-01 
 7.691013434072022e-08  1.253181515752451e-01 
 7.693013434072022e-08  1.253108365159638e-01 
 7.695013434072021e-08  1.253035360620095e-01 
 7.697013434072021e-08  1.252962501842211e-01 
 7.699013434072021e-08  1.252889788534957e-01 
 7.701013434072020e-08  1.252817220407886e-01 
 7.703013434072020e-08  1.252744797171127e-01 
 7.705013434072020e-08  1.252672518535392e-01 
 7.707013434072019e-08  1.252600384211969e-01 
 7.709013434072019e-08  1.252528393912722e-01 
 7.711013434072018e-08  1.252456547350091e-01 
 7.713013434072018e-08  1.252384844237089e-01 
 7.715013434072018e-08  1.252313284287304e-01 
 7.717013434072017e-08  1.252241867214895e-01 
 7.719013434072017e-08  1.252170592734591e-01 
 7.721013434072017e-08  1.252099460561692e-01 
 7.723013434072016e-08  1.252028470412063e-01 
 7.725013434072016e-08  1.251957622002142e-01 
 7.727013434072015e-08  1.251886915048927e-01 
 7.729013434072015e-08  1.251816349269986e-01 
 7.731013434072015e-08  1.251745924383448e-01 
 7.733013434072014e-08  1.251675640108005e-01 
 7.735013434072014e-08  1.251605496162913e-01 
 7.737013434072013e-08  1.251535492267986e-01 
 7.739013434072013e-08  1.251465628143598e-01 
 7.741013434072013e-08  1.251395903510683e-01 
 7.743013434072012e-08  1.251326318090730e-01 
 7.745013434072012e-08  1.251256871605785e-01 
 7.747013434072012e-08  1.251187563778448e-01 
 7.749013434072011e-08  1.251118394331874e-01 
 7.751013434072011e-08  1.251049362989772e-01 
 7.753013434072010e-08  1.250980469476399e-01 
 7.755013434072010e-08  1.250911713516565e-01 
 7.757013434072010e-08  1.250843094835631e-01 
 7.759013434072009e-08  1.250774613159502e-01 
 7.761013434072009e-08  1.250706268214634e-01 
 7.763013434072009e-08  1.250638059728029e-01 
 7.765013434072008e-08  1.250569987427230e-01 
 7.767013434072008e-08  1.250502051040329e-01 
 7.769013434072007e-08  1.250434250295959e-01 
 7.771013434072007e-08  1.250366584923294e-01 
 7.773013434072007e-08  1.250299054652050e-01 
 7.775013434072006e-08  1.250231659212480e-01 
 7.777013434072006e-08  1.250164398335380e-01 
 7.779013434072006e-08  1.250097271752080e-01 
 7.781013434072005e-08  1.250030279194448e-01 
 7.783013434072005e-08  1.249963420394886e-01 
 7.785013434072004e-08  1.249896695086333e-01 
 7.787013434072004e-08  1.249830103002257e-01 
 7.789013434072004e-08  1.249763643876662e-01 
 7.791013434072003e-08  1.249697317444081e-01 
 7.793013434072003e-08  1.249631123439579e-01 
 7.795013434072002e-08  1.249565061598748e-01 
 7.797013434072002e-08  1.249499131657708e-01 
 7.799013434072002e-08  1.249433333353106e-01 
 7.801013434072001e-08  1.249367666422117e-01 
 7.803013434072001e-08  1.249302130602437e-01 
 7.805013434072001e-08  1.249236725632290e-01 
 7.807013434072000e-08  1.249171451250419e-01 
 7.809013434072000e-08  1.249106307196089e-01 
 7.811013434071999e-08  1.249041293209089e-01 
 7.813013434071999e-08  1.248976409029723e-01 
 7.815013434071999e-08  1.248911654398818e-01 
 7.817013434071998e-08  1.248847029057714e-01 
 7.819013434071998e-08  1.248782532748270e-01 
 7.821013434071998e-08  1.248718165212861e-01 
 7.823013434071997e-08  1.248653926194374e-01 
 7.825013434071997e-08  1.248589815436212e-01 
 7.827013434071996e-08  1.248525832682287e-01 
 7.829013434071996e-08  1.248461977677027e-01 
 7.831013434071996e-08  1.248398250165367e-01 
 7.833013434071995e-08  1.248334649892750e-01 
 7.835013434071995e-08  1.248271176605131e-01 
 7.837013434071995e-08  1.248207830048970e-01 
 7.839013434071994e-08  1.248144609971233e-01 
 7.841013434071994e-08  1.248081516119393e-01 
 7.843013434071993e-08  1.248018548241424e-01 
 7.845013434071993e-08  1.247955706085807e-01 
 7.847013434071993e-08  1.247892989401523e-01 
 7.849013434071992e-08  1.247830397938055e-01 
 7.851013434071992e-08  1.247767931445384e-01 
 7.853013434071992e-08  1.247705589673994e-01 
 7.855013434071991e-08  1.247643372374863e-01 
 7.857013434071991e-08  1.247581279299469e-01 
 7.859013434071990e-08  1.247519310199787e-01 
 7.861013434071990e-08  1.247457464828285e-01 
 7.863013434071990e-08  1.247395742937926e-01 
 7.865013434071989e-08  1.247334144282165e-01 
 7.867013434071989e-08  1.247272668614952e-01 
 7.869013434071988e-08  1.247211315690726e-01 
 7.871013434071988e-08  1.247150085264417e-01 
 7.873013434071988e-08  1.247088977091445e-01 
 7.875013434071987e-08  1.247027990927717e-01 
 7.877013434071987e-08  1.246967126529628e-01 
 7.879013434071987e-08  1.246906383654060e-01 
 7.881013434071986e-08  1.246845762058379e-01 
 7.883013434071986e-08  1.246785261500436e-01 
 7.885013434071985e-08  1.246724881738567e-01 
 7.887013434071985e-08  1.246664622531588e-01 
 7.889013434071985e-08  1.246604483638800e-01 
 7.891013434071984e-08  1.246544464819980e-01 
 7.893013434071984e-08  1.246484565835387e-01 
 7.895013434071984e-08  1.246424786445760e-01 
 7.897013434071983e-08  1.246365126412314e-01 
 7.899013434071983e-08  1.246305585496741e-01 
 7.901013434071982e-08  1.246246163461209e-01 
 7.903013434071982e-08  1.246186860068361e-01 
 7.905013434071982e-08  1.246127675081312e-01 
 7.907013434071981e-08  1.246068608263654e-01 
 7.909013434071981e-08  1.246009659379449e-01 
 7.911013434071981e-08  1.245950828193227e-01 
 7.913013434071980e-08  1.245892114469994e-01 
 7.915013434071980e-08  1.245833517975220e-01 
 7.917013434071979e-08  1.245775038474846e-01 
 7.919013434071979e-08  1.245716675735280e-01 
 7.921013434071979e-08  1.245658429523396e-01 
 7.923013434071978e-08  1.245600299606533e-01 
 7.925013434071978e-08  1.245542285752496e-01 
 7.927013434071977e-08  1.245484387729552e-01 
 7.929013434071977e-08  1.245426605306432e-01 
 7.931013434071977e-08  1.245368938252327e-01 
 7.933013434071976e-08  1.245311386336892e-01 
 7.935013434071976e-08  1.245253949330238e-01 
 7.937013434071976e-08  1.245196627002937e-01 
 7.939013434071975e-08  1.245139419126020e-01 
 7.941013434071975e-08  1.245082325470973e-01 
 7.943013434071974e-08  1.245025345809740e-01 
 7.945013434071974e-08  1.244968479914720e-01 
 7.947013434071974e-08  1.244911727558766e-01 
 7.949013434071973e-08  1.244855088515184e-01 
 7.951013434071973e-08  1.244798562557734e-01 
 7.953013434071973e-08  1.244742149460627e-01 
 7.955013434071972e-08  1.244685848998524e-01 
 7.957013434071972e-08  1.244629660946538e-01 
 7.959013434071971e-08  1.244573585080228e-01 
 7.961013434071971e-08  1.244517621175604e-01 
 7.963013434071971e-08  1.244461769009122e-01 
 7.965013434071970e-08  1.244406028357685e-01 
 7.967013434071970e-08  1.244350398998639e-01 
 7.969013434071970e-08  1.244294880709779e-01 
 7.971013434071969e-08  1.244239473269339e-01 
 7.973013434071969e-08  1.244184176455998e-01 
 7.975013434071968e-08  1.244128990048878e-01 
 7.977013434071968e-08  1.244073913827539e-01 
 7.979013434071968e-08  1.244018947571985e-01 
 7.981013434071967e-08  1.243964091062655e-01 
 7.983013434071967e-08  1.243909344080430e-01 
 7.985013434071966e-08  1.243854706406626e-01 
 7.987013434071966e-08  1.243800177822998e-01 
 7.989013434071966e-08  1.243745758111734e-01 
 7.991013434071965e-08  1.243691447055457e-01 
 7.993013434071965e-08  1.243637244437229e-01 
 7.995013434071965e-08  1.243583150040538e-01 
 7.997013434071964e-08  1.243529163649310e-01 
 7.999013434071964e-08  1.243475285047898e-01 
 8.001013434071963e-08  1.243421514021089e-01 
 8.003013434071963e-08  1.243367850354099e-01 
 8.005013434071963e-08  1.243314293832571e-01 
 8.007013434071962e-08  1.243260844242578e-01 
 8.009013434071962e-08  1.243207501370619e-01 
 8.011013434071962e-08  1.243154265003619e-01 
 8.013013434071961e-08  1.243101134928930e-01 
 8.015013434071961e-08  1.243048110934327e-01 
 8.017013434071960e-08  1.242995192808009e-01 
 8.019013434071960e-08  1.242942380338600e-01 
 8.021013434071960e-08  1.242889673315143e-01 
 8.023013434071959e-08  1.242837071527103e-01 
 8.025013434071959e-08  1.242784574764366e-01 
 8.027013434071959e-08  1.242732182817238e-01 
 8.029013434071958e-08  1.242679895476443e-01 
 8.031013434071958e-08  1.242627712533122e-01 
 8.033013434071957e-08  1.242575633778835e-01 
 8.035013434071957e-08  1.242523659005556e-01 
 8.037013434071957e-08  1.242471788005676e-01 
 8.039013434071956e-08  1.242420020572000e-01 
 8.041013434071956e-08  1.242368356497746e-01 
 8.043013434071955e-08  1.242316795576546e-01 
 8.045013434071955e-08  1.242265337602443e-01 
 8.047013434071955e-08  1.242213982369892e-01 
 8.049013434071954e-08  1.242162729673758e-01 
 8.051013434071954e-08  1.242111579309316e-01 
 8.053013434071954e-08  1.242060531072249e-01 
 8.055013434071953e-08  1.242009584758648e-01 
 8.057013434071953e-08  1.241958740165013e-01 
 8.059013434071952e-08  1.241907997088248e-01 
 8.061013434071952e-08  1.241857355325663e-01 
 8.063013434071952e-08  1.241806814674972e-01 
 8.065013434071951e-08  1.241756374934296e-01 
 8.067013434071951e-08  1.241706035902156e-01 
 8.069013434071951e-08  1.241655797377477e-01 
 8.071013434071950e-08  1.241605659159583e-01 
 8.073013434071950e-08  1.241555621048202e-01 
 8.075013434071949e-08  1.241505682843458e-01 
 8.077013434071949e-08  1.241455844345879e-01 
 8.079013434071949e-08  1.241406105356388e-01 
 8.081013434071948e-08  1.241356465676305e-01 
 8.083013434071948e-08  1.241306925107348e-01 
 8.085013434071948e-08  1.241257483451631e-01 
 8.087013434071947e-08  1.241208140511663e-01 
 8.089013434071947e-08  1.241158896090347e-01 
 8.091013434071946e-08  1.241109749990980e-01 
 8.093013434071946e-08  1.241060702017250e-01 
 8.095013434071946e-08  1.241011751973239e-01 
 8.097013434071945e-08  1.240962899663419e-01 
 8.099013434071945e-08  1.240914144892654e-01 
 8.101013434071944e-08  1.240865487466195e-01 
 8.103013434071944e-08  1.240816927189684e-01 
 8.105013434071944e-08  1.240768463869151e-01 
 8.107013434071943e-08  1.240720097311012e-01 
 8.109013434071943e-08  1.240671827322070e-01 
 8.111013434071943e-08  1.240623653709515e-01 
 8.113013434071942e-08  1.240575576280919e-01 
 8.115013434071942e-08  1.240527594844242e-01 
 8.117013434071941e-08  1.240479709207823e-01 
 8.119013434071941e-08  1.240431919180388e-01 
 8.121013434071941e-08  1.240384224571043e-01 
 8.123013434071940e-08  1.240336625189274e-01 
 8.125013434071940e-08  1.240289120844951e-01 
 8.127013434071940e-08  1.240241711348319e-01 
 8.129013434071939e-08  1.240194396510004e-01 
 8.131013434071939e-08  1.240147176141012e-01 
 8.133013434071938e-08  1.240100050052723e-01 
 8.135013434071938e-08  1.240053018056896e-01 
 8.137013434071938e-08  1.240006079965665e-01 
 8.139013434071937e-08  1.239959235591538e-01 
 8.141013434071937e-08  1.239912484747400e-01 
 8.143013434071937e-08  1.239865827246506e-01 
 8.145013434071936e-08  1.239819262902486e-01 
 8.147013434071936e-08  1.239772791529343e-01 
 8.149013434071935e-08  1.239726412941451e-01 
 8.151013434071935e-08  1.239680126953553e-01 
 8.153013434071935e-08  1.239633933380763e-01 
 8.155013434071934e-08  1.239587832038564e-01 
 8.157013434071934e-08  1.239541822742807e-01 
 8.159013434071933e-08  1.239495905309712e-01 
 8.161013434071933e-08  1.239450079555864e-01 
 8.163013434071933e-08  1.239404345298215e-01 
 8.165013434071932e-08  1.239358702354084e-01 
 8.167013434071932e-08  1.239313150541153e-01 
 8.169013434071932e-08  1.239267689677469e-01 
 8.171013434071931e-08  1.239222319581440e-01 
 8.173013434071931e-08  1.239177040071839e-01 
 8.175013434071930e-08  1.239131850967801e-01 
 8.177013434071930e-08  1.239086752088821e-01 
 8.179013434071930e-08  1.239041743254754e-01 
 8.181013434071929e-08  1.238996824285816e-01 
 8.183013434071929e-08  1.238951995002580e-01 
 8.185013434071929e-08  1.238907255225980e-01 
 8.187013434071928e-08  1.238862604777306e-01 
 8.189013434071928e-08  1.238818043478205e-01 
 8.191013434071927e-08  1.238773571150679e-01 
 8.193013434071927e-08  1.238729187617087e-01 
 8.195013434071927e-08  1.238684892700142e-01 
 8.197013434071926e-08  1.238640686222911e-01 
 8.199013434071926e-08  1.238596568008814e-01 
 8.201013434071926e-08  1.238552537881624e-01 
 8.203013434071925e-08  1.238508595665467e-01 
 8.205013434071925e-08  1.238464741184817e-01 
 8.207013434071924e-08  1.238420974264502e-01 
 8.209013434071924e-08  1.238377294729696e-01 
 8.211013434071924e-08  1.238333702405926e-01 
 8.213013434071923e-08  1.238290197119065e-01 
 8.215013434071923e-08  1.238246778695334e-01 
 8.217013434071923e-08  1.238203446961300e-01 
 8.219013434071922e-08  1.238160201743880e-01 
 8.221013434071922e-08  1.238117042870332e-01 
 8.223013434071921e-08  1.238073970168260e-01 
 8.225013434071921e-08  1.238030983465616e-01 
 8.227013434071921e-08  1.237988082590691e-01 
 8.229013434071920e-08  1.237945267372120e-01 
 8.231013434071920e-08  1.237902537638881e-01 
 8.233013434071919e-08  1.237859893220294e-01 
 8.235013434071919e-08  1.237817333946018e-01 
 8.237013434071919e-08  1.237774859646052e-01 
 8.239013434071918e-08  1.237732470150737e-01 
 8.241013434071918e-08  1.237690165290750e-01 
 8.243013434071918e-08  1.237647944897108e-01 
 8.245013434071917e-08  1.237605808801164e-01 
 8.247013434071917e-08  1.237563756834609e-01 
 8.249013434071916e-08  1.237521788829469e-01 
 8.251013434071916e-08  1.237479904618105e-01 
 8.253013434071916e-08  1.237438104033213e-01 
 8.255013434071915e-08  1.237396386907826e-01 
 8.257013434071915e-08  1.237354753075306e-01 
 8.259013434071915e-08  1.237313202369350e-01 
 8.261013434071914e-08  1.237271734623986e-01 
 8.263013434071914e-08  1.237230349673574e-01 
 8.265013434071913e-08  1.237189047352806e-01 
 8.267013434071913e-08  1.237147827496702e-01 
 8.269013434071913e-08  1.237106689940612e-01 
 8.271013434071912e-08  1.237065634520214e-01 
 8.273013434071912e-08  1.237024661071517e-01 
 8.275013434071912e-08  1.236983769430854e-01 
 8.277013434071911e-08  1.236942959434886e-01 
 8.279013434071911e-08  1.236902230920601e-01 
 8.281013434071910e-08  1.236861583725312e-01 
 8.283013434071910e-08  1.236821017686656e-01 
 8.285013434071910e-08  1.236780532642594e-01 
 8.287013434071909e-08  1.236740128431413e-01 
 8.289013434071909e-08  1.236699804891721e-01 
 8.291013434071908e-08  1.236659561862448e-01 
 8.293013434071908e-08  1.236619399182846e-01 
 8.295013434071908e-08  1.236579316692487e-01 
 8.297013434071907e-08  1.236539314231266e-01 
 8.299013434071907e-08  1.236499391639395e-01 
 8.301013434071907e-08  1.236459548757407e-01 
 8.303013434071906e-08  1.236419785426150e-01 
 8.305013434071906e-08  1.236380101486794e-01 
 8.307013434071905e-08  1.236340496780824e-01 
 8.309013434071905e-08  1.236300971150042e-01 
 8.311013434071905e-08  1.236261524436565e-01 
 8.313013434071904e-08  1.236222156482826e-01 
 8.315013434071904e-08  1.236182867131573e-01 
 8.317013434071904e-08  1.236143656225867e-01 
 8.319013434071903e-08  1.236104523609083e-01 
 8.321013434071903e-08  1.236065469124908e-01 
 8.323013434071902e-08  1.236026492617342e-01 
 8.325013434071902e-08  1.235987593930695e-01 
 8.327013434071902e-08  1.235948772909590e-01 
 8.329013434071901e-08  1.235910029398959e-01 
 8.331013434071901e-08  1.235871363244045e-01 
 8.333013434071901e-08  1.235832774290396e-01 
 8.335013434071900e-08  1.235794262383873e-01 
 8.337013434071900e-08  1.235755827370643e-01 
 8.339013434071899e-08  1.235717469097179e-01 
 8.341013434071899e-08  1.235679187410262e-01 
 8.343013434071899e-08  1.235640982156978e-01 
 8.345013434071898e-08  1.235602853184720e-01 
 8.347013434071898e-08  1.235564800341183e-01 
 8.349013434071897e-08  1.235526823474369e-01 
 8.351013434071897e-08  1.235488922432580e-01 
 8.353013434071897e-08  1.235451097064425e-01 
 8.355013434071896e-08  1.235413347218812e-01 
 8.357013434071896e-08  1.235375672744953e-01 
 8.359013434071896e-08  1.235338073492359e-01 
 8.361013434071895e-08  1.235300549310842e-01 
 8.363013434071895e-08  1.235263100050515e-01 
 8.365013434071894e-08  1.235225725561789e-01 
 8.367013434071894e-08  1.235188425695376e-01 
 8.369013434071894e-08  1.235151200302282e-01 
 8.371013434071893e-08  1.235114049233815e-01 
 8.373013434071893e-08  1.235076972341575e-01 
 8.375013434071893e-08  1.235039969477463e-01 
 8.377013434071892e-08  1.235003040493673e-01 
 8.379013434071892e-08  1.234966185242694e-01 
 8.381013434071891e-08  1.234929403577311e-01 
 8.383013434071891e-08  1.234892695350602e-01 
 8.385013434071891e-08  1.234856060415939e-01 
 8.387013434071890e-08  1.234819498626985e-01 
 8.389013434071890e-08  1.234783009837698e-01 
 8.391013434071890e-08  1.234746593902326e-01 
 8.393013434071889e-08  1.234710250675407e-01 
 8.395013434071889e-08  1.234673980011771e-01 
 8.397013434071888e-08  1.234637781766537e-01 
 8.399013434071888e-08  1.234601655795115e-01 
 8.401013434071888e-08  1.234565601953202e-01 
 8.403013434071887e-08  1.234529620096781e-01 
 8.405013434071887e-08  1.234493710082128e-01 
 8.407013434071886e-08  1.234457871765802e-01 
 8.409013434071886e-08  1.234422105004648e-01 
 8.411013434071886e-08  1.234386409655800e-01 
 8.413013434071885e-08  1.234350785576675e-01 
 8.415013434071885e-08  1.234315232624974e-01 
 8.417013434071885e-08  1.234279750658684e-01 
 8.419013434071884e-08  1.234244339536076e-01 
 8.421013434071884e-08  1.234208999115700e-01 
 8.423013434071883e-08  1.234173729256393e-01 
 8.425013434071883e-08  1.234138529817271e-01 
 8.427013434071883e-08  1.234103400657733e-01 
 8.429013434071882e-08  1.234068341637458e-01 
 8.431013434071882e-08  1.234033352616406e-01 
 8.433013434071882e-08  1.233998433454814e-01 
 8.435013434071881e-08  1.233963584013201e-01 
 8.437013434071881e-08  1.233928804152364e-01 
 8.439013434071880e-08  1.233894093733375e-01 
 8.441013434071880e-08  1.233859452617588e-01 
 8.443013434071880e-08  1.233824880666630e-01 
 8.445013434071879e-08  1.233790377742405e-01 
 8.447013434071879e-08  1.233755943707096e-01 
 8.449013434071879e-08  1.233721578423157e-01 
 8.451013434071878e-08  1.233687281753318e-01 
 8.453013434071878e-08  1.233653053560585e-01 
 8.455013434071877e-08  1.233618893708234e-01 
 8.457013434071877e-08  1.233584802059816e-01 
 8.459013434071877e-08  1.233550778479156e-01 
 8.461013434071876e-08  1.233516822830348e-01 
 8.463013434071876e-08  1.233482934977758e-01 
 8.465013434071875e-08  1.233449114786025e-01 
 8.467013434071875e-08  1.233415362120055e-01 
 8.469013434071875e-08  1.233381676845026e-01 
 8.471013434071874e-08  1.233348058826384e-01 
 8.473013434071874e-08  1.233314507929844e-01 
 8.475013434071874e-08  1.233281024021391e-01 
 8.477013434071873e-08  1.233247606967274e-01 
 8.479013434071873e-08  1.233214256634012e-01 
 8.481013434071872e-08  1.233180972888388e-01 
 8.483013434071872e-08  1.233147755597454e-01 
 8.485013434071872e-08  1.233114604628525e-01 
 8.487013434071871e-08  1.233081519849182e-01 
 8.489013434071871e-08  1.233048501127270e-01 
 8.491013434071871e-08  1.233015548330899e-01 
 8.493013434071870e-08  1.232982661328440e-01 
 8.495013434071870e-08  1.232949839988528e-01 
 8.497013434071869e-08  1.232917084180062e-01 
 8.499013434071869e-08  1.232884393772200e-01 
 8.501013434071869e-08  1.232851768634363e-01 
 8.503013434071868e-08  1.232819208636231e-01 
 8.505013434071868e-08  1.232786713647747e-01 
 8.507013434071868e-08  1.232754283539112e-01 
 8.509013434071867e-08  1.232721918180784e-01 
 8.511013434071867e-08  1.232689617443483e-01 
 8.513013434071866e-08  1.232657381198187e-01 
 8.515013434071866e-08  1.232625209316131e-01 
 8.517013434071866e-08  1.232593101668805e-01 
 8.519013434071865e-08  1.232561058127957e-01 
 8.521013434071865e-08  1.232529078565592e-01 
 8.523013434071864e-08  1.232497162853970e-01 
 8.525013434071864e-08  1.232465310865606e-01 
 8.527013434071864e-08  1.232433522473269e-01 
 8.529013434071863e-08  1.232401797549983e-01 
 8.531013434071863e-08  1.232370135969025e-01 
 8.533013434071863e-08  1.232338537603924e-01 
 8.535013434071862e-08  1.232307002328463e-01 
 8.537013434071862e-08  1.232275530016677e-01 
 8.539013434071861e-08  1.232244120542852e-01 
 8.541013434071861e-08  1.232212773781525e-01 
 8.543013434071861e-08  1.232181489607483e-01 
 8.545013434071860e-08  1.232150267895764e-01 
 8.547013434071860e-08  1.232119108521656e-01 
 8.549013434071860e-08  1.232088011360693e-01 
 8.551013434071859e-08  1.232056976288662e-01 
 8.553013434071859e-08  1.232026003181593e-01 
 8.555013434071858e-08  1.231995091915768e-01 
 8.557013434071858e-08  1.231964242367713e-01 
 8.559013434071858e-08  1.231933454414202e-01 
 8.561013434071857e-08  1.231902727932255e-01 
 8.563013434071857e-08  1.231872062799136e-01 
 8.565013434071857e-08  1.231841458892357e-01 
 8.567013434071856e-08  1.231810916089671e-01 
 8.569013434071856e-08  1.231780434269079e-01 
 8.571013434071855e-08  1.231750013308821e-01 
 8.573013434071855e-08  1.231719653087385e-01 
 8.575013434071855e-08  1.231689353483497e-01 
 8.577013434071854e-08  1.231659114376129e-01 
 8.579013434071854e-08  1.231628935644492e-01 
 8.581013434071853e-08  1.231598817168040e-01 
 8.583013434071853e-08  1.231568758826466e-01 
 8.585013434071853e-08  1.231538760499705e-01 
 8.587013434071852e-08  1.231508822067931e-01 
 8.589013434071852e-08  1.231478943411555e-01 
 8.591013434071852e-08  1.231449124411231e-01 
 8.593013434071851e-08  1.231419364947848e-01 
 8.595013434071851e-08  1.231389664902534e-01 
 8.597013434071850e-08  1.231360024156654e-01 
 8.599013434071850e-08  1.231330442591811e-01 
 8.601013434071850e-08  1.231300920089842e-01 
 8.603013434071849e-08  1.231271456532823e-01 
 8.605013434071849e-08  1.231242051803063e-01 
 8.607013434071849e-08  1.231212705783107e-01 
 8.609013434071848e-08  1.231183418355735e-01 
 8.611013434071848e-08  1.231154189403959e-01 
 8.613013434071847e-08  1.231125018811027e-01 
 8.615013434071847e-08  1.231095906460419e-01 
 8.617013434071847e-08  1.231066852235847e-01 
 8.619013434071846e-08  1.231037856021257e-01 
 8.621013434071846e-08  1.231008917700826e-01 
 8.623013434071846e-08  1.230980037158960e-01 
 8.625013434071845e-08  1.230951214280300e-01 
 8.627013434071845e-08  1.230922448949713e-01 
 8.629013434071844e-08  1.230893741052299e-01 
 8.631013434071844e-08  1.230865090473385e-01 
 8.633013434071844e-08  1.230836497098530e-01 
 8.635013434071843e-08  1.230807960813519e-01 
 8.637013434071843e-08  1.230779481504365e-01 
 8.639013434071843e-08  1.230751059057311e-01 
 8.641013434071842e-08  1.230722693358825e-01 
 8.643013434071842e-08  1.230694384295600e-01 
 8.645013434071841e-08  1.230666131754561e-01 
 8.647013434071841e-08  1.230637935622853e-01 
 8.649013434071841e-08  1.230609795787849e-01 
 8.651013434071840e-08  1.230581712137146e-01 
 8.653013434071840e-08  1.230553684558567e-01 
 8.655013434071839e-08  1.230525712940156e-01 
 8.657013434071839e-08  1.230497797170185e-01 
 8.659013434071839e-08  1.230469937137143e-01 
 8.661013434071838e-08  1.230442132729747e-01 
 8.663013434071838e-08  1.230414383836934e-01 
 8.665013434071838e-08  1.230386690347863e-01 
 8.667013434071837e-08  1.230359052151915e-01 
 8.669013434071837e-08  1.230331469138689e-01 
 8.671013434071836e-08  1.230303941198009e-01 
 8.673013434071836e-08  1.230276468219914e-01 
 8.675013434071836e-08  1.230249050094668e-01 
 8.677013434071835e-08  1.230221686712749e-01 
 8.679013434071835e-08  1.230194377964857e-01 
 8.681013434071835e-08  1.230167123741910e-01 
 8.683013434071834e-08  1.230139923935040e-01 
 8.685013434071834e-08  1.230112778435602e-01 
 8.687013434071833e-08  1.230085687135164e-01 
 8.689013434071833e-08  1.230058649925512e-01 
 8.691013434071833e-08  1.230031666698646e-01 
 8.693013434071832e-08  1.230004737346786e-01 
 8.695013434071832e-08  1.229977861762364e-01 
 8.697013434071832e-08  1.229951039838027e-01 
 8.699013434071831e-08  1.229924271466636e-01 
 8.701013434071831e-08  1.229897556541267e-01 
 8.703013434071830e-08  1.229870894955209e-01 
 8.705013434071830e-08  1.229844286601966e-01 
 8.707013434071830e-08  1.229817731375250e-01 
 8.709013434071829e-08  1.229791229168990e-01 
 8.711013434071829e-08  1.229764779877323e-01 
 8.713013434071828e-08  1.229738383394600e-01 
 8.715013434071828e-08  1.229712039615383e-01 
 8.717013434071828e-08  1.229685748434443e-01 
 8.719013434071827e-08  1.229659509746761e-01 
 8.721013434071827e-08  1.229633323447529e-01 
 8.723013434071827e-08  1.229607189432148e-01 
 8.725013434071826e-08  1.229581107596226e-01 
 8.727013434071826e-08  1.229555077835583e-01 
 8.729013434071825e-08  1.229529100046243e-01 
 8.731013434071825e-08  1.229503174124441e-01 
 8.733013434071825e-08  1.229477299966618e-01 
 8.735013434071824e-08  1.229451477469420e-01 
 8.737013434071824e-08  1.229425706529701e-01 
 8.739013434071824e-08  1.229399987044521e-01 
 8.741013434071823e-08  1.229374318911145e-01 
 8.743013434071823e-08  1.229348702027045e-01 
 8.745013434071822e-08  1.229323136289895e-01 
 8.747013434071822e-08  1.229297621597574e-01 
 8.749013434071822e-08  1.229272157848167e-01 
 8.751013434071821e-08  1.229246744939959e-01 
 8.753013434071821e-08  1.229221382771441e-01 
 8.755013434071821e-08  1.229196071241304e-01 
 8.757013434071820e-08  1.229170810248445e-01 
 8.759013434071820e-08  1.229145599691960e-01 
 8.761013434071819e-08  1.229120439471146e-01 
 8.763013434071819e-08  1.229095329485505e-01 
 8.765013434071819e-08  1.229070269634734e-01 
 8.767013434071818e-08  1.229045259818734e-01 
 8.769013434071818e-08  1.229020299937606e-01 
 8.771013434071817e-08  1.228995389891648e-01 
 8.773013434071817e-08  1.228970529581360e-01 
 8.775013434071817e-08  1.228945718907439e-01 
 8.777013434071816e-08  1.228920957770779e-01 
 8.779013434071816e-08  1.228896246072475e-01 
 8.781013434071816e-08  1.228871583713817e-01 
 8.783013434071815e-08  1.228846970596293e-01 
 8.785013434071815e-08  1.228822406621588e-01 
 8.787013434071814e-08  1.228797891691583e-01 
 8.789013434071814e-08  1.228773425708355e-01 
 8.791013434071814e-08  1.228749008574175e-01 
 8.793013434071813e-08  1.228724640191512e-01 
 8.795013434071813e-08  1.228700320463028e-01 
 8.797013434071813e-08  1.228676049291578e-01 
 8.799013434071812e-08  1.228651826580213e-01 
 8.801013434071812e-08  1.228627652232178e-01 
 8.803013434071811e-08  1.228603526150911e-01 
 8.805013434071811e-08  1.228579448240040e-01 
 8.807013434071811e-08  1.228555418403388e-01 
 8.809013434071810e-08  1.228531436544971e-01 
 8.811013434071810e-08  1.228507502568993e-01 
 8.813013434071810e-08  1.228483616379853e-01 
 8.815013434071809e-08  1.228459777882139e-01 
 8.817013434071809e-08  1.228435986980629e-01 
 8.819013434071808e-08  1.228412243580292e-01 
 8.821013434071808e-08  1.228388547586287e-01 
 8.823013434071808e-08  1.228364898903962e-01 
 8.825013434071807e-08  1.228341297438855e-01 
 8.827013434071807e-08  1.228317743096689e-01 
 8.829013434071806e-08  1.228294235783381e-01 
 8.831013434071806e-08  1.228270775405030e-01 
 8.833013434071806e-08  1.228247361867927e-01 
 8.835013434071805e-08  1.228223995078547e-01 
 8.837013434071805e-08  1.228200674943553e-01 
 8.839013434071805e-08  1.228177401369795e-01 
 8.841013434071804e-08  1.228154174264308e-01 
 8.843013434071804e-08  1.228130993534314e-01 
 8.845013434071803e-08  1.228107859087218e-01 
 8.847013434071803e-08  1.228084770830612e-01 
 8.849013434071803e-08  1.228061728672270e-01 
 8.851013434071802e-08  1.228038732520152e-01 
 8.853013434071802e-08  1.228015782282403e-01 
 8.855013434071802e-08  1.227992877867349e-01 
 8.857013434071801e-08  1.227970019183499e-01 
 8.859013434071801e-08  1.227947206139547e-01 
 8.861013434071800e-08  1.227924438644367e-01 
 8.863013434071800e-08  1.227901716607016e-01 
 8.865013434071800e-08  1.227879039936733e-01 
 8.867013434071799e-08  1.227856408542937e-01 
 8.869013434071799e-08  1.227833822335229e-01 
 8.871013434071799e-08  1.227811281223389e-01 
 8.873013434071798e-08  1.227788785117379e-01 
 8.875013434071798e-08  1.227766333927339e-01 
 8.877013434071797e-08  1.227743927563590e-01 
 8.879013434071797e-08  1.227721565936631e-01 
 8.881013434071797e-08  1.227699248957140e-01 
 8.883013434071796e-08  1.227676976535974e-01 
 8.885013434071796e-08  1.227654748584167e-01 
 8.887013434071795e-08  1.227632565012931e-01 
 8.889013434071795e-08  1.227610425733655e-01 
 8.891013434071795e-08  1.227588330657906e-01 
 8.893013434071794e-08  1.227566279697425e-01 
 8.895013434071794e-08  1.227544272764134e-01 
 8.897013434071794e-08  1.227522309770124e-01 
 8.899013434071793e-08  1.227500390627668e-01 
 8.901013434071793e-08  1.227478515249211e-01 
 8.903013434071792e-08  1.227456683547374e-01 
 8.905013434071792e-08  1.227434895434950e-01 
 8.907013434071792e-08  1.227413150824909e-01 
 8.909013434071791e-08  1.227391449630393e-01 
 8.911013434071791e-08  1.227369791764719e-01 
 8.913013434071791e-08  1.227348177141376e-01 
 8.915013434071790e-08  1.227326605674026e-01 
 8.917013434071790e-08  1.227305077276502e-01 
 8.919013434071789e-08  1.227283591862812e-01 
 8.921013434071789e-08  1.227262149347133e-01 
 8.923013434071789e-08  1.227240749643815e-01 
 8.925013434071788e-08  1.227219392667377e-01 
 8.927013434071788e-08  1.227198078332511e-01 
 8.929013434071788e-08  1.227176806554079e-01 
 8.931013434071787e-08  1.227155577247112e-01 
 8.933013434071787e-08  1.227134390326810e-01 
 8.935013434071786e-08  1.227113245708545e-01 
 8.937013434071786e-08  1.227092143307855e-01 
 8.939013434071786e-08  1.227071083040448e-01 
 8.941013434071785e-08  1.227050064822201e-01 
 8.943013434071785e-08  1.227029088569157e-01 
 8.945013434071784e-08  1.227008154197529e-01 
 8.947013434071784e-08  1.226987261623696e-01 
 8.949013434071784e-08  1.226966410764203e-01 
 8.951013434071783e-08  1.226945601535764e-01 
 8.953013434071783e-08  1.226924833855257e-01 
 8.955013434071783e-08  1.226904107639727e-01 
 8.957013434071782e-08  1.226883422806386e-01 
 8.959013434071782e-08  1.226862779272608e-01 
 8.961013434071781e-08  1.226842176955936e-01 
 8.963013434071781e-08  1.226821615774073e-01 
 8.965013434071781e-08  1.226801095644890e-01 
 8.967013434071780e-08  1.226780616486420e-01 
 8.969013434071780e-08  1.226760178216862e-01 
 8.971013434071780e-08  1.226739780754576e-01 
 8.973013434071779e-08  1.226719424018085e-01 
 8.975013434071779e-08  1.226699107926076e-01 
 8.977013434071778e-08  1.226678832397398e-01 
 8.979013434071778e-08  1.226658597351062e-01 
 8.981013434071778e-08  1.226638402706239e-01 
 8.983013434071777e-08  1.226618248382265e-01 
 8.985013434071777e-08  1.226598134298634e-01 
 8.987013434071777e-08  1.226578060375002e-01 
 8.989013434071776e-08  1.226558026531184e-01 
 8.991013434071776e-08  1.226538032687158e-01 
 8.993013434071775e-08  1.226518078763058e-01 
 8.995013434071775e-08  1.226498164679182e-01 
 8.997013434071775e-08  1.226478290355982e-01 
 8.999013434071774e-08  1.226458455714072e-01 
 9.001013434071774e-08  1.226438660674225e-01 
 9.003013434071773e-08  1.226418905157370e-01 
 9.005013434071773e-08  1.226399189084596e-01 
 9.007013434071773e-08  1.226379512377147e-01 
 9.009013434071772e-08  1.226359874956427e-01 
 9.011013434071772e-08  1.226340276743996e-01 
 9.013013434071772e-08  1.226320717661569e-01 
 9.015013434071771e-08  1.226301197631019e-01 
 9.017013434071771e-08  1.226281716574375e-01 
 9.019013434071770e-08  1.226262274413821e-01 
 9.021013434071770e-08  1.226242871071697e-01 
 9.023013434071770e-08  1.226223506470497e-01 
 9.025013434071769e-08  1.226204180532871e-01 
 9.027013434071769e-08  1.226184893181624e-01 
 9.029013434071769e-08  1.226165644339712e-01 
 9.031013434071768e-08  1.226146433930247e-01 
 9.033013434071768e-08  1.226127261876496e-01 
 9.035013434071767e-08  1.226108128101876e-01 
 9.037013434071767e-08  1.226089032529959e-01 
 9.039013434071767e-08  1.226069975084469e-01 
 9.041013434071766e-08  1.226050955689283e-01 
 9.043013434071766e-08  1.226031974268428e-01 
 9.045013434071766e-08  1.226013030746086e-01 
 9.047013434071765e-08  1.225994125046587e-01 
 9.049013434071765e-08  1.225975257094414e-01 
 9.051013434071764e-08  1.225956426814199e-01 
 9.053013434071764e-08  1.225937634130728e-01 
 9.055013434071764e-08  1.225918878968933e-01 
 9.057013434071763e-08  1.225900161253898e-01 
 9.059013434071763e-08  1.225881480910857e-01 
 9.061013434071763e-08  1.225862837865193e-01 
 9.063013434071762e-08  1.225844232042438e-01 
 9.065013434071762e-08  1.225825663368271e-01 
 9.067013434071761e-08  1.225807131768521e-01 
 9.069013434071761e-08  1.225788637169165e-01 
 9.071013434071761e-08  1.225770179496328e-01 
 9.073013434071760e-08  1.225751758676282e-01 
 9.075013434071760e-08  1.225733374635447e-01 
 9.077013434071759e-08  1.225715027300387e-01 
 9.079013434071759e-08  1.225696716597817e-01 
 9.081013434071759e-08  1.225678442454595e-01 
 9.083013434071758e-08  1.225660204797727e-01 
 9.085013434071758e-08  1.225642003554364e-01 
 9.087013434071758e-08  1.225623838651801e-01 
 9.089013434071757e-08  1.225605710017481e-01 
 9.091013434071757e-08  1.225587617578990e-01 
 9.093013434071756e-08  1.225569561264059e-01 
 9.095013434071756e-08  1.225551541000563e-01 
 9.097013434071756e-08  1.225533556716522e-01 
 9.099013434071755e-08  1.225515608340098e-01 
 9.101013434071755e-08  1.225497695799599e-01 
 9.103013434071755e-08  1.225479819023473e-01 
 9.105013434071754e-08  1.225461977940313e-01 
 9.107013434071754e-08  1.225444172478854e-01 
 9.109013434071753e-08  1.225426402567974e-01 
 9.111013434071753e-08  1.225408668136692e-01 
 9.113013434071753e-08  1.225390969114169e-01 
 9.115013434071752e-08  1.225373305429707e-01 
 9.117013434071752e-08  1.225355677012750e-01 
 9.119013434071752e-08  1.225338083792883e-01 
 9.121013434071751e-08  1.225320525699830e-01 
 9.123013434071751e-08  1.225303002663456e-01 
 9.125013434071750e-08  1.225285514613769e-01 
 9.127013434071750e-08  1.225268061480914e-01 
 9.129013434071750e-08  1.225250643195173e-01 
 9.131013434071749e-08  1.225233259686971e-01 
 9.133013434071749e-08  1.225215910886871e-01 
 9.135013434071748e-08  1.225198596725575e-01 
 9.137013434071748e-08  1.225181317133922e-01 
 9.139013434071748e-08  1.225164072042890e-01 
 9.141013434071747e-08  1.225146861383594e-01 
 9.143013434071747e-08  1.225129685087289e-01 
 9.145013434071747e-08  1.225112543085364e-01 
 9.147013434071746e-08  1.225095435309348e-01 
 9.149013434071746e-08  1.225078361690903e-01 
 9.151013434071745e-08  1.225061322161831e-01 
 9.153013434071745e-08  1.225044316654068e-01 
 9.155013434071745e-08  1.225027345099688e-01 
 9.157013434071744e-08  1.225010407430899e-01 
 9.159013434071744e-08  1.224993503580043e-01 
 9.161013434071744e-08  1.224976633479600e-01 
 9.163013434071743e-08  1.224959797062184e-01 
 9.165013434071743e-08  1.224942994260543e-01 
 9.167013434071742e-08  1.224926225007558e-01 
 9.169013434071742e-08  1.224909489236247e-01 
 9.171013434071742e-08  1.224892786879760e-01 
 9.173013434071741e-08  1.224876117871379e-01 
 9.175013434071741e-08  1.224859482144523e-01 
 9.177013434071741e-08  1.224842879632740e-01 
 9.179013434071740e-08  1.224826310269713e-01 
 9.181013434071740e-08  1.224809773989258e-01 
 9.183013434071739e-08  1.224793270725320e-01 
 9.185013434071739e-08  1.224776800411978e-01 
 9.187013434071739e-08  1.224760362983445e-01 
 9.189013434071738e-08  1.224743958374060e-01 
 9.191013434071738e-08  1.224727586518297e-01 
 9.193013434071737e-08  1.224711247350759e-01 
 9.195013434071737e-08  1.224694940806182e-01 
 9.197013434071737e-08  1.224678666819430e-01 
 9.199013434071736e-08  1.224662425325497e-01 
 9.201013434071736e-08  1.224646216259508e-01 
 9.203013434071736e-08  1.224630039556717e-01 
 9.205013434071735e-08  1.224613895152507e-01 
 9.207013434071735e-08  1.224597782982391e-01 
 9.209013434071734e-08  1.224581702982009e-01 
 9.211013434071734e-08  1.224565655087131e-01 
 9.213013434071734e-08  1.224549639233655e-01 
 9.215013434071733e-08  1.224533655357608e-01 
 9.217013434071733e-08  1.224517703395141e-01 
 9.219013434071733e-08  1.224501783282536e-01 
 9.221013434071732e-08  1.224485894956201e-01 
 9.223013434071732e-08  1.224470038352672e-01 
 9.225013434071731e-08  1.224454213408611e-01 
 9.227013434071731e-08  1.224438420060805e-01 
 9.229013434071731e-08  1.224422658246170e-01 
 9.231013434071730e-08  1.224406927901746e-01 
 9.233013434071730e-08  1.224391228964700e-01 
 9.235013434071730e-08  1.224375561372321e-01 
 9.237013434071729e-08  1.224359925062029e-01 
 9.239013434071729e-08  1.224344319971365e-01 
 9.241013434071728e-08  1.224328746037995e-01 
 9.243013434071728e-08  1.224313203199710e-01 
 9.245013434071728e-08  1.224297691394425e-01 
 9.247013434071727e-08  1.224282210560180e-01 
 9.249013434071727e-08  1.224266760635137e-01 
 9.251013434071726e-08  1.224251341557583e-01 
 9.253013434071726e-08  1.224235953265928e-01 
 9.255013434071726e-08  1.224220595698704e-01 
 9.257013434071725e-08  1.224205268794565e-01 
 9.259013434071725e-08  1.224189972492291e-01 
 9.261013434071725e-08  1.224174706730781e-01 
 9.263013434071724e-08  1.224159471449057e-01 
 9.265013434071724e-08  1.224144266586261e-01 
 9.267013434071723e-08  1.224129092081661e-01 
 9.269013434071723e-08  1.224113947874642e-01 
 9.271013434071723e-08  1.224098833904712e-01 
 9.273013434071722e-08  1.224083750111500e-01 
 9.275013434071722e-08  1.224068696434753e-01 
 9.277013434071722e-08  1.224053672814342e-01 
 9.279013434071721e-08  1.224038679190255e-01 
 9.281013434071721e-08  1.224023715502601e-01 
 9.283013434071720e-08  1.224008781691609e-01 
 9.285013434071720e-08  1.223993877697627e-01 
 9.287013434071720e-08  1.223979003461122e-01 
 9.289013434071719e-08  1.223964158922679e-01 
 9.291013434071719e-08  1.223949344023004e-01 
 9.293013434071719e-08  1.223934558702920e-01 
 9.295013434071718e-08  1.223919802903366e-01 
 9.297013434071718e-08  1.223905076565403e-01 
 9.299013434071717e-08  1.223890379630207e-01 
 9.301013434071717e-08  1.223875712039072e-01 
 9.303013434071717e-08  1.223861073733409e-01 
 9.305013434071716e-08  1.223846464654747e-01 
 9.307013434071716e-08  1.223831884744731e-01 
 9.309013434071715e-08  1.223817333945122e-01 
 9.311013434071715e-08  1.223802812197799e-01 
 9.313013434071715e-08  1.223788319444754e-01 
 9.315013434071714e-08  1.223773855628099e-01 
 9.317013434071714e-08  1.223759420690057e-01 
 9.319013434071714e-08  1.223745014572970e-01 
 9.321013434071713e-08  1.223730637219293e-01 
 9.323013434071713e-08  1.223716288571597e-01 
 9.325013434071712e-08  1.223701968572568e-01 
 9.327013434071712e-08  1.223687677165006e-01 
 9.329013434071712e-08  1.223673414291823e-01 
 9.331013434071711e-08  1.223659179896049e-01 
 9.333013434071711e-08  1.223644973920824e-01 
 9.335013434071711e-08  1.223630796309404e-01 
 9.337013434071710e-08  1.223616647005158e-01 
 9.339013434071710e-08  1.223602525951567e-01 
 9.341013434071709e-08  1.223588433092225e-01 
 9.343013434071709e-08  1.223574368370841e-01 
 9.345013434071709e-08  1.223560331731232e-01 
 9.347013434071708e-08  1.223546323117331e-01 
 9.349013434071708e-08  1.223532342473182e-01 
 9.351013434071708e-08  1.223518389742939e-01 
 9.353013434071707e-08  1.223504464870869e-01 
 9.355013434071707e-08  1.223490567801351e-01 
 9.357013434071706e-08  1.223476698478873e-01 
 9.359013434071706e-08  1.223462856848036e-01 
 9.361013434071706e-08  1.223449042853550e-01 
 9.363013434071705e-08  1.223435256440236e-01 
 9.365013434071705e-08  1.223421497553025e-01 
 9.367013434071704e-08  1.223407766136958e-01 
 9.369013434071704e-08  1.223394062137187e-01 
 9.371013434071704e-08  1.223380385498971e-01 
 9.373013434071703e-08  1.223366736167680e-01 
 9.375013434071703e-08  1.223353114088793e-01 
 9.377013434071703e-08  1.223339519207896e-01 
 9.379013434071702e-08  1.223325951470688e-01 
 9.381013434071702e-08  1.223312410822971e-01 
 9.383013434071701e-08  1.223298897210659e-01 
 9.385013434071701e-08  1.223285410579773e-01 
 9.387013434071701e-08  1.223271950876441e-01 
 9.389013434071700e-08  1.223258518046900e-01 
 9.391013434071700e-08  1.223245112037493e-01 
 9.393013434071700e-08  1.223231732794670e-01 
 9.395013434071699e-08  1.223218380264990e-01 
 9.397013434071699e-08  1.223205054395115e-01 
 9.399013434071698e-08  1.223191755131818e-01 
 9.401013434071698e-08  1.223178482421975e-01 
 9.403013434071698e-08  1.223165236212569e-01 
 9.405013434071697e-08  1.223152016450689e-01 
 9.407013434071697e-08  1.223138823083529e-01 
 9.409013434071697e-08  1.223125656058391e-01 
 9.411013434071696e-08  1.223112515322679e-01 
 9.413013434071696e-08  1.223099400823903e-01 
 9.415013434071695e-08  1.223086312509678e-01 
 9.417013434071695e-08  1.223073250327724e-01 
 9.419013434071695e-08  1.223060214225865e-01 
 9.421013434071694e-08  1.223047204152028e-01 
 9.423013434071694e-08  1.223034220054248e-01 
 9.425013434071694e-08  1.223021261880658e-01 
 9.427013434071693e-08  1.223008329579500e-01 
 9.429013434071693e-08  1.222995423099115e-01 
 9.431013434071692e-08  1.222982542387949e-01 
 9.433013434071692e-08  1.222969687394552e-01 
 9.435013434071692e-08  1.222956858067575e-01 
 9.437013434071691e-08  1.222944054355772e-01 
 9.439013434071691e-08  1.222931276207999e-01 
 9.441013434071690e-08  1.222918523573216e-01 
 9.443013434071690e-08  1.222905796400483e-01 
 9.445013434071690e-08  1.222893094638961e-01 
 9.447013434071689e-08  1.222880418237914e-01 
 9.449013434071689e-08  1.222867767146708e-01 
 9.451013434071689e-08  1.222855141314809e-01 
 9.453013434071688e-08  1.222842540691783e-01 
 9.455013434071688e-08  1.222829965227299e-01 
 9.457013434071687e-08  1.222817414871125e-01 
 9.459013434071687e-08  1.222804889573129e-01 
 9.461013434071687e-08  1.222792389283280e-01 
 9.463013434071686e-08  1.222779913951645e-01 
 9.465013434071686e-08  1.222767463528394e-01 
 9.467013434071686e-08  1.222755037963793e-01 
 9.469013434071685e-08  1.222742637208211e-01 
 9.471013434071685e-08  1.222730261212112e-01 
 9.473013434071684e-08  1.222717909926061e-01 
 9.475013434071684e-08  1.222705583300723e-01 
 9.477013434071684e-08  1.222693281286860e-01 
 9.479013434071683e-08  1.222681003835332e-01 
 9.481013434071683e-08  1.222668750897097e-01 
 9.483013434071683e-08  1.222656522423212e-01 
 9.485013434071682e-08  1.222644318364832e-01 
 9.487013434071682e-08  1.222632138673207e-01 
 9.489013434071681e-08  1.222619983299688e-01 
 9.491013434071681e-08  1.222607852195720e-01 
 9.493013434071681e-08  1.222595745312847e-01 
 9.495013434071680e-08  1.222583662602707e-01 
 9.497013434071680e-08  1.222571604017039e-01 
 9.499013434071679e-08  1.222559569507674e-01 
 9.501013434071679e-08  1.222547559026542e-01 
 9.503013434071679e-08  1.222535572525668e-01 
 9.505013434071678e-08  1.222523609957172e-01 
 9.507013434071678e-08  1.222511671273271e-01 
 9.509013434071678e-08  1.222499756426276e-01 
 9.511013434071677e-08  1.222487865368595e-01 
 9.513013434071677e-08  1.222475998052729e-01 
 9.515013434071676e-08  1.222464154431275e-01 
 9.517013434071676e-08  1.222452334456926e-01 
 9.519013434071676e-08  1.222440538082465e-01 
 9.521013434071675e-08  1.222428765260776e-01 
 9.523013434071675e-08  1.222417015944830e-01 
 9.525013434071675e-08  1.222405290087695e-01 
 9.527013434071674e-08  1.222393587642536e-01 
 9.529013434071674e-08  1.222381908562606e-01 
 9.531013434071673e-08  1.222370252801254e-01 
 9.533013434071673e-08  1.222358620311924e-01 
 9.535013434071673e-08  1.222347011048148e-01 
 9.537013434071672e-08  1.222335424963554e-01 
 9.539013434071672e-08  1.222323862011863e-01 
 9.541013434071672e-08  1.222312322146887e-01 
 9.543013434071671e-08  1.222300805322532e-01 
 9.545013434071671e-08  1.222289311492794e-01 
 9.547013434071670e-08  1.222277840611761e-01 
 9.549013434071670e-08  1.222266392633615e-01 
 9.551013434071670e-08  1.222254967512627e-01 
 9.553013434071669e-08  1.222243565203160e-01 
 9.555013434071669e-08  1.222232185659668e-01 
 9.557013434071668e-08  1.222220828836696e-01 
 9.559013434071668e-08  1.222209494688882e-01 
 9.561013434071668e-08  1.222198183170951e-01 
 9.563013434071667e-08  1.222186894237720e-01 
 9.565013434071667e-08  1.222175627844096e-01 
 9.567013434071667e-08  1.222164383945076e-01 
 9.569013434071666e-08  1.222153162495748e-01 
 9.571013434071666e-08  1.222141963451288e-01 
 9.573013434071665e-08  1.222130786766962e-01 
 9.575013434071665e-08  1.222119632398126e-01 
 9.577013434071665e-08  1.222108500300225e-01 
 9.579013434071664e-08  1.222097390428792e-01 
 9.581013434071664e-08  1.222086302739449e-01 
 9.583013434071664e-08  1.222075237187908e-01 
 9.585013434071663e-08  1.222064193729967e-01 
 9.587013434071663e-08  1.222053172321515e-01 
 9.589013434071662e-08  1.222042172918527e-01 
 9.591013434071662e-08  1.222031195477068e-01 
 9.593013434071662e-08  1.222020239953287e-01 
 9.595013434071661e-08  1.222009306303425e-01 
 9.597013434071661e-08  1.221998394483807e-01 
 9.599013434071661e-08  1.221987504450847e-01 
 9.601013434071660e-08  1.221976636161046e-01 
 9.603013434071660e-08  1.221965789570991e-01 
 9.605013434071659e-08  1.221954964637355e-01 
 9.607013434071659e-08  1.221944161316900e-01 
 9.609013434071659e-08  1.221933379566473e-01 
 9.611013434071658e-08  1.221922619343006e-01 
 9.613013434071658e-08  1.221911880603519e-01 
 9.615013434071657e-08  1.221901163305116e-01 
 9.617013434071657e-08  1.221890467404988e-01 
 9.619013434071657e-08  1.221879792860411e-01 
 9.621013434071656e-08  1.221869139628746e-01 
 9.623013434071656e-08  1.221858507667439e-01 
 9.625013434071656e-08  1.221847896934023e-01 
 9.627013434071655e-08  1.221837307386112e-01 
 9.629013434071655e-08  1.221826738981408e-01 
 9.631013434071654e-08  1.221816191677696e-01 
 9.633013434071654e-08  1.221805665432846e-01 
 9.635013434071654e-08  1.221795160204811e-01 
 9.637013434071653e-08  1.221784675951630e-01 
 9.639013434071653e-08  1.221774212631422e-01 
 9.641013434071653e-08  1.221763770202393e-01 
 9.643013434071652e-08  1.221753348622833e-01 
 9.645013434071652e-08  1.221742947851112e-01 
 9.647013434071651e-08  1.221732567845685e-01 
 9.649013434071651e-08  1.221722208565089e-01 
 9.651013434071651e-08  1.221711869967947e-01 
 9.653013434071650e-08  1.221701552012960e-01 
 9.655013434071650e-08  1.221691254658915e-01 
 9.657013434071650e-08  1.221680977864679e-01 
 9.659013434071649e-08  1.221670721589203e-01 
 9.661013434071649e-08  1.221660485791518e-01 
 9.663013434071648e-08  1.221650270430739e-01 
 9.665013434071648e-08  1.221640075466060e-01 
 9.667013434071648e-08  1.221629900856759e-01 
 9.669013434071647e-08  1.221619746562193e-01 
 9.671013434071647e-08  1.221609612541803e-01 
 9.673013434071646e-08  1.221599498755109e-01 
 9.675013434071646e-08  1.221589405161712e-01 
 9.677013434071646e-08  1.221579331721292e-01 
 9.679013434071645e-08  1.221569278393614e-01 
 9.681013434071645e-08  1.221559245138520e-01 
 9.683013434071645e-08  1.221549231915932e-01 
 9.685013434071644e-08  1.221539238685854e-01 
 9.687013434071644e-08  1.221529265408367e-01 
 9.689013434071643e-08  1.221519312043635e-01 
 9.691013434071643e-08  1.221509378551900e-01 
 9.693013434071643e-08  1.221499464893483e-01 
 9.695013434071642e-08  1.221489571028784e-01 
 9.697013434071642e-08  1.221479696918283e-01 
 9.699013434071642e-08  1.221469842522539e-01 
 9.701013434071641e-08  1.221460007802190e-01 
 9.703013434071641e-08  1.221450192717949e-01 
 9.705013434071640e-08  1.221440397230613e-01 
 9.707013434071640e-08  1.221430621301054e-01 
 9.709013434071640e-08  1.221420864890223e-01 
 9.711013434071639e-08  1.221411127959149e-01 
 9.713013434071639e-08  1.221401410468936e-01 
 9.715013434071639e-08  1.221391712380771e-01 
 9.717013434071638e-08  1.221382033655915e-01 
 9.719013434071638e-08  1.221372374255706e-01 
 9.721013434071637e-08  1.221362734141560e-01 
 9.723013434071637e-08  1.221353113274972e-01 
 9.725013434071637e-08  1.221343511617510e-01 
 9.727013434071636e-08  1.221333929130824e-01 
 9.729013434071636e-08  1.221324365776634e-01 
 9.731013434071635e-08  1.221314821516741e-01 
 9.733013434071635e-08  1.221305296313022e-01 
 9.735013434071635e-08  1.221295790127428e-01 
 9.737013434071634e-08  1.221286302921989e-01 
 9.739013434071634e-08  1.221276834658807e-01 
 9.741013434071634e-08  1.221267385300063e-01 
 9.743013434071633e-08  1.221257954808012e-01 
 9.745013434071633e-08  1.221248543144984e-01 
 9.747013434071632e-08  1.221239150273385e-01 
 9.749013434071632e-08  1.221229776155696e-01 
 9.751013434071632e-08  1.221220420754472e-01 
 9.753013434071631e-08  1.221211084032344e-01 
 9.755013434071631e-08  1.221201765952018e-01 
 9.757013434071631e-08  1.221192466476272e-01 
 9.759013434071630e-08  1.221183185567960e-01 
 9.761013434071630e-08  1.221173923190012e-01 
 9.763013434071629e-08  1.221164679305429e-01 
 9.765013434071629e-08  1.221155453877286e-01 
 9.767013434071629e-08  1.221146246868735e-01 
 9.769013434071628e-08  1.221137058242996e-01 
 9.771013434071628e-08  1.221127887963368e-01 
 9.773013434071628e-08  1.221118735993220e-01 
 9.775013434071627e-08  1.221109602295996e-01 
 9.777013434071627e-08  1.221100486835211e-01 
 9.779013434071626e-08  1.221091389574454e-01 
 9.781013434071626e-08  1.221082310477388e-01 
 9.783013434071626e-08  1.221073249507746e-01 
 9.785013434071625e-08  1.221064206629334e-01 
 9.787013434071625e-08  1.221055181806032e-01 
 9.789013434071624e-08  1.221046175001791e-01 
 9.791013434071624e-08  1.221037186180634e-01 
 9.793013434071624e-08  1.221028215306655e-01 
 9.795013434071623e-08  1.221019262344020e-01 
 9.797013434071623e-08  1.221010327256968e-01 
 9.799013434071623e-08  1.221001410009809e-01 
 9.801013434071622e-08  1.220992510566923e-01 
 9.803013434071622e-08  1.220983628892761e-01 
 9.805013434071621e-08  1.220974764951847e-01 
 9.807013434071621e-08  1.220965918708774e-01 
 9.809013434071621e-08  1.220957090128206e-01 
 9.811013434071620e-08  1.220948279174878e-01 
 9.813013434071620e-08  1.220939485813596e-01 
 9.815013434071620e-08  1.220930710009235e-01 
 9.817013434071619e-08  1.220921951726740e-01 
 9.819013434071619e-08  1.220913210931128e-01 
 9.821013434071618e-08  1.220904487587484e-01 
 9.823013434071618e-08  1.220895781660963e-01 
 9.825013434071618e-08  1.220887093116790e-01 
 9.827013434071617e-08  1.220878421920259e-01 
 9.829013434071617e-08  1.220869768036733e-01 
 9.831013434071617e-08  1.220861131431646e-01 
 9.833013434071616e-08  1.220852512070499e-01 
 9.835013434071616e-08  1.220843909918861e-01 
 9.837013434071615e-08  1.220835324942374e-01 
 9.839013434071615e-08  1.220826757106745e-01 
 9.841013434071615e-08  1.220818206377749e-01 
 9.843013434071614e-08  1.220809672721232e-01 
 9.845013434071614e-08  1.220801156103107e-01 
 9.847013434071614e-08  1.220792656489355e-01 
 9.849013434071613e-08  1.220784173846023e-01 
 9.851013434071613e-08  1.220775708139231e-01 
 9.853013434071612e-08  1.220767259335161e-01 
 9.855013434071612e-08  1.220758827400065e-01 
 9.857013434071612e-08  1.220750412300263e-01 
 9.859013434071611e-08  1.220742014002140e-01 
 9.861013434071611e-08  1.220733632472152e-01 
 9.863013434071610e-08  1.220725267676817e-01 
 9.865013434071610e-08  1.220716919582724e-01 
 9.867013434071610e-08  1.220708588156527e-01 
 9.869013434071609e-08  1.220700273364946e-01 
 9.871013434071609e-08  1.220691975174769e-01 
 9.873013434071609e-08  1.220683693552849e-01 
 9.875013434071608e-08  1.220675428466104e-01 
 9.877013434071608e-08  1.220667179881523e-01 
 9.879013434071607e-08  1.220658947766156e-01 
 9.881013434071607e-08  1.220650732087120e-01 
 9.883013434071607e-08  1.220642532811598e-01 
 9.885013434071606e-08  1.220634349906840e-01 
 9.887013434071606e-08  1.220626183340158e-01 
 9.889013434071606e-08  1.220618033078932e-01 
 9.891013434071605e-08  1.220609899090607e-01 
 9.893013434071605e-08  1.220601781342691e-01 
 9.895013434071604e-08  1.220593679802759e-01 
 9.897013434071604e-08  1.220585594438452e-01 
 9.899013434071604e-08  1.220577525217470e-01 
 9.901013434071603e-08  1.220569472107582e-01 
 9.903013434071603e-08  1.220561435076622e-01 
 9.905013434071603e-08  1.220553414092485e-01 
 9.907013434071602e-08  1.220545409123132e-01 
 9.909013434071602e-08  1.220537420136589e-01 
 9.911013434071601e-08  1.220529447100944e-01 
 9.913013434071601e-08  1.220521489984349e-01 
 9.915013434071601e-08  1.220513548755018e-01 
 9.917013434071600e-08  1.220505623381234e-01 
 9.919013434071600e-08  1.220497713831336e-01 
 9.921013434071599e-08  1.220489820073733e-01 
 9.923013434071599e-08  1.220481942076892e-01 
 9.925013434071599e-08  1.220474079809345e-01 
 9.927013434071598e-08  1.220466233239687e-01 
 9.929013434071598e-08  1.220458402336577e-01 
 9.931013434071598e-08  1.220450587068733e-01 
 9.933013434071597e-08  1.220442787404938e-01 
 9.935013434071597e-08  1.220435003314036e-01 
 9.937013434071596e-08  1.220427234764936e-01 
 9.939013434071596e-08  1.220419481726605e-01 
 9.941013434071596e-08  1.220411744168076e-01 
 9.943013434071595e-08  1.220404022058440e-01 
 9.945013434071595e-08  1.220396315366852e-01 
 9.947013434071595e-08  1.220388624062529e-01 
 9.949013434071594e-08  1.220380948114748e-01 
 9.951013434071594e-08  1.220373287492847e-01 
 9.953013434071593e-08  1.220365642166229e-01 
 9.955013434071593e-08  1.220358012104353e-01 
 9.957013434071593e-08  1.220350397276741e-01 
 9.959013434071592e-08  1.220342797652976e-01 
 9.961013434071592e-08  1.220335213202704e-01 
 9.963013434071592e-08  1.220327643895628e-01 
 9.965013434071591e-08  1.220320089701513e-01 
 9.967013434071591e-08  1.220312550590184e-01 
 9.969013434071590e-08  1.220305026531528e-01 
 9.971013434071590e-08  1.220297517495488e-01 
 9.973013434071590e-08  1.220290023452072e-01 
 9.975013434071589e-08  1.220282544371345e-01 
 9.977013434071589e-08  1.220275080223432e-01 
 9.979013434071588e-08  1.220267630978518e-01 
 9.981013434071588e-08  1.220260196606848e-01 
 9.983013434071588e-08  1.220252777078726e-01 
 9.985013434071587e-08  1.220245372364514e-01 
 9.987013434071587e-08  1.220237982434635e-01 
 9.989013434071587e-08  1.220230607259571e-01 
 9.991013434071586e-08  1.220223246809862e-01 
 9.993013434071586e-08  1.220215901056107e-01 
 9.995013434071585e-08  1.220208569968963e-01 
 9.997013434071585e-08  1.220201253519148e-01 
 9.999013434071585e-08  1.220193951677437e-01 
 1.000101343407158e-07  1.220186664414663e-01 
 1.000301343407158e-07  1.220179391701718e-01 
 1.000501343407158e-07  1.220172133509550e-01 
 1.000701343407158e-07  1.220164889809168e-01 
 1.000901343407158e-07  1.220157660571636e-01 
 1.001101343407158e-07  1.220150445768080e-01 
 1.001301343407158e-07  1.220143245369679e-01 
 1.001501343407158e-07  1.220136059347672e-01 
 1.001701343407158e-07  1.220128887673355e-01 
 1.001901343407158e-07  1.220121730318081e-01 
 1.002101343407158e-07  1.220114587253260e-01 
 1.002301343407158e-07  1.220107458450361e-01 
 1.002501343407158e-07  1.220100343880907e-01 
 1.002701343407158e-07  1.220093243516481e-01 
 1.002901343407158e-07  1.220086157328719e-01 
 1.003101343407158e-07  1.220079085289317e-01 
 1.003301343407158e-07  1.220072027370026e-01 
 1.003501343407158e-07  1.220064983542654e-01 
 1.003701343407158e-07  1.220057953779064e-01 
 1.003901343407158e-07  1.220050938051178e-01 
 1.004101343407158e-07  1.220043936330969e-01 
 1.004301343407158e-07  1.220036948590472e-01 
 1.004501343407158e-07  1.220029974801774e-01 
 1.004701343407158e-07  1.220023014937018e-01 
 1.004901343407158e-07  1.220016068968404e-01 
 1.005101343407157e-07  1.220009136868187e-01 
 1.005301343407157e-07  1.220002218608676e-01 
 1.005501343407157e-07  1.219995314162238e-01 
 1.005701343407157e-07  1.219988423501293e-01 
 1.005901343407157e-07  1.219981546598317e-01 
 1.006101343407157e-07  1.219974683425840e-01 
 1.006301343407157e-07  1.219967833956448e-01 
 1.006501343407157e-07  1.219960998162781e-01 
 1.006701343407157e-07  1.219954176017534e-01 
 1.006901343407157e-07  1.219947367493457e-01 
 1.007101343407157e-07  1.219940572563354e-01 
 1.007301343407157e-07  1.219933791200082e-01 
 1.007501343407157e-07  1.219927023376553e-01 
 1.007701343407157e-07  1.219920269065736e-01 
 1.007901343407157e-07  1.219913528240649e-01 
 1.008101343407157e-07  1.219906800874368e-01 
 1.008301343407157e-07  1.219900086940019e-01 
 1.008501343407157e-07  1.219893386410784e-01 
 1.008701343407157e-07  1.219886699259899e-01 
 1.008901343407157e-07  1.219880025460653e-01 
 1.009101343407157e-07  1.219873364986386e-01 
 1.009301343407157e-07  1.219866717810496e-01 
 1.009501343407157e-07  1.219860083906429e-01 
 1.009701343407157e-07  1.219853463247688e-01 
 1.009901343407157e-07  1.219846855807826e-01 
 1.010101343407157e-07  1.219840261560451e-01 
 1.010301343407156e-07  1.219833680479222e-01 
 1.010501343407156e-07  1.219827112537851e-01 
 1.010701343407156e-07  1.219820557710103e-01 
 1.010901343407156e-07  1.219814015969796e-01 
 1.011101343407156e-07  1.219807487290799e-01 
 1.011301343407156e-07  1.219800971647034e-01 
 1.011501343407156e-07  1.219794469012474e-01 
 1.011701343407156e-07  1.219787979361145e-01 
 1.011901343407156e-07  1.219781502667125e-01 
 1.012101343407156e-07  1.219775038904543e-01 
 1.012301343407156e-07  1.219768588047579e-01 
 1.012501343407156e-07  1.219762150070468e-01 
 1.012701343407156e-07  1.219755724947491e-01 
 1.012901343407156e-07  1.219749312652985e-01 
 1.013101343407156e-07  1.219742913161336e-01 
 1.013301343407156e-07  1.219736526446982e-01 
 1.013501343407156e-07  1.219730152484411e-01 
 1.013701343407156e-07  1.219723791248165e-01 
 1.013901343407156e-07  1.219717442712831e-01 
 1.014101343407156e-07  1.219711106853052e-01 
 1.014301343407156e-07  1.219704783643520e-01 
 1.014501343407156e-07  1.219698473058977e-01 
 1.014701343407156e-07  1.219692175074216e-01 
 1.014901343407156e-07  1.219685889664080e-01 
 1.015101343407156e-07  1.219679616803463e-01 
 1.015301343407156e-07  1.219673356467308e-01 
 1.015501343407156e-07  1.219667108630608e-01 
 1.015701343407155e-07  1.219660873268406e-01 
 1.015901343407155e-07  1.219654650355797e-01 
 1.016101343407155e-07  1.219648439867924e-01 
 1.016301343407155e-07  1.219642241779978e-01 
 1.016501343407155e-07  1.219636056067201e-01 
 1.016701343407155e-07  1.219629882704887e-01 
 1.016901343407155e-07  1.219623721668375e-01 
 1.017101343407155e-07  1.219617572933056e-01 
 1.017301343407155e-07  1.219611436474369e-01 
 1.017501343407155e-07  1.219605312267802e-01 
 1.017701343407155e-07  1.219599200288892e-01 
 1.017901343407155e-07  1.219593100513227e-01 
 1.018101343407155e-07  1.219587012916440e-01 
 1.018301343407155e-07  1.219580937474215e-01 
 1.018501343407155e-07  1.219574874162284e-01 
 1.018701343407155e-07  1.219568822956428e-01 
 1.018901343407155e-07  1.219562783832476e-01 
 1.019101343407155e-07  1.219556756766305e-01 
 1.019301343407155e-07  1.219550741733839e-01 
 1.019501343407155e-07  1.219544738711053e-01 
 1.019701343407155e-07  1.219538747673968e-01 
 1.019901343407155e-07  1.219532768598652e-01 
 1.020101343407155e-07  1.219526801461224e-01 
 1.020301343407155e-07  1.219520846237848e-01 
 1.020501343407155e-07  1.219514902904735e-01 
 1.020701343407155e-07  1.219508971438146e-01 
 1.020901343407154e-07  1.219503051814387e-01 
 1.021101343407154e-07  1.219497144009815e-01 
 1.021301343407154e-07  1.219491248000829e-01 
 1.021501343407154e-07  1.219485363763878e-01 
 1.021701343407154e-07  1.219479491275460e-01 
 1.021901343407154e-07  1.219473630512116e-01 
 1.022101343407154e-07  1.219467781450436e-01 
 1.022301343407154e-07  1.219461944067057e-01 
 1.022501343407154e-07  1.219456118338661e-01 
 1.022701343407154e-07  1.219450304241977e-01 
 1.022901343407154e-07  1.219444501753782e-01 
 1.023101343407154e-07  1.219438710850899e-01 
 1.023301343407154e-07  1.219432931510195e-01 
 1.023501343407154e-07  1.219427163708587e-01 
 1.023701343407154e-07  1.219421407423034e-01 
 1.023901343407154e-07  1.219415662630544e-01 
 1.024101343407154e-07  1.219409929308169e-01 
 1.024301343407154e-07  1.219404207433007e-01 
 1.024501343407154e-07  1.219398496982204e-01 
 1.024701343407154e-07  1.219392797932950e-01 
 1.024901343407154e-07  1.219387110262479e-01 
 1.025101343407154e-07  1.219381433948072e-01 
 1.025301343407154e-07  1.219375768967058e-01 
 1.025501343407154e-07  1.219370115296806e-01 
 1.025701343407154e-07  1.219364472914734e-01 
 1.025901343407154e-07  1.219358841798304e-01 
 1.026101343407154e-07  1.219353221925021e-01 
 1.026301343407153e-07  1.219347613272439e-01 
 1.026501343407153e-07  1.219342015818155e-01 
 1.026701343407153e-07  1.219336429539808e-01 
 1.026901343407153e-07  1.219330854415087e-01 
 1.027101343407153e-07  1.219325290421719e-01 
 1.027301343407153e-07  1.219319737537482e-01 
 1.027501343407153e-07  1.219314195740194e-01 
 1.027701343407153e-07  1.219308665007719e-01 
 1.027901343407153e-07  1.219303145317964e-01 
 1.028101343407153e-07  1.219297636648882e-01 
 1.028301343407153e-07  1.219292138978469e-01 
 1.028501343407153e-07  1.219286652284765e-01 
 1.028701343407153e-07  1.219281176545853e-01 
 1.028901343407153e-07  1.219275711739861e-01 
 1.029101343407153e-07  1.219270257844960e-01 
 1.029301343407153e-07  1.219264814839365e-01 
 1.029501343407153e-07  1.219259382701335e-01 
 1.029701343407153e-07  1.219253961409171e-01 
 1.029901343407153e-07  1.219248550941217e-01 
 1.030101343407153e-07  1.219243151275863e-01 
 1.030301343407153e-07  1.219237762391540e-01 
 1.030501343407153e-07  1.219232384266722e-01 
 1.030701343407153e-07  1.219227016879927e-01 
 1.030901343407153e-07  1.219221660209714e-01 
 1.031101343407153e-07  1.219216314234688e-01 
 1.031301343407153e-07  1.219210978933494e-01 
 1.031501343407152e-07  1.219205654284820e-01 
 1.031701343407152e-07  1.219200340267398e-01 
 1.031901343407152e-07  1.219195036860001e-01 
 1.032101343407152e-07  1.219189744041446e-01 
 1.032301343407152e-07  1.219184461790589e-01 
 1.032501343407152e-07  1.219179190086332e-01 
 1.032701343407152e-07  1.219173928907618e-01 
 1.032901343407152e-07  1.219168678233431e-01 
 1.033101343407152e-07  1.219163438042797e-01 
 1.033301343407152e-07  1.219158208314784e-01 
 1.033501343407152e-07  1.219152989028503e-01 
 1.033701343407152e-07  1.219147780163106e-01 
 1.033901343407152e-07  1.219142581697786e-01 
 1.034101343407152e-07  1.219137393611779e-01 
 1.034301343407152e-07  1.219132215884362e-01 
 1.034501343407152e-07  1.219127048494851e-01 
 1.034701343407152e-07  1.219121891422607e-01 
 1.034901343407152e-07  1.219116744647029e-01 
 1.035101343407152e-07  1.219111608147559e-01 
 1.035301343407152e-07  1.219106481903681e-01 
 1.035501343407152e-07  1.219101365894916e-01 
 1.035701343407152e-07  1.219096260100831e-01 
 1.035901343407152e-07  1.219091164501030e-01 
 1.036101343407152e-07  1.219086079075159e-01 
 1.036301343407152e-07  1.219081003802904e-01 
 1.036501343407152e-07  1.219075938663994e-01 
 1.036701343407151e-07  1.219070883638196e-01 
 1.036901343407151e-07  1.219065838705316e-01 
 1.037101343407151e-07  1.219060803845206e-01 
 1.037301343407151e-07  1.219055779037751e-01 
 1.037501343407151e-07  1.219050764262882e-01 
 1.037701343407151e-07  1.219045759500567e-01 
 1.037901343407151e-07  1.219040764730815e-01 
 1.038101343407151e-07  1.219035779933675e-01 
 1.038301343407151e-07  1.219030805089235e-01 
 1.038501343407151e-07  1.219025840177624e-01 
 1.038701343407151e-07  1.219020885179010e-01 
 1.038901343407151e-07  1.219015940073600e-01 
 1.039101343407151e-07  1.219011004841640e-01 
 1.039301343407151e-07  1.219006079463420e-01 
 1.039501343407151e-07  1.219001163919263e-01 
 1.039701343407151e-07  1.218996258189535e-01 
 1.039901343407151e-07  1.218991362254641e-01 
 1.040101343407151e-07  1.218986476095024e-01 
 1.040301343407151e-07  1.218981599691166e-01 
 1.040501343407151e-07  1.218976733023589e-01 
 1.040701343407151e-07  1.218971876072854e-01 
 1.040901343407151e-07  1.218967028819559e-01 
 1.041101343407151e-07  1.218962191244344e-01 
 1.041301343407151e-07  1.218957363327884e-01 
 1.041501343407151e-07  1.218952545050895e-01 
 1.041701343407151e-07  1.218947736394129e-01 
 1.041901343407151e-07  1.218942937338380e-01 
 1.042101343407150e-07  1.218938147864479e-01 
 1.042301343407150e-07  1.218933367953293e-01 
 1.042501343407150e-07  1.218928597585730e-01 
 1.042701343407150e-07  1.218923836742735e-01 
 1.042901343407150e-07  1.218919085405291e-01 
 1.043101343407150e-07  1.218914343554419e-01 
 1.043301343407150e-07  1.218909611171179e-01 
 1.043501343407150e-07  1.218904888236667e-01 
 1.043701343407150e-07  1.218900174732016e-01 
 1.043901343407150e-07  1.218895470638401e-01 
 1.044101343407150e-07  1.218890775937030e-01 
 1.044301343407150e-07  1.218886090609151e-01 
 1.044501343407150e-07  1.218881414636049e-01 
 1.044701343407150e-07  1.218876747999046e-01 
 1.044901343407150e-07  1.218872090679502e-01 
 1.045101343407150e-07  1.218867442658812e-01 
 1.045301343407150e-07  1.218862803918412e-01 
 1.045501343407150e-07  1.218858174439770e-01 
 1.045701343407150e-07  1.218853554204397e-01 
 1.045901343407150e-07  1.218848943193836e-01 
 1.046101343407150e-07  1.218844341389669e-01 
 1.046301343407150e-07  1.218839748773514e-01 
 1.046501343407150e-07  1.218835165327027e-01 
 1.046701343407150e-07  1.218830591031899e-01 
 1.046901343407150e-07  1.218826025869858e-01 
 1.047101343407150e-07  1.218821469822670e-01 
 1.047301343407149e-07  1.218816922872135e-01 
 1.047501343407149e-07  1.218812385000091e-01 
 1.047701343407149e-07  1.218807856188412e-01 
 1.047901343407149e-07  1.218803336419007e-01 
 1.048101343407149e-07  1.218798825673824e-01 
 1.048301343407149e-07  1.218794323934844e-01 
 1.048501343407149e-07  1.218789831184085e-01 
 1.048701343407149e-07  1.218785347403600e-01 
 1.048901343407149e-07  1.218780872575481e-01 
 1.049101343407149e-07  1.218776406681853e-01 
 1.049301343407149e-07  1.218771949704876e-01 
 1.049501343407149e-07  1.218767501626748e-01 
 1.049701343407149e-07  1.218763062429702e-01 
 1.049901343407149e-07  1.218758632096004e-01 
 1.050101343407149e-07  1.218754210607960e-01 
 1.050301343407149e-07  1.218749797947907e-01 
 1.050501343407149e-07  1.218745394098219e-01 
 1.050701343407149e-07  1.218740999041305e-01 
 1.050901343407149e-07  1.218736612759610e-01 
 1.051101343407149e-07  1.218732235235613e-01 
 1.051301343407149e-07  1.218727866451828e-01 
 1.051501343407149e-07  1.218723506390804e-01 
 1.051701343407149e-07  1.218719155035126e-01 
 1.051901343407149e-07  1.218714812367412e-01 
 1.052101343407149e-07  1.218710478370315e-01 
 1.052301343407149e-07  1.218706153026524e-01 
 1.052501343407148e-07  1.218701836318762e-01 
 1.052701343407148e-07  1.218697528229786e-01 
 1.052901343407148e-07  1.218693228742388e-01 
 1.053101343407148e-07  1.218688937839392e-01 
 1.053301343407148e-07  1.218684655503661e-01 
 1.053501343407148e-07  1.218680381718087e-01 
 1.053701343407148e-07  1.218676116465601e-01 
 1.053901343407148e-07  1.218671859729164e-01 
 1.054101343407148e-07  1.218667611491773e-01 
 1.054301343407148e-07  1.218663371736460e-01 
 1.054501343407148e-07  1.218659140446288e-01 
 1.054701343407148e-07  1.218654917604357e-01 
 1.054901343407148e-07  1.218650703193797e-01 
 1.055101343407148e-07  1.218646497197776e-01 
 1.055301343407148e-07  1.218642299599492e-01 
 1.055501343407148e-07  1.218638110382179e-01 
 1.055701343407148e-07  1.218633929529102e-01 
 1.055901343407148e-07  1.218629757023563e-01 
 1.056101343407148e-07  1.218625592848893e-01 
 1.056301343407148e-07  1.218621436988461e-01 
 1.056501343407148e-07  1.218617289425664e-01 
 1.056701343407148e-07  1.218613150143937e-01 
 1.056901343407148e-07  1.218609019126745e-01 
 1.057101343407148e-07  1.218604896357587e-01 
 1.057301343407148e-07  1.218600781819994e-01 
 1.057501343407148e-07  1.218596675497533e-01 
 1.057701343407148e-07  1.218592577373799e-01 
 1.057901343407147e-07  1.218588487432424e-01 
 1.058101343407147e-07  1.218584405657071e-01 
 1.058301343407147e-07  1.218580332031435e-01 
 1.058501343407147e-07  1.218576266539244e-01 
 1.058701343407147e-07  1.218572209164259e-01 
 1.058901343407147e-07  1.218568159890274e-01 
 1.059101343407147e-07  1.218564118701112e-01 
 1.059301343407147e-07  1.218560085580634e-01 
 1.059501343407147e-07  1.218556060512727e-01 
 1.059701343407147e-07  1.218552043481315e-01 
 1.059901343407147e-07  1.218548034470352e-01 
 1.060101343407147e-07  1.218544033463824e-01 
 1.060301343407147e-07  1.218540040445749e-01 
 1.060501343407147e-07  1.218536055400177e-01 
 1.060701343407147e-07  1.218532078311191e-01 
 1.060901343407147e-07  1.218528109162904e-01 
 1.061101343407147e-07  1.218524147939462e-01 
 1.061301343407147e-07  1.218520194625042e-01 
 1.061501343407147e-07  1.218516249203853e-01 
 1.061701343407147e-07  1.218512311660135e-01 
 1.061901343407147e-07  1.218508381978159e-01 
 1.062101343407147e-07  1.218504460142228e-01 
 1.062301343407147e-07  1.218500546136679e-01 
 1.062501343407147e-07  1.218496639945875e-01 
 1.062701343407147e-07  1.218492741554215e-01 
 1.062901343407147e-07  1.218488850946127e-01 
 1.063101343407146e-07  1.218484968106068e-01 
 1.063301343407146e-07  1.218481093018531e-01 
 1.063501343407146e-07  1.218477225668035e-01 
 1.063701343407146e-07  1.218473366039133e-01 
 1.063901343407146e-07  1.218469514116409e-01 
 1.064101343407146e-07  1.218465669884475e-01 
 1.064301343407146e-07  1.218461833327977e-01 
 1.064501343407146e-07  1.218458004431590e-01 
 1.064701343407146e-07  1.218454183180019e-01 
 1.064901343407146e-07  1.218450369558001e-01 
 1.065101343407146e-07  1.218446563550302e-01 
 1.065301343407146e-07  1.218442765141720e-01 
 1.065501343407146e-07  1.218438974317081e-01 
 1.065701343407146e-07  1.218435191061244e-01 
 1.065901343407146e-07  1.218431415359097e-01 
 1.066101343407146e-07  1.218427647195558e-01 
 1.066301343407146e-07  1.218423886555576e-01 
 1.066501343407146e-07  1.218420133424128e-01 
 1.066701343407146e-07  1.218416387786223e-01 
 1.066901343407146e-07  1.218412649626901e-01 
 1.067101343407146e-07  1.218408918931228e-01 
 1.067301343407146e-07  1.218405195684302e-01 
 1.067501343407146e-07  1.218401479871251e-01 
 1.067701343407146e-07  1.218397771477234e-01 
 1.067901343407146e-07  1.218394070487436e-01 
 1.068101343407146e-07  1.218390376887075e-01 
 1.068301343407146e-07  1.218386690661397e-01 
 1.068501343407145e-07  1.218383011795678e-01 
 1.068701343407145e-07  1.218379340275221e-01 
 1.068901343407145e-07  1.218375676085362e-01 
 1.069101343407145e-07  1.218372019211465e-01 
 1.069301343407145e-07  1.218368369638922e-01 
 1.069501343407145e-07  1.218364727353156e-01 
 1.069701343407145e-07  1.218361092339617e-01 
 1.069901343407145e-07  1.218357464583786e-01 
 1.070101343407145e-07  1.218353844071172e-01 
 1.070301343407145e-07  1.218350230787312e-01 
 1.070501343407145e-07  1.218346624717775e-01 
 1.070701343407145e-07  1.218343025848156e-01 
 1.070901343407145e-07  1.218339434164078e-01 
 1.071101343407145e-07  1.218335849651196e-01 
 1.071301343407145e-07  1.218332272295191e-01 
 1.071501343407145e-07  1.218328702081776e-01 
 1.071701343407145e-07  1.218325138996687e-01 
 1.071901343407145e-07  1.218321583025692e-01 
 1.072101343407145e-07  1.218318034154588e-01 
 1.072301343407145e-07  1.218314492369199e-01 
 1.072501343407145e-07  1.218310957655376e-01 
 1.072701343407145e-07  1.218307429999003e-01 
 1.072901343407145e-07  1.218303909385986e-01 
 1.073101343407145e-07  1.218300395802264e-01 
 1.073301343407145e-07  1.218296889233801e-01 
 1.073501343407145e-07  1.218293389666592e-01 
 1.073701343407144e-07  1.218289897086656e-01 
 1.073901343407144e-07  1.218286411480043e-01 
 1.074101343407144e-07  1.218282932832831e-01 
 1.074301343407144e-07  1.218279461131123e-01 
 1.074501343407144e-07  1.218275996361053e-01 
 1.074701343407144e-07  1.218272538508781e-01 
 1.074901343407144e-07  1.218269087560494e-01 
 1.075101343407144e-07  1.218265643502408e-01 
 1.075301343407144e-07  1.218262206320766e-01 
 1.075501343407144e-07  1.218258776001839e-01 
 1.075701343407144e-07  1.218255352531923e-01 
 1.075901343407144e-07  1.218251935897345e-01 
 1.076101343407144e-07  1.218248526084456e-01 
 1.076301343407144e-07  1.218245123079638e-01 
 1.076501343407144e-07  1.218241726869295e-01 
 1.076701343407144e-07  1.218238337439864e-01 
 1.076901343407144e-07  1.218234954777805e-01 
 1.077101343407144e-07  1.218231578869605e-01 
 1.077301343407144e-07  1.218228209701780e-01 
 1.077501343407144e-07  1.218224847260873e-01 
 1.077701343407144e-07  1.218221491533451e-01 
 1.077901343407144e-07  1.218218142506112e-01 
 1.078101343407144e-07  1.218214800165478e-01 
 1.078301343407144e-07  1.218211464498197e-01 
 1.078501343407144e-07  1.218208135490946e-01 
 1.078701343407144e-07  1.218204813130427e-01 
 1.078901343407143e-07  1.218201497403370e-01 
 1.079101343407143e-07  1.218198188296529e-01 
 1.079301343407143e-07  1.218194885796687e-01 
 1.079501343407143e-07  1.218191589890652e-01 
 1.079701343407143e-07  1.218188300565259e-01 
 1.079901343407143e-07  1.218185017807369e-01 
 1.080101343407143e-07  1.218181741603869e-01 
 1.080301343407143e-07  1.218178471941673e-01 
 1.080501343407143e-07  1.218175208807720e-01 
 1.080701343407143e-07  1.218171952188976e-01 
 1.080901343407143e-07  1.218168702072433e-01 
 1.081101343407143e-07  1.218165458445107e-01 
 1.081301343407143e-07  1.218162221294043e-01 
 1.081501343407143e-07  1.218158990606311e-01 
 1.081701343407143e-07  1.218155766369004e-01 
 1.081901343407143e-07  1.218152548569246e-01 
 1.082101343407143e-07  1.218149337194180e-01 
 1.082301343407143e-07  1.218146132230982e-01 
 1.082501343407143e-07  1.218142933666848e-01 
 1.082701343407143e-07  1.218139741489002e-01 
 1.082901343407143e-07  1.218136555684693e-01 
 1.083101343407143e-07  1.218133376241196e-01 
 1.083301343407143e-07  1.218130203145810e-01 
 1.083501343407143e-07  1.218127036385862e-01 
 1.083701343407143e-07  1.218123875948700e-01 
 1.083901343407143e-07  1.218120721821702e-01 
 1.084101343407143e-07  1.218117573992268e-01 
 1.084301343407142e-07  1.218114432447825e-01 
 1.084501343407142e-07  1.218111297175824e-01 
 1.084701343407142e-07  1.218108168163741e-01 
 1.084901343407142e-07  1.218105045399078e-01 
 1.085101343407142e-07  1.218101928869361e-01 
 1.085301343407142e-07  1.218098818562140e-01 
 1.085501343407142e-07  1.218095714464993e-01 
 1.085701343407142e-07  1.218092616565521e-01 
 1.085901343407142e-07  1.218089524851348e-01 
 1.086101343407142e-07  1.218086439310125e-01 
 1.086301343407142e-07  1.218083359929528e-01 
 1.086501343407142e-07  1.218080286697256e-01 
 1.086701343407142e-07  1.218077219601033e-01 
 1.086901343407142e-07  1.218074158628608e-01 
 1.087101343407142e-07  1.218071103767753e-01 
 1.087301343407142e-07  1.218068055006267e-01 
 1.087501343407142e-07  1.218065012331971e-01 
 1.087701343407142e-07  1.218061975732712e-01 
 1.087901343407142e-07  1.218058945196360e-01 
 1.088101343407142e-07  1.218055920710811e-01 
 1.088301343407142e-07  1.218052902263982e-01 
 1.088501343407142e-07  1.218049889843816e-01 
 1.088701343407142e-07  1.218046883438282e-01 
 1.088901343407142e-07  1.218043883035370e-01 
 1.089101343407142e-07  1.218040888623095e-01 
 1.089301343407142e-07  1.218037900189497e-01 
 1.089501343407141e-07  1.218034917722637e-01 
 1.089701343407141e-07  1.218031941210603e-01 
 1.089901343407141e-07  1.218028970641506e-01 
 1.090101343407141e-07  1.218026006003479e-01 
 1.090301343407141e-07  1.218023047284681e-01 
 1.090501343407141e-07  1.218020094473293e-01 
 1.090701343407141e-07  1.218017147557521e-01 
 1.090901343407141e-07  1.218014206525593e-01 
 1.091101343407141e-07  1.218011271365761e-01 
 1.091301343407141e-07  1.218008342066301e-01 
 1.091501343407141e-07  1.218005418615513e-01 
 1.091701343407141e-07  1.218002501001719e-01 
 1.091901343407141e-07  1.217999589213264e-01 
 1.092101343407141e-07  1.217996683238517e-01 
 1.092301343407141e-07  1.217993783065871e-01 
 1.092501343407141e-07  1.217990888683742e-01 
 1.092701343407141e-07  1.217988000080567e-01 
 1.092901343407141e-07  1.217985117244810e-01 
 1.093101343407141e-07  1.217982240164953e-01 
 1.093301343407141e-07  1.217979368829506e-01 
 1.093501343407141e-07  1.217976503226998e-01 
 1.093701343407141e-07  1.217973643345983e-01 
 1.093901343407141e-07  1.217970789175039e-01 
 1.094101343407141e-07  1.217967940702763e-01 
 1.094301343407141e-07  1.217965097917778e-01 
 1.094501343407141e-07  1.217962260808728e-01 
 1.094701343407140e-07  1.217959429364281e-01 
 1.094901343407140e-07  1.217956603573127e-01 
 1.095101343407140e-07  1.217953783423979e-01 
 1.095301343407140e-07  1.217950968905571e-01 
 1.095501343407140e-07  1.217948160006661e-01 
 1.095701343407140e-07  1.217945356716029e-01 
 1.095901343407140e-07  1.217942559022479e-01 
 1.096101343407140e-07  1.217939766914833e-01 
 1.096301343407140e-07  1.217936980381940e-01 
 1.096501343407140e-07  1.217934199412669e-01 
 1.096701343407140e-07  1.217931423995912e-01 
 1.096901343407140e-07  1.217928654120581e-01 
 1.097101343407140e-07  1.217925889775614e-01 
 1.097301343407140e-07  1.217923130949968e-01 
 1.097501343407140e-07  1.217920377632624e-01 
 1.097701343407140e-07  1.217917629812583e-01 
 1.097901343407140e-07  1.217914887478870e-01 
 1.098101343407140e-07  1.217912150620530e-01 
 1.098301343407140e-07  1.217909419226631e-01 
 1.098501343407140e-07  1.217906693286263e-01 
 1.098701343407140e-07  1.217903972788538e-01 
 1.098901343407140e-07  1.217901257722588e-01 
 1.099101343407140e-07  1.217898548077568e-01 
 1.099301343407140e-07  1.217895843842655e-01 
 1.099501343407140e-07  1.217893145007047e-01 
 1.099701343407140e-07  1.217890451559963e-01 
 1.099901343407140e-07  1.217887763490645e-01 
 1.100101343407139e-07  1.217885080788356e-01 
 1.100301343407139e-07  1.217882403442379e-01 
 1.100501343407139e-07  1.217879731442021e-01 
 1.100701343407139e-07  1.217877064776608e-01 
 1.100901343407139e-07  1.217874403435488e-01 
 1.101101343407139e-07  1.217871747408031e-01 
 1.101301343407139e-07  1.217869096683627e-01 
 1.101501343407139e-07  1.217866451251688e-01 
 1.101701343407139e-07  1.217863811101648e-01 
 1.101901343407139e-07  1.217861176222960e-01 
 1.102101343407139e-07  1.217858546605100e-01 
 1.102301343407139e-07  1.217855922237563e-01 
 1.102501343407139e-07  1.217853303109867e-01 
 1.102701343407139e-07  1.217850689211551e-01 
 1.102901343407139e-07  1.217848080532172e-01 
 1.103101343407139e-07  1.217845477061310e-01 
 1.103301343407139e-07  1.217842878788567e-01 
 1.103501343407139e-07  1.217840285703563e-01 
 1.103701343407139e-07  1.217837697795942e-01 
 1.103901343407139e-07  1.217835115055365e-01 
 1.104101343407139e-07  1.217832537471516e-01 
 1.104301343407139e-07  1.217829965034099e-01 
 1.104501343407139e-07  1.217827397732839e-01 
 1.104701343407139e-07  1.217824835557480e-01 
 1.104901343407139e-07  1.217822278497788e-01 
 1.105101343407139e-07  1.217819726543550e-01 
 1.105301343407138e-07  1.217817179684571e-01 
 1.105501343407138e-07  1.217814637910679e-01 
 1.105701343407138e-07  1.217812101211720e-01 
 1.105901343407138e-07  1.217809569577562e-01 
 1.106101343407138e-07  1.217807042998093e-01 
 1.106301343407138e-07  1.217804521463219e-01 
 1.106501343407138e-07  1.217802004962869e-01 
 1.106701343407138e-07  1.217799493486992e-01 
 1.106901343407138e-07  1.217796987025555e-01 
 1.107101343407138e-07  1.217794485568546e-01 
 1.107301343407138e-07  1.217791989105973e-01 
 1.107501343407138e-07  1.217789497627865e-01 
 1.107701343407138e-07  1.217787011124269e-01 
 1.107901343407138e-07  1.217784529585254e-01 
 1.108101343407138e-07  1.217782053000906e-01 
 1.108301343407138e-07  1.217779581361334e-01 
 1.108501343407138e-07  1.217777114656664e-01 
 1.108701343407138e-07  1.217774652877044e-01 
 1.108901343407138e-07  1.217772196012640e-01 
 1.109101343407138e-07  1.217769744053638e-01 
 1.109301343407138e-07  1.217767296990244e-01 
 1.109501343407138e-07  1.217764854812683e-01 
 1.109701343407138e-07  1.217762417511201e-01 
 1.109901343407138e-07  1.217759985076061e-01 
 1.110101343407138e-07  1.217757557497548e-01 
 1.110301343407138e-07  1.217755134765964e-01 
 1.110501343407138e-07  1.217752716871633e-01 
 1.110701343407137e-07  1.217750303804897e-01 
 1.110901343407137e-07  1.217747895556115e-01 
 1.111101343407137e-07  1.217745492115670e-01 
 1.111301343407137e-07  1.217743093473959e-01 
 1.111501343407137e-07  1.217740699621404e-01 
 1.111701343407137e-07  1.217738310548440e-01 
 1.111901343407137e-07  1.217735926245525e-01 
 1.112101343407137e-07  1.217733546703136e-01 
 1.112301343407137e-07  1.217731171911766e-01 
 1.112501343407137e-07  1.217728801861932e-01 
 1.112701343407137e-07  1.217726436544164e-01 
 1.112901343407137e-07  1.217724075949016e-01 
 1.113101343407137e-07  1.217721720067058e-01 
 1.113301343407137e-07  1.217719368888879e-01 
 1.113501343407137e-07  1.217717022405089e-01 
 1.113701343407137e-07  1.217714680606314e-01 
 1.113901343407137e-07  1.217712343483199e-01 
 1.114101343407137e-07  1.217710011026409e-01 
 1.114301343407137e-07  1.217707683226629e-01 
 1.114501343407137e-07  1.217705360074559e-01 
 1.114701343407137e-07  1.217703041560920e-01 
 1.114901343407137e-07  1.217700727676451e-01 
 1.115101343407137e-07  1.217698418411908e-01 
 1.115301343407137e-07  1.217696113758069e-01 
 1.115501343407137e-07  1.217693813705727e-01 
 1.115701343407137e-07  1.217691518245693e-01 
 1.115901343407136e-07  1.217689227368801e-01 
 1.116101343407136e-07  1.217686941065898e-01 
 1.116301343407136e-07  1.217684659327852e-01 
 1.116501343407136e-07  1.217682382145550e-01 
 1.116701343407136e-07  1.217680109509894e-01 
 1.116901343407136e-07  1.217677841411808e-01 
 1.117101343407136e-07  1.217675577842231e-01 
 1.117301343407136e-07  1.217673318792122e-01 
 1.117501343407136e-07  1.217671064252457e-01 
 1.117701343407136e-07  1.217668814214231e-01 
 1.117901343407136e-07  1.217666568668455e-01 
 1.118101343407136e-07  1.217664327606160e-01 
 1.118301343407136e-07  1.217662091018394e-01 
 1.118501343407136e-07  1.217659858896224e-01 
 1.118701343407136e-07  1.217657631230734e-01 
 1.118901343407136e-07  1.217655408013024e-01 
 1.119101343407136e-07  1.217653189234216e-01 
 1.119301343407136e-07  1.217650974885445e-01 
 1.119501343407136e-07  1.217648764957868e-01 
 1.119701343407136e-07  1.217646559442656e-01 
 1.119901343407136e-07  1.217644358330999e-01 
 1.120101343407136e-07  1.217642161614107e-01 
 1.120301343407136e-07  1.217639969283203e-01 
 1.120501343407136e-07  1.217637781329531e-01 
 1.120701343407136e-07  1.217635597744351e-01 
 1.120901343407136e-07  1.217633418518941e-01 
 1.121101343407135e-07  1.217631243644597e-01 
 1.121301343407135e-07  1.217629073112630e-01 
 1.121501343407135e-07  1.217626906914371e-01 
 1.121701343407135e-07  1.217624745041167e-01 
 1.121901343407135e-07  1.217622587484383e-01 
 1.122101343407135e-07  1.217620434235400e-01 
 1.122301343407135e-07  1.217618285285617e-01 
 1.122501343407135e-07  1.217616140626451e-01 
 1.122701343407135e-07  1.217614000249335e-01 
 1.122901343407135e-07  1.217611864145719e-01 
 1.123101343407135e-07  1.217609732307071e-01 
 1.123301343407135e-07  1.217607604724875e-01 
 1.123501343407135e-07  1.217605481390633e-01 
 1.123701343407135e-07  1.217603362295864e-01 
 1.123901343407135e-07  1.217601247432102e-01 
 1.124101343407135e-07  1.217599136790900e-01 
 1.124301343407135e-07  1.217597030363828e-01 
 1.124501343407135e-07  1.217594928142470e-01 
 1.124701343407135e-07  1.217592830118431e-01 
 1.124901343407135e-07  1.217590736283330e-01 
 1.125101343407135e-07  1.217588646628802e-01 
 1.125301343407135e-07  1.217586561146502e-01 
 1.125501343407135e-07  1.217584479828098e-01 
 1.125701343407135e-07  1.217582402665277e-01 
 1.125901343407135e-07  1.217580329649742e-01 
 1.126101343407135e-07  1.217578260773212e-01 
 1.126301343407135e-07  1.217576196027424e-01 
 1.126501343407134e-07  1.217574135404130e-01 
 1.126701343407134e-07  1.217572078895099e-01 
 1.126901343407134e-07  1.217570026492116e-01 
 1.127101343407134e-07  1.217567978186984e-01 
 1.127301343407134e-07  1.217565933971520e-01 
 1.127501343407134e-07  1.217563893837559e-01 
 1.127701343407134e-07  1.217561857776952e-01 
 1.127901343407134e-07  1.217559825781565e-01 
 1.128101343407134e-07  1.217557797843282e-01 
 1.128301343407134e-07  1.217555773954004e-01 
 1.128501343407134e-07  1.217553754105644e-01 
 1.128701343407134e-07  1.217551738290136e-01 
 1.128901343407134e-07  1.217549726499428e-01 
 1.129101343407134e-07  1.217547718725482e-01 
 1.129301343407134e-07  1.217545714960279e-01 
 1.129501343407134e-07  1.217543715195816e-01 
 1.129701343407134e-07  1.217541719424105e-01 
 1.129901343407134e-07  1.217539727637173e-01 
 1.130101343407134e-07  1.217537739827065e-01 
 1.130301343407134e-07  1.217535755985840e-01 
 1.130501343407134e-07  1.217533776105574e-01 
 1.130701343407134e-07  1.217531800178359e-01 
 1.130901343407134e-07  1.217529828196301e-01 
 1.131101343407134e-07  1.217527860151525e-01 
 1.131301343407134e-07  1.217525896036168e-01 
 1.131501343407134e-07  1.217523935842385e-01 
 1.131701343407133e-07  1.217521979562346e-01 
 1.131901343407133e-07  1.217520027188237e-01 
 1.132101343407133e-07  1.217518078712261e-01 
 1.132301343407133e-07  1.217516134126632e-01 
 1.132501343407133e-07  1.217514193423584e-01 
 1.132701343407133e-07  1.217512256595366e-01 
 1.132901343407133e-07  1.217510323634239e-01 
 1.133101343407133e-07  1.217508394532484e-01 
 1.133301343407133e-07  1.217506469282394e-01 
 1.133501343407133e-07  1.217504547876279e-01 
 1.133701343407133e-07  1.217502630306465e-01 
 1.133901343407133e-07  1.217500716565291e-01 
 1.134101343407133e-07  1.217498806645115e-01 
 1.134301343407133e-07  1.217496900538305e-01 
 1.134501343407133e-07  1.217494998237250e-01 
 1.134701343407133e-07  1.217493099734349e-01 
 1.134901343407133e-07  1.217491205022020e-01 
 1.135101343407133e-07  1.217489314092694e-01 
 1.135301343407133e-07  1.217487426938818e-01 
 1.135501343407133e-07  1.217485543552855e-01 
 1.135701343407133e-07  1.217483663927280e-01 
 1.135901343407133e-07  1.217481788054586e-01 
 1.136101343407133e-07  1.217479915927281e-01 
 1.136301343407133e-07  1.217478047537885e-01 
 1.136501343407133e-07  1.217476182878936e-01 
 1.136701343407133e-07  1.217474321942985e-01 
 1.136901343407132e-07  1.217472464722598e-01 
 1.137101343407132e-07  1.217470611210359e-01 
 1.137301343407132e-07  1.217468761398862e-01 
 1.137501343407132e-07  1.217466915280719e-01 
 1.137701343407132e-07  1.217465072848556e-01 
 1.137901343407132e-07  1.217463234095013e-01 
 1.138101343407132e-07  1.217461399012745e-01 
 1.138301343407132e-07  1.217459567594423e-01 
 1.138501343407132e-07  1.217457739832731e-01 
 1.138701343407132e-07  1.217455915720367e-01 
 1.138901343407132e-07  1.217454095250047e-01 
 1.139101343407132e-07  1.217452278414497e-01 
 1.139301343407132e-07  1.217450465206461e-01 
 1.139501343407132e-07  1.217448655618695e-01 
 1.139701343407132e-07  1.217446849643972e-01 
 1.139901343407132e-07  1.217445047275078e-01 
 1.140101343407132e-07  1.217443248504813e-01 
 1.140301343407132e-07  1.217441453325993e-01 
 1.140501343407132e-07  1.217439661731446e-01 
 1.140701343407132e-07  1.217437873714016e-01 
 1.140901343407132e-07  1.217436089266562e-01 
 1.141101343407132e-07  1.217434308381955e-01 
 1.141301343407132e-07  1.217432531053081e-01 
 1.141501343407132e-07  1.217430757272842e-01 
 1.141701343407132e-07  1.217428987034151e-01 
 1.141901343407132e-07  1.217427220329939e-01 
 1.142101343407132e-07  1.217425457153147e-01 
 1.142301343407131e-07  1.217423697496734e-01 
 1.142501343407131e-07  1.217421941353669e-01 
 1.142701343407131e-07  1.217420188716939e-01 
 1.142901343407131e-07  1.217418439579543e-01 
 1.143101343407131e-07  1.217416693934493e-01 
 1.143301343407131e-07  1.217414951774817e-01 
 1.143501343407131e-07  1.217413213093557e-01 
 1.143701343407131e-07  1.217411477883766e-01 
 1.143901343407131e-07  1.217409746138514e-01 
 1.144101343407131e-07  1.217408017850884e-01 
 1.144301343407131e-07  1.217406293013971e-01 
 1.144501343407131e-07  1.217404571620887e-01 
 1.144701343407131e-07  1.217402853664755e-01 
 1.144901343407131e-07  1.217401139138713e-01 
 1.145101343407131e-07  1.217399428035912e-01 
 1.145301343407131e-07  1.217397720349518e-01 
 1.145501343407131e-07  1.217396016072709e-01 
 1.145701343407131e-07  1.217394315198678e-01 
 1.145901343407131e-07  1.217392617720631e-01 
 1.146101343407131e-07  1.217390923631786e-01 
 1.146301343407131e-07  1.217389232925379e-01 
 1.146501343407131e-07  1.217387545594653e-01 
 1.146701343407131e-07  1.217385861632871e-01 
 1.146901343407131e-07  1.217384181033305e-01 
 1.147101343407131e-07  1.217382503789243e-01 
 1.147301343407131e-07  1.217380829893984e-01 
 1.147501343407130e-07  1.217379159340842e-01 
 1.147701343407130e-07  1.217377492123146e-01 
 1.147901343407130e-07  1.217375828234234e-01 
 1.148101343407130e-07  1.217374167667461e-01 
 1.148301343407130e-07  1.217372510416194e-01 
 1.148501343407130e-07  1.217370856473813e-01 
 1.148701343407130e-07  1.217369205833712e-01 
 1.148901343407130e-07  1.217367558489296e-01 
 1.149101343407130e-07  1.217365914433986e-01 
 1.149301343407130e-07  1.217364273661215e-01 
 1.149501343407130e-07  1.217362636164429e-01 
 1.149701343407130e-07  1.217361001937087e-01 
 1.149901343407130e-07  1.217359370972660e-01 
 1.150101343407130e-07  1.217357743264635e-01 
 1.150301343407130e-07  1.217356118806510e-01 
 1.150501343407130e-07  1.217354497591795e-01 
 1.150701343407130e-07  1.217352879614016e-01 
 1.150901343407130e-07  1.217351264866708e-01 
 1.151101343407130e-07  1.217349653343423e-01 
 1.151301343407130e-07  1.217348045037722e-01 
 1.151501343407130e-07  1.217346439943182e-01 
 1.151701343407130e-07  1.217344838053392e-01 
 1.151901343407130e-07  1.217343239361953e-01 
 1.152101343407130e-07  1.217341643862477e-01 
 1.152301343407130e-07  1.217340051548594e-01 
 1.152501343407130e-07  1.217338462413942e-01 
 1.152701343407130e-07  1.217336876452174e-01 
 1.152901343407129e-07  1.217335293656954e-01 
 1.153101343407129e-07  1.217333714021960e-01 
 1.153301343407129e-07  1.217332137540883e-01 
 1.153501343407129e-07  1.217330564207425e-01 
 1.153701343407129e-07  1.217328994015301e-01 
 1.153901343407129e-07  1.217327426958241e-01 
 1.154101343407129e-07  1.217325863029984e-01 
 1.154301343407129e-07  1.217324302224283e-01 
 1.154501343407129e-07  1.217322744534904e-01 
 1.154701343407129e-07  1.217321189955625e-01 
 1.154901343407129e-07  1.217319638480235e-01 
 1.155101343407129e-07  1.217318090102538e-01 
 1.155301343407129e-07  1.217316544816348e-01 
 1.155501343407129e-07  1.217315002615494e-01 
 1.155701343407129e-07  1.217313463493816e-01 
 1.155901343407129e-07  1.217311927445164e-01 
 1.156101343407129e-07  1.217310394463403e-01 
 1.156301343407129e-07  1.217308864542411e-01 
 1.156501343407129e-07  1.217307337676075e-01 
 1.156701343407129e-07  1.217305813858298e-01 
 1.156901343407129e-07  1.217304293082992e-01 
 1.157101343407129e-07  1.217302775344082e-01 
 1.157301343407129e-07  1.217301260635507e-01 
 1.157501343407129e-07  1.217299748951215e-01 
 1.157701343407129e-07  1.217298240285168e-01 
 1.157901343407129e-07  1.217296734631341e-01 
 1.158101343407128e-07  1.217295231983718e-01 
 1.158301343407128e-07  1.217293732336298e-01 
 1.158501343407128e-07  1.217292235683090e-01 
 1.158701343407128e-07  1.217290742018117e-01 
 1.158901343407128e-07  1.217289251335411e-01 
 1.159101343407128e-07  1.217287763629019e-01 
 1.159301343407128e-07  1.217286278892997e-01 
 1.159501343407128e-07  1.217284797121416e-01 
 1.159701343407128e-07  1.217283318308356e-01 
 1.159901343407128e-07  1.217281842447910e-01 
 1.160101343407128e-07  1.217280369534183e-01 
 1.160301343407128e-07  1.217278899561292e-01 
 1.160501343407128e-07  1.217277432523365e-01 
 1.160701343407128e-07  1.217275968414541e-01 
 1.160901343407128e-07  1.217274507228973e-01 
 1.161101343407128e-07  1.217273048960825e-01 
 1.161301343407128e-07  1.217271593604270e-01 
 1.161501343407128e-07  1.217270141153496e-01 
 1.161701343407128e-07  1.217268691602702e-01 
 1.161901343407128e-07  1.217267244946096e-01 
 1.162101343407128e-07  1.217265801177901e-01 
 1.162301343407128e-07  1.217264360292350e-01 
 1.162501343407128e-07  1.217262922283686e-01 
 1.162701343407128e-07  1.217261487146165e-01 
 1.162901343407128e-07  1.217260054874056e-01 
 1.163101343407128e-07  1.217258625461637e-01 
 1.163301343407127e-07  1.217257198903197e-01 
 1.163501343407127e-07  1.217255775193041e-01 
 1.163701343407127e-07  1.217254354325479e-01 
 1.163901343407127e-07  1.217252936294837e-01 
 1.164101343407127e-07  1.217251521095451e-01 
 1.164301343407127e-07  1.217250108721667e-01 
 1.164501343407127e-07  1.217248699167845e-01 
 1.164701343407127e-07  1.217247292428352e-01 
 1.164901343407127e-07  1.217245888497571e-01 
 1.165101343407127e-07  1.217244487369893e-01 
 1.165301343407127e-07  1.217243089039722e-01 
 1.165501343407127e-07  1.217241693501473e-01 
 1.165701343407127e-07  1.217240300749571e-01 
 1.165901343407127e-07  1.217238910778452e-01 
 1.166101343407127e-07  1.217237523582564e-01 
 1.166301343407127e-07  1.217236139156368e-01 
 1.166501343407127e-07  1.217234757494332e-01 
 1.166701343407127e-07  1.217233378590936e-01 
 1.166901343407127e-07  1.217232002440675e-01 
 1.167101343407127e-07  1.217230629038050e-01 
 1.167301343407127e-07  1.217229258377576e-01 
 1.167501343407127e-07  1.217227890453778e-01 
 1.167701343407127e-07  1.217226525261191e-01 
 1.167901343407127e-07  1.217225162794362e-01 
 1.168101343407127e-07  1.217223803047850e-01 
 1.168301343407127e-07  1.217222446016222e-01 
 1.168501343407127e-07  1.217221091694059e-01 
 1.168701343407126e-07  1.217219740075950e-01 
 1.168901343407126e-07  1.217218391156496e-01 
 1.169101343407126e-07  1.217217044930310e-01 
 1.169301343407126e-07  1.217215701392014e-01 
 1.169501343407126e-07  1.217214360536241e-01 
 1.169701343407126e-07  1.217213022357635e-01 
 1.169901343407126e-07  1.217211686850850e-01 
 1.170101343407126e-07  1.217210354010554e-01 
 1.170301343407126e-07  1.217209023831421e-01 
 1.170501343407126e-07  1.217207696308138e-01 
 1.170701343407126e-07  1.217206371435403e-01 
 1.170901343407126e-07  1.217205049207923e-01 
 1.171101343407126e-07  1.217203729620416e-01 
 1.171301343407126e-07  1.217202412667613e-01 
 1.171501343407126e-07  1.217201098344252e-01 
 1.171701343407126e-07  1.217199786645083e-01 
 1.171901343407126e-07  1.217198477564867e-01 
 1.172101343407126e-07  1.217197171098375e-01 
 1.172301343407126e-07  1.217195867240388e-01 
 1.172501343407126e-07  1.217194565985698e-01 
 1.172701343407126e-07  1.217193267329107e-01 
 1.172901343407126e-07  1.217191971265429e-01 
 1.173101343407126e-07  1.217190677789486e-01 
 1.173301343407126e-07  1.217189386896111e-01 
 1.173501343407126e-07  1.217188098580147e-01 
 1.173701343407126e-07  1.217186812836449e-01 
 1.173901343407125e-07  1.217185529659881e-01 
 1.174101343407125e-07  1.217184249045317e-01 
 1.174301343407125e-07  1.217182970987643e-01 
 1.174501343407125e-07  1.217181695481752e-01 
 1.174701343407125e-07  1.217180422522550e-01 
 1.174901343407125e-07  1.217179152104952e-01 
 1.175101343407125e-07  1.217177884223884e-01 
 1.175301343407125e-07  1.217176618874281e-01 
 1.175501343407125e-07  1.217175356051089e-01 
 1.175701343407125e-07  1.217174095749263e-01 
 1.175901343407125e-07  1.217172837963770e-01 
 1.176101343407125e-07  1.217171582689585e-01 
 1.176301343407125e-07  1.217170329921694e-01 
 1.176501343407125e-07  1.217169079655094e-01 
 1.176701343407125e-07  1.217167831884789e-01 
 1.176901343407125e-07  1.217166586605797e-01 
 1.177101343407125e-07  1.217165343813141e-01 
 1.177301343407125e-07  1.217164103501859e-01 
 1.177501343407125e-07  1.217162865666996e-01 
 1.177701343407125e-07  1.217161630303607e-01 
 1.177901343407125e-07  1.217160397406759e-01 
 1.178101343407125e-07  1.217159166971525e-01 
 1.178301343407125e-07  1.217157938992993e-01 
 1.178501343407125e-07  1.217156713466255e-01 
 1.178701343407125e-07  1.217155490386418e-01 
 1.178901343407125e-07  1.217154269748595e-01 
 1.179101343407124e-07  1.217153051547910e-01 
 1.179301343407124e-07  1.217151835779499e-01 
 1.179501343407124e-07  1.217150622438504e-01 
 1.179701343407124e-07  1.217149411520079e-01 
 1.179901343407124e-07  1.217148203019387e-01 
 1.180101343407124e-07  1.217146996931601e-01 
 1.180301343407124e-07  1.217145793251902e-01 
 1.180501343407124e-07  1.217144591975484e-01 
 1.180701343407124e-07  1.217143393097548e-01 
 1.180901343407124e-07  1.217142196613304e-01 
 1.181101343407124e-07  1.217141002517974e-01 
 1.181301343407124e-07  1.217139810806787e-01 
 1.181501343407124e-07  1.217138621474984e-01 
 1.181701343407124e-07  1.217137434517814e-01 
 1.181901343407124e-07  1.217136249930536e-01 
 1.182101343407124e-07  1.217135067708418e-01 
 1.182301343407124e-07  1.217133887846736e-01 
 1.182501343407124e-07  1.217132710340779e-01 
 1.182701343407124e-07  1.217131535185844e-01 
 1.182901343407124e-07  1.217130362377236e-01 
 1.183101343407124e-07  1.217129191910271e-01 
 1.183301343407124e-07  1.217128023780273e-01 
 1.183501343407124e-07  1.217126857982575e-01 
 1.183701343407124e-07  1.217125694512523e-01 
 1.183901343407124e-07  1.217124533365467e-01 
 1.184101343407124e-07  1.217123374536769e-01 
 1.184301343407124e-07  1.217122218021803e-01 
 1.184501343407123e-07  1.217121063815946e-01 
 1.184701343407123e-07  1.217119911914589e-01 
 1.184901343407123e-07  1.217118762313131e-01 
 1.185101343407123e-07  1.217117615006980e-01 
 1.185301343407123e-07  1.217116469991553e-01 
 1.185501343407123e-07  1.217115327262277e-01 
 1.185701343407123e-07  1.217114186814585e-01 
 1.185901343407123e-07  1.217113048643925e-01 
 1.186101343407123e-07  1.217111912745748e-01 
 1.186301343407123e-07  1.217110779115518e-01 
 1.186501343407123e-07  1.217109647748707e-01 
 1.186701343407123e-07  1.217108518640795e-01 
 1.186901343407123e-07  1.217107391787271e-01 
 1.187101343407123e-07  1.217106267183636e-01 
 1.187301343407123e-07  1.217105144825398e-01 
 1.187501343407123e-07  1.217104024708071e-01 
 1.187701343407123e-07  1.217102906827183e-01 
 1.187901343407123e-07  1.217101791178268e-01 
 1.188101343407123e-07  1.217100677756869e-01 
 1.188301343407123e-07  1.217099566558541e-01 
 1.188501343407123e-07  1.217098457578843e-01 
 1.188701343407123e-07  1.217097350813346e-01 
 1.188901343407123e-07  1.217096246257629e-01 
 1.189101343407123e-07  1.217095143907279e-01 
 1.189301343407123e-07  1.217094043757895e-01 
 1.189501343407123e-07  1.217092945805081e-01 
 1.189701343407122e-07  1.217091850044452e-01 
 1.189901343407122e-07  1.217090756471630e-01 
 1.190101343407122e-07  1.217089665082247e-01 
 1.190301343407122e-07  1.217088575871944e-01 
 1.190501343407122e-07  1.217087488836370e-01 
 1.190701343407122e-07  1.217086403971184e-01 
 1.190901343407122e-07  1.217085321272051e-01 
 1.191101343407122e-07  1.217084240734647e-01 
 1.191301343407122e-07  1.217083162354656e-01 
 1.191501343407122e-07  1.217082086127770e-01 
 1.191701343407122e-07  1.217081012049691e-01 
 1.191901343407122e-07  1.217079940116127e-01 
 1.192101343407122e-07  1.217078870322798e-01 
 1.192301343407122e-07  1.217077802665430e-01 
 1.192501343407122e-07  1.217076737139758e-01 
 1.192701343407122e-07  1.217075673741526e-01 
 1.192901343407122e-07  1.217074612466487e-01 
 1.193101343407122e-07  1.217073553310402e-01 
 1.193301343407122e-07  1.217072496269039e-01 
 1.193501343407122e-07  1.217071441338176e-01 
 1.193701343407122e-07  1.217070388513600e-01 
 1.193901343407122e-07  1.217069337791105e-01 
 1.194101343407122e-07  1.217068289166493e-01 
 1.194301343407122e-07  1.217067242635577e-01 
 1.194501343407122e-07  1.217066198194176e-01 
 1.194701343407122e-07  1.217065155838118e-01 
 1.194901343407122e-07  1.217064115563240e-01 
 1.195101343407121e-07  1.217063077365385e-01 
 1.195301343407121e-07  1.217062041240408e-01 
 1.195501343407121e-07  1.217061007184170e-01 
 1.195701343407121e-07  1.217059975192539e-01 
 1.195901343407121e-07  1.217058945261394e-01 
 1.196101343407121e-07  1.217057917386621e-01 
 1.196301343407121e-07  1.217056891564114e-01 
 1.196501343407121e-07  1.217055867789776e-01 
 1.196701343407121e-07  1.217054846059516e-01 
 1.196901343407121e-07  1.217053826369254e-01 
 1.197101343407121e-07  1.217052808714917e-01 
 1.197301343407121e-07  1.217051793092439e-01 
 1.197501343407121e-07  1.217050779497764e-01 
 1.197701343407121e-07  1.217049767926844e-01 
 1.197901343407121e-07  1.217048758375637e-01 
 1.198101343407121e-07  1.217047750840111e-01 
 1.198301343407121e-07  1.217046745316241e-01 
 1.198501343407121e-07  1.217045741800012e-01 
 1.198701343407121e-07  1.217044740287414e-01 
 1.198901343407121e-07  1.217043740774447e-01 
 1.199101343407121e-07  1.217042743257119e-01 
 1.199301343407121e-07  1.217041747731444e-01 
 1.199501343407121e-07  1.217040754193447e-01 
 1.199701343407121e-07  1.217039762639159e-01 
 1.199901343407121e-07  1.217038773064618e-01 
 1.200101343407121e-07  1.217037785465874e-01 
 1.200301343407120e-07  1.217036799838979e-01 
 1.200501343407120e-07  1.217035816179998e-01 
 1.200701343407120e-07  1.217034834485000e-01 
 1.200901343407120e-07  1.217033854750066e-01 
 1.201101343407120e-07  1.217032876971281e-01 
 1.201301343407120e-07  1.217031901144740e-01 
 1.201501343407120e-07  1.217030927266546e-01 
 1.201701343407120e-07  1.217029955332807e-01 
 1.201901343407120e-07  1.217028985339642e-01 
 1.202101343407120e-07  1.217028017283174e-01 
 1.202301343407120e-07  1.217027051159540e-01 
 1.202501343407120e-07  1.217026086964878e-01 
 1.202701343407120e-07  1.217025124695339e-01 
 1.202901343407120e-07  1.217024164347077e-01 
 1.203101343407120e-07  1.217023205916256e-01 
 1.203301343407120e-07  1.217022249399049e-01 
 1.203501343407120e-07  1.217021294791635e-01 
 1.203701343407120e-07  1.217020342090201e-01 
 1.203901343407120e-07  1.217019391290940e-01 
 1.204101343407120e-07  1.217018442390055e-01 
 1.204301343407120e-07  1.217017495383757e-01 
 1.204501343407120e-07  1.217016550268262e-01 
 1.204701343407120e-07  1.217015607039794e-01 
 1.204901343407120e-07  1.217014665694586e-01 
 1.205101343407120e-07  1.217013726228880e-01 
 1.205301343407120e-07  1.217012788638920e-01 
 1.205501343407119e-07  1.217011852920963e-01 
 1.205701343407119e-07  1.217010919071271e-01 
 1.205901343407119e-07  1.217009987086113e-01 
 1.206101343407119e-07  1.217009056961766e-01 
 1.206301343407119e-07  1.217008128694516e-01 
 1.206501343407119e-07  1.217007202280654e-01 
 1.206701343407119e-07  1.217006277716481e-01 
 1.206901343407119e-07  1.217005354998302e-01 
 1.207101343407119e-07  1.217004434122433e-01 
 1.207301343407119e-07  1.217003515085194e-01 
 1.207501343407119e-07  1.217002597882915e-01 
 1.207701343407119e-07  1.217001682511932e-01 
 1.207901343407119e-07  1.217000768968589e-01 
 1.208101343407119e-07  1.216999857249237e-01 
 1.208301343407119e-07  1.216998947350234e-01 
 1.208501343407119e-07  1.216998039267944e-01 
 1.208701343407119e-07  1.216997132998741e-01 
 1.208901343407119e-07  1.216996228539006e-01 
 1.209101343407119e-07  1.216995325885125e-01 
 1.209301343407119e-07  1.216994425033493e-01 
 1.209501343407119e-07  1.216993525980510e-01 
 1.209701343407119e-07  1.216992628722587e-01 
 1.209901343407119e-07  1.216991733256138e-01 
 1.210101343407119e-07  1.216990839577588e-01 
 1.210301343407119e-07  1.216989947683366e-01 
 1.210501343407119e-07  1.216989057569909e-01 
 1.210701343407119e-07  1.216988169233664e-01 
 1.210901343407118e-07  1.216987282671079e-01 
 1.211101343407118e-07  1.216986397878616e-01 
 1.211301343407118e-07  1.216985514852738e-01 
 1.211501343407118e-07  1.216984633589920e-01 
 1.211701343407118e-07  1.216983754086640e-01 
 1.211901343407118e-07  1.216982876339387e-01 
 1.212101343407118e-07  1.216982000344653e-01 
 1.212301343407118e-07  1.216981126098940e-01 
 1.212501343407118e-07  1.216980253598755e-01 
 1.212701343407118e-07  1.216979382840614e-01 
 1.212901343407118e-07  1.216978513821038e-01 
 1.213101343407118e-07  1.216977646536555e-01 
 1.213301343407118e-07  1.216976780983703e-01 
 1.213501343407118e-07  1.216975917159023e-01 
 1.213701343407118e-07  1.216975055059065e-01 
 1.213901343407118e-07  1.216974194680385e-01 
 1.214101343407118e-07  1.216973336019546e-01 
 1.214301343407118e-07  1.216972479073119e-01 
 1.214501343407118e-07  1.216971623837680e-01 
 1.214701343407118e-07  1.216970770309814e-01 
 1.214901343407118e-07  1.216969918486111e-01 
 1.215101343407118e-07  1.216969068363168e-01 
 1.215301343407118e-07  1.216968219937591e-01 
 1.215501343407118e-07  1.216967373205989e-01 
 1.215701343407118e-07  1.216966528164981e-01 
 1.215901343407118e-07  1.216965684811190e-01 
 1.216101343407117e-07  1.216964843141249e-01 
 1.216301343407117e-07  1.216964003151795e-01 
 1.216501343407117e-07  1.216963164839474e-01 
 1.216701343407117e-07  1.216962328200936e-01 
 1.216901343407117e-07  1.216961493232840e-01 
 1.217101343407117e-07  1.216960659931850e-01 
 1.217301343407117e-07  1.216959828294637e-01 
 1.217501343407117e-07  1.216958998317880e-01 
 1.217701343407117e-07  1.216958169998265e-01 
 1.217901343407117e-07  1.216957343332481e-01 
 1.218101343407117e-07  1.216956518317227e-01 
 1.218301343407117e-07  1.216955694949207e-01 
 1.218501343407117e-07  1.216954873225133e-01 
 1.218701343407117e-07  1.216954053141723e-01 
 1.218901343407117e-07  1.216953234695699e-01 
 1.219101343407117e-07  1.216952417883795e-01 
 1.219301343407117e-07  1.216951602702745e-01 
 1.219501343407117e-07  1.216950789149296e-01 
 1.219701343407117e-07  1.216949977220195e-01 
 1.219901343407117e-07  1.216949166912202e-01 
 1.220101343407117e-07  1.216948358222078e-01 
 1.220301343407117e-07  1.216947551146593e-01 
 1.220501343407117e-07  1.216946745682524e-01 
 1.220701343407117e-07  1.216945941826654e-01 
 1.220901343407117e-07  1.216945139575771e-01 
 1.221101343407117e-07  1.216944338926672e-01 
 1.221301343407116e-07  1.216943539876157e-01 
 1.221501343407116e-07  1.216942742421034e-01 
 1.221701343407116e-07  1.216941946558120e-01 
 1.221901343407116e-07  1.216941152284233e-01 
 1.222101343407116e-07  1.216940359596203e-01 
 1.222301343407116e-07  1.216939568490862e-01 
 1.222501343407116e-07  1.216938778965051e-01 
 1.222701343407116e-07  1.216937991015616e-01 
 1.222901343407116e-07  1.216937204639409e-01 
 1.223101343407116e-07  1.216936419833290e-01 
 1.223301343407116e-07  1.216935636594123e-01 
 1.223501343407116e-07  1.216934854918780e-01 
 1.223701343407116e-07  1.216934074804138e-01 
 1.223901343407116e-07  1.216933296247082e-01 
 1.224101343407116e-07  1.216932519244501e-01 
 1.224301343407116e-07  1.216931743793292e-01 
 1.224501343407116e-07  1.216930969890357e-01 
 1.224701343407116e-07  1.216930197532606e-01 
 1.224901343407116e-07  1.216929426716952e-01 
 1.225101343407116e-07  1.216928657440317e-01 
 1.225301343407116e-07  1.216927889699628e-01 
 1.225501343407116e-07  1.216927123491819e-01 
 1.225701343407116e-07  1.216926358813829e-01 
 1.225901343407116e-07  1.216925595662603e-01 
 1.226101343407116e-07  1.216924834035093e-01 
 1.226301343407116e-07  1.216924073928257e-01 
 1.226501343407116e-07  1.216923315339058e-01 
 1.226701343407115e-07  1.216922558264467e-01 
 1.226901343407115e-07  1.216921802701459e-01 
 1.227101343407115e-07  1.216921048647016e-01 
 1.227301343407115e-07  1.216920296098127e-01 
 1.227501343407115e-07  1.216919545051786e-01 
 1.227701343407115e-07  1.216918795504991e-01 
 1.227901343407115e-07  1.216918047454750e-01 
 1.228101343407115e-07  1.216917300898074e-01 
 1.228301343407115e-07  1.216916555831982e-01 
 1.228501343407115e-07  1.216915812253496e-01 
 1.228701343407115e-07  1.216915070159648e-01 
 1.228901343407115e-07  1.216914329547472e-01 
 1.229101343407115e-07  1.216913590414011e-01 
 1.229301343407115e-07  1.216912852756311e-01 
 1.229501343407115e-07  1.216912116571427e-01 
 1.229701343407115e-07  1.216911381856418e-01 
 1.229901343407115e-07  1.216910648608348e-01 
 1.230101343407115e-07  1.216909916824290e-01 
 1.230301343407115e-07  1.216909186501320e-01 
 1.230501343407115e-07  1.216908457636520e-01 
 1.230701343407115e-07  1.216907730226981e-01 
 1.230901343407115e-07  1.216907004269794e-01 
 1.231101343407115e-07  1.216906279762062e-01 
 1.231301343407115e-07  1.216905556700889e-01 
 1.231501343407115e-07  1.216904835083389e-01 
 1.231701343407115e-07  1.216904114906678e-01 
 1.231901343407114e-07  1.216903396167880e-01 
 1.232101343407114e-07  1.216902678864124e-01 
 1.232301343407114e-07  1.216901962992544e-01 
 1.232501343407114e-07  1.216901248550281e-01 
 1.232701343407114e-07  1.216900535534482e-01 
 1.232901343407114e-07  1.216899823942297e-01 
 1.233101343407114e-07  1.216899113770885e-01 
 1.233301343407114e-07  1.216898405017409e-01 
 1.233501343407114e-07  1.216897697679038e-01 
 1.233701343407114e-07  1.216896991752946e-01 
 1.233901343407114e-07  1.216896287236315e-01 
 1.234101343407114e-07  1.216895584126328e-01 
 1.234301343407114e-07  1.216894882420179e-01 
 1.234501343407114e-07  1.216894182115064e-01 
 1.234701343407114e-07  1.216893483208186e-01 
 1.234901343407114e-07  1.216892785696753e-01 
 1.235101343407114e-07  1.216892089577978e-01 
 1.235301343407114e-07  1.216891394849083e-01 
 1.235501343407114e-07  1.216890701507290e-01 
 1.235701343407114e-07  1.216890009549831e-01 
 1.235901343407114e-07  1.216889318973942e-01 
 1.236101343407114e-07  1.216888629776865e-01 
 1.236301343407114e-07  1.216887941955846e-01 
 1.236501343407114e-07  1.216887255508137e-01 
 1.236701343407114e-07  1.216886570430998e-01 
 1.236901343407114e-07  1.216885886721691e-01 
 1.237101343407114e-07  1.216885204377486e-01 
 1.237301343407113e-07  1.216884523395656e-01 
 1.237501343407113e-07  1.216883843773482e-01 
 1.237701343407113e-07  1.216883165508250e-01 
 1.237901343407113e-07  1.216882488597249e-01 
 1.238101343407113e-07  1.216881813037775e-01 
 1.238301343407113e-07  1.216881138827132e-01 
 1.238501343407113e-07  1.216880465962625e-01 
 1.238701343407113e-07  1.216879794441566e-01 
 1.238901343407113e-07  1.216879124261274e-01 
 1.239101343407113e-07  1.216878455419071e-01 
 1.239301343407113e-07  1.216877787912286e-01 
 1.239501343407113e-07  1.216877121738251e-01 
 1.239701343407113e-07  1.216876456894308e-01 
 1.239901343407113e-07  1.216875793377799e-01 
 1.240101343407113e-07  1.216875131186074e-01 
 1.240301343407113e-07  1.216874470316489e-01 
 1.240501343407113e-07  1.216873810766402e-01 
 1.240701343407113e-07  1.216873152533180e-01 
 1.240901343407113e-07  1.216872495614194e-01 
 1.241101343407113e-07  1.216871840006821e-01 
 1.241301343407113e-07  1.216871185708440e-01 
 1.241501343407113e-07  1.216870532716438e-01 
 1.241701343407113e-07  1.216869881028207e-01 
 1.241901343407113e-07  1.216869230641145e-01 
 1.242101343407113e-07  1.216868581552652e-01 
 1.242301343407113e-07  1.216867933760136e-01 
 1.242501343407112e-07  1.216867287261009e-01 
 1.242701343407112e-07  1.216866642052690e-01 
 1.242901343407112e-07  1.216865998132601e-01 
 1.243101343407112e-07  1.216865355498170e-01 
 1.243301343407112e-07  1.216864714146830e-01 
 1.243501343407112e-07  1.216864074076018e-01 
 1.243701343407112e-07  1.216863435283179e-01 
 1.243901343407112e-07  1.216862797765761e-01 
 1.244101343407112e-07  1.216862161521216e-01 
 1.244301343407112e-07  1.216861526547005e-01 
 1.244501343407112e-07  1.216860892840590e-01 
 1.244701343407112e-07  1.216860260399440e-01 
 1.244901343407112e-07  1.216859629221030e-01 
 1.245101343407112e-07  1.216858999302837e-01 
 1.245301343407112e-07  1.216858370642345e-01 
 1.245501343407112e-07  1.216857743237044e-01 
 1.245701343407112e-07  1.216857117084427e-01 
 1.245901343407112e-07  1.216856492181993e-01 
 1.246101343407112e-07  1.216855868527246e-01 
 1.246301343407112e-07  1.216855246117695e-01 
 1.246501343407112e-07  1.216854624950854e-01 
 1.246701343407112e-07  1.216854005024241e-01 
 1.246901343407112e-07  1.216853386335380e-01 
 1.247101343407112e-07  1.216852768881801e-01 
 1.247301343407112e-07  1.216852152661036e-01 
 1.247501343407112e-07  1.216851537670624e-01 
 1.247701343407111e-07  1.216850923908109e-01 
 1.247901343407111e-07  1.216850311371039e-01 
 1.248101343407111e-07  1.216849700056966e-01 
 1.248301343407111e-07  1.216849089963450e-01 
 1.248501343407111e-07  1.216848481088054e-01 
 1.248701343407111e-07  1.216847873428344e-01 
 1.248901343407111e-07  1.216847266981895e-01 
 1.249101343407111e-07  1.216846661746284e-01 
 1.249301343407111e-07  1.216846057719093e-01 
 1.249501343407111e-07  1.216845454897908e-01 
 1.249701343407111e-07  1.216844853280323e-01 
 1.249901343407111e-07  1.216844252863935e-01 
 1.250101343407111e-07  1.216843653646344e-01 
 1.250301343407111e-07  1.216843055625157e-01 
 1.250501343407111e-07  1.216842458797986e-01 
 1.250701343407111e-07  1.216841863162447e-01 
 1.250901343407111e-07  1.216841268716160e-01 
 1.251101343407111e-07  1.216840675456752e-01 
 1.251301343407111e-07  1.216840083381851e-01 
 1.251501343407111e-07  1.216839492489093e-01 
 1.251701343407111e-07  1.216838902776119e-01 
 1.251901343407111e-07  1.216838314240571e-01 
 1.252101343407111e-07  1.216837726880100e-01 
 1.252301343407111e-07  1.216837140692359e-01 
 1.252501343407111e-07  1.216836555675008e-01 
 1.252701343407111e-07  1.216835971825708e-01 
 1.252901343407111e-07  1.216835389142129e-01 
 1.253101343407110e-07  1.216834807621942e-01 
 1.253301343407110e-07  1.216834227262824e-01 
 1.253501343407110e-07  1.216833648062458e-01 
 1.253701343407110e-07  1.216833070018530e-01 
 1.253901343407110e-07  1.216832493128730e-01 
 1.254101343407110e-07  1.216831917390755e-01 
 1.254301343407110e-07  1.216831342802304e-01 
 1.254501343407110e-07  1.216830769361083e-01 
 1.254701343407110e-07  1.216830197064801e-01 
 1.254901343407110e-07  1.216829625911172e-01 
 1.255101343407110e-07  1.216829055897914e-01 
 1.255301343407110e-07  1.216828487022751e-01 
 1.255501343407110e-07  1.216827919283411e-01 
 1.255701343407110e-07  1.216827352677626e-01 
 1.255901343407110e-07  1.216826787203131e-01 
 1.256101343407110e-07  1.216826222857670e-01 
 1.256301343407110e-07  1.216825659638986e-01 
 1.256501343407110e-07  1.216825097544831e-01 
 1.256701343407110e-07  1.216824536572959e-01 
 1.256901343407110e-07  1.216823976721129e-01 
 1.257101343407110e-07  1.216823417987106e-01 
 1.257301343407110e-07  1.216822860368658e-01 
 1.257501343407110e-07  1.216822303863556e-01 
 1.257701343407110e-07  1.216821748469579e-01 
 1.257901343407110e-07  1.216821194184507e-01 
 1.258101343407110e-07  1.216820641006128e-01 
 1.258301343407109e-07  1.216820088932230e-01 
 1.258501343407109e-07  1.216819537960609e-01 
 1.258701343407109e-07  1.216818988089064e-01 
 1.258901343407109e-07  1.216818439315398e-01 
 1.259101343407109e-07  1.216817891637419e-01 
 1.259301343407109e-07  1.216817345052941e-01 
 1.259501343407109e-07  1.216816799559779e-01 
 1.259701343407109e-07  1.216816255155755e-01 
 1.259901343407109e-07  1.216815711838694e-01 
 1.260101343407109e-07  1.216815169606426e-01 
 1.260301343407109e-07  1.216814628456784e-01 
 1.260501343407109e-07  1.216814088387608e-01 
 1.260701343407109e-07  1.216813549396739e-01 
 1.260901343407109e-07  1.216813011482026e-01 
 1.261101343407109e-07  1.216812474641319e-01 
 1.261301343407109e-07  1.216811938872473e-01 
 1.261501343407109e-07  1.216811404173350e-01 
 1.261701343407109e-07  1.216810870541813e-01 
 1.261901343407109e-07  1.216810337975731e-01 
 1.262101343407109e-07  1.216809806472976e-01 
 1.262301343407109e-07  1.216809276031425e-01 
 1.262501343407109e-07  1.216808746648960e-01 
 1.262701343407109e-07  1.216808218323465e-01 
 1.262901343407109e-07  1.216807691052831e-01 
 1.263101343407109e-07  1.216807164834951e-01 
 1.263301343407109e-07  1.216806639667723e-01 
 1.263501343407108e-07  1.216806115549050e-01 
 1.263701343407108e-07  1.216805592476838e-01 
 1.263901343407108e-07  1.216805070448997e-01 
 1.264101343407108e-07  1.216804549463444e-01 
 1.264301343407108e-07  1.216804029518095e-01 
 1.264501343407108e-07  1.216803510610876e-01 
 1.264701343407108e-07  1.216802992739713e-01 
 1.264901343407108e-07  1.216802475902536e-01 
 1.265101343407108e-07  1.216801960097282e-01 
 1.265301343407108e-07  1.216801445321891e-01 
 1.265501343407108e-07  1.216800931574305e-01 
 1.265701343407108e-07  1.216800418852474e-01 
 1.265901343407108e-07  1.216799907154348e-01 
 1.266101343407108e-07  1.216799396477884e-01 
 1.266301343407108e-07  1.216798886821043e-01 
 1.266501343407108e-07  1.216798378181788e-01 
 1.266701343407108e-07  1.216797870558088e-01 
 1.266901343407108e-07  1.216797363947915e-01 
 1.267101343407108e-07  1.216796858349245e-01 
 1.267301343407108e-07  1.216796353760060e-01 
 1.267501343407108e-07  1.216795850178342e-01 
 1.267701343407108e-07  1.216795347602081e-01 
 1.267901343407108e-07  1.216794846029270e-01 
 1.268101343407108e-07  1.216794345457904e-01 
 1.268301343407108e-07  1.216793845885985e-01 
 1.268501343407108e-07  1.216793347311516e-01 
 1.268701343407108e-07  1.216792849732506e-01 
 1.268901343407107e-07  1.216792353146968e-01 
 1.269101343407107e-07  1.216791857552918e-01 
 1.269301343407107e-07  1.216791362948376e-01 
 1.269501343407107e-07  1.216790869331368e-01 
 1.269701343407107e-07  1.216790376699920e-01 
 1.269901343407107e-07  1.216789885052066e-01 
 1.270101343407107e-07  1.216789394385842e-01 
 1.270301343407107e-07  1.216788904699286e-01 
 1.270501343407107e-07  1.216788415990444e-01 
 1.270701343407107e-07  1.216787928257364e-01 
 1.270901343407107e-07  1.216787441498097e-01 
 1.271101343407107e-07  1.216786955710698e-01 
 1.271301343407107e-07  1.216786470893228e-01 
 1.271501343407107e-07  1.216785987043750e-01 
 1.271701343407107e-07  1.216785504160331e-01 
 1.271901343407107e-07  1.216785022241043e-01 
 1.272101343407107e-07  1.216784541283960e-01 
 1.272301343407107e-07  1.216784061287161e-01 
 1.272501343407107e-07  1.216783582248729e-01 
 1.272701343407107e-07  1.216783104166750e-01 
 1.272901343407107e-07  1.216782627039315e-01 
 1.273101343407107e-07  1.216782150864517e-01 
 1.273301343407107e-07  1.216781675640456e-01 
 1.273501343407107e-07  1.216781201365232e-01 
 1.273701343407107e-07  1.216780728036952e-01 
 1.273901343407107e-07  1.216780255653723e-01 
 1.274101343407106e-07  1.216779784213660e-01 
 1.274301343407106e-07  1.216779313714880e-01 
 1.274501343407106e-07  1.216778844155502e-01 
 1.274701343407106e-07  1.216778375533652e-01 
 1.274901343407106e-07  1.216777907847457e-01 
 1.275101343407106e-07  1.216777441095050e-01 
 1.275301343407106e-07  1.216776975274566e-01 
 1.275501343407106e-07  1.216776510384144e-01 
 1.275701343407106e-07  1.216776046421927e-01 
 1.275901343407106e-07  1.216775583386061e-01 
 1.276101343407106e-07  1.216775121274699e-01 
 1.276301343407106e-07  1.216774660085993e-01 
 1.276501343407106e-07  1.216774199818102e-01 
 1.276701343407106e-07  1.216773740469186e-01 
 1.276901343407106e-07  1.216773282037412e-01 
 1.277101343407106e-07  1.216772824520948e-01 
 1.277301343407106e-07  1.216772367917966e-01 
 1.277501343407106e-07  1.216771912226642e-01 
 1.277701343407106e-07  1.216771457445157e-01 
 1.277901343407106e-07  1.216771003571693e-01 
 1.278101343407106e-07  1.216770550604439e-01 
 1.278301343407106e-07  1.216770098541583e-01 
 1.278501343407106e-07  1.216769647381321e-01 
 1.278701343407106e-07  1.216769197121850e-01 
 1.278901343407106e-07  1.216768747761372e-01 
 1.279101343407106e-07  1.216768299298092e-01 
 1.279301343407106e-07  1.216767851730220e-01 
 1.279501343407105e-07  1.216767405055965e-01 
 1.279701343407105e-07  1.216766959273546e-01 
 1.279901343407105e-07  1.216766514381181e-01 
 1.280101343407105e-07  1.216766070377094e-01 
 1.280301343407105e-07  1.216765627259509e-01 
 1.280501343407105e-07  1.216765185026657e-01 
 1.280701343407105e-07  1.216764743676773e-01 
 1.280901343407105e-07  1.216764303208092e-01 
 1.281101343407105e-07  1.216763863618857e-01 
 1.281301343407105e-07  1.216763424907310e-01 
 1.281501343407105e-07  1.216762987071699e-01 
 1.281701343407105e-07  1.216762550110275e-01 
 1.281901343407105e-07  1.216762114021293e-01 
 1.282101343407105e-07  1.216761678803011e-01 
 1.282301343407105e-07  1.216761244453691e-01 
 1.282501343407105e-07  1.216760810971597e-01 
 1.282701343407105e-07  1.216760378354999e-01 
 1.282901343407105e-07  1.216759946602167e-01 
 1.283101343407105e-07  1.216759515711378e-01 
 1.283301343407105e-07  1.216759085680910e-01 
 1.283501343407105e-07  1.216758656509046e-01 
 1.283701343407105e-07  1.216758228194070e-01 
 1.283901343407105e-07  1.216757800734273e-01 
 1.284101343407105e-07  1.216757374127947e-01 
 1.284301343407105e-07  1.216756948373388e-01 
 1.284501343407105e-07  1.216756523468895e-01 
 1.284701343407104e-07  1.216756099412771e-01 
 1.284901343407104e-07  1.216755676203322e-01 
 1.285101343407104e-07  1.216755253838858e-01 
 1.285301343407104e-07  1.216754832317692e-01 
 1.285501343407104e-07  1.216754411638139e-01 
 1.285701343407104e-07  1.216753991798520e-01 
 1.285901343407104e-07  1.216753572797157e-01 
 1.286101343407104e-07  1.216753154632376e-01 
 1.286301343407104e-07  1.216752737302508e-01 
 1.286501343407104e-07  1.216752320805885e-01 
 1.286701343407104e-07  1.216751905140843e-01 
 1.286901343407104e-07  1.216751490305723e-01 
 1.287101343407104e-07  1.216751076298868e-01 
 1.287301343407104e-07  1.216750663118623e-01 
 1.287501343407104e-07  1.216750250763338e-01 
 1.287701343407104e-07  1.216749839231367e-01 
 1.287901343407104e-07  1.216749428521064e-01 
 1.288101343407104e-07  1.216749018630791e-01 
 1.288301343407104e-07  1.216748609558910e-01 
 1.288501343407104e-07  1.216748201303785e-01 
 1.288701343407104e-07  1.216747793863787e-01 
 1.288901343407104e-07  1.216747387237288e-01 
 1.289101343407104e-07  1.216746981422664e-01 
 1.289301343407104e-07  1.216746576418294e-01 
 1.289501343407104e-07  1.216746172222560e-01 
 1.289701343407104e-07  1.216745768833847e-01 
 1.289901343407103e-07  1.216745366250545e-01 
 1.290101343407103e-07  1.216744964471045e-01 
 1.290301343407103e-07  1.216744563493742e-01 
 1.290501343407103e-07  1.216744163317034e-01 
 1.290701343407103e-07  1.216743763939325e-01 
 1.290901343407103e-07  1.216743365359017e-01 
 1.291101343407103e-07  1.216742967574518e-01 
 1.291301343407103e-07  1.216742570584241e-01 
 1.291501343407103e-07  1.216742174386599e-01 
 1.291701343407103e-07  1.216741778980009e-01 
 1.291901343407103e-07  1.216741384362893e-01 
 1.292101343407103e-07  1.216740990533673e-01 
 1.292301343407103e-07  1.216740597490777e-01 
 1.292501343407103e-07  1.216740205232635e-01 
 1.292701343407103e-07  1.216739813757680e-01 
 1.292901343407103e-07  1.216739423064347e-01 
 1.293101343407103e-07  1.216739033151078e-01 
 1.293301343407103e-07  1.216738644016313e-01 
 1.293501343407103e-07  1.216738255658499e-01 
 1.293701343407103e-07  1.216737868076085e-01 
 1.293901343407103e-07  1.216737481267522e-01 
 1.294101343407103e-07  1.216737095231265e-01 
 1.294301343407103e-07  1.216736709965772e-01 
 1.294501343407103e-07  1.216736325469506e-01 
 1.294701343407103e-07  1.216735941740928e-01 
 1.294901343407103e-07  1.216735558778507e-01 
 1.295101343407103e-07  1.216735176580712e-01 
 1.295301343407102e-07  1.216734795146018e-01 
 1.295501343407102e-07  1.216734414472901e-01 
 1.295701343407102e-07  1.216734034559839e-01 
 1.295901343407102e-07  1.216733655405316e-01 
 1.296101343407102e-07  1.216733277007817e-01 
 1.296301343407102e-07  1.216732899365831e-01 
 1.296501343407102e-07  1.216732522477849e-01 
 1.296701343407102e-07  1.216732146342366e-01 
 1.296901343407102e-07  1.216731770957879e-01 
 1.297101343407102e-07  1.216731396322888e-01 
 1.297301343407102e-07  1.216731022435898e-01 
 1.297501343407102e-07  1.216730649295414e-01 
 1.297701343407102e-07  1.216730276899948e-01 
 1.297901343407102e-07  1.216729905248010e-01 
 1.298101343407102e-07  1.216729534338117e-01 
 1.298301343407102e-07  1.216729164168786e-01 
 1.298501343407102e-07  1.216728794738539e-01 
 1.298701343407102e-07  1.216728426045900e-01 
 1.298901343407102e-07  1.216728058089398e-01 
 1.299101343407102e-07  1.216727690867562e-01 
 1.299301343407102e-07  1.216727324378924e-01 
 1.299501343407102e-07  1.216726958622021e-01 
 1.299701343407102e-07  1.216726593595393e-01 
 1.299901343407102e-07  1.216726229297581e-01 
 1.300101343407102e-07  1.216725865727130e-01 
 1.300301343407102e-07  1.216725502882588e-01 
 1.300501343407101e-07  1.216725140762505e-01 
 1.300701343407101e-07  1.216724779365435e-01 
 1.300901343407101e-07  1.216724418689935e-01 
 1.301101343407101e-07  1.216724058734563e-01 
 1.301301343407101e-07  1.216723699497882e-01 
 1.301501343407101e-07  1.216723340978457e-01 
 1.301701343407101e-07  1.216722983174856e-01 
 1.301901343407101e-07  1.216722626085649e-01 
 1.302101343407101e-07  1.216722269709410e-01 
 1.302301343407101e-07  1.216721914044715e-01 
 1.302501343407101e-07  1.216721559090145e-01 
 1.302701343407101e-07  1.216721204844282e-01 
 1.302901343407101e-07  1.216720851305708e-01 
 1.303101343407101e-07  1.216720498473014e-01 
 1.303301343407101e-07  1.216720146344790e-01 
 1.303501343407101e-07  1.216719794919629e-01 
 1.303701343407101e-07  1.216719444196127e-01 
 1.303901343407101e-07  1.216719094172884e-01 
 1.304101343407101e-07  1.216718744848501e-01 
 1.304301343407101e-07  1.216718396221583e-01 
 1.304501343407101e-07  1.216718048290737e-01 
 1.304701343407101e-07  1.216717701054573e-01 
 1.304901343407101e-07  1.216717354511705e-01 
 1.305101343407101e-07  1.216717008660749e-01 
 1.305301343407101e-07  1.216716663500322e-01 
 1.305501343407101e-07  1.216716319029046e-01 
 1.305701343407100e-07  1.216715975245545e-01 
 1.305901343407100e-07  1.216715632148446e-01 
 1.306101343407100e-07  1.216715289736378e-01 
 1.306301343407100e-07  1.216714948007974e-01 
 1.306501343407100e-07  1.216714606961869e-01 
 1.306701343407100e-07  1.216714266596701e-01 
 1.306901343407100e-07  1.216713926911109e-01 
 1.307101343407100e-07  1.216713587903736e-01 
 1.307301343407100e-07  1.216713249573230e-01 
 1.307501343407100e-07  1.216712911918238e-01 
 1.307701343407100e-07  1.216712574937411e-01 
 1.307901343407100e-07  1.216712238629405e-01 
 1.308101343407100e-07  1.216711902992875e-01 
 1.308301343407100e-07  1.216711568026480e-01 
 1.308501343407100e-07  1.216711233728883e-01 
 1.308701343407100e-07  1.216710900098747e-01 
 1.308901343407100e-07  1.216710567134742e-01 
 1.309101343407100e-07  1.216710234835537e-01 
 1.309301343407100e-07  1.216709903199803e-01 
 1.309501343407100e-07  1.216709572226218e-01 
 1.309701343407100e-07  1.216709241913457e-01 
 1.309901343407100e-07  1.216708912260203e-01 
 1.310101343407100e-07  1.216708583265138e-01 
 1.310301343407100e-07  1.216708254926948e-01 
 1.310501343407100e-07  1.216707927244321e-01 
 1.310701343407100e-07  1.216707600215950e-01 
 1.310901343407100e-07  1.216707273840526e-01 
 1.311101343407099e-07  1.216706948116747e-01 
 1.311301343407099e-07  1.216706623043312e-01 
 1.311501343407099e-07  1.216706298618922e-01 
 1.311701343407099e-07  1.216705974842281e-01 
 1.311901343407099e-07  1.216705651712097e-01 
 1.312101343407099e-07  1.216705329227078e-01 
 1.312301343407099e-07  1.216705007385936e-01 
 1.312501343407099e-07  1.216704686187385e-01 
 1.312701343407099e-07  1.216704365630144e-01 
 1.312901343407099e-07  1.216704045712929e-01 
 1.313101343407099e-07  1.216703726434465e-01 
 1.313301343407099e-07  1.216703407793476e-01 
 1.313501343407099e-07  1.216703089788689e-01 
 1.313701343407099e-07  1.216702772418834e-01 
 1.313901343407099e-07  1.216702455682643e-01 
 1.314101343407099e-07  1.216702139578851e-01 
 1.314301343407099e-07  1.216701824106196e-01 
 1.314501343407099e-07  1.216701509263416e-01 
 1.314701343407099e-07  1.216701195049254e-01 
 1.314901343407099e-07  1.216700881462456e-01 
 1.315101343407099e-07  1.216700568501769e-01 
 1.315301343407099e-07  1.216700256165943e-01 
 1.315501343407099e-07  1.216699944453729e-01 
 1.315701343407099e-07  1.216699633363884e-01 
 1.315901343407099e-07  1.216699322895165e-01 
 1.316101343407099e-07  1.216699013046331e-01 
 1.316301343407098e-07  1.216698703816144e-01 
 1.316501343407098e-07  1.216698395203369e-01 
 1.316701343407098e-07  1.216698087206774e-01 
 1.316901343407098e-07  1.216697779825129e-01 
 1.317101343407098e-07  1.216697473057205e-01 
 1.317301343407098e-07  1.216697166901777e-01 
 1.317501343407098e-07  1.216696861357622e-01 
 1.317701343407098e-07  1.216696556423521e-01 
 1.317901343407098e-07  1.216696252098254e-01 
 1.318101343407098e-07  1.216695948380605e-01 
 1.318301343407098e-07  1.216695645269363e-01 
 1.318501343407098e-07  1.216695342763317e-01 
 1.318701343407098e-07  1.216695040861257e-01 
 1.318901343407098e-07  1.216694739561977e-01 
 1.319101343407098e-07  1.216694438864276e-01 
 1.319301343407098e-07  1.216694138766951e-01 
 1.319501343407098e-07  1.216693839268803e-01 
 1.319701343407098e-07  1.216693540368637e-01 
 1.319901343407098e-07  1.216693242065258e-01 
 1.320101343407098e-07  1.216692944357475e-01 
 1.320301343407098e-07  1.216692647244099e-01 
 1.320501343407098e-07  1.216692350723942e-01 
 1.320701343407098e-07  1.216692054795821e-01 
 1.320901343407098e-07  1.216691759458553e-01 
 1.321101343407098e-07  1.216691464710959e-01 
 1.321301343407098e-07  1.216691170551861e-01 
 1.321501343407098e-07  1.216690876980085e-01 
 1.321701343407097e-07  1.216690583994456e-01 
 1.321901343407097e-07  1.216690291593806e-01 
 1.322101343407097e-07  1.216689999776966e-01 
 1.322301343407097e-07  1.216689708542772e-01 
 1.322501343407097e-07  1.216689417890058e-01 
 1.322701343407097e-07  1.216689127817665e-01 
 1.322901343407097e-07  1.216688838324433e-01 
 1.323101343407097e-07  1.216688549409207e-01 
 1.323301343407097e-07  1.216688261070832e-01 
 1.323501343407097e-07  1.216687973308156e-01 
 1.323701343407097e-07  1.216687686120030e-01 
 1.323901343407097e-07  1.216687399505308e-01 
 1.324101343407097e-07  1.216687113462844e-01 
 1.324301343407097e-07  1.216686827991495e-01 
 1.324501343407097e-07  1.216686543090121e-01 
 1.324701343407097e-07  1.216686258757585e-01 
 1.324901343407097e-07  1.216685974992751e-01 
 1.325101343407097e-07  1.216685691794484e-01 
 1.325301343407097e-07  1.216685409161654e-01 
 1.325501343407097e-07  1.216685127093132e-01 
 1.325701343407097e-07  1.216684845587791e-01 
 1.325901343407097e-07  1.216684564644506e-01 
 1.326101343407097e-07  1.216684284262156e-01 
 1.326301343407097e-07  1.216684004439620e-01 
 1.326501343407097e-07  1.216683725175781e-01 
 1.326701343407097e-07  1.216683446469524e-01 
 1.326901343407096e-07  1.216683168319734e-01 
 1.327101343407096e-07  1.216682890725301e-01 
 1.327301343407096e-07  1.216682613685116e-01 
 1.327501343407096e-07  1.216682337198072e-01 
 1.327701343407096e-07  1.216682061263066e-01 
 1.327901343407096e-07  1.216681785878994e-01 
 1.328101343407096e-07  1.216681511044758e-01 
 1.328301343407096e-07  1.216681236759258e-01 
 1.328501343407096e-07  1.216680963021400e-01 
 1.328701343407096e-07  1.216680689830090e-01 
 1.328901343407096e-07  1.216680417184237e-01 
 1.329101343407096e-07  1.216680145082752e-01 
 1.329301343407096e-07  1.216679873524547e-01 
 1.329501343407096e-07  1.216679602508537e-01 
 1.329701343407096e-07  1.216679332033642e-01 
 1.329901343407096e-07  1.216679062098779e-01 
 1.330101343407096e-07  1.216678792702872e-01 
 1.330301343407096e-07  1.216678523844843e-01 
 1.330501343407096e-07  1.216678255523619e-01 
 1.330701343407096e-07  1.216677987738129e-01 
 1.330901343407096e-07  1.216677720487301e-01 
 1.331101343407096e-07  1.216677453770070e-01 
 1.331301343407096e-07  1.216677187585369e-01 
 1.331501343407096e-07  1.216676921932136e-01 
 1.331701343407096e-07  1.216676656809308e-01 
 1.331901343407096e-07  1.216676392215828e-01 
 1.332101343407095e-07  1.216676128150638e-01 
 1.332301343407095e-07  1.216675864612684e-01 
 1.332501343407095e-07  1.216675601600911e-01 
 1.332701343407095e-07  1.216675339114271e-01 
 1.332901343407095e-07  1.216675077151715e-01 
 1.333101343407095e-07  1.216674815712196e-01 
 1.333301343407095e-07  1.216674554794670e-01 
 1.333501343407095e-07  1.216674294398096e-01 
 1.333701343407095e-07  1.216674034521432e-01 
 1.333901343407095e-07  1.216673775163640e-01 
 1.334101343407095e-07  1.216673516323686e-01 
 1.334301343407095e-07  1.216673258000534e-01 
 1.334501343407095e-07  1.216673000193152e-01 
 1.334701343407095e-07  1.216672742900512e-01 
 1.334901343407095e-07  1.216672486121585e-01 
 1.335101343407095e-07  1.216672229855345e-01 
 1.335301343407095e-07  1.216671974100769e-01 
 1.335501343407095e-07  1.216671718856836e-01 
 1.335701343407095e-07  1.216671464122525e-01 
 1.335901343407095e-07  1.216671209896820e-01 
 1.336101343407095e-07  1.216670956178705e-01 
 1.336301343407095e-07  1.216670702967166e-01 
 1.336501343407095e-07  1.216670450261192e-01 
 1.336701343407095e-07  1.216670198059773e-01 
 1.336901343407095e-07  1.216669946361902e-01 
 1.337101343407095e-07  1.216669695166574e-01 
 1.337301343407095e-07  1.216669444472785e-01 
 1.337501343407094e-07  1.216669194279535e-01 
 1.337701343407094e-07  1.216668944585823e-01 
 1.337901343407094e-07  1.216668695390652e-01 
 1.338101343407094e-07  1.216668446693027e-01 
 1.338301343407094e-07  1.216668198491955e-01 
 1.338501343407094e-07  1.216667950786444e-01 
 1.338701343407094e-07  1.216667703575504e-01 
 1.338901343407094e-07  1.216667456858148e-01 
 1.339101343407094e-07  1.216667210633390e-01 
 1.339301343407094e-07  1.216666964900248e-01 
 1.339501343407094e-07  1.216666719657740e-01 
 1.339701343407094e-07  1.216666474904885e-01 
 1.339901343407094e-07  1.216666230640706e-01 
 1.340101343407094e-07  1.216665986864228e-01 
 1.340301343407094e-07  1.216665743574476e-01 
 1.340501343407094e-07  1.216665500770479e-01 
 1.340701343407094e-07  1.216665258451267e-01 
 1.340901343407094e-07  1.216665016615873e-01 
 1.341101343407094e-07  1.216664775263329e-01 
 1.341301343407094e-07  1.216664534392673e-01 
 1.341501343407094e-07  1.216664294002942e-01 
 1.341701343407094e-07  1.216664054093176e-01 
 1.341901343407094e-07  1.216663814662416e-01 
 1.342101343407094e-07  1.216663575709706e-01 
 1.342301343407094e-07  1.216663337234092e-01 
 1.342501343407094e-07  1.216663099234620e-01 
 1.342701343407093e-07  1.216662861710341e-01 
 1.342901343407093e-07  1.216662624660306e-01 
 1.343101343407093e-07  1.216662388083568e-01 
 1.343301343407093e-07  1.216662151979181e-01 
 1.343501343407093e-07  1.216661916346203e-01 
 1.343701343407093e-07  1.216661681183692e-01 
 1.343901343407093e-07  1.216661446490709e-01 
 1.344101343407093e-07  1.216661212266317e-01 
 1.344301343407093e-07  1.216660978509580e-01 
 1.344501343407093e-07  1.216660745219564e-01 
 1.344701343407093e-07  1.216660512395338e-01 
 1.344901343407093e-07  1.216660280035971e-01 
 1.345101343407093e-07  1.216660048140535e-01 
 1.345301343407093e-07  1.216659816708104e-01 
 1.345501343407093e-07  1.216659585737753e-01 
 1.345701343407093e-07  1.216659355228560e-01 
 1.345901343407093e-07  1.216659125179604e-01 
 1.346101343407093e-07  1.216658895589967e-01 
 1.346301343407093e-07  1.216658666458731e-01 
 1.346501343407093e-07  1.216658437784981e-01 
 1.346701343407093e-07  1.216658209567803e-01 
 1.346901343407093e-07  1.216657981806287e-01 
 1.347101343407093e-07  1.216657754499521e-01 
 1.347301343407093e-07  1.216657527646599e-01 
 1.347501343407093e-07  1.216657301246614e-01 
 1.347701343407093e-07  1.216657075298661e-01 
 1.347901343407092e-07  1.216656849801839e-01 
 1.348101343407092e-07  1.216656624755246e-01 
 1.348301343407092e-07  1.216656400157983e-01 
 1.348501343407092e-07  1.216656176009154e-01 
 1.348701343407092e-07  1.216655952307863e-01 
 1.348901343407092e-07  1.216655729053216e-01 
 1.349101343407092e-07  1.216655506244322e-01 
 1.349301343407092e-07  1.216655283880291e-01 
 1.349501343407092e-07  1.216655061960234e-01 
 1.349701343407092e-07  1.216654840483265e-01 
 1.349901343407092e-07  1.216654619448500e-01 
 1.350101343407092e-07  1.216654398855055e-01 
 1.350301343407092e-07  1.216654178702049e-01 
 1.350501343407092e-07  1.216653958988603e-01 
 1.350701343407092e-07  1.216653739713839e-01 
 1.350901343407092e-07  1.216653520876882e-01 
 1.351101343407092e-07  1.216653302476856e-01 
 1.351301343407092e-07  1.216653084512891e-01 
 1.351501343407092e-07  1.216652866984115e-01 
 1.351701343407092e-07  1.216652649889659e-01 
 1.351901343407092e-07  1.216652433228656e-01 
 1.352101343407092e-07  1.216652217000241e-01 
 1.352301343407092e-07  1.216652001203550e-01 
 1.352501343407092e-07  1.216651785837721e-01 
 1.352701343407092e-07  1.216651570901894e-01 
 1.352901343407092e-07  1.216651356395210e-01 
 1.353101343407092e-07  1.216651142316812e-01 
 1.353301343407091e-07  1.216650928665846e-01 
 1.353501343407091e-07  1.216650715441458e-01 
 1.353701343407091e-07  1.216650502642795e-01 
 1.353901343407091e-07  1.216650290269009e-01 
 1.354101343407091e-07  1.216650078319251e-01 
 1.354301343407091e-07  1.216649866792674e-01 
 1.354501343407091e-07  1.216649655688433e-01 
 1.354701343407091e-07  1.216649445005685e-01 
 1.354901343407091e-07  1.216649234743589e-01 
 1.355101343407091e-07  1.216649024901304e-01 
 1.355301343407091e-07  1.216648815477993e-01 
 1.355501343407091e-07  1.216648606472819e-01 
 1.355701343407091e-07  1.216648397884946e-01 
 1.355901343407091e-07  1.216648189713542e-01 
 1.356101343407091e-07  1.216647981957776e-01 
 1.356301343407091e-07  1.216647774616817e-01 
 1.356501343407091e-07  1.216647567689837e-01 
 1.356701343407091e-07  1.216647361176010e-01 
 1.356901343407091e-07  1.216647155074511e-01 
 1.357101343407091e-07  1.216646949384517e-01 
 1.357301343407091e-07  1.216646744105204e-01 
 1.357501343407091e-07  1.216646539235755e-01 
 1.357701343407091e-07  1.216646334775351e-01 
 1.357901343407091e-07  1.216646130723174e-01 
 1.358101343407091e-07  1.216645927078410e-01 
 1.358301343407091e-07  1.216645723840246e-01 
 1.358501343407090e-07  1.216645521007869e-01 
 1.358701343407090e-07  1.216645318580470e-01 
 1.358901343407090e-07  1.216645116557239e-01 
 1.359101343407090e-07  1.216644914937370e-01 
 1.359301343407090e-07  1.216644713720057e-01 
 1.359501343407090e-07  1.216644512904497e-01 
 1.359701343407090e-07  1.216644312489887e-01 
 1.359901343407090e-07  1.216644112475428e-01 
 1.360101343407090e-07  1.216643912860319e-01 
 1.360301343407090e-07  1.216643713643765e-01 
 1.360501343407090e-07  1.216643514824969e-01 
 1.360701343407090e-07  1.216643316403136e-01 
 1.360901343407090e-07  1.216643118377475e-01 
 1.361101343407090e-07  1.216642920747194e-01 
 1.361301343407090e-07  1.216642723511503e-01 
 1.361501343407090e-07  1.216642526669616e-01 
 1.361701343407090e-07  1.216642330220745e-01 
 1.361901343407090e-07  1.216642134164106e-01 
 1.362101343407090e-07  1.216641938498915e-01 
 1.362301343407090e-07  1.216641743224392e-01 
 1.362501343407090e-07  1.216641548339756e-01 
 1.362701343407090e-07  1.216641353844229e-01 
 1.362901343407090e-07  1.216641159737034e-01 
 1.363101343407090e-07  1.216640966017395e-01 
 1.363301343407090e-07  1.216640772684540e-01 
 1.363501343407090e-07  1.216640579737695e-01 
 1.363701343407090e-07  1.216640387176089e-01 
 1.363901343407089e-07  1.216640194998954e-01 
 1.364101343407089e-07  1.216640003205522e-01 
 1.364301343407089e-07  1.216639811795027e-01 
 1.364501343407089e-07  1.216639620766704e-01 
 1.364701343407089e-07  1.216639430119791e-01 
 1.364901343407089e-07  1.216639239853525e-01 
 1.365101343407089e-07  1.216639049967147e-01 
 1.365301343407089e-07  1.216638860459898e-01 
 1.365501343407089e-07  1.216638671331021e-01 
 1.365701343407089e-07  1.216638482579761e-01 
 1.365901343407089e-07  1.216638294205363e-01 
 1.366101343407089e-07  1.216638106207076e-01 
 1.366301343407089e-07  1.216637918584148e-01 
 1.366501343407089e-07  1.216637731335831e-01 
 1.366701343407089e-07  1.216637544461375e-01 
 1.366901343407089e-07  1.216637357960036e-01 
 1.367101343407089e-07  1.216637171831067e-01 
 1.367301343407089e-07  1.216636986073725e-01 
 1.367501343407089e-07  1.216636800687269e-01 
 1.367701343407089e-07  1.216636615670957e-01 
 1.367901343407089e-07  1.216636431024051e-01 
 1.368101343407089e-07  1.216636246745812e-01 
 1.368301343407089e-07  1.216636062835505e-01 
 1.368501343407089e-07  1.216635879292396e-01 
 1.368701343407089e-07  1.216635696115752e-01 
 1.368901343407089e-07  1.216635513304839e-01 
 1.369101343407088e-07  1.216635330858929e-01 
 1.369301343407088e-07  1.216635148777292e-01 
 1.369501343407088e-07  1.216634967059201e-01 
 1.369701343407088e-07  1.216634785703930e-01 
 1.369901343407088e-07  1.216634604710756e-01 
 1.370101343407088e-07  1.216634424078954e-01 
 1.370301343407088e-07  1.216634243807804e-01 
 1.370501343407088e-07  1.216634063896585e-01 
 1.370701343407088e-07  1.216633884344579e-01 
 1.370901343407088e-07  1.216633705151069e-01 
 1.371101343407088e-07  1.216633526315338e-01 
 1.371301343407088e-07  1.216633347836672e-01 
 1.371501343407088e-07  1.216633169714359e-01 
 1.371701343407088e-07  1.216632991947686e-01 
 1.371901343407088e-07  1.216632814535944e-01 
 1.372101343407088e-07  1.216632637478425e-01 
 1.372301343407088e-07  1.216632460774421e-01 
 1.372501343407088e-07  1.216632284423226e-01 
 1.372701343407088e-07  1.216632108424136e-01 
 1.372901343407088e-07  1.216631932776447e-01 
 1.373101343407088e-07  1.216631757479459e-01 
 1.373301343407088e-07  1.216631582532471e-01 
 1.373501343407088e-07  1.216631407934783e-01 
 1.373701343407088e-07  1.216631233685699e-01 
 1.373901343407088e-07  1.216631059784523e-01 
 1.374101343407088e-07  1.216630886230560e-01 
 1.374301343407087e-07  1.216630713023116e-01 
 1.374501343407087e-07  1.216630540161500e-01 
 1.374701343407087e-07  1.216630367645022e-01 
 1.374901343407087e-07  1.216630195472992e-01 
 1.375101343407087e-07  1.216630023644723e-01 
 1.375301343407087e-07  1.216629852159528e-01 
 1.375501343407087e-07  1.216629681016723e-01 
 1.375701343407087e-07  1.216629510215622e-01 
 1.375901343407087e-07  1.216629339755545e-01 
 1.376101343407087e-07  1.216629169635811e-01 
 1.376301343407087e-07  1.216628999855740e-01 
 1.376501343407087e-07  1.216628830414653e-01 
 1.376701343407087e-07  1.216628661311874e-01 
 1.376901343407087e-07  1.216628492546728e-01 
 1.377101343407087e-07  1.216628324118539e-01 
 1.377301343407087e-07  1.216628156026637e-01 
 1.377501343407087e-07  1.216627988270348e-01 
 1.377701343407087e-07  1.216627820849003e-01 
 1.377901343407087e-07  1.216627653761934e-01 
 1.378101343407087e-07  1.216627487008472e-01 
 1.378301343407087e-07  1.216627320587952e-01 
 1.378501343407087e-07  1.216627154499710e-01 
 1.378701343407087e-07  1.216626988743081e-01 
 1.378901343407087e-07  1.216626823317403e-01 
 1.379101343407087e-07  1.216626658222016e-01 
 1.379301343407087e-07  1.216626493456261e-01 
 1.379501343407087e-07  1.216626329019478e-01 
 1.379701343407086e-07  1.216626164911011e-01 
 1.379901343407086e-07  1.216626001130205e-01 
 1.380101343407086e-07  1.216625837676407e-01 
 1.380301343407086e-07  1.216625674548961e-01 
 1.380501343407086e-07  1.216625511747218e-01 
 1.380701343407086e-07  1.216625349270527e-01 
 1.380901343407086e-07  1.216625187118238e-01 
 1.381101343407086e-07  1.216625025289705e-01 
 1.381301343407086e-07  1.216624863784280e-01 
 1.381501343407086e-07  1.216624702601318e-01 
 1.381701343407086e-07  1.216624541740176e-01 
 1.381901343407086e-07  1.216624381200211e-01 
 1.382101343407086e-07  1.216624220980783e-01 
 1.382301343407086e-07  1.216624061081250e-01 
 1.382501343407086e-07  1.216623901500974e-01 
 1.382701343407086e-07  1.216623742239318e-01 
 1.382901343407086e-07  1.216623583295645e-01 
 1.383101343407086e-07  1.216623424669321e-01 
 1.383301343407086e-07  1.216623266359712e-01 
 1.383501343407086e-07  1.216623108366186e-01 
 1.383701343407086e-07  1.216622950688111e-01 
 1.383901343407086e-07  1.216622793324859e-01 
 1.384101343407086e-07  1.216622636275799e-01 
 1.384301343407086e-07  1.216622479540304e-01 
 1.384501343407086e-07  1.216622323117750e-01 
 1.384701343407086e-07  1.216622167007511e-01 
 1.384901343407085e-07  1.216622011208963e-01 
 1.385101343407085e-07  1.216621855721485e-01 
 1.385301343407085e-07  1.216621700544454e-01 
 1.385501343407085e-07  1.216621545677252e-01 
 1.385701343407085e-07  1.216621391119259e-01 
 1.385901343407085e-07  1.216621236869858e-01 
 1.386101343407085e-07  1.216621082928433e-01 
 1.386301343407085e-07  1.216620929294369e-01 
 1.386501343407085e-07  1.216620775967053e-01 
 1.386701343407085e-07  1.216620622945871e-01 
 1.386901343407085e-07  1.216620470230214e-01 
 1.387101343407085e-07  1.216620317819470e-01 
 1.387301343407085e-07  1.216620165713031e-01 
 1.387501343407085e-07  1.216620013910290e-01 
 1.387701343407085e-07  1.216619862410639e-01 
 1.387901343407085e-07  1.216619711213475e-01 
 1.388101343407085e-07  1.216619560318192e-01 
 1.388301343407085e-07  1.216619409724189e-01 
 1.388501343407085e-07  1.216619259430863e-01 
 1.388701343407085e-07  1.216619109437615e-01 
 1.388901343407085e-07  1.216618959743845e-01 
 1.389101343407085e-07  1.216618810348955e-01 
 1.389301343407085e-07  1.216618661252349e-01 
 1.389501343407085e-07  1.216618512453430e-01 
 1.389701343407085e-07  1.216618363951605e-01 
 1.389901343407085e-07  1.216618215746280e-01 
 1.390101343407084e-07  1.216618067836864e-01 
 1.390301343407084e-07  1.216617920222765e-01 
 1.390501343407084e-07  1.216617772903394e-01 
 1.390701343407084e-07  1.216617625878163e-01 
 1.390901343407084e-07  1.216617479146483e-01 
 1.391101343407084e-07  1.216617332707771e-01 
 1.391301343407084e-07  1.216617186561439e-01 
 1.391501343407084e-07  1.216617040706904e-01 
 1.391701343407084e-07  1.216616895143584e-01 
 1.391901343407084e-07  1.216616749870898e-01 
 1.392101343407084e-07  1.216616604888264e-01 
 1.392301343407084e-07  1.216616460195104e-01 
 1.392501343407084e-07  1.216616315790841e-01 
 1.392701343407084e-07  1.216616171674897e-01 
 1.392901343407084e-07  1.216616027846696e-01 
 1.393101343407084e-07  1.216615884305664e-01 
 1.393301343407084e-07  1.216615741051227e-01 
 1.393501343407084e-07  1.216615598082814e-01 
 1.393701343407084e-07  1.216615455399853e-01 
 1.393901343407084e-07  1.216615313001774e-01 
 1.394101343407084e-07  1.216615170888009e-01 
 1.394301343407084e-07  1.216615029057990e-01 
 1.394501343407084e-07  1.216614887511150e-01 
 1.394701343407084e-07  1.216614746246924e-01 
 1.394901343407084e-07  1.216614605264748e-01 
 1.395101343407084e-07  1.216614464564058e-01 
 1.395301343407084e-07  1.216614324144293e-01 
 1.395501343407083e-07  1.216614184004891e-01 
 1.395701343407083e-07  1.216614044145293e-01 
 1.395901343407083e-07  1.216613904564941e-01 
 1.396101343407083e-07  1.216613765263276e-01 
 1.396301343407083e-07  1.216613626239742e-01 
 1.396501343407083e-07  1.216613487493784e-01 
 1.396701343407083e-07  1.216613349024848e-01 
 1.396901343407083e-07  1.216613210832380e-01 
 1.397101343407083e-07  1.216613072915830e-01 
 1.397301343407083e-07  1.216612935274645e-01 
 1.397501343407083e-07  1.216612797908276e-01 
 1.397701343407083e-07  1.216612660816174e-01 
 1.397901343407083e-07  1.216612523997792e-01 
 1.398101343407083e-07  1.216612387452583e-01 
 1.398301343407083e-07  1.216612251180001e-01 
 1.398501343407083e-07  1.216612115179503e-01 
 1.398701343407083e-07  1.216611979450545e-01 
 1.398901343407083e-07  1.216611843992585e-01 
 1.399101343407083e-07  1.216611708805082e-01 
 1.399301343407083e-07  1.216611573887495e-01 
 1.399501343407083e-07  1.216611439239287e-01 
 1.399701343407083e-07  1.216611304859918e-01 
 1.399901343407083e-07  1.216611170748852e-01 
 1.400101343407083e-07  1.216611036905555e-01 
 1.400301343407083e-07  1.216610903329490e-01 
 1.400501343407083e-07  1.216610770020125e-01 
 1.400701343407082e-07  1.216610636976927e-01 
 1.400901343407082e-07  1.216610504199364e-01 
 1.401101343407082e-07  1.216610371686906e-01 
 1.401301343407082e-07  1.216610239439024e-01 
 1.401501343407082e-07  1.216610107455189e-01 
 1.401701343407082e-07  1.216609975734875e-01 
 1.401901343407082e-07  1.216609844277555e-01 
 1.402101343407082e-07  1.216609713082704e-01 
 1.402301343407082e-07  1.216609582149798e-01 
 1.402501343407082e-07  1.216609451478315e-01 
 1.402701343407082e-07  1.216609321067731e-01 
 1.402901343407082e-07  1.216609190917527e-01 
 1.403101343407082e-07  1.216609061027182e-01 
 1.403301343407082e-07  1.216608931396177e-01 
 1.403501343407082e-07  1.216608802023996e-01 
 1.403701343407082e-07  1.216608672910119e-01 
 1.403901343407082e-07  1.216608544054033e-01 
 1.404101343407082e-07  1.216608415455223e-01 
 1.404301343407082e-07  1.216608287113175e-01 
 1.404501343407082e-07  1.216608159027376e-01 
 1.404701343407082e-07  1.216608031197314e-01 
 1.404901343407082e-07  1.216607903622479e-01 
 1.405101343407082e-07  1.216607776302361e-01 
 1.405301343407082e-07  1.216607649236452e-01 
 1.405501343407082e-07  1.216607522424244e-01 
 1.405701343407082e-07  1.216607395865231e-01 
 1.405901343407082e-07  1.216607269558907e-01 
 1.406101343407081e-07  1.216607143504768e-01 
 1.406301343407081e-07  1.216607017702310e-01 
 1.406501343407081e-07  1.216606892151031e-01 
 1.406701343407081e-07  1.216606766850428e-01 
 1.406901343407081e-07  1.216606641800002e-01 
 1.407101343407081e-07  1.216606516999253e-01 
 1.407301343407081e-07  1.216606392447683e-01 
 1.407501343407081e-07  1.216606268144794e-01 
 1.407701343407081e-07  1.216606144090089e-01 
 1.407901343407081e-07  1.216606020283072e-01 
 1.408101343407081e-07  1.216605896723251e-01 
 1.408301343407081e-07  1.216605773410130e-01 
 1.408501343407081e-07  1.216605650343218e-01 
 1.408701343407081e-07  1.216605527522023e-01 
 1.408901343407081e-07  1.216605404946054e-01 
 1.409101343407081e-07  1.216605282614821e-01 
 1.409301343407081e-07  1.216605160527836e-01 
 1.409501343407081e-07  1.216605038684612e-01 
 1.409701343407081e-07  1.216604917084660e-01 
 1.409901343407081e-07  1.216604795727497e-01 
 1.410101343407081e-07  1.216604674612636e-01 
 1.410301343407081e-07  1.216604553739594e-01 
 1.410501343407081e-07  1.216604433107889e-01 
 1.410701343407081e-07  1.216604312717039e-01 
 1.410901343407081e-07  1.216604192566562e-01 
 1.411101343407081e-07  1.216604072655980e-01 
 1.411301343407080e-07  1.216603952984811e-01 
 1.411501343407080e-07  1.216603833552580e-01 
 1.411701343407080e-07  1.216603714358808e-01 
 1.411901343407080e-07  1.216603595403020e-01 
 1.412101343407080e-07  1.216603476684741e-01 
 1.412301343407080e-07  1.216603358203495e-01 
 1.412501343407080e-07  1.216603239958810e-01 
 1.412701343407080e-07  1.216603121950214e-01 
 1.412901343407080e-07  1.216603004177236e-01 
 1.413101343407080e-07  1.216602886639404e-01 
 1.413301343407080e-07  1.216602769336250e-01 
 1.413501343407080e-07  1.216602652267304e-01 
 1.413701343407080e-07  1.216602535432099e-01 
 1.413901343407080e-07  1.216602418830169e-01 
 1.414101343407080e-07  1.216602302461047e-01 
 1.414301343407080e-07  1.216602186324270e-01 
 1.414501343407080e-07  1.216602070419372e-01 
 1.414701343407080e-07  1.216601954745891e-01 
 1.414901343407080e-07  1.216601839303365e-01 
 1.415101343407080e-07  1.216601724091333e-01 
 1.415301343407080e-07  1.216601609109334e-01 
 1.415501343407080e-07  1.216601494356910e-01 
 1.415701343407080e-07  1.216601379833602e-01 
 1.415901343407080e-07  1.216601265538952e-01 
 1.416101343407080e-07  1.216601151472504e-01 
 1.416301343407080e-07  1.216601037633803e-01 
 1.416501343407079e-07  1.216600924022394e-01 
 1.416701343407079e-07  1.216600810637822e-01 
 1.416901343407079e-07  1.216600697479635e-01 
 1.417101343407079e-07  1.216600584547380e-01 
 1.417301343407079e-07  1.216600471840608e-01 
 1.417501343407079e-07  1.216600359358867e-01 
 1.417701343407079e-07  1.216600247101709e-01 
 1.417901343407079e-07  1.216600135068684e-01 
 1.418101343407079e-07  1.216600023259346e-01 
 1.418301343407079e-07  1.216599911673247e-01 
 1.418501343407079e-07  1.216599800309943e-01 
 1.418701343407079e-07  1.216599689168988e-01 
 1.418901343407079e-07  1.216599578249938e-01 
 1.419101343407079e-07  1.216599467552349e-01 
 1.419301343407079e-07  1.216599357075781e-01 
 1.419501343407079e-07  1.216599246819792e-01 
 1.419701343407079e-07  1.216599136783941e-01 
 1.419901343407079e-07  1.216599026967789e-01 
 1.420101343407079e-07  1.216598917370897e-01 
 1.420301343407079e-07  1.216598807992828e-01 
 1.420501343407079e-07  1.216598698833144e-01 
 1.420701343407079e-07  1.216598589891409e-01 
 1.420901343407079e-07  1.216598481167188e-01 
 1.421101343407079e-07  1.216598372660048e-01 
 1.421301343407079e-07  1.216598264369554e-01 
 1.421501343407079e-07  1.216598156295274e-01 
 1.421701343407079e-07  1.216598048436776e-01 
 1.421901343407078e-07  1.216597940793630e-01 
 1.422101343407078e-07  1.216597833365405e-01 
 1.422301343407078e-07  1.216597726151672e-01 
 1.422501343407078e-07  1.216597619152003e-01 
 1.422701343407078e-07  1.216597512365972e-01 
 1.422901343407078e-07  1.216597405793150e-01 
 1.423101343407078e-07  1.216597299433113e-01 
 1.423301343407078e-07  1.216597193285436e-01 
 1.423501343407078e-07  1.216597087349694e-01 
 1.423701343407078e-07  1.216596981625464e-01 
 1.423901343407078e-07  1.216596876112325e-01 
 1.424101343407078e-07  1.216596770809854e-01 
 1.424301343407078e-07  1.216596665717632e-01 
 1.424501343407078e-07  1.216596560835237e-01 
 1.424701343407078e-07  1.216596456162252e-01 
 1.424901343407078e-07  1.216596351698258e-01 
 1.425101343407078e-07  1.216596247442839e-01 
 1.425301343407078e-07  1.216596143395576e-01 
 1.425501343407078e-07  1.216596039556056e-01 
 1.425701343407078e-07  1.216595935923862e-01 
 1.425901343407078e-07  1.216595832498582e-01 
 1.426101343407078e-07  1.216595729279802e-01 
 1.426301343407078e-07  1.216595626267110e-01 
 1.426501343407078e-07  1.216595523460094e-01 
 1.426701343407078e-07  1.216595420858344e-01 
 1.426901343407078e-07  1.216595318461450e-01 
 1.427101343407077e-07  1.216595216269003e-01 
 1.427301343407077e-07  1.216595114280594e-01 
 1.427501343407077e-07  1.216595012495816e-01 
 1.427701343407077e-07  1.216594910914263e-01 
 1.427901343407077e-07  1.216594809535528e-01 
 1.428101343407077e-07  1.216594708359208e-01 
 1.428301343407077e-07  1.216594607384897e-01 
 1.428501343407077e-07  1.216594506612193e-01 
 1.428701343407077e-07  1.216594406040692e-01 
 1.428901343407077e-07  1.216594305669994e-01 
 1.429101343407077e-07  1.216594205499697e-01 
 1.429301343407077e-07  1.216594105529401e-01 
 1.429501343407077e-07  1.216594005758706e-01 
 1.429701343407077e-07  1.216593906187216e-01 
 1.429901343407077e-07  1.216593806814530e-01 
 1.430101343407077e-07  1.216593707640253e-01 
 1.430301343407077e-07  1.216593608663989e-01 
 1.430501343407077e-07  1.216593509885342e-01 
 1.430701343407077e-07  1.216593411303917e-01 
 1.430901343407077e-07  1.216593312919321e-01 
 1.431101343407077e-07  1.216593214731160e-01 
 1.431301343407077e-07  1.216593116739044e-01 
 1.431501343407077e-07  1.216593018942579e-01 
 1.431701343407077e-07  1.216592921341376e-01 
 1.431901343407077e-07  1.216592823935045e-01 
 1.432101343407077e-07  1.216592726723196e-01 
 1.432301343407076e-07  1.216592629705441e-01 
 1.432501343407076e-07  1.216592532881392e-01 
 1.432701343407076e-07  1.216592436250664e-01 
 1.432901343407076e-07  1.216592339812869e-01 
 1.433101343407076e-07  1.216592243567624e-01 
 1.433301343407076e-07  1.216592147514542e-01 
 1.433501343407076e-07  1.216592051653241e-01 
 1.433701343407076e-07  1.216591955983338e-01 
 1.433901343407076e-07  1.216591860504451e-01 
 1.434101343407076e-07  1.216591765216198e-01 
 1.434301343407076e-07  1.216591670118198e-01 
 1.434501343407076e-07  1.216591575210072e-01 
 1.434701343407076e-07  1.216591480491441e-01 
 1.434901343407076e-07  1.216591385961926e-01 
 1.435101343407076e-07  1.216591291621150e-01 
 1.435301343407076e-07  1.216591197468735e-01 
 1.435501343407076e-07  1.216591103504306e-01 
 1.435701343407076e-07  1.216591009727488e-01 
 1.435901343407076e-07  1.216590916137905e-01 
 1.436101343407076e-07  1.216590822735185e-01 
 1.436301343407076e-07  1.216590729518953e-01 
 1.436501343407076e-07  1.216590636488837e-01 
 1.436701343407076e-07  1.216590543644467e-01 
 1.436901343407076e-07  1.216590450985471e-01 
 1.437101343407076e-07  1.216590358511479e-01 
 1.437301343407076e-07  1.216590266222121e-01 
 1.437501343407076e-07  1.216590174117029e-01 
 1.437701343407075e-07  1.216590082195835e-01 
 1.437901343407075e-07  1.216589990458172e-01 
 1.438101343407075e-07  1.216589898903673e-01 
 1.438301343407075e-07  1.216589807531973e-01 
 1.438501343407075e-07  1.216589716342707e-01 
 1.438701343407075e-07  1.216589625335510e-01 
 1.438901343407075e-07  1.216589534510020e-01 
 1.439101343407075e-07  1.216589443865872e-01 
 1.439301343407075e-07  1.216589353402706e-01 
 1.439501343407075e-07  1.216589263120159e-01 
 1.439701343407075e-07  1.216589173017872e-01 
 1.439901343407075e-07  1.216589083095484e-01 
 1.440101343407075e-07  1.216588993352636e-01 
 1.440301343407075e-07  1.216588903788969e-01 
 1.440501343407075e-07  1.216588814404126e-01 
 1.440701343407075e-07  1.216588725197750e-01 
 1.440901343407075e-07  1.216588636169485e-01 
 1.441101343407075e-07  1.216588547318974e-01 
 1.441301343407075e-07  1.216588458645863e-01 
 1.441501343407075e-07  1.216588370149798e-01 
 1.441701343407075e-07  1.216588281830426e-01 
 1.441901343407075e-07  1.216588193687392e-01 
 1.442101343407075e-07  1.216588105720346e-01 
 1.442301343407075e-07  1.216588017928935e-01 
 1.442501343407075e-07  1.216587930312810e-01 
 1.442701343407075e-07  1.216587842871621e-01 
 1.442901343407074e-07  1.216587755605018e-01 
 1.443101343407074e-07  1.216587668512652e-01 
 1.443301343407074e-07  1.216587581594176e-01 
 1.443501343407074e-07  1.216587494849242e-01 
 1.443701343407074e-07  1.216587408277504e-01 
 1.443901343407074e-07  1.216587321878616e-01 
 1.444101343407074e-07  1.216587235652233e-01 
 1.444301343407074e-07  1.216587149598010e-01 
 1.444501343407074e-07  1.216587063715604e-01 
 1.444701343407074e-07  1.216586978004671e-01 
 1.444901343407074e-07  1.216586892464870e-01 
 1.445101343407074e-07  1.216586807095859e-01 
 1.445301343407074e-07  1.216586721897296e-01 
 1.445501343407074e-07  1.216586636868843e-01 
 1.445701343407074e-07  1.216586552010158e-01 
 1.445901343407074e-07  1.216586467320903e-01 
 1.446101343407074e-07  1.216586382800739e-01 
 1.446301343407074e-07  1.216586298449329e-01 
 1.446501343407074e-07  1.216586214266335e-01 
 1.446701343407074e-07  1.216586130251423e-01 
 1.446901343407074e-07  1.216586046404255e-01 
 1.447101343407074e-07  1.216585962724498e-01 
 1.447301343407074e-07  1.216585879211816e-01 
 1.447501343407074e-07  1.216585795865877e-01 
 1.447701343407074e-07  1.216585712686347e-01 
 1.447901343407074e-07  1.216585629672895e-01 
 1.448101343407074e-07  1.216585546825188e-01 
 1.448301343407073e-07  1.216585464142896e-01 
 1.448501343407073e-07  1.216585381625688e-01 
 1.448701343407073e-07  1.216585299273235e-01 
 1.448901343407073e-07  1.216585217085208e-01 
 1.449101343407073e-07  1.216585135061278e-01 
 1.449301343407073e-07  1.216585053201118e-01 
 1.449501343407073e-07  1.216584971504401e-01 
 1.449701343407073e-07  1.216584889970801e-01 
 1.449901343407073e-07  1.216584808599992e-01 
 1.450101343407073e-07  1.216584727391648e-01 
 1.450301343407073e-07  1.216584646345446e-01 
 1.450501343407073e-07  1.216584565461062e-01 
 1.450701343407073e-07  1.216584484738172e-01 
 1.450901343407073e-07  1.216584404176454e-01 
 1.451101343407073e-07  1.216584323775586e-01 
 1.451301343407073e-07  1.216584243535248e-01 
 1.451501343407073e-07  1.216584163455119e-01 
 1.451701343407073e-07  1.216584083534878e-01 
 1.451901343407073e-07  1.216584003774207e-01 
 1.452101343407073e-07  1.216583924172787e-01 
 1.452301343407073e-07  1.216583844730300e-01 
 1.452501343407073e-07  1.216583765446428e-01 
 1.452701343407073e-07  1.216583686320857e-01 
 1.452901343407073e-07  1.216583607353267e-01 
 1.453101343407073e-07  1.216583528543346e-01 
 1.453301343407073e-07  1.216583449890777e-01 
 1.453501343407072e-07  1.216583371395247e-01 
 1.453701343407072e-07  1.216583293056441e-01 
 1.453901343407072e-07  1.216583214874048e-01 
 1.454101343407072e-07  1.216583136847755e-01 
 1.454301343407072e-07  1.216583058977250e-01 
 1.454501343407072e-07  1.216582981262222e-01 
 1.454701343407072e-07  1.216582903702361e-01 
 1.454901343407072e-07  1.216582826297357e-01 
 1.455101343407072e-07  1.216582749046900e-01 
 1.455301343407072e-07  1.216582671950683e-01 
 1.455501343407072e-07  1.216582595008397e-01 
 1.455701343407072e-07  1.216582518219734e-01 
 1.455901343407072e-07  1.216582441584389e-01 
 1.456101343407072e-07  1.216582365102055e-01 
 1.456301343407072e-07  1.216582288772426e-01 
 1.456501343407072e-07  1.216582212595197e-01 
 1.456701343407072e-07  1.216582136570065e-01 
 1.456901343407072e-07  1.216582060696726e-01 
 1.457101343407072e-07  1.216581984974876e-01 
 1.457301343407072e-07  1.216581909404213e-01 
 1.457501343407072e-07  1.216581833984436e-01 
 1.457701343407072e-07  1.216581758715242e-01 
 1.457901343407072e-07  1.216581683596331e-01 
 1.458101343407072e-07  1.216581608627404e-01 
 1.458301343407072e-07  1.216581533808160e-01 
 1.458501343407072e-07  1.216581459138302e-01 
 1.458701343407071e-07  1.216581384617530e-01 
 1.458901343407071e-07  1.216581310245547e-01 
 1.459101343407071e-07  1.216581236022055e-01 
 1.459301343407071e-07  1.216581161946760e-01 
 1.459501343407071e-07  1.216581088019364e-01 
 1.459701343407071e-07  1.216581014239572e-01 
 1.459901343407071e-07  1.216580940607090e-01 
 1.460101343407071e-07  1.216580867121623e-01 
 1.460301343407071e-07  1.216580793782879e-01 
 1.460501343407071e-07  1.216580720590563e-01 
 1.460701343407071e-07  1.216580647544384e-01 
 1.460901343407071e-07  1.216580574644049e-01 
 1.461101343407071e-07  1.216580501889268e-01 
 1.461301343407071e-07  1.216580429279750e-01 
 1.461501343407071e-07  1.216580356815204e-01 
 1.461701343407071e-07  1.216580284495342e-01 
 1.461901343407071e-07  1.216580212319875e-01 
 1.462101343407071e-07  1.216580140288514e-01 
 1.462301343407071e-07  1.216580068400971e-01 
 1.462501343407071e-07  1.216579996656960e-01 
 1.462701343407071e-07  1.216579925056194e-01 
 1.462901343407071e-07  1.216579853598387e-01 
 1.463101343407071e-07  1.216579782283254e-01 
 1.463301343407071e-07  1.216579711110509e-01 
 1.463501343407071e-07  1.216579640079868e-01 
 1.463701343407071e-07  1.216579569191048e-01 
 1.463901343407071e-07  1.216579498443765e-01 
 1.464101343407070e-07  1.216579427837737e-01 
 1.464301343407070e-07  1.216579357372682e-01 
 1.464501343407070e-07  1.216579287048319e-01 
 1.464701343407070e-07  1.216579216864365e-01 
 1.464901343407070e-07  1.216579146820542e-01 
 1.465101343407070e-07  1.216579076916569e-01 
 1.465301343407070e-07  1.216579007152166e-01 
 1.465501343407070e-07  1.216578937527056e-01 
 1.465701343407070e-07  1.216578868040961e-01 
 1.465901343407070e-07  1.216578798693602e-01 
 1.466101343407070e-07  1.216578729484702e-01 
 1.466301343407070e-07  1.216578660413987e-01 
 1.466501343407070e-07  1.216578591481178e-01 
 1.466701343407070e-07  1.216578522686001e-01 
 1.466901343407070e-07  1.216578454028182e-01 
 1.467101343407070e-07  1.216578385507445e-01 
 1.467301343407070e-07  1.216578317123519e-01 
 1.467501343407070e-07  1.216578248876128e-01 
 1.467701343407070e-07  1.216578180765000e-01 
 1.467901343407070e-07  1.216578112789864e-01 
 1.468101343407070e-07  1.216578044950448e-01 
 1.468301343407070e-07  1.216577977246480e-01 
 1.468501343407070e-07  1.216577909677691e-01 
 1.468701343407070e-07  1.216577842243811e-01 
 1.468901343407070e-07  1.216577774944570e-01 
 1.469101343407070e-07  1.216577707779699e-01 
 1.469301343407069e-07  1.216577640748930e-01 
 1.469501343407069e-07  1.216577573851995e-01 
 1.469701343407069e-07  1.216577507088628e-01 
 1.469901343407069e-07  1.216577440458561e-01 
 1.470101343407069e-07  1.216577373961529e-01 
 1.470301343407069e-07  1.216577307597266e-01 
 1.470501343407069e-07  1.216577241365506e-01 
 1.470701343407069e-07  1.216577175265985e-01 
 1.470901343407069e-07  1.216577109298439e-01 
 1.471101343407069e-07  1.216577043462605e-01 
 1.471301343407069e-07  1.216576977758219e-01 
 1.471501343407069e-07  1.216576912185019e-01 
 1.471701343407069e-07  1.216576846742743e-01 
 1.471901343407069e-07  1.216576781431130e-01 
 1.472101343407069e-07  1.216576716249919e-01 
 1.472301343407069e-07  1.216576651198850e-01 
 1.472501343407069e-07  1.216576586277662e-01 
 1.472701343407069e-07  1.216576521486097e-01 
 1.472901343407069e-07  1.216576456823896e-01 
 1.473101343407069e-07  1.216576392290799e-01 
 1.473301343407069e-07  1.216576327886550e-01 
 1.473501343407069e-07  1.216576263610892e-01 
 1.473701343407069e-07  1.216576199463566e-01 
 1.473901343407069e-07  1.216576135444318e-01 
 1.474101343407069e-07  1.216576071552892e-01 
 1.474301343407069e-07  1.216576007789032e-01 
 1.474501343407068e-07  1.216575944152484e-01 
 1.474701343407068e-07  1.216575880642993e-01 
 1.474901343407068e-07  1.216575817260305e-01 
 1.475101343407068e-07  1.216575754004169e-01 
 1.475301343407068e-07  1.216575690874330e-01 
 1.475501343407068e-07  1.216575627870537e-01 
 1.475701343407068e-07  1.216575564992538e-01 
 1.475901343407068e-07  1.216575502240082e-01 
 1.476101343407068e-07  1.216575439612918e-01 
 1.476301343407068e-07  1.216575377110796e-01 
 1.476501343407068e-07  1.216575314733467e-01 
 1.476701343407068e-07  1.216575252480681e-01 
 1.476901343407068e-07  1.216575190352190e-01 
 1.477101343407068e-07  1.216575128347745e-01 
 1.477301343407068e-07  1.216575066467099e-01 
 1.477501343407068e-07  1.216575004710004e-01 
 1.477701343407068e-07  1.216574943076214e-01 
 1.477901343407068e-07  1.216574881565482e-01 
 1.478101343407068e-07  1.216574820177563e-01 
 1.478301343407068e-07  1.216574758912213e-01 
 1.478501343407068e-07  1.216574697769185e-01 
 1.478701343407068e-07  1.216574636748236e-01 
 1.478901343407068e-07  1.216574575849122e-01 
 1.479101343407068e-07  1.216574515071600e-01 
 1.479301343407068e-07  1.216574454415428e-01 
 1.479501343407068e-07  1.216574393880362e-01 
 1.479701343407068e-07  1.216574333466161e-01 
 1.479901343407067e-07  1.216574273172584e-01 
 1.480101343407067e-07  1.216574212999390e-01 
 1.480301343407067e-07  1.216574152946338e-01 
 1.480501343407067e-07  1.216574093013188e-01 
 1.480701343407067e-07  1.216574033199702e-01 
 1.480901343407067e-07  1.216573973505640e-01 
 1.481101343407067e-07  1.216573913930764e-01 
 1.481301343407067e-07  1.216573854474836e-01 
 1.481501343407067e-07  1.216573795137618e-01 
 1.481701343407067e-07  1.216573735918874e-01 
 1.481901343407067e-07  1.216573676818366e-01 
 1.482101343407067e-07  1.216573617835859e-01 
 1.482301343407067e-07  1.216573558971117e-01 
 1.482501343407067e-07  1.216573500223905e-01 
 1.482701343407067e-07  1.216573441593988e-01 
 1.482901343407067e-07  1.216573383081132e-01 
 1.483101343407067e-07  1.216573324685104e-01 
 1.483301343407067e-07  1.216573266405669e-01 
 1.483501343407067e-07  1.216573208242597e-01 
 1.483701343407067e-07  1.216573150195653e-01 
 1.483901343407067e-07  1.216573092264606e-01 
 1.484101343407067e-07  1.216573034449226e-01 
 1.484301343407067e-07  1.216572976749280e-01 
 1.484501343407067e-07  1.216572919164538e-01 
 1.484701343407067e-07  1.216572861694771e-01 
 1.484901343407067e-07  1.216572804339748e-01 
 1.485101343407066e-07  1.216572747099242e-01 
 1.485301343407066e-07  1.216572689973022e-01 
 1.485501343407066e-07  1.216572632960861e-01 
 1.485701343407066e-07  1.216572576062532e-01 
 1.485901343407066e-07  1.216572519277806e-01 
 1.486101343407066e-07  1.216572462606457e-01 
 1.486301343407066e-07  1.216572406048259e-01 
 1.486501343407066e-07  1.216572349602985e-01 
 1.486701343407066e-07  1.216572293270410e-01 
 1.486901343407066e-07  1.216572237050310e-01 
 1.487101343407066e-07  1.216572180942459e-01 
 1.487301343407066e-07  1.216572124946633e-01 
 1.487501343407066e-07  1.216572069062610e-01 
 1.487701343407066e-07  1.216572013290165e-01 
 1.487901343407066e-07  1.216571957629076e-01 
 1.488101343407066e-07  1.216571902079120e-01 
 1.488301343407066e-07  1.216571846640077e-01 
 1.488501343407066e-07  1.216571791311724e-01 
 1.488701343407066e-07  1.216571736093840e-01 
 1.488901343407066e-07  1.216571680986204e-01 
 1.489101343407066e-07  1.216571625988597e-01 
 1.489301343407066e-07  1.216571571100799e-01 
 1.489501343407066e-07  1.216571516322590e-01 
 1.489701343407066e-07  1.216571461653752e-01 
 1.489901343407066e-07  1.216571407094066e-01 
 1.490101343407066e-07  1.216571352643315e-01 
 1.490301343407066e-07  1.216571298301281e-01 
 1.490501343407065e-07  1.216571244067747e-01 
 1.490701343407065e-07  1.216571189942496e-01 
 1.490901343407065e-07  1.216571135925312e-01 
 1.491101343407065e-07  1.216571082015979e-01 
 1.491301343407065e-07  1.216571028214283e-01 
 1.491501343407065e-07  1.216570974520008e-01 
 1.491701343407065e-07  1.216570920932939e-01 
 1.491901343407065e-07  1.216570867452863e-01 
 1.492101343407065e-07  1.216570814079565e-01 
 1.492301343407065e-07  1.216570760812834e-01 
 1.492501343407065e-07  1.216570707652456e-01 
 1.492701343407065e-07  1.216570654598218e-01 
 1.492901343407065e-07  1.216570601649909e-01 
 1.493101343407065e-07  1.216570548807316e-01 
 1.493301343407065e-07  1.216570496070230e-01 
 1.493501343407065e-07  1.216570443438440e-01 
 1.493701343407065e-07  1.216570390911734e-01 
 1.493901343407065e-07  1.216570338489904e-01 
 1.494101343407065e-07  1.216570286172741e-01 
 1.494301343407065e-07  1.216570233960033e-01 
 1.494501343407065e-07  1.216570181851575e-01 
 1.494701343407065e-07  1.216570129847157e-01 
 1.494901343407065e-07  1.216570077946571e-01 
 1.495101343407065e-07  1.216570026149611e-01 
 1.495301343407065e-07  1.216569974456069e-01 
 1.495501343407065e-07  1.216569922865739e-01 
 1.495701343407064e-07  1.216569871378415e-01 
 1.495901343407064e-07  1.216569819993890e-01 
 1.496101343407064e-07  1.216569768711961e-01 
 1.496301343407064e-07  1.216569717532422e-01 
 1.496501343407064e-07  1.216569666455068e-01 
 1.496701343407064e-07  1.216569615479697e-01 
 1.496901343407064e-07  1.216569564606103e-01 
 1.497101343407064e-07  1.216569513834084e-01 
 1.497301343407064e-07  1.216569463163436e-01 
 1.497501343407064e-07  1.216569412593959e-01 
 1.497701343407064e-07  1.216569362125449e-01 
 1.497901343407064e-07  1.216569311757704e-01 
 1.498101343407064e-07  1.216569261490525e-01 
 1.498301343407064e-07  1.216569211323709e-01 
 1.498501343407064e-07  1.216569161257057e-01 
 1.498701343407064e-07  1.216569111290369e-01 
 1.498901343407064e-07  1.216569061423445e-01 
 1.499101343407064e-07  1.216569011656085e-01 
 1.499301343407064e-07  1.216568961988092e-01 
 1.499501343407064e-07  1.216568912419267e-01 
 1.499701343407064e-07  1.216568862949411e-01 
 1.499901343407064e-07  1.216568813578327e-01 
 1.500101343407064e-07  1.216568764305818e-01 
 1.500301343407064e-07  1.216568715131687e-01 
 1.500501343407064e-07  1.216568666055738e-01 
 1.500701343407064e-07  1.216568617077775e-01 
 1.500901343407063e-07  1.216568568197601e-01 
 1.501101343407063e-07  1.216568519415023e-01 
 1.501301343407063e-07  1.216568470729844e-01 
 1.501501343407063e-07  1.216568422141869e-01 
 1.501701343407063e-07  1.216568373650907e-01 
 1.501901343407063e-07  1.216568325256762e-01 
 1.502101343407063e-07  1.216568276959241e-01 
 1.502301343407063e-07  1.216568228758152e-01 
 1.502501343407063e-07  1.216568180653301e-01 
 1.502701343407063e-07  1.216568132644497e-01 
 1.502901343407063e-07  1.216568084731548e-01 
 1.503101343407063e-07  1.216568036914262e-01 
 1.503301343407063e-07  1.216567989192449e-01 
 1.503501343407063e-07  1.216567941565918e-01 
 1.503701343407063e-07  1.216567894034478e-01 
 1.503901343407063e-07  1.216567846597940e-01 
 1.504101343407063e-07  1.216567799256115e-01 
 1.504301343407063e-07  1.216567752008812e-01 
 1.504501343407063e-07  1.216567704855844e-01 
 1.504701343407063e-07  1.216567657797022e-01 
 1.504901343407063e-07  1.216567610832159e-01 
 1.505101343407063e-07  1.216567563961066e-01 
 1.505301343407063e-07  1.216567517183556e-01 
 1.505501343407063e-07  1.216567470499443e-01 
 1.505701343407063e-07  1.216567423908541e-01 
 1.505901343407063e-07  1.216567377410662e-01 
 1.506101343407063e-07  1.216567331005620e-01 
 1.506301343407062e-07  1.216567284693232e-01 
 1.506501343407062e-07  1.216567238473311e-01 
 1.506701343407062e-07  1.216567192345674e-01 
 1.506901343407062e-07  1.216567146310136e-01 
 1.507101343407062e-07  1.216567100366513e-01 
 1.507301343407062e-07  1.216567054514621e-01 
 1.507501343407062e-07  1.216567008754277e-01 
 1.507701343407062e-07  1.216566963085300e-01 
 1.507901343407062e-07  1.216566917507506e-01 
 1.508101343407062e-07  1.216566872020713e-01 
 1.508301343407062e-07  1.216566826624739e-01 
 1.508501343407062e-07  1.216566781319403e-01 
 1.508701343407062e-07  1.216566736104525e-01 
 1.508901343407062e-07  1.216566690979922e-01 
 1.509101343407062e-07  1.216566645945416e-01 
 1.509301343407062e-07  1.216566601000826e-01 
 1.509501343407062e-07  1.216566556145973e-01 
 1.509701343407062e-07  1.216566511380678e-01 
 1.509901343407062e-07  1.216566466704762e-01 
 1.510101343407062e-07  1.216566422118046e-01 
 1.510301343407062e-07  1.216566377620353e-01 
 1.510501343407062e-07  1.216566333211504e-01 
 1.510701343407062e-07  1.216566288891322e-01 
 1.510901343407062e-07  1.216566244659631e-01 
 1.511101343407062e-07  1.216566200516253e-01 
 1.511301343407062e-07  1.216566156461012e-01 
 1.511501343407061e-07  1.216566112493732e-01 
 1.511701343407061e-07  1.216566068614238e-01 
 1.511901343407061e-07  1.216566024822354e-01 
 1.512101343407061e-07  1.216565981117905e-01 
 1.512301343407061e-07  1.216565937500717e-01 
 1.512501343407061e-07  1.216565893970616e-01 
 1.512701343407061e-07  1.216565850527428e-01 
 1.512901343407061e-07  1.216565807170978e-01 
 1.513101343407061e-07  1.216565763901095e-01 
 1.513301343407061e-07  1.216565720717604e-01 
 1.513501343407061e-07  1.216565677620335e-01 
 1.513701343407061e-07  1.216565634609114e-01 
 1.513901343407061e-07  1.216565591683769e-01 
 1.514101343407061e-07  1.216565548844130e-01 
 1.514301343407061e-07  1.216565506090025e-01 
 1.514501343407061e-07  1.216565463421282e-01 
 1.514701343407061e-07  1.216565420837734e-01 
 1.514901343407061e-07  1.216565378339207e-01 
 1.515101343407061e-07  1.216565335925534e-01 
 1.515301343407061e-07  1.216565293596544e-01 
 1.515501343407061e-07  1.216565251352069e-01 
 1.515701343407061e-07  1.216565209191939e-01 
 1.515901343407061e-07  1.216565167115987e-01 
 1.516101343407061e-07  1.216565125124045e-01 
 1.516301343407061e-07  1.216565083215944e-01 
 1.516501343407061e-07  1.216565041391517e-01 
 1.516701343407060e-07  1.216564999650597e-01 
 1.516901343407060e-07  1.216564957993017e-01 
 1.517101343407060e-07  1.216564916418612e-01 
 1.517301343407060e-07  1.216564874927214e-01 
 1.517501343407060e-07  1.216564833518659e-01 
 1.517701343407060e-07  1.216564792192780e-01 
 1.517901343407060e-07  1.216564750949413e-01 
 1.518101343407060e-07  1.216564709788393e-01 
 1.518301343407060e-07  1.216564668709556e-01 
 1.518501343407060e-07  1.216564627712737e-01 
 1.518701343407060e-07  1.216564586797772e-01 
 1.518901343407060e-07  1.216564545964499e-01 
 1.519101343407060e-07  1.216564505212755e-01 
 1.519301343407060e-07  1.216564464542375e-01 
 1.519501343407060e-07  1.216564423953198e-01 
 1.519701343407060e-07  1.216564383445063e-01 
 1.519901343407060e-07  1.216564343017806e-01 
 1.520101343407060e-07  1.216564302671267e-01 
 1.520301343407060e-07  1.216564262405284e-01 
 1.520501343407060e-07  1.216564222219697e-01 
 1.520701343407060e-07  1.216564182114345e-01 
 1.520901343407060e-07  1.216564142089067e-01 
 1.521101343407060e-07  1.216564102143704e-01 
 1.521301343407060e-07  1.216564062278097e-01 
 1.521501343407060e-07  1.216564022492086e-01 
 1.521701343407060e-07  1.216563982785512e-01 
 1.521901343407060e-07  1.216563943158216e-01 
 1.522101343407059e-07  1.216563903610041e-01 
 1.522301343407059e-07  1.216563864140828e-01 
 1.522501343407059e-07  1.216563824750419e-01 
 1.522701343407059e-07  1.216563785438658e-01 
 1.522901343407059e-07  1.216563746205388e-01 
 1.523101343407059e-07  1.216563707050451e-01 
 1.523301343407059e-07  1.216563667973692e-01 
 1.523501343407059e-07  1.216563628974953e-01 
 1.523701343407059e-07  1.216563590054080e-01 
 1.523901343407059e-07  1.216563551210917e-01 
 1.524101343407059e-07  1.216563512445308e-01 
 1.524301343407059e-07  1.216563473757099e-01 
 1.524501343407059e-07  1.216563435146135e-01 
 1.524701343407059e-07  1.216563396612262e-01 
 1.524901343407059e-07  1.216563358155327e-01 
 1.525101343407059e-07  1.216563319775175e-01 
 1.525301343407059e-07  1.216563281471653e-01 
 1.525501343407059e-07  1.216563243244608e-01 
 1.525701343407059e-07  1.216563205093889e-01 
 1.525901343407059e-07  1.216563167019341e-01 
 1.526101343407059e-07  1.216563129020813e-01 
 1.526301343407059e-07  1.216563091098154e-01 
 1.526501343407059e-07  1.216563053251212e-01 
 1.526701343407059e-07  1.216563015479835e-01 
 1.526901343407059e-07  1.216562977783873e-01 
 1.527101343407059e-07  1.216562940163175e-01 
 1.527301343407058e-07  1.216562902617591e-01 
 1.527501343407058e-07  1.216562865146971e-01 
 1.527701343407058e-07  1.216562827751165e-01 
 1.527901343407058e-07  1.216562790430023e-01 
 1.528101343407058e-07  1.216562753183398e-01 
 1.528301343407058e-07  1.216562716011140e-01 
 1.528501343407058e-07  1.216562678913100e-01 
 1.528701343407058e-07  1.216562641889130e-01 
 1.528901343407058e-07  1.216562604939083e-01 
 1.529101343407058e-07  1.216562568062811e-01 
 1.529301343407058e-07  1.216562531260166e-01 
 1.529501343407058e-07  1.216562494531002e-01 
 1.529701343407058e-07  1.216562457875171e-01 
 1.529901343407058e-07  1.216562421292528e-01 
 1.530101343407058e-07  1.216562384782927e-01 
 1.530301343407058e-07  1.216562348346220e-01 
 1.530501343407058e-07  1.216562311982264e-01 
 1.530701343407058e-07  1.216562275690912e-01 
 1.530901343407058e-07  1.216562239472020e-01 
 1.531101343407058e-07  1.216562203325444e-01 
 1.531301343407058e-07  1.216562167251038e-01 
 1.531501343407058e-07  1.216562131248658e-01 
 1.531701343407058e-07  1.216562095318161e-01 
 1.531901343407058e-07  1.216562059459404e-01 
 1.532101343407058e-07  1.216562023672243e-01 
 1.532301343407058e-07  1.216561987956535e-01 
 1.532501343407058e-07  1.216561952312137e-01 
 1.532701343407057e-07  1.216561916738907e-01 
 1.532901343407057e-07  1.216561881236703e-01 
 1.533101343407057e-07  1.216561845805382e-01 
 1.533301343407057e-07  1.216561810444805e-01 
 1.533501343407057e-07  1.216561775154829e-01 
 1.533701343407057e-07  1.216561739935313e-01 
 1.533901343407057e-07  1.216561704786117e-01 
 1.534101343407057e-07  1.216561669707100e-01 
 1.534301343407057e-07  1.216561634698123e-01 
 1.534501343407057e-07  1.216561599759044e-01 
 1.534701343407057e-07  1.216561564889726e-01 
 1.534901343407057e-07  1.216561530090028e-01 
 1.535101343407057e-07  1.216561495359811e-01 
 1.535301343407057e-07  1.216561460698937e-01 
 1.535501343407057e-07  1.216561426107267e-01 
 1.535701343407057e-07  1.216561391584664e-01 
 1.535901343407057e-07  1.216561357130989e-01 
 1.536101343407057e-07  1.216561322746103e-01 
 1.536301343407057e-07  1.216561288429871e-01 
 1.536501343407057e-07  1.216561254182155e-01 
 1.536701343407057e-07  1.216561220002819e-01 
 1.536901343407057e-07  1.216561185891725e-01 
 1.537101343407057e-07  1.216561151848738e-01 
 1.537301343407057e-07  1.216561117873722e-01 
 1.537501343407057e-07  1.216561083966541e-01 
 1.537701343407057e-07  1.216561050127059e-01 
 1.537901343407056e-07  1.216561016355141e-01 
 1.538101343407056e-07  1.216560982650653e-01 
 1.538301343407056e-07  1.216560949013460e-01 
 1.538501343407056e-07  1.216560915443427e-01 
 1.538701343407056e-07  1.216560881940420e-01 
 1.538901343407056e-07  1.216560848504305e-01 
 1.539101343407056e-07  1.216560815134950e-01 
 1.539301343407056e-07  1.216560781832220e-01 
 1.539501343407056e-07  1.216560748595983e-01 
 1.539701343407056e-07  1.216560715426105e-01 
 1.539901343407056e-07  1.216560682322455e-01 
 1.540101343407056e-07  1.216560649284901e-01 
 1.540301343407056e-07  1.216560616313309e-01 
 1.540501343407056e-07  1.216560583407548e-01 
 1.540701343407056e-07  1.216560550567488e-01 
 1.540901343407056e-07  1.216560517792997e-01 
 1.541101343407056e-07  1.216560485083943e-01 
 1.541301343407056e-07  1.216560452440197e-01 
 1.541501343407056e-07  1.216560419861628e-01 
 1.541701343407056e-07  1.216560387348105e-01 
 1.541901343407056e-07  1.216560354899499e-01 
 1.542101343407056e-07  1.216560322515680e-01 
 1.542301343407056e-07  1.216560290196519e-01 
 1.542501343407056e-07  1.216560257941887e-01 
 1.542701343407056e-07  1.216560225751655e-01 
 1.542901343407056e-07  1.216560193625694e-01 
 1.543101343407055e-07  1.216560161563877e-01 
 1.543301343407055e-07  1.216560129566074e-01 
 1.543501343407055e-07  1.216560097632158e-01 
 1.543701343407055e-07  1.216560065762003e-01 
 1.543901343407055e-07  1.216560033955479e-01 
 1.544101343407055e-07  1.216560002212461e-01 
 1.544301343407055e-07  1.216559970532821e-01 
 1.544501343407055e-07  1.216559938916433e-01 
 1.544701343407055e-07  1.216559907363170e-01 
 1.544901343407055e-07  1.216559875872907e-01 
 1.545101343407055e-07  1.216559844445517e-01 
 1.545301343407055e-07  1.216559813080876e-01 
 1.545501343407055e-07  1.216559781778858e-01 
 1.545701343407055e-07  1.216559750539338e-01 
 1.545901343407055e-07  1.216559719362191e-01 
 1.546101343407055e-07  1.216559688247293e-01 
 1.546301343407055e-07  1.216559657194519e-01 
 1.546501343407055e-07  1.216559626203745e-01 
 1.546701343407055e-07  1.216559595274849e-01 
 1.546901343407055e-07  1.216559564407705e-01 
 1.547101343407055e-07  1.216559533602191e-01 
 1.547301343407055e-07  1.216559502858183e-01 
 1.547501343407055e-07  1.216559472175560e-01 
 1.547701343407055e-07  1.216559441554197e-01 
 1.547901343407055e-07  1.216559410993974e-01 
 1.548101343407055e-07  1.216559380494767e-01 
 1.548301343407055e-07  1.216559350056455e-01 
 1.548501343407054e-07  1.216559319678917e-01 
 1.548701343407054e-07  1.216559289362031e-01 
 1.548901343407054e-07  1.216559259105676e-01 
 1.549101343407054e-07  1.216559228909731e-01 
 1.549301343407054e-07  1.216559198774076e-01 
 1.549501343407054e-07  1.216559168698590e-01 
 1.549701343407054e-07  1.216559138683153e-01 
 1.549901343407054e-07  1.216559108727645e-01 
 1.550101343407054e-07  1.216559078831946e-01 
 1.550301343407054e-07  1.216559048995938e-01 
 1.550501343407054e-07  1.216559019219501e-01 
 1.550701343407054e-07  1.216558989502516e-01 
 1.550901343407054e-07  1.216558959844863e-01 
 1.551101343407054e-07  1.216558930246426e-01 
 1.551301343407054e-07  1.216558900707085e-01 
 1.551501343407054e-07  1.216558871226723e-01 
 1.551701343407054e-07  1.216558841805222e-01 
 1.551901343407054e-07  1.216558812442464e-01 
 1.552101343407054e-07  1.216558783138332e-01 
 1.552301343407054e-07  1.216558753892709e-01 
 1.552501343407054e-07  1.216558724705478e-01 
 1.552701343407054e-07  1.216558695576522e-01 
 1.552901343407054e-07  1.216558666505726e-01 
 1.553101343407054e-07  1.216558637492972e-01 
 1.553301343407054e-07  1.216558608538146e-01 
 1.553501343407054e-07  1.216558579641131e-01 
 1.553701343407053e-07  1.216558550801812e-01 
 1.553901343407053e-07  1.216558522020074e-01 
 1.554101343407053e-07  1.216558493295802e-01 
 1.554301343407053e-07  1.216558464628881e-01 
 1.554501343407053e-07  1.216558436019196e-01 
 1.554701343407053e-07  1.216558407466635e-01 
 1.554901343407053e-07  1.216558378971081e-01 
 1.555101343407053e-07  1.216558350532423e-01 
 1.555301343407053e-07  1.216558322150545e-01 
 1.555501343407053e-07  1.216558293825335e-01 
 1.555701343407053e-07  1.216558265556679e-01 
 1.555901343407053e-07  1.216558237344465e-01 
 1.556101343407053e-07  1.216558209188580e-01 
 1.556301343407053e-07  1.216558181088911e-01 
 1.556501343407053e-07  1.216558153045346e-01 
 1.556701343407053e-07  1.216558125057773e-01 
 1.556901343407053e-07  1.216558097126080e-01 
 1.557101343407053e-07  1.216558069250157e-01 
 1.557301343407053e-07  1.216558041429890e-01 
 1.557501343407053e-07  1.216558013665169e-01 
 1.557701343407053e-07  1.216557985955884e-01 
 1.557901343407053e-07  1.216557958301924e-01 
 1.558101343407053e-07  1.216557930703178e-01 
 1.558301343407053e-07  1.216557903159536e-01 
 1.558501343407053e-07  1.216557875670888e-01 
 1.558701343407053e-07  1.216557848237124e-01 
 1.558901343407052e-07  1.216557820858135e-01 
 1.559101343407052e-07  1.216557793533811e-01 
 1.559301343407052e-07  1.216557766264042e-01 
 1.559501343407052e-07  1.216557739048721e-01 
 1.559701343407052e-07  1.216557711887739e-01 
 1.559901343407052e-07  1.216557684780986e-01 
 1.560101343407052e-07  1.216557657728354e-01 
 1.560301343407052e-07  1.216557630729737e-01 
 1.560501343407052e-07  1.216557603785025e-01 
 1.560701343407052e-07  1.216557576894111e-01 
 1.560901343407052e-07  1.216557550056888e-01 
 1.561101343407052e-07  1.216557523273248e-01 
 1.561301343407052e-07  1.216557496543086e-01 
 1.561501343407052e-07  1.216557469866292e-01 
 1.561701343407052e-07  1.216557443242762e-01 
 1.561901343407052e-07  1.216557416672389e-01 
 1.562101343407052e-07  1.216557390155067e-01 
 1.562301343407052e-07  1.216557363690690e-01 
 1.562501343407052e-07  1.216557337279151e-01 
 1.562701343407052e-07  1.216557310920346e-01 
 1.562901343407052e-07  1.216557284614169e-01 
 1.563101343407052e-07  1.216557258360516e-01 
 1.563301343407052e-07  1.216557232159281e-01 
 1.563501343407052e-07  1.216557206010360e-01 
 1.563701343407052e-07  1.216557179913648e-01 
 1.563901343407052e-07  1.216557153869041e-01 
 1.564101343407052e-07  1.216557127876434e-01 
 1.564301343407051e-07  1.216557101935725e-01 
 1.564501343407051e-07  1.216557076046810e-01 
 1.564701343407051e-07  1.216557050209585e-01 
 1.564901343407051e-07  1.216557024423946e-01 
 1.565101343407051e-07  1.216556998689791e-01 
 1.565301343407051e-07  1.216556973007017e-01 
 1.565501343407051e-07  1.216556947375522e-01 
 1.565701343407051e-07  1.216556921795203e-01 
 1.565901343407051e-07  1.216556896265958e-01 
 1.566101343407051e-07  1.216556870787684e-01 
 1.566301343407051e-07  1.216556845360281e-01 
 1.566501343407051e-07  1.216556819983647e-01 
 1.566701343407051e-07  1.216556794657680e-01 
 1.566901343407051e-07  1.216556769382279e-01 
 1.567101343407051e-07  1.216556744157343e-01 
 1.567301343407051e-07  1.216556718982772e-01 
 1.567501343407051e-07  1.216556693858465e-01 
 1.567701343407051e-07  1.216556668784320e-01 
 1.567901343407051e-07  1.216556643760240e-01 
 1.568101343407051e-07  1.216556618786123e-01 
 1.568301343407051e-07  1.216556593861869e-01 
 1.568501343407051e-07  1.216556568987379e-01 
 1.568701343407051e-07  1.216556544162554e-01 
 1.568901343407051e-07  1.216556519387294e-01 
 1.569101343407051e-07  1.216556494661501e-01 
 1.569301343407051e-07  1.216556469985076e-01 
 1.569501343407050e-07  1.216556445357920e-01 
 1.569701343407050e-07  1.216556420779935e-01 
 1.569901343407050e-07  1.216556396251022e-01 
 1.570101343407050e-07  1.216556371771084e-01 
 1.570301343407050e-07  1.216556347340024e-01 
 1.570501343407050e-07  1.216556322957742e-01 
 1.570701343407050e-07  1.216556298624143e-01 
 1.570901343407050e-07  1.216556274339128e-01 
 1.571101343407050e-07  1.216556250102601e-01 
 1.571301343407050e-07  1.216556225914465e-01 
 1.571501343407050e-07  1.216556201774623e-01 
 1.571701343407050e-07  1.216556177682979e-01 
 1.571901343407050e-07  1.216556153639437e-01 
 1.572101343407050e-07  1.216556129643900e-01 
 1.572301343407050e-07  1.216556105696272e-01 
 1.572501343407050e-07  1.216556081796460e-01 
 1.572701343407050e-07  1.216556057944366e-01 
 1.572901343407050e-07  1.216556034139895e-01 
 1.573101343407050e-07  1.216556010382953e-01 
 1.573301343407050e-07  1.216555986673443e-01 
 1.573501343407050e-07  1.216555963011273e-01 
 1.573701343407050e-07  1.216555939396346e-01 
 1.573901343407050e-07  1.216555915828569e-01 
 1.574101343407050e-07  1.216555892307848e-01 
 1.574301343407050e-07  1.216555868834088e-01 
 1.574501343407050e-07  1.216555845407197e-01 
 1.574701343407050e-07  1.216555822027080e-01 
 1.574901343407049e-07  1.216555798693644e-01 
 1.575101343407049e-07  1.216555775406796e-01 
 1.575301343407049e-07  1.216555752166442e-01 
 1.575501343407049e-07  1.216555728972490e-01 
 1.575701343407049e-07  1.216555705824847e-01 
 1.575901343407049e-07  1.216555682723422e-01 
 1.576101343407049e-07  1.216555659668121e-01 
 1.576301343407049e-07  1.216555636658853e-01 
 1.576501343407049e-07  1.216555613695525e-01 
 1.576701343407049e-07  1.216555590778046e-01 
 1.576901343407049e-07  1.216555567906324e-01 
 1.577101343407049e-07  1.216555545080268e-01 
 1.577301343407049e-07  1.216555522299787e-01 
 1.577501343407049e-07  1.216555499564790e-01 
 1.577701343407049e-07  1.216555476875186e-01 
 1.577901343407049e-07  1.216555454230884e-01 
 1.578101343407049e-07  1.216555431631793e-01 
 1.578301343407049e-07  1.216555409077825e-01 
 1.578501343407049e-07  1.216555386568888e-01 
 1.578701343407049e-07  1.216555364104892e-01 
 1.578901343407049e-07  1.216555341685748e-01 
 1.579101343407049e-07  1.216555319311367e-01 
 1.579301343407049e-07  1.216555296981659e-01 
 1.579501343407049e-07  1.216555274696534e-01 
 1.579701343407049e-07  1.216555252455904e-01 
 1.579901343407049e-07  1.216555230259680e-01 
 1.580101343407048e-07  1.216555208107773e-01 
 1.580301343407048e-07  1.216555186000095e-01 
 1.580501343407048e-07  1.216555163936558e-01 
 1.580701343407048e-07  1.216555141917073e-01 
 1.580901343407048e-07  1.216555119941552e-01 
 1.581101343407048e-07  1.216555098009907e-01 
 1.581301343407048e-07  1.216555076122052e-01 
 1.581501343407048e-07  1.216555054277898e-01 
 1.581701343407048e-07  1.216555032477358e-01 
 1.581901343407048e-07  1.216555010720346e-01 
 1.582101343407048e-07  1.216554989006774e-01 
 1.582301343407048e-07  1.216554967336555e-01 
 1.582501343407048e-07  1.216554945709603e-01 
 1.582701343407048e-07  1.216554924125832e-01 
 1.582901343407048e-07  1.216554902585155e-01 
 1.583101343407048e-07  1.216554881087487e-01 
 1.583301343407048e-07  1.216554859632741e-01 
 1.583501343407048e-07  1.216554838220832e-01 
 1.583701343407048e-07  1.216554816851674e-01 
 1.583901343407048e-07  1.216554795525182e-01 
 1.584101343407048e-07  1.216554774241271e-01 
 1.584301343407048e-07  1.216554752999855e-01 
 1.584501343407048e-07  1.216554731800851e-01 
 1.584701343407048e-07  1.216554710644173e-01 
 1.584901343407048e-07  1.216554689529736e-01 
 1.585101343407048e-07  1.216554668457456e-01 
 1.585301343407047e-07  1.216554647427250e-01 
 1.585501343407047e-07  1.216554626439033e-01 
 1.585701343407047e-07  1.216554605492721e-01 
 1.585901343407047e-07  1.216554584588231e-01 
 1.586101343407047e-07  1.216554563725479e-01 
 1.586301343407047e-07  1.216554542904382e-01 
 1.586501343407047e-07  1.216554522124856e-01 
 1.586701343407047e-07  1.216554501386819e-01 
 1.586901343407047e-07  1.216554480690187e-01 
 1.587101343407047e-07  1.216554460034878e-01 
 1.587301343407047e-07  1.216554439420810e-01 
 1.587501343407047e-07  1.216554418847901e-01 
 1.587701343407047e-07  1.216554398316068e-01 
 1.587901343407047e-07  1.216554377825228e-01 
 1.588101343407047e-07  1.216554357375301e-01 
 1.588301343407047e-07  1.216554336966205e-01 
 1.588501343407047e-07  1.216554316597857e-01 
 1.588701343407047e-07  1.216554296270177e-01 
 1.588901343407047e-07  1.216554275983083e-01 
 1.589101343407047e-07  1.216554255736495e-01 
 1.589301343407047e-07  1.216554235530332e-01 
 1.589501343407047e-07  1.216554215364512e-01 
 1.589701343407047e-07  1.216554195238956e-01 
 1.589901343407047e-07  1.216554175153582e-01 
 1.590101343407047e-07  1.216554155108311e-01 
 1.590301343407047e-07  1.216554135103063e-01 
 1.590501343407047e-07  1.216554115137757e-01 
 1.590701343407046e-07  1.216554095212315e-01 
 1.590901343407046e-07  1.216554075326657e-01 
 1.591101343407046e-07  1.216554055480702e-01 
 1.591301343407046e-07  1.216554035674371e-01 
 1.591501343407046e-07  1.216554015907586e-01 
 1.591701343407046e-07  1.216553996180268e-01 
 1.591901343407046e-07  1.216553976492337e-01 
 1.592101343407046e-07  1.216553956843716e-01 
 1.592301343407046e-07  1.216553937234325e-01 
 1.592501343407046e-07  1.216553917664087e-01 
 1.592701343407046e-07  1.216553898132923e-01 
 1.592901343407046e-07  1.216553878640754e-01 
 1.593101343407046e-07  1.216553859187504e-01 
 1.593301343407046e-07  1.216553839773095e-01 
 1.593501343407046e-07  1.216553820397449e-01 
 1.593701343407046e-07  1.216553801060488e-01 
 1.593901343407046e-07  1.216553781762136e-01 
 1.594101343407046e-07  1.216553762502315e-01 
 1.594301343407046e-07  1.216553743280948e-01 
 1.594501343407046e-07  1.216553724097959e-01 
 1.594701343407046e-07  1.216553704953271e-01 
 1.594901343407046e-07  1.216553685846808e-01 
 1.595101343407046e-07  1.216553666778493e-01 
 1.595301343407046e-07  1.216553647748249e-01 
 1.595501343407046e-07  1.216553628756002e-01 
 1.595701343407046e-07  1.216553609801675e-01 
 1.595901343407045e-07  1.216553590885192e-01 
 1.596101343407045e-07  1.216553572006479e-01 
 1.596301343407045e-07  1.216553553165458e-01 
 1.596501343407045e-07  1.216553534362056e-01 
 1.596701343407045e-07  1.216553515596196e-01 
 1.596901343407045e-07  1.216553496867805e-01 
 1.597101343407045e-07  1.216553478176807e-01 
 1.597301343407045e-07  1.216553459523128e-01 
 1.597501343407045e-07  1.216553440906693e-01 
 1.597701343407045e-07  1.216553422327428e-01 
 1.597901343407045e-07  1.216553403785259e-01 
 1.598101343407045e-07  1.216553385280111e-01 
 1.598301343407045e-07  1.216553366811911e-01 
 1.598501343407045e-07  1.216553348380584e-01 
 1.598701343407045e-07  1.216553329986058e-01 
 1.598901343407045e-07  1.216553311628258e-01 
 1.599101343407045e-07  1.216553293307111e-01 
 1.599301343407045e-07  1.216553275022545e-01 
 1.599501343407045e-07  1.216553256774486e-01 
 1.599701343407045e-07  1.216553238562861e-01 
 1.599901343407045e-07  1.216553220387597e-01 
 1.600101343407045e-07  1.216553202248623e-01 
 1.600301343407045e-07  1.216553184145865e-01 
 1.600501343407045e-07  1.216553166079252e-01 
 1.600701343407045e-07  1.216553148048710e-01 
 1.600901343407045e-07  1.216553130054168e-01 
 1.601101343407045e-07  1.216553112095554e-01 
 1.601301343407044e-07  1.216553094172796e-01 
 1.601501343407044e-07  1.216553076285823e-01 
 1.601701343407044e-07  1.216553058434564e-01 
 1.601901343407044e-07  1.216553040618946e-01 
 1.602101343407044e-07  1.216553022838900e-01 
 1.602301343407044e-07  1.216553005094353e-01 
 1.602501343407044e-07  1.216552987385235e-01 
 1.602701343407044e-07  1.216552969711475e-01 
 1.602901343407044e-07  1.216552952073003e-01 
 1.603101343407044e-07  1.216552934469748e-01 
 1.603301343407044e-07  1.216552916901640e-01 
 1.603501343407044e-07  1.216552899368609e-01 
 1.603701343407044e-07  1.216552881870585e-01 
 1.603901343407044e-07  1.216552864407497e-01 
 1.604101343407044e-07  1.216552846979276e-01 
 1.604301343407044e-07  1.216552829585852e-01 
 1.604501343407044e-07  1.216552812227156e-01 
 1.604701343407044e-07  1.216552794903119e-01 
 1.604901343407044e-07  1.216552777613671e-01 
 1.605101343407044e-07  1.216552760358744e-01 
 1.605301343407044e-07  1.216552743138268e-01 
 1.605501343407044e-07  1.216552725952174e-01 
 1.605701343407044e-07  1.216552708800395e-01 
 1.605901343407044e-07  1.216552691682860e-01 
 1.606101343407044e-07  1.216552674599503e-01 
 1.606301343407044e-07  1.216552657550255e-01 
 1.606501343407043e-07  1.216552640535048e-01 
 1.606701343407043e-07  1.216552623553813e-01 
 1.606901343407043e-07  1.216552606606483e-01 
 1.607101343407043e-07  1.216552589692990e-01 
 1.607301343407043e-07  1.216552572813267e-01 
 1.607501343407043e-07  1.216552555967247e-01 
 1.607701343407043e-07  1.216552539154861e-01 
 1.607901343407043e-07  1.216552522376044e-01 
 1.608101343407043e-07  1.216552505630727e-01 
 1.608301343407043e-07  1.216552488918843e-01 
 1.608501343407043e-07  1.216552472240327e-01 
 1.608701343407043e-07  1.216552455595112e-01 
 1.608901343407043e-07  1.216552438983131e-01 
 1.609101343407043e-07  1.216552422404317e-01 
 1.609301343407043e-07  1.216552405858604e-01 
 1.609501343407043e-07  1.216552389345927e-01 
 1.609701343407043e-07  1.216552372866220e-01 
 1.609901343407043e-07  1.216552356419416e-01 
 1.610101343407043e-07  1.216552340005450e-01 
 1.610301343407043e-07  1.216552323624256e-01 
 1.610501343407043e-07  1.216552307275769e-01 
 1.610701343407043e-07  1.216552290959923e-01 
 1.610901343407043e-07  1.216552274676654e-01 
 1.611101343407043e-07  1.216552258425897e-01 
 1.611301343407043e-07  1.216552242207586e-01 
 1.611501343407043e-07  1.216552226021657e-01 
 1.611701343407042e-07  1.216552209868044e-01 
 1.611901343407042e-07  1.216552193746684e-01 
 1.612101343407042e-07  1.216552177657512e-01 
 1.612301343407042e-07  1.216552161600464e-01 
 1.612501343407042e-07  1.216552145575475e-01 
 1.612701343407042e-07  1.216552129582482e-01 
 1.612901343407042e-07  1.216552113621421e-01 
 1.613101343407042e-07  1.216552097692228e-01 
 1.613301343407042e-07  1.216552081794839e-01 
 1.613501343407042e-07  1.216552065929192e-01 
 1.613701343407042e-07  1.216552050095222e-01 
 1.613901343407042e-07  1.216552034292866e-01 
 1.614101343407042e-07  1.216552018522061e-01 
 1.614301343407042e-07  1.216552002782745e-01 
 1.614501343407042e-07  1.216551987074853e-01 
 1.614701343407042e-07  1.216551971398324e-01 
 1.614901343407042e-07  1.216551955753095e-01 
 1.615101343407042e-07  1.216551940139104e-01 
 1.615301343407042e-07  1.216551924556287e-01 
 1.615501343407042e-07  1.216551909004584e-01 
 1.615701343407042e-07  1.216551893483931e-01 
 1.615901343407042e-07  1.216551877994266e-01 
 1.616101343407042e-07  1.216551862535529e-01 
 1.616301343407042e-07  1.216551847107657e-01 
 1.616501343407042e-07  1.216551831710588e-01 
 1.616701343407042e-07  1.216551816344261e-01 
 1.616901343407042e-07  1.216551801008615e-01 
 1.617101343407041e-07  1.216551785703588e-01 
 1.617301343407041e-07  1.216551770429119e-01 
 1.617501343407041e-07  1.216551755185148e-01 
 1.617701343407041e-07  1.216551739971613e-01 
 1.617901343407041e-07  1.216551724788454e-01 
 1.618101343407041e-07  1.216551709635608e-01 
 1.618301343407041e-07  1.216551694513018e-01 
 1.618501343407041e-07  1.216551679420621e-01 
 1.618701343407041e-07  1.216551664358358e-01 
 1.618901343407041e-07  1.216551649326169e-01 
 1.619101343407041e-07  1.216551634323993e-01 
 1.619301343407041e-07  1.216551619351771e-01 
 1.619501343407041e-07  1.216551604409442e-01 
 1.619701343407041e-07  1.216551589496947e-01 
 1.619901343407041e-07  1.216551574614227e-01 
 1.620101343407041e-07  1.216551559761221e-01 
 1.620301343407041e-07  1.216551544937872e-01 
 1.620501343407041e-07  1.216551530144119e-01 
 1.620701343407041e-07  1.216551515379904e-01 
 1.620901343407041e-07  1.216551500645167e-01 
 1.621101343407041e-07  1.216551485939849e-01 
 1.621301343407041e-07  1.216551471263892e-01 
 1.621501343407041e-07  1.216551456617237e-01 
 1.621701343407041e-07  1.216551441999826e-01 
 1.621901343407041e-07  1.216551427411600e-01 
 1.622101343407041e-07  1.216551412852502e-01 
 1.622301343407040e-07  1.216551398322472e-01 
 1.622501343407040e-07  1.216551383821452e-01 
 1.622701343407040e-07  1.216551369349386e-01 
 1.622901343407040e-07  1.216551354906214e-01 
 1.623101343407040e-07  1.216551340491881e-01 
 1.623301343407040e-07  1.216551326106327e-01 
 1.623501343407040e-07  1.216551311749495e-01 
 1.623701343407040e-07  1.216551297421329e-01 
 1.623901343407040e-07  1.216551283121770e-01 
 1.624101343407040e-07  1.216551268850762e-01 
 1.624301343407040e-07  1.216551254608247e-01 
 1.624501343407040e-07  1.216551240394169e-01 
 1.624701343407040e-07  1.216551226208472e-01 
 1.624901343407040e-07  1.216551212051097e-01 
 1.625101343407040e-07  1.216551197921989e-01 
 1.625301343407040e-07  1.216551183821092e-01 
 1.625501343407040e-07  1.216551169748349e-01 
 1.625701343407040e-07  1.216551155703703e-01 
 1.625901343407040e-07  1.216551141687100e-01 
 1.626101343407040e-07  1.216551127698482e-01 
 1.626301343407040e-07  1.216551113737794e-01 
 1.626501343407040e-07  1.216551099804980e-01 
 1.626701343407040e-07  1.216551085899984e-01 
 1.626901343407040e-07  1.216551072022751e-01 
 1.627101343407040e-07  1.216551058173226e-01 
 1.627301343407040e-07  1.216551044351352e-01 
 1.627501343407039e-07  1.216551030557076e-01 
 1.627701343407039e-07  1.216551016790341e-01 
 1.627901343407039e-07  1.216551003051093e-01 
 1.628101343407039e-07  1.216550989339278e-01 
 1.628301343407039e-07  1.216550975654839e-01 
 1.628501343407039e-07  1.216550961997723e-01 
 1.628701343407039e-07  1.216550948367875e-01 
 1.628901343407039e-07  1.216550934765240e-01 
 1.629101343407039e-07  1.216550921189765e-01 
 1.629301343407039e-07  1.216550907641394e-01 
 1.629501343407039e-07  1.216550894120074e-01 
 1.629701343407039e-07  1.216550880625751e-01 
 1.629901343407039e-07  1.216550867158371e-01 
 1.630101343407039e-07  1.216550853717879e-01 
 1.630301343407039e-07  1.216550840304224e-01 
 1.630501343407039e-07  1.216550826917350e-01 
 1.630701343407039e-07  1.216550813557205e-01 
 1.630901343407039e-07  1.216550800223735e-01 
 1.631101343407039e-07  1.216550786916886e-01 
 1.631301343407039e-07  1.216550773636606e-01 
 1.631501343407039e-07  1.216550760382842e-01 
 1.631701343407039e-07  1.216550747155540e-01 
 1.631901343407039e-07  1.216550733954648e-01 
 1.632101343407039e-07  1.216550720780113e-01 
 1.632301343407039e-07  1.216550707631882e-01 
 1.632501343407039e-07  1.216550694509903e-01 
 1.632701343407039e-07  1.216550681414124e-01 
 1.632901343407038e-07  1.216550668344493e-01 
 1.633101343407038e-07  1.216550655300955e-01 
 1.633301343407038e-07  1.216550642283461e-01 
 1.633501343407038e-07  1.216550629291958e-01 
 1.633701343407038e-07  1.216550616326393e-01 
 1.633901343407038e-07  1.216550603386716e-01 
 1.634101343407038e-07  1.216550590472875e-01 
 1.634301343407038e-07  1.216550577584817e-01 
 1.634501343407038e-07  1.216550564722492e-01 
 1.634701343407038e-07  1.216550551885848e-01 
 1.634901343407038e-07  1.216550539074834e-01 
 1.635101343407038e-07  1.216550526289398e-01 
 1.635301343407038e-07  1.216550513529489e-01 
 1.635501343407038e-07  1.216550500795058e-01 
 1.635701343407038e-07  1.216550488086052e-01 
 1.635901343407038e-07  1.216550475402421e-01 
 1.636101343407038e-07  1.216550462744115e-01 
 1.636301343407038e-07  1.216550450111082e-01 
 1.636501343407038e-07  1.216550437503272e-01 
 1.636701343407038e-07  1.216550424920635e-01 
 1.636901343407038e-07  1.216550412363120e-01 
 1.637101343407038e-07  1.216550399830678e-01 
 1.637301343407038e-07  1.216550387323259e-01 
 1.637501343407038e-07  1.216550374840811e-01 
 1.637701343407038e-07  1.216550362383287e-01 
 1.637901343407038e-07  1.216550349950635e-01 
 1.638101343407037e-07  1.216550337542807e-01 
 1.638301343407037e-07  1.216550325159752e-01 
 1.638501343407037e-07  1.216550312801421e-01 
 1.638701343407037e-07  1.216550300467765e-01 
 1.638901343407037e-07  1.216550288158734e-01 
 1.639101343407037e-07  1.216550275874279e-01 
 1.639301343407037e-07  1.216550263614352e-01 
 1.639501343407037e-07  1.216550251378904e-01 
 1.639701343407037e-07  1.216550239167884e-01 
 1.639901343407037e-07  1.216550226981246e-01 
 1.640101343407037e-07  1.216550214818939e-01 
 1.640301343407037e-07  1.216550202680916e-01 
 1.640501343407037e-07  1.216550190567128e-01 
 1.640701343407037e-07  1.216550178477526e-01 
 1.640901343407037e-07  1.216550166412062e-01 
 1.641101343407037e-07  1.216550154370688e-01 
 1.641301343407037e-07  1.216550142353357e-01 
 1.641501343407037e-07  1.216550130360019e-01 
 1.641701343407037e-07  1.216550118390628e-01 
 1.641901343407037e-07  1.216550106445134e-01 
 1.642101343407037e-07  1.216550094523491e-01 
 1.642301343407037e-07  1.216550082625651e-01 
 1.642501343407037e-07  1.216550070751566e-01 
 1.642701343407037e-07  1.216550058901189e-01 
 1.642901343407037e-07  1.216550047074473e-01 
 1.643101343407037e-07  1.216550035271370e-01 
 1.643301343407037e-07  1.216550023491834e-01 
 1.643501343407036e-07  1.216550011735816e-01 
 1.643701343407036e-07  1.216550000003270e-01 
 1.643901343407036e-07  1.216549988294150e-01 
 1.644101343407036e-07  1.216549976608409e-01 
 1.644301343407036e-07  1.216549964946000e-01 
 1.644501343407036e-07  1.216549953306876e-01 
 1.644701343407036e-07  1.216549941690991e-01 
 1.644901343407036e-07  1.216549930098298e-01 
 1.645101343407036e-07  1.216549918528751e-01 
 1.645301343407036e-07  1.216549906982305e-01 
 1.645501343407036e-07  1.216549895458912e-01 
 1.645701343407036e-07  1.216549883958527e-01 
 1.645901343407036e-07  1.216549872481103e-01 
 1.646101343407036e-07  1.216549861026595e-01 
 1.646301343407036e-07  1.216549849594958e-01 
 1.646501343407036e-07  1.216549838186145e-01 
 1.646701343407036e-07  1.216549826800111e-01 
 1.646901343407036e-07  1.216549815436811e-01 
 1.647101343407036e-07  1.216549804096199e-01 
 1.647301343407036e-07  1.216549792778230e-01 
 1.647501343407036e-07  1.216549781482858e-01 
 1.647701343407036e-07  1.216549770210038e-01 
 1.647901343407036e-07  1.216549758959726e-01 
 1.648101343407036e-07  1.216549747731876e-01 
 1.648301343407036e-07  1.216549736526444e-01 
 1.648501343407036e-07  1.216549725343385e-01 
 1.648701343407035e-07  1.216549714182654e-01 
 1.648901343407035e-07  1.216549703044207e-01 
 1.649101343407035e-07  1.216549691927999e-01 
 1.649301343407035e-07  1.216549680833985e-01 
 1.649501343407035e-07  1.216549669762122e-01 
 1.649701343407035e-07  1.216549658712365e-01 
 1.649901343407035e-07  1.216549647684671e-01 
 1.650101343407035e-07  1.216549636678994e-01 
 1.650301343407035e-07  1.216549625695291e-01 
 1.650501343407035e-07  1.216549614733519e-01 
 1.650701343407035e-07  1.216549603793633e-01 
 1.650901343407035e-07  1.216549592875590e-01 
 1.651101343407035e-07  1.216549581979345e-01 
 1.651301343407035e-07  1.216549571104856e-01 
 1.651501343407035e-07  1.216549560252080e-01 
 1.651701343407035e-07  1.216549549420972e-01 
 1.651901343407035e-07  1.216549538611490e-01 
 1.652101343407035e-07  1.216549527823590e-01 
 1.652301343407035e-07  1.216549517057229e-01 
 1.652501343407035e-07  1.216549506312365e-01 
 1.652701343407035e-07  1.216549495588954e-01 
 1.652901343407035e-07  1.216549484886953e-01 
 1.653101343407035e-07  1.216549474206320e-01 
 1.653301343407035e-07  1.216549463547013e-01 
 1.653501343407035e-07  1.216549452908987e-01 
 1.653701343407035e-07  1.216549442292202e-01 
 1.653901343407034e-07  1.216549431696614e-01 
 1.654101343407034e-07  1.216549421122181e-01 
 1.654301343407034e-07  1.216549410568862e-01 
 1.654501343407034e-07  1.216549400036613e-01 
 1.654701343407034e-07  1.216549389525393e-01 
 1.654901343407034e-07  1.216549379035160e-01 
 1.655101343407034e-07  1.216549368565872e-01 
 1.655301343407034e-07  1.216549358117487e-01 
 1.655501343407034e-07  1.216549347689963e-01 
 1.655701343407034e-07  1.216549337283259e-01 
 1.655901343407034e-07  1.216549326897334e-01 
 1.656101343407034e-07  1.216549316532144e-01 
 1.656301343407034e-07  1.216549306187650e-01 
 1.656501343407034e-07  1.216549295863810e-01 
 1.656701343407034e-07  1.216549285560583e-01 
 1.656901343407034e-07  1.216549275277927e-01 
 1.657101343407034e-07  1.216549265015802e-01 
 1.657301343407034e-07  1.216549254774166e-01 
 1.657501343407034e-07  1.216549244552979e-01 
 1.657701343407034e-07  1.216549234352200e-01 
 1.657901343407034e-07  1.216549224171787e-01 
 1.658101343407034e-07  1.216549214011702e-01 
 1.658301343407034e-07  1.216549203871901e-01 
 1.658501343407034e-07  1.216549193752346e-01 
 1.658701343407034e-07  1.216549183652996e-01 
 1.658901343407034e-07  1.216549173573810e-01 
 1.659101343407034e-07  1.216549163514748e-01 
 1.659301343407033e-07  1.216549153475770e-01 
 1.659501343407033e-07  1.216549143456837e-01 
 1.659701343407033e-07  1.216549133457907e-01 
 1.659901343407033e-07  1.216549123478942e-01 
 1.660101343407033e-07  1.216549113519900e-01 
 1.660301343407033e-07  1.216549103580742e-01 
 1.660501343407033e-07  1.216549093661430e-01 
 1.660701343407033e-07  1.216549083761922e-01 
 1.660901343407033e-07  1.216549073882180e-01 
 1.661101343407033e-07  1.216549064022164e-01 
 1.661301343407033e-07  1.216549054181834e-01 
 1.661501343407033e-07  1.216549044361152e-01 
 1.661701343407033e-07  1.216549034560077e-01 
 1.661901343407033e-07  1.216549024778571e-01 
 1.662101343407033e-07  1.216549015016595e-01 
 1.662301343407033e-07  1.216549005274110e-01 
 1.662501343407033e-07  1.216548995551077e-01 
 1.662701343407033e-07  1.216548985847457e-01 
 1.662901343407033e-07  1.216548976163212e-01 
 1.663101343407033e-07  1.216548966498302e-01 
 1.663301343407033e-07  1.216548956852690e-01 
 1.663501343407033e-07  1.216548947226335e-01 
 1.663701343407033e-07  1.216548937619201e-01 
 1.663901343407033e-07  1.216548928031249e-01 
 1.664101343407033e-07  1.216548918462440e-01 
 1.664301343407033e-07  1.216548908912737e-01 
 1.664501343407032e-07  1.216548899382100e-01 
 1.664701343407032e-07  1.216548889870493e-01 
 1.664901343407032e-07  1.216548880377876e-01 
 1.665101343407032e-07  1.216548870904211e-01 
 1.665301343407032e-07  1.216548861449463e-01 
 1.665501343407032e-07  1.216548852013592e-01 
 1.665701343407032e-07  1.216548842596561e-01 
 1.665901343407032e-07  1.216548833198331e-01 
 1.666101343407032e-07  1.216548823818867e-01 
 1.666301343407032e-07  1.216548814458129e-01 
 1.666501343407032e-07  1.216548805116082e-01 
 1.666701343407032e-07  1.216548795792686e-01 
 1.666901343407032e-07  1.216548786487907e-01 
 1.667101343407032e-07  1.216548777201704e-01 
 1.667301343407032e-07  1.216548767934044e-01 
 1.667501343407032e-07  1.216548758684886e-01 
 1.667701343407032e-07  1.216548749454196e-01 
 1.667901343407032e-07  1.216548740241936e-01 
 1.668101343407032e-07  1.216548731048069e-01 
 1.668301343407032e-07  1.216548721872559e-01 
 1.668501343407032e-07  1.216548712715368e-01 
 1.668701343407032e-07  1.216548703576461e-01 
 1.668901343407032e-07  1.216548694455801e-01 
 1.669101343407032e-07  1.216548685353352e-01 
 1.669301343407032e-07  1.216548676269077e-01 
 1.669501343407032e-07  1.216548667202939e-01 
 1.669701343407031e-07  1.216548658154902e-01 
 1.669901343407031e-07  1.216548649124931e-01 
 1.670101343407031e-07  1.216548640112990e-01 
 1.670301343407031e-07  1.216548631119041e-01 
 1.670501343407031e-07  1.216548622143050e-01 
 1.670701343407031e-07  1.216548613184981e-01 
 1.670901343407031e-07  1.216548604244798e-01 
 1.671101343407031e-07  1.216548595322464e-01 
 1.671301343407031e-07  1.216548586417945e-01 
 1.671501343407031e-07  1.216548577531205e-01 
 1.671701343407031e-07  1.216548568662208e-01 
 1.671901343407031e-07  1.216548559810919e-01 
 1.672101343407031e-07  1.216548550977302e-01 
 1.672301343407031e-07  1.216548542161324e-01 
 1.672501343407031e-07  1.216548533362947e-01 
 1.672701343407031e-07  1.216548524582137e-01 
 1.672901343407031e-07  1.216548515818859e-01 
 1.673101343407031e-07  1.216548507073077e-01 
 1.673301343407031e-07  1.216548498344758e-01 
 1.673501343407031e-07  1.216548489633866e-01 
 1.673701343407031e-07  1.216548480940367e-01 
 1.673901343407031e-07  1.216548472264225e-01 
 1.674101343407031e-07  1.216548463605405e-01 
 1.674301343407031e-07  1.216548454963875e-01 
 1.674501343407031e-07  1.216548446339598e-01 
 1.674701343407031e-07  1.216548437732540e-01 
 1.674901343407031e-07  1.216548429142666e-01 
 1.675101343407030e-07  1.216548420569944e-01 
 1.675301343407030e-07  1.216548412014338e-01 
 1.675501343407030e-07  1.216548403475814e-01 
 1.675701343407030e-07  1.216548394954338e-01 
 1.675901343407030e-07  1.216548386449876e-01 
 1.676101343407030e-07  1.216548377962395e-01 
 1.676301343407030e-07  1.216548369491859e-01 
 1.676501343407030e-07  1.216548361038236e-01 
 1.676701343407030e-07  1.216548352601491e-01 
 1.676901343407030e-07  1.216548344181591e-01 
 1.677101343407030e-07  1.216548335778503e-01 
 1.677301343407030e-07  1.216548327392192e-01 
 1.677501343407030e-07  1.216548319022626e-01 
 1.677701343407030e-07  1.216548310669770e-01 
 1.677901343407030e-07  1.216548302333592e-01 
 1.678101343407030e-07  1.216548294014058e-01 
 1.678301343407030e-07  1.216548285711135e-01 
 1.678501343407030e-07  1.216548277424789e-01 
 1.678701343407030e-07  1.216548269154989e-01 
 1.678901343407030e-07  1.216548260901699e-01 
 1.679101343407030e-07  1.216548252664888e-01 
 1.679301343407030e-07  1.216548244444523e-01 
 1.679501343407030e-07  1.216548236240571e-01 
 1.679701343407030e-07  1.216548228052999e-01 
 1.679901343407030e-07  1.216548219881774e-01 
 1.680101343407030e-07  1.216548211726864e-01 
 1.680301343407029e-07  1.216548203588236e-01 
 1.680501343407029e-07  1.216548195465858e-01 
 1.680701343407029e-07  1.216548187359697e-01 
 1.680901343407029e-07  1.216548179269721e-01 
 1.681101343407029e-07  1.216548171195898e-01 
 1.681301343407029e-07  1.216548163138195e-01 
 1.681501343407029e-07  1.216548155096580e-01 
 1.681701343407029e-07  1.216548147071021e-01 
 1.681901343407029e-07  1.216548139061485e-01 
 1.682101343407029e-07  1.216548131067941e-01 
 1.682301343407029e-07  1.216548123090358e-01 
 1.682501343407029e-07  1.216548115128703e-01 
 1.682701343407029e-07  1.216548107182944e-01 
 1.682901343407029e-07  1.216548099253050e-01 
 1.683101343407029e-07  1.216548091338989e-01 
 1.683301343407029e-07  1.216548083440729e-01 
 1.683501343407029e-07  1.216548075558239e-01 
 1.683701343407029e-07  1.216548067691487e-01 
 1.683901343407029e-07  1.216548059840442e-01 
 1.684101343407029e-07  1.216548052005072e-01 
 1.684301343407029e-07  1.216548044185347e-01 
 1.684501343407029e-07  1.216548036381235e-01 
 1.684701343407029e-07  1.216548028592704e-01 
 1.684901343407029e-07  1.216548020819724e-01 
 1.685101343407029e-07  1.216548013062263e-01 
 1.685301343407029e-07  1.216548005320292e-01 
 1.685501343407029e-07  1.216547997593777e-01 
 1.685701343407028e-07  1.216547989882690e-01 
 1.685901343407028e-07  1.216547982186999e-01 
 1.686101343407028e-07  1.216547974506674e-01 
 1.686301343407028e-07  1.216547966841683e-01 
 1.686501343407028e-07  1.216547959191995e-01 
 1.686701343407028e-07  1.216547951557582e-01 
 1.686901343407028e-07  1.216547943938411e-01 
 1.687101343407028e-07  1.216547936334453e-01 
 1.687301343407028e-07  1.216547928745677e-01 
 1.687501343407028e-07  1.216547921172053e-01 
 1.687701343407028e-07  1.216547913613551e-01 
 1.687901343407028e-07  1.216547906070139e-01 
 1.688101343407028e-07  1.216547898541789e-01 
 1.688301343407028e-07  1.216547891028470e-01 
 1.688501343407028e-07  1.216547883530152e-01 
 1.688701343407028e-07  1.216547876046806e-01 
 1.688901343407028e-07  1.216547868578401e-01 
 1.689101343407028e-07  1.216547861124908e-01 
 1.689301343407028e-07  1.216547853686296e-01 
 1.689501343407028e-07  1.216547846262536e-01 
 1.689701343407028e-07  1.216547838853598e-01 
 1.689901343407028e-07  1.216547831459453e-01 
 1.690101343407028e-07  1.216547824080072e-01 
 1.690301343407028e-07  1.216547816715424e-01 
 1.690501343407028e-07  1.216547809365481e-01 
 1.690701343407028e-07  1.216547802030212e-01 
 1.690901343407027e-07  1.216547794709589e-01 
 1.691101343407027e-07  1.216547787403583e-01 
 1.691301343407027e-07  1.216547780112163e-01 
 1.691501343407027e-07  1.216547772835302e-01 
 1.691701343407027e-07  1.216547765572970e-01 
 1.691901343407027e-07  1.216547758325139e-01 
 1.692101343407027e-07  1.216547751091778e-01 
 1.692301343407027e-07  1.216547743872859e-01 
 1.692501343407027e-07  1.216547736668354e-01 
 1.692701343407027e-07  1.216547729478234e-01 
 1.692901343407027e-07  1.216547722302469e-01 
 1.693101343407027e-07  1.216547715141031e-01 
 1.693301343407027e-07  1.216547707993892e-01 
 1.693501343407027e-07  1.216547700861024e-01 
 1.693701343407027e-07  1.216547693742396e-01 
 1.693901343407027e-07  1.216547686637982e-01 
 1.694101343407027e-07  1.216547679547752e-01 
 1.694301343407027e-07  1.216547672471679e-01 
 1.694501343407027e-07  1.216547665409733e-01 
 1.694701343407027e-07  1.216547658361888e-01 
 1.694901343407027e-07  1.216547651328114e-01 
 1.695101343407027e-07  1.216547644308385e-01 
 1.695301343407027e-07  1.216547637302671e-01 
 1.695501343407027e-07  1.216547630310945e-01 
 1.695701343407027e-07  1.216547623333178e-01 
 1.695901343407027e-07  1.216547616369343e-01 
 1.696101343407026e-07  1.216547609419412e-01 
 1.696301343407026e-07  1.216547602483357e-01 
 1.696501343407026e-07  1.216547595561151e-01 
 1.696701343407026e-07  1.216547588652766e-01 
 1.696901343407026e-07  1.216547581758175e-01 
 1.697101343407026e-07  1.216547574877349e-01 
 1.697301343407026e-07  1.216547568010262e-01 
 1.697501343407026e-07  1.216547561156885e-01 
 1.697701343407026e-07  1.216547554317192e-01 
 1.697901343407026e-07  1.216547547491155e-01 
 1.698101343407026e-07  1.216547540678747e-01 
 1.698301343407026e-07  1.216547533879941e-01 
 1.698501343407026e-07  1.216547527094709e-01 
 1.698701343407026e-07  1.216547520323025e-01 
 1.698901343407026e-07  1.216547513564862e-01 
 1.699101343407026e-07  1.216547506820192e-01 
 1.699301343407026e-07  1.216547500088988e-01 
 1.699501343407026e-07  1.216547493371224e-01 
 1.699701343407026e-07  1.216547486666872e-01 
 1.699901343407026e-07  1.216547479975908e-01 
 1.700101343407026e-07  1.216547473298302e-01 
 1.700301343407026e-07  1.216547466634028e-01 
 1.700501343407026e-07  1.216547459983060e-01 
 1.700701343407026e-07  1.216547453345372e-01 
 1.700901343407026e-07  1.216547446720937e-01 
 1.701101343407026e-07  1.216547440109728e-01 
 1.701301343407026e-07  1.216547433511719e-01 
 1.701501343407025e-07  1.216547426926884e-01 
 1.701701343407025e-07  1.216547420355196e-01 
 1.701901343407025e-07  1.216547413796630e-01 
 1.702101343407025e-07  1.216547407251158e-01 
 1.702301343407025e-07  1.216547400718755e-01 
 1.702501343407025e-07  1.216547394199395e-01 
 1.702701343407025e-07  1.216547387693051e-01 
 1.702901343407025e-07  1.216547381199699e-01 
 1.703101343407025e-07  1.216547374719310e-01 
 1.703301343407025e-07  1.216547368251861e-01 
 1.703501343407025e-07  1.216547361797325e-01 
 1.703701343407025e-07  1.216547355355675e-01 
 1.703901343407025e-07  1.216547348926887e-01 
 1.704101343407025e-07  1.216547342510936e-01 
 1.704301343407025e-07  1.216547336107794e-01 
 1.704501343407025e-07  1.216547329717436e-01 
 1.704701343407025e-07  1.216547323339838e-01 
 1.704901343407025e-07  1.216547316974973e-01 
 1.705101343407025e-07  1.216547310622817e-01 
 1.705301343407025e-07  1.216547304283343e-01 
 1.705501343407025e-07  1.216547297956527e-01 
 1.705701343407025e-07  1.216547291642343e-01 
 1.705901343407025e-07  1.216547285340765e-01 
 1.706101343407025e-07  1.216547279051770e-01 
 1.706301343407025e-07  1.216547272775331e-01 
 1.706501343407025e-07  1.216547266511424e-01 
 1.706701343407024e-07  1.216547260260024e-01 
 1.706901343407024e-07  1.216547254021105e-01 
 1.707101343407024e-07  1.216547247794643e-01 
 1.707301343407024e-07  1.216547241580613e-01 
 1.707501343407024e-07  1.216547235378989e-01 
 1.707701343407024e-07  1.216547229189748e-01 
 1.707901343407024e-07  1.216547223012865e-01 
 1.708101343407024e-07  1.216547216848314e-01 
 1.708301343407024e-07  1.216547210696072e-01 
 1.708501343407024e-07  1.216547204556113e-01 
 1.708701343407024e-07  1.216547198428413e-01 
 1.708901343407024e-07  1.216547192312948e-01 
 1.709101343407024e-07  1.216547186209694e-01 
 1.709301343407024e-07  1.216547180118625e-01 
 1.709501343407024e-07  1.216547174039717e-01 
 1.709701343407024e-07  1.216547167972946e-01 
 1.709901343407024e-07  1.216547161918288e-01 
 1.710101343407024e-07  1.216547155875720e-01 
 1.710301343407024e-07  1.216547149845216e-01 
 1.710501343407024e-07  1.216547143826752e-01 
 1.710701343407024e-07  1.216547137820305e-01 
 1.710901343407024e-07  1.216547131825851e-01 
 1.711101343407024e-07  1.216547125843365e-01 
 1.711301343407024e-07  1.216547119872824e-01 
 1.711501343407024e-07  1.216547113914205e-01 
 1.711701343407024e-07  1.216547107967481e-01 
 1.711901343407023e-07  1.216547102032631e-01 
 1.712101343407023e-07  1.216547096109631e-01 
 1.712301343407023e-07  1.216547090198456e-01 
 1.712501343407023e-07  1.216547084299084e-01 
 1.712701343407023e-07  1.216547078411491e-01 
 1.712901343407023e-07  1.216547072535653e-01 
 1.713101343407023e-07  1.216547066671547e-01 
 1.713301343407023e-07  1.216547060819149e-01 
 1.713501343407023e-07  1.216547054978435e-01 
 1.713701343407023e-07  1.216547049149384e-01 
 1.713901343407023e-07  1.216547043331971e-01 
 1.714101343407023e-07  1.216547037526173e-01 
 1.714301343407023e-07  1.216547031731968e-01 
 1.714501343407023e-07  1.216547025949331e-01 
 1.714701343407023e-07  1.216547020178239e-01 
 1.714901343407023e-07  1.216547014418670e-01 
 1.715101343407023e-07  1.216547008670601e-01 
 1.715301343407023e-07  1.216547002934008e-01 
 1.715501343407023e-07  1.216546997208869e-01 
 1.715701343407023e-07  1.216546991495161e-01 
 1.715901343407023e-07  1.216546985792861e-01 
 1.716101343407023e-07  1.216546980101946e-01 
 1.716301343407023e-07  1.216546974422395e-01 
 1.716501343407023e-07  1.216546968754182e-01 
 1.716701343407023e-07  1.216546963097287e-01 
 1.716901343407023e-07  1.216546957451686e-01 
 1.717101343407023e-07  1.216546951817358e-01 
 1.717301343407022e-07  1.216546946194279e-01 
 1.717501343407022e-07  1.216546940582427e-01 
 1.717701343407022e-07  1.216546934981780e-01 
 1.717901343407022e-07  1.216546929392315e-01 
 1.718101343407022e-07  1.216546923814011e-01 
 1.718301343407022e-07  1.216546918246843e-01 
 1.718501343407022e-07  1.216546912690792e-01 
 1.718701343407022e-07  1.216546907145834e-01 
 1.718901343407022e-07  1.216546901611947e-01 
 1.719101343407022e-07  1.216546896089108e-01 
 1.719301343407022e-07  1.216546890577298e-01 
 1.719501343407022e-07  1.216546885076491e-01 
 1.719701343407022e-07  1.216546879586668e-01 
 1.719901343407022e-07  1.216546874107805e-01 
 1.720101343407022e-07  1.216546868639882e-01 
 1.720301343407022e-07  1.216546863182876e-01 
 1.720501343407022e-07  1.216546857736767e-01 
 1.720701343407022e-07  1.216546852301530e-01 
 1.720901343407022e-07  1.216546846877146e-01 
 1.721101343407022e-07  1.216546841463592e-01 
 1.721301343407022e-07  1.216546836060847e-01 
 1.721501343407022e-07  1.216546830668889e-01 
 1.721701343407022e-07  1.216546825287697e-01 
 1.721901343407022e-07  1.216546819917248e-01 
 1.722101343407022e-07  1.216546814557523e-01 
 1.722301343407022e-07  1.216546809208498e-01 
 1.722501343407021e-07  1.216546803870154e-01 
 1.722701343407021e-07  1.216546798542468e-01 
 1.722901343407021e-07  1.216546793225419e-01 
 1.723101343407021e-07  1.216546787918987e-01 
 1.723301343407021e-07  1.216546782623149e-01 
 1.723501343407021e-07  1.216546777337885e-01 
 1.723701343407021e-07  1.216546772063175e-01 
 1.723901343407021e-07  1.216546766798995e-01 
 1.724101343407021e-07  1.216546761545326e-01 
 1.724301343407021e-07  1.216546756302146e-01 
 1.724501343407021e-07  1.216546751069436e-01 
 1.724701343407021e-07  1.216546745847173e-01 
 1.724901343407021e-07  1.216546740635336e-01 
 1.725101343407021e-07  1.216546735433906e-01 
 1.725301343407021e-07  1.216546730242861e-01 
 1.725501343407021e-07  1.216546725062181e-01 
 1.725701343407021e-07  1.216546719891844e-01 
 1.725901343407021e-07  1.216546714731831e-01 
 1.726101343407021e-07  1.216546709582120e-01 
 1.726301343407021e-07  1.216546704442690e-01 
 1.726501343407021e-07  1.216546699313523e-01 
 1.726701343407021e-07  1.216546694194596e-01 
 1.726901343407021e-07  1.216546689085889e-01 
 1.727101343407021e-07  1.216546683987383e-01 
 1.727301343407021e-07  1.216546678899057e-01 
 1.727501343407021e-07  1.216546673820890e-01 
 1.727701343407021e-07  1.216546668752862e-01 
 1.727901343407020e-07  1.216546663694953e-01 
 1.728101343407020e-07  1.216546658647143e-01 
 1.728301343407020e-07  1.216546653609411e-01 
 1.728501343407020e-07  1.216546648581738e-01 
 1.728701343407020e-07  1.216546643564103e-01 
 1.728901343407020e-07  1.216546638556485e-01 
 1.729101343407020e-07  1.216546633558867e-01 
 1.729301343407020e-07  1.216546628571226e-01 
 1.729501343407020e-07  1.216546623593544e-01 
 1.729701343407020e-07  1.216546618625801e-01 
 1.729901343407020e-07  1.216546613667977e-01 
 1.730101343407020e-07  1.216546608720050e-01 
 1.730301343407020e-07  1.216546603782003e-01 
 1.730501343407020e-07  1.216546598853816e-01 
 1.730701343407020e-07  1.216546593935468e-01 
 1.730901343407020e-07  1.216546589026940e-01 
 1.731101343407020e-07  1.216546584128212e-01 
 1.731301343407020e-07  1.216546579239266e-01 
 1.731501343407020e-07  1.216546574360081e-01 
 1.731701343407020e-07  1.216546569490637e-01 
 1.731901343407020e-07  1.216546564630917e-01 
 1.732101343407020e-07  1.216546559780898e-01 
 1.732301343407020e-07  1.216546554940564e-01 
 1.732501343407020e-07  1.216546550109894e-01 
 1.732701343407020e-07  1.216546545288868e-01 
 1.732901343407020e-07  1.216546540477469e-01 
 1.733101343407019e-07  1.216546535675676e-01 
 1.733301343407019e-07  1.216546530883471e-01 
 1.733501343407019e-07  1.216546526100834e-01 
 1.733701343407019e-07  1.216546521327746e-01 
 1.733901343407019e-07  1.216546516564187e-01 
 1.734101343407019e-07  1.216546511810140e-01 
 1.734301343407019e-07  1.216546507065585e-01 
 1.734501343407019e-07  1.216546502330503e-01 
 1.734701343407019e-07  1.216546497604874e-01 
 1.734901343407019e-07  1.216546492888681e-01 
 1.735101343407019e-07  1.216546488181904e-01 
 1.735301343407019e-07  1.216546483484525e-01 
 1.735501343407019e-07  1.216546478796525e-01 
 1.735701343407019e-07  1.216546474117885e-01 
 1.735901343407019e-07  1.216546469448586e-01 
 1.736101343407019e-07  1.216546464788610e-01 
 1.736301343407019e-07  1.216546460137938e-01 
 1.736501343407019e-07  1.216546455496552e-01 
 1.736701343407019e-07  1.216546450864433e-01 
 1.736901343407019e-07  1.216546446241562e-01 
 1.737101343407019e-07  1.216546441627922e-01 
 1.737301343407019e-07  1.216546437023493e-01 
 1.737501343407019e-07  1.216546432428258e-01 
 1.737701343407019e-07  1.216546427842197e-01 
 1.737901343407019e-07  1.216546423265293e-01 
 1.738101343407019e-07  1.216546418697527e-01 
 1.738301343407018e-07  1.216546414138882e-01 
 1.738501343407018e-07  1.216546409589338e-01 
 1.738701343407018e-07  1.216546405048878e-01 
 1.738901343407018e-07  1.216546400517483e-01 
 1.739101343407018e-07  1.216546395995135e-01 
 1.739301343407018e-07  1.216546391481817e-01 
 1.739501343407018e-07  1.216546386977511e-01 
 1.739701343407018e-07  1.216546382482198e-01 
 1.739901343407018e-07  1.216546377995860e-01 
 1.740101343407018e-07  1.216546373518480e-01 
 1.740301343407018e-07  1.216546369050039e-01 
 1.740501343407018e-07  1.216546364590520e-01 
 1.740701343407018e-07  1.216546360139904e-01 
 1.740901343407018e-07  1.216546355698175e-01 
 1.741101343407018e-07  1.216546351265314e-01 
 1.741301343407018e-07  1.216546346841304e-01 
 1.741501343407018e-07  1.216546342426128e-01 
 1.741701343407018e-07  1.216546338019766e-01 
 1.741901343407018e-07  1.216546333622203e-01 
 1.742101343407018e-07  1.216546329233419e-01 
 1.742301343407018e-07  1.216546324853398e-01 
 1.742501343407018e-07  1.216546320482122e-01 
 1.742701343407018e-07  1.216546316119574e-01 
 1.742901343407018e-07  1.216546311765736e-01 
 1.743101343407018e-07  1.216546307420591e-01 
 1.743301343407018e-07  1.216546303084122e-01 
 1.743501343407018e-07  1.216546298756311e-01 
 1.743701343407017e-07  1.216546294437141e-01 
 1.743901343407017e-07  1.216546290126595e-01 
 1.744101343407017e-07  1.216546285824655e-01 
 1.744301343407017e-07  1.216546281531304e-01 
 1.744501343407017e-07  1.216546277246525e-01 
 1.744701343407017e-07  1.216546272970301e-01 
 1.744901343407017e-07  1.216546268702615e-01 
 1.745101343407017e-07  1.216546264443450e-01 
 1.745301343407017e-07  1.216546260192790e-01 
 1.745501343407017e-07  1.216546255950616e-01 
 1.745701343407017e-07  1.216546251716912e-01 
 1.745901343407017e-07  1.216546247491661e-01 
 1.746101343407017e-07  1.216546243274846e-01 
 1.746301343407017e-07  1.216546239066451e-01 
 1.746501343407017e-07  1.216546234866458e-01 
 1.746701343407017e-07  1.216546230674851e-01 
 1.746901343407017e-07  1.216546226491613e-01 
 1.747101343407017e-07  1.216546222316728e-01 
 1.747301343407017e-07  1.216546218150178e-01 
 1.747501343407017e-07  1.216546213991946e-01 
 1.747701343407017e-07  1.216546209842017e-01 
 1.747901343407017e-07  1.216546205700374e-01 
 1.748101343407017e-07  1.216546201567000e-01 
 1.748301343407017e-07  1.216546197441880e-01 
 1.748501343407017e-07  1.216546193324995e-01 
 1.748701343407017e-07  1.216546189216330e-01 
 1.748901343407016e-07  1.216546185115868e-01 
 1.749101343407016e-07  1.216546181023594e-01 
 1.749301343407016e-07  1.216546176939491e-01 
 1.749501343407016e-07  1.216546172863541e-01 
 1.749701343407016e-07  1.216546168795730e-01 
 1.749901343407016e-07  1.216546164736041e-01 
 1.750101343407016e-07  1.216546160684457e-01 
 1.750301343407016e-07  1.216546156640963e-01 
 1.750501343407016e-07  1.216546152605542e-01 
 1.750701343407016e-07  1.216546148578178e-01 
 1.750901343407016e-07  1.216546144558855e-01 
 1.751101343407016e-07  1.216546140547557e-01 
 1.751301343407016e-07  1.216546136544269e-01 
 1.751501343407016e-07  1.216546132548973e-01 
 1.751701343407016e-07  1.216546128561654e-01 
 1.751901343407016e-07  1.216546124582296e-01 
 1.752101343407016e-07  1.216546120610883e-01 
 1.752301343407016e-07  1.216546116647401e-01 
 1.752501343407016e-07  1.216546112691831e-01 
 1.752701343407016e-07  1.216546108744160e-01 
 1.752901343407016e-07  1.216546104804370e-01 
 1.753101343407016e-07  1.216546100872446e-01 
 1.753301343407016e-07  1.216546096948373e-01 
 1.753501343407016e-07  1.216546093032135e-01 
 1.753701343407016e-07  1.216546089123716e-01 
 1.753901343407016e-07  1.216546085223100e-01 
 1.754101343407015e-07  1.216546081330273e-01 
 1.754301343407015e-07  1.216546077445218e-01 
 1.754501343407015e-07  1.216546073567920e-01 
 1.754701343407015e-07  1.216546069698363e-01 
 1.754901343407015e-07  1.216546065836533e-01 
 1.755101343407015e-07  1.216546061982413e-01 
 1.755301343407015e-07  1.216546058135988e-01 
 1.755501343407015e-07  1.216546054297243e-01 
 1.755701343407015e-07  1.216546050466162e-01 
 1.755901343407015e-07  1.216546046642731e-01 
 1.756101343407015e-07  1.216546042826933e-01 
 1.756301343407015e-07  1.216546039018754e-01 
 1.756501343407015e-07  1.216546035218179e-01 
 1.756701343407015e-07  1.216546031425192e-01 
 1.756901343407015e-07  1.216546027639778e-01 
 1.757101343407015e-07  1.216546023861922e-01 
 1.757301343407015e-07  1.216546020091609e-01 
 1.757501343407015e-07  1.216546016328824e-01 
 1.757701343407015e-07  1.216546012573552e-01 
 1.757901343407015e-07  1.216546008825777e-01 
 1.758101343407015e-07  1.216546005085486e-01 
 1.758301343407015e-07  1.216546001352662e-01 
 1.758501343407015e-07  1.216545997627291e-01 
 1.758701343407015e-07  1.216545993909358e-01 
 1.758901343407015e-07  1.216545990198848e-01 
 1.759101343407015e-07  1.216545986495747e-01 
 1.759301343407015e-07  1.216545982800040e-01 
 1.759501343407014e-07  1.216545979111711e-01 
 1.759701343407014e-07  1.216545975430747e-01 
 1.759901343407014e-07  1.216545971757132e-01 
 1.760101343407014e-07  1.216545968090852e-01 
 1.760301343407014e-07  1.216545964431891e-01 
 1.760501343407014e-07  1.216545960780237e-01 
 1.760701343407014e-07  1.216545957135874e-01 
 1.760901343407014e-07  1.216545953498787e-01 
 1.761101343407014e-07  1.216545949868961e-01 
 1.761301343407014e-07  1.216545946246383e-01 
 1.761501343407014e-07  1.216545942631038e-01 
 1.761701343407014e-07  1.216545939022912e-01 
 1.761901343407014e-07  1.216545935421989e-01 
 1.762101343407014e-07  1.216545931828256e-01 
 1.762301343407014e-07  1.216545928241698e-01 
 1.762501343407014e-07  1.216545924662302e-01 
 1.762701343407014e-07  1.216545921090052e-01 
 1.762901343407014e-07  1.216545917524935e-01 
 1.763101343407014e-07  1.216545913966935e-01 
 1.763301343407014e-07  1.216545910416039e-01 
 1.763501343407014e-07  1.216545906872233e-01 
 1.763701343407014e-07  1.216545903335503e-01 
 1.763901343407014e-07  1.216545899805835e-01 
 1.764101343407014e-07  1.216545896283213e-01 
 1.764301343407014e-07  1.216545892767625e-01 
 1.764501343407014e-07  1.216545889259057e-01 
 1.764701343407013e-07  1.216545885757493e-01 
 1.764901343407013e-07  1.216545882262921e-01 
 1.765101343407013e-07  1.216545878775326e-01 
 1.765301343407013e-07  1.216545875294694e-01 
 1.765501343407013e-07  1.216545871821012e-01 
 1.765701343407013e-07  1.216545868354266e-01 
 1.765901343407013e-07  1.216545864894441e-01 
 1.766101343407013e-07  1.216545861441524e-01 
 1.766301343407013e-07  1.216545857995502e-01 
 1.766501343407013e-07  1.216545854556359e-01 
 1.766701343407013e-07  1.216545851124084e-01 
 1.766901343407013e-07  1.216545847698661e-01 
 1.767101343407013e-07  1.216545844280077e-01 
 1.767301343407013e-07  1.216545840868319e-01 
 1.767501343407013e-07  1.216545837463373e-01 
 1.767701343407013e-07  1.216545834065225e-01 
 1.767901343407013e-07  1.216545830673862e-01 
 1.768101343407013e-07  1.216545827289271e-01 
 1.768301343407013e-07  1.216545823911437e-01 
 1.768501343407013e-07  1.216545820540347e-01 
 1.768701343407013e-07  1.216545817175988e-01 
 1.768901343407013e-07  1.216545813818346e-01 
 1.769101343407013e-07  1.216545810467409e-01 
 1.769301343407013e-07  1.216545807123161e-01 
 1.769501343407013e-07  1.216545803785591e-01 
 1.769701343407013e-07  1.216545800454685e-01 
 1.769901343407013e-07  1.216545797130430e-01 
 1.770101343407012e-07  1.216545793812811e-01 
 1.770301343407012e-07  1.216545790501817e-01 
 1.770501343407012e-07  1.216545787197434e-01 
 1.770701343407012e-07  1.216545783899647e-01 
 1.770901343407012e-07  1.216545780608446e-01 
 1.771101343407012e-07  1.216545777323815e-01 
 1.771301343407012e-07  1.216545774045742e-01 
 1.771501343407012e-07  1.216545770774215e-01 
 1.771701343407012e-07  1.216545767509220e-01 
 1.771901343407012e-07  1.216545764250743e-01 
 1.772101343407012e-07  1.216545760998772e-01 
 1.772301343407012e-07  1.216545757753295e-01 
 1.772501343407012e-07  1.216545754514297e-01 
 1.772701343407012e-07  1.216545751281766e-01 
 1.772901343407012e-07  1.216545748055690e-01 
 1.773101343407012e-07  1.216545744836055e-01 
 1.773301343407012e-07  1.216545741622848e-01 
 1.773501343407012e-07  1.216545738416056e-01 
 1.773701343407012e-07  1.216545735215667e-01 
 1.773901343407012e-07  1.216545732021669e-01 
 1.774101343407012e-07  1.216545728834047e-01 
 1.774301343407012e-07  1.216545725652790e-01 
 1.774501343407012e-07  1.216545722477884e-01 
 1.774701343407012e-07  1.216545719309318e-01 
 1.774901343407012e-07  1.216545716147078e-01 
 1.775101343407012e-07  1.216545712991152e-01 
 1.775301343407011e-07  1.216545709841527e-01 
 1.775501343407011e-07  1.216545706698190e-01 
 1.775701343407011e-07  1.216545703561130e-01 
 1.775901343407011e-07  1.216545700430333e-01 
 1.776101343407011e-07  1.216545697305787e-01 
 1.776301343407011e-07  1.216545694187479e-01 
 1.776501343407011e-07  1.216545691075398e-01 
 1.776701343407011e-07  1.216545687969530e-01 
 1.776901343407011e-07  1.216545684869864e-01 
 1.777101343407011e-07  1.216545681776386e-01 
 1.777301343407011e-07  1.216545678689086e-01 
 1.777501343407011e-07  1.216545675607949e-01 
 1.777701343407011e-07  1.216545672532963e-01 
 1.777901343407011e-07  1.216545669464118e-01 
 1.778101343407011e-07  1.216545666401399e-01 
 1.778301343407011e-07  1.216545663344796e-01 
 1.778501343407011e-07  1.216545660294295e-01 
 1.778701343407011e-07  1.216545657249885e-01 
 1.778901343407011e-07  1.216545654211554e-01 
 1.779101343407011e-07  1.216545651179289e-01 
 1.779301343407011e-07  1.216545648153079e-01 
 1.779501343407011e-07  1.216545645132910e-01 
 1.779701343407011e-07  1.216545642118772e-01 
 1.779901343407011e-07  1.216545639110651e-01 
 1.780101343407011e-07  1.216545636108537e-01 
 1.780301343407011e-07  1.216545633112417e-01 
 1.780501343407010e-07  1.216545630122279e-01 
 1.780701343407010e-07  1.216545627138110e-01 
 1.780901343407010e-07  1.216545624159901e-01 
 1.781101343407010e-07  1.216545621187638e-01 
 1.781301343407010e-07  1.216545618221308e-01 
 1.781501343407010e-07  1.216545615260902e-01 
 1.781701343407010e-07  1.216545612306407e-01 
 1.781901343407010e-07  1.216545609357810e-01 
 1.782101343407010e-07  1.216545606415101e-01 
 1.782301343407010e-07  1.216545603478267e-01 
 1.782501343407010e-07  1.216545600547297e-01 
 1.782701343407010e-07  1.216545597622179e-01 
 1.782901343407010e-07  1.216545594702901e-01 
 1.783101343407010e-07  1.216545591789452e-01 
 1.783301343407010e-07  1.216545588881820e-01 
 1.783501343407010e-07  1.216545585979993e-01 
 1.783701343407010e-07  1.216545583083960e-01 
 1.783901343407010e-07  1.216545580193709e-01 
 1.784101343407010e-07  1.216545577309229e-01 
 1.784301343407010e-07  1.216545574430508e-01 
 1.784501343407010e-07  1.216545571557535e-01 
 1.784701343407010e-07  1.216545568690297e-01 
 1.784901343407010e-07  1.216545565828785e-01 
 1.785101343407010e-07  1.216545562972986e-01 
 1.785301343407010e-07  1.216545560122889e-01 
 1.785501343407010e-07  1.216545557278482e-01 
 1.785701343407010e-07  1.216545554439755e-01 
 1.785901343407009e-07  1.216545551606696e-01 
 1.786101343407009e-07  1.216545548779293e-01 
 1.786301343407009e-07  1.216545545957536e-01 
 1.786501343407009e-07  1.216545543141412e-01 
 1.786701343407009e-07  1.216545540330912e-01 
 1.786901343407009e-07  1.216545537526022e-01 
 1.787101343407009e-07  1.216545534726733e-01 
 1.787301343407009e-07  1.216545531933033e-01 
 1.787501343407009e-07  1.216545529144911e-01 
 1.787701343407009e-07  1.216545526362355e-01 
 1.787901343407009e-07  1.216545523585355e-01 
 1.788101343407009e-07  1.216545520813900e-01 
 1.788301343407009e-07  1.216545518047979e-01 
 1.788501343407009e-07  1.216545515287580e-01 
 1.788701343407009e-07  1.216545512532692e-01 
 1.788901343407009e-07  1.216545509783304e-01 
 1.789101343407009e-07  1.216545507039406e-01 
 1.789301343407009e-07  1.216545504300987e-01 
 1.789501343407009e-07  1.216545501568035e-01 
 1.789701343407009e-07  1.216545498840540e-01 
 1.789901343407009e-07  1.216545496118490e-01 
 1.790101343407009e-07  1.216545493401875e-01 
 1.790301343407009e-07  1.216545490690684e-01 
 1.790501343407009e-07  1.216545487984907e-01 
 1.790701343407009e-07  1.216545485284532e-01 
 1.790901343407009e-07  1.216545482589549e-01 
 1.791101343407008e-07  1.216545479899946e-01 
 1.791301343407008e-07  1.216545477215713e-01 
 1.791501343407008e-07  1.216545474536840e-01 
 1.791701343407008e-07  1.216545471863316e-01 
 1.791901343407008e-07  1.216545469195129e-01 
 1.792101343407008e-07  1.216545466532270e-01 
 1.792301343407008e-07  1.216545463874728e-01 
 1.792501343407008e-07  1.216545461222491e-01 
 1.792701343407008e-07  1.216545458575551e-01 
 1.792901343407008e-07  1.216545455933895e-01 
 1.793101343407008e-07  1.216545453297513e-01 
 1.793301343407008e-07  1.216545450666395e-01 
 1.793501343407008e-07  1.216545448040531e-01 
 1.793701343407008e-07  1.216545445419910e-01 
 1.793901343407008e-07  1.216545442804521e-01 
 1.794101343407008e-07  1.216545440194354e-01 
 1.794301343407008e-07  1.216545437589398e-01 
 1.794501343407008e-07  1.216545434989643e-01 
 1.794701343407008e-07  1.216545432395079e-01 
 1.794901343407008e-07  1.216545429805695e-01 
 1.795101343407008e-07  1.216545427221481e-01 
 1.795301343407008e-07  1.216545424642427e-01 
 1.795501343407008e-07  1.216545422068522e-01 
 1.795701343407008e-07  1.216545419499756e-01 
 1.795901343407008e-07  1.216545416936120e-01 
 1.796101343407008e-07  1.216545414377602e-01 
 1.796301343407007e-07  1.216545411824192e-01 
 1.796501343407007e-07  1.216545409275881e-01 
 1.796701343407007e-07  1.216545406732657e-01 
 1.796901343407007e-07  1.216545404194511e-01 
 1.797101343407007e-07  1.216545401661432e-01 
 1.797301343407007e-07  1.216545399133411e-01 
 1.797501343407007e-07  1.216545396610438e-01 
 1.797701343407007e-07  1.216545394092503e-01 
 1.797901343407007e-07  1.216545391579594e-01 
 1.798101343407007e-07  1.216545389071703e-01 
 1.798301343407007e-07  1.216545386568820e-01 
 1.798501343407007e-07  1.216545384070933e-01 
 1.798701343407007e-07  1.216545381578035e-01 
 1.798901343407007e-07  1.216545379090113e-01 
 1.799101343407007e-07  1.216545376607159e-01 
 1.799301343407007e-07  1.216545374129162e-01 
 1.799501343407007e-07  1.216545371656112e-01 
 1.799701343407007e-07  1.216545369188001e-01 
 1.799901343407007e-07  1.216545366724817e-01 
 1.800101343407007e-07  1.216545364266551e-01 
 1.800301343407007e-07  1.216545361813193e-01 
 1.800501343407007e-07  1.216545359364734e-01 
 1.800701343407007e-07  1.216545356921164e-01 
 1.800901343407007e-07  1.216545354482473e-01 
 1.801101343407007e-07  1.216545352048650e-01 
 1.801301343407007e-07  1.216545349619687e-01 
 1.801501343407007e-07  1.216545347195573e-01 
 1.801701343407006e-07  1.216545344776300e-01 
 1.801901343407006e-07  1.216545342361857e-01 
 1.802101343407006e-07  1.216545339952235e-01 
 1.802301343407006e-07  1.216545337547423e-01 
 1.802501343407006e-07  1.216545335147413e-01 
 1.802701343407006e-07  1.216545332752196e-01 
 1.802901343407006e-07  1.216545330361760e-01 
 1.803101343407006e-07  1.216545327976097e-01 
 1.803301343407006e-07  1.216545325595197e-01 
 1.803501343407006e-07  1.216545323219051e-01 
 1.803701343407006e-07  1.216545320847649e-01 
 1.803901343407006e-07  1.216545318480982e-01 
 1.804101343407006e-07  1.216545316119041e-01 
 1.804301343407006e-07  1.216545313761815e-01 
 1.804501343407006e-07  1.216545311409296e-01 
 1.804701343407006e-07  1.216545309061473e-01 
 1.804901343407006e-07  1.216545306718339e-01 
 1.805101343407006e-07  1.216545304379883e-01 
 1.805301343407006e-07  1.216545302046095e-01 
 1.805501343407006e-07  1.216545299716968e-01 
 1.805701343407006e-07  1.216545297392491e-01 
 1.805901343407006e-07  1.216545295072655e-01 
 1.806101343407006e-07  1.216545292757451e-01 
 1.806301343407006e-07  1.216545290446870e-01 
 1.806501343407006e-07  1.216545288140902e-01 
 1.806701343407006e-07  1.216545285839537e-01 
 1.806901343407005e-07  1.216545283542768e-01 
 1.807101343407005e-07  1.216545281250584e-01 
 1.807301343407005e-07  1.216545278962977e-01 
 1.807501343407005e-07  1.216545276679938e-01 
 1.807701343407005e-07  1.216545274401456e-01 
 1.807901343407005e-07  1.216545272127524e-01 
 1.808101343407005e-07  1.216545269858132e-01 
 1.808301343407005e-07  1.216545267593271e-01 
 1.808501343407005e-07  1.216545265332933e-01 
 1.808701343407005e-07  1.216545263077107e-01 
 1.808901343407005e-07  1.216545260825785e-01 
 1.809101343407005e-07  1.216545258578959e-01 
 1.809301343407005e-07  1.216545256336618e-01 
 1.809501343407005e-07  1.216545254098754e-01 
 1.809701343407005e-07  1.216545251865359e-01 
 1.809901343407005e-07  1.216545249636424e-01 
 1.810101343407005e-07  1.216545247411938e-01 
 1.810301343407005e-07  1.216545245191894e-01 
 1.810501343407005e-07  1.216545242976282e-01 
 1.810701343407005e-07  1.216545240765094e-01 
 1.810901343407005e-07  1.216545238558320e-01 
 1.811101343407005e-07  1.216545236355953e-01 
 1.811301343407005e-07  1.216545234157983e-01 
 1.811501343407005e-07  1.216545231964403e-01 
 1.811701343407005e-07  1.216545229775201e-01 
 1.811901343407005e-07  1.216545227590370e-01 
 1.812101343407005e-07  1.216545225409901e-01 
 1.812301343407004e-07  1.216545223233786e-01 
 1.812501343407004e-07  1.216545221062017e-01 
 1.812701343407004e-07  1.216545218894583e-01 
 1.812901343407004e-07  1.216545216731477e-01 
 1.813101343407004e-07  1.216545214572689e-01 
 1.813301343407004e-07  1.216545212418212e-01 
 1.813501343407004e-07  1.216545210268037e-01 
 1.813701343407004e-07  1.216545208122154e-01 
 1.813901343407004e-07  1.216545205980556e-01 
 1.814101343407004e-07  1.216545203843234e-01 
 1.814301343407004e-07  1.216545201710180e-01 
 1.814501343407004e-07  1.216545199581384e-01 
 1.814701343407004e-07  1.216545197456839e-01 
 1.814901343407004e-07  1.216545195336535e-01 
 1.815101343407004e-07  1.216545193220465e-01 
 1.815301343407004e-07  1.216545191108620e-01 
 1.815501343407004e-07  1.216545189000992e-01 
 1.815701343407004e-07  1.216545186897571e-01 
 1.815901343407004e-07  1.216545184798351e-01 
 1.816101343407004e-07  1.216545182703321e-01 
 1.816301343407004e-07  1.216545180612475e-01 
 1.816501343407004e-07  1.216545178525803e-01 
 1.816701343407004e-07  1.216545176443298e-01 
 1.816901343407004e-07  1.216545174364951e-01 
 1.817101343407004e-07  1.216545172290753e-01 
 1.817301343407004e-07  1.216545170220696e-01 
 1.817501343407003e-07  1.216545168154773e-01 
 1.817701343407003e-07  1.216545166092974e-01 
 1.817901343407003e-07  1.216545164035292e-01 
 1.818101343407003e-07  1.216545161981719e-01 
 1.818301343407003e-07  1.216545159932245e-01 
 1.818501343407003e-07  1.216545157886864e-01 
 1.818701343407003e-07  1.216545155845567e-01 
 1.818901343407003e-07  1.216545153808345e-01 
 1.819101343407003e-07  1.216545151775190e-01 
 1.819301343407003e-07  1.216545149746095e-01 
 1.819501343407003e-07  1.216545147721052e-01 
 1.819701343407003e-07  1.216545145700051e-01 
 1.819901343407003e-07  1.216545143683086e-01 
 1.820101343407003e-07  1.216545141670148e-01 
 1.820301343407003e-07  1.216545139661229e-01 
 1.820501343407003e-07  1.216545137656320e-01 
 1.820701343407003e-07  1.216545135655415e-01 
 1.820901343407003e-07  1.216545133658506e-01 
 1.821101343407003e-07  1.216545131665583e-01 
 1.821301343407003e-07  1.216545129676639e-01 
 1.821501343407003e-07  1.216545127691666e-01 
 1.821701343407003e-07  1.216545125710657e-01 
 1.821901343407003e-07  1.216545123733602e-01 
 1.822101343407003e-07  1.216545121760495e-01 
 1.822301343407003e-07  1.216545119791328e-01 
 1.822501343407003e-07  1.216545117826092e-01 
 1.822701343407002e-07  1.216545115864780e-01 
 1.822901343407002e-07  1.216545113907385e-01 
 1.823101343407002e-07  1.216545111953897e-01 
 1.823301343407002e-07  1.216545110004310e-01 
 1.823501343407002e-07  1.216545108058615e-01 
 1.823701343407002e-07  1.216545106116805e-01 
 1.823901343407002e-07  1.216545104178872e-01 
 1.824101343407002e-07  1.216545102244808e-01 
 1.824301343407002e-07  1.216545100314607e-01 
 1.824501343407002e-07  1.216545098388259e-01 
 1.824701343407002e-07  1.216545096465757e-01 
 1.824901343407002e-07  1.216545094547094e-01 
 1.825101343407002e-07  1.216545092632261e-01 
 1.825301343407002e-07  1.216545090721251e-01 
 1.825501343407002e-07  1.216545088814058e-01 
 1.825701343407002e-07  1.216545086910672e-01 
 1.825901343407002e-07  1.216545085011086e-01 
 1.826101343407002e-07  1.216545083115293e-01 
 1.826301343407002e-07  1.216545081223285e-01 
 1.826501343407002e-07  1.216545079335055e-01 
 1.826701343407002e-07  1.216545077450596e-01 
 1.826901343407002e-07  1.216545075569898e-01 
 1.827101343407002e-07  1.216545073692955e-01 
 1.827301343407002e-07  1.216545071819760e-01 
 1.827501343407002e-07  1.216545069950305e-01 
 1.827701343407002e-07  1.216545068084582e-01 
 1.827901343407002e-07  1.216545066222585e-01 
 1.828101343407001e-07  1.216545064364305e-01 
 1.828301343407001e-07  1.216545062509736e-01 
 1.828501343407001e-07  1.216545060658869e-01 
 1.828701343407001e-07  1.216545058811699e-01 
 1.828901343407001e-07  1.216545056968216e-01 
 1.829101343407001e-07  1.216545055128413e-01 
 1.829301343407001e-07  1.216545053292284e-01 
 1.829501343407001e-07  1.216545051459821e-01 
 1.829701343407001e-07  1.216545049631017e-01 
 1.829901343407001e-07  1.216545047805865e-01 
 1.830101343407001e-07  1.216545045984357e-01 
 1.830301343407001e-07  1.216545044166485e-01 
 1.830501343407001e-07  1.216545042352243e-01 
 1.830701343407001e-07  1.216545040541623e-01 
 1.830901343407001e-07  1.216545038734618e-01 
 1.831101343407001e-07  1.216545036931221e-01 
 1.831301343407001e-07  1.216545035131425e-01 
 1.831501343407001e-07  1.216545033335222e-01 
 1.831701343407001e-07  1.216545031542606e-01 
 1.831901343407001e-07  1.216545029753568e-01 
 1.832101343407001e-07  1.216545027968103e-01 
 1.832301343407001e-07  1.216545026186203e-01 
 1.832501343407001e-07  1.216545024407860e-01 
 1.832701343407001e-07  1.216545022633068e-01 
 1.832901343407001e-07  1.216545020861820e-01 
 1.833101343407001e-07  1.216545019094108e-01 
 1.833301343407000e-07  1.216545017329926e-01 
 1.833501343407000e-07  1.216545015569265e-01 
 1.833701343407000e-07  1.216545013812121e-01 
 1.833901343407000e-07  1.216545012058485e-01 
 1.834101343407000e-07  1.216545010308350e-01 
 1.834301343407000e-07  1.216545008561709e-01 
 1.834501343407000e-07  1.216545006818556e-01 
 1.834701343407000e-07  1.216545005078883e-01 
 1.834901343407000e-07  1.216545003342684e-01 
 1.835101343407000e-07  1.216545001609951e-01 
 1.835301343407000e-07  1.216544999880677e-01 
 1.835501343407000e-07  1.216544998154857e-01 
 1.835701343407000e-07  1.216544996432481e-01 
 1.835901343407000e-07  1.216544994713545e-01 
 1.836101343407000e-07  1.216544992998041e-01 
 1.836301343407000e-07  1.216544991285963e-01 
 1.836501343407000e-07  1.216544989577302e-01 
 1.836701343407000e-07  1.216544987872054e-01 
 1.836901343407000e-07  1.216544986170210e-01 
 1.837101343407000e-07  1.216544984471764e-01 
 1.837301343407000e-07  1.216544982776708e-01 
 1.837501343407000e-07  1.216544981085037e-01 
 1.837701343407000e-07  1.216544979396745e-01 
 1.837901343407000e-07  1.216544977711822e-01 
 1.838101343407000e-07  1.216544976030265e-01 
 1.838301343407000e-07  1.216544974352064e-01 
 1.838501343406999e-07  1.216544972677214e-01 
 1.838701343406999e-07  1.216544971005708e-01 
 1.838901343406999e-07  1.216544969337540e-01 
 1.839101343406999e-07  1.216544967672702e-01 
 1.839301343406999e-07  1.216544966011188e-01 
 1.839501343406999e-07  1.216544964352991e-01 
 1.839701343406999e-07  1.216544962698105e-01 
 1.839901343406999e-07  1.216544961046524e-01 
 1.840101343406999e-07  1.216544959398240e-01 
 1.840301343406999e-07  1.216544957753247e-01 
 1.840501343406999e-07  1.216544956111539e-01 
 1.840701343406999e-07  1.216544954473107e-01 
 1.840901343406999e-07  1.216544952837948e-01 
 1.841101343406999e-07  1.216544951206053e-01 
 1.841301343406999e-07  1.216544949577416e-01 
 1.841501343406999e-07  1.216544947952031e-01 
 1.841701343406999e-07  1.216544946329892e-01 
 1.841901343406999e-07  1.216544944710992e-01 
 1.842101343406999e-07  1.216544943095323e-01 
 1.842301343406999e-07  1.216544941482881e-01 
 1.842501343406999e-07  1.216544939873658e-01 
 1.842701343406999e-07  1.216544938267648e-01 
 1.842901343406999e-07  1.216544936664845e-01 
 1.843101343406999e-07  1.216544935065241e-01 
 1.843301343406999e-07  1.216544933468832e-01 
 1.843501343406999e-07  1.216544931875610e-01 
 1.843701343406999e-07  1.216544930285569e-01 
 1.843901343406998e-07  1.216544928698702e-01 
 1.844101343406998e-07  1.216544927115004e-01 
 1.844301343406998e-07  1.216544925534468e-01 
 1.844501343406998e-07  1.216544923957088e-01 
 1.844701343406998e-07  1.216544922382858e-01 
 1.844901343406998e-07  1.216544920811770e-01 
 1.845101343406998e-07  1.216544919243819e-01 
 1.845301343406998e-07  1.216544917678999e-01 
 1.845501343406998e-07  1.216544916117304e-01 
 1.845701343406998e-07  1.216544914558726e-01 
 1.845901343406998e-07  1.216544913003260e-01 
 1.846101343406998e-07  1.216544911450900e-01 
 1.846301343406998e-07  1.216544909901639e-01 
 1.846501343406998e-07  1.216544908355471e-01 
 1.846701343406998e-07  1.216544906812391e-01 
 1.846901343406998e-07  1.216544905272392e-01 
 1.847101343406998e-07  1.216544903735467e-01 
 1.847301343406998e-07  1.216544902201611e-01 
 1.847501343406998e-07  1.216544900670817e-01 
 1.847701343406998e-07  1.216544899143080e-01 
 1.847901343406998e-07  1.216544897618393e-01 
 1.848101343406998e-07  1.216544896096751e-01 
 1.848301343406998e-07  1.216544894578146e-01 
 1.848501343406998e-07  1.216544893062574e-01 
 1.848701343406998e-07  1.216544891550028e-01 
 1.848901343406998e-07  1.216544890040502e-01 
 1.849101343406997e-07  1.216544888533989e-01 
 1.849301343406997e-07  1.216544887030485e-01 
 1.849501343406997e-07  1.216544885529982e-01 
 1.849701343406997e-07  1.216544884032476e-01 
 1.849901343406997e-07  1.216544882537959e-01 
 1.850101343406997e-07  1.216544881046426e-01 
 1.850301343406997e-07  1.216544879557871e-01 
 1.850501343406997e-07  1.216544878072288e-01 
 1.850701343406997e-07  1.216544876589671e-01 
 1.850901343406997e-07  1.216544875110015e-01 
 1.851101343406997e-07  1.216544873633312e-01 
 1.851301343406997e-07  1.216544872159558e-01 
 1.851501343406997e-07  1.216544870688747e-01 
 1.851701343406997e-07  1.216544869220872e-01 
 1.851901343406997e-07  1.216544867755929e-01 
 1.852101343406997e-07  1.216544866293910e-01 
 1.852301343406997e-07  1.216544864834810e-01 
 1.852501343406997e-07  1.216544863378623e-01 
 1.852701343406997e-07  1.216544861925344e-01 
 1.852901343406997e-07  1.216544860474966e-01 
 1.853101343406997e-07  1.216544859027484e-01 
 1.853301343406997e-07  1.216544857582892e-01 
 1.853501343406997e-07  1.216544856141185e-01 
 1.853701343406997e-07  1.216544854702356e-01 
 1.853901343406997e-07  1.216544853266400e-01 
 1.854101343406997e-07  1.216544851833311e-01 
 1.854301343406997e-07  1.216544850403083e-01 
 1.854501343406996e-07  1.216544848975712e-01 
 1.854701343406996e-07  1.216544847551190e-01 
 1.854901343406996e-07  1.216544846129512e-01 
 1.855101343406996e-07  1.216544844710673e-01 
 1.855301343406996e-07  1.216544843294667e-01 
 1.855501343406996e-07  1.216544841881487e-01 
 1.855701343406996e-07  1.216544840471129e-01 
 1.855901343406996e-07  1.216544839063587e-01 
 1.856101343406996e-07  1.216544837658856e-01 
 1.856301343406996e-07  1.216544836256930e-01 
 1.856501343406996e-07  1.216544834857802e-01 
 1.856701343406996e-07  1.216544833461468e-01 
 1.856901343406996e-07  1.216544832067921e-01 
 1.857101343406996e-07  1.216544830677158e-01 
 1.857301343406996e-07  1.216544829289171e-01 
 1.857501343406996e-07  1.216544827903955e-01 
 1.857701343406996e-07  1.216544826521504e-01 
 1.857901343406996e-07  1.216544825141814e-01 
 1.858101343406996e-07  1.216544823764879e-01 
 1.858301343406996e-07  1.216544822390693e-01 
 1.858501343406996e-07  1.216544821019251e-01 
 1.858701343406996e-07  1.216544819650548e-01 
 1.858901343406996e-07  1.216544818284576e-01 
 1.859101343406996e-07  1.216544816921333e-01 
 1.859301343406996e-07  1.216544815560811e-01 
 1.859501343406996e-07  1.216544814203005e-01 
 1.859701343406995e-07  1.216544812847911e-01 
 1.859901343406995e-07  1.216544811495522e-01 
 1.860101343406995e-07  1.216544810145833e-01 
 1.860301343406995e-07  1.216544808798839e-01 
 1.860501343406995e-07  1.216544807454534e-01 
 1.860701343406995e-07  1.216544806112914e-01 
 1.860901343406995e-07  1.216544804773972e-01 
 1.861101343406995e-07  1.216544803437703e-01 
 1.861301343406995e-07  1.216544802104103e-01 
 1.861501343406995e-07  1.216544800773165e-01 
 1.861701343406995e-07  1.216544799444885e-01 
 1.861901343406995e-07  1.216544798119257e-01 
 1.862101343406995e-07  1.216544796796276e-01 
 1.862301343406995e-07  1.216544795475936e-01 
 1.862501343406995e-07  1.216544794158232e-01 
 1.862701343406995e-07  1.216544792843159e-01 
 1.862901343406995e-07  1.216544791530712e-01 
 1.863101343406995e-07  1.216544790220885e-01 
 1.863301343406995e-07  1.216544788913674e-01 
 1.863501343406995e-07  1.216544787609072e-01 
 1.863701343406995e-07  1.216544786307075e-01 
 1.863901343406995e-07  1.216544785007678e-01 
 1.864101343406995e-07  1.216544783710875e-01 
 1.864301343406995e-07  1.216544782416661e-01 
 1.864501343406995e-07  1.216544781125031e-01 
 1.864701343406995e-07  1.216544779835980e-01 
 1.864901343406994e-07  1.216544778549503e-01 
 1.865101343406994e-07  1.216544777265595e-01 
 1.865301343406994e-07  1.216544775984250e-01 
 1.865501343406994e-07  1.216544774705463e-01 
 1.865701343406994e-07  1.216544773429230e-01 
 1.865901343406994e-07  1.216544772155545e-01 
 1.866101343406994e-07  1.216544770884403e-01 
 1.866301343406994e-07  1.216544769615798e-01 
 1.866501343406994e-07  1.216544768349727e-01 
 1.866701343406994e-07  1.216544767086184e-01 
 1.866901343406994e-07  1.216544765825163e-01 
 1.867101343406994e-07  1.216544764566660e-01 
 1.867301343406994e-07  1.216544763310669e-01 
 1.867501343406994e-07  1.216544762057187e-01 
 1.867701343406994e-07  1.216544760806208e-01 
 1.867901343406994e-07  1.216544759557725e-01 
 1.868101343406994e-07  1.216544758311736e-01 
 1.868301343406994e-07  1.216544757068235e-01 
 1.868501343406994e-07  1.216544755827216e-01 
 1.868701343406994e-07  1.216544754588675e-01 
 1.868901343406994e-07  1.216544753352607e-01 
 1.869101343406994e-07  1.216544752119007e-01 
 1.869301343406994e-07  1.216544750887870e-01 
 1.869501343406994e-07  1.216544749659191e-01 
 1.869701343406994e-07  1.216544748432966e-01 
 1.869901343406994e-07  1.216544747209188e-01 
 1.870101343406994e-07  1.216544745987854e-01 
 1.870301343406993e-07  1.216544744768958e-01 
 1.870501343406993e-07  1.216544743552497e-01 
 1.870701343406993e-07  1.216544742338464e-01 
 1.870901343406993e-07  1.216544741126855e-01 
 1.871101343406993e-07  1.216544739917665e-01 
 1.871301343406993e-07  1.216544738710889e-01 
 1.871501343406993e-07  1.216544737506523e-01 
 1.871701343406993e-07  1.216544736304562e-01 
 1.871901343406993e-07  1.216544735105001e-01 
 1.872101343406993e-07  1.216544733907834e-01 
 1.872301343406993e-07  1.216544732713057e-01 
 1.872501343406993e-07  1.216544731520666e-01 
 1.872701343406993e-07  1.216544730330656e-01 
 1.872901343406993e-07  1.216544729143022e-01 
 1.873101343406993e-07  1.216544727957759e-01 
 1.873301343406993e-07  1.216544726774862e-01 
 1.873501343406993e-07  1.216544725594327e-01 
 1.873701343406993e-07  1.216544724416150e-01 
 1.873901343406993e-07  1.216544723240325e-01 
 1.874101343406993e-07  1.216544722066847e-01 
 1.874301343406993e-07  1.216544720895713e-01 
 1.874501343406993e-07  1.216544719726916e-01 
 1.874701343406993e-07  1.216544718560453e-01 
 1.874901343406993e-07  1.216544717396320e-01 
 1.875101343406993e-07  1.216544716234511e-01 
 1.875301343406993e-07  1.216544715075021e-01 
 1.875501343406992e-07  1.216544713917846e-01 
 1.875701343406992e-07  1.216544712762982e-01 
 1.875901343406992e-07  1.216544711610425e-01 
 1.876101343406992e-07  1.216544710460168e-01 
 1.876301343406992e-07  1.216544709312207e-01 
 1.876501343406992e-07  1.216544708166539e-01 
 1.876701343406992e-07  1.216544707023158e-01 
 1.876901343406992e-07  1.216544705882059e-01 
 1.877101343406992e-07  1.216544704743240e-01 
 1.877301343406992e-07  1.216544703606694e-01 
 1.877501343406992e-07  1.216544702472418e-01 
 1.877701343406992e-07  1.216544701340406e-01 
 1.877901343406992e-07  1.216544700210654e-01 
 1.878101343406992e-07  1.216544699083158e-01 
 1.878301343406992e-07  1.216544697957913e-01 
 1.878501343406992e-07  1.216544696834914e-01 
 1.878701343406992e-07  1.216544695714158e-01 
 1.878901343406992e-07  1.216544694595640e-01 
 1.879101343406992e-07  1.216544693479356e-01 
 1.879301343406992e-07  1.216544692365300e-01 
 1.879501343406992e-07  1.216544691253468e-01 
 1.879701343406992e-07  1.216544690143856e-01 
 1.879901343406992e-07  1.216544689036459e-01 
 1.880101343406992e-07  1.216544687931273e-01 
 1.880301343406992e-07  1.216544686828294e-01 
 1.880501343406992e-07  1.216544685727517e-01 
 1.880701343406991e-07  1.216544684628939e-01 
 1.880901343406991e-07  1.216544683532554e-01 
 1.881101343406991e-07  1.216544682438357e-01 
 1.881301343406991e-07  1.216544681346346e-01 
 1.881501343406991e-07  1.216544680256514e-01 
 1.881701343406991e-07  1.216544679168859e-01 
 1.881901343406991e-07  1.216544678083375e-01 
 1.882101343406991e-07  1.216544677000059e-01 
 1.882301343406991e-07  1.216544675918905e-01 
 1.882501343406991e-07  1.216544674839910e-01 
 1.882701343406991e-07  1.216544673763070e-01 
 1.882901343406991e-07  1.216544672688379e-01 
 1.883101343406991e-07  1.216544671615835e-01 
 1.883301343406991e-07  1.216544670545432e-01 
 1.883501343406991e-07  1.216544669477166e-01 
 1.883701343406991e-07  1.216544668411032e-01 
 1.883901343406991e-07  1.216544667347028e-01 
 1.884101343406991e-07  1.216544666285147e-01 
 1.884301343406991e-07  1.216544665225387e-01 
 1.884501343406991e-07  1.216544664167743e-01 
 1.884701343406991e-07  1.216544663112210e-01 
 1.884901343406991e-07  1.216544662058786e-01 
 1.885101343406991e-07  1.216544661007464e-01 
 1.885301343406991e-07  1.216544659958241e-01 
 1.885501343406991e-07  1.216544658911114e-01 
 1.885701343406991e-07  1.216544657866077e-01 
 1.885901343406991e-07  1.216544656823127e-01 
 1.886101343406990e-07  1.216544655782259e-01 
 1.886301343406990e-07  1.216544654743469e-01 
 1.886501343406990e-07  1.216544653706753e-01 
 1.886701343406990e-07  1.216544652672107e-01 
 1.886901343406990e-07  1.216544651639527e-01 
 1.887101343406990e-07  1.216544650609009e-01 
 1.887301343406990e-07  1.216544649580548e-01 
 1.887501343406990e-07  1.216544648554141e-01 
 1.887701343406990e-07  1.216544647529783e-01 
 1.887901343406990e-07  1.216544646507470e-01 
 1.888101343406990e-07  1.216544645487198e-01 
 1.888301343406990e-07  1.216544644468963e-01 
 1.888501343406990e-07  1.216544643452762e-01 
 1.888701343406990e-07  1.216544642438590e-01 
 1.888901343406990e-07  1.216544641426442e-01 
 1.889101343406990e-07  1.216544640416315e-01 
 1.889301343406990e-07  1.216544639408205e-01 
 1.889501343406990e-07  1.216544638402108e-01 
 1.889701343406990e-07  1.216544637398019e-01 
 1.889901343406990e-07  1.216544636395935e-01 
 1.890101343406990e-07  1.216544635395853e-01 
 1.890301343406990e-07  1.216544634397767e-01 
 1.890501343406990e-07  1.216544633401673e-01 
 1.890701343406990e-07  1.216544632407568e-01 
 1.890901343406990e-07  1.216544631415449e-01 
 1.891101343406990e-07  1.216544630425310e-01 
 1.891301343406989e-07  1.216544629437148e-01 
 1.891501343406989e-07  1.216544628450959e-01 
 1.891701343406989e-07  1.216544627466740e-01 
 1.891901343406989e-07  1.216544626484485e-01 
 1.892101343406989e-07  1.216544625504191e-01 
 1.892301343406989e-07  1.216544624525855e-01 
 1.892501343406989e-07  1.216544623549472e-01 
 1.892701343406989e-07  1.216544622575039e-01 
 1.892901343406989e-07  1.216544621602551e-01 
 1.893101343406989e-07  1.216544620632004e-01 
 1.893301343406989e-07  1.216544619663395e-01 
 1.893501343406989e-07  1.216544618696721e-01 
 1.893701343406989e-07  1.216544617731977e-01 
 1.893901343406989e-07  1.216544616769159e-01 
 1.894101343406989e-07  1.216544615808263e-01 
 1.894301343406989e-07  1.216544614849286e-01 
 1.894501343406989e-07  1.216544613892223e-01 
 1.894701343406989e-07  1.216544612937071e-01 
 1.894901343406989e-07  1.216544611983827e-01 
 1.895101343406989e-07  1.216544611032485e-01 
 1.895301343406989e-07  1.216544610083043e-01 
 1.895501343406989e-07  1.216544609135497e-01 
 1.895701343406989e-07  1.216544608189843e-01 
 1.895901343406989e-07  1.216544607246077e-01 
 1.896101343406989e-07  1.216544606304195e-01 
 1.896301343406989e-07  1.216544605364194e-01 
 1.896501343406989e-07  1.216544604426069e-01 
 1.896701343406988e-07  1.216544603489817e-01 
 1.896901343406988e-07  1.216544602555435e-01 
 1.897101343406988e-07  1.216544601622918e-01 
 1.897301343406988e-07  1.216544600692264e-01 
 1.897501343406988e-07  1.216544599763467e-01 
 1.897701343406988e-07  1.216544598836525e-01 
 1.897901343406988e-07  1.216544597911433e-01 
 1.898101343406988e-07  1.216544596988189e-01 
 1.898301343406988e-07  1.216544596066788e-01 
 1.898501343406988e-07  1.216544595147227e-01 
 1.898701343406988e-07  1.216544594229501e-01 
 1.898901343406988e-07  1.216544593313608e-01 
 1.899101343406988e-07  1.216544592399544e-01 
 1.899301343406988e-07  1.216544591487305e-01 
 1.899501343406988e-07  1.216544590576888e-01 
 1.899701343406988e-07  1.216544589668287e-01 
 1.899901343406988e-07  1.216544588761501e-01 
 1.900101343406988e-07  1.216544587856526e-01 
 1.900301343406988e-07  1.216544586953357e-01 
 1.900501343406988e-07  1.216544586051992e-01 
 1.900701343406988e-07  1.216544585152426e-01 
 1.900901343406988e-07  1.216544584254657e-01 
 1.901101343406988e-07  1.216544583358680e-01 
 1.901301343406988e-07  1.216544582464491e-01 
 1.901501343406988e-07  1.216544581572089e-01 
 1.901701343406988e-07  1.216544580681468e-01 
 1.901901343406987e-07  1.216544579792625e-01 
 1.902101343406987e-07  1.216544578905557e-01 
 1.902301343406987e-07  1.216544578020260e-01 
 1.902501343406987e-07  1.216544577136731e-01 
 1.902701343406987e-07  1.216544576254965e-01 
 1.902901343406987e-07  1.216544575374961e-01 
 1.903101343406987e-07  1.216544574496713e-01 
 1.903301343406987e-07  1.216544573620219e-01 
 1.903501343406987e-07  1.216544572745475e-01 
 1.903701343406987e-07  1.216544571872477e-01 
 1.903901343406987e-07  1.216544571001222e-01 
 1.904101343406987e-07  1.216544570131707e-01 
 1.904301343406987e-07  1.216544569263928e-01 
 1.904501343406987e-07  1.216544568397881e-01 
 1.904701343406987e-07  1.216544567533564e-01 
 1.904901343406987e-07  1.216544566670972e-01 
 1.905101343406987e-07  1.216544565810103e-01 
 1.905301343406987e-07  1.216544564950953e-01 
 1.905501343406987e-07  1.216544564093518e-01 
 1.905701343406987e-07  1.216544563237795e-01 
 1.905901343406987e-07  1.216544562383780e-01 
 1.906101343406987e-07  1.216544561531471e-01 
 1.906301343406987e-07  1.216544560680864e-01 
 1.906501343406987e-07  1.216544559831954e-01 
 1.906701343406987e-07  1.216544558984740e-01 
 1.906901343406987e-07  1.216544558139217e-01 
 1.907101343406986e-07  1.216544557295382e-01 
 1.907301343406986e-07  1.216544556453232e-01 
 1.907501343406986e-07  1.216544555612764e-01 
 1.907701343406986e-07  1.216544554773974e-01 
 1.907901343406986e-07  1.216544553936858e-01 
 1.908101343406986e-07  1.216544553101414e-01 
 1.908301343406986e-07  1.216544552267638e-01 
 1.908501343406986e-07  1.216544551435527e-01 
 1.908701343406986e-07  1.216544550605077e-01 
 1.908901343406986e-07  1.216544549776286e-01 
 1.909101343406986e-07  1.216544548949149e-01 
 1.909301343406986e-07  1.216544548123663e-01 
 1.909501343406986e-07  1.216544547299826e-01 
 1.909701343406986e-07  1.216544546477633e-01 
 1.909901343406986e-07  1.216544545657082e-01 
 1.910101343406986e-07  1.216544544838170e-01 
 1.910301343406986e-07  1.216544544020892e-01 
 1.910501343406986e-07  1.216544543205246e-01 
 1.910701343406986e-07  1.216544542391229e-01 
 1.910901343406986e-07  1.216544541578837e-01 
 1.911101343406986e-07  1.216544540768067e-01 
 1.911301343406986e-07  1.216544539958916e-01 
 1.911501343406986e-07  1.216544539151380e-01 
 1.911701343406986e-07  1.216544538345456e-01 
 1.911901343406986e-07  1.216544537541142e-01 
 1.912101343406986e-07  1.216544536738434e-01 
 1.912301343406986e-07  1.216544535937329e-01 
 1.912501343406985e-07  1.216544535137822e-01 
 1.912701343406985e-07  1.216544534339912e-01 
 1.912901343406985e-07  1.216544533543595e-01 
 1.913101343406985e-07  1.216544532748868e-01 
 1.913301343406985e-07  1.216544531955729e-01 
 1.913501343406985e-07  1.216544531164172e-01 
 1.913701343406985e-07  1.216544530374196e-01 
 1.913901343406985e-07  1.216544529585798e-01 
 1.914101343406985e-07  1.216544528798973e-01 
 1.914301343406985e-07  1.216544528013719e-01 
 1.914501343406985e-07  1.216544527230033e-01 
 1.914701343406985e-07  1.216544526447912e-01 
 1.914901343406985e-07  1.216544525667353e-01 
 1.915101343406985e-07  1.216544524888353e-01 
 1.915301343406985e-07  1.216544524110907e-01 
 1.915501343406985e-07  1.216544523335014e-01 
 1.915701343406985e-07  1.216544522560670e-01 
 1.915901343406985e-07  1.216544521787872e-01 
 1.916101343406985e-07  1.216544521016616e-01 
 1.916301343406985e-07  1.216544520246901e-01 
 1.916501343406985e-07  1.216544519478723e-01 
 1.916701343406985e-07  1.216544518712078e-01 
 1.916901343406985e-07  1.216544517946964e-01 
 1.917101343406985e-07  1.216544517183378e-01 
 1.917301343406985e-07  1.216544516421316e-01 
 1.917501343406985e-07  1.216544515660775e-01 
 1.917701343406984e-07  1.216544514901754e-01 
 1.917901343406984e-07  1.216544514144248e-01 
 1.918101343406984e-07  1.216544513388254e-01 
 1.918301343406984e-07  1.216544512633769e-01 
 1.918501343406984e-07  1.216544511880791e-01 
 1.918701343406984e-07  1.216544511129317e-01 
 1.918901343406984e-07  1.216544510379342e-01 
 1.919101343406984e-07  1.216544509630866e-01 
 1.919301343406984e-07  1.216544508883883e-01 
 1.919501343406984e-07  1.216544508138392e-01 
 1.919701343406984e-07  1.216544507394390e-01 
 1.919901343406984e-07  1.216544506651873e-01 
 1.920101343406984e-07  1.216544505910838e-01 
 1.920301343406984e-07  1.216544505171284e-01 
 1.920501343406984e-07  1.216544504433205e-01 
 1.920701343406984e-07  1.216544503696601e-01 
 1.920901343406984e-07  1.216544502961467e-01 
 1.921101343406984e-07  1.216544502227801e-01 
 1.921301343406984e-07  1.216544501495599e-01 
 1.921501343406984e-07  1.216544500764860e-01 
 1.921701343406984e-07  1.216544500035580e-01 
 1.921901343406984e-07  1.216544499307755e-01 
 1.922101343406984e-07  1.216544498581384e-01 
 1.922301343406984e-07  1.216544497856463e-01 
 1.922501343406984e-07  1.216544497132990e-01 
 1.922701343406984e-07  1.216544496410961e-01 
 1.922901343406983e-07  1.216544495690374e-01 
 1.923101343406983e-07  1.216544494971225e-01 
 1.923301343406983e-07  1.216544494253513e-01 
 1.923501343406983e-07  1.216544493537233e-01 
 1.923701343406983e-07  1.216544492822384e-01 
 1.923901343406983e-07  1.216544492108962e-01 
 1.924101343406983e-07  1.216544491396964e-01 
 1.924301343406983e-07  1.216544490686388e-01 
 1.924501343406983e-07  1.216544489977230e-01 
 1.924701343406983e-07  1.216544489269489e-01 
 1.924901343406983e-07  1.216544488563161e-01 
 1.925101343406983e-07  1.216544487858243e-01 
 1.925301343406983e-07  1.216544487154732e-01 
 1.925501343406983e-07  1.216544486452626e-01 
 1.925701343406983e-07  1.216544485751922e-01 
 1.925901343406983e-07  1.216544485052617e-01 
 1.926101343406983e-07  1.216544484354708e-01 
 1.926301343406983e-07  1.216544483658192e-01 
 1.926501343406983e-07  1.216544482963068e-01 
 1.926701343406983e-07  1.216544482269331e-01 
 1.926901343406983e-07  1.216544481576978e-01 
 1.927101343406983e-07  1.216544480886009e-01 
 1.927301343406983e-07  1.216544480196419e-01 
 1.927501343406983e-07  1.216544479508206e-01 
 1.927701343406983e-07  1.216544478821367e-01 
 1.927901343406983e-07  1.216544478135899e-01 
 1.928101343406983e-07  1.216544477451800e-01 
 1.928301343406982e-07  1.216544476769067e-01 
 1.928501343406982e-07  1.216544476087697e-01 
 1.928701343406982e-07  1.216544475407687e-01 
 1.928901343406982e-07  1.216544474729035e-01 
 1.929101343406982e-07  1.216544474051739e-01 
 1.929301343406982e-07  1.216544473375794e-01 
 1.929501343406982e-07  1.216544472701199e-01 
 1.929701343406982e-07  1.216544472027951e-01 
 1.929901343406982e-07  1.216544471356048e-01 
 1.930101343406982e-07  1.216544470685486e-01 
 1.930301343406982e-07  1.216544470016262e-01 
 1.930501343406982e-07  1.216544469348375e-01 
 1.930701343406982e-07  1.216544468681821e-01 
 1.930901343406982e-07  1.216544468016597e-01 
 1.931101343406982e-07  1.216544467352702e-01 
 1.931301343406982e-07  1.216544466690133e-01 
 1.931501343406982e-07  1.216544466028887e-01 
 1.931701343406982e-07  1.216544465368961e-01 
 1.931901343406982e-07  1.216544464710353e-01 
 1.932101343406982e-07  1.216544464053060e-01 
 1.932301343406982e-07  1.216544463397078e-01 
 1.932501343406982e-07  1.216544462742407e-01 
 1.932701343406982e-07  1.216544462089043e-01 
 1.932901343406982e-07  1.216544461436983e-01 
 1.933101343406982e-07  1.216544460786225e-01 
 1.933301343406982e-07  1.216544460136767e-01 
 1.933501343406981e-07  1.216544459488605e-01 
 1.933701343406981e-07  1.216544458841737e-01 
 1.933901343406981e-07  1.216544458196161e-01 
 1.934101343406981e-07  1.216544457551874e-01 
 1.934301343406981e-07  1.216544456908873e-01 
 1.934501343406981e-07  1.216544456267156e-01 
 1.934701343406981e-07  1.216544455626721e-01 
 1.934901343406981e-07  1.216544454987564e-01 
 1.935101343406981e-07  1.216544454349683e-01 
 1.935301343406981e-07  1.216544453713076e-01 
 1.935501343406981e-07  1.216544453077740e-01 
 1.935701343406981e-07  1.216544452443673e-01 
 1.935901343406981e-07  1.216544451810871e-01 
 1.936101343406981e-07  1.216544451179333e-01 
 1.936301343406981e-07  1.216544450549056e-01 
 1.936501343406981e-07  1.216544449920037e-01 
 1.936701343406981e-07  1.216544449292275e-01 
 1.936901343406981e-07  1.216544448665765e-01 
 1.937101343406981e-07  1.216544448040507e-01 
 1.937301343406981e-07  1.216544447416496e-01 
 1.937501343406981e-07  1.216544446793732e-01 
 1.937701343406981e-07  1.216544446172210e-01 
 1.937901343406981e-07  1.216544445551930e-01 
 1.938101343406981e-07  1.216544444932889e-01 
 1.938301343406981e-07  1.216544444315083e-01 
 1.938501343406981e-07  1.216544443698511e-01 
 1.938701343406981e-07  1.216544443083170e-01 
 1.938901343406980e-07  1.216544442469058e-01 
 1.939101343406980e-07  1.216544441856172e-01 
 1.939301343406980e-07  1.216544441244509e-01 
 1.939501343406980e-07  1.216544440634068e-01 
 1.939701343406980e-07  1.216544440024845e-01 
 1.939901343406980e-07  1.216544439416839e-01 
 1.940101343406980e-07  1.216544438810047e-01 
 1.940301343406980e-07  1.216544438204467e-01 
 1.940501343406980e-07  1.216544437600096e-01 
 1.940701343406980e-07  1.216544436996931e-01 
 1.940901343406980e-07  1.216544436394970e-01 
 1.941101343406980e-07  1.216544435794212e-01 
 1.941301343406980e-07  1.216544435194652e-01 
 1.941501343406980e-07  1.216544434596290e-01 
 1.941701343406980e-07  1.216544433999123e-01 
 1.941901343406980e-07  1.216544433403148e-01 
 1.942101343406980e-07  1.216544432808362e-01 
 1.942301343406980e-07  1.216544432214765e-01 
 1.942501343406980e-07  1.216544431622353e-01 
 1.942701343406980e-07  1.216544431031123e-01 
 1.942901343406980e-07  1.216544430441074e-01 
 1.943101343406980e-07  1.216544429852203e-01 
 1.943301343406980e-07  1.216544429264508e-01 
 1.943501343406980e-07  1.216544428677986e-01 
 1.943701343406980e-07  1.216544428092636e-01 
 1.943901343406980e-07  1.216544427508453e-01 
 1.944101343406979e-07  1.216544426925438e-01 
 1.944301343406979e-07  1.216544426343586e-01 
 1.944501343406979e-07  1.216544425762895e-01 
 1.944701343406979e-07  1.216544425183365e-01 
 1.944901343406979e-07  1.216544424604992e-01 
 1.945101343406979e-07  1.216544424027773e-01 
 1.945301343406979e-07  1.216544423451707e-01 
 1.945501343406979e-07  1.216544422876791e-01 
 1.945701343406979e-07  1.216544422303023e-01 
 1.945901343406979e-07  1.216544421730400e-01 
 1.946101343406979e-07  1.216544421158921e-01 
 1.946301343406979e-07  1.216544420588584e-01 
 1.946501343406979e-07  1.216544420019385e-01 
 1.946701343406979e-07  1.216544419451322e-01 
 1.946901343406979e-07  1.216544418884393e-01 
 1.947101343406979e-07  1.216544418318596e-01 
 1.947301343406979e-07  1.216544417753929e-01 
 1.947501343406979e-07  1.216544417190389e-01 
 1.947701343406979e-07  1.216544416627975e-01 
 1.947901343406979e-07  1.216544416066683e-01 
 1.948101343406979e-07  1.216544415506512e-01 
 1.948301343406979e-07  1.216544414947460e-01 
 1.948501343406979e-07  1.216544414389523e-01 
 1.948701343406979e-07  1.216544413832701e-01 
 1.948901343406979e-07  1.216544413276991e-01 
 1.949101343406979e-07  1.216544412722390e-01 
 1.949301343406978e-07  1.216544412168896e-01 
 1.949501343406978e-07  1.216544411616507e-01 
 1.949701343406978e-07  1.216544411065221e-01 
 1.949901343406978e-07  1.216544410515036e-01 
 1.950101343406978e-07  1.216544409965950e-01 
 1.950301343406978e-07  1.216544409417960e-01 
 1.950501343406978e-07  1.216544408871064e-01 
 1.950701343406978e-07  1.216544408325260e-01 
 1.950901343406978e-07  1.216544407780546e-01 
 1.951101343406978e-07  1.216544407236919e-01 
 1.951301343406978e-07  1.216544406694378e-01 
 1.951501343406978e-07  1.216544406152920e-01 
 1.951701343406978e-07  1.216544405612543e-01 
 1.951901343406978e-07  1.216544405073244e-01 
 1.952101343406978e-07  1.216544404535023e-01 
 1.952301343406978e-07  1.216544403997876e-01 
 1.952501343406978e-07  1.216544403461802e-01 
 1.952701343406978e-07  1.216544402926799e-01 
 1.952901343406978e-07  1.216544402392863e-01 
 1.953101343406978e-07  1.216544401859993e-01 
 1.953301343406978e-07  1.216544401328187e-01 
 1.953501343406978e-07  1.216544400797443e-01 
 1.953701343406978e-07  1.216544400267759e-01 
 1.953901343406978e-07  1.216544399739133e-01 
 1.954101343406978e-07  1.216544399211562e-01 
 1.954301343406978e-07  1.216544398685044e-01 
 1.954501343406978e-07  1.216544398159577e-01 
 1.954701343406977e-07  1.216544397635159e-01 
 1.954901343406977e-07  1.216544397111789e-01 
 1.955101343406977e-07  1.216544396589464e-01 
 1.955301343406977e-07  1.216544396068181e-01 
 1.955501343406977e-07  1.216544395547939e-01 
 1.955701343406977e-07  1.216544395028736e-01 
 1.955901343406977e-07  1.216544394510570e-01 
 1.956101343406977e-07  1.216544393993438e-01 
 1.956301343406977e-07  1.216544393477339e-01 
 1.956501343406977e-07  1.216544392962270e-01 
 1.956701343406977e-07  1.216544392448229e-01 
 1.956901343406977e-07  1.216544391935216e-01 
 1.957101343406977e-07  1.216544391423226e-01 
 1.957301343406977e-07  1.216544390912258e-01 
 1.957501343406977e-07  1.216544390402311e-01 
 1.957701343406977e-07  1.216544389893382e-01 
 1.957901343406977e-07  1.216544389385469e-01 
 1.958101343406977e-07  1.216544388878571e-01 
 1.958301343406977e-07  1.216544388372684e-01 
 1.958501343406977e-07  1.216544387867807e-01 
 1.958701343406977e-07  1.216544387363938e-01 
 1.958901343406977e-07  1.216544386861076e-01 
 1.959101343406977e-07  1.216544386359217e-01 
 1.959301343406977e-07  1.216544385858361e-01 
 1.959501343406977e-07  1.216544385358504e-01 
 1.959701343406977e-07  1.216544384859646e-01 
 1.959901343406976e-07  1.216544384361783e-01 
 1.960101343406976e-07  1.216544383864914e-01 
 1.960301343406976e-07  1.216544383369037e-01 
 1.960501343406976e-07  1.216544382874151e-01 
 1.960701343406976e-07  1.216544382380252e-01 
 1.960901343406976e-07  1.216544381887341e-01 
 1.961101343406976e-07  1.216544381395413e-01 
 1.961301343406976e-07  1.216544380904467e-01 
 1.961501343406976e-07  1.216544380414501e-01 
 1.961701343406976e-07  1.216544379925514e-01 
 1.961901343406976e-07  1.216544379437503e-01 
 1.962101343406976e-07  1.216544378950467e-01 
 1.962301343406976e-07  1.216544378464403e-01 
 1.962501343406976e-07  1.216544377979309e-01 
 1.962701343406976e-07  1.216544377495183e-01 
 1.962901343406976e-07  1.216544377012025e-01 
 1.963101343406976e-07  1.216544376529831e-01 
 1.963301343406976e-07  1.216544376048600e-01 
 1.963501343406976e-07  1.216544375568330e-01 
 1.963701343406976e-07  1.216544375089019e-01 
 1.963901343406976e-07  1.216544374610664e-01 
 1.964101343406976e-07  1.216544374133265e-01 
 1.964301343406976e-07  1.216544373656819e-01 
 1.964501343406976e-07  1.216544373181324e-01 
 1.964701343406976e-07  1.216544372706778e-01 
 1.964901343406976e-07  1.216544372233180e-01 
 1.965101343406975e-07  1.216544371760527e-01 
 1.965301343406975e-07  1.216544371288819e-01 
 1.965501343406975e-07  1.216544370818052e-01 
 1.965701343406975e-07  1.216544370348225e-01 
 1.965901343406975e-07  1.216544369879336e-01 
 1.966101343406975e-07  1.216544369411383e-01 
 1.966301343406975e-07  1.216544368944364e-01 
 1.966501343406975e-07  1.216544368478278e-01 
 1.966701343406975e-07  1.216544368013123e-01 
 1.966901343406975e-07  1.216544367548896e-01 
 1.967101343406975e-07  1.216544367085597e-01 
 1.967301343406975e-07  1.216544366623222e-01 
 1.967501343406975e-07  1.216544366161770e-01 
 1.967701343406975e-07  1.216544365701240e-01 
 1.967901343406975e-07  1.216544365241629e-01 
 1.968101343406975e-07  1.216544364782936e-01 
 1.968301343406975e-07  1.216544364325159e-01 
 1.968501343406975e-07  1.216544363868296e-01 
 1.968701343406975e-07  1.216544363412345e-01 
 1.968901343406975e-07  1.216544362957304e-01 
 1.969101343406975e-07  1.216544362503172e-01 
 1.969301343406975e-07  1.216544362049947e-01 
 1.969501343406975e-07  1.216544361597627e-01 
 1.969701343406975e-07  1.216544361146209e-01 
 1.969901343406975e-07  1.216544360695693e-01 
 1.970101343406975e-07  1.216544360246077e-01 
 1.970301343406975e-07  1.216544359797358e-01 
 1.970501343406974e-07  1.216544359349535e-01 
 1.970701343406974e-07  1.216544358902606e-01 
 1.970901343406974e-07  1.216544358456570e-01 
 1.971101343406974e-07  1.216544358011424e-01 
 1.971301343406974e-07  1.216544357567167e-01 
 1.971501343406974e-07  1.216544357123797e-01 
 1.971701343406974e-07  1.216544356681313e-01 
 1.971901343406974e-07  1.216544356239712e-01 
 1.972101343406974e-07  1.216544355798992e-01 
 1.972301343406974e-07  1.216544355359152e-01 
 1.972501343406974e-07  1.216544354920190e-01 
 1.972701343406974e-07  1.216544354482105e-01 
 1.972901343406974e-07  1.216544354044894e-01 
 1.973101343406974e-07  1.216544353608557e-01 
 1.973301343406974e-07  1.216544353173090e-01 
 1.973501343406974e-07  1.216544352738493e-01 
 1.973701343406974e-07  1.216544352304764e-01 
 1.973901343406974e-07  1.216544351871901e-01 
 1.974101343406974e-07  1.216544351439902e-01 
 1.974301343406974e-07  1.216544351008766e-01 
 1.974501343406974e-07  1.216544350578491e-01 
 1.974701343406974e-07  1.216544350149074e-01 
 1.974901343406974e-07  1.216544349720515e-01 
 1.975101343406974e-07  1.216544349292812e-01 
 1.975301343406974e-07  1.216544348865962e-01 
 1.975501343406974e-07  1.216544348439965e-01 
 1.975701343406973e-07  1.216544348014818e-01 
 1.975901343406973e-07  1.216544347590521e-01 
 1.976101343406973e-07  1.216544347167070e-01 
 1.976301343406973e-07  1.216544346744465e-01 
 1.976501343406973e-07  1.216544346322703e-01 
 1.976701343406973e-07  1.216544345901784e-01 
 1.976901343406973e-07  1.216544345481705e-01 
 1.977101343406973e-07  1.216544345062466e-01 
 1.977301343406973e-07  1.216544344644063e-01 
 1.977501343406973e-07  1.216544344226495e-01 
 1.977701343406973e-07  1.216544343809761e-01 
 1.977901343406973e-07  1.216544343393859e-01 
 1.978101343406973e-07  1.216544342978788e-01 
 1.978301343406973e-07  1.216544342564545e-01 
 1.978501343406973e-07  1.216544342151129e-01 
 1.978701343406973e-07  1.216544341738540e-01 
 1.978901343406973e-07  1.216544341326773e-01 
 1.979101343406973e-07  1.216544340915828e-01 
 1.979301343406973e-07  1.216544340505705e-01 
 1.979501343406973e-07  1.216544340096400e-01 
 1.979701343406973e-07  1.216544339687912e-01 
 1.979901343406973e-07  1.216544339280240e-01 
 1.980101343406973e-07  1.216544338873381e-01 
 1.980301343406973e-07  1.216544338467335e-01 
 1.980501343406973e-07  1.216544338062099e-01 
 1.980701343406973e-07  1.216544337657673e-01 
 1.980901343406973e-07  1.216544337254054e-01 
 1.981101343406972e-07  1.216544336851242e-01 
 1.981301343406972e-07  1.216544336449234e-01 
 1.981501343406972e-07  1.216544336048028e-01 
 1.981701343406972e-07  1.216544335647623e-01 
 1.981901343406972e-07  1.216544335248018e-01 
 1.982101343406972e-07  1.216544334849210e-01 
 1.982301343406972e-07  1.216544334451199e-01 
 1.982501343406972e-07  1.216544334053983e-01 
 1.982701343406972e-07  1.216544333657560e-01 
 1.982901343406972e-07  1.216544333261928e-01 
 1.983101343406972e-07  1.216544332867086e-01 
 1.983301343406972e-07  1.216544332473033e-01 
 1.983501343406972e-07  1.216544332079766e-01 
 1.983701343406972e-07  1.216544331687284e-01 
 1.983901343406972e-07  1.216544331295586e-01 
 1.984101343406972e-07  1.216544330904670e-01 
 1.984301343406972e-07  1.216544330514535e-01 
 1.984501343406972e-07  1.216544330125178e-01 
 1.984701343406972e-07  1.216544329736599e-01 
 1.984901343406972e-07  1.216544329348796e-01 
 1.985101343406972e-07  1.216544328961767e-01 
 1.985301343406972e-07  1.216544328575510e-01 
 1.985501343406972e-07  1.216544328190025e-01 
 1.985701343406972e-07  1.216544327805310e-01 
 1.985901343406972e-07  1.216544327421363e-01 
 1.986101343406972e-07  1.216544327038182e-01 
 1.986301343406971e-07  1.216544326655767e-01 
 1.986501343406971e-07  1.216544326274115e-01 
 1.986701343406971e-07  1.216544325893225e-01 
 1.986901343406971e-07  1.216544325513095e-01 
 1.987101343406971e-07  1.216544325133724e-01 
 1.987301343406971e-07  1.216544324755110e-01 
 1.987501343406971e-07  1.216544324377252e-01 
 1.987701343406971e-07  1.216544324000149e-01 
 1.987901343406971e-07  1.216544323623799e-01 
 1.988101343406971e-07  1.216544323248199e-01 
 1.988301343406971e-07  1.216544322873350e-01 
 1.988501343406971e-07  1.216544322499250e-01 
 1.988701343406971e-07  1.216544322125896e-01 
 1.988901343406971e-07  1.216544321753288e-01 
 1.989101343406971e-07  1.216544321381424e-01 
 1.989301343406971e-07  1.216544321010302e-01 
 1.989501343406971e-07  1.216544320639921e-01 
 1.989701343406971e-07  1.216544320270281e-01 
 1.989901343406971e-07  1.216544319901377e-01 
 1.990101343406971e-07  1.216544319533211e-01 
 1.990301343406971e-07  1.216544319165779e-01 
 1.990501343406971e-07  1.216544318799081e-01 
 1.990701343406971e-07  1.216544318433116e-01 
 1.990901343406971e-07  1.216544318067881e-01 
 1.991101343406971e-07  1.216544317703375e-01 
 1.991301343406971e-07  1.216544317339597e-01 
 1.991501343406970e-07  1.216544316976545e-01 
 1.991701343406970e-07  1.216544316614218e-01 
 1.991901343406970e-07  1.216544316252615e-01 
 1.992101343406970e-07  1.216544315891734e-01 
 1.992301343406970e-07  1.216544315531573e-01 
 1.992501343406970e-07  1.216544315172131e-01 
 1.992701343406970e-07  1.216544314813407e-01 
 1.992901343406970e-07  1.216544314455398e-01 
 1.993101343406970e-07  1.216544314098105e-01 
 1.993301343406970e-07  1.216544313741525e-01 
 1.993501343406970e-07  1.216544313385658e-01 
 1.993701343406970e-07  1.216544313030501e-01 
 1.993901343406970e-07  1.216544312676052e-01 
 1.994101343406970e-07  1.216544312322312e-01 
 1.994301343406970e-07  1.216544311969278e-01 
 1.994501343406970e-07  1.216544311616948e-01 
 1.994701343406970e-07  1.216544311265322e-01 
 1.994901343406970e-07  1.216544310914398e-01 
 1.995101343406970e-07  1.216544310564175e-01 
 1.995301343406970e-07  1.216544310214652e-01 
 1.995501343406970e-07  1.216544309865826e-01 
 1.995701343406970e-07  1.216544309517697e-01 
 1.995901343406970e-07  1.216544309170262e-01 
 1.996101343406970e-07  1.216544308823521e-01 
 1.996301343406970e-07  1.216544308477472e-01 
 1.996501343406970e-07  1.216544308132114e-01 
 1.996701343406970e-07  1.216544307787446e-01 
 1.996901343406969e-07  1.216544307443466e-01 
 1.997101343406969e-07  1.216544307100173e-01 
 1.997301343406969e-07  1.216544306757566e-01 
 1.997501343406969e-07  1.216544306415643e-01 
 1.997701343406969e-07  1.216544306074402e-01 
 1.997901343406969e-07  1.216544305733842e-01 
 1.998101343406969e-07  1.216544305393963e-01 
 1.998301343406969e-07  1.216544305054762e-01 
 1.998501343406969e-07  1.216544304716238e-01 
 1.998701343406969e-07  1.216544304378391e-01 
 1.998901343406969e-07  1.216544304041218e-01 
 1.999101343406969e-07  1.216544303704718e-01 
 1.999301343406969e-07  1.216544303368889e-01 
 1.999501343406969e-07  1.216544303033732e-01 
 1.999701343406969e-07  1.216544302699243e-01 
 1.999901343406969e-07  1.216544302365423e-01 
 2.000101343406969e-07  1.216544302032268e-01 
 2.000301343406969e-07  1.216544301699779e-01 
 2.000501343406969e-07  1.216544301367954e-01 
 2.000701343406969e-07  1.216544301036792e-01 
 2.000901343406969e-07  1.216544300706290e-01 
 2.001101343406969e-07  1.216544300376449e-01 
 2.001301343406969e-07  1.216544300047266e-01 
 2.001501343406969e-07  1.216544299718740e-01 
 2.001701343406969e-07  1.216544299390870e-01 
 2.001901343406969e-07  1.216544299063655e-01 
 2.002101343406968e-07  1.216544298737093e-01 
 2.002301343406968e-07  1.216544298411184e-01 
 2.002501343406968e-07  1.216544298085925e-01 
 2.002701343406968e-07  1.216544297761315e-01 
 2.002901343406968e-07  1.216544297437353e-01 
 2.003101343406968e-07  1.216544297114038e-01 
 2.003301343406968e-07  1.216544296791369e-01 
 2.003501343406968e-07  1.216544296469344e-01 
 2.003701343406968e-07  1.216544296147962e-01 
 2.003901343406968e-07  1.216544295827222e-01 
 2.004101343406968e-07  1.216544295507122e-01 
 2.004301343406968e-07  1.216544295187662e-01 
 2.004501343406968e-07  1.216544294868839e-01 
 2.004701343406968e-07  1.216544294550652e-01 
 2.004901343406968e-07  1.216544294233102e-01 
 2.005101343406968e-07  1.216544293916185e-01 
 2.005301343406968e-07  1.216544293599900e-01 
 2.005501343406968e-07  1.216544293284247e-01 
 2.005701343406968e-07  1.216544292969225e-01 
 2.005901343406968e-07  1.216544292654831e-01 
 2.006101343406968e-07  1.216544292341065e-01 
 2.006301343406968e-07  1.216544292027925e-01 
 2.006501343406968e-07  1.216544291715411e-01 
 2.006701343406968e-07  1.216544291403520e-01 
 2.006901343406968e-07  1.216544291092252e-01 
 2.007101343406968e-07  1.216544290781607e-01 
 2.007301343406967e-07  1.216544290471581e-01 
 2.007501343406967e-07  1.216544290162175e-01 
 2.007701343406967e-07  1.216544289853386e-01 
 2.007901343406967e-07  1.216544289545214e-01 
 2.008101343406967e-07  1.216544289237657e-01 
 2.008301343406967e-07  1.216544288930714e-01 
 2.008501343406967e-07  1.216544288624384e-01 
 2.008701343406967e-07  1.216544288318665e-01 
 2.008901343406967e-07  1.216544288013557e-01 
 2.009101343406967e-07  1.216544287709057e-01 
 2.009301343406967e-07  1.216544287405166e-01 
 2.009501343406967e-07  1.216544287101882e-01 
 2.009701343406967e-07  1.216544286799204e-01 
 2.009901343406967e-07  1.216544286497129e-01 
 2.010101343406967e-07  1.216544286195657e-01 
 2.010301343406967e-07  1.216544285894788e-01 
 2.010501343406967e-07  1.216544285594519e-01 
 2.010701343406967e-07  1.216544285294850e-01 
 2.010901343406967e-07  1.216544284995779e-01 
 2.011101343406967e-07  1.216544284697305e-01 
 2.011301343406967e-07  1.216544284399428e-01 
 2.011501343406967e-07  1.216544284102145e-01 
 2.011701343406967e-07  1.216544283805456e-01 
 2.011901343406967e-07  1.216544283509359e-01 
 2.012101343406967e-07  1.216544283213853e-01 
 2.012301343406967e-07  1.216544282918937e-01 
 2.012501343406967e-07  1.216544282624610e-01 
 2.012701343406966e-07  1.216544282330870e-01 
 2.012901343406966e-07  1.216544282037718e-01 
 2.013101343406966e-07  1.216544281745150e-01 
 2.013301343406966e-07  1.216544281453167e-01 
 2.013501343406966e-07  1.216544281161767e-01 
 2.013701343406966e-07  1.216544280870948e-01 
 2.013901343406966e-07  1.216544280580710e-01 
 2.014101343406966e-07  1.216544280291051e-01 
 2.014301343406966e-07  1.216544280001971e-01 
 2.014501343406966e-07  1.216544279713468e-01 
 2.014701343406966e-07  1.216544279425541e-01 
 2.014901343406966e-07  1.216544279138189e-01 
 2.015101343406966e-07  1.216544278851411e-01 
 2.015301343406966e-07  1.216544278565205e-01 
 2.015501343406966e-07  1.216544278279571e-01 
 2.015701343406966e-07  1.216544277994507e-01 
 2.015901343406966e-07  1.216544277710012e-01 
 2.016101343406966e-07  1.216544277426084e-01 
 2.016301343406966e-07  1.216544277142724e-01 
 2.016501343406966e-07  1.216544276859930e-01 
 2.016701343406966e-07  1.216544276577701e-01 
 2.016901343406966e-07  1.216544276296035e-01 
 2.017101343406966e-07  1.216544276014931e-01 
 2.017301343406966e-07  1.216544275734389e-01 
 2.017501343406966e-07  1.216544275454406e-01 
 2.017701343406966e-07  1.216544275174983e-01 
 2.017901343406965e-07  1.216544274896118e-01 
 2.018101343406965e-07  1.216544274617809e-01 
 2.018301343406965e-07  1.216544274340056e-01 
 2.018501343406965e-07  1.216544274062858e-01 
 2.018701343406965e-07  1.216544273786213e-01 
 2.018901343406965e-07  1.216544273510120e-01 
 2.019101343406965e-07  1.216544273234579e-01 
 2.019301343406965e-07  1.216544272959588e-01 
 2.019501343406965e-07  1.216544272685146e-01 
 2.019701343406965e-07  1.216544272411252e-01 
 2.019901343406965e-07  1.216544272137905e-01 
 2.020101343406965e-07  1.216544271865103e-01 
 2.020301343406965e-07  1.216544271592846e-01 
 2.020501343406965e-07  1.216544271321132e-01 
 2.020701343406965e-07  1.216544271049961e-01 
 2.020901343406965e-07  1.216544270779331e-01 
 2.021101343406965e-07  1.216544270509242e-01 
 2.021301343406965e-07  1.216544270239693e-01 
 2.021501343406965e-07  1.216544269970681e-01 
 2.021701343406965e-07  1.216544269702207e-01 
 2.021901343406965e-07  1.216544269434269e-01 
 2.022101343406965e-07  1.216544269166865e-01 
 2.022301343406965e-07  1.216544268899995e-01 
 2.022501343406965e-07  1.216544268633658e-01 
 2.022701343406965e-07  1.216544268367853e-01 
 2.022901343406965e-07  1.216544268102579e-01 
 2.023101343406965e-07  1.216544267837835e-01 
 2.023301343406964e-07  1.216544267573619e-01 
 2.023501343406964e-07  1.216544267309931e-01 
 2.023701343406964e-07  1.216544267046769e-01 
 2.023901343406964e-07  1.216544266784133e-01 
 2.024101343406964e-07  1.216544266522021e-01 
 2.024301343406964e-07  1.216544266260431e-01 
 2.024501343406964e-07  1.216544265999365e-01 
 2.024701343406964e-07  1.216544265738819e-01 
 2.024901343406964e-07  1.216544265478794e-01 
 2.025101343406964e-07  1.216544265219288e-01 
 2.025301343406964e-07  1.216544264960300e-01 
 2.025501343406964e-07  1.216544264701829e-01 
 2.025701343406964e-07  1.216544264443875e-01 
 2.025901343406964e-07  1.216544264186435e-01 
 2.026101343406964e-07  1.216544263929510e-01 
 2.026301343406964e-07  1.216544263673097e-01 
 2.026501343406964e-07  1.216544263417197e-01 
 2.026701343406964e-07  1.216544263161807e-01 
 2.026901343406964e-07  1.216544262906927e-01 
 2.027101343406964e-07  1.216544262652556e-01 
 2.027301343406964e-07  1.216544262398693e-01 
 2.027501343406964e-07  1.216544262145337e-01 
 2.027701343406964e-07  1.216544261892487e-01 
 2.027901343406964e-07  1.216544261640142e-01 
 2.028101343406964e-07  1.216544261388300e-01 
 2.028301343406964e-07  1.216544261136962e-01 
 2.028501343406963e-07  1.216544260886125e-01 
 2.028701343406963e-07  1.216544260635789e-01 
 2.028901343406963e-07  1.216544260385952e-01 
 2.029101343406963e-07  1.216544260136614e-01 
 2.029301343406963e-07  1.216544259887774e-01 
 2.029501343406963e-07  1.216544259639431e-01 
 2.029701343406963e-07  1.216544259391585e-01 
 2.029901343406963e-07  1.216544259144232e-01 
 2.030101343406963e-07  1.216544258897374e-01 
 2.030301343406963e-07  1.216544258651008e-01 
 2.030501343406963e-07  1.216544258405135e-01 
 2.030701343406963e-07  1.216544258159752e-01 
 2.030901343406963e-07  1.216544257914860e-01 
 2.031101343406963e-07  1.216544257670456e-01 
 2.031301343406963e-07  1.216544257426541e-01 
 2.031501343406963e-07  1.216544257183112e-01 
 2.031701343406963e-07  1.216544256940169e-01 
 2.031901343406963e-07  1.216544256697712e-01 
 2.032101343406963e-07  1.216544256455738e-01 
 2.032301343406963e-07  1.216544256214248e-01 
 2.032501343406963e-07  1.216544255973240e-01 
 2.032701343406963e-07  1.216544255732713e-01 
 2.032901343406963e-07  1.216544255492666e-01 
 2.033101343406963e-07  1.216544255253099e-01 
 2.033301343406963e-07  1.216544255014010e-01 
 2.033501343406963e-07  1.216544254775398e-01 
 2.033701343406962e-07  1.216544254537262e-01 
 2.033901343406962e-07  1.216544254299602e-01 
 2.034101343406962e-07  1.216544254062416e-01 
 2.034301343406962e-07  1.216544253825704e-01 
 2.034501343406962e-07  1.216544253589465e-01 
 2.034701343406962e-07  1.216544253353698e-01 
 2.034901343406962e-07  1.216544253118401e-01 
 2.035101343406962e-07  1.216544252883573e-01 
 2.035301343406962e-07  1.216544252649215e-01 
 2.035501343406962e-07  1.216544252415325e-01 
 2.035701343406962e-07  1.216544252181902e-01 
 2.035901343406962e-07  1.216544251948944e-01 
 2.036101343406962e-07  1.216544251716452e-01 
 2.036301343406962e-07  1.216544251484424e-01 
 2.036501343406962e-07  1.216544251252860e-01 
 2.036701343406962e-07  1.216544251021758e-01 
 2.036901343406962e-07  1.216544250791117e-01 
 2.037101343406962e-07  1.216544250560937e-01 
 2.037301343406962e-07  1.216544250331216e-01 
 2.037501343406962e-07  1.216544250101954e-01 
 2.037701343406962e-07  1.216544249873150e-01 
 2.037901343406962e-07  1.216544249644802e-01 
 2.038101343406962e-07  1.216544249416911e-01 
 2.038301343406962e-07  1.216544249189475e-01 
 2.038501343406962e-07  1.216544248962492e-01 
 2.038701343406962e-07  1.216544248735963e-01 
 2.038901343406962e-07  1.216544248509886e-01 
 2.039101343406961e-07  1.216544248284260e-01 
 2.039301343406961e-07  1.216544248059085e-01 
 2.039501343406961e-07  1.216544247834359e-01 
 2.039701343406961e-07  1.216544247610083e-01 
 2.039901343406961e-07  1.216544247386254e-01 
 2.040101343406961e-07  1.216544247162871e-01 
 2.040301343406961e-07  1.216544246939935e-01 
 2.040501343406961e-07  1.216544246717444e-01 
 2.040701343406961e-07  1.216544246495398e-01 
 2.040901343406961e-07  1.216544246273794e-01 
 2.041101343406961e-07  1.216544246052633e-01 
 2.041301343406961e-07  1.216544245831914e-01 
 2.041501343406961e-07  1.216544245611634e-01 
 2.041701343406961e-07  1.216544245391795e-01 
 2.041901343406961e-07  1.216544245172395e-01 
 2.042101343406961e-07  1.216544244953433e-01 
 2.042301343406961e-07  1.216544244734909e-01 
 2.042501343406961e-07  1.216544244516820e-01 
 2.042701343406961e-07  1.216544244299167e-01 
 2.042901343406961e-07  1.216544244081949e-01 
 2.043101343406961e-07  1.216544243865165e-01 
 2.043301343406961e-07  1.216544243648813e-01 
 2.043501343406961e-07  1.216544243432893e-01 
 2.043701343406961e-07  1.216544243217404e-01 
 2.043901343406961e-07  1.216544243002345e-01 
 2.044101343406961e-07  1.216544242787716e-01 
 2.044301343406960e-07  1.216544242573515e-01 
 2.044501343406960e-07  1.216544242359742e-01 
 2.044701343406960e-07  1.216544242146396e-01 
 2.044901343406960e-07  1.216544241933476e-01 
 2.045101343406960e-07  1.216544241720981e-01 
 2.045301343406960e-07  1.216544241508910e-01 
 2.045501343406960e-07  1.216544241297263e-01 
 2.045701343406960e-07  1.216544241086038e-01 
 2.045901343406960e-07  1.216544240875235e-01 
 2.046101343406960e-07  1.216544240664853e-01 
 2.046301343406960e-07  1.216544240454892e-01 
 2.046501343406960e-07  1.216544240245348e-01 
 2.046701343406960e-07  1.216544240036224e-01 
 2.046901343406960e-07  1.216544239827517e-01 
 2.047101343406960e-07  1.216544239619227e-01 
 2.047301343406960e-07  1.216544239411352e-01 
 2.047501343406960e-07  1.216544239203893e-01 
 2.047701343406960e-07  1.216544238996848e-01 
 2.047901343406960e-07  1.216544238790216e-01 
 2.048101343406960e-07  1.216544238583997e-01 
 2.048301343406960e-07  1.216544238378190e-01 
 2.048501343406960e-07  1.216544238172793e-01 
 2.048701343406960e-07  1.216544237967807e-01 
 2.048901343406960e-07  1.216544237763230e-01 
 2.049101343406960e-07  1.216544237559062e-01 
 2.049301343406960e-07  1.216544237355300e-01 
 2.049501343406959e-07  1.216544237151946e-01 
 2.049701343406959e-07  1.216544236948997e-01 
 2.049901343406959e-07  1.216544236746454e-01 
 2.050101343406959e-07  1.216544236544315e-01 
 2.050301343406959e-07  1.216544236342581e-01 
 2.050501343406959e-07  1.216544236141248e-01 
 2.050701343406959e-07  1.216544235940318e-01 
 2.050901343406959e-07  1.216544235739789e-01 
 2.051101343406959e-07  1.216544235539660e-01 
 2.051301343406959e-07  1.216544235339931e-01 
 2.051501343406959e-07  1.216544235140601e-01 
 2.051701343406959e-07  1.216544234941669e-01 
 2.051901343406959e-07  1.216544234743134e-01 
 2.052101343406959e-07  1.216544234544995e-01 
 2.052301343406959e-07  1.216544234347251e-01 
 2.052501343406959e-07  1.216544234149903e-01 
 2.052701343406959e-07  1.216544233952949e-01 
 2.052901343406959e-07  1.216544233756388e-01 
 2.053101343406959e-07  1.216544233560220e-01 
 2.053301343406959e-07  1.216544233364443e-01 
 2.053501343406959e-07  1.216544233169057e-01 
 2.053701343406959e-07  1.216544232974061e-01 
 2.053901343406959e-07  1.216544232779455e-01 
 2.054101343406959e-07  1.216544232585237e-01 
 2.054301343406959e-07  1.216544232391407e-01 
 2.054501343406959e-07  1.216544232197963e-01 
 2.054701343406959e-07  1.216544232004906e-01 
 2.054901343406958e-07  1.216544231812235e-01 
 2.055101343406958e-07  1.216544231619948e-01 
 2.055301343406958e-07  1.216544231428045e-01 
 2.055501343406958e-07  1.216544231236525e-01 
 2.055701343406958e-07  1.216544231045387e-01 
 2.055901343406958e-07  1.216544230854632e-01 
 2.056101343406958e-07  1.216544230664257e-01 
 2.056301343406958e-07  1.216544230474262e-01 
 2.056501343406958e-07  1.216544230284646e-01 
 2.056701343406958e-07  1.216544230095409e-01 
 2.056901343406958e-07  1.216544229906551e-01 
 2.057101343406958e-07  1.216544229718069e-01 
 2.057301343406958e-07  1.216544229529964e-01 
 2.057501343406958e-07  1.216544229342234e-01 
 2.057701343406958e-07  1.216544229154879e-01 
 2.057901343406958e-07  1.216544228967898e-01 
 2.058101343406958e-07  1.216544228781290e-01 
 2.058301343406958e-07  1.216544228595055e-01 
 2.058501343406958e-07  1.216544228409191e-01 
 2.058701343406958e-07  1.216544228223699e-01 
 2.058901343406958e-07  1.216544228038577e-01 
 2.059101343406958e-07  1.216544227853825e-01 
 2.059301343406958e-07  1.216544227669441e-01 
 2.059501343406958e-07  1.216544227485426e-01 
 2.059701343406958e-07  1.216544227301778e-01 
 2.059901343406958e-07  1.216544227118497e-01 
 2.060101343406957e-07  1.216544226935582e-01 
 2.060301343406957e-07  1.216544226753031e-01 
 2.060501343406957e-07  1.216544226570846e-01 
 2.060701343406957e-07  1.216544226389024e-01 
 2.060901343406957e-07  1.216544226207565e-01 
 2.061101343406957e-07  1.216544226026468e-01 
 2.061301343406957e-07  1.216544225845733e-01 
 2.061501343406957e-07  1.216544225665359e-01 
 2.061701343406957e-07  1.216544225485345e-01 
 2.061901343406957e-07  1.216544225305690e-01 
 2.062101343406957e-07  1.216544225126394e-01 
 2.062301343406957e-07  1.216544224947456e-01 
 2.062501343406957e-07  1.216544224768876e-01 
 2.062701343406957e-07  1.216544224590652e-01 
 2.062901343406957e-07  1.216544224412784e-01 
 2.063101343406957e-07  1.216544224235271e-01 
 2.063301343406957e-07  1.216544224058112e-01 
 2.063501343406957e-07  1.216544223881308e-01 
 2.063701343406957e-07  1.216544223704856e-01 
 2.063901343406957e-07  1.216544223528757e-01 
 2.064101343406957e-07  1.216544223353009e-01 
 2.064301343406957e-07  1.216544223177612e-01 
 2.064501343406957e-07  1.216544223002565e-01 
 2.064701343406957e-07  1.216544222827867e-01 
 2.064901343406957e-07  1.216544222653518e-01 
 2.065101343406957e-07  1.216544222479518e-01 
 2.065301343406957e-07  1.216544222305864e-01 
 2.065501343406956e-07  1.216544222132558e-01 
 2.065701343406956e-07  1.216544221959597e-01 
 2.065901343406956e-07  1.216544221786982e-01 
 2.066101343406956e-07  1.216544221614712e-01 
 2.066301343406956e-07  1.216544221442786e-01 
 2.066501343406956e-07  1.216544221271203e-01 
 2.066701343406956e-07  1.216544221099962e-01 
 2.066901343406956e-07  1.216544220929063e-01 
 2.067101343406956e-07  1.216544220758506e-01 
 2.067301343406956e-07  1.216544220588289e-01 
 2.067501343406956e-07  1.216544220418413e-01 
 2.067701343406956e-07  1.216544220248875e-01 
 2.067901343406956e-07  1.216544220079675e-01 
 2.068101343406956e-07  1.216544219910813e-01 
 2.068301343406956e-07  1.216544219742289e-01 
 2.068501343406956e-07  1.216544219574101e-01 
 2.068701343406956e-07  1.216544219406249e-01 
 2.068901343406956e-07  1.216544219238732e-01 
 2.069101343406956e-07  1.216544219071549e-01 
 2.069301343406956e-07  1.216544218904701e-01 
 2.069501343406956e-07  1.216544218738185e-01 
 2.069701343406956e-07  1.216544218572002e-01 
 2.069901343406956e-07  1.216544218406151e-01 
 2.070101343406956e-07  1.216544218240630e-01 
 2.070301343406956e-07  1.216544218075441e-01 
 2.070501343406956e-07  1.216544217910581e-01 
 2.070701343406955e-07  1.216544217746051e-01 
 2.070901343406955e-07  1.216544217581849e-01 
 2.071101343406955e-07  1.216544217417975e-01 
 2.071301343406955e-07  1.216544217254427e-01 
 2.071501343406955e-07  1.216544217091207e-01 
 2.071701343406955e-07  1.216544216928312e-01 
 2.071901343406955e-07  1.216544216765742e-01 
 2.072101343406955e-07  1.216544216603498e-01 
 2.072301343406955e-07  1.216544216441577e-01 
 2.072501343406955e-07  1.216544216279979e-01 
 2.072701343406955e-07  1.216544216118705e-01 
 2.072901343406955e-07  1.216544215957752e-01 
 2.073101343406955e-07  1.216544215797120e-01 
 2.073301343406955e-07  1.216544215636809e-01 
 2.073501343406955e-07  1.216544215476819e-01 
 2.073701343406955e-07  1.216544215317148e-01 
 2.073901343406955e-07  1.216544215157795e-01 
 2.074101343406955e-07  1.216544214998760e-01 
 2.074301343406955e-07  1.216544214840044e-01 
 2.074501343406955e-07  1.216544214681644e-01 
 2.074701343406955e-07  1.216544214523560e-01 
 2.074901343406955e-07  1.216544214365792e-01 
 2.075101343406955e-07  1.216544214208338e-01 
 2.075301343406955e-07  1.216544214051200e-01 
 2.075501343406955e-07  1.216544213894375e-01 
 2.075701343406955e-07  1.216544213737863e-01 
 2.075901343406954e-07  1.216544213581664e-01 
 2.076101343406954e-07  1.216544213425776e-01 
 2.076301343406954e-07  1.216544213270199e-01 
 2.076501343406954e-07  1.216544213114933e-01 
 2.076701343406954e-07  1.216544212959978e-01 
 2.076901343406954e-07  1.216544212805332e-01 
 2.077101343406954e-07  1.216544212650995e-01 
 2.077301343406954e-07  1.216544212496965e-01 
 2.077501343406954e-07  1.216544212343244e-01 
 2.077701343406954e-07  1.216544212189829e-01 
 2.077901343406954e-07  1.216544212036720e-01 
 2.078101343406954e-07  1.216544211883918e-01 
 2.078301343406954e-07  1.216544211731420e-01 
 2.078501343406954e-07  1.216544211579227e-01 
 2.078701343406954e-07  1.216544211427337e-01 
 2.078901343406954e-07  1.216544211275751e-01 
 2.079101343406954e-07  1.216544211124468e-01 
 2.079301343406954e-07  1.216544210973487e-01 
 2.079501343406954e-07  1.216544210822807e-01 
 2.079701343406954e-07  1.216544210672428e-01 
 2.079901343406954e-07  1.216544210522349e-01 
 2.080101343406954e-07  1.216544210372569e-01 
 2.080301343406954e-07  1.216544210223089e-01 
 2.080501343406954e-07  1.216544210073907e-01 
 2.080701343406954e-07  1.216544209925023e-01 
 2.080901343406954e-07  1.216544209776437e-01 
 2.081101343406954e-07  1.216544209628147e-01 
 2.081301343406953e-07  1.216544209480153e-01 
 2.081501343406953e-07  1.216544209332455e-01 
 2.081701343406953e-07  1.216544209185051e-01 
 2.081901343406953e-07  1.216544209037942e-01 
 2.082101343406953e-07  1.216544208891126e-01 
 2.082301343406953e-07  1.216544208744604e-01 
 2.082501343406953e-07  1.216544208598374e-01 
 2.082701343406953e-07  1.216544208452436e-01 
 2.082901343406953e-07  1.216544208306789e-01 
 2.083101343406953e-07  1.216544208161434e-01 
 2.083301343406953e-07  1.216544208016368e-01 
 2.083501343406953e-07  1.216544207871592e-01 
 2.083701343406953e-07  1.216544207727106e-01 
 2.083901343406953e-07  1.216544207582907e-01 
 2.084101343406953e-07  1.216544207438997e-01 
 2.084301343406953e-07  1.216544207295374e-01 
 2.084501343406953e-07  1.216544207152038e-01 
 2.084701343406953e-07  1.216544207008988e-01 
 2.084901343406953e-07  1.216544206866224e-01 
 2.085101343406953e-07  1.216544206723745e-01 
 2.085301343406953e-07  1.216544206581550e-01 
 2.085501343406953e-07  1.216544206439639e-01 
 2.085701343406953e-07  1.216544206298011e-01 
 2.085901343406953e-07  1.216544206156667e-01 
 2.086101343406953e-07  1.216544206015604e-01 
 2.086301343406953e-07  1.216544205874823e-01 
 2.086501343406952e-07  1.216544205734323e-01 
 2.086701343406952e-07  1.216544205594104e-01 
 2.086901343406952e-07  1.216544205454164e-01 
 2.087101343406952e-07  1.216544205314504e-01 
 2.087301343406952e-07  1.216544205175123e-01 
 2.087501343406952e-07  1.216544205036019e-01 
 2.087701343406952e-07  1.216544204897194e-01 
 2.087901343406952e-07  1.216544204758646e-01 
 2.088101343406952e-07  1.216544204620375e-01 
 2.088301343406952e-07  1.216544204482380e-01 
 2.088501343406952e-07  1.216544204344660e-01 
 2.088701343406952e-07  1.216544204207215e-01 
 2.088901343406952e-07  1.216544204070045e-01 
 2.089101343406952e-07  1.216544203933148e-01 
 2.089301343406952e-07  1.216544203796525e-01 
 2.089501343406952e-07  1.216544203660175e-01 
 2.089701343406952e-07  1.216544203524097e-01 
 2.089901343406952e-07  1.216544203388290e-01 
 2.090101343406952e-07  1.216544203252755e-01 
 2.090301343406952e-07  1.216544203117490e-01 
 2.090501343406952e-07  1.216544202982495e-01 
 2.090701343406952e-07  1.216544202847770e-01 
 2.090901343406952e-07  1.216544202713314e-01 
 2.091101343406952e-07  1.216544202579126e-01 
 2.091301343406952e-07  1.216544202445207e-01 
 2.091501343406952e-07  1.216544202311554e-01 
 2.091701343406951e-07  1.216544202178169e-01 
 2.091901343406951e-07  1.216544202045050e-01 
 2.092101343406951e-07  1.216544201912196e-01 
 2.092301343406951e-07  1.216544201779608e-01 
 2.092501343406951e-07  1.216544201647285e-01 
 2.092701343406951e-07  1.216544201515225e-01 
 2.092901343406951e-07  1.216544201383430e-01 
 2.093101343406951e-07  1.216544201251897e-01 
 2.093301343406951e-07  1.216544201120627e-01 
 2.093501343406951e-07  1.216544200989620e-01 
 2.093701343406951e-07  1.216544200858874e-01 
 2.093901343406951e-07  1.216544200728388e-01 
 2.094101343406951e-07  1.216544200598164e-01 
 2.094301343406951e-07  1.216544200468200e-01 
 2.094501343406951e-07  1.216544200338495e-01 
 2.094701343406951e-07  1.216544200209049e-01 
 2.094901343406951e-07  1.216544200079861e-01 
 2.095101343406951e-07  1.216544199950932e-01 
 2.095301343406951e-07  1.216544199822259e-01 
 2.095501343406951e-07  1.216544199693844e-01 
 2.095701343406951e-07  1.216544199565685e-01 
 2.095901343406951e-07  1.216544199437782e-01 
 2.096101343406951e-07  1.216544199310134e-01 
 2.096301343406951e-07  1.216544199182742e-01 
 2.096501343406951e-07  1.216544199055603e-01 
 2.096701343406951e-07  1.216544198928718e-01 
 2.096901343406951e-07  1.216544198802087e-01 
 2.097101343406950e-07  1.216544198675709e-01 
 2.097301343406950e-07  1.216544198549583e-01 
 2.097501343406950e-07  1.216544198423708e-01 
 2.097701343406950e-07  1.216544198298085e-01 
 2.097901343406950e-07  1.216544198172713e-01 
 2.098101343406950e-07  1.216544198047591e-01 
 2.098301343406950e-07  1.216544197922719e-01 
 2.098501343406950e-07  1.216544197798097e-01 
 2.098701343406950e-07  1.216544197673723e-01 
 2.098901343406950e-07  1.216544197549598e-01 
 2.099101343406950e-07  1.216544197425720e-01 
 2.099301343406950e-07  1.216544197302090e-01 
 2.099501343406950e-07  1.216544197178707e-01 
 2.099701343406950e-07  1.216544197055569e-01 
 2.099901343406950e-07  1.216544196932678e-01 
 2.100101343406950e-07  1.216544196810032e-01 
 2.100301343406950e-07  1.216544196687631e-01 
 2.100501343406950e-07  1.216544196565474e-01 
 2.100701343406950e-07  1.216544196443561e-01 
 2.100901343406950e-07  1.216544196321892e-01 
 2.101101343406950e-07  1.216544196200465e-01 
 2.101301343406950e-07  1.216544196079282e-01 
 2.101501343406950e-07  1.216544195958340e-01 
 2.101701343406950e-07  1.216544195837640e-01 
 2.101901343406950e-07  1.216544195717180e-01 
 2.102101343406950e-07  1.216544195596961e-01 
 2.102301343406949e-07  1.216544195476982e-01 
 2.102501343406949e-07  1.216544195357243e-01 
 2.102701343406949e-07  1.216544195237742e-01 
 2.102901343406949e-07  1.216544195118481e-01 
 2.103101343406949e-07  1.216544194999457e-01 
 2.103301343406949e-07  1.216544194880671e-01 
 2.103501343406949e-07  1.216544194762122e-01 
 2.103701343406949e-07  1.216544194643810e-01 
 2.103901343406949e-07  1.216544194525734e-01 
 2.104101343406949e-07  1.216544194407893e-01 
 2.104301343406949e-07  1.216544194290288e-01 
 2.104501343406949e-07  1.216544194172918e-01 
 2.104701343406949e-07  1.216544194055782e-01 
 2.104901343406949e-07  1.216544193938880e-01 
 2.105101343406949e-07  1.216544193822211e-01 
 2.105301343406949e-07  1.216544193705776e-01 
 2.105501343406949e-07  1.216544193589572e-01 
 2.105701343406949e-07  1.216544193473601e-01 
 2.105901343406949e-07  1.216544193357862e-01 
 2.106101343406949e-07  1.216544193242353e-01 
 2.106301343406949e-07  1.216544193127075e-01 
 2.106501343406949e-07  1.216544193012027e-01 
 2.106701343406949e-07  1.216544192897209e-01 
 2.106901343406949e-07  1.216544192782621e-01 
 2.107101343406949e-07  1.216544192668261e-01 
 2.107301343406949e-07  1.216544192554129e-01 
 2.107501343406949e-07  1.216544192440226e-01 
 2.107701343406948e-07  1.216544192326549e-01 
 2.107901343406948e-07  1.216544192213100e-01 
 2.108101343406948e-07  1.216544192099877e-01 
 2.108301343406948e-07  1.216544191986881e-01 
 2.108501343406948e-07  1.216544191874110e-01 
 2.108701343406948e-07  1.216544191761564e-01 
 2.108901343406948e-07  1.216544191649243e-01 
 2.109101343406948e-07  1.216544191537146e-01 
 2.109301343406948e-07  1.216544191425273e-01 
 2.109501343406948e-07  1.216544191313623e-01 
 2.109701343406948e-07  1.216544191202196e-01 
 2.109901343406948e-07  1.216544191090991e-01 
 2.110101343406948e-07  1.216544190980009e-01 
 2.110301343406948e-07  1.216544190869248e-01 
 2.110501343406948e-07  1.216544190758709e-01 
 2.110701343406948e-07  1.216544190648390e-01 
 2.110901343406948e-07  1.216544190538291e-01 
 2.111101343406948e-07  1.216544190428412e-01 
 2.111301343406948e-07  1.216544190318753e-01 
 2.111501343406948e-07  1.216544190209312e-01 
 2.111701343406948e-07  1.216544190100090e-01 
 2.111901343406948e-07  1.216544189991086e-01 
 2.112101343406948e-07  1.216544189882300e-01 
 2.112301343406948e-07  1.216544189773731e-01 
 2.112501343406948e-07  1.216544189665379e-01 
 2.112701343406948e-07  1.216544189557243e-01 
 2.112901343406947e-07  1.216544189449324e-01 
 2.113101343406947e-07  1.216544189341619e-01 
 2.113301343406947e-07  1.216544189234130e-01 
 2.113501343406947e-07  1.216544189126855e-01 
 2.113701343406947e-07  1.216544189019795e-01 
 2.113901343406947e-07  1.216544188912948e-01 
 2.114101343406947e-07  1.216544188806314e-01 
 2.114301343406947e-07  1.216544188699894e-01 
 2.114501343406947e-07  1.216544188593685e-01 
 2.114701343406947e-07  1.216544188487689e-01 
 2.114901343406947e-07  1.216544188381904e-01 
 2.115101343406947e-07  1.216544188276331e-01 
 2.115301343406947e-07  1.216544188170968e-01 
 2.115501343406947e-07  1.216544188065816e-01 
 2.115701343406947e-07  1.216544187960874e-01 
 2.115901343406947e-07  1.216544187856141e-01 
 2.116101343406947e-07  1.216544187751618e-01 
 2.116301343406947e-07  1.216544187647303e-01 
 2.116501343406947e-07  1.216544187543196e-01 
 2.116701343406947e-07  1.216544187439297e-01 
 2.116901343406947e-07  1.216544187335606e-01 
 2.117101343406947e-07  1.216544187232121e-01 
 2.117301343406947e-07  1.216544187128844e-01 
 2.117501343406947e-07  1.216544187025772e-01 
 2.117701343406947e-07  1.216544186922907e-01 
 2.117901343406947e-07  1.216544186820247e-01 
 2.118101343406946e-07  1.216544186717791e-01 
 2.118301343406946e-07  1.216544186615541e-01 
 2.118501343406946e-07  1.216544186513494e-01 
 2.118701343406946e-07  1.216544186411651e-01 
 2.118901343406946e-07  1.216544186310012e-01 
 2.119101343406946e-07  1.216544186208576e-01 
 2.119301343406946e-07  1.216544186107342e-01 
 2.119501343406946e-07  1.216544186006310e-01 
 2.119701343406946e-07  1.216544185905480e-01 
 2.119901343406946e-07  1.216544185804852e-01 
 2.120101343406946e-07  1.216544185704424e-01 
 2.120301343406946e-07  1.216544185604196e-01 
 2.120501343406946e-07  1.216544185504169e-01 
 2.120701343406946e-07  1.216544185404341e-01 
 2.120901343406946e-07  1.216544185304712e-01 
 2.121101343406946e-07  1.216544185205283e-01 
 2.121301343406946e-07  1.216544185106052e-01 
 2.121501343406946e-07  1.216544185007020e-01 
 2.121701343406946e-07  1.216544184908184e-01 
 2.121901343406946e-07  1.216544184809546e-01 
 2.122101343406946e-07  1.216544184711105e-01 
 2.122301343406946e-07  1.216544184612861e-01 
 2.122501343406946e-07  1.216544184514813e-01 
 2.122701343406946e-07  1.216544184416960e-01 
 2.122901343406946e-07  1.216544184319303e-01 
 2.123101343406946e-07  1.216544184221840e-01 
 2.123301343406946e-07  1.216544184124573e-01 
 2.123501343406945e-07  1.216544184027500e-01 
 2.123701343406945e-07  1.216544183930620e-01 
 2.123901343406945e-07  1.216544183833934e-01 
 2.124101343406945e-07  1.216544183737442e-01 
 2.124301343406945e-07  1.216544183641142e-01 
 2.124501343406945e-07  1.216544183545034e-01 
 2.124701343406945e-07  1.216544183449118e-01 
 2.124901343406945e-07  1.216544183353394e-01 
 2.125101343406945e-07  1.216544183257860e-01 
 2.125301343406945e-07  1.216544183162518e-01 
 2.125501343406945e-07  1.216544183067366e-01 
 2.125701343406945e-07  1.216544182972403e-01 
 2.125901343406945e-07  1.216544182877631e-01 
 2.126101343406945e-07  1.216544182783047e-01 
 2.126301343406945e-07  1.216544182688652e-01 
 2.126501343406945e-07  1.216544182594446e-01 
 2.126701343406945e-07  1.216544182500428e-01 
 2.126901343406945e-07  1.216544182406598e-01 
 2.127101343406945e-07  1.216544182312955e-01 
 2.127301343406945e-07  1.216544182219498e-01 
 2.127501343406945e-07  1.216544182126229e-01 
 2.127701343406945e-07  1.216544182033145e-01 
 2.127901343406945e-07  1.216544181940248e-01 
 2.128101343406945e-07  1.216544181847536e-01 
 2.128301343406945e-07  1.216544181755009e-01 
 2.128501343406945e-07  1.216544181662667e-01 
 2.128701343406944e-07  1.216544181570510e-01 
 2.128901343406944e-07  1.216544181478536e-01 
 2.129101343406944e-07  1.216544181386747e-01 
 2.129301343406944e-07  1.216544181295140e-01 
 2.129501343406944e-07  1.216544181203716e-01 
 2.129701343406944e-07  1.216544181112475e-01 
 2.129901343406944e-07  1.216544181021416e-01 
 2.130101343406944e-07  1.216544180930538e-01 
 2.130301343406944e-07  1.216544180839842e-01 
 2.130501343406944e-07  1.216544180749328e-01 
 2.130701343406944e-07  1.216544180658993e-01 
 2.130901343406944e-07  1.216544180568839e-01 
 2.131101343406944e-07  1.216544180478866e-01 
 2.131301343406944e-07  1.216544180389072e-01 
 2.131501343406944e-07  1.216544180299457e-01 
 2.131701343406944e-07  1.216544180210021e-01 
 2.131901343406944e-07  1.216544180120764e-01 
 2.132101343406944e-07  1.216544180031685e-01 
 2.132301343406944e-07  1.216544179942784e-01 
 2.132501343406944e-07  1.216544179854060e-01 
 2.132701343406944e-07  1.216544179765514e-01 
 2.132901343406944e-07  1.216544179677144e-01 
 2.133101343406944e-07  1.216544179588950e-01 
 2.133301343406944e-07  1.216544179500933e-01 
 2.133501343406944e-07  1.216544179413091e-01 
 2.133701343406944e-07  1.216544179325425e-01 
 2.133901343406943e-07  1.216544179237933e-01 
 2.134101343406943e-07  1.216544179150617e-01 
 2.134301343406943e-07  1.216544179063475e-01 
 2.134501343406943e-07  1.216544178976506e-01 
 2.134701343406943e-07  1.216544178889712e-01 
 2.134901343406943e-07  1.216544178803090e-01 
 2.135101343406943e-07  1.216544178716642e-01 
 2.135301343406943e-07  1.216544178630366e-01 
 2.135501343406943e-07  1.216544178544263e-01 
 2.135701343406943e-07  1.216544178458332e-01 
 2.135901343406943e-07  1.216544178372572e-01 
 2.136101343406943e-07  1.216544178286983e-01 
 2.136301343406943e-07  1.216544178201565e-01 
 2.136501343406943e-07  1.216544178116318e-01 
 2.136701343406943e-07  1.216544178031241e-01 
 2.136901343406943e-07  1.216544177946333e-01 
 2.137101343406943e-07  1.216544177861596e-01 
 2.137301343406943e-07  1.216544177777028e-01 
 2.137501343406943e-07  1.216544177692628e-01 
 2.137701343406943e-07  1.216544177608397e-01 
 2.137901343406943e-07  1.216544177524334e-01 
 2.138101343406943e-07  1.216544177440439e-01 
 2.138301343406943e-07  1.216544177356711e-01 
 2.138501343406943e-07  1.216544177273152e-01 
 2.138701343406943e-07  1.216544177189759e-01 
 2.138901343406943e-07  1.216544177106532e-01 
 2.139101343406943e-07  1.216544177023471e-01 
 2.139301343406942e-07  1.216544176940575e-01 
 2.139501343406942e-07  1.216544176857846e-01 
 2.139701343406942e-07  1.216544176775282e-01 
 2.139901343406942e-07  1.216544176692882e-01 
 2.140101343406942e-07  1.216544176610647e-01 
 2.140301343406942e-07  1.216544176528576e-01 
 2.140501343406942e-07  1.216544176446669e-01 
 2.140701343406942e-07  1.216544176364926e-01 
 2.140901343406942e-07  1.216544176283346e-01 
 2.141101343406942e-07  1.216544176201929e-01 
 2.141301343406942e-07  1.216544176120674e-01 
 2.141501343406942e-07  1.216544176039581e-01 
 2.141701343406942e-07  1.216544175958651e-01 
 2.141901343406942e-07  1.216544175877882e-01 
 2.142101343406942e-07  1.216544175797274e-01 
 2.142301343406942e-07  1.216544175716827e-01 
 2.142501343406942e-07  1.216544175636541e-01 
 2.142701343406942e-07  1.216544175556415e-01 
 2.142901343406942e-07  1.216544175476449e-01 
 2.143101343406942e-07  1.216544175396643e-01 
 2.143301343406942e-07  1.216544175316996e-01 
 2.143501343406942e-07  1.216544175237509e-01 
 2.143701343406942e-07  1.216544175158179e-01 
 2.143901343406942e-07  1.216544175079008e-01 
 2.144101343406942e-07  1.216544174999996e-01 
 2.144301343406942e-07  1.216544174921141e-01 
 2.144501343406941e-07  1.216544174842444e-01 
 2.144701343406941e-07  1.216544174763903e-01 
 2.144901343406941e-07  1.216544174685520e-01 
 2.145101343406941e-07  1.216544174607293e-01 
 2.145301343406941e-07  1.216544174529223e-01 
 2.145501343406941e-07  1.216544174451308e-01 
 2.145701343406941e-07  1.216544174373548e-01 
 2.145901343406941e-07  1.216544174295944e-01 
 2.146101343406941e-07  1.216544174218495e-01 
 2.146301343406941e-07  1.216544174141200e-01 
 2.146501343406941e-07  1.216544174064060e-01 
 2.146701343406941e-07  1.216544173987074e-01 
 2.146901343406941e-07  1.216544173910241e-01 
 2.147101343406941e-07  1.216544173833562e-01 
 2.147301343406941e-07  1.216544173757035e-01 
 2.147501343406941e-07  1.216544173680662e-01 
 2.147701343406941e-07  1.216544173604441e-01 
 2.147901343406941e-07  1.216544173528372e-01 
 2.148101343406941e-07  1.216544173452456e-01 
 2.148301343406941e-07  1.216544173376691e-01 
 2.148501343406941e-07  1.216544173301077e-01 
 2.148701343406941e-07  1.216544173225614e-01 
 2.148901343406941e-07  1.216544173150302e-01 
 2.149101343406941e-07  1.216544173075140e-01 
 2.149301343406941e-07  1.216544173000129e-01 
 2.149501343406941e-07  1.216544172925267e-01 
 2.149701343406941e-07  1.216544172850554e-01 
 2.149901343406940e-07  1.216544172775991e-01 
 2.150101343406940e-07  1.216544172701576e-01 
 2.150301343406940e-07  1.216544172627310e-01 
 2.150501343406940e-07  1.216544172553193e-01 
 2.150701343406940e-07  1.216544172479224e-01 
 2.150901343406940e-07  1.216544172405402e-01 
 2.151101343406940e-07  1.216544172331727e-01 
 2.151301343406940e-07  1.216544172258200e-01 
 2.151501343406940e-07  1.216544172184819e-01 
 2.151701343406940e-07  1.216544172111585e-01 
 2.151901343406940e-07  1.216544172038497e-01 
 2.152101343406940e-07  1.216544171965556e-01 
 2.152301343406940e-07  1.216544171892759e-01 
 2.152501343406940e-07  1.216544171820108e-01 
 2.152701343406940e-07  1.216544171747603e-01 
 2.152901343406940e-07  1.216544171675241e-01 
 2.153101343406940e-07  1.216544171603025e-01 
 2.153301343406940e-07  1.216544171530952e-01 
 2.153501343406940e-07  1.216544171459023e-01 
 2.153701343406940e-07  1.216544171387239e-01 
 2.153901343406940e-07  1.216544171315597e-01 
 2.154101343406940e-07  1.216544171244098e-01 
 2.154301343406940e-07  1.216544171172743e-01 
 2.154501343406940e-07  1.216544171101529e-01 
 2.154701343406940e-07  1.216544171030458e-01 
 2.154901343406940e-07  1.216544170959529e-01 
 2.155101343406939e-07  1.216544170888741e-01 
 2.155301343406939e-07  1.216544170818094e-01 
 2.155501343406939e-07  1.216544170747589e-01 
 2.155701343406939e-07  1.216544170677224e-01 
 2.155901343406939e-07  1.216544170607000e-01 
 2.156101343406939e-07  1.216544170536916e-01 
 2.156301343406939e-07  1.216544170466972e-01 
 2.156501343406939e-07  1.216544170397168e-01 
 2.156701343406939e-07  1.216544170327503e-01 
 2.156901343406939e-07  1.216544170257978e-01 
 2.157101343406939e-07  1.216544170188591e-01 
 2.157301343406939e-07  1.216544170119342e-01 
 2.157501343406939e-07  1.216544170050232e-01 
 2.157701343406939e-07  1.216544169981260e-01 
 2.157901343406939e-07  1.216544169912425e-01 
 2.158101343406939e-07  1.216544169843729e-01 
 2.158301343406939e-07  1.216544169775169e-01 
 2.158501343406939e-07  1.216544169706746e-01 
 2.158701343406939e-07  1.216544169638460e-01 
 2.158901343406939e-07  1.216544169570311e-01 
 2.159101343406939e-07  1.216544169502297e-01 
 2.159301343406939e-07  1.216544169434419e-01 
 2.159501343406939e-07  1.216544169366676e-01 
 2.159701343406939e-07  1.216544169299069e-01 
 2.159901343406939e-07  1.216544169231596e-01 
 2.160101343406939e-07  1.216544169164259e-01 
 2.160301343406938e-07  1.216544169097055e-01 
 2.160501343406938e-07  1.216544169029986e-01 
 2.160701343406938e-07  1.216544168963051e-01 
 2.160901343406938e-07  1.216544168896250e-01 
 2.161101343406938e-07  1.216544168829582e-01 
 2.161301343406938e-07  1.216544168763047e-01 
 2.161501343406938e-07  1.216544168696645e-01 
 2.161701343406938e-07  1.216544168630376e-01 
 2.161901343406938e-07  1.216544168564238e-01 
 2.162101343406938e-07  1.216544168498234e-01 
 2.162301343406938e-07  1.216544168432360e-01 
 2.162501343406938e-07  1.216544168366618e-01 
 2.162701343406938e-07  1.216544168301007e-01 
 2.162901343406938e-07  1.216544168235527e-01 
 2.163101343406938e-07  1.216544168170178e-01 
 2.163301343406938e-07  1.216544168104959e-01 
 2.163501343406938e-07  1.216544168039871e-01 
 2.163701343406938e-07  1.216544167974913e-01 
 2.163901343406938e-07  1.216544167910084e-01 
 2.164101343406938e-07  1.216544167845385e-01 
 2.164301343406938e-07  1.216544167780815e-01 
 2.164501343406938e-07  1.216544167716374e-01 
 2.164701343406938e-07  1.216544167652062e-01 
 2.164901343406938e-07  1.216544167587878e-01 
 2.165101343406938e-07  1.216544167523822e-01 
 2.165301343406938e-07  1.216544167459894e-01 
 2.165501343406938e-07  1.216544167396094e-01 
 2.165701343406937e-07  1.216544167332421e-01 
 2.165901343406937e-07  1.216544167268875e-01 
 2.166101343406937e-07  1.216544167205457e-01 
 2.166301343406937e-07  1.216544167142165e-01 
 2.166501343406937e-07  1.216544167078999e-01 
 2.166701343406937e-07  1.216544167015959e-01 
 2.166901343406937e-07  1.216544166953045e-01 
 2.167101343406937e-07  1.216544166890257e-01 
 2.167301343406937e-07  1.216544166827594e-01 
 2.167501343406937e-07  1.216544166765056e-01 
 2.167701343406937e-07  1.216544166702643e-01 
 2.167901343406937e-07  1.216544166640355e-01 
 2.168101343406937e-07  1.216544166578191e-01 
 2.168301343406937e-07  1.216544166516152e-01 
 2.168501343406937e-07  1.216544166454236e-01 
 2.168701343406937e-07  1.216544166392444e-01 
 2.168901343406937e-07  1.216544166330775e-01 
 2.169101343406937e-07  1.216544166269229e-01 
 2.169301343406937e-07  1.216544166207806e-01 
 2.169501343406937e-07  1.216544166146506e-01 
 2.169701343406937e-07  1.216544166085328e-01 
 2.169901343406937e-07  1.216544166024273e-01 
 2.170101343406937e-07  1.216544165963339e-01 
 2.170301343406937e-07  1.216544165902527e-01 
 2.170501343406937e-07  1.216544165841836e-01 
 2.170701343406937e-07  1.216544165781267e-01 
 2.170901343406936e-07  1.216544165720819e-01 
 2.171101343406936e-07  1.216544165660491e-01 
 2.171301343406936e-07  1.216544165600284e-01 
 2.171501343406936e-07  1.216544165540196e-01 
 2.171701343406936e-07  1.216544165480229e-01 
 2.171901343406936e-07  1.216544165420381e-01 
 2.172101343406936e-07  1.216544165360653e-01 
 2.172301343406936e-07  1.216544165301044e-01 
 2.172501343406936e-07  1.216544165241554e-01 
 2.172701343406936e-07  1.216544165182182e-01 
 2.172901343406936e-07  1.216544165122929e-01 
 2.173101343406936e-07  1.216544165063795e-01 
 2.173301343406936e-07  1.216544165004778e-01 
 2.173501343406936e-07  1.216544164945880e-01 
 2.173701343406936e-07  1.216544164887099e-01 
 2.173901343406936e-07  1.216544164828436e-01 
 2.174101343406936e-07  1.216544164769889e-01 
 2.174301343406936e-07  1.216544164711460e-01 
 2.174501343406936e-07  1.216544164653147e-01 
 2.174701343406936e-07  1.216544164594951e-01 
 2.174901343406936e-07  1.216544164536871e-01 
 2.175101343406936e-07  1.216544164478907e-01 
 2.175301343406936e-07  1.216544164421058e-01 
 2.175501343406936e-07  1.216544164363325e-01 
 2.175701343406936e-07  1.216544164305707e-01 
 2.175901343406936e-07  1.216544164248205e-01 
 2.176101343406935e-07  1.216544164190817e-01 
 2.176301343406935e-07  1.216544164133544e-01 
 2.176501343406935e-07  1.216544164076385e-01 
 2.176701343406935e-07  1.216544164019340e-01 
 2.176901343406935e-07  1.216544163962409e-01 
 2.177101343406935e-07  1.216544163905591e-01 
 2.177301343406935e-07  1.216544163848887e-01 
 2.177501343406935e-07  1.216544163792297e-01 
 2.177701343406935e-07  1.216544163735820e-01 
 2.177901343406935e-07  1.216544163679455e-01 
 2.178101343406935e-07  1.216544163623203e-01 
 2.178301343406935e-07  1.216544163567063e-01 
 2.178501343406935e-07  1.216544163511035e-01 
 2.178701343406935e-07  1.216544163455120e-01 
 2.178901343406935e-07  1.216544163399316e-01 
 2.179101343406935e-07  1.216544163343623e-01 
 2.179301343406935e-07  1.216544163288041e-01 
 2.179501343406935e-07  1.216544163232570e-01 
 2.179701343406935e-07  1.216544163177211e-01 
 2.179901343406935e-07  1.216544163121962e-01 
 2.180101343406935e-07  1.216544163066823e-01 
 2.180301343406935e-07  1.216544163011794e-01 
 2.180501343406935e-07  1.216544162956875e-01 
 2.180701343406935e-07  1.216544162902065e-01 
 2.180901343406935e-07  1.216544162847365e-01 
 2.181101343406935e-07  1.216544162792774e-01 
 2.181301343406935e-07  1.216544162738293e-01 
 2.181501343406934e-07  1.216544162683920e-01 
 2.181701343406934e-07  1.216544162629655e-01 
 2.181901343406934e-07  1.216544162575499e-01 
 2.182101343406934e-07  1.216544162521451e-01 
 2.182301343406934e-07  1.216544162467511e-01 
 2.182501343406934e-07  1.216544162413678e-01 
 2.182701343406934e-07  1.216544162359953e-01 
 2.182901343406934e-07  1.216544162306335e-01 
 2.183101343406934e-07  1.216544162252825e-01 
 2.183301343406934e-07  1.216544162199421e-01 
 2.183501343406934e-07  1.216544162146124e-01 
 2.183701343406934e-07  1.216544162092933e-01 
 2.183901343406934e-07  1.216544162039849e-01 
 2.184101343406934e-07  1.216544161986870e-01 
 2.184301343406934e-07  1.216544161933997e-01 
 2.184501343406934e-07  1.216544161881230e-01 
 2.184701343406934e-07  1.216544161828568e-01 
 2.184901343406934e-07  1.216544161776012e-01 
 2.185101343406934e-07  1.216544161723560e-01 
 2.185301343406934e-07  1.216544161671212e-01 
 2.185501343406934e-07  1.216544161618970e-01 
 2.185701343406934e-07  1.216544161566831e-01 
 2.185901343406934e-07  1.216544161514797e-01 
 2.186101343406934e-07  1.216544161462866e-01 
 2.186301343406934e-07  1.216544161411039e-01 
 2.186501343406934e-07  1.216544161359317e-01 
 2.186701343406933e-07  1.216544161307697e-01 
 2.186901343406933e-07  1.216544161256180e-01 
 2.187101343406933e-07  1.216544161204766e-01 
 2.187301343406933e-07  1.216544161153455e-01 
 2.187501343406933e-07  1.216544161102246e-01 
 2.187701343406933e-07  1.216544161051140e-01 
 2.187901343406933e-07  1.216544161000135e-01 
 2.188101343406933e-07  1.216544160949232e-01 
 2.188301343406933e-07  1.216544160898431e-01 
 2.188501343406933e-07  1.216544160847732e-01 
 2.188701343406933e-07  1.216544160797134e-01 
 2.188901343406933e-07  1.216544160746636e-01 
 2.189101343406933e-07  1.216544160696240e-01 
 2.189301343406933e-07  1.216544160645944e-01 
 2.189501343406933e-07  1.216544160595749e-01 
 2.189701343406933e-07  1.216544160545654e-01 
 2.189901343406933e-07  1.216544160495658e-01 
 2.190101343406933e-07  1.216544160445763e-01 
 2.190301343406933e-07  1.216544160395967e-01 
 2.190501343406933e-07  1.216544160346271e-01 
 2.190701343406933e-07  1.216544160296674e-01 
 2.190901343406933e-07  1.216544160247176e-01 
 2.191101343406933e-07  1.216544160197777e-01 
 2.191301343406933e-07  1.216544160148476e-01 
 2.191501343406933e-07  1.216544160099274e-01 
 2.191701343406933e-07  1.216544160050170e-01 
 2.191901343406933e-07  1.216544160001164e-01 
 2.192101343406932e-07  1.216544159952256e-01 
 2.192301343406932e-07  1.216544159903446e-01 
 2.192501343406932e-07  1.216544159854733e-01 
 2.192701343406932e-07  1.216544159806118e-01 
 2.192901343406932e-07  1.216544159757600e-01 
 2.193101343406932e-07  1.216544159709178e-01 
 2.193301343406932e-07  1.216544159660853e-01 
 2.193501343406932e-07  1.216544159612623e-01 
 2.193701343406932e-07  1.216544159564491e-01 
 2.193901343406932e-07  1.216544159516454e-01 
 2.194101343406932e-07  1.216544159468514e-01 
 2.194301343406932e-07  1.216544159420669e-01 
 2.194501343406932e-07  1.216544159372920e-01 
 2.194701343406932e-07  1.216544159325266e-01 
 2.194901343406932e-07  1.216544159277707e-01 
 2.195101343406932e-07  1.216544159230243e-01 
 2.195301343406932e-07  1.216544159182875e-01 
 2.195501343406932e-07  1.216544159135601e-01 
 2.195701343406932e-07  1.216544159088421e-01 
 2.195901343406932e-07  1.216544159041335e-01 
 2.196101343406932e-07  1.216544158994343e-01 
 2.196301343406932e-07  1.216544158947445e-01 
 2.196501343406932e-07  1.216544158900641e-01 
 2.196701343406932e-07  1.216544158853930e-01 
 2.196901343406932e-07  1.216544158807312e-01 
 2.197101343406932e-07  1.216544158760788e-01 
 2.197301343406931e-07  1.216544158714356e-01 
 2.197501343406931e-07  1.216544158668017e-01 
 2.197701343406931e-07  1.216544158621770e-01 
 2.197901343406931e-07  1.216544158575616e-01 
 2.198101343406931e-07  1.216544158529554e-01 
 2.198301343406931e-07  1.216544158483585e-01 
 2.198501343406931e-07  1.216544158437707e-01 
 2.198701343406931e-07  1.216544158391921e-01 
 2.198901343406931e-07  1.216544158346226e-01 
 2.199101343406931e-07  1.216544158300622e-01 
 2.199301343406931e-07  1.216544158255109e-01 
 2.199501343406931e-07  1.216544158209687e-01 
 2.199701343406931e-07  1.216544158164356e-01 
 2.199901343406931e-07  1.216544158119115e-01 
 2.200000000000000e-07  1.216544158096832e-01 
