 time                   v(n0)                 
 0.000000000000000e+00  1.195240213320731e+00 
 2.000000000000000e-13  1.195240213320731e+00 
 4.000000000000000e-13  1.195240213320731e+00 
 8.000000000000000e-13  1.195240213320731e+00 
 1.600000000000000e-12  1.195240213320731e+00 
 3.200000000000000e-12  1.195240213320731e+00 
 6.400000000000000e-12  1.195240213320730e+00 
 1.280000000000000e-11  1.195240213320729e+00 
 2.560000000000000e-11  1.195240213320727e+00 
 4.560000000000000e-11  1.195240213320724e+00 
 6.560000000000000e-11  1.195240213320720e+00 
 8.559999999999999e-11  1.195240213320717e+00 
 1.056000000000000e-10  1.195240213320714e+00 
 1.256000000000000e-10  1.195240213320711e+00 
 1.456000000000000e-10  1.195240213320708e+00 
 1.656000000000000e-10  1.195240213320705e+00 
 1.856000000000000e-10  1.195240213320702e+00 
 2.056000000000000e-10  1.195240213320698e+00 
 2.256000000000000e-10  1.195240213320695e+00 
 2.456000000000000e-10  1.195240213320692e+00 
 2.656000000000000e-10  1.195240213320689e+00 
 2.856000000000000e-10  1.195240213320686e+00 
 3.056000000000000e-10  1.195240213320682e+00 
 3.255999999999999e-10  1.195240213320679e+00 
 3.455999999999999e-10  1.195240213320676e+00 
 3.655999999999999e-10  1.195240213320673e+00 
 3.855999999999999e-10  1.195240213320670e+00 
 4.055999999999999e-10  1.195240213320667e+00 
 4.255999999999999e-10  1.195240213320664e+00 
 4.455999999999998e-10  1.195240213320661e+00 
 4.655999999999998e-10  1.195240213320658e+00 
 4.855999999999999e-10  1.195240213320655e+00 
 5.055999999999999e-10  1.195240213320652e+00 
 5.255999999999999e-10  1.195240213320649e+00 
 5.456000000000000e-10  1.195240213320646e+00 
 5.656000000000000e-10  1.195240213320643e+00 
 5.856000000000000e-10  1.195240213320640e+00 
 6.056000000000001e-10  1.195240213320637e+00 
 6.256000000000001e-10  1.195240213320633e+00 
 6.456000000000001e-10  1.195240213320630e+00 
 6.656000000000002e-10  1.195240213320627e+00 
 6.856000000000002e-10  1.195240213320625e+00 
 7.056000000000002e-10  1.195240213320622e+00 
 7.256000000000003e-10  1.195240213320619e+00 
 7.456000000000003e-10  1.195240213320616e+00 
 7.656000000000003e-10  1.195240213320614e+00 
 7.856000000000004e-10  1.195240213320611e+00 
 8.056000000000004e-10  1.195240213320608e+00 
 8.256000000000004e-10  1.195240213320605e+00 
 8.456000000000005e-10  1.195240213320603e+00 
 8.656000000000005e-10  1.195240213320600e+00 
 8.856000000000005e-10  1.195240213320597e+00 
 9.056000000000006e-10  1.195240213320594e+00 
 9.256000000000006e-10  1.195240213320591e+00 
 9.456000000000005e-10  1.195240213320589e+00 
 9.656000000000005e-10  1.195240213320586e+00 
 9.856000000000004e-10  1.195240213320583e+00 
 1.005600000000000e-09  1.195240213320580e+00 
 1.025600000000000e-09  1.195240213320578e+00 
 1.045600000000000e-09  1.195240213320575e+00 
 1.065600000000000e-09  1.195240213320572e+00 
 1.085600000000000e-09  1.195240213320569e+00 
 1.105600000000000e-09  1.195240213320566e+00 
 1.125600000000000e-09  1.195240213320563e+00 
 1.145600000000000e-09  1.195240213320560e+00 
 1.165600000000000e-09  1.195240213320556e+00 
 1.185600000000000e-09  1.195240213320553e+00 
 1.205600000000000e-09  1.195240213320550e+00 
 1.225600000000000e-09  1.195240213320547e+00 
 1.245600000000000e-09  1.195240213320544e+00 
 1.265599999999999e-09  1.195240213320541e+00 
 1.285599999999999e-09  1.195240213320538e+00 
 1.305599999999999e-09  1.195240213320535e+00 
 1.325599999999999e-09  1.195240213320532e+00 
 1.345599999999999e-09  1.195240213320529e+00 
 1.365599999999999e-09  1.195240213320526e+00 
 1.385599999999999e-09  1.195240213320523e+00 
 1.405599999999999e-09  1.195240213320520e+00 
 1.425599999999999e-09  1.195240213320517e+00 
 1.445599999999999e-09  1.195240213320514e+00 
 1.465599999999999e-09  1.195240213320511e+00 
 1.485599999999999e-09  1.195240213320508e+00 
 1.505599999999999e-09  1.195240213320505e+00 
 1.525599999999999e-09  1.195240213320502e+00 
 1.545599999999998e-09  1.195240213320499e+00 
 1.565599999999998e-09  1.195240213320496e+00 
 1.585599999999998e-09  1.195240213320493e+00 
 1.605599999999998e-09  1.195240213320490e+00 
 1.625599999999998e-09  1.195240213320488e+00 
 1.645599999999998e-09  1.195240213320485e+00 
 1.665599999999998e-09  1.195240213320482e+00 
 1.685599999999998e-09  1.195240213320479e+00 
 1.705599999999998e-09  1.195240213320477e+00 
 1.725599999999998e-09  1.195240213320474e+00 
 1.745599999999998e-09  1.195240213320471e+00 
 1.765599999999998e-09  1.195240213320468e+00 
 1.785599999999998e-09  1.195240213320465e+00 
 1.805599999999998e-09  1.195240213320462e+00 
 1.825599999999998e-09  1.195240213320459e+00 
 1.845599999999997e-09  1.195240213320457e+00 
 1.865599999999997e-09  1.195240213320454e+00 
 1.885599999999997e-09  1.195240213320451e+00 
 1.905599999999997e-09  1.195240213320448e+00 
 1.925599999999997e-09  1.195240213320446e+00 
 1.945599999999997e-09  1.195240213320443e+00 
 1.965599999999997e-09  1.195240213320441e+00 
 1.985599999999997e-09  1.195240213320438e+00 
 2.005599999999997e-09  1.195240213320435e+00 
 2.025599999999997e-09  1.195240213320432e+00 
 2.045599999999997e-09  1.195240213320429e+00 
 2.065599999999997e-09  1.195240213320427e+00 
 2.085599999999997e-09  1.195240213320423e+00 
 2.105599999999997e-09  1.195240213320421e+00 
 2.125599999999996e-09  1.195240213320418e+00 
 2.145599999999996e-09  1.195240213320415e+00 
 2.165599999999996e-09  1.195240213320412e+00 
 2.185599999999996e-09  1.195240213320409e+00 
 2.205599999999996e-09  1.195240213320406e+00 
 2.225599999999996e-09  1.195240213320403e+00 
 2.245599999999996e-09  1.195240213320401e+00 
 2.265599999999996e-09  1.195240213320398e+00 
 2.285599999999996e-09  1.195240213320395e+00 
 2.305599999999996e-09  1.195240213320392e+00 
 2.325599999999996e-09  1.195240213320389e+00 
 2.345599999999996e-09  1.195240213320387e+00 
 2.365599999999996e-09  1.195240213320384e+00 
 2.385599999999996e-09  1.195240213320381e+00 
 2.405599999999995e-09  1.195240213320378e+00 
 2.425599999999995e-09  1.195240213320376e+00 
 2.445599999999995e-09  1.195240213320373e+00 
 2.465599999999995e-09  1.195240213320370e+00 
 2.485599999999995e-09  1.195240213320367e+00 
 2.505599999999995e-09  1.195240213320365e+00 
 2.525599999999995e-09  1.195240213320362e+00 
 2.545599999999995e-09  1.195240213320359e+00 
 2.565599999999995e-09  1.195240213320356e+00 
 2.585599999999995e-09  1.195240213320353e+00 
 2.605599999999995e-09  1.195240213320351e+00 
 2.625599999999995e-09  1.195240213320348e+00 
 2.645599999999995e-09  1.195240213320346e+00 
 2.665599999999995e-09  1.195240213320343e+00 
 2.685599999999995e-09  1.195240213320340e+00 
 2.705599999999994e-09  1.195240213320337e+00 
 2.725599999999994e-09  1.195240213320335e+00 
 2.745599999999994e-09  1.195240213320332e+00 
 2.765599999999994e-09  1.195240213320329e+00 
 2.785599999999994e-09  1.195240213320326e+00 
 2.805599999999994e-09  1.195240213320324e+00 
 2.825599999999994e-09  1.195240213320322e+00 
 2.845599999999994e-09  1.195240213320319e+00 
 2.865599999999994e-09  1.195240213320317e+00 
 2.885599999999994e-09  1.195240213320314e+00 
 2.905599999999994e-09  1.195240213320311e+00 
 2.925599999999994e-09  1.195240213320309e+00 
 2.945599999999994e-09  1.195240213320307e+00 
 2.965599999999994e-09  1.195240213320304e+00 
 2.985599999999993e-09  1.195240213320302e+00 
 3.005599999999993e-09  1.195240213320299e+00 
 3.025599999999993e-09  1.195240213320296e+00 
 3.045599999999993e-09  1.195240213320294e+00 
 3.065599999999993e-09  1.195240213320292e+00 
 3.085599999999993e-09  1.195240213320289e+00 
 3.105599999999993e-09  1.195240213320287e+00 
 3.125599999999993e-09  1.195240213320284e+00 
 3.145599999999993e-09  1.195240213320282e+00 
 3.165599999999993e-09  1.195240213320280e+00 
 3.185599999999993e-09  1.195240213320277e+00 
 3.205599999999993e-09  1.195240213320275e+00 
 3.225599999999993e-09  1.195240213320272e+00 
 3.245599999999993e-09  1.195240213320270e+00 
 3.265599999999993e-09  1.195240213320267e+00 
 3.285599999999992e-09  1.195240213320265e+00 
 3.305599999999992e-09  1.195240213320263e+00 
 3.325599999999992e-09  1.195240213320260e+00 
 3.345599999999992e-09  1.195240213320258e+00 
 3.365599999999992e-09  1.195240213320256e+00 
 3.385599999999992e-09  1.195240213320254e+00 
 3.405599999999992e-09  1.195240213320252e+00 
 3.425599999999992e-09  1.195240213320250e+00 
 3.445599999999992e-09  1.195240213320247e+00 
 3.465599999999992e-09  1.195240213320244e+00 
 3.485599999999992e-09  1.195240213320242e+00 
 3.505599999999992e-09  1.195240213320240e+00 
 3.525599999999992e-09  1.195240213320238e+00 
 3.545599999999992e-09  1.195240213320236e+00 
 3.565599999999991e-09  1.195240213320234e+00 
 3.585599999999991e-09  1.195240213320232e+00 
 3.605599999999991e-09  1.195240213320230e+00 
 3.625599999999991e-09  1.195240213320227e+00 
 3.645599999999991e-09  1.195240213320225e+00 
 3.665599999999991e-09  1.195240213320222e+00 
 3.685599999999991e-09  1.195240213320220e+00 
 3.705599999999991e-09  1.195240213320218e+00 
 3.725599999999991e-09  1.195240213320216e+00 
 3.745599999999992e-09  1.195240213320214e+00 
 3.765599999999992e-09  1.195240213320212e+00 
 3.785599999999992e-09  1.195240213320210e+00 
 3.805599999999993e-09  1.195240213320208e+00 
 3.825599999999993e-09  1.195240213320205e+00 
 3.845599999999993e-09  1.195240213320203e+00 
 3.865599999999994e-09  1.195240213320201e+00 
 3.885599999999994e-09  1.195240213320199e+00 
 3.905599999999994e-09  1.195240213320197e+00 
 3.925599999999995e-09  1.195240213320195e+00 
 3.945599999999995e-09  1.195240213320193e+00 
 3.965599999999995e-09  1.195240213320190e+00 
 3.985599999999996e-09  1.195240213320188e+00 
 4.005599999999996e-09  1.195240213320186e+00 
 4.025599999999997e-09  1.195240213320184e+00 
 4.045599999999997e-09  1.195240213320182e+00 
 4.065599999999997e-09  1.195240213320180e+00 
 4.085599999999998e-09  1.195240213320178e+00 
 4.105599999999998e-09  1.195240213320176e+00 
 4.125599999999998e-09  1.195240213320174e+00 
 4.145599999999999e-09  1.195240213320171e+00 
 4.165599999999999e-09  1.195240213320169e+00 
 4.185599999999999e-09  1.195240213320168e+00 
 4.205600000000000e-09  1.195240213320166e+00 
 4.225600000000000e-09  1.195240213320163e+00 
 4.245600000000000e-09  1.195240213320161e+00 
 4.265600000000001e-09  1.195240213320159e+00 
 4.285600000000001e-09  1.195240213320157e+00 
 4.305600000000001e-09  1.195240213320155e+00 
 4.325600000000002e-09  1.195240213320153e+00 
 4.345600000000002e-09  1.195240213320151e+00 
 4.365600000000002e-09  1.195240213320149e+00 
 4.385600000000003e-09  1.195240213320147e+00 
 4.405600000000003e-09  1.195240213320145e+00 
 4.425600000000003e-09  1.195240213320143e+00 
 4.445600000000004e-09  1.195240213320141e+00 
 4.465600000000004e-09  1.195240213320139e+00 
 4.485600000000004e-09  1.195240213320137e+00 
 4.505600000000005e-09  1.195240213320135e+00 
 4.525600000000005e-09  1.195240213320133e+00 
 4.545600000000005e-09  1.195240213320131e+00 
 4.565600000000006e-09  1.195240213320129e+00 
 4.585600000000006e-09  1.195240213320127e+00 
 4.605600000000007e-09  1.195240213320124e+00 
 4.625600000000007e-09  1.195240213320122e+00 
 4.645600000000007e-09  1.195240213320120e+00 
 4.665600000000008e-09  1.195240213320117e+00 
 4.685600000000008e-09  1.195240213320115e+00 
 4.705600000000008e-09  1.195240213320113e+00 
 4.725600000000009e-09  1.195240213320111e+00 
 4.745600000000009e-09  1.195240213320109e+00 
 4.765600000000009e-09  1.195240213320107e+00 
 4.785600000000010e-09  1.195240213320104e+00 
 4.805600000000010e-09  1.195240213320102e+00 
 4.825600000000010e-09  1.195240213320100e+00 
 4.845600000000011e-09  1.195240213320098e+00 
 4.865600000000011e-09  1.195240213320096e+00 
 4.885600000000011e-09  1.195240213320094e+00 
 4.905600000000012e-09  1.195240213320092e+00 
 4.925600000000012e-09  1.195240213320089e+00 
 4.945600000000012e-09  1.195240213320087e+00 
 4.965600000000013e-09  1.195240213320085e+00 
 4.985600000000013e-09  1.195240213320083e+00 
 5.005600000000013e-09  1.195240213320081e+00 
 5.025600000000014e-09  1.195240213320079e+00 
 5.045600000000014e-09  1.195240213320077e+00 
 5.065600000000014e-09  1.195240213320075e+00 
 5.085600000000015e-09  1.195240213320073e+00 
 5.105600000000015e-09  1.195240213320070e+00 
 5.125600000000015e-09  1.195240213320068e+00 
 5.145600000000016e-09  1.195240213320066e+00 
 5.165600000000016e-09  1.195240213320064e+00 
 5.185600000000017e-09  1.195240213320062e+00 
 5.205600000000017e-09  1.195240213320060e+00 
 5.225600000000017e-09  1.195240213320058e+00 
 5.245600000000018e-09  1.195240213320056e+00 
 5.265600000000018e-09  1.195240213320054e+00 
 5.285600000000018e-09  1.195240213320052e+00 
 5.305600000000019e-09  1.195240213320050e+00 
 5.325600000000019e-09  1.195240213320048e+00 
 5.345600000000019e-09  1.195240213320046e+00 
 5.365600000000020e-09  1.195240213320044e+00 
 5.385600000000020e-09  1.195240213320042e+00 
 5.405600000000020e-09  1.195240213320039e+00 
 5.425600000000021e-09  1.195240213320037e+00 
 5.445600000000021e-09  1.195240213320035e+00 
 5.465600000000021e-09  1.195240213320033e+00 
 5.485600000000022e-09  1.195240213320031e+00 
 5.505600000000022e-09  1.195240213320029e+00 
 5.525600000000022e-09  1.195240213320027e+00 
 5.545600000000023e-09  1.195240213320024e+00 
 5.565600000000023e-09  1.195240213320022e+00 
 5.585600000000023e-09  1.195240213320020e+00 
 5.605600000000024e-09  1.195240213320018e+00 
 5.625600000000024e-09  1.195240213320017e+00 
 5.645600000000024e-09  1.195240213320015e+00 
 5.665600000000025e-09  1.195240213320013e+00 
 5.685600000000025e-09  1.195240213320011e+00 
 5.705600000000025e-09  1.195240213320010e+00 
 5.725600000000026e-09  1.195240213320008e+00 
 5.745600000000026e-09  1.195240213320006e+00 
 5.765600000000026e-09  1.195240213320004e+00 
 5.785600000000027e-09  1.195240213320002e+00 
 5.805600000000027e-09  1.195240213320000e+00 
 5.825600000000028e-09  1.195240213319998e+00 
 5.845600000000028e-09  1.195240213319997e+00 
 5.865600000000028e-09  1.195240213319995e+00 
 5.885600000000029e-09  1.195240213319993e+00 
 5.905600000000029e-09  1.195240213319991e+00 
 5.925600000000029e-09  1.195240213319989e+00 
 5.945600000000030e-09  1.195240213319987e+00 
 5.965600000000030e-09  1.195240213319985e+00 
 5.985600000000030e-09  1.195240213319983e+00 
 6.005600000000031e-09  1.195240213319982e+00 
 6.025600000000031e-09  1.195240213319980e+00 
 6.045600000000031e-09  1.195240213319978e+00 
 6.065600000000032e-09  1.195240213319976e+00 
 6.085600000000032e-09  1.195240213319974e+00 
 6.105600000000032e-09  1.195240213319973e+00 
 6.125600000000033e-09  1.195240213319971e+00 
 6.145600000000033e-09  1.195240213319969e+00 
 6.165600000000033e-09  1.195240213319968e+00 
 6.185600000000034e-09  1.195240213319966e+00 
 6.205600000000034e-09  1.195240213319964e+00 
 6.225600000000034e-09  1.195240213319962e+00 
 6.245600000000035e-09  1.195240213319960e+00 
 6.265600000000035e-09  1.195240213319958e+00 
 6.285600000000035e-09  1.195240213319956e+00 
 6.305600000000036e-09  1.195240213319954e+00 
 6.325600000000036e-09  1.195240213319952e+00 
 6.345600000000036e-09  1.195240213319950e+00 
 6.365600000000037e-09  1.195240213319949e+00 
 6.385600000000037e-09  1.195240213319947e+00 
 6.405600000000038e-09  1.195240213319945e+00 
 6.425600000000038e-09  1.195240213319943e+00 
 6.445600000000038e-09  1.195240213319941e+00 
 6.465600000000039e-09  1.195240213319940e+00 
 6.485600000000039e-09  1.195240213319938e+00 
 6.505600000000039e-09  1.195240213319936e+00 
 6.525600000000040e-09  1.195240213319935e+00 
 6.545600000000040e-09  1.195240213319933e+00 
 6.565600000000040e-09  1.195240213319931e+00 
 6.585600000000041e-09  1.195240213319929e+00 
 6.605600000000041e-09  1.195240213319928e+00 
 6.625600000000041e-09  1.195240213319926e+00 
 6.645600000000042e-09  1.195240213319924e+00 
 6.665600000000042e-09  1.195240213319922e+00 
 6.685600000000042e-09  1.195240213319920e+00 
 6.705600000000043e-09  1.195240213319919e+00 
 6.725600000000043e-09  1.195240213319918e+00 
 6.745600000000043e-09  1.195240213319916e+00 
 6.765600000000044e-09  1.195240213319914e+00 
 6.785600000000044e-09  1.195240213319912e+00 
 6.805600000000044e-09  1.195240213319910e+00 
 6.825600000000045e-09  1.195240213319909e+00 
 6.845600000000045e-09  1.195240213319907e+00 
 6.865600000000045e-09  1.195240213319905e+00 
 6.885600000000046e-09  1.195240213319903e+00 
 6.905600000000046e-09  1.195240213319902e+00 
 6.925600000000046e-09  1.195240213319900e+00 
 6.945600000000047e-09  1.195240213319898e+00 
 6.965600000000047e-09  1.195240213319897e+00 
 6.985600000000048e-09  1.195240213319895e+00 
 7.005600000000048e-09  1.195240213319894e+00 
 7.025600000000048e-09  1.195240213319892e+00 
 7.045600000000049e-09  1.195240213319890e+00 
 7.065600000000049e-09  1.195240213319889e+00 
 7.085600000000049e-09  1.195240213319887e+00 
 7.105600000000050e-09  1.195240213319885e+00 
 7.125600000000050e-09  1.195240213319883e+00 
 7.145600000000050e-09  1.195240213319882e+00 
 7.165600000000051e-09  1.195240213319880e+00 
 7.185600000000051e-09  1.195240213319879e+00 
 7.205600000000051e-09  1.195240213319877e+00 
 7.225600000000052e-09  1.195240213319875e+00 
 7.245600000000052e-09  1.195240213319874e+00 
 7.265600000000052e-09  1.195240213319872e+00 
 7.285600000000053e-09  1.195240213319870e+00 
 7.305600000000053e-09  1.195240213319869e+00 
 7.325600000000053e-09  1.195240213319867e+00 
 7.345600000000054e-09  1.195240213319866e+00 
 7.365600000000054e-09  1.195240213319864e+00 
 7.385600000000054e-09  1.195240213319862e+00 
 7.405600000000055e-09  1.195240213319861e+00 
 7.425600000000055e-09  1.195240213319859e+00 
 7.445600000000055e-09  1.195240213319857e+00 
 7.465600000000055e-09  1.195240213319855e+00 
 7.485600000000054e-09  1.195240213319853e+00 
 7.505600000000054e-09  1.195240213319852e+00 
 7.525600000000054e-09  1.195240213319851e+00 
 7.545600000000053e-09  1.195240213319849e+00 
 7.565600000000053e-09  1.195240213319847e+00 
 7.585600000000052e-09  1.195240213319846e+00 
 7.605600000000052e-09  1.195240213319844e+00 
 7.625600000000051e-09  1.195240213319843e+00 
 7.645600000000051e-09  1.195240213319841e+00 
 7.665600000000050e-09  1.195240213319839e+00 
 7.685600000000050e-09  1.195240213319838e+00 
 7.705600000000049e-09  1.195240213319837e+00 
 7.725600000000049e-09  1.195240213319835e+00 
 7.745600000000048e-09  1.195240213319833e+00 
 7.765600000000048e-09  1.195240213319831e+00 
 7.785600000000047e-09  1.195240213319830e+00 
 7.805600000000047e-09  1.195240213319828e+00 
 7.825600000000046e-09  1.195240213319827e+00 
 7.845600000000046e-09  1.195240213319826e+00 
 7.865600000000045e-09  1.195240213319824e+00 
 7.885600000000045e-09  1.195240213319823e+00 
 7.905600000000044e-09  1.195240213319821e+00 
 7.925600000000044e-09  1.195240213319820e+00 
 7.945600000000043e-09  1.195240213319819e+00 
 7.965600000000043e-09  1.195240213319817e+00 
 7.985600000000042e-09  1.195240213319816e+00 
 8.005600000000042e-09  1.195240213319815e+00 
 8.025600000000041e-09  1.195240213319813e+00 
 8.045600000000041e-09  1.195240213319812e+00 
 8.065600000000040e-09  1.195240213319810e+00 
 8.085600000000040e-09  1.195240213319809e+00 
 8.105600000000040e-09  1.195240213319808e+00 
 8.125600000000039e-09  1.195240213319807e+00 
 8.145600000000039e-09  1.195240213319805e+00 
 8.165600000000038e-09  1.195240213319804e+00 
 8.185600000000038e-09  1.195240213319802e+00 
 8.205600000000037e-09  1.195240213319801e+00 
 8.225600000000037e-09  1.195240213319800e+00 
 8.245600000000036e-09  1.195240213319798e+00 
 8.265600000000036e-09  1.195240213319797e+00 
 8.285600000000035e-09  1.195240213319796e+00 
 8.305600000000035e-09  1.195240213319794e+00 
 8.325600000000034e-09  1.195240213319793e+00 
 8.345600000000034e-09  1.195240213319791e+00 
 8.365600000000033e-09  1.195240213319790e+00 
 8.385600000000033e-09  1.195240213319789e+00 
 8.405600000000032e-09  1.195240213319787e+00 
 8.425600000000032e-09  1.195240213319786e+00 
 8.445600000000031e-09  1.195240213319785e+00 
 8.465600000000031e-09  1.195240213319783e+00 
 8.485600000000030e-09  1.195240213319782e+00 
 8.505600000000030e-09  1.195240213319781e+00 
 8.525600000000029e-09  1.195240213319779e+00 
 8.545600000000029e-09  1.195240213319778e+00 
 8.565600000000028e-09  1.195240213319776e+00 
 8.585600000000028e-09  1.195240213319775e+00 
 8.605600000000027e-09  1.195240213319774e+00 
 8.625600000000027e-09  1.195240213319772e+00 
 8.645600000000026e-09  1.195240213319771e+00 
 8.665600000000026e-09  1.195240213319769e+00 
 8.685600000000026e-09  1.195240213319768e+00 
 8.705600000000025e-09  1.195240213319767e+00 
 8.725600000000025e-09  1.195240213319765e+00 
 8.745600000000024e-09  1.195240213319764e+00 
 8.765600000000024e-09  1.195240213319763e+00 
 8.785600000000023e-09  1.195240213319761e+00 
 8.805600000000023e-09  1.195240213319760e+00 
 8.825600000000022e-09  1.195240213319758e+00 
 8.845600000000022e-09  1.195240213319757e+00 
 8.865600000000021e-09  1.195240213319756e+00 
 8.885600000000021e-09  1.195240213319755e+00 
 8.905600000000020e-09  1.195240213319754e+00 
 8.925600000000020e-09  1.195240213319753e+00 
 8.945600000000019e-09  1.195240213319751e+00 
 8.965600000000019e-09  1.195240213319750e+00 
 8.985600000000018e-09  1.195240213319749e+00 
 9.005600000000018e-09  1.195240213319748e+00 
 9.025600000000017e-09  1.195240213319747e+00 
 9.045600000000017e-09  1.195240213319746e+00 
 9.065600000000016e-09  1.195240213319745e+00 
 9.085600000000016e-09  1.195240213319744e+00 
 9.105600000000015e-09  1.195240213319743e+00 
 9.125600000000015e-09  1.195240213319741e+00 
 9.145600000000014e-09  1.195240213319740e+00 
 9.165600000000014e-09  1.195240213319739e+00 
 9.185600000000013e-09  1.195240213319737e+00 
 9.205600000000013e-09  1.195240213319736e+00 
 9.225600000000012e-09  1.195240213319735e+00 
 9.245600000000012e-09  1.195240213319734e+00 
 9.265600000000012e-09  1.195240213319732e+00 
 9.285600000000011e-09  1.195240213319731e+00 
 9.305600000000011e-09  1.195240213319730e+00 
 9.325600000000010e-09  1.195240213319728e+00 
 9.345600000000010e-09  1.195240213319727e+00 
 9.365600000000009e-09  1.195240213319726e+00 
 9.385600000000009e-09  1.195240213319725e+00 
 9.405600000000008e-09  1.195240213319724e+00 
 9.425600000000008e-09  1.195240213319723e+00 
 9.445600000000007e-09  1.195240213319722e+00 
 9.465600000000007e-09  1.195240213319720e+00 
 9.485600000000006e-09  1.195240213319719e+00 
 9.505600000000006e-09  1.195240213319718e+00 
 9.525600000000005e-09  1.195240213319716e+00 
 9.545600000000005e-09  1.195240213319715e+00 
 9.565600000000004e-09  1.195240213319713e+00 
 9.585600000000004e-09  1.195240213319712e+00 
 9.605600000000003e-09  1.195240213319711e+00 
 9.625600000000003e-09  1.195240213319709e+00 
 9.645600000000002e-09  1.195240213319708e+00 
 9.665600000000002e-09  1.195240213319706e+00 
 9.685600000000001e-09  1.195240213319705e+00 
 9.705600000000001e-09  1.195240213319704e+00 
 9.725600000000000e-09  1.195240213319702e+00 
 9.745600000000000e-09  1.195240213319701e+00 
 9.765599999999999e-09  1.195240213319700e+00 
 9.785599999999999e-09  1.195240213319699e+00 
 9.805599999999998e-09  1.195240213319698e+00 
 9.825599999999998e-09  1.195240213319697e+00 
 9.845599999999998e-09  1.195240213319695e+00 
 9.865599999999997e-09  1.195240213319694e+00 
 9.885599999999997e-09  1.195240213319693e+00 
 9.905599999999996e-09  1.195240213319692e+00 
 9.925599999999996e-09  1.195240213319691e+00 
 9.945599999999995e-09  1.195240213319689e+00 
 9.965599999999995e-09  1.195240213319688e+00 
 9.985599999999994e-09  1.195240213319687e+00 
 1.000559999999999e-08  1.195240213319686e+00 
 1.002559999999999e-08  1.195240213319685e+00 
 1.004559999999999e-08  1.195240213319683e+00 
 1.006559999999999e-08  1.195240213319682e+00 
 1.008559999999999e-08  1.195240213319680e+00 
 1.010559999999999e-08  1.195240213319678e+00 
 1.012559999999999e-08  1.195240213319677e+00 
 1.014559999999999e-08  1.195240213319675e+00 
 1.016559999999999e-08  1.195240213319674e+00 
 1.018559999999999e-08  1.195240213319672e+00 
 1.020559999999999e-08  1.195240213319671e+00 
 1.022559999999999e-08  1.195240213319669e+00 
 1.024559999999999e-08  1.195240213319667e+00 
 1.026559999999999e-08  1.195240213319666e+00 
 1.028559999999999e-08  1.195240213319664e+00 
 1.030559999999999e-08  1.195240213319663e+00 
 1.032559999999999e-08  1.195240213319661e+00 
 1.034559999999999e-08  1.195240213319660e+00 
 1.036559999999998e-08  1.195240213319658e+00 
 1.038559999999998e-08  1.195240213319657e+00 
 1.040559999999998e-08  1.195240213319656e+00 
 1.042559999999998e-08  1.195240213319654e+00 
 1.044559999999998e-08  1.195240213319653e+00 
 1.046559999999998e-08  1.195240213319651e+00 
 1.048559999999998e-08  1.195240213319650e+00 
 1.050559999999998e-08  1.195240213319648e+00 
 1.052559999999998e-08  1.195240213319647e+00 
 1.054559999999998e-08  1.195240213319646e+00 
 1.056559999999998e-08  1.195240213319644e+00 
 1.058559999999998e-08  1.195240213319643e+00 
 1.060559999999998e-08  1.195240213319642e+00 
 1.062559999999998e-08  1.195240213319640e+00 
 1.064559999999998e-08  1.195240213319639e+00 
 1.066559999999998e-08  1.195240213319637e+00 
 1.068559999999998e-08  1.195240213319636e+00 
 1.070559999999998e-08  1.195240213319635e+00 
 1.072559999999998e-08  1.195240213319634e+00 
 1.074559999999998e-08  1.195240213319632e+00 
 1.076559999999998e-08  1.195240213319630e+00 
 1.078559999999997e-08  1.195240213319629e+00 
 1.080559999999997e-08  1.195240213319628e+00 
 1.082559999999997e-08  1.195240213319626e+00 
 1.084559999999997e-08  1.195240213319625e+00 
 1.086559999999997e-08  1.195240213319624e+00 
 1.088559999999997e-08  1.195240213319622e+00 
 1.090559999999997e-08  1.195240213319621e+00 
 1.092559999999997e-08  1.195240213319619e+00 
 1.094559999999997e-08  1.195240213319618e+00 
 1.096559999999997e-08  1.195240213319617e+00 
 1.098559999999997e-08  1.195240213319615e+00 
 1.100559999999997e-08  1.195240213319614e+00 
 1.102559999999997e-08  1.195240213319612e+00 
 1.104559999999997e-08  1.195240213319611e+00 
 1.106559999999997e-08  1.195240213319610e+00 
 1.108559999999997e-08  1.195240213319608e+00 
 1.110559999999997e-08  1.195240213319607e+00 
 1.112559999999997e-08  1.195240213319606e+00 
 1.114559999999997e-08  1.195240213319604e+00 
 1.116559999999997e-08  1.195240213319603e+00 
 1.118559999999997e-08  1.195240213319601e+00 
 1.120559999999996e-08  1.195240213319600e+00 
 1.122559999999996e-08  1.195240213319599e+00 
 1.124559999999996e-08  1.195240213319598e+00 
 1.126559999999996e-08  1.195240213319597e+00 
 1.128559999999996e-08  1.195240213319595e+00 
 1.130559999999996e-08  1.195240213319594e+00 
 1.132559999999996e-08  1.195240213319593e+00 
 1.134559999999996e-08  1.195240213319592e+00 
 1.136559999999996e-08  1.195240213319591e+00 
 1.138559999999996e-08  1.195240213319590e+00 
 1.140559999999996e-08  1.195240213319588e+00 
 1.142559999999996e-08  1.195240213319587e+00 
 1.144559999999996e-08  1.195240213319586e+00 
 1.146559999999996e-08  1.195240213319584e+00 
 1.148559999999996e-08  1.195240213319583e+00 
 1.150559999999996e-08  1.195240213319582e+00 
 1.152559999999996e-08  1.195240213319581e+00 
 1.154559999999996e-08  1.195240213319580e+00 
 1.156559999999996e-08  1.195240213319579e+00 
 1.158559999999996e-08  1.195240213319577e+00 
 1.160559999999996e-08  1.195240213319576e+00 
 1.162559999999995e-08  1.195240213319575e+00 
 1.164559999999995e-08  1.195240213319574e+00 
 1.166559999999995e-08  1.195240213319573e+00 
 1.168559999999995e-08  1.195240213319571e+00 
 1.170559999999995e-08  1.195240213319570e+00 
 1.172559999999995e-08  1.195240213319569e+00 
 1.174559999999995e-08  1.195240213319568e+00 
 1.176559999999995e-08  1.195240213319567e+00 
 1.178559999999995e-08  1.195240213319566e+00 
 1.180559999999995e-08  1.195240213319565e+00 
 1.182559999999995e-08  1.195240213319563e+00 
 1.184559999999995e-08  1.195240213319562e+00 
 1.186559999999995e-08  1.195240213319561e+00 
 1.188559999999995e-08  1.195240213319559e+00 
 1.190559999999995e-08  1.195240213319559e+00 
 1.192559999999995e-08  1.195240213319557e+00 
 1.194559999999995e-08  1.195240213319556e+00 
 1.196559999999995e-08  1.195240213319555e+00 
 1.198559999999995e-08  1.195240213319553e+00 
 1.200559999999995e-08  1.195240213319552e+00 
 1.202559999999994e-08  1.195240213319551e+00 
 1.204559999999994e-08  1.195240213319550e+00 
 1.206559999999994e-08  1.195240213319549e+00 
 1.208559999999994e-08  1.195240213319548e+00 
 1.210559999999994e-08  1.195240213319547e+00 
 1.212559999999994e-08  1.195240213319545e+00 
 1.214559999999994e-08  1.195240213319544e+00 
 1.216559999999994e-08  1.195240213319543e+00 
 1.218559999999994e-08  1.195240213319542e+00 
 1.220559999999994e-08  1.195240213319541e+00 
 1.222559999999994e-08  1.195240213319540e+00 
 1.224559999999994e-08  1.195240213319539e+00 
 1.226559999999994e-08  1.195240213319538e+00 
 1.228559999999994e-08  1.195240213319536e+00 
 1.230559999999994e-08  1.195240213319535e+00 
 1.232559999999994e-08  1.195240213319534e+00 
 1.234559999999994e-08  1.195240213319533e+00 
 1.236559999999994e-08  1.195240213319532e+00 
 1.238559999999994e-08  1.195240213319531e+00 
 1.240559999999994e-08  1.195240213319530e+00 
 1.242559999999994e-08  1.195240213319529e+00 
 1.244559999999993e-08  1.195240213319528e+00 
 1.246559999999993e-08  1.195240213319527e+00 
 1.248559999999993e-08  1.195240213319526e+00 
 1.250559999999993e-08  1.195240213319526e+00 
 1.252559999999993e-08  1.195240213319525e+00 
 1.254559999999993e-08  1.195240213319524e+00 
 1.256559999999993e-08  1.195240213319523e+00 
 1.258559999999993e-08  1.195240213319522e+00 
 1.260559999999993e-08  1.195240213319521e+00 
 1.262559999999993e-08  1.195240213319520e+00 
 1.264559999999993e-08  1.195240213319519e+00 
 1.266559999999993e-08  1.195240213319518e+00 
 1.268559999999993e-08  1.195240213319517e+00 
 1.270559999999993e-08  1.195240213319516e+00 
 1.272559999999993e-08  1.195240213319515e+00 
 1.274559999999993e-08  1.195240213319515e+00 
 1.276559999999993e-08  1.195240213319514e+00 
 1.278559999999993e-08  1.195240213319513e+00 
 1.280559999999993e-08  1.195240213319511e+00 
 1.282559999999993e-08  1.195240213319511e+00 
 1.284559999999993e-08  1.195240213319510e+00 
 1.286559999999992e-08  1.195240213319509e+00 
 1.288559999999992e-08  1.195240213319508e+00 
 1.290559999999992e-08  1.195240213319507e+00 
 1.292559999999992e-08  1.195240213319506e+00 
 1.294559999999992e-08  1.195240213319505e+00 
 1.296559999999992e-08  1.195240213319504e+00 
 1.298559999999992e-08  1.195240213319503e+00 
 1.300559999999992e-08  1.195240213319502e+00 
 1.302559999999992e-08  1.195240213319501e+00 
 1.304559999999992e-08  1.195240213319500e+00 
 1.306559999999992e-08  1.195240213319499e+00 
 1.308559999999992e-08  1.195240213319497e+00 
 1.310559999999992e-08  1.195240213319496e+00 
 1.312559999999992e-08  1.195240213319495e+00 
 1.314559999999992e-08  1.195240213319494e+00 
 1.316559999999992e-08  1.195240213319493e+00 
 1.318559999999992e-08  1.195240213319492e+00 
 1.320559999999992e-08  1.195240213319491e+00 
 1.322559999999992e-08  1.195240213319490e+00 
 1.324559999999992e-08  1.195240213319489e+00 
 1.326559999999991e-08  1.195240213319489e+00 
 1.328559999999991e-08  1.195240213319488e+00 
 1.330559999999991e-08  1.195240213319487e+00 
 1.332559999999991e-08  1.195240213319486e+00 
 1.334559999999991e-08  1.195240213319485e+00 
 1.336559999999991e-08  1.195240213319485e+00 
 1.338559999999991e-08  1.195240213319483e+00 
 1.340559999999991e-08  1.195240213319483e+00 
 1.342559999999991e-08  1.195240213319482e+00 
 1.344559999999991e-08  1.195240213319481e+00 
 1.346559999999991e-08  1.195240213319480e+00 
 1.348559999999991e-08  1.195240213319479e+00 
 1.350559999999991e-08  1.195240213319478e+00 
 1.352559999999991e-08  1.195240213319477e+00 
 1.354559999999991e-08  1.195240213319476e+00 
 1.356559999999991e-08  1.195240213319475e+00 
 1.358559999999991e-08  1.195240213319474e+00 
 1.360559999999991e-08  1.195240213319474e+00 
 1.362559999999991e-08  1.195240213319473e+00 
 1.364559999999991e-08  1.195240213319472e+00 
 1.366559999999991e-08  1.195240213319471e+00 
 1.368559999999990e-08  1.195240213319470e+00 
 1.370559999999990e-08  1.195240213319469e+00 
 1.372559999999990e-08  1.195240213319468e+00 
 1.374559999999990e-08  1.195240213319467e+00 
 1.376559999999990e-08  1.195240213319467e+00 
 1.378559999999990e-08  1.195240213319466e+00 
 1.380559999999990e-08  1.195240213319465e+00 
 1.382559999999990e-08  1.195240213319464e+00 
 1.384559999999990e-08  1.195240213319463e+00 
 1.386559999999990e-08  1.195240213319462e+00 
 1.388559999999990e-08  1.195240213319461e+00 
 1.390559999999990e-08  1.195240213319460e+00 
 1.392559999999990e-08  1.195240213319459e+00 
 1.394559999999990e-08  1.195240213319458e+00 
 1.396559999999990e-08  1.195240213319457e+00 
 1.398559999999990e-08  1.195240213319456e+00 
 1.400559999999990e-08  1.195240213319456e+00 
 1.402559999999990e-08  1.195240213319455e+00 
 1.404559999999990e-08  1.195240213319454e+00 
 1.406559999999990e-08  1.195240213319453e+00 
 1.408559999999990e-08  1.195240213319452e+00 
 1.410559999999989e-08  1.195240213319451e+00 
 1.412559999999989e-08  1.195240213319450e+00 
 1.414559999999989e-08  1.195240213319449e+00 
 1.416559999999989e-08  1.195240213319448e+00 
 1.418559999999989e-08  1.195240213319447e+00 
 1.420559999999989e-08  1.195240213319446e+00 
 1.422559999999989e-08  1.195240213319446e+00 
 1.424559999999989e-08  1.195240213319444e+00 
 1.426559999999989e-08  1.195240213319444e+00 
 1.428559999999989e-08  1.195240213319442e+00 
 1.430559999999989e-08  1.195240213319442e+00 
 1.432559999999989e-08  1.195240213319441e+00 
 1.434559999999989e-08  1.195240213319440e+00 
 1.436559999999989e-08  1.195240213319439e+00 
 1.438559999999989e-08  1.195240213319439e+00 
 1.440559999999989e-08  1.195240213319438e+00 
 1.442559999999989e-08  1.195240213319437e+00 
 1.444559999999989e-08  1.195240213319436e+00 
 1.446559999999989e-08  1.195240213319436e+00 
 1.448559999999989e-08  1.195240213319435e+00 
 1.450559999999989e-08  1.195240213319434e+00 
 1.452559999999988e-08  1.195240213319434e+00 
 1.454559999999988e-08  1.195240213319433e+00 
 1.456559999999988e-08  1.195240213319432e+00 
 1.458559999999988e-08  1.195240213319431e+00 
 1.460559999999988e-08  1.195240213319430e+00 
 1.462559999999988e-08  1.195240213319430e+00 
 1.464559999999988e-08  1.195240213319429e+00 
 1.466559999999988e-08  1.195240213319428e+00 
 1.468559999999988e-08  1.195240213319428e+00 
 1.470559999999988e-08  1.195240213319428e+00 
 1.472559999999988e-08  1.195240213319427e+00 
 1.474559999999988e-08  1.195240213319426e+00 
 1.476559999999988e-08  1.195240213319425e+00 
 1.478559999999988e-08  1.195240213319424e+00 
 1.480559999999988e-08  1.195240213319424e+00 
 1.482559999999988e-08  1.195240213319423e+00 
 1.484559999999988e-08  1.195240213319422e+00 
 1.486559999999988e-08  1.195240213319422e+00 
 1.488559999999988e-08  1.195240213319421e+00 
 1.490559999999988e-08  1.195240213319420e+00 
 1.492559999999988e-08  1.195240213319419e+00 
 1.494559999999988e-08  1.195240213319419e+00 
 1.496559999999988e-08  1.195240213319418e+00 
 1.498559999999988e-08  1.195240213319417e+00 
 1.500559999999987e-08  1.195240213319417e+00 
 1.502559999999987e-08  1.195240213319416e+00 
 1.504559999999987e-08  1.195240213319416e+00 
 1.506559999999987e-08  1.195240213319415e+00 
 1.508559999999987e-08  1.195240213319414e+00 
 1.510559999999987e-08  1.195240213319413e+00 
 1.512559999999987e-08  1.195240213319413e+00 
 1.514559999999987e-08  1.195240213319412e+00 
 1.516559999999987e-08  1.195240213319411e+00 
 1.518559999999987e-08  1.195240213319411e+00 
 1.520559999999987e-08  1.195240213319410e+00 
 1.522559999999987e-08  1.195240213319409e+00 
 1.524559999999987e-08  1.195240213319408e+00 
 1.526559999999987e-08  1.195240213319408e+00 
 1.528559999999987e-08  1.195240213319407e+00 
 1.530559999999987e-08  1.195240213319406e+00 
 1.532559999999987e-08  1.195240213319406e+00 
 1.534559999999987e-08  1.195240213319405e+00 
 1.536559999999987e-08  1.195240213319405e+00 
 1.538559999999987e-08  1.195240213319404e+00 
 1.540559999999986e-08  1.195240213319403e+00 
 1.542559999999986e-08  1.195240213319402e+00 
 1.544559999999986e-08  1.195240213319402e+00 
 1.546559999999986e-08  1.195240213319401e+00 
 1.548559999999986e-08  1.195240213319400e+00 
 1.550559999999986e-08  1.195240213319399e+00 
 1.552559999999986e-08  1.195240213319399e+00 
 1.554559999999986e-08  1.195240213319398e+00 
 1.556559999999986e-08  1.195240213319398e+00 
 1.558559999999986e-08  1.195240213319397e+00 
 1.560559999999986e-08  1.195240213319396e+00 
 1.562559999999986e-08  1.195240213319395e+00 
 1.564559999999986e-08  1.195240213319394e+00 
 1.566559999999986e-08  1.195240213319394e+00 
 1.568559999999986e-08  1.195240213319393e+00 
 1.570559999999986e-08  1.195240213319393e+00 
 1.572559999999986e-08  1.195240213319392e+00 
 1.574559999999986e-08  1.195240213319391e+00 
 1.576559999999986e-08  1.195240213319390e+00 
 1.578559999999986e-08  1.195240213319390e+00 
 1.580559999999986e-08  1.195240213319389e+00 
 1.582559999999985e-08  1.195240213319388e+00 
 1.584559999999985e-08  1.195240213319388e+00 
 1.586559999999985e-08  1.195240213319387e+00 
 1.588559999999985e-08  1.195240213319386e+00 
 1.590559999999985e-08  1.195240213319386e+00 
 1.592559999999985e-08  1.195240213319385e+00 
 1.594559999999985e-08  1.195240213319384e+00 
 1.596559999999985e-08  1.195240213319383e+00 
 1.598559999999985e-08  1.195240213319382e+00 
 1.600559999999985e-08  1.195240213319382e+00 
 1.602559999999985e-08  1.195240213319382e+00 
 1.604559999999985e-08  1.195240213319381e+00 
 1.606559999999985e-08  1.195240213319380e+00 
 1.608559999999985e-08  1.195240213319379e+00 
 1.610559999999985e-08  1.195240213319378e+00 
 1.612559999999985e-08  1.195240213319378e+00 
 1.614559999999985e-08  1.195240213319377e+00 
 1.616559999999985e-08  1.195240213319376e+00 
 1.618559999999985e-08  1.195240213319376e+00 
 1.620559999999985e-08  1.195240213319375e+00 
 1.622559999999985e-08  1.195240213319374e+00 
 1.624559999999984e-08  1.195240213319374e+00 
 1.626559999999984e-08  1.195240213319373e+00 
 1.628559999999984e-08  1.195240213319372e+00 
 1.630559999999984e-08  1.195240213319371e+00 
 1.632559999999984e-08  1.195240213319371e+00 
 1.634559999999984e-08  1.195240213319370e+00 
 1.636559999999984e-08  1.195240213319370e+00 
 1.638559999999984e-08  1.195240213319369e+00 
 1.640559999999984e-08  1.195240213319368e+00 
 1.642559999999984e-08  1.195240213319367e+00 
 1.644559999999984e-08  1.195240213319367e+00 
 1.646559999999984e-08  1.195240213319366e+00 
 1.648559999999984e-08  1.195240213319365e+00 
 1.650559999999984e-08  1.195240213319365e+00 
 1.652559999999984e-08  1.195240213319364e+00 
 1.654559999999984e-08  1.195240213319363e+00 
 1.656559999999984e-08  1.195240213319363e+00 
 1.658559999999984e-08  1.195240213319362e+00 
 1.660559999999984e-08  1.195240213319361e+00 
 1.662559999999984e-08  1.195240213319360e+00 
 1.664559999999984e-08  1.195240213319360e+00 
 1.666559999999983e-08  1.195240213319359e+00 
 1.668559999999983e-08  1.195240213319359e+00 
 1.670559999999983e-08  1.195240213319358e+00 
 1.672559999999983e-08  1.195240213319357e+00 
 1.674559999999983e-08  1.195240213319356e+00 
 1.676559999999983e-08  1.195240213319356e+00 
 1.678559999999983e-08  1.195240213319355e+00 
 1.680559999999983e-08  1.195240213319354e+00 
 1.682559999999983e-08  1.195240213319354e+00 
 1.684559999999983e-08  1.195240213319353e+00 
 1.686559999999983e-08  1.195240213319352e+00 
 1.688559999999983e-08  1.195240213319352e+00 
 1.690559999999983e-08  1.195240213319351e+00 
 1.692559999999983e-08  1.195240213319350e+00 
 1.694559999999983e-08  1.195240213319349e+00 
 1.696559999999983e-08  1.195240213319349e+00 
 1.698559999999983e-08  1.195240213319348e+00 
 1.700559999999983e-08  1.195240213319348e+00 
 1.702559999999983e-08  1.195240213319348e+00 
 1.704559999999983e-08  1.195240213319347e+00 
 1.706559999999982e-08  1.195240213319347e+00 
 1.708559999999982e-08  1.195240213319346e+00 
 1.710559999999982e-08  1.195240213319345e+00 
 1.712559999999982e-08  1.195240213319344e+00 
 1.714559999999982e-08  1.195240213319344e+00 
 1.716559999999982e-08  1.195240213319343e+00 
 1.718559999999982e-08  1.195240213319343e+00 
 1.720559999999982e-08  1.195240213319343e+00 
 1.722559999999982e-08  1.195240213319342e+00 
 1.724559999999982e-08  1.195240213319342e+00 
 1.726559999999982e-08  1.195240213319341e+00 
 1.728559999999982e-08  1.195240213319341e+00 
 1.730559999999982e-08  1.195240213319341e+00 
 1.732559999999982e-08  1.195240213319341e+00 
 1.734559999999982e-08  1.195240213319341e+00 
 1.736559999999982e-08  1.195240213319341e+00 
 1.738559999999982e-08  1.195240213319341e+00 
 1.740559999999982e-08  1.195240213319341e+00 
 1.742559999999982e-08  1.195240213319341e+00 
 1.744559999999982e-08  1.195240213319341e+00 
 1.746559999999982e-08  1.195240213319341e+00 
 1.748559999999981e-08  1.195240213319341e+00 
 1.750559999999981e-08  1.195240213319341e+00 
 1.752559999999981e-08  1.195240213319341e+00 
 1.754559999999981e-08  1.195240213319341e+00 
 1.756559999999981e-08  1.195240213319341e+00 
 1.758559999999981e-08  1.195240213319341e+00 
 1.760559999999981e-08  1.195240213319341e+00 
 1.762559999999981e-08  1.195240213319341e+00 
 1.764559999999981e-08  1.195240213319341e+00 
 1.766559999999981e-08  1.195240213319341e+00 
 1.768559999999981e-08  1.195240213319341e+00 
 1.770559999999981e-08  1.195240213319341e+00 
 1.772559999999981e-08  1.195240213319341e+00 
 1.774559999999981e-08  1.195240213319341e+00 
 1.776559999999981e-08  1.195240213319341e+00 
 1.778559999999981e-08  1.195240213319341e+00 
 1.780559999999981e-08  1.195240213319341e+00 
 1.782559999999981e-08  1.195240213319341e+00 
 1.784559999999981e-08  1.195240213319341e+00 
 1.786559999999981e-08  1.195240213319341e+00 
 1.788559999999981e-08  1.195240213319341e+00 
 1.790559999999980e-08  1.195240213319341e+00 
 1.792559999999980e-08  1.195240213319341e+00 
 1.794559999999980e-08  1.195240213319341e+00 
 1.796559999999980e-08  1.195240213319341e+00 
 1.798559999999980e-08  1.195240213319341e+00 
 1.800559999999980e-08  1.195240213319341e+00 
 1.802559999999980e-08  1.195240213319341e+00 
 1.804559999999980e-08  1.195240213319341e+00 
 1.806559999999980e-08  1.195240213319341e+00 
 1.808559999999980e-08  1.195240213319341e+00 
 1.810559999999980e-08  1.195240213319341e+00 
 1.812559999999980e-08  1.195240213319341e+00 
 1.814559999999980e-08  1.195240213319341e+00 
 1.816559999999980e-08  1.195240213319341e+00 
 1.818559999999980e-08  1.195240213319341e+00 
 1.820559999999980e-08  1.195240213319341e+00 
 1.822559999999980e-08  1.195240213319341e+00 
 1.824559999999980e-08  1.195240213319341e+00 
 1.826559999999980e-08  1.195240213319341e+00 
 1.828559999999980e-08  1.195240213319341e+00 
 1.830559999999980e-08  1.195240213319341e+00 
 1.832559999999979e-08  1.195240213319341e+00 
 1.834559999999979e-08  1.195240213319341e+00 
 1.836559999999979e-08  1.195240213319341e+00 
 1.838559999999979e-08  1.195240213319341e+00 
 1.840559999999979e-08  1.195240213319341e+00 
 1.842559999999979e-08  1.195240213319341e+00 
 1.844559999999979e-08  1.195240213319341e+00 
 1.846559999999979e-08  1.195240213319341e+00 
 1.848559999999979e-08  1.195240213319341e+00 
 1.850559999999979e-08  1.195240213319341e+00 
 1.852559999999979e-08  1.195240213319341e+00 
 1.854559999999979e-08  1.195240213319341e+00 
 1.856559999999979e-08  1.195240213319341e+00 
 1.858559999999979e-08  1.195240213319341e+00 
 1.860559999999979e-08  1.195240213319341e+00 
 1.862559999999979e-08  1.195240213319341e+00 
 1.864559999999979e-08  1.195240213319341e+00 
 1.866559999999979e-08  1.195240213319341e+00 
 1.868559999999979e-08  1.195240213319341e+00 
 1.870559999999979e-08  1.195240213319341e+00 
 1.872559999999978e-08  1.195240213319341e+00 
 1.874559999999978e-08  1.195240213319341e+00 
 1.876559999999978e-08  1.195240213319341e+00 
 1.878559999999978e-08  1.195240213319341e+00 
 1.880559999999978e-08  1.195240213319341e+00 
 1.882559999999978e-08  1.195240213319341e+00 
 1.884559999999978e-08  1.195240213319341e+00 
 1.886559999999978e-08  1.195240213319341e+00 
 1.888559999999978e-08  1.195240213319341e+00 
 1.890559999999978e-08  1.195240213319341e+00 
 1.892559999999978e-08  1.195240213319341e+00 
 1.894559999999978e-08  1.195240213319341e+00 
 1.896559999999978e-08  1.195240213319341e+00 
 1.898559999999978e-08  1.195240213319341e+00 
 1.900559999999978e-08  1.195240213319341e+00 
 1.902559999999978e-08  1.195240213319341e+00 
 1.904559999999978e-08  1.195240213319341e+00 
 1.906559999999978e-08  1.195240213319341e+00 
 1.908559999999978e-08  1.195240213319341e+00 
 1.910559999999978e-08  1.195240213319341e+00 
 1.912559999999978e-08  1.195240213319341e+00 
 1.914559999999977e-08  1.195240213319341e+00 
 1.916559999999977e-08  1.195240213319341e+00 
 1.918559999999977e-08  1.195240213319341e+00 
 1.920559999999977e-08  1.195240213319341e+00 
 1.922559999999977e-08  1.195240213319341e+00 
 1.924559999999977e-08  1.195240213319341e+00 
 1.926559999999977e-08  1.195240213319341e+00 
 1.928559999999977e-08  1.195240213319341e+00 
 1.930559999999977e-08  1.195240213319341e+00 
 1.932559999999977e-08  1.195240213319341e+00 
 1.934559999999977e-08  1.195240213319341e+00 
 1.936559999999977e-08  1.195240213319341e+00 
 1.938559999999977e-08  1.195240213319341e+00 
 1.940559999999977e-08  1.195240213319341e+00 
 1.942559999999977e-08  1.195240213319341e+00 
 1.944559999999977e-08  1.195240213319341e+00 
 1.946559999999977e-08  1.195240213319341e+00 
 1.948559999999977e-08  1.195240213319341e+00 
 1.950559999999977e-08  1.195240213319341e+00 
 1.952559999999977e-08  1.195240213319341e+00 
 1.954559999999977e-08  1.195240213319341e+00 
 1.956559999999976e-08  1.195240213319341e+00 
 1.958559999999976e-08  1.195240213319341e+00 
 1.960559999999976e-08  1.195240213319341e+00 
 1.962559999999976e-08  1.195240213319341e+00 
 1.964559999999976e-08  1.195240213319341e+00 
 1.966559999999976e-08  1.195240213319341e+00 
 1.968559999999976e-08  1.195240213319341e+00 
 1.970559999999976e-08  1.195240213319341e+00 
 1.972559999999976e-08  1.195240213319341e+00 
 1.974559999999976e-08  1.195240213319341e+00 
 1.976559999999976e-08  1.195240213319341e+00 
 1.978559999999976e-08  1.195240213319341e+00 
 1.980559999999976e-08  1.195240213319341e+00 
 1.982559999999976e-08  1.195240213319341e+00 
 1.984559999999976e-08  1.195240213319341e+00 
 1.986559999999976e-08  1.195240213319341e+00 
 1.988559999999976e-08  1.195240213319341e+00 
 1.990559999999976e-08  1.195240213319341e+00 
 1.992559999999976e-08  1.195240213319341e+00 
 1.994559999999976e-08  1.195240213319341e+00 
 1.996559999999975e-08  1.195240213319341e+00 
 1.998559999999975e-08  1.195240213319341e+00 
 2.000000000000000e-08  1.195240213319341e+00 
 2.000011602422424e-08  1.195240221601318e+00 
 2.000034807267272e-08  1.195240253935888e+00 
 2.000081216956968e-08  1.195240413273016e+00 
 2.000151516426421e-08  1.195240893447823e+00 
 2.000237996420509e-08  1.195241868710148e+00 
 2.000396286314065e-08  1.195244699470231e+00 
 2.000678699586095e-08  1.195252845745542e+00 
 2.001147100200263e-08  1.195274181418071e+00 
 2.001723868586458e-08  1.195312716944881e+00 
 2.002362207760675e-08  1.195370514260850e+00 
 2.003173282842814e-08  1.195466427294746e+00 
 2.003803199767667e-08  1.195555502827131e+00 
 2.004260038728966e-08  1.195622230937564e+00 
 2.004589819402241e-08  1.195665127744856e+00 
 2.004941743644983e-08  1.195696065369336e+00 
 2.005349148576922e-08  1.195695530639919e+00 
 2.005773053408154e-08  1.195629389515477e+00 
 2.006275484234125e-08  1.195426898599357e+00 
 2.006584811494494e-08  1.195222100564222e+00 
 2.006760378964025e-08  1.195077733482875e+00 
 2.006923968725703e-08  1.194928573220984e+00 
 2.007047384274123e-08  1.194809187541337e+00 
 2.007199863697449e-08  1.194656245103536e+00 
 2.007438583821869e-08  1.194409527034393e+00 
 2.007666563555948e-08  1.194169412868816e+00 
 2.007910203459034e-08  1.193910903524391e+00 
 2.008159820509014e-08  1.193645338624065e+00 
 2.008506044528345e-08  1.193276715582044e+00 
 2.008967568538539e-08  1.192785303039872e+00 
 2.009757972614581e-08  1.191943915259466e+00 
 2.010000000000000e-08  1.191686331247014e+00 
 2.010003960422479e-08  1.191682115874275e+00 
 2.010011881267438e-08  1.191673684131867e+00 
 2.010027722957355e-08  1.191656815094111e+00 
 2.010059406337188e-08  1.191623057689531e+00 
 2.010104141675501e-08  1.191575358296900e+00 
 2.010192964255093e-08  1.191480566758331e+00 
 2.010370609414277e-08  1.191290813882206e+00 
 2.010725899732645e-08  1.190911151522748e+00 
 2.011115636329628e-08  1.190494760865190e+00 
 2.011838753653722e-08  1.189722627022440e+00 
 2.013189443904636e-08  1.188281869092429e+00 
 2.015189443904636e-08  1.186152070000387e+00 
 2.017189443904636e-08  1.184026522502797e+00 
 2.019189443904636e-08  1.181905219615445e+00 
 2.021189443904635e-08  1.179788152441691e+00 
 2.023189443904635e-08  1.177675312922269e+00 
 2.025189443904635e-08  1.175566692325454e+00 
 2.027189443904635e-08  1.173462282447388e+00 
 2.029189443904635e-08  1.171362074711247e+00 
 2.031189443904635e-08  1.169266060856457e+00 
 2.033189443904635e-08  1.167174232405926e+00 
 2.035189443904635e-08  1.165086581083869e+00 
 2.037189443904635e-08  1.163003098482435e+00 
 2.039189443904635e-08  1.160923776332797e+00 
 2.041189443904635e-08  1.158848606279838e+00 
 2.043189443904635e-08  1.156777580073576e+00 
 2.045189443904635e-08  1.154710689402672e+00 
 2.047189443904635e-08  1.152647926042337e+00 
 2.049189443904635e-08  1.150589281720116e+00 
 2.051189443904635e-08  1.148534748239778e+00 
 2.053189443904635e-08  1.146484317365053e+00 
 2.055189443904635e-08  1.144437980930022e+00 
 2.057189443904635e-08  1.142395730733079e+00 
 2.059189443904635e-08  1.140357558639511e+00 
 2.061189443904635e-08  1.138323456481493e+00 
 2.063189443904634e-08  1.136293416155942e+00 
 2.065189443904634e-08  1.134267429528275e+00 
 2.067189443904634e-08  1.132245488527210e+00 
 2.069189443904634e-08  1.130227585051052e+00 
 2.071189443904634e-08  1.128213711060358e+00 
 2.073189443904634e-08  1.126203858486066e+00 
 2.075189443904634e-08  1.124198019320539e+00 
 2.077189443904634e-08  1.122196185527148e+00 
 2.079189443904634e-08  1.120198349129988e+00 
 2.081189443904634e-08  1.118204502124693e+00 
 2.083189443904634e-08  1.116214636566994e+00 
 2.085189443904634e-08  1.114228744484635e+00 
 2.087189443904634e-08  1.112246817964876e+00 
 2.089189443904634e-08  1.110268849067427e+00 
 2.091189443904634e-08  1.108294829910965e+00 
 2.093189443904634e-08  1.106324752587028e+00 
 2.095189443904634e-08  1.104358609245595e+00 
 2.097189443904634e-08  1.102396392009893e+00 
 2.099189443904634e-08  1.100438093061086e+00 
 2.101189443904634e-08  1.098483704553961e+00 
 2.103189443904633e-08  1.096533218700747e+00 
 2.105189443904633e-08  1.094586627687655e+00 
 2.107189443904633e-08  1.092643923757865e+00 
 2.109189443904633e-08  1.090705099128882e+00 
 2.111189443904633e-08  1.088770146074716e+00 
 2.113189443904633e-08  1.086839056844039e+00 
 2.115189443904633e-08  1.084911823741570e+00 
 2.117189443904633e-08  1.082988439047017e+00 
 2.119189443904633e-08  1.081068895095696e+00 
 2.121189443904633e-08  1.079153184198221e+00 
 2.123189443904633e-08  1.077241298720385e+00 
 2.125189443904633e-08  1.075333231003581e+00 
 2.127189443904633e-08  1.073428973443960e+00 
 2.129189443904633e-08  1.071528518413571e+00 
 2.131189443904633e-08  1.069631858338805e+00 
 2.133189443904633e-08  1.067738985622238e+00 
 2.135189443904633e-08  1.065849892720387e+00 
 2.137189443904633e-08  1.063964572066229e+00 
 2.139189443904633e-08  1.062083016146289e+00 
 2.141189443904633e-08  1.060205217423820e+00 
 2.143189443904633e-08  1.058331168415241e+00 
 2.145189443904632e-08  1.056460861613958e+00 
 2.147189443904632e-08  1.054594289566165e+00 
 2.149189443904632e-08  1.052731444795296e+00 
 2.151189443904632e-08  1.050872319877205e+00 
 2.153189443904632e-08  1.049016907365235e+00 
 2.155189443904632e-08  1.047165199864784e+00 
 2.157189443904632e-08  1.045317189958977e+00 
 2.159189443904632e-08  1.043472870282643e+00 
 2.161189443904632e-08  1.041632233448572e+00 
 2.163189443904632e-08  1.039795272120906e+00 
 2.165189443904632e-08  1.037961978941976e+00 
 2.167189443904632e-08  1.036132346605126e+00 
 2.169189443904632e-08  1.034306367782106e+00 
 2.171189443904632e-08  1.032484035195349e+00 
 2.173189443904632e-08  1.030665341545908e+00 
 2.175189443904632e-08  1.028850279585185e+00 
 2.177189443904632e-08  1.027038842043417e+00 
 2.179189443904632e-08  1.025231021700866e+00 
 2.181189443904632e-08  1.023426811316832e+00 
 2.183189443904632e-08  1.021626203700324e+00 
 2.185189443904632e-08  1.019829191639588e+00 
 2.187189443904631e-08  1.018035767972266e+00 
 2.189189443904631e-08  1.016245925515434e+00 
 2.191189443904631e-08  1.014459657135253e+00 
 2.193189443904631e-08  1.012676955677511e+00 
 2.195189443904631e-08  1.010897814036779e+00 
 2.197189443904631e-08  1.009122225087441e+00 
 2.199189443904631e-08  1.007350181752365e+00 
 2.201189443904631e-08  1.005581676934414e+00 
 2.203189443904631e-08  1.003816703584642e+00 
 2.205189443904631e-08  1.002055254634278e+00 
 2.207189443904631e-08  1.000297323062452e+00 
 2.209189443904631e-08  9.985429018286403e-01 
 2.211189443904631e-08  9.967919839399377e-01 
 2.213189443904631e-08  9.950445623839578e-01 
 2.215189443904631e-08  9.933006301956498e-01 
 2.217189443904631e-08  9.915601803906487e-01 
 2.219189443904631e-08  9.898232060316490e-01 
 2.221189443904631e-08  9.880897001621943e-01 
 2.223189443904631e-08  9.863596558726145e-01 
 2.225189443904631e-08  9.846330662342495e-01 
 2.227189443904631e-08  9.829099243649561e-01 
 2.229189443904630e-08  9.811902233637582e-01 
 2.231189443904630e-08  9.794739563759299e-01 
 2.233189443904630e-08  9.777611165280680e-01 
 2.235189443904630e-08  9.760516969927562e-01 
 2.237189443904630e-08  9.743456909240524e-01 
 2.239189443904630e-08  9.726430915217422e-01 
 2.241189443904630e-08  9.709438919672345e-01 
 2.243189443904630e-08  9.692480854874088e-01 
 2.245189443904630e-08  9.675556652909149e-01 
 2.247189443904630e-08  9.658666246316198e-01 
 2.249189443904630e-08  9.641809567453032e-01 
 2.251189443904630e-08  9.624986549127132e-01 
 2.253189443904630e-08  9.608197123966516e-01 
 2.255189443904630e-08  9.591441225046398e-01 
 2.257189443904630e-08  9.574718785263924e-01 
 2.259189443904630e-08  9.558029737961000e-01 
 2.261189443904630e-08  9.541374016302822e-01 
 2.263189443904630e-08  9.524751553896912e-01 
 2.265189443904630e-08  9.508162284175438e-01 
 2.267189443904630e-08  9.491606141010496e-01 
 2.269189443904629e-08  9.475083058100157e-01 
 2.271189443904629e-08  9.458592969580046e-01 
 2.273189443904629e-08  9.442135809413055e-01 
 2.275189443904629e-08  9.425711511997290e-01 
 2.277189443904629e-08  9.409320011559414e-01 
 2.279189443904629e-08  9.392961242758979e-01 
 2.281189443904629e-08  9.376635140085349e-01 
 2.283189443904629e-08  9.360341638458478e-01 
 2.285189443904629e-08  9.344080672629381e-01 
 2.287189443904629e-08  9.327852177777394e-01 
 2.289189443904629e-08  9.311656088914132e-01 
 2.291189443904629e-08  9.295492341477272e-01 
 2.293189443904629e-08  9.279360870737982e-01 
 2.295189443904629e-08  9.263261612391260e-01 
 2.297189443904629e-08  9.247194501966794e-01 
 2.299189443904629e-08  9.231159475415878e-01 
 2.301189443904629e-08  9.215156468525676e-01 
 2.303189443904629e-08  9.199185417502762e-01 
 2.305189443904629e-08  9.183246258390743e-01 
 2.307189443904629e-08  9.167338927650468e-01 
 2.309189443904629e-08  9.151463361580963e-01 
 2.311189443904628e-08  9.135619496896326e-01 
 2.313189443904628e-08  9.119807270149973e-01 
 2.315189443904628e-08  9.104026618308264e-01 
 2.317189443904628e-08  9.088277478177991e-01 
 2.319189443904628e-08  9.072559786976759e-01 
 2.321189443904628e-08  9.056873481763720e-01 
 2.323189443904628e-08  9.041218500006730e-01 
 2.325189443904628e-08  9.025594779016286e-01 
 2.327189443904628e-08  9.010002256509512e-01 
 2.329189443904628e-08  8.994440870047228e-01 
 2.331189443904628e-08  8.978910557594835e-01 
 2.333189443904628e-08  8.963411256962500e-01 
 2.335189443904628e-08  8.947942906362901e-01 
 2.337189443904628e-08  8.932505443854537e-01 
 2.339189443904628e-08  8.917098807896388e-01 
 2.341189443904628e-08  8.901722936794293e-01 
 2.343189443904628e-08  8.886377769252554e-01 
 2.345189443904628e-08  8.871063243823364e-01 
 2.347189443904628e-08  8.855779299455374e-01 
 2.349189443904628e-08  8.840525874946142e-01 
 2.351189443904628e-08  8.825302909487690e-01 
 2.353189443904627e-08  8.810110342121963e-01 
 2.355189443904627e-08  8.794948112283388e-01 
 2.357189443904627e-08  8.779816159257314e-01 
 2.359189443904627e-08  8.764714422719612e-01 
 2.361189443904627e-08  8.749642842198061e-01 
 2.363189443904627e-08  8.734601357609018e-01 
 2.365189443904627e-08  8.719589908721723e-01 
 2.367189443904627e-08  8.704608435692057e-01 
 2.369189443904627e-08  8.689656878529748e-01 
 2.371189443904627e-08  8.674735177629256e-01 
 2.373189443904627e-08  8.659843273239850e-01 
 2.375189443904627e-08  8.644981105993607e-01 
 2.377189443904627e-08  8.630148616378361e-01 
 2.379189443904627e-08  8.615345745262877e-01 
 2.381189443904627e-08  8.600572433372610e-01 
 2.383189443904627e-08  8.585828621812059e-01 
 2.385189443904627e-08  8.571114251543350e-01 
 2.387189443904627e-08  8.556429263905776e-01 
 2.389189443904627e-08  8.541773600097188e-01 
 2.391189443904627e-08  8.527147201690749e-01 
 2.393189443904626e-08  8.512550010119084e-01 
 2.395189443904626e-08  8.497981967188291e-01 
 2.397189443904626e-08  8.483443014564832e-01 
 2.399189443904626e-08  8.468933094286814e-01 
 2.401189443904626e-08  8.454452148253605e-01 
 2.403189443904626e-08  8.440000118734396e-01 
 2.405189443904626e-08  8.425576947860530e-01 
 2.407189443904626e-08  8.411182578131361e-01 
 2.409189443904626e-08  8.396816951909275e-01 
 2.411189443904626e-08  8.382480011922875e-01 
 2.413189443904626e-08  8.368171700764669e-01 
 2.415189443904626e-08  8.353891961391597e-01 
 2.417189443904626e-08  8.339640736625368e-01 
 2.419189443904626e-08  8.325417969650344e-01 
 2.421189443904626e-08  8.311223603516522e-01 
 2.423189443904626e-08  8.297057581634788e-01 
 2.425189443904626e-08  8.282919847282508e-01 
 2.427189443904626e-08  8.268810344096188e-01 
 2.429189443904626e-08  8.254729015579662e-01 
 2.431189443904626e-08  8.240675805594151e-01 
 2.433189443904626e-08  8.226650657869043e-01 
 2.435189443904625e-08  8.212653516489393e-01 
 2.437189443904625e-08  8.198684325409247e-01 
 2.439189443904625e-08  8.184743028936590e-01 
 2.441189443904625e-08  8.170829571249226e-01 
 2.443189443904625e-08  8.156943896877188e-01 
 2.445189443904625e-08  8.143085950221143e-01 
 2.447189443904625e-08  8.129255676032290e-01 
 2.449189443904625e-08  8.115453018933266e-01 
 2.451189443904625e-08  8.101677923895552e-01 
 2.453189443904625e-08  8.087930335762870e-01 
 2.455189443904625e-08  8.074210199726108e-01 
 2.457189443904625e-08  8.060517460849194e-01 
 2.459189443904625e-08  8.046852064541535e-01 
 2.461189443904625e-08  8.033213956086384e-01 
 2.463189443904625e-08  8.019603081110821e-01 
 2.465189443904625e-08  8.006019385116541e-01 
 2.467189443904625e-08  7.992462813947406e-01 
 2.469189443904625e-08  7.978933313322690e-01 
 2.471189443904625e-08  7.965430829302192e-01 
 2.473189443904625e-08  7.951955307821886e-01 
 2.475189443904625e-08  7.938506695156637e-01 
 2.477189443904624e-08  7.925084937458255e-01 
 2.479189443904624e-08  7.911689981215823e-01 
 2.481189443904624e-08  7.898321772796123e-01 
 2.483189443904624e-08  7.884980258901597e-01 
 2.485189443904624e-08  7.871665386113140e-01 
 2.487189443904624e-08  7.858377101345710e-01 
 2.489189443904624e-08  7.845115351393468e-01 
 2.491189443904624e-08  7.831880083383028e-01 
 2.493189443904624e-08  7.818671244320955e-01 
 2.495189443904624e-08  7.805488781544686e-01 
 2.497189443904624e-08  7.792332642272348e-01 
 2.499189443904624e-08  7.779202774051359e-01 
 2.501189443904624e-08  7.766099124310557e-01 
 2.503189443904624e-08  7.753021640806502e-01 
 2.505189443904624e-08  7.739970271177907e-01 
 2.507189443904624e-08  7.726944963389646e-01 
 2.509189443904624e-08  7.713945665289463e-01 
 2.511189443904624e-08  7.700972325049710e-01 
 2.513189443904624e-08  7.688024890726329e-01 
 2.515189443904624e-08  7.675103310698331e-01 
 2.517189443904624e-08  7.662207533229025e-01 
 2.519189443904623e-08  7.649337506903243e-01 
 2.521189443904623e-08  7.636493180190841e-01 
 2.523189443904623e-08  7.623674501881662e-01 
 2.525189443904623e-08  7.610881420651273e-01 
 2.527189443904623e-08  7.598113885493709e-01 
 2.529189443904623e-08  7.585371845289430e-01 
 2.531189443904623e-08  7.572655249235853e-01 
 2.533189443904623e-08  7.559964046417507e-01 
 2.535189443904623e-08  7.547298186234380e-01 
 2.537189443904623e-08  7.534657617974259e-01 
 2.539189443904623e-08  7.522042291238892e-01 
 2.541189443904623e-08  7.509452155518517e-01 
 2.543189443904623e-08  7.496887160615837e-01 
 2.545189443904623e-08  7.484347256222723e-01 
 2.547189443904623e-08  7.471832392342040e-01 
 2.549189443904623e-08  7.459342518866496e-01 
 2.551189443904623e-08  7.446877585998314e-01 
 2.553189443904623e-08  7.434437543830223e-01 
 2.555189443904623e-08  7.422022342763017e-01 
 2.557189443904623e-08  7.409631933088657e-01 
 2.559189443904622e-08  7.397266265405708e-01 
 2.561189443904622e-08  7.384925290204568e-01 
 2.563189443904622e-08  7.372608958280787e-01 
 2.565189443904622e-08  7.360317220322403e-01 
 2.567189443904622e-08  7.348050027321170e-01 
 2.569189443904622e-08  7.335807330161981e-01 
 2.571189443904622e-08  7.323589080031999e-01 
 2.573189443904622e-08  7.311395228012191e-01 
 2.575189443904622e-08  7.299225725484362e-01 
 2.577189443904622e-08  7.287080523724758e-01 
 2.579189443904622e-08  7.274959574309053e-01 
 2.581189443904622e-08  7.262862828707999e-01 
 2.583189443904622e-08  7.250790238690353e-01 
 2.585189443904622e-08  7.238741755920595e-01 
 2.587189443904622e-08  7.226717332359810e-01 
 2.589189443904622e-08  7.214716919865425e-01 
 2.591189443904622e-08  7.202740470590080e-01 
 2.593189443904622e-08  7.190787936583392e-01 
 2.595189443904622e-08  7.178859270188788e-01 
 2.597189443904622e-08  7.166954423647295e-01 
 2.599189443904622e-08  7.155073349492378e-01 
 2.601189443904621e-08  7.143216000155717e-01 
 2.603189443904621e-08  7.131382328360049e-01 
 2.605189443904621e-08  7.119572286726941e-01 
 2.607189443904621e-08  7.107785828167648e-01 
 2.609189443904621e-08  7.096022905492870e-01 
 2.611189443904621e-08  7.084283471801636e-01 
 2.613189443904621e-08  7.072567480093013e-01 
 2.615189443904621e-08  7.060874883653049e-01 
 2.617189443904621e-08  7.049205635668443e-01 
 2.619189443904621e-08  7.037559689611514e-01 
 2.621189443904621e-08  7.025936998855834e-01 
 2.623189443904621e-08  7.014337517059254e-01 
 2.625189443904621e-08  7.002761197781470e-01 
 2.627189443904621e-08  6.991207994865130e-01 
 2.629189443904621e-08  6.979677862055313e-01 
 2.631189443904621e-08  6.968170753378724e-01 
 2.633189443904621e-08  6.956686622765084e-01 
 2.635189443904621e-08  6.945225424424420e-01 
 2.637189443904621e-08  6.933787112470362e-01 
 2.639189443904621e-08  6.922371641295526e-01 
 2.641189443904621e-08  6.910978965196719e-01 
 2.643189443904620e-08  6.899609038748422e-01 
 2.645189443904620e-08  6.888261816429875e-01 
 2.647189443904620e-08  6.876937252996694e-01 
 2.649189443904620e-08  6.865635303109840e-01 
 2.651189443904620e-08  6.854355921705351e-01 
 2.653189443904620e-08  6.843099063625165e-01 
 2.655189443904620e-08  6.831864683985015e-01 
 2.657189443904620e-08  6.820652737807111e-01 
 2.659189443904620e-08  6.809463180386167e-01 
 2.661189443904620e-08  6.798295966923934e-01 
 2.663189443904620e-08  6.787151052893394e-01 
 2.665189443904620e-08  6.776028393675123e-01 
 2.667189443904620e-08  6.764927944919662e-01 
 2.669189443904620e-08  6.753849662185702e-01 
 2.671189443904620e-08  6.742793501300630e-01 
 2.673189443904620e-08  6.731759418000540e-01 
 2.675189443904620e-08  6.720747368288966e-01 
 2.677189443904620e-08  6.709757308078692e-01 
 2.679189443904620e-08  6.698789193548697e-01 
 2.681189443904620e-08  6.687842980787753e-01 
 2.683189443904619e-08  6.676918626149577e-01 
 2.685189443904619e-08  6.666016085898230e-01 
 2.687189443904619e-08  6.655135316561477e-01 
 2.689189443904619e-08  6.644276274577958e-01 
 2.691189443904619e-08  6.633438916648797e-01 
 2.693189443904619e-08  6.622623199386523e-01 
 2.695189443904619e-08  6.611829079664915e-01 
 2.697189443904619e-08  6.601056514269693e-01 
 2.699189443904619e-08  6.590305460246615e-01 
 2.701189443904619e-08  6.579575874553907e-01 
 2.703189443904619e-08  6.568867714408612e-01 
 2.705189443904619e-08  6.558180936940762e-01 
 2.707189443904619e-08  6.547515499538008e-01 
 2.709189443904619e-08  6.536871359501518e-01 
 2.711189443904619e-08  6.526248474388864e-01 
 2.713189443904619e-08  6.515646801671647e-01 
 2.715189443904619e-08  6.505066299076694e-01 
 2.717189443904619e-08  6.494506924245377e-01 
 2.719189443904619e-08  6.483968635073087e-01 
 2.721189443904619e-08  6.473451389370279e-01 
 2.723189443904619e-08  6.462955145200250e-01 
 2.725189443904618e-08  6.452479860541863e-01 
 2.727189443904618e-08  6.442025493625645e-01 
 2.729189443904618e-08  6.431592002598201e-01 
 2.731189443904618e-08  6.421179345856621e-01 
 2.733189443904618e-08  6.410787481714578e-01 
 2.735189443904618e-08  6.400416368735061e-01 
 2.737189443904618e-08  6.390065965398144e-01 
 2.739189443904618e-08  6.379736230432059e-01 
 2.741189443904618e-08  6.369427122482615e-01 
 2.743189443904618e-08  6.359138600442621e-01 
 2.745189443904618e-08  6.348870623122960e-01 
 2.747189443904618e-08  6.338623149580368e-01 
 2.749189443904618e-08  6.328396138790146e-01 
 2.751189443904618e-08  6.318189549972300e-01 
 2.753189443904618e-08  6.308003342265885e-01 
 2.755189443904618e-08  6.297837475053534e-01 
 2.757189443904618e-08  6.287691907637405e-01 
 2.759189443904618e-08  6.277566599562101e-01 
 2.761189443904618e-08  6.267461510292237e-01 
 2.763189443904618e-08  6.257376599533740e-01 
 2.765189443904618e-08  6.247311826913032e-01 
 2.767189443904617e-08  6.237267152296722e-01 
 2.769189443904617e-08  6.227242535472386e-01 
 2.771189443904617e-08  6.217237936466679e-01 
 2.773189443904617e-08  6.207253315227697e-01 
 2.775189443904617e-08  6.197288631941495e-01 
 2.777189443904617e-08  6.187343846716045e-01 
 2.779189443904617e-08  6.177418919896174e-01 
 2.781189443904617e-08  6.167513811749086e-01 
 2.783189443904617e-08  6.157628482777744e-01 
 2.785189443904617e-08  6.147762893407953e-01 
 2.787189443904617e-08  6.137917004300182e-01 
 2.789189443904617e-08  6.128090776038203e-01 
 2.791189443904617e-08  6.118284169439364e-01 
 2.793189443904617e-08  6.108497145244778e-01 
 2.795189443904617e-08  6.098729664428036e-01 
 2.797189443904617e-08  6.088981687886963e-01 
 2.799189443904617e-08  6.079253176750783e-01 
 2.801189443904617e-08  6.069544092073399e-01 
 2.803189443904617e-08  6.059854395139048e-01 
 2.805189443904617e-08  6.050184047157088e-01 
 2.807189443904617e-08  6.040533009566147e-01 
 2.809189443904616e-08  6.030901243730425e-01 
 2.811189443904616e-08  6.021288711242322e-01 
 2.813189443904616e-08  6.011695373620263e-01 
 2.815189443904616e-08  6.002121192609808e-01 
 2.817189443904616e-08  5.992566129882984e-01 
 2.819189443904616e-08  5.983030147337904e-01 
 2.821189443904616e-08  5.973513206799591e-01 
 2.823189443904616e-08  5.964015270318100e-01 
 2.825189443904616e-08  5.954536299870831e-01 
 2.827189443904616e-08  5.945076257659179e-01 
 2.829189443904616e-08  5.935635105812318e-01 
 2.831189443904616e-08  5.926212806682373e-01 
 2.833189443904616e-08  5.916809322549685e-01 
 2.835189443904616e-08  5.907424615916517e-01 
 2.837189443904616e-08  5.898058649213768e-01 
 2.839189443904616e-08  5.888711385093237e-01 
 2.841189443904616e-08  5.879382786135786e-01 
 2.843189443904616e-08  5.870072815142151e-01 
 2.845189443904616e-08  5.860781434842561e-01 
 2.847189443904616e-08  5.851508608186096e-01 
 2.849189443904615e-08  5.842254298051743e-01 
 2.851189443904615e-08  5.833018467536341e-01 
 2.853189443904615e-08  5.823801079667053e-01 
 2.855189443904615e-08  5.814602097687880e-01 
 2.857189443904615e-08  5.805421484773570e-01 
 2.859189443904615e-08  5.796259204314693e-01 
 2.861189443904615e-08  5.787115219632990e-01 
 2.863189443904615e-08  5.777989494265030e-01 
 2.865189443904615e-08  5.768881991678958e-01 
 2.867189443904615e-08  5.759792675556751e-01 
 2.869189443904615e-08  5.750721509512376e-01 
 2.871189443904615e-08  5.741668457372641e-01 
 2.873189443904615e-08  5.732633482896750e-01 
 2.875189443904615e-08  5.723616550055767e-01 
 2.877189443904615e-08  5.714617622753555e-01 
 2.879189443904615e-08  5.705636665104854e-01 
 2.881189443904615e-08  5.696673641157611e-01 
 2.883189443904615e-08  5.687728515169671e-01 
 2.885189443904615e-08  5.678801251332485e-01 
 2.887189443904615e-08  5.669891814046435e-01 
 2.889189443904615e-08  5.661000167645904e-01 
 2.891189443904614e-08  5.652126276673241e-01 
 2.893189443904614e-08  5.643270105605189e-01 
 2.895189443904614e-08  5.634431619125501e-01 
 2.897189443904614e-08  5.625610781852717e-01 
 2.899189443904614e-08  5.616807558611420e-01 
 2.901189443904614e-08  5.608021914161382e-01 
 2.903189443904614e-08  5.599253813467462e-01 
 2.905189443904614e-08  5.590503221430092e-01 
 2.907189443904614e-08  5.581770103153849e-01 
 2.909189443904614e-08  5.573054423679272e-01 
 2.911189443904614e-08  5.564356148250094e-01 
 2.913189443904614e-08  5.555675242046391e-01 
 2.915189443904614e-08  5.547011670450502e-01 
 2.917189443904614e-08  5.538365398781497e-01 
 2.919189443904614e-08  5.529736392559765e-01 
 2.921189443904614e-08  5.521124617242804e-01 
 2.923189443904614e-08  5.512530038488508e-01 
 2.925189443904614e-08  5.503952621892246e-01 
 2.927189443904614e-08  5.495392333248864e-01 
 2.929189443904614e-08  5.486849138291069e-01 
 2.931189443904614e-08  5.478323002950111e-01 
 2.933189443904613e-08  5.469813893095473e-01 
 2.935189443904613e-08  5.461321774794271e-01 
 2.937189443904613e-08  5.452846614052221e-01 
 2.939189443904613e-08  5.444388377071758e-01 
 2.941189443904613e-08  5.435947029994291e-01 
 2.943189443904613e-08  5.427522539157037e-01 
 2.945189443904613e-08  5.419114870836551e-01 
 2.947189443904613e-08  5.410723991504295e-01 
 2.949189443904613e-08  5.402349867571431e-01 
 2.951189443904613e-08  5.393992465643128e-01 
 2.953189443904613e-08  5.385651752264625e-01 
 2.955189443904613e-08  5.377327694174268e-01 
 2.957189443904613e-08  5.369020258050828e-01 
 2.959189443904613e-08  5.360729410765298e-01 
 2.961189443904613e-08  5.352455119129452e-01 
 2.963189443904613e-08  5.344197350146397e-01 
 2.965189443904613e-08  5.335956070760379e-01 
 2.967189443904613e-08  5.327731248106093e-01 
 2.969189443904613e-08  5.319522849259732e-01 
 2.971189443904613e-08  5.311330841487053e-01 
 2.973189443904613e-08  5.303155191995667e-01 
 2.975189443904612e-08  5.294995868181872e-01 
 2.977189443904612e-08  5.286852837384169e-01 
 2.979189443904612e-08  5.278726067128882e-01 
 2.981189443904612e-08  5.270615524884880e-01 
 2.983189443904613e-08  5.262521178307986e-01 
 2.985189443904613e-08  5.254442994996920e-01 
 2.987189443904613e-08  5.246380942736490e-01 
 2.989189443904613e-08  5.238334989254748e-01 
 2.991189443904614e-08  5.230305102464977e-01 
 2.993189443904614e-08  5.222291250224039e-01 
 2.995189443904614e-08  5.214293400573180e-01 
 2.997189443904615e-08  5.206311521497562e-01 
 2.999189443904615e-08  5.198345581165876e-01 
 3.001189443904615e-08  5.190395547691076e-01 
 3.003189443904615e-08  5.182461389368795e-01 
 3.005189443904616e-08  5.174543074439265e-01 
 3.007189443904616e-08  5.166640571324551e-01 
 3.009189443904616e-08  5.158753848391652e-01 
 3.011189443904617e-08  5.150882874188569e-01 
 3.013189443904617e-08  5.143027617208566e-01 
 3.015189443904617e-08  5.135188046125073e-01 
 3.017189443904617e-08  5.127364129557110e-01 
 3.019189443904618e-08  5.119555836303036e-01 
 3.021189443904618e-08  5.111763135107130e-01 
 3.023189443904618e-08  5.103985994892181e-01 
 3.025189443904619e-08  5.096224384527225e-01 
 3.027189443904619e-08  5.088478273058988e-01 
 3.029189443904619e-08  5.080747629480766e-01 
 3.031189443904619e-08  5.073032422962721e-01 
 3.033189443904620e-08  5.065332622621912e-01 
 3.035189443904620e-08  5.057648197751453e-01 
 3.037189443904620e-08  5.049979117591673e-01 
 3.039189443904621e-08  5.042325351558138e-01 
 3.041189443904621e-08  5.034686869013956e-01 
 3.043189443904621e-08  5.027063639496671e-01 
 3.045189443904621e-08  5.019455632491675e-01 
 3.047189443904622e-08  5.011862817657988e-01 
 3.049189443904622e-08  5.004285164602803e-01 
 3.051189443904622e-08  4.996722643106142e-01 
 3.053189443904622e-08  4.989175222896509e-01 
 3.055189443904623e-08  4.981642873874443e-01 
 3.057189443904623e-08  4.974125565889276e-01 
 3.059189443904623e-08  4.966623268961583e-01 
 3.061189443904624e-08  4.959135953061045e-01 
 3.063189443904624e-08  4.951663588327791e-01 
 3.065189443904624e-08  4.944206144851366e-01 
 3.067189443904624e-08  4.936763592890981e-01 
 3.069189443904625e-08  4.929335902655568e-01 
 3.071189443904625e-08  4.921923044522944e-01 
 3.073189443904625e-08  4.914524988820953e-01 
 3.075189443904626e-08  4.907141706045546e-01 
 3.077189443904626e-08  4.899773166642999e-01 
 3.079189443904626e-08  4.892419341226925e-01 
 3.081189443904626e-08  4.885080200361562e-01 
 3.083189443904627e-08  4.877755714777716e-01 
 3.085189443904627e-08  4.870445855157121e-01 
 3.087189443904627e-08  4.863150592347308e-01 
 3.089189443904628e-08  4.855869897147033e-01 
 3.091189443904628e-08  4.848603740520083e-01 
 3.093189443904628e-08  4.841352093381772e-01 
 3.095189443904628e-08  4.834114926811685e-01 
 3.097189443904629e-08  4.826892211841226e-01 
 3.099189443904629e-08  4.819683919665313e-01 
 3.101189443904629e-08  4.812490021430977e-01 
 3.103189443904630e-08  4.805310488448014e-01 
 3.105189443904630e-08  4.798145291978620e-01 
 3.107189443904630e-08  4.790994403447003e-01 
 3.109189443904630e-08  4.783857794230068e-01 
 3.111189443904631e-08  4.776735435865983e-01 
 3.113189443904631e-08  4.769627299845900e-01 
 3.115189443904631e-08  4.762533357821496e-01 
 3.117189443904632e-08  4.755453581397713e-01 
 3.119189443904632e-08  4.748387942339281e-01 
 3.121189443904632e-08  4.741336412364479e-01 
 3.123189443904632e-08  4.734298963350639e-01 
 3.125189443904633e-08  4.727275567128926e-01 
 3.127189443904633e-08  4.720266195688826e-01 
 3.129189443904633e-08  4.713270820973939e-01 
 3.131189443904634e-08  4.706289415085457e-01 
 3.133189443904634e-08  4.699321950078966e-01 
 3.135189443904634e-08  4.692368398166918e-01 
 3.137189443904634e-08  4.685428731516438e-01 
 3.139189443904635e-08  4.678502922450795e-01 
 3.141189443904635e-08  4.671590943248207e-01 
 3.143189443904635e-08  4.664692766342319e-01 
 3.145189443904635e-08  4.657808364122001e-01 
 3.147189443904636e-08  4.650937709130830e-01 
 3.149189443904636e-08  4.644080773867882e-01 
 3.151189443904636e-08  4.637237530986233e-01 
 3.153189443904637e-08  4.630407953094731e-01 
 3.155189443904637e-08  4.623592012955509e-01 
 3.157189443904637e-08  4.616789683286746e-01 
 3.159189443904637e-08  4.610000936959203e-01 
 3.161189443904638e-08  4.603225746799950e-01 
 3.163189443904638e-08  4.596464085787939e-01 
 3.165189443904638e-08  4.589715926858697e-01 
 3.167189443904639e-08  4.582981243098940e-01 
 3.169189443904639e-08  4.576260007552220e-01 
 3.171189443904639e-08  4.569552193412584e-01 
 3.173189443904639e-08  4.562857773831183e-01 
 3.175189443904640e-08  4.556176722108962e-01 
 3.177189443904640e-08  4.549509011504237e-01 
 3.179189443904640e-08  4.542854615424431e-01 
 3.181189443904641e-08  4.536213507234598e-01 
 3.183189443904641e-08  4.529585660448215e-01 
 3.185189443904641e-08  4.522971048536649e-01 
 3.187189443904641e-08  4.516369645119001e-01 
 3.189189443904642e-08  4.509781423772524e-01 
 3.191189443904642e-08  4.503206358221530e-01 
 3.193189443904642e-08  4.496644422148738e-01 
 3.195189443904643e-08  4.490095589383247e-01 
 3.197189443904643e-08  4.483559833712819e-01 
 3.199189443904643e-08  4.477037129070925e-01 
 3.201189443904643e-08  4.470527449349948e-01 
 3.203189443904644e-08  4.464030768587314e-01 
 3.205189443904644e-08  4.457547060779616e-01 
 3.207189443904644e-08  4.451076300067818e-01 
 3.209189443904645e-08  4.444618460552304e-01 
 3.211189443904645e-08  4.438173516477164e-01 
 3.213189443904645e-08  4.431741442046158e-01 
 3.215189443904645e-08  4.425322211606091e-01 
 3.217189443904646e-08  4.418915799463691e-01 
 3.219189443904646e-08  4.412522180068068e-01 
 3.221189443904646e-08  4.406141327828495e-01 
 3.223189443904647e-08  4.399773217295986e-01 
 3.225189443904647e-08  4.393417822981963e-01 
 3.227189443904647e-08  4.387075119538922e-01 
 3.229189443904647e-08  4.380745081580020e-01 
 3.231189443904648e-08  4.374427683858849e-01 
 3.233189443904648e-08  4.368122901089892e-01 
 3.235189443904648e-08  4.361830708127424e-01 
 3.237189443904648e-08  4.355551079786851e-01 
 3.239189443904649e-08  4.349283991022731e-01 
 3.241189443904649e-08  4.343029416750996e-01 
 3.243189443904649e-08  4.336787332026082e-01 
 3.245189443904650e-08  4.330557711864042e-01 
 3.247189443904650e-08  4.324340531418799e-01 
 3.249189443904650e-08  4.318135765806126e-01 
 3.251189443904650e-08  4.311943390279035e-01 
 3.253189443904651e-08  4.305763380052620e-01 
 3.255189443904651e-08  4.299595710478584e-01 
 3.257189443904651e-08  4.293440356870951e-01 
 3.259189443904652e-08  4.287297294679723e-01 
 3.261189443904652e-08  4.281166499317454e-01 
 3.263189443904652e-08  4.275047946332052e-01 
 3.265189443904652e-08  4.268941611234212e-01 
 3.267189443904653e-08  4.262847469669357e-01 
 3.269189443904653e-08  4.256765497245932e-01 
 3.271189443904653e-08  4.250695669706485e-01 
 3.273189443904654e-08  4.244637962756810e-01 
 3.275189443904654e-08  4.238592352236202e-01 
 3.277189443904654e-08  4.232558813947426e-01 
 3.279189443904654e-08  4.226537323826128e-01 
 3.281189443904655e-08  4.220527857771657e-01 
 3.283189443904655e-08  4.214530391815625e-01 
 3.285189443904655e-08  4.208544901953574e-01 
 3.287189443904656e-08  4.202571364312710e-01 
 3.289189443904656e-08  4.196609754984383e-01 
 3.291189443904656e-08  4.190660050191007e-01 
 3.293189443904656e-08  4.184722226119362e-01 
 3.295189443904657e-08  4.178796259086685e-01 
 3.297189443904657e-08  4.172882125374805e-01 
 3.299189443904657e-08  4.166979801395409e-01 
 3.301189443904658e-08  4.161089263524992e-01 
 3.303189443904658e-08  4.155210488269314e-01 
 3.305189443904658e-08  4.149343452099163e-01 
 3.307189443904658e-08  4.143488131613994e-01 
 3.309189443904659e-08  4.137644503378508e-01 
 3.311189443904659e-08  4.131812544085484e-01 
 3.313189443904659e-08  4.125992230393165e-01 
 3.315189443904660e-08  4.120183539087279e-01 
 3.317189443904660e-08  4.114386446919233e-01 
 3.319189443904660e-08  4.108600930767338e-01 
 3.321189443904660e-08  4.102826967475796e-01 
 3.323189443904661e-08  4.097064534015124e-01 
 3.325189443904661e-08  4.091313607321950e-01 
 3.327189443904661e-08  4.085574164458636e-01 
 3.329189443904661e-08  4.079846182453866e-01 
 3.331189443904662e-08  4.074129638461479e-01 
 3.333189443904662e-08  4.068424509601843e-01 
 3.335189443904662e-08  4.062730773119914e-01 
 3.337189443904663e-08  4.057048406227376e-01 
 3.339189443904663e-08  4.051377386259934e-01 
 3.341189443904663e-08  4.045717690520232e-01 
 3.343189443904663e-08  4.040069296434363e-01 
 3.345189443904664e-08  4.034432181395566e-01 
 3.347189443904664e-08  4.028806322919955e-01 
 3.349189443904664e-08  4.023191698491003e-01 
 3.351189443904665e-08  4.017588285714493e-01 
 3.353189443904665e-08  4.011996062163771e-01 
 3.355189443904665e-08  4.006415005533929e-01 
 3.357189443904665e-08  4.000845093487825e-01 
 3.359189443904666e-08  3.995286303809507e-01 
 3.361189443904666e-08  3.989738614250987e-01 
 3.363189443904666e-08  3.984202002684912e-01 
 3.365189443904667e-08  3.978676446952097e-01 
 3.367189443904667e-08  3.973161925013435e-01 
 3.369189443904667e-08  3.967658414798184e-01 
 3.371189443904667e-08  3.962165894355129e-01 
 3.373189443904668e-08  3.956684341701625e-01 
 3.375189443904668e-08  3.951213734974002e-01 
 3.377189443904668e-08  3.945754052277350e-01 
 3.379189443904669e-08  3.940305271835194e-01 
 3.381189443904669e-08  3.934867371840018e-01 
 3.383189443904669e-08  3.929440330602193e-01 
 3.385189443904669e-08  3.924024126401244e-01 
 3.387189443904670e-08  3.918618737634043e-01 
 3.389189443904670e-08  3.913224142666809e-01 
 3.391189443904670e-08  3.907840319982570e-01 
 3.393189443904671e-08  3.902467248033892e-01 
 3.395189443904671e-08  3.897104905389615e-01 
 3.397189443904671e-08  3.891753270588310e-01 
 3.399189443904671e-08  3.886412322284286e-01 
 3.401189443904672e-08  3.881082039101774e-01 
 3.403189443904672e-08  3.875762399780214e-01 
 3.405189443904672e-08  3.870453383029154e-01 
 3.407189443904673e-08  3.865154967672820e-01 
 3.409189443904673e-08  3.859867132505741e-01 
 3.411189443904673e-08  3.854589856436595e-01 
 3.413189443904673e-08  3.849323118344549e-01 
 3.415189443904674e-08  3.844066897222395e-01 
 3.417189443904674e-08  3.838821172033600e-01 
 3.419189443904674e-08  3.833585921854737e-01 
 3.421189443904674e-08  3.828361125733236e-01 
 3.423189443904675e-08  3.823146762829114e-01 
 3.425189443904675e-08  3.817942812273432e-01 
 3.427189443904675e-08  3.812749253309319e-01 
 3.429189443904676e-08  3.807566065151129e-01 
 3.431189443904676e-08  3.802393227124776e-01 
 3.433189443904676e-08  3.797230718527574e-01 
 3.435189443904676e-08  3.792078518767886e-01 
 3.437189443904677e-08  3.786936607225663e-01 
 3.439189443904677e-08  3.781804963391386e-01 
 3.441189443904677e-08  3.776683566727306e-01 
 3.443189443904678e-08  3.771572396805700e-01 
 3.445189443904678e-08  3.766471433170795e-01 
 3.447189443904678e-08  3.761380655476335e-01 
 3.449189443904678e-08  3.756300043348192e-01 
 3.451189443904679e-08  3.751229576521255e-01 
 3.453189443904679e-08  3.746169234702714e-01 
 3.455189443904679e-08  3.741118997708275e-01 
 3.457189443904680e-08  3.736078845326130e-01 
 3.459189443904680e-08  3.731048757452480e-01 
 3.461189443904680e-08  3.726028713956187e-01 
 3.463189443904680e-08  3.721018694813631e-01 
 3.465189443904681e-08  3.716018679974024e-01 
 3.467189443904681e-08  3.711028649493602e-01 
 3.469189443904681e-08  3.706048583401607e-01 
 3.471189443904682e-08  3.701078461833813e-01 
 3.473189443904682e-08  3.696118264899171e-01 
 3.475189443904682e-08  3.691167972812678e-01 
 3.477189443904682e-08  3.686227565762678e-01 
 3.479189443904683e-08  3.681297024043069e-01 
 3.481189443904683e-08  3.676376327921271e-01 
 3.483189443904683e-08  3.671465457769775e-01 
 3.485189443904684e-08  3.666564393934759e-01 
 3.487189443904684e-08  3.661673116866992e-01 
 3.489189443904684e-08  3.656791606991094e-01 
 3.491189443904684e-08  3.651919844835802e-01 
 3.493189443904685e-08  3.647057810903869e-01 
 3.495189443904685e-08  3.642205485801681e-01 
 3.497189443904685e-08  3.637362850109813e-01 
 3.499189443904686e-08  3.632529884511997e-01 
 3.501189443904686e-08  3.627706569666317e-01 
 3.503189443904686e-08  3.622892886333542e-01 
 3.505189443904686e-08  3.618088815248953e-01 
 3.507189443904687e-08  3.613294337250050e-01 
 3.509189443904687e-08  3.608509433149006e-01 
 3.511189443904687e-08  3.603734083859741e-01 
 3.513189443904687e-08  3.598968270271014e-01 
 3.515189443904688e-08  3.594211973372862e-01 
 3.517189443904688e-08  3.589465174130326e-01 
 3.519189443904688e-08  3.584727853609258e-01 
 3.521189443904689e-08  3.579999992850671e-01 
 3.523189443904689e-08  3.575281572995930e-01 
 3.525189443904689e-08  3.570572575161720e-01 
 3.527189443904689e-08  3.565872980564614e-01 
 3.529189443904690e-08  3.561182770396671e-01 
 3.531189443904690e-08  3.556501925949374e-01 
 3.533189443904690e-08  3.551830428489847e-01 
 3.535189443904691e-08  3.547168259384186e-01 
 3.537189443904691e-08  3.542515399974287e-01 
 3.539189443904691e-08  3.537871831700560e-01 
 3.541189443904691e-08  3.533237535979369e-01 
 3.543189443904692e-08  3.528612494325146e-01 
 3.545189443904692e-08  3.523996688228426e-01 
 3.547189443904692e-08  3.519390099277364e-01 
 3.549189443904693e-08  3.514792709036372e-01 
 3.551189443904693e-08  3.510204499167034e-01 
 3.553189443904693e-08  3.505625451307346e-01 
 3.555189443904693e-08  3.501055547192027e-01 
 3.557189443904694e-08  3.496494768532363e-01 
 3.559189443904694e-08  3.491943097135917e-01 
 3.561189443904694e-08  3.487400514786971e-01 
 3.563189443904695e-08  3.482867003365643e-01 
 3.565189443904695e-08  3.478342544728917e-01 
 3.567189443904695e-08  3.473827120829177e-01 
 3.569189443904695e-08  3.469320713595823e-01 
 3.571189443904696e-08  3.464823305053212e-01 
 3.573189443904696e-08  3.460334877202872e-01 
 3.575189443904696e-08  3.455855412140852e-01 
 3.577189443904697e-08  3.451384891940516e-01 
 3.579189443904697e-08  3.446923298769313e-01 
 3.581189443904697e-08  3.442470614772162e-01 
 3.583189443904697e-08  3.438026822187633e-01 
 3.585189443904698e-08  3.433591903231904e-01 
 3.587189443904698e-08  3.429165840214383e-01 
 3.589189443904698e-08  3.424748615422230e-01 
 3.591189443904699e-08  3.420340211235403e-01 
 3.593189443904699e-08  3.415940610011762e-01 
 3.595189443904699e-08  3.411549794201535e-01 
 3.597189443904699e-08  3.407167746232998e-01 
 3.599189443904700e-08  3.402794448626373e-01 
 3.601189443904700e-08  3.398429883880067e-01 
 3.603189443904700e-08  3.394074034584013e-01 
 3.605189443904700e-08  3.389726883306473e-01 
 3.607189443904701e-08  3.385388412706817e-01 
 3.609189443904701e-08  3.381058605422881e-01 
 3.611189443904701e-08  3.376737444183190e-01 
 3.613189443904702e-08  3.372424911694879e-01 
 3.615189443904702e-08  3.368120990755354e-01 
 3.617189443904702e-08  3.363825664140773e-01 
 3.619189443904702e-08  3.359538914717148e-01 
 3.621189443904703e-08  3.355260725329384e-01 
 3.623189443904703e-08  3.350991078911824e-01 
 3.625189443904703e-08  3.346729958377841e-01 
 3.627189443904704e-08  3.342477346729842e-01 
 3.629189443904704e-08  3.338233226949401e-01 
 3.631189443904704e-08  3.333997582106711e-01 
 3.633189443904704e-08  3.329770395251271e-01 
 3.635189443904705e-08  3.325551649520795e-01 
 3.637189443904705e-08  3.321341328032433e-01 
 3.639189443904705e-08  3.317139413991151e-01 
 3.641189443904706e-08  3.312945890581486e-01 
 3.643189443904706e-08  3.308760741075382e-01 
 3.645189443904706e-08  3.304583948724493e-01 
 3.647189443904706e-08  3.300415496867478e-01 
 3.649189443904707e-08  3.296255368822835e-01 
 3.651189443904707e-08  3.292103547995675e-01 
 3.653189443904707e-08  3.287960017771077e-01 
 3.655189443904708e-08  3.283824761620329e-01 
 3.657189443904708e-08  3.279697762994830e-01 
 3.659189443904708e-08  3.275579005431792e-01 
 3.661189443904708e-08  3.271468472448659e-01 
 3.663189443904709e-08  3.267366147648297e-01 
 3.665189443904709e-08  3.263272014613939e-01 
 3.667189443904709e-08  3.259186057013849e-01 
 3.669189443904710e-08  3.255108258496781e-01 
 3.671189443904710e-08  3.251038602796132e-01 
 3.673189443904710e-08  3.246977073625922e-01 
 3.675189443904710e-08  3.242923654784419e-01 
 3.677189443904711e-08  3.238878330050645e-01 
 3.679189443904711e-08  3.234841083287486e-01 
 3.681189443904711e-08  3.230811898338705e-01 
 3.683189443904712e-08  3.226790759131544e-01 
 3.685189443904712e-08  3.222777649574252e-01 
 3.687189443904712e-08  3.218772553658173e-01 
 3.689189443904712e-08  3.214775455355783e-01 
 3.691189443904713e-08  3.210786338722270e-01 
 3.693189443904713e-08  3.206805187794078e-01 
 3.695189443904713e-08  3.202831986689990e-01 
 3.697189443904713e-08  3.198866719510165e-01 
 3.699189443904714e-08  3.194909370436721e-01 
 3.701189443904714e-08  3.190959923633278e-01 
 3.703189443904714e-08  3.187018363345039e-01 
 3.705189443904715e-08  3.183084673798832e-01 
 3.707189443904715e-08  3.179158839302693e-01 
 3.709189443904715e-08  3.175240844146403e-01 
 3.711189443904715e-08  3.171330672700583e-01 
 3.713189443904716e-08  3.167428309317720e-01 
 3.715189443904716e-08  3.163533738430764e-01 
 3.717189443904716e-08  3.159646944454654e-01 
 3.719189443904717e-08  3.155767911884429e-01 
 3.721189443904717e-08  3.151896625197232e-01 
 3.723189443904717e-08  3.148033068949935e-01 
 3.725189443904717e-08  3.144177227681639e-01 
 3.727189443904718e-08  3.140329086010807e-01 
 3.729189443904718e-08  3.136488628538249e-01 
 3.731189443904718e-08  3.132655839943770e-01 
 3.733189443904719e-08  3.128830704889642e-01 
 3.735189443904719e-08  3.125013208116775e-01 
 3.737189443904719e-08  3.121203334348656e-01 
 3.739189443904719e-08  3.117401068387048e-01 
 3.741189443904720e-08  3.113606395016413e-01 
 3.743189443904720e-08  3.109819299099127e-01 
 3.745189443904720e-08  3.106039765480382e-01 
 3.747189443904721e-08  3.102267779082928e-01 
 3.749189443904721e-08  3.098503324812441e-01 
 3.751189443904721e-08  3.094746387651800e-01 
 3.753189443904721e-08  3.090996952566930e-01 
 3.755189443904722e-08  3.087255004600601e-01 
 3.757189443904722e-08  3.083520528778741e-01 
 3.759189443904722e-08  3.079793510203775e-01 
 3.761189443904723e-08  3.076073933961397e-01 
 3.763189443904723e-08  3.072361785213444e-01 
 3.765189443904723e-08  3.068657049105137e-01 
 3.767189443904723e-08  3.064959710857492e-01 
 3.769189443904724e-08  3.061269755675018e-01 
 3.771189443904724e-08  3.057587168837673e-01 
 3.773189443904724e-08  3.053911935609021e-01 
 3.775189443904725e-08  3.050244041327723e-01 
 3.777189443904725e-08  3.046583471316162e-01 
 3.779189443904725e-08  3.042930210971471e-01 
 3.781189443904725e-08  3.039284245674614e-01 
 3.783189443904726e-08  3.035645560880968e-01 
 3.785189443904726e-08  3.032014142029842e-01 
 3.787189443904726e-08  3.028389974634618e-01 
 3.789189443904726e-08  3.024773044192722e-01 
 3.791189443904727e-08  3.021163336275313e-01 
 3.793189443904727e-08  3.017560836437700e-01 
 3.795189443904727e-08  3.013965530308584e-01 
 3.797189443904728e-08  3.010377403500932e-01 
 3.799189443904728e-08  3.006796441700760e-01 
 3.801189443904728e-08  3.003222630578453e-01 
 3.803189443904728e-08  2.999655955877116e-01 
 3.805189443904729e-08  2.996096403324327e-01 
 3.807189443904729e-08  2.992543958720052e-01 
 3.809189443904729e-08  2.988998607848835e-01 
 3.811189443904730e-08  2.985460336567272e-01 
 3.813189443904730e-08  2.981929130716646e-01 
 3.815189443904730e-08  2.978404976209960e-01 
 3.817189443904730e-08  2.974887858945006e-01 
 3.819189443904731e-08  2.971377764890972e-01 
 3.821189443904731e-08  2.967874680001935e-01 
 3.823189443904731e-08  2.964378590303037e-01 
 3.825189443904732e-08  2.960889481804418e-01 
 3.827189443904732e-08  2.957407340586957e-01 
 3.829189443904732e-08  2.953932152716630e-01 
 3.831189443904732e-08  2.950463904329827e-01 
 3.833189443904733e-08  2.947002581548139e-01 
 3.835189443904733e-08  2.943548170563249e-01 
 3.837189443904733e-08  2.940100657552137e-01 
 3.839189443904734e-08  2.936660028761556e-01 
 3.841189443904734e-08  2.933226270423662e-01 
 3.843189443904734e-08  2.929799368840057e-01 
 3.845189443904734e-08  2.926379310297846e-01 
 3.847189443904735e-08  2.922966081153265e-01 
 3.849189443904735e-08  2.919559667748149e-01 
 3.851189443904735e-08  2.916160056493147e-01 
 3.853189443904736e-08  2.912767233784611e-01 
 3.855189443904736e-08  2.909381186087386e-01 
 3.857189443904736e-08  2.906001899852119e-01 
 3.859189443904736e-08  2.902629361597637e-01 
 3.861189443904737e-08  2.899263557828662e-01 
 3.863189443904737e-08  2.895904475117791e-01 
 3.865189443904737e-08  2.892552100023610e-01 
 3.867189443904738e-08  2.889206419172266e-01 
 3.869189443904738e-08  2.885867419175991e-01 
 3.871189443904738e-08  2.882535086714270e-01 
 3.873189443904738e-08  2.879209408452771e-01 
 3.875189443904739e-08  2.875890371124105e-01 
 3.877189443904739e-08  2.872577961447159e-01 
 3.879189443904739e-08  2.869272166207458e-01 
 3.881189443904739e-08  2.865972972176896e-01 
 3.883189443904740e-08  2.862680366193698e-01 
 3.885189443904740e-08  2.859394335082560e-01 
 3.887189443904740e-08  2.856114865734197e-01 
 3.889189443904741e-08  2.852841945025887e-01 
 3.891189443904741e-08  2.849575559900633e-01 
 3.893189443904741e-08  2.846315697288089e-01 
 3.895189443904741e-08  2.843062344183329e-01 
 3.897189443904742e-08  2.839815487568174e-01 
 3.899189443904742e-08  2.836575114489567e-01 
 3.901189443904742e-08  2.833341211981288e-01 
 3.903189443904743e-08  2.830113767141937e-01 
 3.905189443904743e-08  2.826892767057046e-01 
 3.907189443904743e-08  2.823678198876670e-01 
 3.909189443904743e-08  2.820470049737885e-01 
 3.911189443904744e-08  2.817268306841996e-01 
 3.913189443904744e-08  2.814072957377416e-01 
 3.915189443904744e-08  2.810883988596495e-01 
 3.917189443904745e-08  2.807701387738780e-01 
 3.919189443904745e-08  2.804525142107461e-01 
 3.921189443904745e-08  2.801355238993015e-01 
 3.923189443904745e-08  2.798191665749270e-01 
 3.925189443904746e-08  2.795034409717431e-01 
 3.927189443904746e-08  2.791883458301760e-01 
 3.929189443904746e-08  2.788738798893987e-01 
 3.931189443904747e-08  2.785600418948609e-01 
 3.933189443904747e-08  2.782468305907679e-01 
 3.935189443904747e-08  2.779342447275728e-01 
 3.937189443904747e-08  2.776222830544930e-01 
 3.939189443904748e-08  2.773109443269653e-01 
 3.941189443904748e-08  2.770002272991990e-01 
 3.943189443904748e-08  2.766901307315945e-01 
 3.945189443904749e-08  2.763806533833336e-01 
 3.947189443904749e-08  2.760717940197605e-01 
 3.949189443904749e-08  2.757635514050091e-01 
 3.951189443904749e-08  2.754559243093477e-01 
 3.953189443904750e-08  2.751489115018432e-01 
 3.955189443904750e-08  2.748425117576681e-01 
 3.957189443904750e-08  2.745367238508023e-01 
 3.959189443904751e-08  2.742315465613034e-01 
 3.961189443904751e-08  2.739269786680443e-01 
 3.963189443904751e-08  2.736230189559480e-01 
 3.965189443904751e-08  2.733196662087615e-01 
 3.967189443904752e-08  2.730169192162537e-01 
 3.969189443904752e-08  2.727147767670258e-01 
 3.971189443904752e-08  2.724132376556735e-01 
 3.973189443904752e-08  2.721123006756331e-01 
 3.975189443904753e-08  2.718119646263077e-01 
 3.977189443904753e-08  2.715122283059491e-01 
 3.979189443904753e-08  2.712130905187486e-01 
 3.981189443904754e-08  2.709145500677546e-01 
 3.983189443904754e-08  2.706166057619276e-01 
 3.985189443904754e-08  2.703192564090935e-01 
 3.987189443904754e-08  2.700225008229628e-01 
 3.989189443904755e-08  2.697263378161193e-01 
 3.991189443904755e-08  2.694307662070051e-01 
 3.993189443904755e-08  2.691357848129432e-01 
 3.995189443904756e-08  2.688413924570881e-01 
 3.997189443904756e-08  2.685475879614829e-01 
 3.999189443904756e-08  2.682543701539755e-01 
 4.001189443904756e-08  2.679617378613108e-01 
 4.003189443904757e-08  2.676696899160117e-01 
 4.005189443904757e-08  2.673782251495055e-01 
 4.007189443904757e-08  2.670873423989716e-01 
 4.009189443904758e-08  2.667970405005011e-01 
 4.011189443904758e-08  2.665073182959108e-01 
 4.013189443904758e-08  2.662181746259374e-01 
 4.015189443904758e-08  2.659296083370170e-01 
 4.017189443904759e-08  2.656416182745132e-01 
 4.019189443904759e-08  2.653542032894625e-01 
 4.021189443904759e-08  2.650673622318370e-01 
 4.023189443904760e-08  2.647810939572559e-01 
 4.025189443904760e-08  2.644953973202809e-01 
 4.027189443904760e-08  2.642102711810952e-01 
 4.029189443904760e-08  2.639257143988326e-01 
 4.031189443904761e-08  2.636417258382220e-01 
 4.033189443904761e-08  2.633583043629505e-01 
 4.035189443904761e-08  2.630754488422750e-01 
 4.037189443904762e-08  2.627931581444177e-01 
 4.039189443904762e-08  2.625114311431451e-01 
 4.041189443904762e-08  2.622302667111968e-01 
 4.043189443904762e-08  2.619496637268309e-01 
 4.045189443904763e-08  2.616696210672861e-01 
 4.047189443904763e-08  2.613901376152944e-01 
 4.049189443904763e-08  2.611112122525758e-01 
 4.051189443904764e-08  2.608328438663179e-01 
 4.053189443904764e-08  2.605550313427039e-01 
 4.055189443904764e-08  2.602777735733602e-01 
 4.057189443904764e-08  2.600010694489152e-01 
 4.059189443904765e-08  2.597249178654155e-01 
 4.061189443904765e-08  2.594493177179173e-01 
 4.063189443904765e-08  2.591742679068703e-01 
 4.065189443904765e-08  2.588997673317407e-01 
 4.067189443904766e-08  2.586258148973635e-01 
 4.069189443904766e-08  2.583524095075973e-01 
 4.071189443904766e-08  2.580795500716448e-01 
 4.073189443904767e-08  2.578072354977397e-01 
 4.075189443904767e-08  2.575354646994349e-01 
 4.077189443904767e-08  2.572642365893219e-01 
 4.079189443904767e-08  2.569935500852865e-01 
 4.081189443904768e-08  2.567234041042599e-01 
 4.083189443904768e-08  2.564537975684441e-01 
 4.085189443904768e-08  2.561847293990928e-01 
 4.087189443904769e-08  2.559161985227068e-01 
 4.089189443904769e-08  2.556482038648452e-01 
 4.091189443904769e-08  2.553807443562900e-01 
 4.093189443904769e-08  2.551138189268888e-01 
 4.095189443904770e-08  2.548474265116878e-01 
 4.097189443904770e-08  2.545815660448060e-01 
 4.099189443904770e-08  2.543162364655369e-01 
 4.101189443904771e-08  2.540514367122533e-01 
 4.103189443904771e-08  2.537871657284794e-01 
 4.105189443904771e-08  2.535234224568253e-01 
 4.107189443904771e-08  2.532602058450284e-01 
 4.109189443904772e-08  2.529975148399191e-01 
 4.111189443904772e-08  2.527353483934315e-01 
 4.113189443904772e-08  2.524737054565994e-01 
 4.115189443904773e-08  2.522125849855372e-01 
 4.117189443904773e-08  2.519519859354651e-01 
 4.119189443904773e-08  2.516919072666607e-01 
 4.121189443904773e-08  2.514323479385142e-01 
 4.123189443904774e-08  2.511733069154498e-01 
 4.125189443904774e-08  2.509147831610112e-01 
 4.127189443904774e-08  2.506567756437527e-01 
 4.129189443904775e-08  2.503992833313545e-01 
 4.131189443904775e-08  2.501423051964848e-01 
 4.133189443904775e-08  2.498858402109440e-01 
 4.135189443904775e-08  2.496298873514974e-01 
 4.137189443904776e-08  2.493744455940491e-01 
 4.139189443904776e-08  2.491195139194456e-01 
 4.141189443904776e-08  2.488650913076783e-01 
 4.143189443904777e-08  2.486111767436584e-01 
 4.145189443904777e-08  2.483577692114482e-01 
 4.147189443904777e-08  2.481048677000073e-01 
 4.149189443904777e-08  2.478524711974530e-01 
 4.151189443904778e-08  2.476005786967772e-01 
 4.153189443904778e-08  2.473491891901357e-01 
 4.155189443904778e-08  2.470983016745367e-01 
 4.157189443904778e-08  2.468479151461584e-01 
 4.159189443904779e-08  2.465980286060093e-01 
 4.161189443904779e-08  2.463486410542741e-01 
 4.163189443904779e-08  2.460997514959457e-01 
 4.165189443904780e-08  2.458513589351989e-01 
 4.167189443904780e-08  2.456034623809950e-01 
 4.169189443904780e-08  2.453560608414835e-01 
 4.171189443904780e-08  2.451091533295782e-01 
 4.173189443904781e-08  2.448627388573872e-01 
 4.175189443904781e-08  2.446168164417610e-01 
 4.177189443904781e-08  2.443713850987509e-01 
 4.179189443904782e-08  2.441264438491284e-01 
 4.181189443904782e-08  2.438819917128716e-01 
 4.183189443904782e-08  2.436380277146576e-01 
 4.185189443904782e-08  2.433945508783758e-01 
 4.187189443904783e-08  2.431515602325935e-01 
 4.189189443904783e-08  2.429090548050961e-01 
 4.191189443904783e-08  2.426670336283247e-01 
 4.193189443904784e-08  2.424254957339452e-01 
 4.195189443904784e-08  2.421844401582576e-01 
 4.197189443904784e-08  2.419438659367925e-01 
 4.199189443904784e-08  2.417037721096937e-01 
 4.201189443904785e-08  2.414641577163409e-01 
 4.203189443904785e-08  2.412250218007063e-01 
 4.205189443904785e-08  2.409863634060035e-01 
 4.207189443904786e-08  2.407481815800176e-01 
 4.209189443904786e-08  2.405104753697809e-01 
 4.211189443904786e-08  2.402732438268761e-01 
 4.213189443904786e-08  2.400364860021392e-01 
 4.215189443904787e-08  2.398002009509355e-01 
 4.217189443904787e-08  2.395643877278890e-01 
 4.219189443904787e-08  2.393290453921327e-01 
 4.221189443904788e-08  2.390941730020637e-01 
 4.223189443904788e-08  2.388597696205672e-01 
 4.225189443904788e-08  2.386258343097989e-01 
 4.227189443904788e-08  2.383923661363813e-01 
 4.229189443904789e-08  2.381593641662130e-01 
 4.231189443904789e-08  2.379268274696393e-01 
 4.233189443904789e-08  2.376947551162867e-01 
 4.235189443904790e-08  2.374631461802084e-01 
 4.237189443904790e-08  2.372319997347443e-01 
 4.239189443904790e-08  2.370013148576405e-01 
 4.241189443904790e-08  2.367710906259353e-01 
 4.243189443904791e-08  2.365413261210529e-01 
 4.245189443904791e-08  2.363120204237156e-01 
 4.247189443904791e-08  2.360831726190111e-01 
 4.249189443904791e-08  2.358547817913303e-01 
 4.251189443904792e-08  2.356268470294101e-01 
 4.253189443904792e-08  2.353993674212960e-01 
 4.255189443904792e-08  2.351723420593592e-01 
 4.257189443904793e-08  2.349457700352846e-01 
 4.259189443904793e-08  2.347196504450635e-01 
 4.261189443904793e-08  2.344939823840061e-01 
 4.263189443904793e-08  2.342687649517093e-01 
 4.265189443904794e-08  2.340439972470940e-01 
 4.267189443904794e-08  2.338196783733477e-01 
 4.269189443904794e-08  2.335958074329881e-01 
 4.271189443904795e-08  2.333723835327798e-01 
 4.273189443904795e-08  2.331494057788218e-01 
 4.275189443904795e-08  2.329268732814414e-01 
 4.277189443904795e-08  2.327047851503055e-01 
 4.279189443904796e-08  2.324831404992895e-01 
 4.281189443904796e-08  2.322619384416139e-01 
 4.283189443904796e-08  2.320411780946882e-01 
 4.285189443904797e-08  2.318208585752722e-01 
 4.287189443904797e-08  2.316009790042957e-01 
 4.289189443904797e-08  2.313815385020431e-01 
 4.291189443904797e-08  2.311625361929504e-01 
 4.293189443904798e-08  2.309439712008132e-01 
 4.295189443904798e-08  2.307258426535595e-01 
 4.297189443904798e-08  2.305081496784821e-01 
 4.299189443904799e-08  2.302908914069868e-01 
 4.301189443904799e-08  2.300740669698496e-01 
 4.303189443904799e-08  2.298576755019406e-01 
 4.305189443904799e-08  2.296417161375052e-01 
 4.307189443904800e-08  2.294261880148637e-01 
 4.309189443904800e-08  2.292110902717167e-01 
 4.311189443904800e-08  2.289964220498215e-01 
 4.313189443904801e-08  2.287821824903199e-01 
 4.315189443904801e-08  2.285683707383924e-01 
 4.317189443904801e-08  2.283549859386086e-01 
 4.319189443904801e-08  2.281420272395581e-01 
 4.321189443904802e-08  2.279294937892249e-01 
 4.323189443904802e-08  2.277173847395943e-01 
 4.325189443904802e-08  2.275056992420507e-01 
 4.327189443904803e-08  2.272944364519615e-01 
 4.329189443904803e-08  2.270835955240982e-01 
 4.331189443904803e-08  2.268731756171968e-01 
 4.333189443904803e-08  2.266631758894022e-01 
 4.335189443904804e-08  2.264535955028058e-01 
 4.337189443904804e-08  2.262444336189124e-01 
 4.339189443904804e-08  2.260356894031550e-01 
 4.341189443904804e-08  2.258273620203850e-01 
 4.343189443904805e-08  2.256194506393642e-01 
 4.345189443904805e-08  2.254119544282772e-01 
 4.347189443904805e-08  2.252048725592009e-01 
 4.349189443904806e-08  2.249982042036397e-01 
 4.351189443904806e-08  2.247919485369728e-01 
 4.353189443904806e-08  2.245861047340110e-01 
 4.355189443904806e-08  2.243806719734223e-01 
 4.357189443904807e-08  2.241756494333112e-01 
 4.359189443904807e-08  2.239710362956215e-01 
 4.361189443904807e-08  2.237668317417377e-01 
 4.363189443904808e-08  2.235630349568664e-01 
 4.365189443904808e-08  2.233596451256592e-01 
 4.367189443904808e-08  2.231566614365725e-01 
 4.369189443904808e-08  2.229540830775122e-01 
 4.371189443904809e-08  2.227519092401713e-01 
 4.373189443904809e-08  2.225501391156968e-01 
 4.375189443904809e-08  2.223487718990054e-01 
 4.377189443904810e-08  2.221478067844725e-01 
 4.379189443904810e-08  2.219472429702259e-01 
 4.381189443904810e-08  2.217470796538561e-01 
 4.383189443904810e-08  2.215473160366892e-01 
 4.385189443904811e-08  2.213479513195181e-01 
 4.387189443904811e-08  2.211489847068542e-01 
 4.389189443904811e-08  2.209504154026805e-01 
 4.391189443904812e-08  2.207522426146806e-01 
 4.393189443904812e-08  2.205544655500148e-01 
 4.395189443904812e-08  2.203570834195269e-01 
 4.397189443904812e-08  2.201600954335410e-01 
 4.399189443904813e-08  2.199635008060487e-01 
 4.401189443904813e-08  2.197672987505258e-01 
 4.403189443904813e-08  2.195714884840987e-01 
 4.405189443904814e-08  2.193760692233823e-01 
 4.407189443904814e-08  2.191810401886254e-01 
 4.409189443904814e-08  2.189864005995694e-01 
 4.411189443904814e-08  2.187921496795732e-01 
 4.413189443904815e-08  2.185982866514922e-01 
 4.415189443904815e-08  2.184048107417827e-01 
 4.417189443904815e-08  2.182117211764020e-01 
 4.419189443904816e-08  2.180190171848914e-01 
 4.421189443904816e-08  2.178266979962976e-01 
 4.423189443904816e-08  2.176347628432347e-01 
 4.425189443904816e-08  2.174432109578262e-01 
 4.427189443904817e-08  2.172520415757472e-01 
 4.429189443904817e-08  2.170612539321856e-01 
 4.431189443904817e-08  2.168708472658649e-01 
 4.433189443904817e-08  2.166808208150257e-01 
 4.435189443904818e-08  2.164911738214275e-01 
 4.437189443904818e-08  2.163019055263512e-01 
 4.439189443904818e-08  2.161130151745805e-01 
 4.441189443904819e-08  2.159245020104245e-01 
 4.443189443904819e-08  2.157363652816788e-01 
 4.445189443904819e-08  2.155486042356685e-01 
 4.447189443904819e-08  2.153612181231896e-01 
 4.449189443904820e-08  2.151742061945709e-01 
 4.451189443904820e-08  2.149875677035965e-01 
 4.453189443904820e-08  2.148013019035874e-01 
 4.455189443904821e-08  2.146154080513037e-01 
 4.457189443904821e-08  2.144298854030466e-01 
 4.459189443904821e-08  2.142447332185407e-01 
 4.461189443904821e-08  2.140599507570550e-01 
 4.463189443904822e-08  2.138755372812667e-01 
 4.465189443904822e-08  2.136914920534012e-01 
 4.467189443904822e-08  2.135078143390763e-01 
 4.469189443904823e-08  2.133245034034622e-01 
 4.471189443904823e-08  2.131415585151057e-01 
 4.473189443904823e-08  2.129589789421093e-01 
 4.475189443904823e-08  2.127767639559373e-01 
 4.477189443904824e-08  2.125949128276136e-01 
 4.479189443904824e-08  2.124134248315079e-01 
 4.481189443904824e-08  2.122322992415534e-01 
 4.483189443904825e-08  2.120515353350141e-01 
 4.485189443904825e-08  2.118711323887212e-01 
 4.487189443904825e-08  2.116910896828209e-01 
 4.489189443904825e-08  2.115114064970307e-01 
 4.491189443904826e-08  2.113320821143679e-01 
 4.493189443904826e-08  2.111531158174246e-01 
 4.495189443904826e-08  2.109745068920779e-01 
 4.497189443904827e-08  2.107962546237830e-01 
 4.499189443904827e-08  2.106183583012653e-01 
 4.501189443904827e-08  2.104408172128317e-01 
 4.503189443904827e-08  2.102636306500444e-01 
 4.505189443904828e-08  2.100867979040508e-01 
 4.507189443904828e-08  2.099103182692386e-01 
 4.509189443904828e-08  2.097341910395844e-01 
 4.511189443904829e-08  2.095584155122902e-01 
 4.513189443904829e-08  2.093829909841502e-01 
 4.515189443904829e-08  2.092079167551694e-01 
 4.517189443904829e-08  2.090331921249488e-01 
 4.519189443904830e-08  2.088588163962850e-01 
 4.521189443904830e-08  2.086847888715744e-01 
 4.523189443904830e-08  2.085111088563947e-01 
 4.525189443904830e-08  2.083377756559260e-01 
 4.527189443904831e-08  2.081647885785156e-01 
 4.529189443904831e-08  2.079921469321170e-01 
 4.531189443904831e-08  2.078198500278361e-01 
 4.533189443904832e-08  2.076478971763882e-01 
 4.535189443904832e-08  2.074762876916268e-01 
 4.537189443904832e-08  2.073050208870184e-01 
 4.539189443904832e-08  2.071340960791528e-01 
 4.541189443904833e-08  2.069635125842365e-01 
 4.543189443904833e-08  2.067932697215854e-01 
 4.545189443904833e-08  2.066233668101349e-01 
 4.547189443904834e-08  2.064538031719157e-01 
 4.549189443904834e-08  2.062845781285812e-01 
 4.551189443904834e-08  2.061156910048663e-01 
 4.553189443904834e-08  2.059471411251320e-01 
 4.555189443904835e-08  2.057789278168061e-01 
 4.557189443904835e-08  2.056110504069459e-01 
 4.559189443904835e-08  2.054435082256620e-01 
 4.561189443904836e-08  2.052763006026975e-01 
 4.563189443904836e-08  2.051094268708347e-01 
 4.565189443904836e-08  2.049428863624918e-01 
 4.567189443904836e-08  2.047766784131122e-01 
 4.569189443904837e-08  2.046108023577784e-01 
 4.571189443904837e-08  2.044452575345843e-01 
 4.573189443904837e-08  2.042800432812662e-01 
 4.575189443904838e-08  2.041151589385579e-01 
 4.577189443904838e-08  2.039506038468390e-01 
 4.579189443904838e-08  2.037863773494725e-01 
 4.581189443904838e-08  2.036224787894707e-01 
 4.583189443904839e-08  2.034589075128156e-01 
 4.585189443904839e-08  2.032956628651414e-01 
 4.587189443904839e-08  2.031327441950389e-01 
 4.589189443904840e-08  2.029701508507537e-01 
 4.591189443904840e-08  2.028078821834746e-01 
 4.593189443904840e-08  2.026459375440484e-01 
 4.595189443904840e-08  2.024843162862518e-01 
 4.597189443904841e-08  2.023230177635223e-01 
 4.599189443904841e-08  2.021620413322141e-01 
 4.601189443904841e-08  2.020013863483451e-01 
 4.603189443904842e-08  2.018410521708365e-01 
 4.605189443904842e-08  2.016810381582766e-01 
 4.607189443904842e-08  2.015213436721434e-01 
 4.609189443904842e-08  2.013619680735850e-01 
 4.611189443904843e-08  2.012029107266261e-01 
 4.613189443904843e-08  2.010441709949647e-01 
 4.615189443904843e-08  2.008857482451620e-01 
 4.617189443904843e-08  2.007276418434553e-01 
 4.619189443904844e-08  2.005698511589325e-01 
 4.621189443904844e-08  2.004123755603601e-01 
 4.623189443904844e-08  2.002552144193422e-01 
 4.625189443904845e-08  2.000983671071649e-01 
 4.627189443904845e-08  1.999418329979384e-01 
 4.629189443904845e-08  1.997856114654579e-01 
 4.631189443904845e-08  1.996297018863303e-01 
 4.633189443904846e-08  1.994741036368500e-01 
 4.635189443904846e-08  1.993188160961100e-01 
 4.637189443904846e-08  1.991638386428939e-01 
 4.639189443904847e-08  1.990091706587712e-01 
 4.641189443904847e-08  1.988548115250049e-01 
 4.643189443904847e-08  1.987007606256311e-01 
 4.645189443904847e-08  1.985470173443820e-01 
 4.647189443904848e-08  1.983935810677506e-01 
 4.649189443904848e-08  1.982404511819287e-01 
 4.651189443904848e-08  1.980876270758560e-01 
 4.653189443904849e-08  1.979351081381742e-01 
 4.655189443904849e-08  1.977828937602601e-01 
 4.657189443904849e-08  1.976309833331955e-01 
 4.659189443904849e-08  1.974793762507845e-01 
 4.661189443904850e-08  1.973280719065391e-01 
 4.663189443904850e-08  1.971770696966814e-01 
 4.665189443904850e-08  1.970263690171436e-01 
 4.667189443904851e-08  1.968759692665562e-01 
 4.669189443904851e-08  1.967258698432622e-01 
 4.671189443904851e-08  1.965760701482904e-01 
 4.673189443904851e-08  1.964265695823853e-01 
 4.675189443904852e-08  1.962773675489645e-01 
 4.677189443904852e-08  1.961284634511642e-01 
 4.679189443904852e-08  1.959798566947814e-01 
 4.681189443904853e-08  1.958315466853345e-01 
 4.683189443904853e-08  1.956835328309905e-01 
 4.685189443904853e-08  1.955358145396402e-01 
 4.687189443904853e-08  1.953883912218111e-01 
 4.689189443904854e-08  1.952412622877572e-01 
 4.691189443904854e-08  1.950944271503572e-01 
 4.693189443904854e-08  1.949478852222186e-01 
 4.695189443904855e-08  1.948016359185618e-01 
 4.697189443904855e-08  1.946556786543387e-01 
 4.699189443904855e-08  1.945100128471021e-01 
 4.701189443904855e-08  1.943646379141387e-01 
 4.703189443904856e-08  1.942195532753244e-01 
 4.705189443904856e-08  1.940747583502717e-01 
 4.707189443904856e-08  1.939302525611700e-01 
 4.709189443904856e-08  1.937860353299483e-01 
 4.711189443904857e-08  1.936421060811006e-01 
 4.713189443904857e-08  1.934984642388629e-01 
 4.715189443904857e-08  1.933551092300246e-01 
 4.717189443904858e-08  1.932120404811196e-01 
 4.719189443904858e-08  1.930692574212238e-01 
 4.721189443904858e-08  1.929267594791593e-01 
 4.723189443904858e-08  1.927845460862793e-01 
 4.725189443904859e-08  1.926426166736858e-01 
 4.727189443904859e-08  1.925009706749997e-01 
 4.729189443904859e-08  1.923596075235934e-01 
 4.731189443904860e-08  1.922185266553469e-01 
 4.733189443904860e-08  1.920777275058941e-01 
 4.735189443904860e-08  1.919372095133650e-01 
 4.737189443904860e-08  1.917969721156457e-01 
 4.739189443904861e-08  1.916570147531072e-01 
 4.741189443904861e-08  1.915173368658793e-01 
 4.743189443904861e-08  1.913779378965648e-01 
 4.745189443904862e-08  1.912388172875278e-01 
 4.747189443904862e-08  1.910999744835947e-01 
 4.749189443904862e-08  1.909614089293549e-01 
 4.751189443904862e-08  1.908231200718490e-01 
 4.753189443904863e-08  1.906851073578831e-01 
 4.755189443904863e-08  1.905473702367033e-01 
 4.757189443904863e-08  1.904099081573235e-01 
 4.759189443904864e-08  1.902727205711864e-01 
 4.761189443904864e-08  1.901358069295051e-01 
 4.763189443904864e-08  1.899991666859099e-01 
 4.765189443904864e-08  1.898627992938042e-01 
 4.767189443904865e-08  1.897267042089977e-01 
 4.769189443904865e-08  1.895908808870751e-01 
 4.771189443904865e-08  1.894553287860166e-01 
 4.773189443904866e-08  1.893200473635795e-01 
 4.775189443904866e-08  1.891850360799059e-01 
 4.777189443904866e-08  1.890502943949174e-01 
 4.779189443904866e-08  1.889158217709093e-01 
 4.781189443904867e-08  1.887816176699585e-01 
 4.783189443904867e-08  1.886476815565049e-01 
 4.785189443904867e-08  1.885140128947723e-01 
 4.787189443904868e-08  1.883806111513366e-01 
 4.789189443904868e-08  1.882474757925600e-01 
 4.791189443904868e-08  1.881146062871459e-01 
 4.793189443904868e-08  1.879820021035862e-01 
 4.795189443904869e-08  1.878496627127035e-01 
 4.797189443904869e-08  1.877175875851109e-01 
 4.799189443904869e-08  1.875857761937415e-01 
 4.801189443904869e-08  1.874542280113211e-01 
 4.803189443904870e-08  1.873229425128854e-01 
 4.805189443904870e-08  1.871919191732643e-01 
 4.807189443904870e-08  1.870611574695871e-01 
 4.809189443904871e-08  1.869306568787799e-01 
 4.811189443904871e-08  1.868004168800575e-01 
 4.813189443904871e-08  1.866704369524334e-01 
 4.815189443904871e-08  1.865407165771997e-01 
 4.817189443904872e-08  1.864112552354492e-01 
 4.819189443904872e-08  1.862820524105425e-01 
 4.821189443904872e-08  1.861531075856437e-01 
 4.823189443904873e-08  1.860244202461740e-01 
 4.825189443904873e-08  1.858959898773601e-01 
 4.827189443904873e-08  1.857678159666755e-01 
 4.829189443904873e-08  1.856398980014014e-01 
 4.831189443904874e-08  1.855122354710557e-01 
 4.833189443904874e-08  1.853848278649656e-01 
 4.835189443904874e-08  1.852576746746851e-01 
 4.837189443904875e-08  1.851307753915795e-01 
 4.839189443904875e-08  1.850041295092309e-01 
 4.841189443904875e-08  1.848777365210344e-01 
 4.843189443904875e-08  1.847515959225919e-01 
 4.845189443904876e-08  1.846257072093205e-01 
 4.847189443904876e-08  1.845000698788337e-01 
 4.849189443904876e-08  1.843746834285624e-01 
 4.851189443904877e-08  1.842495473581241e-01 
 4.853189443904877e-08  1.841246611669553e-01 
 4.855189443904877e-08  1.840000243566691e-01 
 4.857189443904877e-08  1.838756364286999e-01 
 4.859189443904878e-08  1.837514968866487e-01 
 4.861189443904878e-08  1.836276052339397e-01 
 4.863189443904878e-08  1.835039609761536e-01 
 4.865189443904879e-08  1.833805636186964e-01 
 4.867189443904879e-08  1.832574126691209e-01 
 4.869189443904879e-08  1.831345076348070e-01 
 4.871189443904879e-08  1.830118480252716e-01 
 4.873189443904880e-08  1.828894333498606e-01 
 4.875189443904880e-08  1.827672631200472e-01 
 4.877189443904880e-08  1.826453368471356e-01 
 4.879189443904881e-08  1.825236540445475e-01 
 4.881189443904881e-08  1.824022142255372e-01 
 4.883189443904881e-08  1.822810169054672e-01 
 4.885189443904881e-08  1.821600615995348e-01 
 4.887189443904882e-08  1.820393478250351e-01 
 4.889189443904882e-08  1.819188750991002e-01 
 4.891189443904882e-08  1.817986429409505e-01 
 4.893189443904882e-08  1.816786508696453e-01 
 4.895189443904883e-08  1.815588984063228e-01 
 4.897189443904883e-08  1.814393850719614e-01 
 4.899189443904883e-08  1.813201103896093e-01 
 4.901189443904884e-08  1.812010738821566e-01 
 4.903189443904884e-08  1.810822750745540e-01 
 4.905189443904884e-08  1.809637134915956e-01 
 4.907189443904884e-08  1.808453886601268e-01 
 4.909189443904885e-08  1.807273001068385e-01 
 4.911189443904885e-08  1.806094473604630e-01 
 4.913189443904885e-08  1.804918299495802e-01 
 4.915189443904886e-08  1.803744474048022e-01 
 4.917189443904886e-08  1.802572992565903e-01 
 4.919189443904886e-08  1.801403850374286e-01 
 4.921189443904886e-08  1.800237042796524e-01 
 4.923189443904887e-08  1.799072565176105e-01 
 4.925189443904887e-08  1.797910412855046e-01 
 4.927189443904887e-08  1.796750581195408e-01 
 4.929189443904888e-08  1.795593065557797e-01 
 4.931189443904888e-08  1.794437861322774e-01 
 4.933189443904888e-08  1.793284963869460e-01 
 4.935189443904888e-08  1.792134368596840e-01 
 4.937189443904889e-08  1.790986070902476e-01 
 4.939189443904889e-08  1.789840066203707e-01 
 4.941189443904889e-08  1.788696349916462e-01 
 4.943189443904890e-08  1.787554917476356e-01 
 4.945189443904890e-08  1.786415764317613e-01 
 4.947189443904890e-08  1.785278885894056e-01 
 4.949189443904890e-08  1.784144277658131e-01 
 4.951189443904891e-08  1.783011935081789e-01 
 4.953189443904891e-08  1.781881853635629e-01 
 4.955189443904891e-08  1.780754028809663e-01 
 4.957189443904892e-08  1.779628456092563e-01 
 4.959189443904892e-08  1.778505130992330e-01 
 4.961189443904892e-08  1.777384049015642e-01 
 4.963189443904892e-08  1.776265205688417e-01 
 4.965189443904893e-08  1.775148596535263e-01 
 4.967189443904893e-08  1.774034217099944e-01 
 4.969189443904893e-08  1.772922062924931e-01 
 4.971189443904894e-08  1.771812129571760e-01 
 4.973189443904894e-08  1.770704412600691e-01 
 4.975189443904894e-08  1.769598907590965e-01 
 4.977189443904894e-08  1.768495610120560e-01 
 4.979189443904895e-08  1.767394515786348e-01 
 4.981189443904895e-08  1.766295620183956e-01 
 4.983189443904895e-08  1.765198918927819e-01 
 4.985189443904895e-08  1.764104407631142e-01 
 4.987189443904896e-08  1.763012081925849e-01 
 4.989189443904896e-08  1.761921937442654e-01 
 4.991189443904896e-08  1.760833969830904e-01 
 4.993189443904897e-08  1.759748174738748e-01 
 4.995189443904897e-08  1.758664547832890e-01 
 4.997189443904897e-08  1.757583084778844e-01 
 4.999189443904897e-08  1.756503781260597e-01 
 5.001189443904898e-08  1.755426632960964e-01 
 5.003189443904898e-08  1.754351635581145e-01 
 5.005189443904898e-08  1.753278784821184e-01 
 5.007189443904899e-08  1.752208076399427e-01 
 5.009189443904899e-08  1.751139506033081e-01 
 5.011189443904899e-08  1.750073069457569e-01 
 5.013189443904899e-08  1.749008762407190e-01 
 5.015189443904900e-08  1.747946580634376e-01 
 5.017189443904900e-08  1.746886519890448e-01 
 5.019189443904900e-08  1.745828575944783e-01 
 5.021189443904901e-08  1.744772744565658e-01 
 5.023189443904901e-08  1.743719021539322e-01 
 5.025189443904901e-08  1.742667402650941e-01 
 5.027189443904901e-08  1.741617883703570e-01 
 5.029189443904902e-08  1.740570460499198e-01 
 5.031189443904902e-08  1.739525128857620e-01 
 5.033189443904902e-08  1.738481884597578e-01 
 5.035189443904903e-08  1.737440723555540e-01 
 5.037189443904903e-08  1.736401641566935e-01 
 5.039189443904903e-08  1.735364634484837e-01 
 5.041189443904903e-08  1.734329698161296e-01 
 5.043189443904904e-08  1.733296828465925e-01 
 5.045189443904904e-08  1.732266021267330e-01 
 5.047189443904904e-08  1.731237272451600e-01 
 5.049189443904905e-08  1.730210577903824e-01 
 5.051189443904905e-08  1.729185933526502e-01 
 5.053189443904905e-08  1.728163335221147e-01 
 5.055189443904905e-08  1.727142778906599e-01 
 5.057189443904906e-08  1.726124260500728e-01 
 5.059189443904906e-08  1.725107775938655e-01 
 5.061189443904906e-08  1.724093321154541e-01 
 5.063189443904907e-08  1.723080892099716e-01 
 5.065189443904907e-08  1.722070484724571e-01 
 5.067189443904907e-08  1.721062094996584e-01 
 5.069189443904907e-08  1.720055718882307e-01 
 5.071189443904908e-08  1.719051352365303e-01 
 5.073189443904908e-08  1.718048991428218e-01 
 5.075189443904908e-08  1.717048632070639e-01 
 5.077189443904908e-08  1.716050270291243e-01 
 5.079189443904909e-08  1.715053902105571e-01 
 5.081189443904909e-08  1.714059523528270e-01 
 5.083189443904909e-08  1.713067130590774e-01 
 5.085189443904910e-08  1.712076719323637e-01 
 5.087189443904910e-08  1.711088285774119e-01 
 5.089189443904910e-08  1.710101825988617e-01 
 5.091189443904910e-08  1.709117336030157e-01 
 5.093189443904911e-08  1.708134811960914e-01 
 5.095189443904911e-08  1.707154249859616e-01 
 5.097189443904911e-08  1.706175645804153e-01 
 5.099189443904912e-08  1.705198995888896e-01 
 5.101189443904912e-08  1.704224296207386e-01 
 5.103189443904912e-08  1.703251542869572e-01 
 5.105189443904912e-08  1.702280731984586e-01 
 5.107189443904913e-08  1.701311859677892e-01 
 5.109189443904913e-08  1.700344922074151e-01 
 5.111189443904913e-08  1.699379915314280e-01 
 5.113189443904914e-08  1.698416835538406e-01 
 5.115189443904914e-08  1.697455678902837e-01 
 5.117189443904914e-08  1.696496441563107e-01 
 5.119189443904914e-08  1.695539119690855e-01 
 5.121189443904915e-08  1.694583709456955e-01 
 5.123189443904915e-08  1.693630207048318e-01 
 5.125189443904915e-08  1.692678608651098e-01 
 5.127189443904916e-08  1.691728910467416e-01 
 5.129189443904916e-08  1.690781108698647e-01 
 5.131189443904916e-08  1.689835199562060e-01 
 5.133189443904916e-08  1.688891179274189e-01 
 5.135189443904917e-08  1.687949044067391e-01 
 5.137189443904917e-08  1.687008790173299e-01 
 5.139189443904917e-08  1.686070413839298e-01 
 5.141189443904918e-08  1.685133911312063e-01 
 5.143189443904918e-08  1.684199278853941e-01 
 5.145189443904918e-08  1.683266512726589e-01 
 5.147189443904918e-08  1.682335609207264e-01 
 5.149189443904919e-08  1.681406564572538e-01 
 5.151189443904919e-08  1.680479375114519e-01 
 5.153189443904919e-08  1.679554037124640e-01 
 5.155189443904920e-08  1.678630546909797e-01 
 5.157189443904920e-08  1.677708900776222e-01 
 5.159189443904920e-08  1.676789095045543e-01 
 5.161189443904920e-08  1.675871126038733e-01 
 5.163189443904921e-08  1.674954990092089e-01 
 5.165189443904921e-08  1.674040683541270e-01 
 5.167189443904921e-08  1.673128202737187e-01 
 5.169189443904921e-08  1.672217544030121e-01 
 5.171189443904922e-08  1.671308703785536e-01 
 5.173189443904922e-08  1.670401678368279e-01 
 5.175189443904922e-08  1.669496464158314e-01 
 5.177189443904923e-08  1.668593057534994e-01 
 5.179189443904923e-08  1.667691454892722e-01 
 5.181189443904923e-08  1.666791652625298e-01 
 5.183189443904923e-08  1.665893647141506e-01 
 5.185189443904924e-08  1.664997434849543e-01 
 5.187189443904924e-08  1.664103012172513e-01 
 5.189189443904924e-08  1.663210375532949e-01 
 5.191189443904925e-08  1.662319521368221e-01 
 5.193189443904925e-08  1.661430446115137e-01 
 5.195189443904925e-08  1.660543146225282e-01 
 5.197189443904925e-08  1.659657618149681e-01 
 5.199189443904926e-08  1.658773858354072e-01 
 5.201189443904926e-08  1.657891863303645e-01 
 5.203189443904926e-08  1.657011629478234e-01 
 5.205189443904927e-08  1.656133153357136e-01 
 5.207189443904927e-08  1.655256431434225e-01 
 5.209189443904927e-08  1.654381460202848e-01 
 5.211189443904927e-08  1.653508236170866e-01 
 5.213189443904928e-08  1.652636755845620e-01 
 5.215189443904928e-08  1.651767015748898e-01 
 5.217189443904928e-08  1.650899012401982e-01 
 5.219189443904929e-08  1.650032742340531e-01 
 5.221189443904929e-08  1.649168202099711e-01 
 5.223189443904929e-08  1.648305388228999e-01 
 5.225189443904929e-08  1.647444297277390e-01 
 5.227189443904930e-08  1.646584925808122e-01 
 5.229189443904930e-08  1.645727270383961e-01 
 5.231189443904930e-08  1.644871327581857e-01 
 5.233189443904931e-08  1.644017093978291e-01 
 5.235189443904931e-08  1.643164566163866e-01 
 5.237189443904931e-08  1.642313740728727e-01 
 5.239189443904931e-08  1.641464614277075e-01 
 5.241189443904932e-08  1.640617183412663e-01 
 5.243189443904932e-08  1.639771444753238e-01 
 5.245189443904932e-08  1.638927394916107e-01 
 5.247189443904933e-08  1.638085030532505e-01 
 5.249189443904933e-08  1.637244348233239e-01 
 5.251189443904933e-08  1.636405344662983e-01 
 5.253189443904933e-08  1.635568016465990e-01 
 5.255189443904934e-08  1.634732360300314e-01 
 5.257189443904934e-08  1.633898372823604e-01 
 5.259189443904934e-08  1.633066050707243e-01 
 5.261189443904934e-08  1.632235390622215e-01 
 5.263189443904935e-08  1.631406389253184e-01 
 5.265189443904935e-08  1.630579043284419e-01 
 5.267189443904935e-08  1.629753349413806e-01 
 5.269189443904936e-08  1.628929304338848e-01 
 5.271189443904936e-08  1.628106904770600e-01 
 5.273189443904936e-08  1.627286147419746e-01 
 5.275189443904936e-08  1.626467029010460e-01 
 5.277189443904937e-08  1.625649546266553e-01 
 5.279189443904937e-08  1.624833695925264e-01 
 5.281189443904937e-08  1.624019474723480e-01 
 5.283189443904938e-08  1.623206879411453e-01 
 5.285189443904938e-08  1.622395906739092e-01 
 5.287189443904938e-08  1.621586553469613e-01 
 5.289189443904938e-08  1.620778816365894e-01 
 5.291189443904939e-08  1.619972692204062e-01 
 5.293189443904939e-08  1.619168177759913e-01 
 5.295189443904939e-08  1.618365269822434e-01 
 5.297189443904940e-08  1.617563965180289e-01 
 5.299189443904940e-08  1.616764260635270e-01 
 5.301189443904940e-08  1.615966152988859e-01 
 5.303189443904940e-08  1.615169639055604e-01 
 5.305189443904941e-08  1.614374715649750e-01 
 5.307189443904941e-08  1.613581379598553e-01 
 5.309189443904941e-08  1.612789627728971e-01 
 5.311189443904942e-08  1.611999456880915e-01 
 5.313189443904942e-08  1.611210863894006e-01 
 5.315189443904942e-08  1.610423845620759e-01 
 5.317189443904942e-08  1.609638398913409e-01 
 5.319189443904943e-08  1.608854520637024e-01 
 5.321189443904943e-08  1.608072207656401e-01 
 5.323189443904943e-08  1.607291456849112e-01 
 5.325189443904944e-08  1.606512265092466e-01 
 5.327189443904944e-08  1.605734629276491e-01 
 5.329189443904944e-08  1.604958546290958e-01 
 5.331189443904944e-08  1.604184013038298e-01 
 5.333189443904945e-08  1.603411026420694e-01 
 5.335189443904945e-08  1.602639583352934e-01 
 5.337189443904945e-08  1.601869680749562e-01 
 5.339189443904946e-08  1.601101315537672e-01 
 5.341189443904946e-08  1.600334484644123e-01 
 5.343189443904946e-08  1.599569185008265e-01 
 5.345189443904946e-08  1.598805413569221e-01 
 5.347189443904947e-08  1.598043167278550e-01 
 5.349189443904947e-08  1.597282443087590e-01 
 5.351189443904947e-08  1.596523237960058e-01 
 5.353189443904947e-08  1.595765548859459e-01 
 5.355189443904948e-08  1.595009372761622e-01 
 5.357189443904948e-08  1.594254706642169e-01 
 5.359189443904948e-08  1.593501547488990e-01 
 5.361189443904949e-08  1.592749892289780e-01 
 5.363189443904949e-08  1.591999738044442e-01 
 5.365189443904949e-08  1.591251081752691e-01 
 5.367189443904949e-08  1.590503920426398e-01 
 5.369189443904950e-08  1.589758251077252e-01 
 5.371189443904950e-08  1.589014070729041e-01 
 5.373189443904950e-08  1.588271376405380e-01 
 5.375189443904951e-08  1.587530165141929e-01 
 5.377189443904951e-08  1.586790433974181e-01 
 5.379189443904951e-08  1.586052179949619e-01 
 5.381189443904951e-08  1.585315400115568e-01 
 5.383189443904952e-08  1.584580091531286e-01 
 5.385189443904952e-08  1.583846251255883e-01 
 5.387189443904952e-08  1.583113876360348e-01 
 5.389189443904953e-08  1.582382963915524e-01 
 5.391189443904953e-08  1.581653511004084e-01 
 5.393189443904953e-08  1.580925514708561e-01 
 5.395189443904953e-08  1.580198972123266e-01 
 5.397189443904954e-08  1.579473880342374e-01 
 5.399189443904954e-08  1.578750236471783e-01 
 5.401189443904954e-08  1.578028037617268e-01 
 5.403189443904955e-08  1.577307280896271e-01 
 5.405189443904955e-08  1.576587963426114e-01 
 5.407189443904955e-08  1.575870082335738e-01 
 5.409189443904955e-08  1.575153634753970e-01 
 5.411189443904956e-08  1.574438617821203e-01 
 5.413189443904956e-08  1.573725028677722e-01 
 5.415189443904956e-08  1.573012864475324e-01 
 5.417189443904957e-08  1.572302122365709e-01 
 5.419189443904957e-08  1.571592799512035e-01 
 5.421189443904957e-08  1.570884893077368e-01 
 5.423189443904957e-08  1.570178400236179e-01 
 5.425189443904958e-08  1.569473318162858e-01 
 5.427189443904958e-08  1.568769644043147e-01 
 5.429189443904958e-08  1.568067375062709e-01 
 5.431189443904959e-08  1.567366508418514e-01 
 5.433189443904959e-08  1.566667041307457e-01 
 5.435189443904959e-08  1.565968970937687e-01 
 5.437189443904959e-08  1.565272294517285e-01 
 5.439189443904960e-08  1.564577009265536e-01 
 5.441189443904960e-08  1.563883112401664e-01 
 5.443189443904960e-08  1.563190601156045e-01 
 5.445189443904960e-08  1.562499472759001e-01 
 5.447189443904961e-08  1.561809724451955e-01 
 5.449189443904961e-08  1.561121353476280e-01 
 5.451189443904961e-08  1.560434357084404e-01 
 5.453189443904962e-08  1.559748732528711e-01 
 5.455189443904962e-08  1.559064477072585e-01 
 5.457189443904962e-08  1.558381587979377e-01 
 5.459189443904962e-08  1.557700062523385e-01 
 5.461189443904963e-08  1.557019897978881e-01 
 5.463189443904963e-08  1.556341091631038e-01 
 5.465189443904963e-08  1.555663640765004e-01 
 5.467189443904964e-08  1.554987542676780e-01 
 5.469189443904964e-08  1.554312794662349e-01 
 5.471189443904964e-08  1.553639394028499e-01 
 5.473189443904964e-08  1.552967338082001e-01 
 5.475189443904965e-08  1.552296624140385e-01 
 5.477189443904965e-08  1.551627249521174e-01 
 5.479189443904965e-08  1.550959211552597e-01 
 5.481189443904966e-08  1.550292507562879e-01 
 5.483189443904966e-08  1.549627134890907e-01 
 5.485189443904966e-08  1.548963090875571e-01 
 5.487189443904966e-08  1.548300372866370e-01 
 5.489189443904967e-08  1.547638978212813e-01 
 5.491189443904967e-08  1.546978904274973e-01 
 5.493189443904967e-08  1.546320148412936e-01 
 5.495189443904968e-08  1.545662707997304e-01 
 5.497189443904968e-08  1.545006580398699e-01 
 5.499189443904968e-08  1.544351762998212e-01 
 5.501189443904968e-08  1.543698253176958e-01 
 5.503189443904969e-08  1.543046048326473e-01 
 5.505189443904969e-08  1.542395145838323e-01 
 5.507189443904969e-08  1.541745543114448e-01 
 5.509189443904970e-08  1.541097237556825e-01 
 5.511189443904970e-08  1.540450226577758e-01 
 5.513189443904970e-08  1.539804507589590e-01 
 5.515189443904970e-08  1.539160078014947e-01 
 5.517189443904971e-08  1.538516935276500e-01 
 5.519189443904971e-08  1.537875076807153e-01 
 5.521189443904971e-08  1.537234500039863e-01 
 5.523189443904972e-08  1.536595202417775e-01 
 5.525189443904972e-08  1.535957181384091e-01 
 5.527189443904972e-08  1.535320434392153e-01 
 5.529189443904972e-08  1.534684958895367e-01 
 5.531189443904973e-08  1.534050752357232e-01 
 5.533189443904973e-08  1.533417812241319e-01 
 5.535189443904973e-08  1.532786136021242e-01 
 5.537189443904973e-08  1.532155721170694e-01 
 5.539189443904974e-08  1.531526565173369e-01 
 5.541189443904974e-08  1.530898665513039e-01 
 5.543189443904974e-08  1.530272019683437e-01 
 5.545189443904975e-08  1.529646625178375e-01 
 5.547189443904975e-08  1.529022479501583e-01 
 5.549189443904975e-08  1.528399580156876e-01 
 5.551189443904975e-08  1.527777924657941e-01 
 5.553189443904976e-08  1.527157510518553e-01 
 5.555189443904976e-08  1.526538335262314e-01 
 5.557189443904976e-08  1.525920396412926e-01 
 5.559189443904977e-08  1.525303691503867e-01 
 5.561189443904977e-08  1.524688218068720e-01 
 5.563189443904977e-08  1.524073973650802e-01 
 5.565189443904977e-08  1.523460955793539e-01 
 5.567189443904978e-08  1.522849162050048e-01 
 5.569189443904978e-08  1.522238589973556e-01 
 5.571189443904978e-08  1.521629237126941e-01 
 5.573189443904979e-08  1.521021101073195e-01 
 5.575189443904979e-08  1.520414179384916e-01 
 5.577189443904979e-08  1.519808469634824e-01 
 5.579189443904979e-08  1.519203969405197e-01 
 5.581189443904980e-08  1.518600676278441e-01 
 5.583189443904980e-08  1.517998587846481e-01 
 5.585189443904980e-08  1.517397701701368e-01 
 5.587189443904981e-08  1.516798015444633e-01 
 5.589189443904981e-08  1.516199526677937e-01 
 5.591189443904981e-08  1.515602233012375e-01 
 5.593189443904981e-08  1.515006132059183e-01 
 5.595189443904982e-08  1.514411221438984e-01 
 5.597189443904982e-08  1.513817498772546e-01 
 5.599189443904982e-08  1.513224961689983e-01 
 5.601189443904983e-08  1.512633607821557e-01 
 5.603189443904983e-08  1.512043434806836e-01 
 5.605189443904983e-08  1.511454440285539e-01 
 5.607189443904983e-08  1.510866621906648e-01 
 5.609189443904984e-08  1.510279977319301e-01 
 5.611189443904984e-08  1.509694504181860e-01 
 5.613189443904984e-08  1.509110200152844e-01 
 5.615189443904985e-08  1.508527062899954e-01 
 5.617189443904985e-08  1.507945090091053e-01 
 5.619189443904985e-08  1.507364279403145e-01 
 5.621189443904985e-08  1.506784628513402e-01 
 5.623189443904986e-08  1.506206135108092e-01 
 5.625189443904986e-08  1.505628796873656e-01 
 5.627189443904986e-08  1.505052611505593e-01 
 5.629189443904986e-08  1.504477576699576e-01 
 5.631189443904987e-08  1.503903690160296e-01 
 5.633189443904987e-08  1.503330949592622e-01 
 5.635189443904987e-08  1.502759352710400e-01 
 5.637189443904988e-08  1.502188897227659e-01 
 5.639189443904988e-08  1.501619580867363e-01 
 5.641189443904988e-08  1.501051401352663e-01 
 5.643189443904988e-08  1.500484356415607e-01 
 5.645189443904989e-08  1.499918443788432e-01 
 5.647189443904989e-08  1.499353661212233e-01 
 5.649189443904989e-08  1.498790006428296e-01 
 5.651189443904990e-08  1.498227477186725e-01 
 5.653189443904990e-08  1.497666071237823e-01 
 5.655189443904990e-08  1.497105786340667e-01 
 5.657189443904990e-08  1.496546620254536e-01 
 5.659189443904991e-08  1.495988570747446e-01 
 5.661189443904991e-08  1.495431635587621e-01 
 5.663189443904991e-08  1.494875812551979e-01 
 5.665189443904992e-08  1.494321099417647e-01 
 5.667189443904992e-08  1.493767493970413e-01 
 5.669189443904992e-08  1.493214993996275e-01 
 5.671189443904992e-08  1.492663597289852e-01 
 5.673189443904993e-08  1.492113301645978e-01 
 5.675189443904993e-08  1.491564104868068e-01 
 5.677189443904993e-08  1.491016004759758e-01 
 5.679189443904994e-08  1.490468999133225e-01 
 5.681189443904994e-08  1.489923085800866e-01 
 5.683189443904994e-08  1.489378262583586e-01 
 5.685189443904994e-08  1.488834527302516e-01 
 5.687189443904995e-08  1.488291877787249e-01 
 5.689189443904995e-08  1.487750311867613e-01 
 5.691189443904995e-08  1.487209827381858e-01 
 5.693189443904996e-08  1.486670422168471e-01 
 5.695189443904996e-08  1.486132094074327e-01 
 5.697189443904996e-08  1.485594840946537e-01 
 5.699189443904996e-08  1.485058660640566e-01 
 5.701189443904997e-08  1.484523551012117e-01 
 5.703189443904997e-08  1.483989509925206e-01 
 5.705189443904997e-08  1.483456535244094e-01 
 5.707189443904998e-08  1.482924624841319e-01 
 5.709189443904998e-08  1.482393776589665e-01 
 5.711189443904998e-08  1.481863988370155e-01 
 5.713189443904998e-08  1.481335258064062e-01 
 5.715189443904999e-08  1.480807583560861e-01 
 5.717189443904999e-08  1.480280962750280e-01 
 5.719189443904999e-08  1.479755393530214e-01 
 5.721189443904999e-08  1.479230873798811e-01 
 5.723189443905000e-08  1.478707401462351e-01 
 5.725189443905000e-08  1.478184974427370e-01 
 5.727189443905000e-08  1.477663590608499e-01 
 5.729189443905001e-08  1.477143247920630e-01 
 5.731189443905001e-08  1.476623944286710e-01 
 5.733189443905001e-08  1.476105677629952e-01 
 5.735189443905001e-08  1.475588445881590e-01 
 5.737189443905002e-08  1.475072246973123e-01 
 5.739189443905002e-08  1.474557078844038e-01 
 5.741189443905002e-08  1.474042939434088e-01 
 5.743189443905003e-08  1.473529826690979e-01 
 5.745189443905003e-08  1.473017738562688e-01 
 5.747189443905003e-08  1.472506673005104e-01 
 5.749189443905003e-08  1.471996627974394e-01 
 5.751189443905004e-08  1.471487601434600e-01 
 5.753189443905004e-08  1.470979591350046e-01 
 5.755189443905004e-08  1.470472595692895e-01 
 5.757189443905005e-08  1.469966612435595e-01 
 5.759189443905005e-08  1.469461639558397e-01 
 5.761189443905005e-08  1.468957675041840e-01 
 5.763189443905005e-08  1.468454716874233e-01 
 5.765189443905006e-08  1.467952763044174e-01 
 5.767189443905006e-08  1.467451811547994e-01 
 5.769189443905006e-08  1.466951860382320e-01 
 5.771189443905007e-08  1.466452907551474e-01 
 5.773189443905007e-08  1.465954951060076e-01 
 5.775189443905007e-08  1.465457988920413e-01 
 5.777189443905007e-08  1.464962019145064e-01 
 5.779189443905008e-08  1.464467039754246e-01 
 5.781189443905008e-08  1.463973048768470e-01 
 5.783189443905008e-08  1.463480044215849e-01 
 5.785189443905009e-08  1.462988024124794e-01 
 5.787189443905009e-08  1.462496986531283e-01 
 5.789189443905009e-08  1.462006929471595e-01 
 5.791189443905009e-08  1.461517850989541e-01 
 5.793189443905010e-08  1.461029749129238e-01 
 5.795189443905010e-08  1.460542621942300e-01 
 5.797189443905010e-08  1.460056467480650e-01 
 5.799189443905011e-08  1.459571283803671e-01 
 5.801189443905011e-08  1.459087068971061e-01 
 5.803189443905011e-08  1.458603821049946e-01 
 5.805189443905011e-08  1.458121538107765e-01 
 5.807189443905012e-08  1.457640218219354e-01 
 5.809189443905012e-08  1.457159859459866e-01 
 5.811189443905012e-08  1.456680459911814e-01 
 5.813189443905012e-08  1.456202017658032e-01 
 5.815189443905013e-08  1.455724530788684e-01 
 5.817189443905013e-08  1.455247997394254e-01 
 5.819189443905013e-08  1.454772415572522e-01 
 5.821189443905014e-08  1.454297783421594e-01 
 5.823189443905014e-08  1.453824099046837e-01 
 5.825189443905014e-08  1.453351360553946e-01 
 5.827189443905014e-08  1.452879566055847e-01 
 5.829189443905015e-08  1.452408713665795e-01 
 5.831189443905015e-08  1.451938801504242e-01 
 5.833189443905015e-08  1.451469827691971e-01 
 5.835189443905016e-08  1.451001790356933e-01 
 5.837189443905016e-08  1.450534687627411e-01 
 5.839189443905016e-08  1.450068517638821e-01 
 5.841189443905016e-08  1.449603278526917e-01 
 5.843189443905017e-08  1.449138968434553e-01 
 5.845189443905017e-08  1.448675585504921e-01 
 5.847189443905017e-08  1.448213127888283e-01 
 5.849189443905018e-08  1.447751593735242e-01 
 5.851189443905018e-08  1.447290981203437e-01 
 5.853189443905018e-08  1.446831288450851e-01 
 5.855189443905018e-08  1.446372513642473e-01 
 5.857189443905019e-08  1.445914654943638e-01 
 5.859189443905019e-08  1.445457710526653e-01 
 5.861189443905019e-08  1.445001678564174e-01 
 5.863189443905020e-08  1.444546557235799e-01 
 5.865189443905020e-08  1.444092344721477e-01 
 5.867189443905020e-08  1.443639039208065e-01 
 5.869189443905020e-08  1.443186638882777e-01 
 5.871189443905021e-08  1.442735141939703e-01 
 5.873189443905021e-08  1.442284546573289e-01 
 5.875189443905021e-08  1.441834850984831e-01 
 5.877189443905022e-08  1.441386053375978e-01 
 5.879189443905022e-08  1.440938151955202e-01 
 5.881189443905022e-08  1.440491144931328e-01 
 5.883189443905022e-08  1.440045030519975e-01 
 5.885189443905023e-08  1.439599806937116e-01 
 5.887189443905023e-08  1.439155472405485e-01 
 5.889189443905023e-08  1.438712025148177e-01 
 5.891189443905024e-08  1.438269463395016e-01 
 5.893189443905024e-08  1.437827785376186e-01 
 5.895189443905024e-08  1.437386989328571e-01 
 5.897189443905024e-08  1.436947073489420e-01 
 5.899189443905025e-08  1.436508036102649e-01 
 5.901189443905025e-08  1.436069875412542e-01 
 5.903189443905025e-08  1.435632589670019e-01 
 5.905189443905025e-08  1.435196177126369e-01 
 5.907189443905026e-08  1.434760636039492e-01 
 5.909189443905026e-08  1.434325964667655e-01 
 5.911189443905026e-08  1.433892161275705e-01 
 5.913189443905027e-08  1.433459224128860e-01 
 5.915189443905027e-08  1.433027151498889e-01 
 5.917189443905027e-08  1.432595941657933e-01 
 5.919189443905027e-08  1.432165592884653e-01 
 5.921189443905028e-08  1.431736103458087e-01 
 5.923189443905028e-08  1.431307471663763e-01 
 5.925189443905028e-08  1.430879695787584e-01 
 5.927189443905029e-08  1.430452774121918e-01 
 5.929189443905029e-08  1.430026704959509e-01 
 5.931189443905029e-08  1.429601486599535e-01 
 5.933189443905029e-08  1.429177117341556e-01 
 5.935189443905030e-08  1.428753595491531e-01 
 5.937189443905030e-08  1.428330919355807e-01 
 5.939189443905030e-08  1.427909087247101e-01 
 5.941189443905031e-08  1.427488097478516e-01 
 5.943189443905031e-08  1.427067948369502e-01 
 5.945189443905031e-08  1.426648638239895e-01 
 5.947189443905031e-08  1.426230165415847e-01 
 5.949189443905032e-08  1.425812528223897e-01 
 5.951189443905032e-08  1.425395724996876e-01 
 5.953189443905032e-08  1.424979754068000e-01 
 5.955189443905033e-08  1.424564613776750e-01 
 5.957189443905033e-08  1.424150302462996e-01 
 5.959189443905033e-08  1.423736818472839e-01 
 5.961189443905033e-08  1.423324160152776e-01 
 5.963189443905033e-08  1.422912325855505e-01 
 5.965189443905033e-08  1.422501313934121e-01 
 5.967189443905032e-08  1.422091122747894e-01 
 5.969189443905032e-08  1.421681750656488e-01 
 5.971189443905031e-08  1.421273196025720e-01 
 5.973189443905031e-08  1.420865457221802e-01 
 5.975189443905031e-08  1.420458532617067e-01 
 5.977189443905030e-08  1.420052420584246e-01 
 5.979189443905030e-08  1.419647119502166e-01 
 5.981189443905030e-08  1.419242627750052e-01 
 5.983189443905029e-08  1.418838943713196e-01 
 5.985189443905029e-08  1.418436065777293e-01 
 5.987189443905028e-08  1.418033992334075e-01 
 5.989189443905028e-08  1.417632721775679e-01 
 5.991189443905028e-08  1.417232252500252e-01 
 5.993189443905027e-08  1.416832582906347e-01 
 5.995189443905027e-08  1.416433711398501e-01 
 5.997189443905027e-08  1.416035636381659e-01 
 5.999189443905026e-08  1.415638356266721e-01 
 6.001189443905026e-08  1.415241869464994e-01 
 6.003189443905025e-08  1.414846174393722e-01 
 6.005189443905025e-08  1.414451269470550e-01 
 6.007189443905025e-08  1.414057153119034e-01 
 6.009189443905024e-08  1.413663823763136e-01 
 6.011189443905024e-08  1.413271279832699e-01 
 6.013189443905024e-08  1.412879519757973e-01 
 6.015189443905023e-08  1.412488541975065e-01 
 6.017189443905023e-08  1.412098344920490e-01 
 6.019189443905022e-08  1.411708927036594e-01 
 6.021189443905022e-08  1.411320286766130e-01 
 6.023189443905022e-08  1.410932422557655e-01 
 6.025189443905021e-08  1.410545332860140e-01 
 6.027189443905021e-08  1.410159016128330e-01 
 6.029189443905021e-08  1.409773470817385e-01 
 6.031189443905020e-08  1.409388695388212e-01 
 6.033189443905020e-08  1.409004688302138e-01 
 6.035189443905019e-08  1.408621448026209e-01 
 6.037189443905019e-08  1.408238973027890e-01 
 6.039189443905019e-08  1.407857261780346e-01 
 6.041189443905018e-08  1.407476312757155e-01 
 6.043189443905018e-08  1.407096124437571e-01 
 6.045189443905017e-08  1.406716695301266e-01 
 6.047189443905017e-08  1.406338023833559e-01 
 6.049189443905017e-08  1.405960108520190e-01 
 6.051189443905016e-08  1.405582947852519e-01 
 6.053189443905016e-08  1.405206540322328e-01 
 6.055189443905016e-08  1.404830884426996e-01 
 6.057189443905015e-08  1.404455978664323e-01 
 6.059189443905015e-08  1.404081821537682e-01 
 6.061189443905014e-08  1.403708411550868e-01 
 6.063189443905014e-08  1.403335747213222e-01 
 6.065189443905014e-08  1.402963827034512e-01 
 6.067189443905013e-08  1.402592649530026e-01 
 6.069189443905013e-08  1.402222213215477e-01 
 6.071189443905013e-08  1.401852516612076e-01 
 6.073189443905012e-08  1.401483558241457e-01 
 6.075189443905012e-08  1.401115336630732e-01 
 6.077189443905011e-08  1.400747850307434e-01 
 6.079189443905011e-08  1.400381097804551e-01 
 6.081189443905011e-08  1.400015077655492e-01 
 6.083189443905010e-08  1.399649788399095e-01 
 6.085189443905010e-08  1.399285228574623e-01 
 6.087189443905010e-08  1.398921396726741e-01 
 6.089189443905009e-08  1.398558291400543e-01 
 6.091189443905009e-08  1.398195911146498e-01 
 6.093189443905008e-08  1.397834254515507e-01 
 6.095189443905008e-08  1.397473320063821e-01 
 6.097189443905008e-08  1.397113106348121e-01 
 6.099189443905007e-08  1.396753611930420e-01 
 6.101189443905007e-08  1.396394835373158e-01 
 6.103189443905006e-08  1.396036775244084e-01 
 6.105189443905006e-08  1.395679430111375e-01 
 6.107189443905006e-08  1.395322798548490e-01 
 6.109189443905005e-08  1.394966879129323e-01 
 6.111189443905005e-08  1.394611670433023e-01 
 6.113189443905005e-08  1.394257171039175e-01 
 6.115189443905004e-08  1.393903379532595e-01 
 6.117189443905004e-08  1.393550294498536e-01 
 6.119189443905003e-08  1.393197914527461e-01 
 6.121189443905003e-08  1.392846238210267e-01 
 6.123189443905003e-08  1.392495264143038e-01 
 6.125189443905002e-08  1.392144990922297e-01 
 6.127189443905002e-08  1.391795417149728e-01 
 6.129189443905002e-08  1.391446541427452e-01 
 6.131189443905001e-08  1.391098362362732e-01 
 6.133189443905001e-08  1.390750878563268e-01 
 6.135189443905000e-08  1.390404088641879e-01 
 6.137189443905000e-08  1.390057991211820e-01 
 6.139189443905000e-08  1.389712584891442e-01 
 6.141189443904999e-08  1.389367868299537e-01 
 6.143189443904999e-08  1.389023840059966e-01 
 6.145189443904999e-08  1.388680498797031e-01 
 6.147189443904998e-08  1.388337843140085e-01 
 6.149189443904998e-08  1.387995871718920e-01 
 6.151189443904997e-08  1.387654583168353e-01 
 6.153189443904997e-08  1.387313976123645e-01 
 6.155189443904997e-08  1.386974049225061e-01 
 6.157189443904996e-08  1.386634801113307e-01 
 6.159189443904996e-08  1.386296230434071e-01 
 6.161189443904995e-08  1.385958335833484e-01 
 6.163189443904995e-08  1.385621115962636e-01 
 6.165189443904995e-08  1.385284569473060e-01 
 6.167189443904994e-08  1.384948695021228e-01 
 6.169189443904994e-08  1.384613491264054e-01 
 6.171189443904994e-08  1.384278956863368e-01 
 6.173189443904993e-08  1.383945090481445e-01 
 6.175189443904993e-08  1.383611890785452e-01 
 6.177189443904992e-08  1.383279356443003e-01 
 6.179189443904992e-08  1.382947486126582e-01 
 6.181189443904992e-08  1.382616278509117e-01 
 6.183189443904991e-08  1.382285732268389e-01 
 6.185189443904991e-08  1.381955846082623e-01 
 6.187189443904991e-08  1.381626618634874e-01 
 6.189189443904990e-08  1.381298048608642e-01 
 6.191189443904990e-08  1.380970134692233e-01 
 6.193189443904989e-08  1.380642875574401e-01 
 6.195189443904989e-08  1.380316269948687e-01 
 6.197189443904989e-08  1.379990316509075e-01 
 6.199189443904988e-08  1.379665013954317e-01 
 6.201189443904988e-08  1.379340360983611e-01 
 6.203189443904988e-08  1.379016356300897e-01 
 6.205189443904987e-08  1.378692998610565e-01 
 6.207189443904987e-08  1.378370286621726e-01 
 6.209189443904986e-08  1.378048219043940e-01 
 6.211189443904986e-08  1.377726794591466e-01 
 6.213189443904986e-08  1.377406011979014e-01 
 6.215189443904985e-08  1.377085869925972e-01 
 6.217189443904985e-08  1.376766367152179e-01 
 6.219189443904984e-08  1.376447502382130e-01 
 6.221189443904984e-08  1.376129274340775e-01 
 6.223189443904984e-08  1.375811681757696e-01 
 6.225189443904983e-08  1.375494723362929e-01 
 6.227189443904983e-08  1.375178397891126e-01 
 6.229189443904983e-08  1.374862704077389e-01 
 6.231189443904982e-08  1.374547640661420e-01 
 6.233189443904982e-08  1.374233206383367e-01 
 6.235189443904981e-08  1.373919399987959e-01 
 6.237189443904981e-08  1.373606220220372e-01 
 6.239189443904981e-08  1.373293665830343e-01 
 6.241189443904980e-08  1.372981735568055e-01 
 6.243189443904980e-08  1.372670428188230e-01 
 6.245189443904980e-08  1.372359742446041e-01 
 6.247189443904979e-08  1.372049677101176e-01 
 6.249189443904979e-08  1.371740230913777e-01 
 6.251189443904978e-08  1.371431402648479e-01 
 6.253189443904978e-08  1.371123191070370e-01 
 6.255189443904978e-08  1.370815594949014e-01 
 6.257189443904977e-08  1.370508613054428e-01 
 6.259189443904977e-08  1.370202244161083e-01 
 6.261189443904977e-08  1.369896487043903e-01 
 6.263189443904976e-08  1.369591340482250e-01 
 6.265189443904976e-08  1.369286803255937e-01 
 6.267189443904975e-08  1.368982874149192e-01 
 6.269189443904975e-08  1.368679551946699e-01 
 6.271189443904975e-08  1.368376835437537e-01 
 6.273189443904974e-08  1.368074723411238e-01 
 6.275189443904974e-08  1.367773214661711e-01 
 6.277189443904973e-08  1.367472307983320e-01 
 6.279189443904973e-08  1.367172002174785e-01 
 6.281189443904973e-08  1.366872296035279e-01 
 6.283189443904972e-08  1.366573188368314e-01 
 6.285189443904972e-08  1.366274677977857e-01 
 6.287189443904972e-08  1.365976763672193e-01 
 6.289189443904971e-08  1.365679444260059e-01 
 6.291189443904971e-08  1.365382718554496e-01 
 6.293189443904970e-08  1.365086585368995e-01 
 6.295189443904970e-08  1.364791043521329e-01 
 6.297189443904970e-08  1.364496091829725e-01 
 6.299189443904969e-08  1.364201729116673e-01 
 6.301189443904969e-08  1.363907954205116e-01 
 6.303189443904969e-08  1.363614765922240e-01 
 6.305189443904968e-08  1.363322163095685e-01 
 6.307189443904968e-08  1.363030144557315e-01 
 6.309189443904967e-08  1.362738709139450e-01 
 6.311189443904967e-08  1.362447855678614e-01 
 6.313189443904967e-08  1.362157583011783e-01 
 6.315189443904966e-08  1.361867889980125e-01 
 6.317189443904966e-08  1.361578775425257e-01 
 6.319189443904966e-08  1.361290238192969e-01 
 6.321189443904965e-08  1.361002277129501e-01 
 6.323189443904965e-08  1.360714891085245e-01 
 6.325189443904964e-08  1.360428078911048e-01 
 6.327189443904964e-08  1.360141839461886e-01 
 6.329189443904964e-08  1.359856171593191e-01 
 6.331189443904963e-08  1.359571074164509e-01 
 6.333189443904963e-08  1.359286546035837e-01 
 6.335189443904962e-08  1.359002586071272e-01 
 6.337189443904962e-08  1.358719193135360e-01 
 6.339189443904962e-08  1.358436366096727e-01 
 6.341189443904961e-08  1.358154103824452e-01 
 6.343189443904961e-08  1.357872405191674e-01 
 6.345189443904961e-08  1.357591269071985e-01 
 6.347189443904960e-08  1.357310694343018e-01 
 6.349189443904960e-08  1.357030679882860e-01 
 6.351189443904959e-08  1.356751224573621e-01 
 6.353189443904959e-08  1.356472327297867e-01 
 6.355189443904959e-08  1.356193986942165e-01 
 6.357189443904958e-08  1.355916202393541e-01 
 6.359189443904958e-08  1.355638972543004e-01 
 6.361189443904958e-08  1.355362296282020e-01 
 6.363189443904957e-08  1.355086172506023e-01 
 6.365189443904957e-08  1.354810600110902e-01 
 6.367189443904956e-08  1.354535577996496e-01 
 6.369189443904956e-08  1.354261105063102e-01 
 6.371189443904956e-08  1.353987180214946e-01 
 6.373189443904955e-08  1.353713802356714e-01 
 6.375189443904955e-08  1.353440970397004e-01 
 6.377189443904955e-08  1.353168683244871e-01 
 6.379189443904954e-08  1.352896939813268e-01 
 6.381189443904954e-08  1.352625739015602e-01 
 6.383189443904953e-08  1.352355079769162e-01 
 6.385189443904953e-08  1.352084960991694e-01 
 6.387189443904953e-08  1.351815381604804e-01 
 6.389189443904952e-08  1.351546340530556e-01 
 6.391189443904952e-08  1.351277836694859e-01 
 6.393189443904951e-08  1.351009869024077e-01 
 6.395189443904951e-08  1.350742436448404e-01 
 6.397189443904951e-08  1.350475537898490e-01 
 6.399189443904950e-08  1.350209172308795e-01 
 6.401189443904950e-08  1.349943338614236e-01 
 6.403189443904950e-08  1.349678035753524e-01 
 6.405189443904949e-08  1.349413262665826e-01 
 6.407189443904949e-08  1.349149018294086e-01 
 6.409189443904948e-08  1.348885301581705e-01 
 6.411189443904948e-08  1.348622111475843e-01 
 6.413189443904948e-08  1.348359446924118e-01 
 6.415189443904947e-08  1.348097306877891e-01 
 6.417189443904947e-08  1.347835690288977e-01 
 6.419189443904947e-08  1.347574596112919e-01 
 6.421189443904946e-08  1.347314023305718e-01 
 6.423189443904946e-08  1.347053970827084e-01 
 6.425189443904945e-08  1.346794437637180e-01 
 6.427189443904945e-08  1.346535422699867e-01 
 6.429189443904945e-08  1.346276924979460e-01 
 6.431189443904944e-08  1.346018943443951e-01 
 6.433189443904944e-08  1.345761477061789e-01 
 6.435189443904944e-08  1.345504524805082e-01 
 6.437189443904943e-08  1.345248085646394e-01 
 6.439189443904943e-08  1.344992158561935e-01 
 6.441189443904942e-08  1.344736742528369e-01 
 6.443189443904942e-08  1.344481836525990e-01 
 6.445189443904942e-08  1.344227439535546e-01 
 6.447189443904941e-08  1.343973550541396e-01 
 6.449189443904941e-08  1.343720168528357e-01 
 6.451189443904941e-08  1.343467292484840e-01 
 6.453189443904940e-08  1.343214921399712e-01 
 6.455189443904940e-08  1.342963054265421e-01 
 6.457189443904939e-08  1.342711690074865e-01 
 6.459189443904939e-08  1.342460827824514e-01 
 6.461189443904939e-08  1.342210466511287e-01 
 6.463189443904938e-08  1.341960605135653e-01 
 6.465189443904938e-08  1.341711242698536e-01 
 6.467189443904937e-08  1.341462378204391e-01 
 6.469189443904937e-08  1.341214010658129e-01 
 6.471189443904937e-08  1.340966139068178e-01 
 6.473189443904936e-08  1.340718762443418e-01 
 6.475189443904936e-08  1.340471879796231e-01 
 6.477189443904936e-08  1.340225490139454e-01 
 6.479189443904935e-08  1.339979592489410e-01 
 6.481189443904935e-08  1.339734185862874e-01 
 6.483189443904934e-08  1.339489269280092e-01 
 6.485189443904934e-08  1.339244841761762e-01 
 6.487189443904934e-08  1.339000902332039e-01 
 6.489189443904933e-08  1.338757450015531e-01 
 6.491189443904933e-08  1.338514483840285e-01 
 6.493189443904933e-08  1.338272002834799e-01 
 6.495189443904932e-08  1.338030006030996e-01 
 6.497189443904932e-08  1.337788492461254e-01 
 6.499189443904931e-08  1.337547461161358e-01 
 6.501189443904931e-08  1.337306911167545e-01 
 6.503189443904931e-08  1.337066841519448e-01 
 6.505189443904930e-08  1.336827251257149e-01 
 6.507189443904930e-08  1.336588139424111e-01 
 6.509189443904930e-08  1.336349505064247e-01 
 6.511189443904929e-08  1.336111347224838e-01 
 6.513189443904929e-08  1.335873664953610e-01 
 6.515189443904928e-08  1.335636457301644e-01 
 6.517189443904928e-08  1.335399723320467e-01 
 6.519189443904928e-08  1.335163462064944e-01 
 6.521189443904927e-08  1.334927672590390e-01 
 6.523189443904927e-08  1.334692353955437e-01 
 6.525189443904926e-08  1.334457505219170e-01 
 6.527189443904926e-08  1.334223125443978e-01 
 6.529189443904926e-08  1.333989213692700e-01 
 6.531189443904925e-08  1.333755769031464e-01 
 6.533189443904925e-08  1.333522790526850e-01 
 6.535189443904925e-08  1.333290277248710e-01 
 6.537189443904924e-08  1.333058228267349e-01 
 6.539189443904924e-08  1.332826642656330e-01 
 6.541189443904923e-08  1.332595519489668e-01 
 6.543189443904923e-08  1.332364857844622e-01 
 6.545189443904923e-08  1.332134656798901e-01 
 6.547189443904922e-08  1.331904915433446e-01 
 6.549189443904922e-08  1.331675632829643e-01 
 6.551189443904922e-08  1.331446808072103e-01 
 6.553189443904921e-08  1.331218440245878e-01 
 6.555189443904921e-08  1.330990528439228e-01 
 6.557189443904920e-08  1.330763071740858e-01 
 6.559189443904920e-08  1.330536069242662e-01 
 6.561189443904920e-08  1.330309520036983e-01 
 6.563189443904919e-08  1.330083423219340e-01 
 6.565189443904919e-08  1.329857777885694e-01 
 6.567189443904919e-08  1.329632583135174e-01 
 6.569189443904918e-08  1.329407838067350e-01 
 6.571189443904918e-08  1.329183541784942e-01 
 6.573189443904917e-08  1.328959693391114e-01 
 6.575189443904917e-08  1.328736291992165e-01 
 6.577189443904917e-08  1.328513336694839e-01 
 6.579189443904916e-08  1.328290826609000e-01 
 6.581189443904916e-08  1.328068760844954e-01 
 6.583189443904915e-08  1.327847138516117e-01 
 6.585189443904915e-08  1.327625958736347e-01 
 6.587189443904915e-08  1.327405220622594e-01 
 6.589189443904914e-08  1.327184923292254e-01 
 6.591189443904914e-08  1.326965065865800e-01 
 6.593189443904914e-08  1.326745647464147e-01 
 6.595189443904913e-08  1.326526667211279e-01 
 6.597189443904913e-08  1.326308124231619e-01 
 6.599189443904912e-08  1.326090017652643e-01 
 6.601189443904912e-08  1.325872346602271e-01 
 6.603189443904912e-08  1.325655110211458e-01 
 6.605189443904911e-08  1.325438307611604e-01 
 6.607189443904911e-08  1.325221937937131e-01 
 6.609189443904911e-08  1.325006000322904e-01 
 6.611189443904910e-08  1.324790493906800e-01 
 6.613189443904910e-08  1.324575417827135e-01 
 6.615189443904909e-08  1.324360771225225e-01 
 6.617189443904909e-08  1.324146553242824e-01 
 6.619189443904909e-08  1.323932763024674e-01 
 6.621189443904908e-08  1.323719399715954e-01 
 6.623189443904908e-08  1.323506462464817e-01 
 6.625189443904908e-08  1.323293950419853e-01 
 6.627189443904907e-08  1.323081862732614e-01 
 6.629189443904907e-08  1.322870198555088e-01 
 6.631189443904906e-08  1.322658957042210e-01 
 6.633189443904906e-08  1.322448137349352e-01 
 6.635189443904906e-08  1.322237738634820e-01 
 6.637189443904905e-08  1.322027760057357e-01 
 6.639189443904905e-08  1.321818200778626e-01 
 6.641189443904904e-08  1.321609059960727e-01 
 6.643189443904904e-08  1.321400336768669e-01 
 6.645189443904904e-08  1.321192030367894e-01 
 6.647189443904903e-08  1.320984139926741e-01 
 6.649189443904903e-08  1.320776664613985e-01 
 6.651189443904903e-08  1.320569603601280e-01 
 6.653189443904902e-08  1.320362956060717e-01 
 6.655189443904902e-08  1.320156721167256e-01 
 6.657189443904901e-08  1.319950898096293e-01 
 6.659189443904901e-08  1.319745486026078e-01 
 6.661189443904901e-08  1.319540484135296e-01 
 6.663189443904900e-08  1.319335891605476e-01 
 6.665189443904900e-08  1.319131707618582e-01 
 6.667189443904900e-08  1.318927931359407e-01 
 6.669189443904899e-08  1.318724562013178e-01 
 6.671189443904899e-08  1.318521598767941e-01 
 6.673189443904898e-08  1.318319040812175e-01 
 6.675189443904898e-08  1.318116887337163e-01 
 6.677189443904898e-08  1.317915137534623e-01 
 6.679189443904897e-08  1.317713790599066e-01 
 6.681189443904897e-08  1.317512845725433e-01 
 6.683189443904897e-08  1.317312302111449e-01 
 6.685189443904896e-08  1.317112158955267e-01 
 6.687189443904896e-08  1.316912415457812e-01 
 6.689189443904895e-08  1.316713070820439e-01 
 6.691189443904895e-08  1.316514124247259e-01 
 6.693189443904895e-08  1.316315574942814e-01 
 6.695189443904894e-08  1.316117422114389e-01 
 6.697189443904894e-08  1.315919664969701e-01 
 6.699189443904893e-08  1.315722302719198e-01 
 6.701189443904893e-08  1.315525334573757e-01 
 6.703189443904893e-08  1.315328759746976e-01 
 6.705189443904892e-08  1.315132577452883e-01 
 6.707189443904892e-08  1.314936786908210e-01 
 6.709189443904892e-08  1.314741387330121e-01 
 6.711189443904891e-08  1.314546377938476e-01 
 6.713189443904891e-08  1.314351757953561e-01 
 6.715189443904890e-08  1.314157526598347e-01 
 6.717189443904890e-08  1.313963683096232e-01 
 6.719189443904890e-08  1.313770226673288e-01 
 6.721189443904889e-08  1.313577156556012e-01 
 6.723189443904889e-08  1.313384471973561e-01 
 6.725189443904889e-08  1.313192172155520e-01 
 6.727189443904888e-08  1.313000256334120e-01 
 6.729189443904888e-08  1.312808723742020e-01 
 6.731189443904887e-08  1.312617573614517e-01 
 6.733189443904887e-08  1.312426805187329e-01 
 6.735189443904887e-08  1.312236417698804e-01 
 6.737189443904886e-08  1.312046410387710e-01 
 6.739189443904886e-08  1.311856782495432e-01 
 6.741189443904886e-08  1.311667533263778e-01 
 6.743189443904885e-08  1.311478661937158e-01 
 6.745189443904885e-08  1.311290167760405e-01 
 6.747189443904884e-08  1.311102049980944e-01 
 6.749189443904884e-08  1.310914307846620e-01 
 6.751189443904884e-08  1.310726940607862e-01 
 6.753189443904883e-08  1.310539947515516e-01 
 6.755189443904883e-08  1.310353327822999e-01 
 6.757189443904882e-08  1.310167080784149e-01 
 6.759189443904882e-08  1.309981205655361e-01 
 6.761189443904882e-08  1.309795701693448e-01 
 6.763189443904881e-08  1.309610568157774e-01 
 6.765189443904881e-08  1.309425804308117e-01 
 6.767189443904881e-08  1.309241409406793e-01 
 6.769189443904880e-08  1.309057382716538e-01 
 6.771189443904880e-08  1.308873723502608e-01 
 6.773189443904879e-08  1.308690431030680e-01 
 6.775189443904879e-08  1.308507504568944e-01 
 6.777189443904879e-08  1.308324943386005e-01 
 6.779189443904878e-08  1.308142746752973e-01 
 6.781189443904878e-08  1.307960913941372e-01 
 6.783189443904878e-08  1.307779444225217e-01 
 6.785189443904877e-08  1.307598336878942e-01 
 6.787189443904877e-08  1.307417591179459e-01 
 6.789189443904876e-08  1.307237206404094e-01 
 6.791189443904876e-08  1.307057181832644e-01 
 6.793189443904876e-08  1.306877516745319e-01 
 6.795189443904875e-08  1.306698210424790e-01 
 6.797189443904875e-08  1.306519262154141e-01 
 6.799189443904875e-08  1.306340671218901e-01 
 6.801189443904874e-08  1.306162436905014e-01 
 6.803189443904874e-08  1.305984558500861e-01 
 6.805189443904873e-08  1.305807035295237e-01 
 6.807189443904873e-08  1.305629866579360e-01 
 6.809189443904873e-08  1.305453051644862e-01 
 6.811189443904872e-08  1.305276589785791e-01 
 6.813189443904872e-08  1.305100480296604e-01 
 6.815189443904872e-08  1.304924722474163e-01 
 6.817189443904871e-08  1.304749315615744e-01 
 6.819189443904871e-08  1.304574259021014e-01 
 6.821189443904870e-08  1.304399551990050e-01 
 6.823189443904870e-08  1.304225193825314e-01 
 6.825189443904870e-08  1.304051183829677e-01 
 6.827189443904869e-08  1.303877521308383e-01 
 6.829189443904869e-08  1.303704205567084e-01 
 6.831189443904868e-08  1.303531235913797e-01 
 6.833189443904868e-08  1.303358611656945e-01 
 6.835189443904868e-08  1.303186332107302e-01 
 6.837189443904867e-08  1.303014396576052e-01 
 6.839189443904867e-08  1.302842804376721e-01 
 6.841189443904867e-08  1.302671554823240e-01 
 6.843189443904866e-08  1.302500647231872e-01 
 6.845189443904866e-08  1.302330080919288e-01 
 6.847189443904865e-08  1.302159855204478e-01 
 6.849189443904865e-08  1.301989969406839e-01 
 6.851189443904865e-08  1.301820422848077e-01 
 6.853189443904864e-08  1.301651214850305e-01 
 6.855189443904864e-08  1.301482344737936e-01 
 6.857189443904864e-08  1.301313811835789e-01 
 6.859189443904863e-08  1.301145615470970e-01 
 6.861189443904863e-08  1.300977754970991e-01 
 6.863189443904862e-08  1.300810229665645e-01 
 6.865189443904862e-08  1.300643038885127e-01 
 6.867189443904862e-08  1.300476181961902e-01 
 6.869189443904861e-08  1.300309658228839e-01 
 6.871189443904861e-08  1.300143467021065e-01 
 6.873189443904861e-08  1.299977607674112e-01 
 6.875189443904860e-08  1.299812079525760e-01 
 6.877189443904860e-08  1.299646881914191e-01 
 6.879189443904859e-08  1.299482014179827e-01 
 6.881189443904859e-08  1.299317475663490e-01 
 6.883189443904859e-08  1.299153265708235e-01 
 6.885189443904858e-08  1.298989383657514e-01 
 6.887189443904858e-08  1.298825828857001e-01 
 6.889189443904857e-08  1.298662600652768e-01 
 6.891189443904857e-08  1.298499698393101e-01 
 6.893189443904857e-08  1.298337121426683e-01 
 6.895189443904856e-08  1.298174869104396e-01 
 6.897189443904856e-08  1.298012940777521e-01 
 6.899189443904856e-08  1.297851335799532e-01 
 6.901189443904855e-08  1.297690053524300e-01 
 6.903189443904855e-08  1.297529093307876e-01 
 6.905189443904854e-08  1.297368454506710e-01 
 6.907189443904854e-08  1.297208136479422e-01 
 6.909189443904854e-08  1.297048138585028e-01 
 6.911189443904853e-08  1.296888460184707e-01 
 6.913189443904853e-08  1.296729100640036e-01 
 6.915189443904853e-08  1.296570059314739e-01 
 6.917189443904852e-08  1.296411335572942e-01 
 6.919189443904852e-08  1.296252928780907e-01 
 6.921189443904851e-08  1.296094838305296e-01 
 6.923189443904851e-08  1.295937063514902e-01 
 6.925189443904851e-08  1.295779603778911e-01 
 6.927189443904850e-08  1.295622458468635e-01 
 6.929189443904850e-08  1.295465626955780e-01 
 6.931189443904850e-08  1.295309108614162e-01 
 6.933189443904849e-08  1.295152902817995e-01 
 6.935189443904849e-08  1.294997008943594e-01 
 6.937189443904848e-08  1.294841426367670e-01 
 6.939189443904848e-08  1.294686154469026e-01 
 6.941189443904848e-08  1.294531192626859e-01 
 6.943189443904847e-08  1.294376540222451e-01 
 6.945189443904847e-08  1.294222196637475e-01 
 6.947189443904846e-08  1.294068161255683e-01 
 6.949189443904846e-08  1.293914433461216e-01 
 6.951189443904846e-08  1.293761012640282e-01 
 6.953189443904845e-08  1.293607898179479e-01 
 6.955189443904845e-08  1.293455089467465e-01 
 6.957189443904845e-08  1.293302585893287e-01 
 6.959189443904844e-08  1.293150386848039e-01 
 6.961189443904844e-08  1.292998491723207e-01 
 6.963189443904843e-08  1.292846899912314e-01 
 6.965189443904843e-08  1.292695610809274e-01 
 6.967189443904843e-08  1.292544623810031e-01 
 6.969189443904842e-08  1.292393938310915e-01 
 6.971189443904842e-08  1.292243553710280e-01 
 6.973189443904842e-08  1.292093469406867e-01 
 6.975189443904841e-08  1.291943684801428e-01 
 6.977189443904841e-08  1.291794199295104e-01 
 6.979189443904840e-08  1.291645012291039e-01 
 6.981189443904840e-08  1.291496123192759e-01 
 6.983189443904840e-08  1.291347531405793e-01 
 6.985189443904839e-08  1.291199236336047e-01 
 6.987189443904839e-08  1.291051237391420e-01 
 6.989189443904839e-08  1.290903533980190e-01 
 6.991189443904838e-08  1.290756125512616e-01 
 6.993189443904838e-08  1.290609011399338e-01 
 6.995189443904837e-08  1.290462191052967e-01 
 6.997189443904837e-08  1.290315663886497e-01 
 6.999189443904837e-08  1.290169429314881e-01 
 7.001189443904836e-08  1.290023486753454e-01 
 7.003189443904836e-08  1.289877835619504e-01 
 7.005189443904835e-08  1.289732475330700e-01 
 7.007189443904835e-08  1.289587405306653e-01 
 7.009189443904835e-08  1.289442624967357e-01 
 7.011189443904834e-08  1.289298133734737e-01 
 7.013189443904834e-08  1.289153931031101e-01 
 7.015189443904834e-08  1.289010016280682e-01 
 7.017189443904833e-08  1.288866388908090e-01 
 7.019189443904833e-08  1.288723048339859e-01 
 7.021189443904832e-08  1.288579994002893e-01 
 7.023189443904832e-08  1.288437225326012e-01 
 7.025189443904832e-08  1.288294741738409e-01 
 7.027189443904831e-08  1.288152542671182e-01 
 7.029189443904831e-08  1.288010627555803e-01 
 7.031189443904831e-08  1.287868995825636e-01 
 7.033189443904830e-08  1.287727646914423e-01 
 7.035189443904830e-08  1.287586580257790e-01 
 7.037189443904829e-08  1.287445795291738e-01 
 7.039189443904829e-08  1.287305291454144e-01 
 7.041189443904829e-08  1.287165068183258e-01 
 7.043189443904828e-08  1.287025124919202e-01 
 7.045189443904828e-08  1.286885461102467e-01 
 7.047189443904828e-08  1.286746076175407e-01 
 7.049189443904827e-08  1.286606969580747e-01 
 7.051189443904827e-08  1.286468140763065e-01 
 7.053189443904826e-08  1.286329589167309e-01 
 7.055189443904826e-08  1.286191314240274e-01 
 7.057189443904826e-08  1.286053315429122e-01 
 7.059189443904825e-08  1.285915592182856e-01 
 7.061189443904825e-08  1.285778143950843e-01 
 7.063189443904824e-08  1.285640970184282e-01 
 7.065189443904824e-08  1.285504070334740e-01 
 7.067189443904824e-08  1.285367443855605e-01 
 7.069189443904823e-08  1.285231090200632e-01 
 7.071189443904823e-08  1.285095008825390e-01 
 7.073189443904823e-08  1.284959199185813e-01 
 7.075189443904822e-08  1.284823660739641e-01 
 7.077189443904822e-08  1.284688392944981e-01 
 7.079189443904821e-08  1.284553395261736e-01 
 7.081189443904821e-08  1.284418667150173e-01 
 7.083189443904821e-08  1.284284208072350e-01 
 7.085189443904820e-08  1.284150017490691e-01 
 7.087189443904820e-08  1.284016094869397e-01 
 7.089189443904820e-08  1.283882439673036e-01 
 7.091189443904819e-08  1.283749051367950e-01 
 7.093189443904819e-08  1.283615929420842e-01 
 7.095189443904818e-08  1.283483073300181e-01 
 7.097189443904818e-08  1.283350482474800e-01 
 7.099189443904818e-08  1.283218156415289e-01 
 7.101189443904817e-08  1.283086094592599e-01 
 7.103189443904817e-08  1.282954296479431e-01 
 7.105189443904817e-08  1.282822761548849e-01 
 7.107189443904816e-08  1.282691489275657e-01 
 7.109189443904816e-08  1.282560479135021e-01 
 7.111189443904815e-08  1.282429730603842e-01 
 7.113189443904815e-08  1.282299243159378e-01 
 7.115189443904815e-08  1.282169016280617e-01 
 7.117189443904814e-08  1.282039049446905e-01 
 7.119189443904814e-08  1.281909342139306e-01 
 7.121189443904813e-08  1.281779893839244e-01 
 7.123189443904813e-08  1.281650704029855e-01 
 7.125189443904813e-08  1.281521772194631e-01 
 7.127189443904812e-08  1.281393097818769e-01 
 7.129189443904812e-08  1.281264680387823e-01 
 7.131189443904812e-08  1.281136519389042e-01 
 7.133189443904811e-08  1.281008614310034e-01 
 7.135189443904811e-08  1.280880964640095e-01 
 7.137189443904810e-08  1.280753569868875e-01 
 7.139189443904810e-08  1.280626429487710e-01 
 7.141189443904810e-08  1.280499542988285e-01 
 7.143189443904809e-08  1.280372909863964e-01 
 7.145189443904809e-08  1.280246529608463e-01 
 7.147189443904809e-08  1.280120401717166e-01 
 7.149189443904808e-08  1.279994525685807e-01 
 7.151189443904808e-08  1.279868901011783e-01 
 7.153189443904807e-08  1.279743527192844e-01 
 7.155189443904807e-08  1.279618403728391e-01 
 7.157189443904807e-08  1.279493530118176e-01 
 7.159189443904806e-08  1.279368905863598e-01 
 7.161189443904806e-08  1.279244530466405e-01 
 7.163189443904806e-08  1.279120403429985e-01 
 7.165189443904805e-08  1.278996524258074e-01 
 7.167189443904805e-08  1.278872892456042e-01 
 7.169189443904804e-08  1.278749507529604e-01 
 7.171189443904804e-08  1.278626368986104e-01 
 7.173189443904804e-08  1.278503476333230e-01 
 7.175189443904803e-08  1.278380829080289e-01 
 7.177189443904803e-08  1.278258426736936e-01 
 7.179189443904802e-08  1.278136268814434e-01 
 7.181189443904802e-08  1.278014354824395e-01 
 7.183189443904802e-08  1.277892684280032e-01 
 7.185189443904801e-08  1.277771256694905e-01 
 7.187189443904801e-08  1.277650071584169e-01 
 7.189189443904801e-08  1.277529128463326e-01 
 7.191189443904800e-08  1.277408426849465e-01 
 7.193189443904800e-08  1.277287966260019e-01 
 7.195189443904799e-08  1.277167746214006e-01 
 7.197189443904799e-08  1.277047766230785e-01 
 7.199189443904799e-08  1.276928025831291e-01 
 7.201189443904798e-08  1.276808524536801e-01 
 7.203189443904798e-08  1.276689261870161e-01 
 7.205189443904798e-08  1.276570237354560e-01 
 7.207189443904797e-08  1.276451450514746e-01 
 7.209189443904797e-08  1.276332900875810e-01 
 7.211189443904796e-08  1.276214587964397e-01 
 7.213189443904796e-08  1.276096511307493e-01 
 7.215189443904796e-08  1.275978670433631e-01 
 7.217189443904795e-08  1.275861064871684e-01 
 7.219189443904795e-08  1.275743694152066e-01 
 7.221189443904795e-08  1.275626557805531e-01 
 7.223189443904794e-08  1.275509655364366e-01 
 7.225189443904794e-08  1.275392986361195e-01 
 7.227189443904793e-08  1.275276550330174e-01 
 7.229189443904793e-08  1.275160346805791e-01 
 7.231189443904793e-08  1.275044375324058e-01 
 7.233189443904792e-08  1.274928635421324e-01 
 7.235189443904792e-08  1.274813126635451e-01 
 7.237189443904792e-08  1.274697848504636e-01 
 7.239189443904791e-08  1.274582800568587e-01 
 7.241189443904791e-08  1.274467982367343e-01 
 7.243189443904790e-08  1.274353393442448e-01 
 7.245189443904790e-08  1.274239033335776e-01 
 7.247189443904790e-08  1.274124901590699e-01 
 7.249189443904789e-08  1.274010997750923e-01 
 7.251189443904789e-08  1.273897321361638e-01 
 7.253189443904788e-08  1.273783871968370e-01 
 7.255189443904788e-08  1.273670649118125e-01 
 7.257189443904788e-08  1.273557652358244e-01 
 7.259189443904787e-08  1.273444881237539e-01 
 7.261189443904787e-08  1.273332335305155e-01 
 7.263189443904787e-08  1.273220014111707e-01 
 7.265189443904786e-08  1.273107917208138e-01 
 7.267189443904786e-08  1.272996044146854e-01 
 7.269189443904785e-08  1.272884394480591e-01 
 7.271189443904785e-08  1.272772967763542e-01 
 7.273189443904785e-08  1.272661763550226e-01 
 7.275189443904784e-08  1.272550781396615e-01 
 7.277189443904784e-08  1.272440020859005e-01 
 7.279189443904784e-08  1.272329481495139e-01 
 7.281189443904783e-08  1.272219162863086e-01 
 7.283189443904783e-08  1.272109064522351e-01 
 7.285189443904782e-08  1.271999186032766e-01 
 7.287189443904782e-08  1.271889526955595e-01 
 7.289189443904782e-08  1.271780086852426e-01 
 7.291189443904781e-08  1.271670865286272e-01 
 7.293189443904781e-08  1.271561861820472e-01 
 7.295189443904781e-08  1.271453076019780e-01 
 7.297189443904780e-08  1.271344507449279e-01 
 7.299189443904780e-08  1.271236155675461e-01 
 7.301189443904779e-08  1.271128020265140e-01 
 7.303189443904779e-08  1.271020100786540e-01 
 7.305189443904779e-08  1.270912396808205e-01 
 7.307189443904778e-08  1.270804907900080e-01 
 7.309189443904778e-08  1.270697633632430e-01 
 7.311189443904777e-08  1.270590573576915e-01 
 7.313189443904777e-08  1.270483727305517e-01 
 7.315189443904777e-08  1.270377094391604e-01 
 7.317189443904776e-08  1.270270674408865e-01 
 7.319189443904776e-08  1.270164466932369e-01 
 7.321189443904776e-08  1.270058471537508e-01 
 7.323189443904775e-08  1.269952687801047e-01 
 7.325189443904775e-08  1.269847115300070e-01 
 7.327189443904774e-08  1.269741753613030e-01 
 7.329189443904774e-08  1.269636602318700e-01 
 7.331189443904774e-08  1.269531660997216e-01 
 7.333189443904773e-08  1.269426929229031e-01 
 7.335189443904773e-08  1.269322406595954e-01 
 7.337189443904773e-08  1.269218092680113e-01 
 7.339189443904772e-08  1.269113987064985e-01 
 7.341189443904772e-08  1.269010089334367e-01 
 7.343189443904771e-08  1.268906399073397e-01 
 7.345189443904771e-08  1.268802915867530e-01 
 7.347189443904771e-08  1.268699639303563e-01 
 7.349189443904770e-08  1.268596568968605e-01 
 7.351189443904770e-08  1.268493704451097e-01 
 7.353189443904770e-08  1.268391045339799e-01 
 7.355189443904769e-08  1.268288591224795e-01 
 7.357189443904769e-08  1.268186341696483e-01 
 7.359189443904768e-08  1.268084296346582e-01 
 7.361189443904768e-08  1.267982454767126e-01 
 7.363189443904768e-08  1.267880816551463e-01 
 7.365189443904767e-08  1.267779381293255e-01 
 7.367189443904767e-08  1.267678148587472e-01 
 7.369189443904766e-08  1.267577118029396e-01 
 7.371189443904766e-08  1.267476289215614e-01 
 7.373189443904766e-08  1.267375661743023e-01 
 7.375189443904765e-08  1.267275235209818e-01 
 7.377189443904765e-08  1.267175009214506e-01 
 7.379189443904765e-08  1.267074983356885e-01 
 7.381189443904764e-08  1.266975157237062e-01 
 7.383189443904764e-08  1.266875530456434e-01 
 7.385189443904763e-08  1.266776102616702e-01 
 7.387189443904763e-08  1.266676873320854e-01 
 7.389189443904763e-08  1.266577842172180e-01 
 7.391189443904762e-08  1.266479008775251e-01 
 7.393189443904762e-08  1.266380372734942e-01 
 7.395189443904762e-08  1.266281933657399e-01 
 7.397189443904761e-08  1.266183691149074e-01 
 7.399189443904761e-08  1.266085644817687e-01 
 7.401189443904760e-08  1.265987794271259e-01 
 7.403189443904760e-08  1.265890139119074e-01 
 7.405189443904760e-08  1.265792678970716e-01 
 7.407189443904759e-08  1.265695413437028e-01 
 7.409189443904759e-08  1.265598342129154e-01 
 7.411189443904759e-08  1.265501464659489e-01 
 7.413189443904758e-08  1.265404780640728e-01 
 7.415189443904758e-08  1.265308289686811e-01 
 7.417189443904757e-08  1.265211991411980e-01 
 7.419189443904757e-08  1.265115885431716e-01 
 7.421189443904757e-08  1.265019971361799e-01 
 7.423189443904756e-08  1.264924248819242e-01 
 7.425189443904756e-08  1.264828717421361e-01 
 7.427189443904755e-08  1.264733376786696e-01 
 7.429189443904755e-08  1.264638226534090e-01 
 7.431189443904755e-08  1.264543266283605e-01 
 7.433189443904754e-08  1.264448495655603e-01 
 7.435189443904754e-08  1.264353914271664e-01 
 7.437189443904754e-08  1.264259521753664e-01 
 7.439189443904753e-08  1.264165317724692e-01 
 7.441189443904753e-08  1.264071301808134e-01 
 7.443189443904752e-08  1.263977473628583e-01 
 7.445189443904752e-08  1.263883832810927e-01 
 7.447189443904752e-08  1.263790378981255e-01 
 7.449189443904751e-08  1.263697111765953e-01 
 7.451189443904751e-08  1.263604030792602e-01 
 7.453189443904751e-08  1.263511135689079e-01 
 7.455189443904750e-08  1.263418426084451e-01 
 7.457189443904750e-08  1.263325901608078e-01 
 7.459189443904749e-08  1.263233561890507e-01 
 7.461189443904749e-08  1.263141406562579e-01 
 7.463189443904749e-08  1.263049435256314e-01 
 7.465189443904748e-08  1.262957647604025e-01 
 7.467189443904748e-08  1.262866043239201e-01 
 7.469189443904748e-08  1.262774621795621e-01 
 7.471189443904747e-08  1.262683382908238e-01 
 7.473189443904747e-08  1.262592326212291e-01 
 7.475189443904746e-08  1.262501451344189e-01 
 7.477189443904746e-08  1.262410757940628e-01 
 7.479189443904746e-08  1.262320245639465e-01 
 7.481189443904745e-08  1.262229914078848e-01 
 7.483189443904745e-08  1.262139762898077e-01 
 7.485189443904744e-08  1.262049791736744e-01 
 7.487189443904744e-08  1.261960000235590e-01 
 7.489189443904744e-08  1.261870388035644e-01 
 7.491189443904743e-08  1.261780954779078e-01 
 7.493189443904743e-08  1.261691700108356e-01 
 7.495189443904743e-08  1.261602623667078e-01 
 7.497189443904742e-08  1.261513725099132e-01 
 7.499189443904742e-08  1.261425004049541e-01 
 7.501189443904741e-08  1.261336460163615e-01 
 7.503189443904741e-08  1.261248093087792e-01 
 7.505189443904741e-08  1.261159902468797e-01 
 7.507189443904740e-08  1.261071887954478e-01 
 7.509189443904740e-08  1.260984049192971e-01 
 7.511189443904740e-08  1.260896385833529e-01 
 7.513189443904739e-08  1.260808897525691e-01 
 7.515189443904739e-08  1.260721583920110e-01 
 7.517189443904738e-08  1.260634444667722e-01 
 7.519189443904738e-08  1.260547479420575e-01 
 7.521189443904738e-08  1.260460687830998e-01 
 7.523189443904737e-08  1.260374069552426e-01 
 7.525189443904737e-08  1.260287624238576e-01 
 7.527189443904737e-08  1.260201351544266e-01 
 7.529189443904736e-08  1.260115251124593e-01 
 7.531189443904736e-08  1.260029322635754e-01 
 7.533189443904735e-08  1.259943565734222e-01 
 7.535189443904735e-08  1.259857980077564e-01 
 7.537189443904735e-08  1.259772565323624e-01 
 7.539189443904734e-08  1.259687321131336e-01 
 7.541189443904734e-08  1.259602247159910e-01 
 7.543189443904733e-08  1.259517343069639e-01 
 7.545189443904733e-08  1.259432608521093e-01 
 7.547189443904733e-08  1.259348043175920e-01 
 7.549189443904732e-08  1.259263646696046e-01 
 7.551189443904732e-08  1.259179418744468e-01 
 7.553189443904732e-08  1.259095358984460e-01 
 7.555189443904731e-08  1.259011467080365e-01 
 7.557189443904731e-08  1.258927742696799e-01 
 7.559189443904730e-08  1.258844185499444e-01 
 7.561189443904730e-08  1.258760795154257e-01 
 7.563189443904730e-08  1.258677571328251e-01 
 7.565189443904729e-08  1.258594513688716e-01 
 7.567189443904729e-08  1.258511621903994e-01 
 7.569189443904729e-08  1.258428895642703e-01 
 7.571189443904728e-08  1.258346334574507e-01 
 7.573189443904728e-08  1.258263938369347e-01 
 7.575189443904727e-08  1.258181706698205e-01 
 7.577189443904727e-08  1.258099639232338e-01 
 7.579189443904727e-08  1.258017735644042e-01 
 7.581189443904726e-08  1.257935995605885e-01 
 7.583189443904726e-08  1.257854418791470e-01 
 7.585189443904726e-08  1.257773004874672e-01 
 7.587189443904725e-08  1.257691753530397e-01 
 7.589189443904725e-08  1.257610664433819e-01 
 7.591189443904724e-08  1.257529737261142e-01 
 7.593189443904724e-08  1.257448971688837e-01 
 7.595189443904724e-08  1.257368367394399e-01 
 7.597189443904723e-08  1.257287924055589e-01 
 7.599189443904723e-08  1.257207641351189e-01 
 7.601189443904722e-08  1.257127518960248e-01 
 7.603189443904722e-08  1.257047556562827e-01 
 7.605189443904722e-08  1.256967753839256e-01 
 7.607189443904721e-08  1.256888110470872e-01 
 7.609189443904721e-08  1.256808626139281e-01 
 7.611189443904721e-08  1.256729300527093e-01 
 7.613189443904720e-08  1.256650133317183e-01 
 7.615189443904720e-08  1.256571124193427e-01 
 7.617189443904719e-08  1.256492272839965e-01 
 7.619189443904719e-08  1.256413578941933e-01 
 7.621189443904719e-08  1.256335042184734e-01 
 7.623189443904718e-08  1.256256662254760e-01 
 7.625189443904718e-08  1.256178438838667e-01 
 7.627189443904718e-08  1.256100371624100e-01 
 7.629189443904717e-08  1.256022460298964e-01 
 7.631189443904717e-08  1.255944704552152e-01 
 7.633189443904716e-08  1.255867104072813e-01 
 7.635189443904716e-08  1.255789658551079e-01 
 7.637189443904716e-08  1.255712367677343e-01 
 7.639189443904715e-08  1.255635231142972e-01 
 7.641189443904715e-08  1.255558248639593e-01 
 7.643189443904715e-08  1.255481419859806e-01 
 7.645189443904714e-08  1.255404744496469e-01 
 7.647189443904714e-08  1.255328222243405e-01 
 7.649189443904713e-08  1.255251852794699e-01 
 7.651189443904713e-08  1.255175635845397e-01 
 7.653189443904713e-08  1.255099571090804e-01 
 7.655189443904712e-08  1.255023658227183e-01 
 7.657189443904712e-08  1.254947896951053e-01 
 7.659189443904712e-08  1.254872286959889e-01 
 7.661189443904711e-08  1.254796827951423e-01 
 7.663189443904711e-08  1.254721519624335e-01 
 7.665189443904710e-08  1.254646361677564e-01 
 7.667189443904710e-08  1.254571353810990e-01 
 7.669189443904710e-08  1.254496495724755e-01 
 7.671189443904709e-08  1.254421787119939e-01 
 7.673189443904709e-08  1.254347227697876e-01 
 7.675189443904708e-08  1.254272817160839e-01 
 7.677189443904708e-08  1.254198555211357e-01 
 7.679189443904708e-08  1.254124441552888e-01 
 7.681189443904707e-08  1.254050475889149e-01 
 7.683189443904707e-08  1.253976657924781e-01 
 7.685189443904707e-08  1.253902987364681e-01 
 7.687189443904706e-08  1.253829463914671e-01 
 7.689189443904706e-08  1.253756087280825e-01 
 7.691189443904705e-08  1.253682857170138e-01 
 7.693189443904705e-08  1.253609773289857e-01 
 7.695189443904705e-08  1.253536835348145e-01 
 7.697189443904704e-08  1.253464043053418e-01 
 7.699189443904704e-08  1.253391396115005e-01 
 7.701189443904704e-08  1.253318894242483e-01 
 7.703189443904703e-08  1.253246537146341e-01 
 7.705189443904703e-08  1.253174324537315e-01 
 7.707189443904702e-08  1.253102256127049e-01 
 7.709189443904702e-08  1.253030331627433e-01 
 7.711189443904702e-08  1.252958550751262e-01 
 7.713189443904701e-08  1.252886913211576e-01 
 7.715189443904701e-08  1.252815418722314e-01 
 7.717189443904701e-08  1.252744066997663e-01 
 7.719189443904700e-08  1.252672857752702e-01 
 7.721189443904700e-08  1.252601790702757e-01 
 7.723189443904699e-08  1.252530865564047e-01 
 7.725189443904699e-08  1.252460082053032e-01 
 7.727189443904699e-08  1.252389439887061e-01 
 7.729189443904698e-08  1.252318938783730e-01 
 7.731189443904698e-08  1.252248578461514e-01 
 7.733189443904697e-08  1.252178358639133e-01 
 7.735189443904697e-08  1.252108279036188e-01 
 7.737189443904697e-08  1.252038339372521e-01 
 7.739189443904696e-08  1.251968539368850e-01 
 7.741189443904696e-08  1.251898878746136e-01 
 7.743189443904696e-08  1.251829357226212e-01 
 7.745189443904695e-08  1.251759974531151e-01 
 7.747189443904695e-08  1.251690730383895e-01 
 7.749189443904694e-08  1.251621624507629e-01 
 7.751189443904694e-08  1.251552656626398e-01 
 7.753189443904694e-08  1.251483826464491e-01 
 7.755189443904693e-08  1.251415133747056e-01 
 7.757189443904693e-08  1.251346578199481e-01 
 7.759189443904693e-08  1.251278159548010e-01 
 7.761189443904692e-08  1.251209877519128e-01 
 7.763189443904692e-08  1.251141731840170e-01 
 7.765189443904691e-08  1.251073722238711e-01 
 7.767189443904691e-08  1.251005848443177e-01 
 7.769189443904691e-08  1.250938110182230e-01 
 7.771189443904690e-08  1.250870507185375e-01 
 7.773189443904690e-08  1.250803039182360e-01 
 7.775189443904690e-08  1.250735705903770e-01 
 7.777189443904689e-08  1.250668507080429e-01 
 7.779189443904689e-08  1.250601442443998e-01 
 7.781189443904688e-08  1.250534511726375e-01 
 7.783189443904688e-08  1.250467714660291e-01 
 7.785189443904688e-08  1.250401050978715e-01 
 7.787189443904687e-08  1.250334520415443e-01 
 7.789189443904687e-08  1.250268122704509e-01 
 7.791189443904686e-08  1.250201857580772e-01 
 7.793189443904686e-08  1.250135724779327e-01 
 7.795189443904686e-08  1.250069724036090e-01 
 7.797189443904685e-08  1.250003855087215e-01 
 7.799189443904685e-08  1.249938117669671e-01 
 7.801189443904685e-08  1.249872511520662e-01 
 7.803189443904684e-08  1.249807036378209e-01 
 7.805189443904684e-08  1.249741691980564e-01 
 7.807189443904683e-08  1.249676478066793e-01 
 7.809189443904683e-08  1.249611394376192e-01 
 7.811189443904683e-08  1.249546440648869e-01 
 7.813189443904682e-08  1.249481616625161e-01 
 7.815189443904682e-08  1.249416922046210e-01 
 7.817189443904682e-08  1.249352356653391e-01 
 7.819189443904681e-08  1.249287920188878e-01 
 7.821189443904681e-08  1.249223612395079e-01 
 7.823189443904680e-08  1.249159433015195e-01 
 7.825189443904680e-08  1.249095381792662e-01 
 7.827189443904680e-08  1.249031458471707e-01 
 7.829189443904679e-08  1.248967662796787e-01 
 7.831189443904679e-08  1.248903994513153e-01 
 7.833189443904679e-08  1.248840453366280e-01 
 7.835189443904678e-08  1.248777039102434e-01 
 7.837189443904678e-08  1.248713751468107e-01 
 7.839189443904677e-08  1.248650590210577e-01 
 7.841189443904677e-08  1.248587555077347e-01 
 7.843189443904677e-08  1.248524645816704e-01 
 7.845189443904676e-08  1.248461862177158e-01 
 7.847189443904676e-08  1.248399203908001e-01 
 7.849189443904675e-08  1.248336670758745e-01 
 7.851189443904675e-08  1.248274262479682e-01 
 7.853189443904675e-08  1.248211978821327e-01 
 7.855189443904674e-08  1.248149819534964e-01 
 7.857189443904674e-08  1.248087784372104e-01 
 7.859189443904674e-08  1.248025873085026e-01 
 7.861189443904673e-08  1.247964085426230e-01 
 7.863189443904673e-08  1.247902421148983e-01 
 7.865189443904672e-08  1.247840880006775e-01 
 7.867189443904672e-08  1.247779461753856e-01 
 7.869189443904672e-08  1.247718166144699e-01 
 7.871189443904671e-08  1.247656992934534e-01 
 7.873189443904671e-08  1.247595941878815e-01 
 7.875189443904671e-08  1.247535012733749e-01 
 7.877189443904670e-08  1.247474205255764e-01 
 7.879189443904670e-08  1.247413519202040e-01 
 7.881189443904669e-08  1.247352954329977e-01 
 7.883189443904669e-08  1.247292510397725e-01 
 7.885189443904669e-08  1.247232187163651e-01 
 7.887189443904668e-08  1.247171984386869e-01 
 7.889189443904668e-08  1.247111901826712e-01 
 7.891189443904668e-08  1.247051939243253e-01 
 7.893189443904667e-08  1.246992096396785e-01 
 7.895189443904667e-08  1.246932373048341e-01 
 7.897189443904666e-08  1.246872768959169e-01 
 7.899189443904666e-08  1.246813283891254e-01 
 7.901189443904666e-08  1.246753917606798e-01 
 7.903189443904665e-08  1.246694669868736e-01 
 7.905189443904665e-08  1.246635540440219e-01 
 7.907189443904664e-08  1.246576529085125e-01 
 7.909189443904664e-08  1.246517635567551e-01 
 7.911189443904664e-08  1.246458859652320e-01 
 7.913189443904663e-08  1.246400201104468e-01 
 7.915189443904663e-08  1.246341659689756e-01 
 7.917189443904663e-08  1.246283235174158e-01 
 7.919189443904662e-08  1.246224927324369e-01 
 7.921189443904662e-08  1.246166735907297e-01 
 7.923189443904661e-08  1.246108660690568e-01 
 7.925189443904661e-08  1.246050701442021e-01 
 7.927189443904661e-08  1.245992857930207e-01 
 7.929189443904660e-08  1.245935129923892e-01 
 7.931189443904660e-08  1.245877517192551e-01 
 7.933189443904660e-08  1.245820019505874e-01 
 7.935189443904659e-08  1.245762636634253e-01 
 7.937189443904659e-08  1.245705368348297e-01 
 7.939189443904658e-08  1.245648214419316e-01 
 7.941189443904658e-08  1.245591174618832e-01 
 7.943189443904658e-08  1.245534248719069e-01 
 7.945189443904657e-08  1.245477436492461e-01 
 7.947189443904657e-08  1.245420737712139e-01 
 7.949189443904657e-08  1.245364152151447e-01 
 7.951189443904656e-08  1.245307679584420e-01 
 7.953189443904656e-08  1.245251319785305e-01 
 7.955189443904655e-08  1.245195072529040e-01 
 7.957189443904655e-08  1.245138937590773e-01 
 7.959189443904655e-08  1.245082914746339e-01 
 7.961189443904654e-08  1.245027003771785e-01 
 7.963189443904654e-08  1.244971204443838e-01 
 7.965189443904653e-08  1.244915516539439e-01 
 7.967189443904653e-08  1.244859939836207e-01 
 7.969189443904653e-08  1.244804474111972e-01 
 7.971189443904652e-08  1.244749119145241e-01 
 7.973189443904652e-08  1.244693874714729e-01 
 7.975189443904652e-08  1.244638740599828e-01 
 7.977189443904651e-08  1.244583716580135e-01 
 7.979189443904651e-08  1.244528802435923e-01 
 7.981189443904650e-08  1.244473997947668e-01 
 7.983189443904650e-08  1.244419302896519e-01 
 7.985189443904650e-08  1.244364717063829e-01 
 7.987189443904649e-08  1.244310240231619e-01 
 7.989189443904649e-08  1.244255872182115e-01 
 7.991189443904649e-08  1.244201612698208e-01 
 7.993189443904648e-08  1.244147461562993e-01 
 7.995189443904648e-08  1.244093418560225e-01 
 7.997189443904647e-08  1.244039483473867e-01 
 7.999189443904647e-08  1.243985656088537e-01 
 8.001189443904647e-08  1.243931936189057e-01 
 8.003189443904646e-08  1.243878323560907e-01 
 8.005189443904646e-08  1.243824817989766e-01 
 8.007189443904646e-08  1.243771419261971e-01 
 8.009189443904645e-08  1.243718127164056e-01 
 8.011189443904645e-08  1.243664941483209e-01 
 8.013189443904644e-08  1.243611862006818e-01 
 8.015189443904644e-08  1.243558888522918e-01 
 8.017189443904644e-08  1.243506020819745e-01 
 8.019189443904643e-08  1.243453258686182e-01 
 8.021189443904643e-08  1.243400601911308e-01 
 8.023189443904643e-08  1.243348050284848e-01 
 8.025189443904642e-08  1.243295603596726e-01 
 8.027189443904642e-08  1.243243261637503e-01 
 8.029189443904641e-08  1.243191024197939e-01 
 8.031189443904641e-08  1.243138891069434e-01 
 8.033189443904641e-08  1.243086862043583e-01 
 8.035189443904640e-08  1.243034936912616e-01 
 8.037189443904640e-08  1.242983115468961e-01 
 8.039189443904639e-08  1.242931397505677e-01 
 8.041189443904639e-08  1.242879782816020e-01 
 8.043189443904639e-08  1.242828271193875e-01 
 8.045189443904638e-08  1.242776862433320e-01 
 8.047189443904638e-08  1.242725556329064e-01 
 8.049189443904638e-08  1.242674352676010e-01 
 8.051189443904637e-08  1.242623251269682e-01 
 8.053189443904637e-08  1.242572251905803e-01 
 8.055189443904636e-08  1.242521354380713e-01 
 8.057189443904636e-08  1.242470558490948e-01 
 8.059189443904636e-08  1.242419864033663e-01 
 8.061189443904635e-08  1.242369270806204e-01 
 8.063189443904635e-08  1.242318778606535e-01 
 8.065189443904635e-08  1.242268387232812e-01 
 8.067189443904634e-08  1.242218096483805e-01 
 8.069189443904634e-08  1.242167906158475e-01 
 8.071189443904633e-08  1.242117816056395e-01 
 8.073189443904633e-08  1.242067825977327e-01 
 8.075189443904633e-08  1.242017935721644e-01 
 8.077189443904632e-08  1.241968145089909e-01 
 8.079189443904632e-08  1.241918453883290e-01 
 8.081189443904632e-08  1.241868861903144e-01 
 8.083189443904631e-08  1.241819368951433e-01 
 8.085189443904631e-08  1.241769974830308e-01 
 8.087189443904630e-08  1.241720679342522e-01 
 8.089189443904630e-08  1.241671482291014e-01 
 8.091189443904630e-08  1.241622383479322e-01 
 8.093189443904629e-08  1.241573382711174e-01 
 8.095189443904629e-08  1.241524479790891e-01 
 8.097189443904628e-08  1.241475674522983e-01 
 8.099189443904628e-08  1.241426966712553e-01 
 8.101189443904628e-08  1.241378356164891e-01 
 8.103189443904627e-08  1.241329842685877e-01 
 8.105189443904627e-08  1.241281426081578e-01 
 8.107189443904627e-08  1.241233106158648e-01 
 8.109189443904626e-08  1.241184882723928e-01 
 8.111189443904626e-08  1.241136755584845e-01 
 8.113189443904625e-08  1.241088724549009e-01 
 8.115189443904625e-08  1.241040789424614e-01 
 8.117189443904625e-08  1.240992950020040e-01 
 8.119189443904624e-08  1.240945206144247e-01 
 8.121189443904624e-08  1.240897557606377e-01 
 8.123189443904624e-08  1.240850004216152e-01 
 8.125189443904623e-08  1.240802545783478e-01 
 8.127189443904623e-08  1.240755182118835e-01 
 8.129189443904622e-08  1.240707913032886e-01 
 8.131189443904622e-08  1.240660738336869e-01 
 8.133189443904622e-08  1.240613657842202e-01 
 8.135189443904621e-08  1.240566671360875e-01 
 8.137189443904621e-08  1.240519778705060e-01 
 8.139189443904621e-08  1.240472979687496e-01 
 8.141189443904620e-08  1.240426274121106e-01 
 8.143189443904620e-08  1.240379661819374e-01 
 8.145189443904619e-08  1.240333142595970e-01 
 8.147189443904619e-08  1.240286716265123e-01 
 8.149189443904619e-08  1.240240382641245e-01 
 8.151189443904618e-08  1.240194141539308e-01 
 8.153189443904618e-08  1.240147992774463e-01 
 8.155189443904617e-08  1.240101936162420e-01 
 8.157189443904617e-08  1.240055971519069e-01 
 8.159189443904617e-08  1.240010098660854e-01 
 8.161189443904616e-08  1.239964317404401e-01 
 8.163189443904616e-08  1.239918627566884e-01 
 8.165189443904616e-08  1.239873028965662e-01 
 8.167189443904615e-08  1.239827521418639e-01 
 8.169189443904615e-08  1.239782104743901e-01 
 8.171189443904614e-08  1.239736778760081e-01 
 8.173189443904614e-08  1.239691543285989e-01 
 8.175189443904614e-08  1.239646398140982e-01 
 8.177189443904613e-08  1.239601343144593e-01 
 8.179189443904613e-08  1.239556378116899e-01 
 8.181189443904613e-08  1.239511502878153e-01 
 8.183189443904612e-08  1.239466717249152e-01 
 8.185189443904612e-08  1.239422021050865e-01 
 8.187189443904611e-08  1.239377414104802e-01 
 8.189189443904611e-08  1.239332896232648e-01 
 8.191189443904611e-08  1.239288467256625e-01 
 8.193189443904610e-08  1.239244126999130e-01 
 8.195189443904610e-08  1.239199875283094e-01 
 8.197189443904610e-08  1.239155711931622e-01 
 8.199189443904609e-08  1.239111636768351e-01 
 8.201189443904609e-08  1.239067649617093e-01 
 8.203189443904608e-08  1.239023750302188e-01 
 8.205189443904608e-08  1.238979938648151e-01 
 8.207189443904608e-08  1.238936214480024e-01 
 8.209189443904607e-08  1.238892577623021e-01 
 8.211189443904607e-08  1.238849027902881e-01 
 8.213189443904606e-08  1.238805565145516e-01 
 8.215189443904606e-08  1.238762189177362e-01 
 8.217189443904606e-08  1.238718899825025e-01 
 8.219189443904605e-08  1.238675696915631e-01 
 8.221189443904605e-08  1.238632580276480e-01 
 8.223189443904605e-08  1.238589549735388e-01 
 8.225189443904604e-08  1.238546605120342e-01 
 8.227189443904604e-08  1.238503746259847e-01 
 8.229189443904603e-08  1.238460972982576e-01 
 8.231189443904603e-08  1.238418285117718e-01 
 8.233189443904603e-08  1.238375682494629e-01 
 8.235189443904602e-08  1.238333164943179e-01 
 8.237189443904602e-08  1.238290732293406e-01 
 8.239189443904602e-08  1.238248384375859e-01 
 8.241189443904601e-08  1.238206121021254e-01 
 8.243189443904601e-08  1.238163942060815e-01 
 8.245189443904600e-08  1.238121847325934e-01 
 8.247189443904600e-08  1.238079836648508e-01 
 8.249189443904600e-08  1.238037909860602e-01 
 8.251189443904599e-08  1.237996066794784e-01 
 8.253189443904599e-08  1.237954307283789e-01 
 8.255189443904599e-08  1.237912631160852e-01 
 8.257189443904598e-08  1.237871038259377e-01 
 8.259189443904598e-08  1.237829528413264e-01 
 8.261189443904597e-08  1.237788101456579e-01 
 8.263189443904597e-08  1.237746757223888e-01 
 8.265189443904597e-08  1.237705495549918e-01 
 8.267189443904596e-08  1.237664316269894e-01 
 8.269189443904596e-08  1.237623219219205e-01 
 8.271189443904595e-08  1.237582204233732e-01 
 8.273189443904595e-08  1.237541271149519e-01 
 8.275189443904595e-08  1.237500419803103e-01 
 8.277189443904594e-08  1.237459650031183e-01 
 8.279189443904594e-08  1.237418961670947e-01 
 8.281189443904594e-08  1.237378354559747e-01 
 8.283189443904593e-08  1.237337828535420e-01 
 8.285189443904593e-08  1.237297383435967e-01 
 8.287189443904592e-08  1.237257019099870e-01 
 8.289189443904592e-08  1.237216735365777e-01 
 8.291189443904592e-08  1.237176532072818e-01 
 8.293189443904591e-08  1.237136409060282e-01 
 8.295189443904591e-08  1.237096366167939e-01 
 8.297189443904591e-08  1.237056403235722e-01 
 8.299189443904590e-08  1.237016520104040e-01 
 8.301189443904590e-08  1.236976716613464e-01 
 8.303189443904589e-08  1.236936992605040e-01 
 8.305189443904589e-08  1.236897347919974e-01 
 8.307189443904589e-08  1.236857782399946e-01 
 8.309189443904588e-08  1.236818295886798e-01 
 8.311189443904588e-08  1.236778888222841e-01 
 8.313189443904588e-08  1.236739559250546e-01 
 8.315189443904587e-08  1.236700308812854e-01 
 8.317189443904587e-08  1.236661136752865e-01 
 8.319189443904586e-08  1.236622042914147e-01 
 8.321189443904586e-08  1.236583027140426e-01 
 8.323189443904586e-08  1.236544089275892e-01 
 8.325189443904585e-08  1.236505229164897e-01 
 8.327189443904585e-08  1.236466446652253e-01 
 8.329189443904584e-08  1.236427741582930e-01 
 8.331189443904584e-08  1.236389113802361e-01 
 8.333189443904584e-08  1.236350563156136e-01 
 8.335189443904583e-08  1.236312089490302e-01 
 8.337189443904583e-08  1.236273692651065e-01 
 8.339189443904583e-08  1.236235372485088e-01 
 8.341189443904582e-08  1.236197128839191e-01 
 8.343189443904582e-08  1.236158961560647e-01 
 8.345189443904581e-08  1.236120870496888e-01 
 8.347189443904581e-08  1.236082855495796e-01 
 8.349189443904581e-08  1.236044916405412e-01 
 8.351189443904580e-08  1.236007053074227e-01 
 8.353189443904580e-08  1.235969265350884e-01 
 8.355189443904580e-08  1.235931553084481e-01 
 8.357189443904579e-08  1.235893916124265e-01 
 8.359189443904579e-08  1.235856354319934e-01 
 8.361189443904578e-08  1.235818867521339e-01 
 8.363189443904578e-08  1.235781455578777e-01 
 8.365189443904578e-08  1.235744118342698e-01 
 8.367189443904577e-08  1.235706855663995e-01 
 8.369189443904577e-08  1.235669667393716e-01 
 8.371189443904577e-08  1.235632553383349e-01 
 8.373189443904576e-08  1.235595513484536e-01 
 8.375189443904576e-08  1.235558547549357e-01 
 8.377189443904575e-08  1.235521655430045e-01 
 8.379189443904575e-08  1.235484836979273e-01 
 8.381189443904575e-08  1.235448092049862e-01 
 8.383189443904574e-08  1.235411420495073e-01 
 8.385189443904574e-08  1.235374822168313e-01 
 8.387189443904573e-08  1.235338296923429e-01 
 8.389189443904573e-08  1.235301844614416e-01 
 8.391189443904573e-08  1.235265465095700e-01 
 8.393189443904572e-08  1.235229158221859e-01 
 8.395189443904572e-08  1.235192923847901e-01 
 8.397189443904572e-08  1.235156761828985e-01 
 8.399189443904571e-08  1.235120672020696e-01 
 8.401189443904571e-08  1.235084654278771e-01 
 8.403189443904570e-08  1.235048708459372e-01 
 8.405189443904570e-08  1.235012834418811e-01 
 8.407189443904570e-08  1.234977032013824e-01 
 8.409189443904569e-08  1.234941301101295e-01 
 8.411189443904569e-08  1.234905641538534e-01 
 8.413189443904569e-08  1.234870053182995e-01 
 8.415189443904568e-08  1.234834535892557e-01 
 8.417189443904568e-08  1.234799089525243e-01 
 8.419189443904567e-08  1.234763713939498e-01 
 8.421189443904567e-08  1.234728408993913e-01 
 8.423189443904567e-08  1.234693174547496e-01 
 8.425189443904566e-08  1.234658010459404e-01 
 8.427189443904566e-08  1.234622916589207e-01 
 8.429189443904566e-08  1.234587892796623e-01 
 8.431189443904565e-08  1.234552938941783e-01 
 8.433189443904565e-08  1.234518054884965e-01 
 8.435189443904564e-08  1.234483240486859e-01 
 8.437189443904564e-08  1.234448495608299e-01 
 8.439189443904564e-08  1.234413820110529e-01 
 8.441189443904563e-08  1.234379213854940e-01 
 8.443189443904563e-08  1.234344676703332e-01 
 8.445189443904563e-08  1.234310208517646e-01 
 8.447189443904562e-08  1.234275809160233e-01 
 8.449189443904562e-08  1.234241478493587e-01 
 8.451189443904561e-08  1.234207216380607e-01 
 8.453189443904561e-08  1.234173022684337e-01 
 8.455189443904561e-08  1.234138897268221e-01 
 8.457189443904560e-08  1.234104839995849e-01 
 8.459189443904560e-08  1.234070850731212e-01 
 8.461189443904559e-08  1.234036929338444e-01 
 8.463189443904559e-08  1.234003075682077e-01 
 8.465189443904559e-08  1.233969289626788e-01 
 8.467189443904558e-08  1.233935571037650e-01 
 8.469189443904558e-08  1.233901919779879e-01 
 8.471189443904558e-08  1.233868335719087e-01 
 8.473189443904557e-08  1.233834818721028e-01 
 8.475189443904557e-08  1.233801368651850e-01 
 8.477189443904556e-08  1.233767985377841e-01 
 8.479189443904556e-08  1.233734668765684e-01 
 8.481189443904556e-08  1.233701418682201e-01 
 8.483189443904555e-08  1.233668234994607e-01 
 8.485189443904555e-08  1.233635117570255e-01 
 8.487189443904555e-08  1.233602066276890e-01 
 8.489189443904554e-08  1.233569080982394e-01 
 8.491189443904554e-08  1.233536161555040e-01 
 8.493189443904553e-08  1.233503307863236e-01 
 8.495189443904553e-08  1.233470519775781e-01 
 8.497189443904553e-08  1.233437797161610e-01 
 8.499189443904552e-08  1.233405139890043e-01 
 8.501189443904552e-08  1.233372547830538e-01 
 8.503189443904552e-08  1.233340020852937e-01 
 8.505189443904551e-08  1.233307558827220e-01 
 8.507189443904551e-08  1.233275161623747e-01 
 8.509189443904550e-08  1.233242829113016e-01 
 8.511189443904550e-08  1.233210561165907e-01 
 8.513189443904550e-08  1.233178357653432e-01 
 8.515189443904549e-08  1.233146218446986e-01 
 8.517189443904549e-08  1.233114143418097e-01 
 8.519189443904548e-08  1.233082132438673e-01 
 8.521189443904548e-08  1.233050185380756e-01 
 8.523189443904548e-08  1.233018302116763e-01 
 8.525189443904547e-08  1.232986482519246e-01 
 8.527189443904547e-08  1.232954726461131e-01 
 8.529189443904547e-08  1.232923033815480e-01 
 8.531189443904546e-08  1.232891404455727e-01 
 8.533189443904546e-08  1.232859838255437e-01 
 8.535189443904545e-08  1.232828335088550e-01 
 8.537189443904545e-08  1.232796894829138e-01 
 8.539189443904545e-08  1.232765517351642e-01 
 8.541189443904544e-08  1.232734202530637e-01 
 8.543189443904544e-08  1.232702950241065e-01 
 8.545189443904544e-08  1.232671760358000e-01 
 8.547189443904543e-08  1.232640632756884e-01 
 8.549189443904543e-08  1.232609567313290e-01 
 8.551189443904542e-08  1.232578563903156e-01 
 8.553189443904542e-08  1.232547622402551e-01 
 8.555189443904542e-08  1.232516742687909e-01 
 8.557189443904541e-08  1.232485924635795e-01 
 8.559189443904541e-08  1.232455168123133e-01 
 8.561189443904541e-08  1.232424473026980e-01 
 8.563189443904540e-08  1.232393839224754e-01 
 8.565189443904540e-08  1.232363266594001e-01 
 8.567189443904539e-08  1.232332755012629e-01 
 8.569189443904539e-08  1.232302304358672e-01 
 8.571189443904539e-08  1.232271914510524e-01 
 8.573189443904538e-08  1.232241585346706e-01 
 8.575189443904538e-08  1.232211316746098e-01 
 8.577189443904537e-08  1.232181108587707e-01 
 8.579189443904537e-08  1.232150960750894e-01 
 8.581189443904537e-08  1.232120873115149e-01 
 8.583189443904536e-08  1.232090845560315e-01 
 8.585189443904536e-08  1.232060877966362e-01 
 8.587189443904536e-08  1.232030970213612e-01 
 8.589189443904535e-08  1.232001122182516e-01 
 8.591189443904535e-08  1.231971333753873e-01 
 8.593189443904534e-08  1.231941604808610e-01 
 8.595189443904534e-08  1.231911935228001e-01 
 8.597189443904534e-08  1.231882324893448e-01 
 8.599189443904533e-08  1.231852773686701e-01 
 8.601189443904533e-08  1.231823281489634e-01 
 8.603189443904533e-08  1.231793848184467e-01 
 8.605189443904532e-08  1.231764473653548e-01 
 8.607189443904532e-08  1.231735157779566e-01 
 8.609189443904531e-08  1.231705900445337e-01 
 8.611189443904531e-08  1.231676701534020e-01 
 8.613189443904531e-08  1.231647560928898e-01 
 8.615189443904530e-08  1.231618478513594e-01 
 8.617189443904530e-08  1.231589454171860e-01 
 8.619189443904530e-08  1.231560487787782e-01 
 8.621189443904529e-08  1.231531579245575e-01 
 8.623189443904529e-08  1.231502728429789e-01 
 8.625189443904528e-08  1.231473935225100e-01 
 8.627189443904528e-08  1.231445199516518e-01 
 8.629189443904528e-08  1.231416521189180e-01 
 8.631189443904527e-08  1.231387900128555e-01 
 8.633189443904527e-08  1.231359336220237e-01 
 8.635189443904526e-08  1.231330829350153e-01 
 8.637189443904526e-08  1.231302379404354e-01 
 8.639189443904526e-08  1.231273986269221e-01 
 8.641189443904525e-08  1.231245649831260e-01 
 8.643189443904525e-08  1.231217369977305e-01 
 8.645189443904525e-08  1.231189146594315e-01 
 8.647189443904524e-08  1.231160979569577e-01 
 8.649189443904524e-08  1.231132868790498e-01 
 8.651189443904523e-08  1.231104814144817e-01 
 8.653189443904523e-08  1.231076815520390e-01 
 8.655189443904523e-08  1.231048872805403e-01 
 8.657189443904522e-08  1.231020985888160e-01 
 8.659189443904522e-08  1.230993154657292e-01 
 8.661189443904522e-08  1.230965379001550e-01 
 8.663189443904521e-08  1.230937658810009e-01 
 8.665189443904521e-08  1.230909993971865e-01 
 8.667189443904520e-08  1.230882384376634e-01 
 8.669189443904520e-08  1.230854829913953e-01 
 8.671189443904520e-08  1.230827330473780e-01 
 8.673189443904519e-08  1.230799885946194e-01 
 8.675189443904519e-08  1.230772496221591e-01 
 8.677189443904519e-08  1.230745161190488e-01 
 8.679189443904518e-08  1.230717880743717e-01 
 8.681189443904518e-08  1.230690654772233e-01 
 8.683189443904517e-08  1.230663483167306e-01 
 8.685189443904517e-08  1.230636365820323e-01 
 8.687189443904517e-08  1.230609302622989e-01 
 8.689189443904516e-08  1.230582293467123e-01 
 8.691189443904516e-08  1.230555338244863e-01 
 8.693189443904515e-08  1.230528436848461e-01 
 8.695189443904515e-08  1.230501589170482e-01 
 8.697189443904515e-08  1.230474795103611e-01 
 8.699189443904514e-08  1.230448054540842e-01 
 8.701189443904514e-08  1.230421367375286e-01 
 8.703189443904514e-08  1.230394733500363e-01 
 8.705189443904513e-08  1.230368152809613e-01 
 8.707189443904513e-08  1.230341625196881e-01 
 8.709189443904512e-08  1.230315150556130e-01 
 8.711189443904512e-08  1.230288728781631e-01 
 8.713189443904512e-08  1.230262359767768e-01 
 8.715189443904511e-08  1.230236043409233e-01 
 8.717189443904511e-08  1.230209779600834e-01 
 8.719189443904511e-08  1.230183568237683e-01 
 8.721189443904510e-08  1.230157409215005e-01 
 8.723189443904510e-08  1.230131302428333e-01 
 8.725189443904509e-08  1.230105247773310e-01 
 8.727189443904509e-08  1.230079245145883e-01 
 8.729189443904509e-08  1.230053294442115e-01 
 8.731189443904508e-08  1.230027395558367e-01 
 8.733189443904508e-08  1.230001548391115e-01 
 8.735189443904508e-08  1.229975752837135e-01 
 8.737189443904507e-08  1.229950008793316e-01 
 8.739189443904507e-08  1.229924316156845e-01 
 8.741189443904506e-08  1.229898674825023e-01 
 8.743189443904506e-08  1.229873084695447e-01 
 8.745189443904506e-08  1.229847545665829e-01 
 8.747189443904505e-08  1.229822057634173e-01 
 8.749189443904505e-08  1.229796620498599e-01 
 8.751189443904504e-08  1.229771234157520e-01 
 8.753189443904504e-08  1.229745898509459e-01 
 8.755189443904504e-08  1.229720613453236e-01 
 8.757189443904503e-08  1.229695378887781e-01 
 8.759189443904503e-08  1.229670194712314e-01 
 8.761189443904503e-08  1.229645060826171e-01 
 8.763189443904502e-08  1.229619977128973e-01 
 8.765189443904502e-08  1.229594943520457e-01 
 8.767189443904501e-08  1.229569959900647e-01 
 8.769189443904501e-08  1.229545026169678e-01 
 8.771189443904501e-08  1.229520142227972e-01 
 8.773189443904500e-08  1.229495307976063e-01 
 8.775189443904500e-08  1.229470523314773e-01 
 8.777189443904500e-08  1.229445788145030e-01 
 8.779189443904499e-08  1.229421102368051e-01 
 8.781189443904499e-08  1.229396465885161e-01 
 8.783189443904498e-08  1.229371878597972e-01 
 8.785189443904498e-08  1.229347340408202e-01 
 8.787189443904498e-08  1.229322851217853e-01 
 8.789189443904497e-08  1.229298410929038e-01 
 8.791189443904497e-08  1.229274019444150e-01 
 8.793189443904497e-08  1.229249676665691e-01 
 8.795189443904496e-08  1.229225382496444e-01 
 8.797189443904496e-08  1.229201136839300e-01 
 8.799189443904495e-08  1.229176939597430e-01 
 8.801189443904495e-08  1.229152790674112e-01 
 8.803189443904495e-08  1.229128689972904e-01 
 8.805189443904494e-08  1.229104637397471e-01 
 8.807189443904494e-08  1.229080632851753e-01 
 8.809189443904493e-08  1.229056676239801e-01 
 8.811189443904493e-08  1.229032767465939e-01 
 8.813189443904493e-08  1.229008906434599e-01 
 8.815189443904492e-08  1.228985093050486e-01 
 8.817189443904492e-08  1.228961327218416e-01 
 8.819189443904492e-08  1.228937608843474e-01 
 8.821189443904491e-08  1.228913937830854e-01 
 8.823189443904491e-08  1.228890314086021e-01 
 8.825189443904490e-08  1.228866737514546e-01 
 8.827189443904490e-08  1.228843208022271e-01 
 8.829189443904490e-08  1.228819725515146e-01 
 8.831189443904489e-08  1.228796289899389e-01 
 8.833189443904489e-08  1.228772901081322e-01 
 8.835189443904489e-08  1.228749558967537e-01 
 8.837189443904488e-08  1.228726263464733e-01 
 8.839189443904488e-08  1.228703014479873e-01 
 8.841189443904487e-08  1.228679811920028e-01 
 8.843189443904487e-08  1.228656655692533e-01 
 8.845189443904487e-08  1.228633545704829e-01 
 8.847189443904486e-08  1.228610481864622e-01 
 8.849189443904486e-08  1.228587464079721e-01 
 8.851189443904486e-08  1.228564492258200e-01 
 8.853189443904485e-08  1.228541566308237e-01 
 8.855189443904485e-08  1.228518686138271e-01 
 8.857189443904484e-08  1.228495851656848e-01 
 8.859189443904484e-08  1.228473062772772e-01 
 8.861189443904484e-08  1.228450319394954e-01 
 8.863189443904483e-08  1.228427621432562e-01 
 8.865189443904483e-08  1.228404968794869e-01 
 8.867189443904483e-08  1.228382361391406e-01 
 8.869189443904482e-08  1.228359799131809e-01 
 8.871189443904482e-08  1.228337281925970e-01 
 8.873189443904481e-08  1.228314809683883e-01 
 8.875189443904481e-08  1.228292382315802e-01 
 8.877189443904481e-08  1.228269999732080e-01 
 8.879189443904480e-08  1.228247661843328e-01 
 8.881189443904480e-08  1.228225368560257e-01 
 8.883189443904479e-08  1.228203119793835e-01 
 8.885189443904479e-08  1.228180915455130e-01 
 8.887189443904479e-08  1.228158755455463e-01 
 8.889189443904478e-08  1.228136639706258e-01 
 8.891189443904478e-08  1.228114568119191e-01 
 8.893189443904478e-08  1.228092540606037e-01 
 8.895189443904477e-08  1.228070557078824e-01 
 8.897189443904477e-08  1.228048617449683e-01 
 8.899189443904476e-08  1.228026721630992e-01 
 8.901189443904476e-08  1.228004869535228e-01 
 8.903189443904476e-08  1.227983061075123e-01 
 8.905189443904475e-08  1.227961296163503e-01 
 8.907189443904475e-08  1.227939574713446e-01 
 8.909189443904475e-08  1.227917896638126e-01 
 8.911189443904474e-08  1.227896261850970e-01 
 8.913189443904474e-08  1.227874670265498e-01 
 8.915189443904473e-08  1.227853121795480e-01 
 8.917189443904473e-08  1.227831616354783e-01 
 8.919189443904473e-08  1.227810153857521e-01 
 8.921189443904472e-08  1.227788734217905e-01 
 8.923189443904472e-08  1.227767357350390e-01 
 8.925189443904472e-08  1.227746023169529e-01 
 8.927189443904471e-08  1.227724731590121e-01 
 8.929189443904471e-08  1.227703482527058e-01 
 8.931189443904470e-08  1.227682275895479e-01 
 8.933189443904470e-08  1.227661111610617e-01 
 8.935189443904470e-08  1.227639989587948e-01 
 8.937189443904469e-08  1.227618909743044e-01 
 8.939189443904469e-08  1.227597871991718e-01 
 8.941189443904468e-08  1.227576876249878e-01 
 8.943189443904468e-08  1.227555922433673e-01 
 8.945189443904468e-08  1.227535010459349e-01 
 8.947189443904467e-08  1.227514140243386e-01 
 8.949189443904467e-08  1.227493311702366e-01 
 8.951189443904467e-08  1.227472524753104e-01 
 8.953189443904466e-08  1.227451779312511e-01 
 8.955189443904466e-08  1.227431075297736e-01 
 8.957189443904465e-08  1.227410412626022e-01 
 8.959189443904465e-08  1.227389791214848e-01 
 8.961189443904465e-08  1.227369210981786e-01 
 8.963189443904464e-08  1.227348671844645e-01 
 8.965189443904464e-08  1.227328173721327e-01 
 8.967189443904464e-08  1.227307716529968e-01 
 8.969189443904463e-08  1.227287300188798e-01 
 8.971189443904463e-08  1.227266924616278e-01 
 8.973189443904462e-08  1.227246589730966e-01 
 8.975189443904462e-08  1.227226295451648e-01 
 8.977189443904462e-08  1.227206041697207e-01 
 8.979189443904461e-08  1.227185828386752e-01 
 8.981189443904461e-08  1.227165655439489e-01 
 8.983189443904461e-08  1.227145522774853e-01 
 8.985189443904460e-08  1.227125430312371e-01 
 8.987189443904460e-08  1.227105377971799e-01 
 8.989189443904459e-08  1.227085365672983e-01 
 8.991189443904459e-08  1.227065393336001e-01 
 8.993189443904459e-08  1.227045460881020e-01 
 8.995189443904458e-08  1.227025568228435e-01 
 8.997189443904458e-08  1.227005715298733e-01 
 8.999189443904457e-08  1.226985902012626e-01 
 9.001189443904457e-08  1.226966128290917e-01 
 9.003189443904457e-08  1.226946394054636e-01 
 9.005189443904456e-08  1.226926699224903e-01 
 9.007189443904456e-08  1.226907043723059e-01 
 9.009189443904456e-08  1.226887427470542e-01 
 9.011189443904455e-08  1.226867850389007e-01 
 9.013189443904455e-08  1.226848312400203e-01 
 9.015189443904454e-08  1.226828813426099e-01 
 9.017189443904454e-08  1.226809353388757e-01 
 9.019189443904454e-08  1.226789932210458e-01 
 9.021189443904453e-08  1.226770549813572e-01 
 9.023189443904453e-08  1.226751206120691e-01 
 9.025189443904453e-08  1.226731901054496e-01 
 9.027189443904452e-08  1.226712634537887e-01 
 9.029189443904452e-08  1.226693406493854e-01 
 9.031189443904451e-08  1.226674216845604e-01 
 9.033189443904451e-08  1.226655065516434e-01 
 9.035189443904451e-08  1.226635952429859e-01 
 9.037189443904450e-08  1.226616877509480e-01 
 9.039189443904450e-08  1.226597840679118e-01 
 9.041189443904450e-08  1.226578841862678e-01 
 9.043189443904449e-08  1.226559880984287e-01 
 9.045189443904449e-08  1.226540957968153e-01 
 9.047189443904448e-08  1.226522072738704e-01 
 9.049189443904448e-08  1.226503225220453e-01 
 9.051189443904448e-08  1.226484415338127e-01 
 9.053189443904447e-08  1.226465643016541e-01 
 9.055189443904447e-08  1.226446908180722e-01 
 9.057189443904446e-08  1.226428210755786e-01 
 9.059189443904446e-08  1.226409550667059e-01 
 9.061189443904446e-08  1.226390927839955e-01 
 9.063189443904445e-08  1.226372342200099e-01 
 9.065189443904445e-08  1.226353793673201e-01 
 9.067189443904445e-08  1.226335282185184e-01 
 9.069189443904444e-08  1.226316807662055e-01 
 9.071189443904444e-08  1.226298370030030e-01 
 9.073189443904443e-08  1.226279969215413e-01 
 9.075189443904443e-08  1.226261605144714e-01 
 9.077189443904443e-08  1.226243277744531e-01 
 9.079189443904442e-08  1.226224986941668e-01 
 9.081189443904442e-08  1.226206732663015e-01 
 9.083189443904442e-08  1.226188514835669e-01 
 9.085189443904441e-08  1.226170333386811e-01 
 9.087189443904441e-08  1.226152188243828e-01 
 9.089189443904440e-08  1.226134079334193e-01 
 9.091189443904440e-08  1.226116006585582e-01 
 9.093189443904440e-08  1.226097969925756e-01 
 9.095189443904439e-08  1.226079969282682e-01 
 9.097189443904439e-08  1.226062004584409e-01 
 9.099189443904439e-08  1.226044075759190e-01 
 9.101189443904438e-08  1.226026182735361e-01 
 9.103189443904438e-08  1.226008325441462e-01 
 9.105189443904437e-08  1.225990503806115e-01 
 9.107189443904437e-08  1.225972717758145e-01 
 9.109189443904437e-08  1.225954967226459e-01 
 9.111189443904436e-08  1.225937252140166e-01 
 9.113189443904436e-08  1.225919572428456e-01 
 9.115189443904435e-08  1.225901928020721e-01 
 9.117189443904435e-08  1.225884318846434e-01 
 9.119189443904435e-08  1.225866744835268e-01 
 9.121189443904434e-08  1.225849205916977e-01 
 9.123189443904434e-08  1.225831702021516e-01 
 9.125189443904434e-08  1.225814233078920e-01 
 9.127189443904433e-08  1.225796799019421e-01 
 9.129189443904433e-08  1.225779399773333e-01 
 9.131189443904432e-08  1.225762035271169e-01 
 9.133189443904432e-08  1.225744705443520e-01 
 9.135189443904432e-08  1.225727410221174e-01 
 9.137189443904431e-08  1.225710149535002e-01 
 9.139189443904431e-08  1.225692923316067e-01 
 9.141189443904431e-08  1.225675731495515e-01 
 9.143189443904430e-08  1.225658574004685e-01 
 9.145189443904430e-08  1.225641450774998e-01 
 9.147189443904429e-08  1.225624361738066e-01 
 9.149189443904429e-08  1.225607306825584e-01 
 9.151189443904429e-08  1.225590285969436e-01 
 9.153189443904428e-08  1.225573299101591e-01 
 9.155189443904428e-08  1.225556346154206e-01 
 9.157189443904428e-08  1.225539427059518e-01 
 9.159189443904427e-08  1.225522541749956e-01 
 9.161189443904427e-08  1.225505690158028e-01 
 9.163189443904426e-08  1.225488872216431e-01 
 9.165189443904426e-08  1.225472087857944e-01 
 9.167189443904426e-08  1.225455337015533e-01 
 9.169189443904425e-08  1.225438619622244e-01 
 9.171189443904425e-08  1.225421935611311e-01 
 9.173189443904424e-08  1.225405284916046e-01 
 9.175189443904424e-08  1.225388667469950e-01 
 9.177189443904424e-08  1.225372083206602e-01 
 9.179189443904423e-08  1.225355532059767e-01 
 9.181189443904423e-08  1.225339013963288e-01 
 9.183189443904423e-08  1.225322528851197e-01 
 9.185189443904422e-08  1.225306076657601e-01 
 9.187189443904422e-08  1.225289657316793e-01 
 9.189189443904421e-08  1.225273270763143e-01 
 9.191189443904421e-08  1.225256916931208e-01 
 9.193189443904421e-08  1.225240595755619e-01 
 9.195189443904420e-08  1.225224307171192e-01 
 9.197189443904420e-08  1.225208051112822e-01 
 9.199189443904420e-08  1.225191827515585e-01 
 9.201189443904419e-08  1.225175636314633e-01 
 9.203189443904419e-08  1.225159477445303e-01 
 9.205189443904418e-08  1.225143350843006e-01 
 9.207189443904418e-08  1.225127256443335e-01 
 9.209189443904418e-08  1.225111194181961e-01 
 9.211189443904417e-08  1.225095163994733e-01 
 9.213189443904417e-08  1.225079165817577e-01 
 9.215189443904417e-08  1.225063199586601e-01 
 9.217189443904416e-08  1.225047265237986e-01 
 9.219189443904416e-08  1.225031362708092e-01 
 9.221189443904415e-08  1.225015491933357e-01 
 9.223189443904415e-08  1.224999652850396e-01 
 9.225189443904415e-08  1.224983845395899e-01 
 9.227189443904414e-08  1.224968069506733e-01 
 9.229189443904414e-08  1.224952325119843e-01 
 9.231189443904414e-08  1.224936612172347e-01 
 9.233189443904413e-08  1.224920930601439e-01 
 9.235189443904413e-08  1.224905280344491e-01 
 9.237189443904412e-08  1.224889661338947e-01 
 9.239189443904412e-08  1.224874073522428e-01 
 9.241189443904412e-08  1.224858516832629e-01 
 9.243189443904411e-08  1.224842991207418e-01 
 9.245189443904411e-08  1.224827496584740e-01 
 9.247189443904410e-08  1.224812032902711e-01 
 9.249189443904410e-08  1.224796600099522e-01 
 9.251189443904410e-08  1.224781198113537e-01 
 9.253189443904409e-08  1.224765826883193e-01 
 9.255189443904409e-08  1.224750486347101e-01 
 9.257189443904409e-08  1.224735176443944e-01 
 9.259189443904408e-08  1.224719897112577e-01 
 9.261189443904408e-08  1.224704648291926e-01 
 9.263189443904407e-08  1.224689429921092e-01 
 9.265189443904407e-08  1.224674241939245e-01 
 9.267189443904407e-08  1.224659084285727e-01 
 9.269189443904406e-08  1.224643956899953e-01 
 9.271189443904406e-08  1.224628859721507e-01 
 9.273189443904406e-08  1.224613792690043e-01 
 9.275189443904405e-08  1.224598755745387e-01 
 9.277189443904405e-08  1.224583748827435e-01 
 9.279189443904404e-08  1.224568771876252e-01 
 9.281189443904404e-08  1.224553824831976e-01 
 9.283189443904404e-08  1.224538907634909e-01 
 9.285189443904403e-08  1.224524020225427e-01 
 9.287189443904403e-08  1.224509162544072e-01 
 9.289189443904403e-08  1.224494334531458e-01 
 9.291189443904402e-08  1.224479536128364e-01 
 9.293189443904402e-08  1.224464767275640e-01 
 9.295189443904401e-08  1.224450027914301e-01 
 9.297189443904401e-08  1.224435317985434e-01 
 9.299189443904401e-08  1.224420637430290e-01 
 9.301189443904400e-08  1.224405986190189e-01 
 9.303189443904400e-08  1.224391364206617e-01 
 9.305189443904399e-08  1.224376771421129e-01 
 9.307189443904399e-08  1.224362207775445e-01 
 9.309189443904399e-08  1.224347673211352e-01 
 9.311189443904398e-08  1.224333167670803e-01 
 9.313189443904398e-08  1.224318691095817e-01 
 9.315189443904398e-08  1.224304243428578e-01 
 9.317189443904397e-08  1.224289824611338e-01 
 9.319189443904397e-08  1.224275434586510e-01 
 9.321189443904396e-08  1.224261073296577e-01 
 9.323189443904396e-08  1.224246740684182e-01 
 9.325189443904396e-08  1.224232436692037e-01 
 9.327189443904395e-08  1.224218161263015e-01 
 9.329189443904395e-08  1.224203914340055e-01 
 9.331189443904395e-08  1.224189695866258e-01 
 9.333189443904394e-08  1.224175505784793e-01 
 9.335189443904394e-08  1.224161344038985e-01 
 9.337189443904393e-08  1.224147210572231e-01 
 9.339189443904393e-08  1.224133105328083e-01 
 9.341189443904393e-08  1.224119028250162e-01 
 9.343189443904392e-08  1.224104979282247e-01 
 9.345189443904392e-08  1.224090958368183e-01 
 9.347189443904392e-08  1.224076965451973e-01 
 9.349189443904391e-08  1.224063000477686e-01 
 9.351189443904391e-08  1.224049063389550e-01 
 9.353189443904390e-08  1.224035154131856e-01 
 9.355189443904390e-08  1.224021272649054e-01 
 9.357189443904390e-08  1.224007418885658e-01 
 9.359189443904389e-08  1.223993592786338e-01 
 9.361189443904389e-08  1.223979794295833e-01 
 9.363189443904388e-08  1.223966023359032e-01 
 9.365189443904388e-08  1.223952279920892e-01 
 9.367189443904388e-08  1.223938563926525e-01 
 9.369189443904387e-08  1.223924875321106e-01 
 9.371189443904387e-08  1.223911214049966e-01 
 9.373189443904387e-08  1.223897580058501e-01 
 9.375189443904386e-08  1.223883973292258e-01 
 9.377189443904386e-08  1.223870393696850e-01 
 9.379189443904385e-08  1.223856841218043e-01 
 9.381189443904385e-08  1.223843315801667e-01 
 9.383189443904385e-08  1.223829817393703e-01 
 9.385189443904384e-08  1.223816345940198e-01 
 9.387189443904384e-08  1.223802901387350e-01 
 9.389189443904384e-08  1.223789483681420e-01 
 9.391189443904383e-08  1.223776092768819e-01 
 9.393189443904383e-08  1.223762728596024e-01 
 9.395189443904382e-08  1.223749391109659e-01 
 9.397189443904382e-08  1.223736080256415e-01 
 9.399189443904382e-08  1.223722795983131e-01 
 9.401189443904381e-08  1.223709538236708e-01 
 9.403189443904381e-08  1.223696306964196e-01 
 9.405189443904381e-08  1.223683102112712e-01 
 9.407189443904380e-08  1.223669923629516e-01 
 9.409189443904380e-08  1.223656771461933e-01 
 9.411189443904379e-08  1.223643645557436e-01 
 9.413189443904379e-08  1.223630545863560e-01 
 9.415189443904379e-08  1.223617472327986e-01 
 9.417189443904378e-08  1.223604424898460e-01 
 9.419189443904378e-08  1.223591403522872e-01 
 9.421189443904377e-08  1.223578408149175e-01 
 9.423189443904377e-08  1.223565438725467e-01 
 9.425189443904377e-08  1.223552495199910e-01 
 9.427189443904376e-08  1.223539577520809e-01 
 9.429189443904376e-08  1.223526685636531e-01 
 9.431189443904376e-08  1.223513819495589e-01 
 9.433189443904375e-08  1.223500979046556e-01 
 9.435189443904375e-08  1.223488164238148e-01 
 9.437189443904374e-08  1.223475375019146e-01 
 9.439189443904374e-08  1.223462611338470e-01 
 9.441189443904374e-08  1.223449873145105e-01 
 9.443189443904373e-08  1.223437160388175e-01 
 9.445189443904373e-08  1.223424473016867e-01 
 9.447189443904373e-08  1.223411810980510e-01 
 9.449189443904372e-08  1.223399174228493e-01 
 9.451189443904372e-08  1.223386562710347e-01 
 9.453189443904371e-08  1.223373976375664e-01 
 9.455189443904371e-08  1.223361415174175e-01 
 9.457189443904371e-08  1.223348879055674e-01 
 9.459189443904370e-08  1.223336367970091e-01 
 9.461189443904370e-08  1.223323881867422e-01 
 9.463189443904370e-08  1.223311420697796e-01 
 9.465189443904369e-08  1.223298984411409e-01 
 9.467189443904369e-08  1.223286572958589e-01 
 9.469189443904368e-08  1.223274186289729e-01 
 9.471189443904368e-08  1.223261824355357e-01 
 9.473189443904368e-08  1.223249487106064e-01 
 9.475189443904367e-08  1.223237174492576e-01 
 9.477189443904367e-08  1.223224886465678e-01 
 9.479189443904366e-08  1.223212622976294e-01 
 9.481189443904366e-08  1.223200383975408e-01 
 9.483189443904366e-08  1.223188169414138e-01 
 9.485189443904365e-08  1.223175979243663e-01 
 9.487189443904365e-08  1.223163813415295e-01 
 9.489189443904365e-08  1.223151671880409e-01 
 9.491189443904364e-08  1.223139554590513e-01 
 9.493189443904364e-08  1.223127461497175e-01 
 9.495189443904363e-08  1.223115392552095e-01 
 9.497189443904363e-08  1.223103347707034e-01 
 9.499189443904363e-08  1.223091326913885e-01 
 9.501189443904362e-08  1.223079330124604e-01 
 9.503189443904362e-08  1.223067357291274e-01 
 9.505189443904362e-08  1.223055408366042e-01 
 9.507189443904361e-08  1.223043483301184e-01 
 9.509189443904361e-08  1.223031582049035e-01 
 9.511189443904360e-08  1.223019704562065e-01 
 9.513189443904360e-08  1.223007850792799e-01 
 9.515189443904360e-08  1.222996020693893e-01 
 9.517189443904359e-08  1.222984214218064e-01 
 9.519189443904359e-08  1.222972431318156e-01 
 9.521189443904359e-08  1.222960671947076e-01 
 9.523189443904358e-08  1.222948936057855e-01 
 9.525189443904358e-08  1.222937223603588e-01 
 9.527189443904357e-08  1.222925534537494e-01 
 9.529189443904357e-08  1.222913868812854e-01 
 9.531189443904357e-08  1.222902226383074e-01 
 9.533189443904356e-08  1.222890607201622e-01 
 9.535189443904356e-08  1.222879011222091e-01 
 9.537189443904355e-08  1.222867438398131e-01 
 9.539189443904355e-08  1.222855888683523e-01 
 9.541189443904355e-08  1.222844362032103e-01 
 9.543189443904354e-08  1.222832858397833e-01 
 9.545189443904354e-08  1.222821377734736e-01 
 9.547189443904354e-08  1.222809919996956e-01 
 9.549189443904353e-08  1.222798485138699e-01 
 9.551189443904353e-08  1.222787073114295e-01 
 9.553189443904352e-08  1.222775683878130e-01 
 9.555189443904352e-08  1.222764317384716e-01 
 9.557189443904352e-08  1.222752973588622e-01 
 9.559189443904351e-08  1.222741652444542e-01 
 9.561189443904351e-08  1.222730353907226e-01 
 9.563189443904351e-08  1.222719077931549e-01 
 9.565189443904350e-08  1.222707824472441e-01 
 9.567189443904350e-08  1.222696593484955e-01 
 9.569189443904349e-08  1.222685384924203e-01 
 9.571189443904349e-08  1.222674198745418e-01 
 9.573189443904349e-08  1.222663034903889e-01 
 9.575189443904348e-08  1.222651893355030e-01 
 9.577189443904348e-08  1.222640774054308e-01 
 9.579189443904348e-08  1.222629676957312e-01 
 9.581189443904347e-08  1.222618602019689e-01 
 9.583189443904347e-08  1.222607549197206e-01 
 9.585189443904346e-08  1.222596518445686e-01 
 9.587189443904346e-08  1.222585509721072e-01 
 9.589189443904346e-08  1.222574522979364e-01 
 9.591189443904345e-08  1.222563558176681e-01 
 9.593189443904345e-08  1.222552615269196e-01 
 9.595189443904344e-08  1.222541694213206e-01 
 9.597189443904344e-08  1.222530794965058e-01 
 9.599189443904344e-08  1.222519917481223e-01 
 9.601189443904343e-08  1.222509061718223e-01 
 9.603189443904343e-08  1.222498227632702e-01 
 9.605189443904343e-08  1.222487415181355e-01 
 9.607189443904342e-08  1.222476624320999e-01 
 9.609189443904342e-08  1.222465855008504e-01 
 9.611189443904341e-08  1.222455107200857e-01 
 9.613189443904341e-08  1.222444380855100e-01 
 9.615189443904341e-08  1.222433675928393e-01 
 9.617189443904340e-08  1.222422992377949e-01 
 9.619189443904340e-08  1.222412330161097e-01 
 9.621189443904340e-08  1.222401689235223e-01 
 9.623189443904339e-08  1.222391069557827e-01 
 9.625189443904339e-08  1.222380471086462e-01 
 9.627189443904338e-08  1.222369893778799e-01 
 9.629189443904338e-08  1.222359337592561e-01 
 9.631189443904338e-08  1.222348802485587e-01 
 9.633189443904337e-08  1.222338288415769e-01 
 9.635189443904337e-08  1.222327795341115e-01 
 9.637189443904337e-08  1.222317323219684e-01 
 9.639189443904336e-08  1.222306872009651e-01 
 9.641189443904336e-08  1.222296441669244e-01 
 9.643189443904335e-08  1.222286032156805e-01 
 9.645189443904335e-08  1.222275643430726e-01 
 9.647189443904335e-08  1.222265275449517e-01 
 9.649189443904334e-08  1.222254928171737e-01 
 9.651189443904334e-08  1.222244601556059e-01 
 9.653189443904334e-08  1.222234295561210e-01 
 9.655189443904333e-08  1.222224010146027e-01 
 9.657189443904333e-08  1.222213745269399e-01 
 9.659189443904332e-08  1.222203500890330e-01 
 9.661189443904332e-08  1.222193276967874e-01 
 9.663189443904332e-08  1.222183073461196e-01 
 9.665189443904331e-08  1.222172890329515e-01 
 9.667189443904331e-08  1.222162727532159e-01 
 9.669189443904330e-08  1.222152585028508e-01 
 9.671189443904330e-08  1.222142462778053e-01 
 9.673189443904330e-08  1.222132360740337e-01 
 9.675189443904329e-08  1.222122278875013e-01 
 9.677189443904329e-08  1.222112217141783e-01 
 9.679189443904329e-08  1.222102175500463e-01 
 9.681189443904328e-08  1.222092153910915e-01 
 9.683189443904328e-08  1.222082152333116e-01 
 9.685189443904327e-08  1.222072170727089e-01 
 9.687189443904327e-08  1.222062209052967e-01 
 9.689189443904327e-08  1.222052267270936e-01 
 9.691189443904326e-08  1.222042345341287e-01 
 9.693189443904326e-08  1.222032443224363e-01 
 9.695189443904326e-08  1.222022560880616e-01 
 9.697189443904325e-08  1.222012698270548e-01 
 9.699189443904325e-08  1.222002855354766e-01 
 9.701189443904324e-08  1.221993032093931e-01 
 9.703189443904324e-08  1.221983228448808e-01 
 9.705189443904324e-08  1.221973444380212e-01 
 9.707189443904323e-08  1.221963679849067e-01 
 9.709189443904323e-08  1.221953934816344e-01 
 9.711189443904323e-08  1.221944209243123e-01 
 9.713189443904322e-08  1.221934503090531e-01 
 9.715189443904322e-08  1.221924816319801e-01 
 9.717189443904321e-08  1.221915148892218e-01 
 9.719189443904321e-08  1.221905500769168e-01 
 9.721189443904321e-08  1.221895871912090e-01 
 9.723189443904320e-08  1.221886262282527e-01 
 9.725189443904320e-08  1.221876671842069e-01 
 9.727189443904319e-08  1.221867100552412e-01 
 9.729189443904319e-08  1.221857548375302e-01 
 9.731189443904319e-08  1.221848015272586e-01 
 9.733189443904318e-08  1.221838501206163e-01 
 9.735189443904318e-08  1.221829006138032e-01 
 9.737189443904318e-08  1.221819530030244e-01 
 9.739189443904317e-08  1.221810072844950e-01 
 9.741189443904317e-08  1.221800634544351e-01 
 9.743189443904316e-08  1.221791215090752e-01 
 9.745189443904316e-08  1.221781814446503e-01 
 9.747189443904316e-08  1.221772432574058e-01 
 9.749189443904315e-08  1.221763069435919e-01 
 9.751189443904315e-08  1.221753724994689e-01 
 9.753189443904315e-08  1.221744399213021e-01 
 9.755189443904314e-08  1.221735092053666e-01 
 9.757189443904314e-08  1.221725803479426e-01 
 9.759189443904313e-08  1.221716533453201e-01 
 9.761189443904313e-08  1.221707281937941e-01 
 9.763189443904313e-08  1.221698048896695e-01 
 9.765189443904312e-08  1.221688834292560e-01 
 9.767189443904312e-08  1.221679638088733e-01 
 9.769189443904312e-08  1.221670460248457e-01 
 9.771189443904311e-08  1.221661300735076e-01 
 9.773189443904311e-08  1.221652159511980e-01 
 9.775189443904310e-08  1.221643036542660e-01 
 9.777189443904310e-08  1.221633931790652e-01 
 9.779189443904310e-08  1.221624845219592e-01 
 9.781189443904309e-08  1.221615776793162e-01 
 9.783189443904309e-08  1.221606726475143e-01 
 9.785189443904308e-08  1.221597694229361e-01 
 9.787189443904308e-08  1.221588680019742e-01 
 9.789189443904308e-08  1.221579683810257e-01 
 9.791189443904307e-08  1.221570705564975e-01 
 9.793189443904307e-08  1.221561745248011e-01 
 9.795189443904307e-08  1.221552802823578e-01 
 9.797189443904306e-08  1.221543878255933e-01 
 9.799189443904306e-08  1.221534971509434e-01 
 9.801189443904305e-08  1.221526082548479e-01 
 9.803189443904305e-08  1.221517211337566e-01 
 9.805189443904305e-08  1.221508357841239e-01 
 9.807189443904304e-08  1.221499522024136e-01 
 9.809189443904304e-08  1.221490703850943e-01 
 9.811189443904304e-08  1.221481903286438e-01 
 9.813189443904303e-08  1.221473120295448e-01 
 9.815189443904303e-08  1.221464354842892e-01 
 9.817189443904302e-08  1.221455606893737e-01 
 9.819189443904302e-08  1.221446876413043e-01 
 9.821189443904302e-08  1.221438163365916e-01 
 9.823189443904301e-08  1.221429467717555e-01 
 9.825189443904301e-08  1.221420789433205e-01 
 9.827189443904301e-08  1.221412128478205e-01 
 9.829189443904300e-08  1.221403484817939e-01 
 9.831189443904300e-08  1.221394858417883e-01 
 9.833189443904299e-08  1.221386249243559e-01 
 9.835189443904299e-08  1.221377657260581e-01 
 9.837189443904299e-08  1.221369082434609e-01 
 9.839189443904298e-08  1.221360524731396e-01 
 9.841189443904298e-08  1.221351984116736e-01 
 9.843189443904297e-08  1.221343460556518e-01 
 9.845189443904297e-08  1.221334954016675e-01 
 9.847189443904297e-08  1.221326464463232e-01 
 9.849189443904296e-08  1.221317991862257e-01 
 9.851189443904296e-08  1.221309536179910e-01 
 9.853189443904296e-08  1.221301097382395e-01 
 9.855189443904295e-08  1.221292675436008e-01 
 9.857189443904295e-08  1.221284270307086e-01 
 9.859189443904294e-08  1.221275881962061e-01 
 9.861189443904294e-08  1.221267510367405e-01 
 9.863189443904294e-08  1.221259155489681e-01 
 9.865189443904293e-08  1.221250817295496e-01 
 9.867189443904293e-08  1.221242495751547e-01 
 9.869189443904293e-08  1.221234190824575e-01 
 9.871189443904292e-08  1.221225902481409e-01 
 9.873189443904292e-08  1.221217630688923e-01 
 9.875189443904291e-08  1.221209375414077e-01 
 9.877189443904291e-08  1.221201136623877e-01 
 9.879189443904291e-08  1.221192914285417e-01 
 9.881189443904290e-08  1.221184708365834e-01 
 9.883189443904290e-08  1.221176518832352e-01 
 9.885189443904290e-08  1.221168345652241e-01 
 9.887189443904289e-08  1.221160188792855e-01 
 9.889189443904289e-08  1.221152048221593e-01 
 9.891189443904288e-08  1.221143923905941e-01 
 9.893189443904288e-08  1.221135815813428e-01 
 9.895189443904288e-08  1.221127723911670e-01 
 9.897189443904287e-08  1.221119648168324e-01 
 9.899189443904287e-08  1.221111588551135e-01 
 9.901189443904286e-08  1.221103545027891e-01 
 9.903189443904286e-08  1.221095517566466e-01 
 9.905189443904286e-08  1.221087506134775e-01 
 9.907189443904285e-08  1.221079510700820e-01 
 9.909189443904285e-08  1.221071531232645e-01 
 9.911189443904285e-08  1.221063567698379e-01 
 9.913189443904284e-08  1.221055620066194e-01 
 9.915189443904284e-08  1.221047688304345e-01 
 9.917189443904283e-08  1.221039772381132e-01 
 9.919189443904283e-08  1.221031872264938e-01 
 9.921189443904283e-08  1.221023987924187e-01 
 9.923189443904282e-08  1.221016119327389e-01 
 9.925189443904282e-08  1.221008266443093e-01 
 9.927189443904282e-08  1.221000429239937e-01 
 9.929189443904281e-08  1.220992607686595e-01 
 9.931189443904281e-08  1.220984801751828e-01 
 9.933189443904280e-08  1.220977011404437e-01 
 9.935189443904280e-08  1.220969236613307e-01 
 9.937189443904280e-08  1.220961477347363e-01 
 9.939189443904279e-08  1.220953733575615e-01 
 9.941189443904279e-08  1.220946005267112e-01 
 9.943189443904279e-08  1.220938292390986e-01 
 9.945189443904278e-08  1.220930594916411e-01 
 9.947189443904278e-08  1.220922912812643e-01 
 9.949189443904277e-08  1.220915246048977e-01 
 9.951189443904277e-08  1.220907594594792e-01 
 9.953189443904277e-08  1.220899958419506e-01 
 9.955189443904276e-08  1.220892337492621e-01 
 9.957189443904276e-08  1.220884731783676e-01 
 9.959189443904275e-08  1.220877141262294e-01 
 9.961189443904275e-08  1.220869565898138e-01 
 9.963189443904275e-08  1.220862005660950e-01 
 9.965189443904274e-08  1.220854460520513e-01 
 9.967189443904274e-08  1.220846930446693e-01 
 9.969189443904274e-08  1.220839415409392e-01 
 9.971189443904273e-08  1.220831915378596e-01 
 9.973189443904273e-08  1.220824430324327e-01 
 9.975189443904272e-08  1.220816960216691e-01 
 9.977189443904272e-08  1.220809505025830e-01 
 9.979189443904272e-08  1.220802064721969e-01 
 9.981189443904271e-08  1.220794639275369e-01 
 9.983189443904271e-08  1.220787228656372e-01 
 9.985189443904271e-08  1.220779832835361e-01 
 9.987189443904270e-08  1.220772451782794e-01 
 9.989189443904270e-08  1.220765085469173e-01 
 9.991189443904269e-08  1.220757733865075e-01 
 9.993189443904269e-08  1.220750396941118e-01 
 9.995189443904269e-08  1.220743074667996e-01 
 9.997189443904268e-08  1.220735767016445e-01 
 9.999189443904268e-08  1.220728473957276e-01 
 1.000118944390427e-07  1.220721195461342e-01 
 1.000318944390427e-07  1.220713931499570e-01 
 1.000518944390427e-07  1.220706682042930e-01 
 1.000718944390427e-07  1.220699447062465e-01 
 1.000918944390427e-07  1.220692226529260e-01 
 1.001118944390427e-07  1.220685020414474e-01 
 1.001318944390427e-07  1.220677828689306e-01 
 1.001518944390426e-07  1.220670651325032e-01 
 1.001718944390426e-07  1.220663488292965e-01 
 1.001918944390426e-07  1.220656339564496e-01 
 1.002118944390426e-07  1.220649205111053e-01 
 1.002318944390426e-07  1.220642084904140e-01 
 1.002518944390426e-07  1.220634978915298e-01 
 1.002718944390426e-07  1.220627887116147e-01 
 1.002918944390426e-07  1.220620809478341e-01 
 1.003118944390426e-07  1.220613745973612e-01 
 1.003318944390426e-07  1.220606696573729e-01 
 1.003518944390426e-07  1.220599661250536e-01 
 1.003718944390426e-07  1.220592639975913e-01 
 1.003918944390426e-07  1.220585632721818e-01 
 1.004118944390426e-07  1.220578639460243e-01 
 1.004318944390426e-07  1.220571660163258e-01 
 1.004518944390426e-07  1.220564694802968e-01 
 1.004718944390426e-07  1.220557743351551e-01 
 1.004918944390426e-07  1.220550805781225e-01 
 1.005118944390426e-07  1.220543882064281e-01 
 1.005318944390426e-07  1.220536972173044e-01 
 1.005518944390426e-07  1.220530076079918e-01 
 1.005718944390426e-07  1.220523193757339e-01 
 1.005918944390426e-07  1.220516325177819e-01 
 1.006118944390426e-07  1.220509470313907e-01 
 1.006318944390426e-07  1.220502629138222e-01 
 1.006518944390426e-07  1.220495801623422e-01 
 1.006718944390426e-07  1.220488987742237e-01 
 1.006918944390425e-07  1.220482187467435e-01 
 1.007118944390425e-07  1.220475400771853e-01 
 1.007318944390425e-07  1.220468627628367e-01 
 1.007518944390425e-07  1.220461868009924e-01 
 1.007718944390425e-07  1.220455121889508e-01 
 1.007918944390425e-07  1.220448389240175e-01 
 1.008118944390425e-07  1.220441670035014e-01 
 1.008318944390425e-07  1.220434964247189e-01 
 1.008518944390425e-07  1.220428271849898e-01 
 1.008718944390425e-07  1.220421592816412e-01 
 1.008918944390425e-07  1.220414927120034e-01 
 1.009118944390425e-07  1.220408274734143e-01 
 1.009318944390425e-07  1.220401635632150e-01 
 1.009518944390425e-07  1.220395009787538e-01 
 1.009718944390425e-07  1.220388397173824e-01 
 1.009918944390425e-07  1.220381797764597e-01 
 1.010118944390425e-07  1.220375211533481e-01 
 1.010318944390425e-07  1.220368638454171e-01 
 1.010518944390425e-07  1.220362078500394e-01 
 1.010718944390425e-07  1.220355531645949e-01 
 1.010918944390425e-07  1.220348997864670e-01 
 1.011118944390425e-07  1.220342477130461e-01 
 1.011318944390425e-07  1.220335969417260e-01 
 1.011518944390425e-07  1.220329474699074e-01 
 1.011718944390425e-07  1.220322992949945e-01 
 1.011918944390425e-07  1.220316524143985e-01 
 1.012118944390424e-07  1.220310068255340e-01 
 1.012318944390424e-07  1.220303625258222e-01 
 1.012518944390424e-07  1.220297195126883e-01 
 1.012718944390424e-07  1.220290777835638e-01 
 1.012918944390424e-07  1.220284373358839e-01 
 1.013118944390424e-07  1.220277981670907e-01 
 1.013318944390424e-07  1.220271602746295e-01 
 1.013518944390424e-07  1.220265236559525e-01 
 1.013718944390424e-07  1.220258883085153e-01 
 1.013918944390424e-07  1.220252542297802e-01 
 1.014118944390424e-07  1.220246214172129e-01 
 1.014318944390424e-07  1.220239898682860e-01 
 1.014518944390424e-07  1.220233595804753e-01 
 1.014718944390424e-07  1.220227305512633e-01 
 1.014918944390424e-07  1.220221027781359e-01 
 1.015118944390424e-07  1.220214762585859e-01 
 1.015318944390424e-07  1.220208509901091e-01 
 1.015518944390424e-07  1.220202269702081e-01 
 1.015718944390424e-07  1.220196041963889e-01 
 1.015918944390424e-07  1.220189826661639e-01 
 1.016118944390424e-07  1.220183623770492e-01 
 1.016318944390424e-07  1.220177433265672e-01 
 1.016518944390424e-07  1.220171255122437e-01 
 1.016718944390424e-07  1.220165089316111e-01 
 1.016918944390424e-07  1.220158935822051e-01 
 1.017118944390424e-07  1.220152794615679e-01 
 1.017318944390423e-07  1.220146665672449e-01 
 1.017518944390423e-07  1.220140548967883e-01 
 1.017718944390423e-07  1.220134444477533e-01 
 1.017918944390423e-07  1.220128352177017e-01 
 1.018118944390423e-07  1.220122272041986e-01 
 1.018318944390423e-07  1.220116204048154e-01 
 1.018518944390423e-07  1.220110148171270e-01 
 1.018718944390423e-07  1.220104104387147e-01 
 1.018918944390423e-07  1.220098072671627e-01 
 1.019118944390423e-07  1.220092053000621e-01 
 1.019318944390423e-07  1.220086045350068e-01 
 1.019518944390423e-07  1.220080049695973e-01 
 1.019718944390423e-07  1.220074066014373e-01 
 1.019918944390423e-07  1.220068094281369e-01 
 1.020118944390423e-07  1.220062134473093e-01 
 1.020318944390423e-07  1.220056186565741e-01 
 1.020518944390423e-07  1.220050250535539e-01 
 1.020718944390423e-07  1.220044326358781e-01 
 1.020918944390423e-07  1.220038414011786e-01 
 1.021118944390423e-07  1.220032513470942e-01 
 1.021318944390423e-07  1.220026624712665e-01 
 1.021518944390423e-07  1.220020747713435e-01 
 1.021718944390423e-07  1.220014882449762e-01 
 1.021918944390423e-07  1.220009028898221e-01 
 1.022118944390423e-07  1.220003187035415e-01 
 1.022318944390423e-07  1.219997356838012e-01 
 1.022518944390423e-07  1.219991538282710e-01 
 1.022718944390422e-07  1.219985731346269e-01 
 1.022918944390422e-07  1.219979936005481e-01 
 1.023118944390422e-07  1.219974152237196e-01 
 1.023318944390422e-07  1.219968380018300e-01 
 1.023518944390422e-07  1.219962619325737e-01 
 1.023718944390422e-07  1.219956870136484e-01 
 1.023918944390422e-07  1.219951132427577e-01 
 1.024118944390422e-07  1.219945406176085e-01 
 1.024318944390422e-07  1.219939691359135e-01 
 1.024518944390422e-07  1.219933987953888e-01 
 1.024718944390422e-07  1.219928295937562e-01 
 1.024918944390422e-07  1.219922615287408e-01 
 1.025118944390422e-07  1.219916945980738e-01 
 1.025318944390422e-07  1.219911287994891e-01 
 1.025518944390422e-07  1.219905641307270e-01 
 1.025718944390422e-07  1.219900005895306e-01 
 1.025918944390422e-07  1.219894381736492e-01 
 1.026118944390422e-07  1.219888768808347e-01 
 1.026318944390422e-07  1.219883167088454e-01 
 1.026518944390422e-07  1.219877576554424e-01 
 1.026718944390422e-07  1.219871997183927e-01 
 1.026918944390422e-07  1.219866428954665e-01 
 1.027118944390422e-07  1.219860871844397e-01 
 1.027318944390422e-07  1.219855325830912e-01 
 1.027518944390422e-07  1.219849790892059e-01 
 1.027718944390422e-07  1.219844267005717e-01 
 1.027918944390421e-07  1.219838754149821e-01 
 1.028118944390421e-07  1.219833252302339e-01 
 1.028318944390421e-07  1.219827761441296e-01 
 1.028518944390421e-07  1.219822281544746e-01 
 1.028718944390421e-07  1.219816812590801e-01 
 1.028918944390421e-07  1.219811354557604e-01 
 1.029118944390421e-07  1.219805907423354e-01 
 1.029318944390421e-07  1.219800471166280e-01 
 1.029518944390421e-07  1.219795045764671e-01 
 1.029718944390421e-07  1.219789631196840e-01 
 1.029918944390421e-07  1.219784227441163e-01 
 1.030118944390421e-07  1.219778834476042e-01 
 1.030318944390421e-07  1.219773452279936e-01 
 1.030518944390421e-07  1.219768080831334e-01 
 1.030718944390421e-07  1.219762720108781e-01 
 1.030918944390421e-07  1.219757370090853e-01 
 1.031118944390421e-07  1.219752030756181e-01 
 1.031318944390421e-07  1.219746702083424e-01 
 1.031518944390421e-07  1.219741384051300e-01 
 1.031718944390421e-07  1.219736076638552e-01 
 1.031918944390421e-07  1.219730779823984e-01 
 1.032118944390421e-07  1.219725493586425e-01 
 1.032318944390421e-07  1.219720217904762e-01 
 1.032518944390421e-07  1.219714952757907e-01 
 1.032718944390421e-07  1.219709698124832e-01 
 1.032918944390421e-07  1.219704453984535e-01 
 1.033118944390420e-07  1.219699220316071e-01 
 1.033318944390420e-07  1.219693997098521e-01 
 1.033518944390420e-07  1.219688784311024e-01 
 1.033718944390420e-07  1.219683581932746e-01 
 1.033918944390420e-07  1.219678389942907e-01 
 1.034118944390420e-07  1.219673208320756e-01 
 1.034318944390420e-07  1.219668037045598e-01 
 1.034518944390420e-07  1.219662876096764e-01 
 1.034718944390420e-07  1.219657725453639e-01 
 1.034918944390420e-07  1.219652585095640e-01 
 1.035118944390420e-07  1.219647455002234e-01 
 1.035318944390420e-07  1.219642335152919e-01 
 1.035518944390420e-07  1.219637225527243e-01 
 1.035718944390420e-07  1.219632126104786e-01 
 1.035918944390420e-07  1.219627036865180e-01 
 1.036118944390420e-07  1.219621957788084e-01 
 1.036318944390420e-07  1.219616888853212e-01 
 1.036518944390420e-07  1.219611830040304e-01 
 1.036718944390420e-07  1.219606781329155e-01 
 1.036918944390420e-07  1.219601742699586e-01 
 1.037118944390420e-07  1.219596714131474e-01 
 1.037318944390420e-07  1.219591695604719e-01 
 1.037518944390420e-07  1.219586687099277e-01 
 1.037718944390420e-07  1.219581688595131e-01 
 1.037918944390420e-07  1.219576700072315e-01 
 1.038118944390420e-07  1.219571721510891e-01 
 1.038318944390420e-07  1.219566752890976e-01 
 1.038518944390419e-07  1.219561794192709e-01 
 1.038718944390419e-07  1.219556845396287e-01 
 1.038918944390419e-07  1.219551906481929e-01 
 1.039118944390419e-07  1.219546977429910e-01 
 1.039318944390419e-07  1.219542058220528e-01 
 1.039518944390419e-07  1.219537148834135e-01 
 1.039718944390419e-07  1.219532249251111e-01 
 1.039918944390419e-07  1.219527359451886e-01 
 1.040118944390419e-07  1.219522479416916e-01 
 1.040318944390419e-07  1.219517609126709e-01 
 1.040518944390419e-07  1.219512748561802e-01 
 1.040718944390419e-07  1.219507897702779e-01 
 1.040918944390419e-07  1.219503056530253e-01 
 1.041118944390419e-07  1.219498225024888e-01 
 1.041318944390419e-07  1.219493403167373e-01 
 1.041518944390419e-07  1.219488590938450e-01 
 1.041718944390419e-07  1.219483788318885e-01 
 1.041918944390419e-07  1.219478995289496e-01 
 1.042118944390419e-07  1.219474211831126e-01 
 1.042318944390419e-07  1.219469437924670e-01 
 1.042518944390419e-07  1.219464673551047e-01 
 1.042718944390419e-07  1.219459918691228e-01 
 1.042918944390419e-07  1.219455173326209e-01 
 1.043118944390419e-07  1.219450437437036e-01 
 1.043318944390419e-07  1.219445711004782e-01 
 1.043518944390419e-07  1.219440994010568e-01 
 1.043718944390418e-07  1.219436286435541e-01 
 1.043918944390418e-07  1.219431588260899e-01 
 1.044118944390418e-07  1.219426899467865e-01 
 1.044318944390418e-07  1.219422220037710e-01 
 1.044518944390418e-07  1.219417549951732e-01 
 1.044718944390418e-07  1.219412889191279e-01 
 1.044918944390418e-07  1.219408237737723e-01 
 1.045118944390418e-07  1.219403595572484e-01 
 1.045318944390418e-07  1.219398962677010e-01 
 1.045518944390418e-07  1.219394339032797e-01 
 1.045718944390418e-07  1.219389724621363e-01 
 1.045918944390418e-07  1.219385119424280e-01 
 1.046118944390418e-07  1.219380523423140e-01 
 1.046318944390418e-07  1.219375936599588e-01 
 1.046518944390418e-07  1.219371358935289e-01 
 1.046718944390418e-07  1.219366790411962e-01 
 1.046918944390418e-07  1.219362231011347e-01 
 1.047118944390418e-07  1.219357680715232e-01 
 1.047318944390418e-07  1.219353139505431e-01 
 1.047518944390418e-07  1.219348607363807e-01 
 1.047718944390418e-07  1.219344084272245e-01 
 1.047918944390418e-07  1.219339570212681e-01 
 1.048118944390418e-07  1.219335065167070e-01 
 1.048318944390418e-07  1.219330569117422e-01 
 1.048518944390418e-07  1.219326082045765e-01 
 1.048718944390418e-07  1.219321603934178e-01 
 1.048918944390418e-07  1.219317134764762e-01 
 1.049118944390417e-07  1.219312674519668e-01 
 1.049318944390417e-07  1.219308223181070e-01 
 1.049518944390417e-07  1.219303780731186e-01 
 1.049718944390417e-07  1.219299347152263e-01 
 1.049918944390417e-07  1.219294922426592e-01 
 1.050118944390417e-07  1.219290506536488e-01 
 1.050318944390417e-07  1.219286099464315e-01 
 1.050518944390417e-07  1.219281701192457e-01 
 1.050718944390417e-07  1.219277311703348e-01 
 1.050918944390417e-07  1.219272930979444e-01 
 1.051118944390417e-07  1.219268559003248e-01 
 1.051318944390417e-07  1.219264195757286e-01 
 1.051518944390417e-07  1.219259841224130e-01 
 1.051718944390417e-07  1.219255495386377e-01 
 1.051918944390417e-07  1.219251158226668e-01 
 1.052118944390417e-07  1.219246829727671e-01 
 1.052318944390417e-07  1.219242509872095e-01 
 1.052518944390417e-07  1.219238198642676e-01 
 1.052718944390417e-07  1.219233896022193e-01 
 1.052918944390417e-07  1.219229601993451e-01 
 1.053118944390417e-07  1.219225316539299e-01 
 1.053318944390417e-07  1.219221039642607e-01 
 1.053518944390417e-07  1.219216771286294e-01 
 1.053718944390417e-07  1.219212511453302e-01 
 1.053918944390417e-07  1.219208260126614e-01 
 1.054118944390417e-07  1.219204017289240e-01 
 1.054318944390416e-07  1.219199782924233e-01 
 1.054518944390416e-07  1.219195557014670e-01 
 1.054718944390416e-07  1.219191339543671e-01 
 1.054918944390416e-07  1.219187130494381e-01 
 1.055118944390416e-07  1.219182929849988e-01 
 1.055318944390416e-07  1.219178737593704e-01 
 1.055518944390416e-07  1.219174553708782e-01 
 1.055718944390416e-07  1.219170378178503e-01 
 1.055918944390416e-07  1.219166210986188e-01 
 1.056118944390416e-07  1.219162052115181e-01 
 1.056318944390416e-07  1.219157901548872e-01 
 1.056518944390416e-07  1.219153759270672e-01 
 1.056718944390416e-07  1.219149625264036e-01 
 1.056918944390416e-07  1.219145499512442e-01 
 1.057118944390416e-07  1.219141381999412e-01 
 1.057318944390416e-07  1.219137272708487e-01 
 1.057518944390416e-07  1.219133171623256e-01 
 1.057718944390416e-07  1.219129078727326e-01 
 1.057918944390416e-07  1.219124994004351e-01 
 1.058118944390416e-07  1.219120917438005e-01 
 1.058318944390416e-07  1.219116849012006e-01 
 1.058518944390416e-07  1.219112788710093e-01 
 1.058718944390416e-07  1.219108736516049e-01 
 1.058918944390416e-07  1.219104692413678e-01 
 1.059118944390416e-07  1.219100656386827e-01 
 1.059318944390416e-07  1.219096628419366e-01 
 1.059518944390415e-07  1.219092608495206e-01 
 1.059718944390415e-07  1.219088596598281e-01 
 1.059918944390415e-07  1.219084592712567e-01 
 1.060118944390415e-07  1.219080596822061e-01 
 1.060318944390415e-07  1.219076608910803e-01 
 1.060518944390415e-07  1.219072628962854e-01 
 1.060718944390415e-07  1.219068656962318e-01 
 1.060918944390415e-07  1.219064692893320e-01 
 1.061118944390415e-07  1.219060736740027e-01 
 1.061318944390415e-07  1.219056788486627e-01 
 1.061518944390415e-07  1.219052848117349e-01 
 1.061718944390415e-07  1.219048915616447e-01 
 1.061918944390415e-07  1.219044990968213e-01 
 1.062118944390415e-07  1.219041074156959e-01 
 1.062318944390415e-07  1.219037165167044e-01 
 1.062518944390415e-07  1.219033263982842e-01 
 1.062718944390415e-07  1.219029370588773e-01 
 1.062918944390415e-07  1.219025484969276e-01 
 1.063118944390415e-07  1.219021607108830e-01 
 1.063318944390415e-07  1.219017736991938e-01 
 1.063518944390415e-07  1.219013874603141e-01 
 1.063718944390415e-07  1.219010019927002e-01 
 1.063918944390415e-07  1.219006172948125e-01 
 1.064118944390415e-07  1.219002333651135e-01 
 1.064318944390415e-07  1.218998502020697e-01 
 1.064518944390415e-07  1.218994678041498e-01 
 1.064718944390415e-07  1.218990861698263e-01 
 1.064918944390414e-07  1.218987052975739e-01 
 1.065118944390414e-07  1.218983251858714e-01 
 1.065318944390414e-07  1.218979458331997e-01 
 1.065518944390414e-07  1.218975672380435e-01 
 1.065718944390414e-07  1.218971893988896e-01 
 1.065918944390414e-07  1.218968123142290e-01 
 1.066118944390414e-07  1.218964359825545e-01 
 1.066318944390414e-07  1.218960604023629e-01 
 1.066518944390414e-07  1.218956855721533e-01 
 1.066718944390414e-07  1.218953114904285e-01 
 1.066918944390414e-07  1.218949381556933e-01 
 1.067118944390414e-07  1.218945655664566e-01 
 1.067318944390414e-07  1.218941937212293e-01 
 1.067518944390414e-07  1.218938226185262e-01 
 1.067718944390414e-07  1.218934522568641e-01 
 1.067918944390414e-07  1.218930826347636e-01 
 1.068118944390414e-07  1.218927137507476e-01 
 1.068318944390414e-07  1.218923456033425e-01 
 1.068518944390414e-07  1.218919781910772e-01 
 1.068718944390414e-07  1.218916115124839e-01 
 1.068918944390414e-07  1.218912455660973e-01 
 1.069118944390414e-07  1.218908803504557e-01 
 1.069318944390414e-07  1.218905158640994e-01 
 1.069518944390414e-07  1.218901521055726e-01 
 1.069718944390414e-07  1.218897890734215e-01 
 1.069918944390414e-07  1.218894267661960e-01 
 1.070118944390413e-07  1.218890651824482e-01 
 1.070318944390413e-07  1.218887043207338e-01 
 1.070518944390413e-07  1.218883441796105e-01 
 1.070718944390413e-07  1.218879847576399e-01 
 1.070918944390413e-07  1.218876260533854e-01 
 1.071118944390413e-07  1.218872680654143e-01 
 1.071318944390413e-07  1.218869107922960e-01 
 1.071518944390413e-07  1.218865542326032e-01 
 1.071718944390413e-07  1.218861983849110e-01 
 1.071918944390413e-07  1.218858432477982e-01 
 1.072118944390413e-07  1.218854888198452e-01 
 1.072318944390413e-07  1.218851350996364e-01 
 1.072518944390413e-07  1.218847820857582e-01 
 1.072718944390413e-07  1.218844297768006e-01 
 1.072918944390413e-07  1.218840781713554e-01 
 1.073118944390413e-07  1.218837272680182e-01 
 1.073318944390413e-07  1.218833770653867e-01 
 1.073518944390413e-07  1.218830275620620e-01 
 1.073718944390413e-07  1.218826787566474e-01 
 1.073918944390413e-07  1.218823306477495e-01 
 1.074118944390413e-07  1.218819832339771e-01 
 1.074318944390413e-07  1.218816365139426e-01 
 1.074518944390413e-07  1.218812904862603e-01 
 1.074718944390413e-07  1.218809451495480e-01 
 1.074918944390413e-07  1.218806005024256e-01 
 1.075118944390413e-07  1.218802565435164e-01 
 1.075318944390412e-07  1.218799132714458e-01 
 1.075518944390412e-07  1.218795706848427e-01 
 1.075718944390412e-07  1.218792287823378e-01 
 1.075918944390412e-07  1.218788875625655e-01 
 1.076118944390412e-07  1.218785470241621e-01 
 1.076318944390412e-07  1.218782071657675e-01 
 1.076518944390412e-07  1.218778679860232e-01 
 1.076718944390412e-07  1.218775294835746e-01 
 1.076918944390412e-07  1.218771916570688e-01 
 1.077118944390412e-07  1.218768545051563e-01 
 1.077318944390412e-07  1.218765180264898e-01 
 1.077518944390412e-07  1.218761822197253e-01 
 1.077718944390412e-07  1.218758470835207e-01 
 1.077918944390412e-07  1.218755126165372e-01 
 1.078118944390412e-07  1.218751788174382e-01 
 1.078318944390412e-07  1.218748456848905e-01 
 1.078518944390412e-07  1.218745132175626e-01 
 1.078718944390412e-07  1.218741814141266e-01 
 1.078918944390412e-07  1.218738502732563e-01 
 1.079118944390412e-07  1.218735197936291e-01 
 1.079318944390412e-07  1.218731899739243e-01 
 1.079518944390412e-07  1.218728608128243e-01 
 1.079718944390412e-07  1.218725323090138e-01 
 1.079918944390412e-07  1.218722044611805e-01 
 1.080118944390412e-07  1.218718772680142e-01 
 1.080318944390412e-07  1.218715507282079e-01 
 1.080518944390412e-07  1.218712248404567e-01 
 1.080718944390411e-07  1.218708996034588e-01 
 1.080918944390411e-07  1.218705750159145e-01 
 1.081118944390411e-07  1.218702510765271e-01 
 1.081318944390411e-07  1.218699277840020e-01 
 1.081518944390411e-07  1.218696051370481e-01 
 1.081718944390411e-07  1.218692831343756e-01 
 1.081918944390411e-07  1.218689617746985e-01 
 1.082118944390411e-07  1.218686410567324e-01 
 1.082318944390411e-07  1.218683209791963e-01 
 1.082518944390411e-07  1.218680015408109e-01 
 1.082718944390411e-07  1.218676827403004e-01 
 1.082918944390411e-07  1.218673645763907e-01 
 1.083118944390411e-07  1.218670470478108e-01 
 1.083318944390411e-07  1.218667301532917e-01 
 1.083518944390411e-07  1.218664138915678e-01 
 1.083718944390411e-07  1.218660982613749e-01 
 1.083918944390411e-07  1.218657832614525e-01 
 1.084118944390411e-07  1.218654688905415e-01 
 1.084318944390411e-07  1.218651551473863e-01 
 1.084518944390411e-07  1.218648420307330e-01 
 1.084718944390411e-07  1.218645295393309e-01 
 1.084918944390411e-07  1.218642176719311e-01 
 1.085118944390411e-07  1.218639064272879e-01 
 1.085318944390411e-07  1.218635958041573e-01 
 1.085518944390411e-07  1.218632858012988e-01 
 1.085718944390411e-07  1.218629764174733e-01 
 1.085918944390410e-07  1.218626676514451e-01 
 1.086118944390410e-07  1.218623595019801e-01 
 1.086318944390410e-07  1.218620519678475e-01 
 1.086518944390410e-07  1.218617450478182e-01 
 1.086718944390410e-07  1.218614387406663e-01 
 1.086918944390410e-07  1.218611330451676e-01 
 1.087118944390410e-07  1.218608279601011e-01 
 1.087318944390410e-07  1.218605234842474e-01 
 1.087518944390410e-07  1.218602196163904e-01 
 1.087718944390410e-07  1.218599163553157e-01 
 1.087918944390410e-07  1.218596136998120e-01 
 1.088118944390410e-07  1.218593116486696e-01 
 1.088318944390410e-07  1.218590102006822e-01 
 1.088518944390410e-07  1.218587093546448e-01 
 1.088718944390410e-07  1.218584091093558e-01 
 1.088918944390410e-07  1.218581094636154e-01 
 1.089118944390410e-07  1.218578104162266e-01 
 1.089318944390410e-07  1.218575119659943e-01 
 1.089518944390410e-07  1.218572141117263e-01 
 1.089718944390410e-07  1.218569168522323e-01 
 1.089918944390410e-07  1.218566201863249e-01 
 1.090118944390410e-07  1.218563241128184e-01 
 1.090318944390410e-07  1.218560286305303e-01 
 1.090518944390410e-07  1.218557337382797e-01 
 1.090718944390410e-07  1.218554394348887e-01 
 1.090918944390410e-07  1.218551457191809e-01 
 1.091118944390410e-07  1.218548525899834e-01 
 1.091318944390409e-07  1.218545600461245e-01 
 1.091518944390409e-07  1.218542680864358e-01 
 1.091718944390409e-07  1.218539767097503e-01 
 1.091918944390409e-07  1.218536859149043e-01 
 1.092118944390409e-07  1.218533957007355e-01 
 1.092318944390409e-07  1.218531060660848e-01 
 1.092518944390409e-07  1.218528170097946e-01 
 1.092718944390409e-07  1.218525285307104e-01 
 1.092918944390409e-07  1.218522406276792e-01 
 1.093118944390409e-07  1.218519532995510e-01 
 1.093318944390409e-07  1.218516665451776e-01 
 1.093518944390409e-07  1.218513803634134e-01 
 1.093718944390409e-07  1.218510947531148e-01 
 1.093918944390409e-07  1.218508097131410e-01 
 1.094118944390409e-07  1.218505252423527e-01 
 1.094318944390409e-07  1.218502413396138e-01 
 1.094518944390409e-07  1.218499580037895e-01 
 1.094718944390409e-07  1.218496752337482e-01 
 1.094918944390409e-07  1.218493930283597e-01 
 1.095118944390409e-07  1.218491113864969e-01 
 1.095318944390409e-07  1.218488303070341e-01 
 1.095518944390409e-07  1.218485497888486e-01 
 1.095718944390409e-07  1.218482698308192e-01 
 1.095918944390409e-07  1.218479904318279e-01 
 1.096118944390409e-07  1.218477115907578e-01 
 1.096318944390409e-07  1.218474333064953e-01 
 1.096518944390408e-07  1.218471555779282e-01 
 1.096718944390408e-07  1.218468784039470e-01 
 1.096918944390408e-07  1.218466017834442e-01 
 1.097118944390408e-07  1.218463257153147e-01 
 1.097318944390408e-07  1.218460501984552e-01 
 1.097518944390408e-07  1.218457752317654e-01 
 1.097718944390408e-07  1.218455008141461e-01 
 1.097918944390408e-07  1.218452269445014e-01 
 1.098118944390408e-07  1.218449536217365e-01 
 1.098318944390408e-07  1.218446808447600e-01 
 1.098518944390408e-07  1.218444086124815e-01 
 1.098718944390408e-07  1.218441369238136e-01 
 1.098918944390408e-07  1.218438657776706e-01 
 1.099118944390408e-07  1.218435951729695e-01 
 1.099318944390408e-07  1.218433251086287e-01 
 1.099518944390408e-07  1.218430555835695e-01 
 1.099718944390408e-07  1.218427865967147e-01 
 1.099918944390408e-07  1.218425181469899e-01 
 1.100118944390408e-07  1.218422502333223e-01 
 1.100318944390408e-07  1.218419828546417e-01 
 1.100518944390408e-07  1.218417160098795e-01 
 1.100718944390408e-07  1.218414496979698e-01 
 1.100918944390408e-07  1.218411839178484e-01 
 1.101118944390408e-07  1.218409186684536e-01 
 1.101318944390408e-07  1.218406539487253e-01 
 1.101518944390408e-07  1.218403897576061e-01 
 1.101718944390407e-07  1.218401260940402e-01 
 1.101918944390407e-07  1.218398629569745e-01 
 1.102118944390407e-07  1.218396003453572e-01 
 1.102318944390407e-07  1.218393382581395e-01 
 1.102518944390407e-07  1.218390766942738e-01 
 1.102718944390407e-07  1.218388156527155e-01 
 1.102918944390407e-07  1.218385551324212e-01 
 1.103118944390407e-07  1.218382951323504e-01 
 1.103318944390407e-07  1.218380356514639e-01 
 1.103518944390407e-07  1.218377766887253e-01 
 1.103718944390407e-07  1.218375182430997e-01 
 1.103918944390407e-07  1.218372603135547e-01 
 1.104118944390407e-07  1.218370028990594e-01 
 1.104318944390407e-07  1.218367459985858e-01 
 1.104518944390407e-07  1.218364896111070e-01 
 1.104718944390407e-07  1.218362337355989e-01 
 1.104918944390407e-07  1.218359783710391e-01 
 1.105118944390407e-07  1.218357235164074e-01 
 1.105318944390407e-07  1.218354691706853e-01 
 1.105518944390407e-07  1.218352153328568e-01 
 1.105718944390407e-07  1.218349620019076e-01 
 1.105918944390407e-07  1.218347091768257e-01 
 1.106118944390407e-07  1.218344568566007e-01 
 1.106318944390407e-07  1.218342050402247e-01 
 1.106518944390407e-07  1.218339537266914e-01 
 1.106718944390407e-07  1.218337029149968e-01 
 1.106918944390407e-07  1.218334526041387e-01 
 1.107118944390406e-07  1.218332027931172e-01 
 1.107318944390406e-07  1.218329534809339e-01 
 1.107518944390406e-07  1.218327046665930e-01 
 1.107718944390406e-07  1.218324563491001e-01 
 1.107918944390406e-07  1.218322085274633e-01 
 1.108118944390406e-07  1.218319612006921e-01 
 1.108318944390406e-07  1.218317143677988e-01 
 1.108518944390406e-07  1.218314680277967e-01 
 1.108718944390406e-07  1.218312221797020e-01 
 1.108918944390406e-07  1.218309768225321e-01 
 1.109118944390406e-07  1.218307319553069e-01 
 1.109318944390406e-07  1.218304875770479e-01 
 1.109518944390406e-07  1.218302436867790e-01 
 1.109718944390406e-07  1.218300002835252e-01 
 1.109918944390406e-07  1.218297573663145e-01 
 1.110118944390406e-07  1.218295149341761e-01 
 1.110318944390406e-07  1.218292729861415e-01 
 1.110518944390406e-07  1.218290315212439e-01 
 1.110718944390406e-07  1.218287905385187e-01 
 1.110918944390406e-07  1.218285500370028e-01 
 1.111118944390406e-07  1.218283100157355e-01 
 1.111318944390406e-07  1.218280704737577e-01 
 1.111518944390406e-07  1.218278314101126e-01 
 1.111718944390406e-07  1.218275928238446e-01 
 1.111918944390406e-07  1.218273547140008e-01 
 1.112118944390406e-07  1.218271170796296e-01 
 1.112318944390405e-07  1.218268799197817e-01 
 1.112518944390405e-07  1.218266432335094e-01 
 1.112718944390405e-07  1.218264070198672e-01 
 1.112918944390405e-07  1.218261712779112e-01 
 1.113118944390405e-07  1.218259360066997e-01 
 1.113318944390405e-07  1.218257012052924e-01 
 1.113518944390405e-07  1.218254668727515e-01 
 1.113718944390405e-07  1.218252330081404e-01 
 1.113918944390405e-07  1.218249996105250e-01 
 1.114118944390405e-07  1.218247666789725e-01 
 1.114318944390405e-07  1.218245342125524e-01 
 1.114518944390405e-07  1.218243022103358e-01 
 1.114718944390405e-07  1.218240706713959e-01 
 1.114918944390405e-07  1.218238395948075e-01 
 1.115118944390405e-07  1.218236089796474e-01 
 1.115318944390405e-07  1.218233788249941e-01 
 1.115518944390405e-07  1.218231491299281e-01 
 1.115718944390405e-07  1.218229198935316e-01 
 1.115918944390405e-07  1.218226911148888e-01 
 1.116118944390405e-07  1.218224627930855e-01 
 1.116318944390405e-07  1.218222349272097e-01 
 1.116518944390405e-07  1.218220075163506e-01 
 1.116718944390405e-07  1.218217805596000e-01 
 1.116918944390405e-07  1.218215540560507e-01 
 1.117118944390405e-07  1.218213280047981e-01 
 1.117318944390405e-07  1.218211024049387e-01 
 1.117518944390404e-07  1.218208772555715e-01 
 1.117718944390404e-07  1.218206525557965e-01 
 1.117918944390404e-07  1.218204283047164e-01 
 1.118118944390404e-07  1.218202045014347e-01 
 1.118318944390404e-07  1.218199811450576e-01 
 1.118518944390404e-07  1.218197582346925e-01 
 1.118718944390404e-07  1.218195357694489e-01 
 1.118918944390404e-07  1.218193137484377e-01 
 1.119118944390404e-07  1.218190921707722e-01 
 1.119318944390404e-07  1.218188710355668e-01 
 1.119518944390404e-07  1.218186503419382e-01 
 1.119718944390404e-07  1.218184300890044e-01 
 1.119918944390404e-07  1.218182102758856e-01 
 1.120118944390404e-07  1.218179909017033e-01 
 1.120318944390404e-07  1.218177719655814e-01 
 1.120518944390404e-07  1.218175534666447e-01 
 1.120718944390404e-07  1.218173354040205e-01 
 1.120918944390404e-07  1.218171177768374e-01 
 1.121118944390404e-07  1.218169005842260e-01 
 1.121318944390404e-07  1.218166838253184e-01 
 1.121518944390404e-07  1.218164674992488e-01 
 1.121718944390404e-07  1.218162516051525e-01 
 1.121918944390404e-07  1.218160361421673e-01 
 1.122118944390404e-07  1.218158211094319e-01 
 1.122318944390404e-07  1.218156065060876e-01 
 1.122518944390404e-07  1.218153923312766e-01 
 1.122718944390404e-07  1.218151785841434e-01 
 1.122918944390403e-07  1.218149652638338e-01 
 1.123118944390403e-07  1.218147523694958e-01 
 1.123318944390403e-07  1.218145399002784e-01 
 1.123518944390403e-07  1.218143278553331e-01 
 1.123718944390403e-07  1.218141162338123e-01 
 1.123918944390403e-07  1.218139050348708e-01 
 1.124118944390403e-07  1.218136942576645e-01 
 1.124318944390403e-07  1.218134839013515e-01 
 1.124518944390403e-07  1.218132739650910e-01 
 1.124718944390403e-07  1.218130644480446e-01 
 1.124918944390403e-07  1.218128553493749e-01 
 1.125118944390403e-07  1.218126466682467e-01 
 1.125318944390403e-07  1.218124384038260e-01 
 1.125518944390403e-07  1.218122305552809e-01 
 1.125718944390403e-07  1.218120231217807e-01 
 1.125918944390403e-07  1.218118161024969e-01 
 1.126118944390403e-07  1.218116094966021e-01 
 1.126318944390403e-07  1.218114033032710e-01 
 1.126518944390403e-07  1.218111975216797e-01 
 1.126718944390403e-07  1.218109921510061e-01 
 1.126918944390403e-07  1.218107871904294e-01 
 1.127118944390403e-07  1.218105826391311e-01 
 1.127318944390403e-07  1.218103784962934e-01 
 1.127518944390403e-07  1.218101747611012e-01 
 1.127718944390403e-07  1.218099714327402e-01 
 1.127918944390403e-07  1.218097685103981e-01 
 1.128118944390402e-07  1.218095659932639e-01 
 1.128318944390402e-07  1.218093638805289e-01 
 1.128518944390402e-07  1.218091621713851e-01 
 1.128718944390402e-07  1.218089608650269e-01 
 1.128918944390402e-07  1.218087599606498e-01 
 1.129118944390402e-07  1.218085594574513e-01 
 1.129318944390402e-07  1.218083593546300e-01 
 1.129518944390402e-07  1.218081596513868e-01 
 1.129718944390402e-07  1.218079603469235e-01 
 1.129918944390402e-07  1.218077614404439e-01 
 1.130118944390402e-07  1.218075629311533e-01 
 1.130318944390402e-07  1.218073648182585e-01 
 1.130518944390402e-07  1.218071671009680e-01 
 1.130718944390402e-07  1.218069697784919e-01 
 1.130918944390402e-07  1.218067728500415e-01 
 1.131118944390402e-07  1.218065763148304e-01 
 1.131318944390402e-07  1.218063801720731e-01 
 1.131518944390402e-07  1.218061844209861e-01 
 1.131718944390402e-07  1.218059890607870e-01 
 1.131918944390402e-07  1.218057940906956e-01 
 1.132118944390402e-07  1.218055995099326e-01 
 1.132318944390402e-07  1.218054053177209e-01 
 1.132518944390402e-07  1.218052115132842e-01 
 1.132718944390402e-07  1.218050180958485e-01 
 1.132918944390402e-07  1.218048250646408e-01 
 1.133118944390402e-07  1.218046324188901e-01 
 1.133318944390402e-07  1.218044401578264e-01 
 1.133518944390401e-07  1.218042482806818e-01 
 1.133718944390401e-07  1.218040567866894e-01 
 1.133918944390401e-07  1.218038656750844e-01 
 1.134118944390401e-07  1.218036749451029e-01 
 1.134318944390401e-07  1.218034845959832e-01 
 1.134518944390401e-07  1.218032946269644e-01 
 1.134718944390401e-07  1.218031050372878e-01 
 1.134918944390401e-07  1.218029158261958e-01 
 1.135118944390401e-07  1.218027269929324e-01 
 1.135318944390401e-07  1.218025385367431e-01 
 1.135518944390401e-07  1.218023504568750e-01 
 1.135718944390401e-07  1.218021627525765e-01 
 1.135918944390401e-07  1.218019754230979e-01 
 1.136118944390401e-07  1.218017884676905e-01 
 1.136318944390401e-07  1.218016018856075e-01 
 1.136518944390401e-07  1.218014156761032e-01 
 1.136718944390401e-07  1.218012298384338e-01 
 1.136918944390401e-07  1.218010443718568e-01 
 1.137118944390401e-07  1.218008592756312e-01 
 1.137318944390401e-07  1.218006745490172e-01 
 1.137518944390401e-07  1.218004901912770e-01 
 1.137718944390401e-07  1.218003062016739e-01 
 1.137918944390401e-07  1.218001225794728e-01 
 1.138118944390401e-07  1.217999393239400e-01 
 1.138318944390401e-07  1.217997564343435e-01 
 1.138518944390401e-07  1.217995739099523e-01 
 1.138718944390400e-07  1.217993917500374e-01 
 1.138918944390400e-07  1.217992099538708e-01 
 1.139118944390400e-07  1.217990285207263e-01 
 1.139318944390400e-07  1.217988474498788e-01 
 1.139518944390400e-07  1.217986667406051e-01 
 1.139718944390400e-07  1.217984863921829e-01 
 1.139918944390400e-07  1.217983064038919e-01 
 1.140118944390400e-07  1.217981267750127e-01 
 1.140318944390400e-07  1.217979475048278e-01 
 1.140518944390400e-07  1.217977685926208e-01 
 1.140718944390400e-07  1.217975900376771e-01 
 1.140918944390400e-07  1.217974118392830e-01 
 1.141118944390400e-07  1.217972339967268e-01 
 1.141318944390400e-07  1.217970565092977e-01 
 1.141518944390400e-07  1.217968793762867e-01 
 1.141718944390400e-07  1.217967025969860e-01 
 1.141918944390400e-07  1.217965261706893e-01 
 1.142118944390400e-07  1.217963500966917e-01 
 1.142318944390400e-07  1.217961743742898e-01 
 1.142518944390400e-07  1.217959990027814e-01 
 1.142718944390400e-07  1.217958239814659e-01 
 1.142918944390400e-07  1.217956493096439e-01 
 1.143118944390400e-07  1.217954749866177e-01 
 1.143318944390400e-07  1.217953010116905e-01 
 1.143518944390400e-07  1.217951273841675e-01 
 1.143718944390400e-07  1.217949541033547e-01 
 1.143918944390399e-07  1.217947811685601e-01 
 1.144118944390399e-07  1.217946085790924e-01 
 1.144318944390399e-07  1.217944363342624e-01 
 1.144518944390399e-07  1.217942644333816e-01 
 1.144718944390399e-07  1.217940928757633e-01 
 1.144918944390399e-07  1.217939216607220e-01 
 1.145118944390399e-07  1.217937507875738e-01 
 1.145318944390399e-07  1.217935802556357e-01 
 1.145518944390399e-07  1.217934100642266e-01 
 1.145718944390399e-07  1.217932402126663e-01 
 1.145918944390399e-07  1.217930707002763e-01 
 1.146118944390399e-07  1.217929015263793e-01 
 1.146318944390399e-07  1.217927326902994e-01 
 1.146518944390399e-07  1.217925641913620e-01 
 1.146718944390399e-07  1.217923960288939e-01 
 1.146918944390399e-07  1.217922282022231e-01 
 1.147118944390399e-07  1.217920607106793e-01 
 1.147318944390399e-07  1.217918935535930e-01 
 1.147518944390399e-07  1.217917267302966e-01 
 1.147718944390399e-07  1.217915602401233e-01 
 1.147918944390399e-07  1.217913940824081e-01 
 1.148118944390399e-07  1.217912282564870e-01 
 1.148318944390399e-07  1.217910627616977e-01 
 1.148518944390399e-07  1.217908975973787e-01 
 1.148718944390399e-07  1.217907327628703e-01 
 1.148918944390399e-07  1.217905682575137e-01 
 1.149118944390399e-07  1.217904040806518e-01 
 1.149318944390398e-07  1.217902402316285e-01 
 1.149518944390398e-07  1.217900767097893e-01 
 1.149718944390398e-07  1.217899135144807e-01 
 1.149918944390398e-07  1.217897506450509e-01 
 1.150118944390398e-07  1.217895881008489e-01 
 1.150318944390398e-07  1.217894258812255e-01 
 1.150518944390398e-07  1.217892639855323e-01 
 1.150718944390398e-07  1.217891024131227e-01 
 1.150918944390398e-07  1.217889411633510e-01 
 1.151118944390398e-07  1.217887802355731e-01 
 1.151318944390398e-07  1.217886196291458e-01 
 1.151518944390398e-07  1.217884593434275e-01 
 1.151718944390398e-07  1.217882993777778e-01 
 1.151918944390398e-07  1.217881397315576e-01 
 1.152118944390398e-07  1.217879804041289e-01 
 1.152318944390398e-07  1.217878213948553e-01 
 1.152518944390398e-07  1.217876627031014e-01 
 1.152718944390398e-07  1.217875043282333e-01 
 1.152918944390398e-07  1.217873462696179e-01 
 1.153118944390398e-07  1.217871885266240e-01 
 1.153318944390398e-07  1.217870310986212e-01 
 1.153518944390398e-07  1.217868739849806e-01 
 1.153718944390398e-07  1.217867171850743e-01 
 1.153918944390398e-07  1.217865606982760e-01 
 1.154118944390398e-07  1.217864045239602e-01 
 1.154318944390398e-07  1.217862486615033e-01 
 1.154518944390397e-07  1.217860931102823e-01 
 1.154718944390397e-07  1.217859378696758e-01 
 1.154918944390397e-07  1.217857829390634e-01 
 1.155118944390397e-07  1.217856283178263e-01 
 1.155318944390397e-07  1.217854740053465e-01 
 1.155518944390397e-07  1.217853200010077e-01 
 1.155718944390397e-07  1.217851663041943e-01 
 1.155918944390397e-07  1.217850129142924e-01 
 1.156118944390397e-07  1.217848598306891e-01 
 1.156318944390397e-07  1.217847070527728e-01 
 1.156518944390397e-07  1.217845545799330e-01 
 1.156718944390397e-07  1.217844024115606e-01 
 1.156918944390397e-07  1.217842505470475e-01 
 1.157118944390397e-07  1.217840989857871e-01 
 1.157318944390397e-07  1.217839477271736e-01 
 1.157518944390397e-07  1.217837967706030e-01 
 1.157718944390397e-07  1.217836461154719e-01 
 1.157918944390397e-07  1.217834957611785e-01 
 1.158118944390397e-07  1.217833457071219e-01 
 1.158318944390397e-07  1.217831959527027e-01 
 1.158518944390397e-07  1.217830464973226e-01 
 1.158718944390397e-07  1.217828973403844e-01 
 1.158918944390397e-07  1.217827484812921e-01 
 1.159118944390397e-07  1.217825999194510e-01 
 1.159318944390397e-07  1.217824516542675e-01 
 1.159518944390397e-07  1.217823036851493e-01 
 1.159718944390396e-07  1.217821560115051e-01 
 1.159918944390396e-07  1.217820086327449e-01 
 1.160118944390396e-07  1.217818615482799e-01 
 1.160318944390396e-07  1.217817147575224e-01 
 1.160518944390396e-07  1.217815682598859e-01 
 1.160718944390396e-07  1.217814220547851e-01 
 1.160918944390396e-07  1.217812761416358e-01 
 1.161118944390396e-07  1.217811305198551e-01 
 1.161318944390396e-07  1.217809851888611e-01 
 1.161518944390396e-07  1.217808401480732e-01 
 1.161718944390396e-07  1.217806953969119e-01 
 1.161918944390396e-07  1.217805509347988e-01 
 1.162118944390396e-07  1.217804067611566e-01 
 1.162318944390396e-07  1.217802628754095e-01 
 1.162518944390396e-07  1.217801192769825e-01 
 1.162718944390396e-07  1.217799759653018e-01 
 1.162918944390396e-07  1.217798329397949e-01 
 1.163118944390396e-07  1.217796901998904e-01 
 1.163318944390396e-07  1.217795477450178e-01 
 1.163518944390396e-07  1.217794055746082e-01 
 1.163718944390396e-07  1.217792636880933e-01 
 1.163918944390396e-07  1.217791220849063e-01 
 1.164118944390396e-07  1.217789807644815e-01 
 1.164318944390396e-07  1.217788397262543e-01 
 1.164518944390396e-07  1.217786989696610e-01 
 1.164718944390396e-07  1.217785584941394e-01 
 1.164918944390396e-07  1.217784182991281e-01 
 1.165118944390395e-07  1.217782783840670e-01 
 1.165318944390395e-07  1.217781387483970e-01 
 1.165518944390395e-07  1.217779993915604e-01 
 1.165718944390395e-07  1.217778603130003e-01 
 1.165918944390395e-07  1.217777215121610e-01 
 1.166118944390395e-07  1.217775829884879e-01 
 1.166318944390395e-07  1.217774447414276e-01 
 1.166518944390395e-07  1.217773067704277e-01 
 1.166718944390395e-07  1.217771690749371e-01 
 1.166918944390395e-07  1.217770316544054e-01 
 1.167118944390395e-07  1.217768945082837e-01 
 1.167318944390395e-07  1.217767576360240e-01 
 1.167518944390395e-07  1.217766210370794e-01 
 1.167718944390395e-07  1.217764847109041e-01 
 1.167918944390395e-07  1.217763486569536e-01 
 1.168118944390395e-07  1.217762128746841e-01 
 1.168318944390395e-07  1.217760773635532e-01 
 1.168518944390395e-07  1.217759421230195e-01 
 1.168718944390395e-07  1.217758071525425e-01 
 1.168918944390395e-07  1.217756724515831e-01 
 1.169118944390395e-07  1.217755380196030e-01 
 1.169318944390395e-07  1.217754038560652e-01 
 1.169518944390395e-07  1.217752699604336e-01 
 1.169718944390395e-07  1.217751363321731e-01 
 1.169918944390395e-07  1.217750029707501e-01 
 1.170118944390395e-07  1.217748698756314e-01 
 1.170318944390394e-07  1.217747370462855e-01 
 1.170518944390394e-07  1.217746044821814e-01 
 1.170718944390394e-07  1.217744721827899e-01 
 1.170918944390394e-07  1.217743401475820e-01 
 1.171118944390394e-07  1.217742083760303e-01 
 1.171318944390394e-07  1.217740768676084e-01 
 1.171518944390394e-07  1.217739456217908e-01 
 1.171718944390394e-07  1.217738146380530e-01 
 1.171918944390394e-07  1.217736839158718e-01 
 1.172118944390394e-07  1.217735534547248e-01 
 1.172318944390394e-07  1.217734232540910e-01 
 1.172518944390394e-07  1.217732933134499e-01 
 1.172718944390394e-07  1.217731636322825e-01 
 1.172918944390394e-07  1.217730342100704e-01 
 1.173118944390394e-07  1.217729050462969e-01 
 1.173318944390394e-07  1.217727761404456e-01 
 1.173518944390394e-07  1.217726474920018e-01 
 1.173718944390394e-07  1.217725191004511e-01 
 1.173918944390394e-07  1.217723909652808e-01 
 1.174118944390394e-07  1.217722630859789e-01 
 1.174318944390394e-07  1.217721354620345e-01 
 1.174518944390394e-07  1.217720080929375e-01 
 1.174718944390394e-07  1.217718809781792e-01 
 1.174918944390394e-07  1.217717541172516e-01 
 1.175118944390394e-07  1.217716275096479e-01 
 1.175318944390394e-07  1.217715011548622e-01 
 1.175518944390394e-07  1.217713750523896e-01 
 1.175718944390393e-07  1.217712492017264e-01 
 1.175918944390393e-07  1.217711236023697e-01 
 1.176118944390393e-07  1.217709982538177e-01 
 1.176318944390393e-07  1.217708731555697e-01 
 1.176518944390393e-07  1.217707483071256e-01 
 1.176718944390393e-07  1.217706237079869e-01 
 1.176918944390393e-07  1.217704993576554e-01 
 1.177118944390393e-07  1.217703752556346e-01 
 1.177318944390393e-07  1.217702514014283e-01 
 1.177518944390393e-07  1.217701277945421e-01 
 1.177718944390393e-07  1.217700044344818e-01 
 1.177918944390393e-07  1.217698813207546e-01 
 1.178118944390393e-07  1.217697584528687e-01 
 1.178318944390393e-07  1.217696358303331e-01 
 1.178518944390393e-07  1.217695134526579e-01 
 1.178718944390393e-07  1.217693913193542e-01 
 1.178918944390393e-07  1.217692694299339e-01 
 1.179118944390393e-07  1.217691477839101e-01 
 1.179318944390393e-07  1.217690263807966e-01 
 1.179518944390393e-07  1.217689052201086e-01 
 1.179718944390393e-07  1.217687843013618e-01 
 1.179918944390393e-07  1.217686636240732e-01 
 1.180118944390393e-07  1.217685431877606e-01 
 1.180318944390393e-07  1.217684229919428e-01 
 1.180518944390393e-07  1.217683030361395e-01 
 1.180718944390393e-07  1.217681833198715e-01 
 1.180918944390392e-07  1.217680638426605e-01 
 1.181118944390392e-07  1.217679446040291e-01 
 1.181318944390392e-07  1.217678256035009e-01 
 1.181518944390392e-07  1.217677068406005e-01 
 1.181718944390392e-07  1.217675883148532e-01 
 1.181918944390392e-07  1.217674700257857e-01 
 1.182118944390392e-07  1.217673519729252e-01 
 1.182318944390392e-07  1.217672341558001e-01 
 1.182518944390392e-07  1.217671165739395e-01 
 1.182718944390392e-07  1.217669992268739e-01 
 1.182918944390392e-07  1.217668821141342e-01 
 1.183118944390392e-07  1.217667652352527e-01 
 1.183318944390392e-07  1.217666485897621e-01 
 1.183518944390392e-07  1.217665321771967e-01 
 1.183718944390392e-07  1.217664159970911e-01 
 1.183918944390392e-07  1.217663000489814e-01 
 1.184118944390392e-07  1.217661843324041e-01 
 1.184318944390392e-07  1.217660688468970e-01 
 1.184518944390392e-07  1.217659535919986e-01 
 1.184718944390392e-07  1.217658385672484e-01 
 1.184918944390392e-07  1.217657237721868e-01 
 1.185118944390392e-07  1.217656092063553e-01 
 1.185318944390392e-07  1.217654948692960e-01 
 1.185518944390392e-07  1.217653807605522e-01 
 1.185718944390392e-07  1.217652668796678e-01 
 1.185918944390392e-07  1.217651532261880e-01 
 1.186118944390391e-07  1.217650397996585e-01 
 1.186318944390391e-07  1.217649265996264e-01 
 1.186518944390391e-07  1.217648136256391e-01 
 1.186718944390391e-07  1.217647008772455e-01 
 1.186918944390391e-07  1.217645883539948e-01 
 1.187118944390391e-07  1.217644760554377e-01 
 1.187318944390391e-07  1.217643639811254e-01 
 1.187518944390391e-07  1.217642521306101e-01 
 1.187718944390391e-07  1.217641405034450e-01 
 1.187918944390391e-07  1.217640290991840e-01 
 1.188118944390391e-07  1.217639179173821e-01 
 1.188318944390391e-07  1.217638069575950e-01 
 1.188518944390391e-07  1.217636962193794e-01 
 1.188718944390391e-07  1.217635857022928e-01 
 1.188918944390391e-07  1.217634754058936e-01 
 1.189118944390391e-07  1.217633653297413e-01 
 1.189318944390391e-07  1.217632554733958e-01 
 1.189518944390391e-07  1.217631458364185e-01 
 1.189718944390391e-07  1.217630364183711e-01 
 1.189918944390391e-07  1.217629272188167e-01 
 1.190118944390391e-07  1.217628182373187e-01 
 1.190318944390391e-07  1.217627094734419e-01 
 1.190518944390391e-07  1.217626009267516e-01 
 1.190718944390391e-07  1.217624925968142e-01 
 1.190918944390391e-07  1.217623844831967e-01 
 1.191118944390391e-07  1.217622765854675e-01 
 1.191318944390391e-07  1.217621689031951e-01 
 1.191518944390390e-07  1.217620614359495e-01 
 1.191718944390390e-07  1.217619541833012e-01 
 1.191918944390390e-07  1.217618471448218e-01 
 1.192118944390390e-07  1.217617403200835e-01 
 1.192318944390390e-07  1.217616337086596e-01 
 1.192518944390390e-07  1.217615273101240e-01 
 1.192718944390390e-07  1.217614211240518e-01 
 1.192918944390390e-07  1.217613151500185e-01 
 1.193118944390390e-07  1.217612093876009e-01 
 1.193318944390390e-07  1.217611038363763e-01 
 1.193518944390390e-07  1.217609984959230e-01 
 1.193718944390390e-07  1.217608933658202e-01 
 1.193918944390390e-07  1.217607884456478e-01 
 1.194118944390390e-07  1.217606837349866e-01 
 1.194318944390390e-07  1.217605792334182e-01 
 1.194518944390390e-07  1.217604749405251e-01 
 1.194718944390390e-07  1.217603708558907e-01 
 1.194918944390390e-07  1.217602669790990e-01 
 1.195118944390390e-07  1.217601633097350e-01 
 1.195318944390390e-07  1.217600598473845e-01 
 1.195518944390390e-07  1.217599565916341e-01 
 1.195718944390390e-07  1.217598535420713e-01 
 1.195918944390390e-07  1.217597506982843e-01 
 1.196118944390390e-07  1.217596480598622e-01 
 1.196318944390390e-07  1.217595456263950e-01 
 1.196518944390390e-07  1.217594433974734e-01 
 1.196718944390390e-07  1.217593413726890e-01 
 1.196918944390390e-07  1.217592395516341e-01 
 1.197118944390390e-07  1.217591379339019e-01 
 1.197318944390390e-07  1.217590365190863e-01 
 1.197518944390389e-07  1.217589353067822e-01 
 1.197718944390389e-07  1.217588342965852e-01 
 1.197918944390389e-07  1.217587334880917e-01 
 1.198118944390389e-07  1.217586328808989e-01 
 1.198318944390389e-07  1.217585324746049e-01 
 1.198518944390389e-07  1.217584322688085e-01 
 1.198718944390389e-07  1.217583322631094e-01 
 1.198918944390389e-07  1.217582324571078e-01 
 1.199118944390389e-07  1.217581328504053e-01 
 1.199318944390389e-07  1.217580334426036e-01 
 1.199518944390389e-07  1.217579342333057e-01 
 1.199718944390389e-07  1.217578352221151e-01 
 1.199918944390389e-07  1.217577364086364e-01 
 1.200118944390389e-07  1.217576377924746e-01 
 1.200318944390389e-07  1.217575393732357e-01 
 1.200518944390389e-07  1.217574411505266e-01 
 1.200718944390389e-07  1.217573431239548e-01 
 1.200918944390389e-07  1.217572452931285e-01 
 1.201118944390389e-07  1.217571476576570e-01 
 1.201318944390389e-07  1.217570502171502e-01 
 1.201518944390389e-07  1.217569529712187e-01 
 1.201718944390389e-07  1.217568559194740e-01 
 1.201918944390389e-07  1.217567590615284e-01 
 1.202118944390389e-07  1.217566623969947e-01 
 1.202318944390389e-07  1.217565659254869e-01 
 1.202518944390389e-07  1.217564696466193e-01 
 1.202718944390388e-07  1.217563735600075e-01 
 1.202918944390388e-07  1.217562776652676e-01 
 1.203118944390388e-07  1.217561819620162e-01 
 1.203318944390388e-07  1.217560864498711e-01 
 1.203518944390388e-07  1.217559911284508e-01 
 1.203718944390388e-07  1.217558959973741e-01 
 1.203918944390388e-07  1.217558010562613e-01 
 1.204118944390388e-07  1.217557063047327e-01 
 1.204318944390388e-07  1.217556117424100e-01 
 1.204518944390388e-07  1.217555173689153e-01 
 1.204718944390388e-07  1.217554231838716e-01 
 1.204918944390388e-07  1.217553291869024e-01 
 1.205118944390388e-07  1.217552353776323e-01 
 1.205318944390388e-07  1.217551417556865e-01 
 1.205518944390388e-07  1.217550483206909e-01 
 1.205718944390388e-07  1.217549550722720e-01 
 1.205918944390388e-07  1.217548620100576e-01 
 1.206118944390388e-07  1.217547691336756e-01 
 1.206318944390388e-07  1.217546764427550e-01 
 1.206518944390388e-07  1.217545839369254e-01 
 1.206718944390388e-07  1.217544916158173e-01 
 1.206918944390388e-07  1.217543994790618e-01 
 1.207118944390388e-07  1.217543075262908e-01 
 1.207318944390388e-07  1.217542157571368e-01 
 1.207518944390388e-07  1.217541241712333e-01 
 1.207718944390388e-07  1.217540327682142e-01 
 1.207918944390387e-07  1.217539415477145e-01 
 1.208118944390387e-07  1.217538505093696e-01 
 1.208318944390387e-07  1.217537596528158e-01 
 1.208518944390387e-07  1.217536689776901e-01 
 1.208718944390387e-07  1.217535784836302e-01 
 1.208918944390387e-07  1.217534881702745e-01 
 1.209118944390387e-07  1.217533980372622e-01 
 1.209318944390387e-07  1.217533080842331e-01 
 1.209518944390387e-07  1.217532183108279e-01 
 1.209718944390387e-07  1.217531287166878e-01 
 1.209918944390387e-07  1.217530393014550e-01 
 1.210118944390387e-07  1.217529500647721e-01 
 1.210318944390387e-07  1.217528610062826e-01 
 1.210518944390387e-07  1.217527721256308e-01 
 1.210718944390387e-07  1.217526834224614e-01 
 1.210918944390387e-07  1.217525948964201e-01 
 1.211118944390387e-07  1.217525065471531e-01 
 1.211318944390387e-07  1.217524183743076e-01 
 1.211518944390387e-07  1.217523303775311e-01 
 1.211718944390387e-07  1.217522425564721e-01 
 1.211918944390387e-07  1.217521549107797e-01 
 1.212118944390387e-07  1.217520674401038e-01 
 1.212318944390387e-07  1.217519801440947e-01 
 1.212518944390387e-07  1.217518930224039e-01 
 1.212718944390387e-07  1.217518060746831e-01 
 1.212918944390387e-07  1.217517193005850e-01 
 1.213118944390387e-07  1.217516326997629e-01 
 1.213318944390386e-07  1.217515462718708e-01 
 1.213518944390386e-07  1.217514600165633e-01 
 1.213718944390386e-07  1.217513739334957e-01 
 1.213918944390386e-07  1.217512880223243e-01 
 1.214118944390386e-07  1.217512022827057e-01 
 1.214318944390386e-07  1.217511167142974e-01 
 1.214518944390386e-07  1.217510313167574e-01 
 1.214718944390386e-07  1.217509460897446e-01 
 1.214918944390386e-07  1.217508610329185e-01 
 1.215118944390386e-07  1.217507761459393e-01 
 1.215318944390386e-07  1.217506914284676e-01 
 1.215518944390386e-07  1.217506068801652e-01 
 1.215718944390386e-07  1.217505225006941e-01 
 1.215918944390386e-07  1.217504382897173e-01 
 1.216118944390386e-07  1.217503542468982e-01 
 1.216318944390386e-07  1.217502703719011e-01 
 1.216518944390386e-07  1.217501866643909e-01 
 1.216718944390386e-07  1.217501031240331e-01 
 1.216918944390386e-07  1.217500197504939e-01 
 1.217118944390386e-07  1.217499365434403e-01 
 1.217318944390386e-07  1.217498535025396e-01 
 1.217518944390386e-07  1.217497706274603e-01 
 1.217718944390386e-07  1.217496879178712e-01 
 1.217918944390386e-07  1.217496053734418e-01 
 1.218118944390386e-07  1.217495229938422e-01 
 1.218318944390386e-07  1.217494407787435e-01 
 1.218518944390385e-07  1.217493587278170e-01 
 1.218718944390385e-07  1.217492768407350e-01 
 1.218918944390385e-07  1.217491951171703e-01 
 1.219118944390385e-07  1.217491135567963e-01 
 1.219318944390385e-07  1.217490321592872e-01 
 1.219518944390385e-07  1.217489509243178e-01 
 1.219718944390385e-07  1.217488698515634e-01 
 1.219918944390385e-07  1.217487889407003e-01 
 1.220118944390385e-07  1.217487081914051e-01 
 1.220318944390385e-07  1.217486276033551e-01 
 1.220518944390385e-07  1.217485471762283e-01 
 1.220718944390385e-07  1.217484669097036e-01 
 1.220918944390385e-07  1.217483868034601e-01 
 1.221118944390385e-07  1.217483068571778e-01 
 1.221318944390385e-07  1.217482270705372e-01 
 1.221518944390385e-07  1.217481474432196e-01 
 1.221718944390385e-07  1.217480679749068e-01 
 1.221918944390385e-07  1.217479886652813e-01 
 1.222118944390385e-07  1.217479095140264e-01 
 1.222318944390385e-07  1.217478305208256e-01 
 1.222518944390385e-07  1.217477516853634e-01 
 1.222718944390385e-07  1.217476730073248e-01 
 1.222918944390385e-07  1.217475944863954e-01 
 1.223118944390385e-07  1.217475161222616e-01 
 1.223318944390385e-07  1.217474379146102e-01 
 1.223518944390385e-07  1.217473598631288e-01 
 1.223718944390384e-07  1.217472819675055e-01 
 1.223918944390384e-07  1.217472042274291e-01 
 1.224118944390384e-07  1.217471266425889e-01 
 1.224318944390384e-07  1.217470492126751e-01 
 1.224518944390384e-07  1.217469719373781e-01 
 1.224718944390384e-07  1.217468948163893e-01 
 1.224918944390384e-07  1.217468178494006e-01 
 1.225118944390384e-07  1.217467410361043e-01 
 1.225318944390384e-07  1.217466643761937e-01 
 1.225518944390384e-07  1.217465878693624e-01 
 1.225718944390384e-07  1.217465115153048e-01 
 1.225918944390384e-07  1.217464353137157e-01 
 1.226118944390384e-07  1.217463592642908e-01 
 1.226318944390384e-07  1.217462833667262e-01 
 1.226518944390384e-07  1.217462076207186e-01 
 1.226718944390384e-07  1.217461320259653e-01 
 1.226918944390384e-07  1.217460565821644e-01 
 1.227118944390384e-07  1.217459812890145e-01 
 1.227318944390384e-07  1.217459061462146e-01 
 1.227518944390384e-07  1.217458311534647e-01 
 1.227718944390384e-07  1.217457563104649e-01 
 1.227918944390384e-07  1.217456816169164e-01 
 1.228118944390384e-07  1.217456070725206e-01 
 1.228318944390384e-07  1.217455326769798e-01 
 1.228518944390384e-07  1.217454584299966e-01 
 1.228718944390384e-07  1.217453843312746e-01 
 1.228918944390384e-07  1.217453103805175e-01 
 1.229118944390383e-07  1.217452365774299e-01 
 1.229318944390383e-07  1.217451629217170e-01 
 1.229518944390383e-07  1.217450894130845e-01 
 1.229718944390383e-07  1.217450160512386e-01 
 1.229918944390383e-07  1.217449428358862e-01 
 1.230118944390383e-07  1.217448697667348e-01 
 1.230318944390383e-07  1.217447968434926e-01 
 1.230518944390383e-07  1.217447240658680e-01 
 1.230718944390383e-07  1.217446514335704e-01 
 1.230918944390383e-07  1.217445789463095e-01 
 1.231118944390383e-07  1.217445066037958e-01 
 1.231318944390383e-07  1.217444344057400e-01 
 1.231518944390383e-07  1.217443623518540e-01 
 1.231718944390383e-07  1.217442904418496e-01 
 1.231918944390383e-07  1.217442186754397e-01 
 1.232118944390383e-07  1.217441470523375e-01 
 1.232318944390383e-07  1.217440755722568e-01 
 1.232518944390383e-07  1.217440042349119e-01 
 1.232718944390383e-07  1.217439330400180e-01 
 1.232918944390383e-07  1.217438619872905e-01 
 1.233118944390383e-07  1.217437910764457e-01 
 1.233318944390383e-07  1.217437203072000e-01 
 1.233518944390383e-07  1.217436496792708e-01 
 1.233718944390383e-07  1.217435791923758e-01 
 1.233918944390383e-07  1.217435088462336e-01 
 1.234118944390383e-07  1.217434386405630e-01 
 1.234318944390382e-07  1.217433685750835e-01 
 1.234518944390382e-07  1.217432986495151e-01 
 1.234718944390382e-07  1.217432288635785e-01 
 1.234918944390382e-07  1.217431592169948e-01 
 1.235118944390382e-07  1.217430897094858e-01 
 1.235318944390382e-07  1.217430203407737e-01 
 1.235518944390382e-07  1.217429511105815e-01 
 1.235718944390382e-07  1.217428820186324e-01 
 1.235918944390382e-07  1.217428130646505e-01 
 1.236118944390382e-07  1.217427442483603e-01 
 1.236318944390382e-07  1.217426755694867e-01 
 1.236518944390382e-07  1.217426070277554e-01 
 1.236718944390382e-07  1.217425386228926e-01 
 1.236918944390382e-07  1.217424703546250e-01 
 1.237118944390382e-07  1.217424022226797e-01 
 1.237318944390382e-07  1.217423342267845e-01 
 1.237518944390382e-07  1.217422663666679e-01 
 1.237718944390382e-07  1.217421986420585e-01 
 1.237918944390382e-07  1.217421310526860e-01 
 1.238118944390382e-07  1.217420635982802e-01 
 1.238318944390382e-07  1.217419962785716e-01 
 1.238518944390382e-07  1.217419290932912e-01 
 1.238718944390382e-07  1.217418620421705e-01 
 1.238918944390382e-07  1.217417951249417e-01 
 1.239118944390382e-07  1.217417283413375e-01 
 1.239318944390382e-07  1.217416616910910e-01 
 1.239518944390382e-07  1.217415951739359e-01 
 1.239718944390381e-07  1.217415287896064e-01 
 1.239918944390381e-07  1.217414625378373e-01 
 1.240118944390381e-07  1.217413964183639e-01 
 1.240318944390381e-07  1.217413304309220e-01 
 1.240518944390381e-07  1.217412645752480e-01 
 1.240718944390381e-07  1.217411988510788e-01 
 1.240918944390381e-07  1.217411332581517e-01 
 1.241118944390381e-07  1.217410677962047e-01 
 1.241318944390381e-07  1.217410024649762e-01 
 1.241518944390381e-07  1.217409372642052e-01 
 1.241718944390381e-07  1.217408721936312e-01 
 1.241918944390381e-07  1.217408072529943e-01 
 1.242118944390381e-07  1.217407424420349e-01 
 1.242318944390381e-07  1.217406777604941e-01 
 1.242518944390381e-07  1.217406132081135e-01 
 1.242718944390381e-07  1.217405487846351e-01 
 1.242918944390381e-07  1.217404844898016e-01 
 1.243118944390381e-07  1.217404203233560e-01 
 1.243318944390381e-07  1.217403562850420e-01 
 1.243518944390381e-07  1.217402923746038e-01 
 1.243718944390381e-07  1.217402285917860e-01 
 1.243918944390381e-07  1.217401649363337e-01 
 1.244118944390381e-07  1.217401014079926e-01 
 1.244318944390381e-07  1.217400380065088e-01 
 1.244518944390381e-07  1.217399747316291e-01 
 1.244718944390381e-07  1.217399115831007e-01 
 1.244918944390380e-07  1.217398485606713e-01 
 1.245118944390380e-07  1.217397856640890e-01 
 1.245318944390380e-07  1.217397228931025e-01 
 1.245518944390380e-07  1.217396602474611e-01 
 1.245718944390380e-07  1.217395977269144e-01 
 1.245918944390380e-07  1.217395353312127e-01 
 1.246118944390380e-07  1.217394730601067e-01 
 1.246318944390380e-07  1.217394109133475e-01 
 1.246518944390380e-07  1.217393488906869e-01 
 1.246718944390380e-07  1.217392869918770e-01 
 1.246918944390380e-07  1.217392252166706e-01 
 1.247118944390380e-07  1.217391635648207e-01 
 1.247318944390380e-07  1.217391020360812e-01 
 1.247518944390380e-07  1.217390406302061e-01 
 1.247718944390380e-07  1.217389793469502e-01 
 1.247918944390380e-07  1.217389181860685e-01 
 1.248118944390380e-07  1.217388571473167e-01 
 1.248318944390380e-07  1.217387962304509e-01 
 1.248518944390380e-07  1.217387354352277e-01 
 1.248718944390380e-07  1.217386747614043e-01 
 1.248918944390380e-07  1.217386142087382e-01 
 1.249118944390380e-07  1.217385537769874e-01 
 1.249318944390380e-07  1.217384934659106e-01 
 1.249518944390380e-07  1.217384332752667e-01 
 1.249718944390380e-07  1.217383732048153e-01 
 1.249918944390380e-07  1.217383132543163e-01 
 1.250118944390379e-07  1.217382534235303e-01 
 1.250318944390379e-07  1.217381937122181e-01 
 1.250518944390379e-07  1.217381341201413e-01 
 1.250718944390379e-07  1.217380746470616e-01 
 1.250918944390379e-07  1.217380152927416e-01 
 1.251118944390379e-07  1.217379560569440e-01 
 1.251318944390379e-07  1.217378969394321e-01 
 1.251518944390379e-07  1.217378379399698e-01 
 1.251718944390379e-07  1.217377790583213e-01 
 1.251918944390379e-07  1.217377202942514e-01 
 1.252118944390379e-07  1.217376616475253e-01 
 1.252318944390379e-07  1.217376031179087e-01 
 1.252518944390379e-07  1.217375447051676e-01 
 1.252718944390379e-07  1.217374864090688e-01 
 1.252918944390379e-07  1.217374282293794e-01 
 1.253118944390379e-07  1.217373701658668e-01 
 1.253318944390379e-07  1.217373122182991e-01 
 1.253518944390379e-07  1.217372543864447e-01 
 1.253718944390379e-07  1.217371966700726e-01 
 1.253918944390379e-07  1.217371390689522e-01 
 1.254118944390379e-07  1.217370815828533e-01 
 1.254318944390379e-07  1.217370242115463e-01 
 1.254518944390379e-07  1.217369669548019e-01 
 1.254718944390379e-07  1.217369098123914e-01 
 1.254918944390379e-07  1.217368527840865e-01 
 1.255118944390379e-07  1.217367958696593e-01 
 1.255318944390379e-07  1.217367390688823e-01 
 1.255518944390378e-07  1.217366823815288e-01 
 1.255718944390378e-07  1.217366258073721e-01 
 1.255918944390378e-07  1.217365693461862e-01 
 1.256118944390378e-07  1.217365129977456e-01 
 1.256318944390378e-07  1.217364567618250e-01 
 1.256518944390378e-07  1.217364006381999e-01 
 1.256718944390378e-07  1.217363446266460e-01 
 1.256918944390378e-07  1.217362887269394e-01 
 1.257118944390378e-07  1.217362329388569e-01 
 1.257318944390378e-07  1.217361772621756e-01 
 1.257518944390378e-07  1.217361216966730e-01 
 1.257718944390378e-07  1.217360662421270e-01 
 1.257918944390378e-07  1.217360108983162e-01 
 1.258118944390378e-07  1.217359556650193e-01 
 1.258318944390378e-07  1.217359005420158e-01 
 1.258518944390378e-07  1.217358455290854e-01 
 1.258718944390378e-07  1.217357906260083e-01 
 1.258918944390378e-07  1.217357358325650e-01 
 1.259118944390378e-07  1.217356811485368e-01 
 1.259318944390378e-07  1.217356265737050e-01 
 1.259518944390378e-07  1.217355721078517e-01 
 1.259718944390378e-07  1.217355177507593e-01 
 1.259918944390378e-07  1.217354635022106e-01 
 1.260118944390378e-07  1.217354093619887e-01 
 1.260318944390378e-07  1.217353553298774e-01 
 1.260518944390378e-07  1.217353014056609e-01 
 1.260718944390377e-07  1.217352475891237e-01 
 1.260918944390377e-07  1.217351938800506e-01 
 1.261118944390377e-07  1.217351402782273e-01 
 1.261318944390377e-07  1.217350867834395e-01 
 1.261518944390377e-07  1.217350333954734e-01 
 1.261718944390377e-07  1.217349801141157e-01 
 1.261918944390377e-07  1.217349269391536e-01 
 1.262118944390377e-07  1.217348738703746e-01 
 1.262318944390377e-07  1.217348209075667e-01 
 1.262518944390377e-07  1.217347680505182e-01 
 1.262718944390377e-07  1.217347152990180e-01 
 1.262918944390377e-07  1.217346626528553e-01 
 1.263118944390377e-07  1.217346101118198e-01 
 1.263318944390377e-07  1.217345576757015e-01 
 1.263518944390377e-07  1.217345053442910e-01 
 1.263718944390377e-07  1.217344531173791e-01 
 1.263918944390377e-07  1.217344009947572e-01 
 1.264118944390377e-07  1.217343489762170e-01 
 1.264318944390377e-07  1.217342970615508e-01 
 1.264518944390377e-07  1.217342452505510e-01 
 1.264718944390377e-07  1.217341935430107e-01 
 1.264918944390377e-07  1.217341419387231e-01 
 1.265118944390377e-07  1.217340904374824e-01 
 1.265318944390377e-07  1.217340390390825e-01 
 1.265518944390377e-07  1.217339877433182e-01 
 1.265718944390377e-07  1.217339365499844e-01 
 1.265918944390376e-07  1.217338854588768e-01 
 1.266118944390376e-07  1.217338344697911e-01 
 1.266318944390376e-07  1.217337835825236e-01 
 1.266518944390376e-07  1.217337327968710e-01 
 1.266718944390376e-07  1.217336821126304e-01 
 1.266918944390376e-07  1.217336315295993e-01 
 1.267118944390376e-07  1.217335810475755e-01 
 1.267318944390376e-07  1.217335306663574e-01 
 1.267518944390376e-07  1.217334803857437e-01 
 1.267718944390376e-07  1.217334302055335e-01 
 1.267918944390376e-07  1.217333801255263e-01 
 1.268118944390376e-07  1.217333301455219e-01 
 1.268318944390376e-07  1.217332802653208e-01 
 1.268518944390376e-07  1.217332304847237e-01 
 1.268718944390376e-07  1.217331808035315e-01 
 1.268918944390376e-07  1.217331312215459e-01 
 1.269118944390376e-07  1.217330817385687e-01 
 1.269318944390376e-07  1.217330323544022e-01 
 1.269518944390376e-07  1.217329830688491e-01 
 1.269718944390376e-07  1.217329338817125e-01 
 1.269918944390376e-07  1.217328847927958e-01 
 1.270118944390376e-07  1.217328358019030e-01 
 1.270318944390376e-07  1.217327869088384e-01 
 1.270518944390376e-07  1.217327381134064e-01 
 1.270718944390376e-07  1.217326894154123e-01 
 1.270918944390376e-07  1.217326408146614e-01 
 1.271118944390376e-07  1.217325923109595e-01 
 1.271318944390375e-07  1.217325439041128e-01 
 1.271518944390375e-07  1.217324955939280e-01 
 1.271718944390375e-07  1.217324473802120e-01 
 1.271918944390375e-07  1.217323992627721e-01 
 1.272118944390375e-07  1.217323512414163e-01 
 1.272318944390375e-07  1.217323033159525e-01 
 1.272518944390375e-07  1.217322554861892e-01 
 1.272718944390375e-07  1.217322077519355e-01 
 1.272918944390375e-07  1.217321601130004e-01 
 1.273118944390375e-07  1.217321125691939e-01 
 1.273318944390375e-07  1.217320651203257e-01 
 1.273518944390375e-07  1.217320177662065e-01 
 1.273718944390375e-07  1.217319705066470e-01 
 1.273918944390375e-07  1.217319233414583e-01 
 1.274118944390375e-07  1.217318762704520e-01 
 1.274318944390375e-07  1.217318292934401e-01 
 1.274518944390375e-07  1.217317824102348e-01 
 1.274718944390375e-07  1.217317356206489e-01 
 1.274918944390375e-07  1.217316889244953e-01 
 1.275118944390375e-07  1.217316423215875e-01 
 1.275318944390375e-07  1.217315958117394e-01 
 1.275518944390375e-07  1.217315493947650e-01 
 1.275718944390375e-07  1.217315030704790e-01 
 1.275918944390375e-07  1.217314568386963e-01 
 1.276118944390375e-07  1.217314106992320e-01 
 1.276318944390375e-07  1.217313646519020e-01 
 1.276518944390374e-07  1.217313186965221e-01 
 1.276718944390374e-07  1.217312728329089e-01 
 1.276918944390374e-07  1.217312270608789e-01 
 1.277118944390374e-07  1.217311813802495e-01 
 1.277318944390374e-07  1.217311357908380e-01 
 1.277518944390374e-07  1.217310902924623e-01 
 1.277718944390374e-07  1.217310448849406e-01 
 1.277918944390374e-07  1.217309995680916e-01 
 1.278118944390374e-07  1.217309543417340e-01 
 1.278318944390374e-07  1.217309092056872e-01 
 1.278518944390374e-07  1.217308641597710e-01 
 1.278718944390374e-07  1.217308192038053e-01 
 1.278918944390374e-07  1.217307743376105e-01 
 1.279118944390374e-07  1.217307295610073e-01 
 1.279318944390374e-07  1.217306848738168e-01 
 1.279518944390374e-07  1.217306402758606e-01 
 1.279718944390374e-07  1.217305957669604e-01 
 1.279918944390374e-07  1.217305513469383e-01 
 1.280118944390374e-07  1.217305070156170e-01 
 1.280318944390374e-07  1.217304627728192e-01 
 1.280518944390374e-07  1.217304186183682e-01 
 1.280718944390374e-07  1.217303745520876e-01 
 1.280918944390374e-07  1.217303305738013e-01 
 1.281118944390374e-07  1.217302866833336e-01 
 1.281318944390374e-07  1.217302428805091e-01 
 1.281518944390374e-07  1.217301991651529e-01 
 1.281718944390374e-07  1.217301555370903e-01 
 1.281918944390373e-07  1.217301119961469e-01 
 1.282118944390373e-07  1.217300685421488e-01 
 1.282318944390373e-07  1.217300251749225e-01 
 1.282518944390373e-07  1.217299818942945e-01 
 1.282718944390373e-07  1.217299387000920e-01 
 1.282918944390373e-07  1.217298955921424e-01 
 1.283118944390373e-07  1.217298525702734e-01 
 1.283318944390373e-07  1.217298096343132e-01 
 1.283518944390373e-07  1.217297667840903e-01 
 1.283718944390373e-07  1.217297240194333e-01 
 1.283918944390373e-07  1.217296813401716e-01 
 1.284118944390373e-07  1.217296387461345e-01 
 1.284318944390373e-07  1.217295962371518e-01 
 1.284518944390373e-07  1.217295538130537e-01 
 1.284718944390373e-07  1.217295114736708e-01 
 1.284918944390373e-07  1.217294692188337e-01 
 1.285118944390373e-07  1.217294270483738e-01 
 1.285318944390373e-07  1.217293849621225e-01 
 1.285518944390373e-07  1.217293429599117e-01 
 1.285718944390373e-07  1.217293010415735e-01 
 1.285918944390373e-07  1.217292592069405e-01 
 1.286118944390373e-07  1.217292174558455e-01 
 1.286318944390373e-07  1.217291757881218e-01 
 1.286518944390373e-07  1.217291342036027e-01 
 1.286718944390373e-07  1.217290927021223e-01 
 1.286918944390373e-07  1.217290512835146e-01 
 1.287118944390372e-07  1.217290099476142e-01 
 1.287318944390372e-07  1.217289686942559e-01 
 1.287518944390372e-07  1.217289275232749e-01 
 1.287718944390372e-07  1.217288864345067e-01 
 1.287918944390372e-07  1.217288454277871e-01 
 1.288118944390372e-07  1.217288045029524e-01 
 1.288318944390372e-07  1.217287636598390e-01 
 1.288518944390372e-07  1.217287228982836e-01 
 1.288718944390372e-07  1.217286822181235e-01 
 1.288918944390372e-07  1.217286416191961e-01 
 1.289118944390372e-07  1.217286011013392e-01 
 1.289318944390372e-07  1.217285606643909e-01 
 1.289518944390372e-07  1.217285203081896e-01 
 1.289718944390372e-07  1.217284800325741e-01 
 1.289918944390372e-07  1.217284398373835e-01 
 1.290118944390372e-07  1.217283997224572e-01 
 1.290318944390372e-07  1.217283596876349e-01 
 1.290518944390372e-07  1.217283197327566e-01 
 1.290718944390372e-07  1.217282798576628e-01 
 1.290918944390372e-07  1.217282400621941e-01 
 1.291118944390372e-07  1.217282003461914e-01 
 1.291318944390372e-07  1.217281607094962e-01 
 1.291518944390372e-07  1.217281211519500e-01 
 1.291718944390372e-07  1.217280816733948e-01 
 1.291918944390372e-07  1.217280422736728e-01 
 1.292118944390372e-07  1.217280029526267e-01 
 1.292318944390371e-07  1.217279637100993e-01 
 1.292518944390371e-07  1.217279245459339e-01 
 1.292718944390371e-07  1.217278854599740e-01 
 1.292918944390371e-07  1.217278464520633e-01 
 1.293118944390371e-07  1.217278075220461e-01 
 1.293318944390371e-07  1.217277686697668e-01 
 1.293518944390371e-07  1.217277298950701e-01 
 1.293718944390371e-07  1.217276911978012e-01 
 1.293918944390371e-07  1.217276525778054e-01 
 1.294118944390371e-07  1.217276140349285e-01 
 1.294318944390371e-07  1.217275755690164e-01 
 1.294518944390371e-07  1.217275371799155e-01 
 1.294718944390371e-07  1.217274988674724e-01 
 1.294918944390371e-07  1.217274606315340e-01 
 1.295118944390371e-07  1.217274224719475e-01 
 1.295318944390371e-07  1.217273843885605e-01 
 1.295518944390371e-07  1.217273463812207e-01 
 1.295718944390371e-07  1.217273084497763e-01 
 1.295918944390371e-07  1.217272705940759e-01 
 1.296118944390371e-07  1.217272328139682e-01 
 1.296318944390371e-07  1.217271951093021e-01 
 1.296518944390371e-07  1.217271574799271e-01 
 1.296718944390371e-07  1.217271199256928e-01 
 1.296918944390371e-07  1.217270824464491e-01 
 1.297118944390371e-07  1.217270450420463e-01 
 1.297318944390371e-07  1.217270077123350e-01 
 1.297518944390371e-07  1.217269704571661e-01 
 1.297718944390370e-07  1.217269332763905e-01 
 1.297918944390370e-07  1.217268961698599e-01 
 1.298118944390370e-07  1.217268591374260e-01 
 1.298318944390370e-07  1.217268221789407e-01 
 1.298518944390370e-07  1.217267852942565e-01 
 1.298718944390370e-07  1.217267484832259e-01 
 1.298918944390370e-07  1.217267117457019e-01 
 1.299118944390370e-07  1.217266750815378e-01 
 1.299318944390370e-07  1.217266384905869e-01 
 1.299518944390370e-07  1.217266019727031e-01 
 1.299718944390370e-07  1.217265655277405e-01 
 1.299918944390370e-07  1.217265291555536e-01 
 1.300118944390370e-07  1.217264928559969e-01 
 1.300318944390370e-07  1.217264566289255e-01 
 1.300518944390370e-07  1.217264204741945e-01 
 1.300718944390370e-07  1.217263843916596e-01 
 1.300918944390370e-07  1.217263483811765e-01 
 1.301118944390370e-07  1.217263124426014e-01 
 1.301318944390370e-07  1.217262765757908e-01 
 1.301518944390370e-07  1.217262407806012e-01 
 1.301718944390370e-07  1.217262050568897e-01 
 1.301918944390370e-07  1.217261694045136e-01 
 1.302118944390370e-07  1.217261338233303e-01 
 1.302318944390370e-07  1.217260983131978e-01 
 1.302518944390370e-07  1.217260628739742e-01 
 1.302718944390370e-07  1.217260275055179e-01 
 1.302918944390369e-07  1.217259922076875e-01 
 1.303118944390369e-07  1.217259569803420e-01 
 1.303318944390369e-07  1.217259218233407e-01 
 1.303518944390369e-07  1.217258867365432e-01 
 1.303718944390369e-07  1.217258517198091e-01 
 1.303918944390369e-07  1.217258167729987e-01 
 1.304118944390369e-07  1.217257818959723e-01 
 1.304318944390369e-07  1.217257470885904e-01 
 1.304518944390369e-07  1.217257123507142e-01 
 1.304718944390369e-07  1.217256776822047e-01 
 1.304918944390369e-07  1.217256430829235e-01 
 1.305118944390369e-07  1.217256085527324e-01 
 1.305318944390369e-07  1.217255740914932e-01 
 1.305518944390369e-07  1.217255396990685e-01 
 1.305718944390369e-07  1.217255053753207e-01 
 1.305918944390369e-07  1.217254711201126e-01 
 1.306118944390369e-07  1.217254369333076e-01 
 1.306318944390369e-07  1.217254028147689e-01 
 1.306518944390369e-07  1.217253687643603e-01 
 1.306718944390369e-07  1.217253347819457e-01 
 1.306918944390369e-07  1.217253008673893e-01 
 1.307118944390369e-07  1.217252670205557e-01 
 1.307318944390369e-07  1.217252332413095e-01 
 1.307518944390369e-07  1.217251995295158e-01 
 1.307718944390369e-07  1.217251658850400e-01 
 1.307918944390369e-07  1.217251323077475e-01 
 1.308118944390368e-07  1.217250987975043e-01 
 1.308318944390368e-07  1.217250653541765e-01 
 1.308518944390368e-07  1.217250319776304e-01 
 1.308718944390368e-07  1.217249986677328e-01 
 1.308918944390368e-07  1.217249654243504e-01 
 1.309118944390368e-07  1.217249322473505e-01 
 1.309318944390368e-07  1.217248991366005e-01 
 1.309518944390368e-07  1.217248660919681e-01 
 1.309718944390368e-07  1.217248331133213e-01 
 1.309918944390368e-07  1.217248002005284e-01 
 1.310118944390368e-07  1.217247673534577e-01 
 1.310318944390368e-07  1.217247345719781e-01 
 1.310518944390368e-07  1.217247018559587e-01 
 1.310718944390368e-07  1.217246692052687e-01 
 1.310918944390368e-07  1.217246366197777e-01 
 1.311118944390368e-07  1.217246040993554e-01 
 1.311318944390368e-07  1.217245716438719e-01 
 1.311518944390368e-07  1.217245392531976e-01 
 1.311718944390368e-07  1.217245069272030e-01 
 1.311918944390368e-07  1.217244746657590e-01 
 1.312118944390368e-07  1.217244424687367e-01 
 1.312318944390368e-07  1.217244103360074e-01 
 1.312518944390368e-07  1.217243782674427e-01 
 1.312718944390368e-07  1.217243462629146e-01 
 1.312918944390368e-07  1.217243143222951e-01 
 1.313118944390368e-07  1.217242824454568e-01 
 1.313318944390368e-07  1.217242506322720e-01 
 1.313518944390367e-07  1.217242188826139e-01 
 1.313718944390367e-07  1.217241871963554e-01 
 1.313918944390367e-07  1.217241555733701e-01 
 1.314118944390367e-07  1.217241240135315e-01 
 1.314318944390367e-07  1.217240925167137e-01 
 1.314518944390367e-07  1.217240610827906e-01 
 1.314718944390367e-07  1.217240297116368e-01 
 1.314918944390367e-07  1.217239984031268e-01 
 1.315118944390367e-07  1.217239671571356e-01 
 1.315318944390367e-07  1.217239359735384e-01 
 1.315518944390367e-07  1.217239048522106e-01 
 1.315718944390367e-07  1.217238737930279e-01 
 1.315918944390367e-07  1.217238427958660e-01 
 1.316118944390367e-07  1.217238118606012e-01 
 1.316318944390367e-07  1.217237809871099e-01 
 1.316518944390367e-07  1.217237501752687e-01 
 1.316718944390367e-07  1.217237194249546e-01 
 1.316918944390367e-07  1.217236887360446e-01 
 1.317118944390367e-07  1.217236581084162e-01 
 1.317318944390367e-07  1.217236275419469e-01 
 1.317518944390367e-07  1.217235970365147e-01 
 1.317718944390367e-07  1.217235665919976e-01 
 1.317918944390367e-07  1.217235362082741e-01 
 1.318118944390367e-07  1.217235058852227e-01 
 1.318318944390367e-07  1.217234756227223e-01 
 1.318518944390367e-07  1.217234454206519e-01 
 1.318718944390366e-07  1.217234152788910e-01 
 1.318918944390366e-07  1.217233851973190e-01 
 1.319118944390366e-07  1.217233551758158e-01 
 1.319318944390366e-07  1.217233252142614e-01 
 1.319518944390366e-07  1.217232953125361e-01 
 1.319718944390366e-07  1.217232654705204e-01 
 1.319918944390366e-07  1.217232356880952e-01 
 1.320118944390366e-07  1.217232059651414e-01 
 1.320318944390366e-07  1.217231763015403e-01 
 1.320518944390366e-07  1.217231466971733e-01 
 1.320718944390366e-07  1.217231171519221e-01 
 1.320918944390366e-07  1.217230876656688e-01 
 1.321118944390366e-07  1.217230582382955e-01 
 1.321318944390366e-07  1.217230288696846e-01 
 1.321518944390366e-07  1.217229995597188e-01 
 1.321718944390366e-07  1.217229703082810e-01 
 1.321918944390366e-07  1.217229411152542e-01 
 1.322118944390366e-07  1.217229119805220e-01 
 1.322318944390366e-07  1.217228829039678e-01 
 1.322518944390366e-07  1.217228538854754e-01 
 1.322718944390366e-07  1.217228249249290e-01 
 1.322918944390366e-07  1.217227960222129e-01 
 1.323118944390366e-07  1.217227671772115e-01 
 1.323318944390366e-07  1.217227383898097e-01 
 1.323518944390366e-07  1.217227096598924e-01 
 1.323718944390366e-07  1.217226809873447e-01 
 1.323918944390366e-07  1.217226523720523e-01 
 1.324118944390365e-07  1.217226238139006e-01 
 1.324318944390365e-07  1.217225953127757e-01 
 1.324518944390365e-07  1.217225668685636e-01 
 1.324718944390365e-07  1.217225384811507e-01 
 1.324918944390365e-07  1.217225101504235e-01 
 1.325118944390365e-07  1.217224818762689e-01 
 1.325318944390365e-07  1.217224536585740e-01 
 1.325518944390365e-07  1.217224254972259e-01 
 1.325718944390365e-07  1.217223973921121e-01 
 1.325918944390365e-07  1.217223693431204e-01 
 1.326118944390365e-07  1.217223413501387e-01 
 1.326318944390365e-07  1.217223134130552e-01 
 1.326518944390365e-07  1.217222855317582e-01 
 1.326718944390365e-07  1.217222577061363e-01 
 1.326918944390365e-07  1.217222299360784e-01 
 1.327118944390365e-07  1.217222022214734e-01 
 1.327318944390365e-07  1.217221745622107e-01 
 1.327518944390365e-07  1.217221469581798e-01 
 1.327718944390365e-07  1.217221194092703e-01 
 1.327918944390365e-07  1.217220919153723e-01 
 1.328118944390365e-07  1.217220644763757e-01 
 1.328318944390365e-07  1.217220370921711e-01 
 1.328518944390365e-07  1.217220097626490e-01 
 1.328718944390365e-07  1.217219824877002e-01 
 1.328918944390365e-07  1.217219552672158e-01 
 1.329118944390365e-07  1.217219281010869e-01 
 1.329318944390364e-07  1.217219009892050e-01 
 1.329518944390364e-07  1.217218739314618e-01 
 1.329718944390364e-07  1.217218469277492e-01 
 1.329918944390364e-07  1.217218199779594e-01 
 1.330118944390364e-07  1.217217930819846e-01 
 1.330318944390364e-07  1.217217662397174e-01 
 1.330518944390364e-07  1.217217394510505e-01 
 1.330718944390364e-07  1.217217127158770e-01 
 1.330918944390364e-07  1.217216860340898e-01 
 1.331118944390364e-07  1.217216594055826e-01 
 1.331318944390364e-07  1.217216328302489e-01 
 1.331518944390364e-07  1.217216063079824e-01 
 1.331718944390364e-07  1.217215798386772e-01 
 1.331918944390364e-07  1.217215534222276e-01 
 1.332118944390364e-07  1.217215270585280e-01 
 1.332318944390364e-07  1.217215007474731e-01 
 1.332518944390364e-07  1.217214744889578e-01 
 1.332718944390364e-07  1.217214482828772e-01 
 1.332918944390364e-07  1.217214221291265e-01 
 1.333118944390364e-07  1.217213960276013e-01 
 1.333318944390364e-07  1.217213699781972e-01 
 1.333518944390364e-07  1.217213439808102e-01 
 1.333718944390364e-07  1.217213180353364e-01 
 1.333918944390364e-07  1.217212921416722e-01 
 1.334118944390364e-07  1.217212662997141e-01 
 1.334318944390364e-07  1.217212405093588e-01 
 1.334518944390363e-07  1.217212147705033e-01 
 1.334718944390363e-07  1.217211890830449e-01 
 1.334918944390363e-07  1.217211634468806e-01 
 1.335118944390363e-07  1.217211378619083e-01 
 1.335318944390363e-07  1.217211123280257e-01 
 1.335518944390363e-07  1.217210868451307e-01 
 1.335718944390363e-07  1.217210614131216e-01 
 1.335918944390363e-07  1.217210360318968e-01 
 1.336118944390363e-07  1.217210107013547e-01 
 1.336318944390363e-07  1.217209854213943e-01 
 1.336518944390363e-07  1.217209601919145e-01 
 1.336718944390363e-07  1.217209350128145e-01 
 1.336918944390363e-07  1.217209098839938e-01 
 1.337118944390363e-07  1.217208848053518e-01 
 1.337318944390363e-07  1.217208597767884e-01 
 1.337518944390363e-07  1.217208347982037e-01 
 1.337718944390363e-07  1.217208098694977e-01 
 1.337918944390363e-07  1.217207849905710e-01 
 1.338118944390363e-07  1.217207601613241e-01 
 1.338318944390363e-07  1.217207353816578e-01 
 1.338518944390363e-07  1.217207106514731e-01 
 1.338718944390363e-07  1.217206859706711e-01 
 1.338918944390363e-07  1.217206613391534e-01 
 1.339118944390363e-07  1.217206367568214e-01 
 1.339318944390363e-07  1.217206122235769e-01 
 1.339518944390363e-07  1.217205877393220e-01 
 1.339718944390363e-07  1.217205633039587e-01 
 1.339918944390362e-07  1.217205389173896e-01 
 1.340118944390362e-07  1.217205145795170e-01 
 1.340318944390362e-07  1.217204902902439e-01 
 1.340518944390362e-07  1.217204660494731e-01 
 1.340718944390362e-07  1.217204418571078e-01 
 1.340918944390362e-07  1.217204177130514e-01 
 1.341118944390362e-07  1.217203936172073e-01 
 1.341318944390362e-07  1.217203695694793e-01 
 1.341518944390362e-07  1.217203455697714e-01 
 1.341718944390362e-07  1.217203216179876e-01 
 1.341918944390362e-07  1.217202977140322e-01 
 1.342118944390362e-07  1.217202738578097e-01 
 1.342318944390362e-07  1.217202500492248e-01 
 1.342518944390362e-07  1.217202262881825e-01 
 1.342718944390362e-07  1.217202025745876e-01 
 1.342918944390362e-07  1.217201789083456e-01 
 1.343118944390362e-07  1.217201552893618e-01 
 1.343318944390362e-07  1.217201317175418e-01 
 1.343518944390362e-07  1.217201081927916e-01 
 1.343718944390362e-07  1.217200847150171e-01 
 1.343918944390362e-07  1.217200612841245e-01 
 1.344118944390362e-07  1.217200379000201e-01 
 1.344318944390362e-07  1.217200145626106e-01 
 1.344518944390362e-07  1.217199912718027e-01 
 1.344718944390362e-07  1.217199680275034e-01 
 1.344918944390362e-07  1.217199448296197e-01 
 1.345118944390361e-07  1.217199216780590e-01 
 1.345318944390361e-07  1.217198985727288e-01 
 1.345518944390361e-07  1.217198755135368e-01 
 1.345718944390361e-07  1.217198525003908e-01 
 1.345918944390361e-07  1.217198295331989e-01 
 1.346118944390361e-07  1.217198066118693e-01 
 1.346318944390361e-07  1.217197837363105e-01 
 1.346518944390361e-07  1.217197609064311e-01 
 1.346718944390361e-07  1.217197381221398e-01 
 1.346918944390361e-07  1.217197153833456e-01 
 1.347118944390361e-07  1.217196926899576e-01 
 1.347318944390361e-07  1.217196700418852e-01 
 1.347518944390361e-07  1.217196474390379e-01 
 1.347718944390361e-07  1.217196248813254e-01 
 1.347918944390361e-07  1.217196023686576e-01 
 1.348118944390361e-07  1.217195799009444e-01 
 1.348318944390361e-07  1.217195574780963e-01 
 1.348518944390361e-07  1.217195351000234e-01 
 1.348718944390361e-07  1.217195127666365e-01 
 1.348918944390361e-07  1.217194904778463e-01 
 1.349118944390361e-07  1.217194682335638e-01 
 1.349318944390361e-07  1.217194460337001e-01 
 1.349518944390361e-07  1.217194238781664e-01 
 1.349718944390361e-07  1.217194017668743e-01 
 1.349918944390361e-07  1.217193796997355e-01 
 1.350118944390361e-07  1.217193576766617e-01 
 1.350318944390360e-07  1.217193356975649e-01 
 1.350518944390360e-07  1.217193137623574e-01 
 1.350718944390360e-07  1.217192918709514e-01 
 1.350918944390360e-07  1.217192700232596e-01 
 1.351118944390360e-07  1.217192482191947e-01 
 1.351318944390360e-07  1.217192264586695e-01 
 1.351518944390360e-07  1.217192047415971e-01 
 1.351718944390360e-07  1.217191830678907e-01 
 1.351918944390360e-07  1.217191614374637e-01 
 1.352118944390360e-07  1.217191398502297e-01 
 1.352318944390360e-07  1.217191183061025e-01 
 1.352518944390360e-07  1.217190968049960e-01 
 1.352718944390360e-07  1.217190753468242e-01 
 1.352918944390360e-07  1.217190539315014e-01 
 1.353118944390360e-07  1.217190325589421e-01 
 1.353318944390360e-07  1.217190112290608e-01 
 1.353518944390360e-07  1.217189899417724e-01 
 1.353718944390360e-07  1.217189686969918e-01 
 1.353918944390360e-07  1.217189474946341e-01 
 1.354118944390360e-07  1.217189263346146e-01 
 1.354318944390360e-07  1.217189052168487e-01 
 1.354518944390360e-07  1.217188841412521e-01 
 1.354718944390360e-07  1.217188631077407e-01 
 1.354918944390360e-07  1.217188421162302e-01 
 1.355118944390360e-07  1.217188211666369e-01 
 1.355318944390360e-07  1.217188002588771e-01 
 1.355518944390360e-07  1.217187793928672e-01 
 1.355718944390359e-07  1.217187585685239e-01 
 1.355918944390359e-07  1.217187377857640e-01 
 1.356118944390359e-07  1.217187170445044e-01 
 1.356318944390359e-07  1.217186963446622e-01 
 1.356518944390359e-07  1.217186756861548e-01 
 1.356718944390359e-07  1.217186550688995e-01 
 1.356918944390359e-07  1.217186344928141e-01 
 1.357118944390359e-07  1.217186139578163e-01 
 1.357318944390359e-07  1.217185934638241e-01 
 1.357518944390359e-07  1.217185730107556e-01 
 1.357718944390359e-07  1.217185525985290e-01 
 1.357918944390359e-07  1.217185322270629e-01 
 1.358118944390359e-07  1.217185118962758e-01 
 1.358318944390359e-07  1.217184916060865e-01 
 1.358518944390359e-07  1.217184713564140e-01 
 1.358718944390359e-07  1.217184511471772e-01 
 1.358918944390359e-07  1.217184309782955e-01 
 1.359118944390359e-07  1.217184108496883e-01 
 1.359318944390359e-07  1.217183907612752e-01 
 1.359518944390359e-07  1.217183707129759e-01 
 1.359718944390359e-07  1.217183507047103e-01 
 1.359918944390359e-07  1.217183307363985e-01 
 1.360118944390359e-07  1.217183108079606e-01 
 1.360318944390359e-07  1.217182909193171e-01 
 1.360518944390359e-07  1.217182710703884e-01 
 1.360718944390359e-07  1.217182512610954e-01 
 1.360918944390358e-07  1.217182314913588e-01 
 1.361118944390358e-07  1.217182117610997e-01 
 1.361318944390358e-07  1.217181920702392e-01 
 1.361518944390358e-07  1.217181724186986e-01 
 1.361718944390358e-07  1.217181528063995e-01 
 1.361918944390358e-07  1.217181332332635e-01 
 1.362118944390358e-07  1.217181136992123e-01 
 1.362318944390358e-07  1.217180942041680e-01 
 1.362518944390358e-07  1.217180747480525e-01 
 1.362718944390358e-07  1.217180553307883e-01 
 1.362918944390358e-07  1.217180359522976e-01 
 1.363118944390358e-07  1.217180166125032e-01 
 1.363318944390358e-07  1.217179973113277e-01 
 1.363518944390358e-07  1.217179780486940e-01 
 1.363718944390358e-07  1.217179588245251e-01 
 1.363918944390358e-07  1.217179396387443e-01 
 1.364118944390358e-07  1.217179204912748e-01 
 1.364318944390358e-07  1.217179013820402e-01 
 1.364518944390358e-07  1.217178823109641e-01 
 1.364718944390358e-07  1.217178632779703e-01 
 1.364918944390358e-07  1.217178442829828e-01 
 1.365118944390358e-07  1.217178253259257e-01 
 1.365318944390358e-07  1.217178064067232e-01 
 1.365518944390358e-07  1.217177875252998e-01 
 1.365718944390358e-07  1.217177686815799e-01 
 1.365918944390358e-07  1.217177498754884e-01 
 1.366118944390358e-07  1.217177311069501e-01 
 1.366318944390357e-07  1.217177123758900e-01 
 1.366518944390357e-07  1.217176936822333e-01 
 1.366718944390357e-07  1.217176750259053e-01 
 1.366918944390357e-07  1.217176564068313e-01 
 1.367118944390357e-07  1.217176378249371e-01 
 1.367318944390357e-07  1.217176192801484e-01 
 1.367518944390357e-07  1.217176007723910e-01 
 1.367718944390357e-07  1.217175823015912e-01 
 1.367918944390357e-07  1.217175638676751e-01 
 1.368118944390357e-07  1.217175454705688e-01 
 1.368318944390357e-07  1.217175271101992e-01 
 1.368518944390357e-07  1.217175087864926e-01 
 1.368718944390357e-07  1.217174904993760e-01 
 1.368918944390357e-07  1.217174722487762e-01 
 1.369118944390357e-07  1.217174540346204e-01 
 1.369318944390357e-07  1.217174358568358e-01 
 1.369518944390357e-07  1.217174177153497e-01 
 1.369718944390357e-07  1.217173996100896e-01 
 1.369918944390357e-07  1.217173815409833e-01 
 1.370118944390357e-07  1.217173635079585e-01 
 1.370318944390357e-07  1.217173455109432e-01 
 1.370518944390357e-07  1.217173275498654e-01 
 1.370718944390357e-07  1.217173096246535e-01 
 1.370918944390357e-07  1.217172917352358e-01 
 1.371118944390357e-07  1.217172738815408e-01 
 1.371318944390357e-07  1.217172560634971e-01 
 1.371518944390356e-07  1.217172382810337e-01 
 1.371718944390356e-07  1.217172205340793e-01 
 1.371918944390356e-07  1.217172028225633e-01 
 1.372118944390356e-07  1.217171851464146e-01 
 1.372318944390356e-07  1.217171675055628e-01 
 1.372518944390356e-07  1.217171498999374e-01 
 1.372718944390356e-07  1.217171323294680e-01 
 1.372918944390356e-07  1.217171147940844e-01 
 1.373118944390356e-07  1.217170972937166e-01 
 1.373318944390356e-07  1.217170798282947e-01 
 1.373518944390356e-07  1.217170623977488e-01 
 1.373718944390356e-07  1.217170450020092e-01 
 1.373918944390356e-07  1.217170276410066e-01 
 1.374118944390356e-07  1.217170103146715e-01 
 1.374318944390356e-07  1.217169930229348e-01 
 1.374518944390356e-07  1.217169757657273e-01 
 1.374718944390356e-07  1.217169585429801e-01 
 1.374918944390356e-07  1.217169413546244e-01 
 1.375118944390356e-07  1.217169242005914e-01 
 1.375318944390356e-07  1.217169070808127e-01 
 1.375518944390356e-07  1.217168899952198e-01 
 1.375718944390356e-07  1.217168729437445e-01 
 1.375918944390356e-07  1.217168559263186e-01 
 1.376118944390356e-07  1.217168389428743e-01 
 1.376318944390356e-07  1.217168219933435e-01 
 1.376518944390356e-07  1.217168050776587e-01 
 1.376718944390355e-07  1.217167881957521e-01 
 1.376918944390355e-07  1.217167713475564e-01 
 1.377118944390355e-07  1.217167545330042e-01 
 1.377318944390355e-07  1.217167377520284e-01 
 1.377518944390355e-07  1.217167210045619e-01 
 1.377718944390355e-07  1.217167042905377e-01 
 1.377918944390355e-07  1.217166876098892e-01 
 1.378118944390355e-07  1.217166709625497e-01 
 1.378318944390355e-07  1.217166543484526e-01 
 1.378518944390355e-07  1.217166377675316e-01 
 1.378718944390355e-07  1.217166212197204e-01 
 1.378918944390355e-07  1.217166047049529e-01 
 1.379118944390355e-07  1.217165882231632e-01 
 1.379318944390355e-07  1.217165717742853e-01 
 1.379518944390355e-07  1.217165553582536e-01 
 1.379718944390355e-07  1.217165389750024e-01 
 1.379918944390355e-07  1.217165226244663e-01 
 1.380118944390355e-07  1.217165063065801e-01 
 1.380318944390355e-07  1.217164900212784e-01 
 1.380518944390355e-07  1.217164737684962e-01 
 1.380718944390355e-07  1.217164575481686e-01 
 1.380918944390355e-07  1.217164413602308e-01 
 1.381118944390355e-07  1.217164252046180e-01 
 1.381318944390355e-07  1.217164090812657e-01 
 1.381518944390355e-07  1.217163929901096e-01 
 1.381718944390355e-07  1.217163769310853e-01 
 1.381918944390355e-07  1.217163609041287e-01 
 1.382118944390354e-07  1.217163449091757e-01 
 1.382318944390354e-07  1.217163289461624e-01 
 1.382518944390354e-07  1.217163130150252e-01 
 1.382718944390354e-07  1.217162971157002e-01 
 1.382918944390354e-07  1.217162812481240e-01 
 1.383118944390354e-07  1.217162654122332e-01 
 1.383318944390354e-07  1.217162496079644e-01 
 1.383518944390354e-07  1.217162338352546e-01 
 1.383718944390354e-07  1.217162180940407e-01 
 1.383918944390354e-07  1.217162023842599e-01 
 1.384118944390354e-07  1.217161867058495e-01 
 1.384318944390354e-07  1.217161710587466e-01 
 1.384518944390354e-07  1.217161554428888e-01 
 1.384718944390354e-07  1.217161398582138e-01 
 1.384918944390354e-07  1.217161243046592e-01 
 1.385118944390354e-07  1.217161087821629e-01 
 1.385318944390354e-07  1.217160932906630e-01 
 1.385518944390354e-07  1.217160778300974e-01 
 1.385718944390354e-07  1.217160624004045e-01 
 1.385918944390354e-07  1.217160470015225e-01 
 1.386118944390354e-07  1.217160316333900e-01 
 1.386318944390354e-07  1.217160162959456e-01 
 1.386518944390354e-07  1.217160009891279e-01 
 1.386718944390354e-07  1.217159857128759e-01 
 1.386918944390354e-07  1.217159704671284e-01 
 1.387118944390354e-07  1.217159552518247e-01 
 1.387318944390353e-07  1.217159400669037e-01 
 1.387518944390353e-07  1.217159249123050e-01 
 1.387718944390353e-07  1.217159097879680e-01 
 1.387918944390353e-07  1.217158946938321e-01 
 1.388118944390353e-07  1.217158796298373e-01 
 1.388318944390353e-07  1.217158645959231e-01 
 1.388518944390353e-07  1.217158495920296e-01 
 1.388718944390353e-07  1.217158346180968e-01 
 1.388918944390353e-07  1.217158196740649e-01 
 1.389118944390353e-07  1.217158047598742e-01 
 1.389318944390353e-07  1.217157898754651e-01 
 1.389518944390353e-07  1.217157750207781e-01 
 1.389718944390353e-07  1.217157601957538e-01 
 1.389918944390353e-07  1.217157454003331e-01 
 1.390118944390353e-07  1.217157306344569e-01 
 1.390318944390353e-07  1.217157158980660e-01 
 1.390518944390353e-07  1.217157011911017e-01 
 1.390718944390353e-07  1.217156865135052e-01 
 1.390918944390353e-07  1.217156718652178e-01 
 1.391118944390353e-07  1.217156572461811e-01 
 1.391318944390353e-07  1.217156426563366e-01 
 1.391518944390353e-07  1.217156280956259e-01 
 1.391718944390353e-07  1.217156135639911e-01 
 1.391918944390353e-07  1.217155990613739e-01 
 1.392118944390353e-07  1.217155845877165e-01 
 1.392318944390353e-07  1.217155701429610e-01 
 1.392518944390352e-07  1.217155557270497e-01 
 1.392718944390352e-07  1.217155413399250e-01 
 1.392918944390352e-07  1.217155269815293e-01 
 1.393118944390352e-07  1.217155126518055e-01 
 1.393318944390352e-07  1.217154983506961e-01 
 1.393518944390352e-07  1.217154840781441e-01 
 1.393718944390352e-07  1.217154698340924e-01 
 1.393918944390352e-07  1.217154556184841e-01 
 1.394118944390352e-07  1.217154414312625e-01 
 1.394318944390352e-07  1.217154272723708e-01 
 1.394518944390352e-07  1.217154131417524e-01 
 1.394718944390352e-07  1.217153990393510e-01 
 1.394918944390352e-07  1.217153849651101e-01 
 1.395118944390352e-07  1.217153709189735e-01 
 1.395318944390352e-07  1.217153569008852e-01 
 1.395518944390352e-07  1.217153429107890e-01 
 1.395718944390352e-07  1.217153289486292e-01 
 1.395918944390352e-07  1.217153150143498e-01 
 1.396118944390352e-07  1.217153011078954e-01 
 1.396318944390352e-07  1.217152872292102e-01 
 1.396518944390352e-07  1.217152733782388e-01 
 1.396718944390352e-07  1.217152595549259e-01 
 1.396918944390352e-07  1.217152457592163e-01 
 1.397118944390352e-07  1.217152319910548e-01 
 1.397318944390352e-07  1.217152182503864e-01 
 1.397518944390352e-07  1.217152045371563e-01 
 1.397718944390352e-07  1.217151908513097e-01 
 1.397918944390351e-07  1.217151771927918e-01 
 1.398118944390351e-07  1.217151635615481e-01 
 1.398318944390351e-07  1.217151499575241e-01 
 1.398518944390351e-07  1.217151363806655e-01 
 1.398718944390351e-07  1.217151228309180e-01 
 1.398918944390351e-07  1.217151093082275e-01 
 1.399118944390351e-07  1.217150958125400e-01 
 1.399318944390351e-07  1.217150823438015e-01 
 1.399518944390351e-07  1.217150689019582e-01 
 1.399718944390351e-07  1.217150554869564e-01 
 1.399918944390351e-07  1.217150420987425e-01 
 1.400118944390351e-07  1.217150287372631e-01 
 1.400318944390351e-07  1.217150154024647e-01 
 1.400518944390351e-07  1.217150020942941e-01 
 1.400718944390351e-07  1.217149888126981e-01 
 1.400918944390351e-07  1.217149755576236e-01 
 1.401118944390351e-07  1.217149623290176e-01 
 1.401318944390351e-07  1.217149491268273e-01 
 1.401518944390351e-07  1.217149359510001e-01 
 1.401718944390351e-07  1.217149228014832e-01 
 1.401918944390351e-07  1.217149096782240e-01 
 1.402118944390351e-07  1.217148965811702e-01 
 1.402318944390351e-07  1.217148835102694e-01 
 1.402518944390351e-07  1.217148704654694e-01 
 1.402718944390351e-07  1.217148574467181e-01 
 1.402918944390351e-07  1.217148444539634e-01 
 1.403118944390350e-07  1.217148314871535e-01 
 1.403318944390350e-07  1.217148185462366e-01 
 1.403518944390350e-07  1.217148056311609e-01 
 1.403718944390350e-07  1.217147927418749e-01 
 1.403918944390350e-07  1.217147798783269e-01 
 1.404118944390350e-07  1.217147670404658e-01 
 1.404318944390350e-07  1.217147542282400e-01 
 1.404518944390350e-07  1.217147414415985e-01 
 1.404718944390350e-07  1.217147286804901e-01 
 1.404918944390350e-07  1.217147159448639e-01 
 1.405118944390350e-07  1.217147032346690e-01 
 1.405318944390350e-07  1.217146905498547e-01 
 1.405518944390350e-07  1.217146778903702e-01 
 1.405718944390350e-07  1.217146652561649e-01 
 1.405918944390350e-07  1.217146526471884e-01 
 1.406118944390350e-07  1.217146400633904e-01 
 1.406318944390350e-07  1.217146275047204e-01 
 1.406518944390350e-07  1.217146149711284e-01 
 1.406718944390350e-07  1.217146024625643e-01 
 1.406918944390350e-07  1.217145899789780e-01 
 1.407118944390350e-07  1.217145775203197e-01 
 1.407318944390350e-07  1.217145650865396e-01 
 1.407518944390350e-07  1.217145526775881e-01 
 1.407718944390350e-07  1.217145402934156e-01 
 1.407918944390350e-07  1.217145279339726e-01 
 1.408118944390350e-07  1.217145155992097e-01 
 1.408318944390350e-07  1.217145032890776e-01 
 1.408518944390349e-07  1.217144910035272e-01 
 1.408718944390349e-07  1.217144787425094e-01 
 1.408918944390349e-07  1.217144665059751e-01 
 1.409118944390349e-07  1.217144542938754e-01 
 1.409318944390349e-07  1.217144421061617e-01 
 1.409518944390349e-07  1.217144299427852e-01 
 1.409718944390349e-07  1.217144178036972e-01 
 1.409918944390349e-07  1.217144056888494e-01 
 1.410118944390349e-07  1.217143935981932e-01 
 1.410318944390349e-07  1.217143815316804e-01 
 1.410518944390349e-07  1.217143694892629e-01 
 1.410718944390349e-07  1.217143574708923e-01 
 1.410918944390349e-07  1.217143454765208e-01 
 1.411118944390349e-07  1.217143335061004e-01 
 1.411318944390349e-07  1.217143215595833e-01 
 1.411518944390349e-07  1.217143096369218e-01 
 1.411718944390349e-07  1.217142977380682e-01 
 1.411918944390349e-07  1.217142858629750e-01 
 1.412118944390349e-07  1.217142740115947e-01 
 1.412318944390349e-07  1.217142621838799e-01 
 1.412518944390349e-07  1.217142503797835e-01 
 1.412718944390349e-07  1.217142385992583e-01 
 1.412918944390349e-07  1.217142268422571e-01 
 1.413118944390349e-07  1.217142151087331e-01 
 1.413318944390349e-07  1.217142033986393e-01 
 1.413518944390349e-07  1.217141917119290e-01 
 1.413718944390348e-07  1.217141800485554e-01 
 1.413918944390348e-07  1.217141684084720e-01 
 1.414118944390348e-07  1.217141567916322e-01 
 1.414318944390348e-07  1.217141451979897e-01 
 1.414518944390348e-07  1.217141336274981e-01 
 1.414718944390348e-07  1.217141220801111e-01 
 1.414918944390348e-07  1.217141105557828e-01 
 1.415118944390348e-07  1.217140990544669e-01 
 1.415318944390348e-07  1.217140875761176e-01 
 1.415518944390348e-07  1.217140761206889e-01 
 1.415718944390348e-07  1.217140646881352e-01 
 1.415918944390348e-07  1.217140532784107e-01 
 1.416118944390348e-07  1.217140418914699e-01 
 1.416318944390348e-07  1.217140305272672e-01 
 1.416518944390348e-07  1.217140191857573e-01 
 1.416718944390348e-07  1.217140078668948e-01 
 1.416918944390348e-07  1.217139965706346e-01 
 1.417118944390348e-07  1.217139852969314e-01 
 1.417318944390348e-07  1.217139740457403e-01 
 1.417518944390348e-07  1.217139628170163e-01 
 1.417718944390348e-07  1.217139516107145e-01 
 1.417918944390348e-07  1.217139404267901e-01 
 1.418118944390348e-07  1.217139292651984e-01 
 1.418318944390348e-07  1.217139181258950e-01 
 1.418518944390348e-07  1.217139070088352e-01 
 1.418718944390348e-07  1.217138959139747e-01 
 1.418918944390347e-07  1.217138848412690e-01 
 1.419118944390347e-07  1.217138737906741e-01 
 1.419318944390347e-07  1.217138627621457e-01 
 1.419518944390347e-07  1.217138517556397e-01 
 1.419718944390347e-07  1.217138407711122e-01 
 1.419918944390347e-07  1.217138298085193e-01 
 1.420118944390347e-07  1.217138188678173e-01 
 1.420318944390347e-07  1.217138079489623e-01 
 1.420518944390347e-07  1.217137970519108e-01 
 1.420718944390347e-07  1.217137861766191e-01 
 1.420918944390347e-07  1.217137753230440e-01 
 1.421118944390347e-07  1.217137644911419e-01 
 1.421318944390347e-07  1.217137536808697e-01 
 1.421518944390347e-07  1.217137428921841e-01 
 1.421718944390347e-07  1.217137321250420e-01 
 1.421918944390347e-07  1.217137213794005e-01 
 1.422118944390347e-07  1.217137106552165e-01 
 1.422318944390347e-07  1.217136999524472e-01 
 1.422518944390347e-07  1.217136892710499e-01 
 1.422718944390347e-07  1.217136786109819e-01 
 1.422918944390347e-07  1.217136679722006e-01 
 1.423118944390347e-07  1.217136573546634e-01 
 1.423318944390347e-07  1.217136467583280e-01 
 1.423518944390347e-07  1.217136361831521e-01 
 1.423718944390347e-07  1.217136256290933e-01 
 1.423918944390347e-07  1.217136150961095e-01 
 1.424118944390347e-07  1.217136045841587e-01 
 1.424318944390346e-07  1.217135940931988e-01 
 1.424518944390346e-07  1.217135836231879e-01 
 1.424718944390346e-07  1.217135731740842e-01 
 1.424918944390346e-07  1.217135627458459e-01 
 1.425118944390346e-07  1.217135523384313e-01 
 1.425318944390346e-07  1.217135419517990e-01 
 1.425518944390346e-07  1.217135315859073e-01 
 1.425718944390346e-07  1.217135212407148e-01 
 1.425918944390346e-07  1.217135109161803e-01 
 1.426118944390346e-07  1.217135006122624e-01 
 1.426318944390346e-07  1.217134903289201e-01 
 1.426518944390346e-07  1.217134800661123e-01 
 1.426718944390346e-07  1.217134698237978e-01 
 1.426918944390346e-07  1.217134596019358e-01 
 1.427118944390346e-07  1.217134494004855e-01 
 1.427318944390346e-07  1.217134392194062e-01 
 1.427518944390346e-07  1.217134290586570e-01 
 1.427718944390346e-07  1.217134189181974e-01 
 1.427918944390346e-07  1.217134087979869e-01 
 1.428118944390346e-07  1.217133986979851e-01 
 1.428318944390346e-07  1.217133886181517e-01 
 1.428518944390346e-07  1.217133785584463e-01 
 1.428718944390346e-07  1.217133685188287e-01 
 1.428918944390346e-07  1.217133584992589e-01 
 1.429118944390346e-07  1.217133484996968e-01 
 1.429318944390346e-07  1.217133385201024e-01 
 1.429518944390345e-07  1.217133285604360e-01 
 1.429718944390345e-07  1.217133186206576e-01 
 1.429918944390345e-07  1.217133087007276e-01 
 1.430118944390345e-07  1.217132988006063e-01 
 1.430318944390345e-07  1.217132889202542e-01 
 1.430518944390345e-07  1.217132790596318e-01 
 1.430718944390345e-07  1.217132692186997e-01 
 1.430918944390345e-07  1.217132593974186e-01 
 1.431118944390345e-07  1.217132495957493e-01 
 1.431318944390345e-07  1.217132398136525e-01 
 1.431518944390345e-07  1.217132300510893e-01 
 1.431718944390345e-07  1.217132203080206e-01 
 1.431918944390345e-07  1.217132105844074e-01 
 1.432118944390345e-07  1.217132008802110e-01 
 1.432318944390345e-07  1.217131911953925e-01 
 1.432518944390345e-07  1.217131815299132e-01 
 1.432718944390345e-07  1.217131718837346e-01 
 1.432918944390345e-07  1.217131622568181e-01 
 1.433118944390345e-07  1.217131526491253e-01 
 1.433318944390345e-07  1.217131430606176e-01 
 1.433518944390345e-07  1.217131334912569e-01 
 1.433718944390345e-07  1.217131239410049e-01 
 1.433918944390345e-07  1.217131144098234e-01 
 1.434118944390345e-07  1.217131048976745e-01 
 1.434318944390345e-07  1.217130954045199e-01 
 1.434518944390345e-07  1.217130859303219e-01 
 1.434718944390344e-07  1.217130764750426e-01 
 1.434918944390344e-07  1.217130670386442e-01 
 1.435118944390344e-07  1.217130576210889e-01 
 1.435318944390344e-07  1.217130482223392e-01 
 1.435518944390344e-07  1.217130388423576e-01 
 1.435718944390344e-07  1.217130294811065e-01 
 1.435918944390344e-07  1.217130201385485e-01 
 1.436118944390344e-07  1.217130108146463e-01 
 1.436318944390344e-07  1.217130015093627e-01 
 1.436518944390344e-07  1.217129922226604e-01 
 1.436718944390344e-07  1.217129829545025e-01 
 1.436918944390344e-07  1.217129737048518e-01 
 1.437118944390344e-07  1.217129644736714e-01 
 1.437318944390344e-07  1.217129552609244e-01 
 1.437518944390344e-07  1.217129460665739e-01 
 1.437718944390344e-07  1.217129368905833e-01 
 1.437918944390344e-07  1.217129277329159e-01 
 1.438118944390344e-07  1.217129185935351e-01 
 1.438318944390344e-07  1.217129094724044e-01 
 1.438518944390344e-07  1.217129003694873e-01 
 1.438718944390344e-07  1.217128912847475e-01 
 1.438918944390344e-07  1.217128822181486e-01 
 1.439118944390344e-07  1.217128731696546e-01 
 1.439318944390344e-07  1.217128641392292e-01 
 1.439518944390344e-07  1.217128551268362e-01 
 1.439718944390344e-07  1.217128461324398e-01 
 1.439918944390344e-07  1.217128371560039e-01 
 1.440118944390343e-07  1.217128281974928e-01 
 1.440318944390343e-07  1.217128192568706e-01 
 1.440518944390343e-07  1.217128103341016e-01 
 1.440718944390343e-07  1.217128014291502e-01 
 1.440918944390343e-07  1.217127925419807e-01 
 1.441118944390343e-07  1.217127836725576e-01 
 1.441318944390343e-07  1.217127748208456e-01 
 1.441518944390343e-07  1.217127659868092e-01 
 1.441718944390343e-07  1.217127571704132e-01 
 1.441918944390343e-07  1.217127483716224e-01 
 1.442118944390343e-07  1.217127395904015e-01 
 1.442318944390343e-07  1.217127308267154e-01 
 1.442518944390343e-07  1.217127220805293e-01 
 1.442718944390343e-07  1.217127133518081e-01 
 1.442918944390343e-07  1.217127046405169e-01 
 1.443118944390343e-07  1.217126959466211e-01 
 1.443318944390343e-07  1.217126872700857e-01 
 1.443518944390343e-07  1.217126786108762e-01 
 1.443718944390343e-07  1.217126699689580e-01 
 1.443918944390343e-07  1.217126613442965e-01 
 1.444118944390343e-07  1.217126527368572e-01 
 1.444318944390343e-07  1.217126441466058e-01 
 1.444518944390343e-07  1.217126355735080e-01 
 1.444718944390343e-07  1.217126270175295e-01 
 1.444918944390343e-07  1.217126184786360e-01 
 1.445118944390343e-07  1.217126099567936e-01 
 1.445318944390342e-07  1.217126014519682e-01 
 1.445518944390342e-07  1.217125929641257e-01 
 1.445718944390342e-07  1.217125844932323e-01 
 1.445918944390342e-07  1.217125760392540e-01 
 1.446118944390342e-07  1.217125676021573e-01 
 1.446318944390342e-07  1.217125591819082e-01 
 1.446518944390342e-07  1.217125507784732e-01 
 1.446718944390342e-07  1.217125423918188e-01 
 1.446918944390342e-07  1.217125340219113e-01 
 1.447118944390342e-07  1.217125256687173e-01 
 1.447318944390342e-07  1.217125173322036e-01 
 1.447518944390342e-07  1.217125090123367e-01 
 1.447718944390342e-07  1.217125007090834e-01 
 1.447918944390342e-07  1.217124924224107e-01 
 1.448118944390342e-07  1.217124841522852e-01 
 1.448318944390342e-07  1.217124758986741e-01 
 1.448518944390342e-07  1.217124676615443e-01 
 1.448718944390342e-07  1.217124594408630e-01 
 1.448918944390342e-07  1.217124512365972e-01 
 1.449118944390342e-07  1.217124430487142e-01 
 1.449318944390342e-07  1.217124348771813e-01 
 1.449518944390342e-07  1.217124267219657e-01 
 1.449718944390342e-07  1.217124185830351e-01 
 1.449918944390342e-07  1.217124104603568e-01 
 1.450118944390342e-07  1.217124023538983e-01 
 1.450318944390342e-07  1.217123942636273e-01 
 1.450518944390342e-07  1.217123861895115e-01 
 1.450718944390341e-07  1.217123781315186e-01 
 1.450918944390341e-07  1.217123700896164e-01 
 1.451118944390341e-07  1.217123620637728e-01 
 1.451318944390341e-07  1.217123540539558e-01 
 1.451518944390341e-07  1.217123460601332e-01 
 1.451718944390341e-07  1.217123380822731e-01 
 1.451918944390341e-07  1.217123301203438e-01 
 1.452118944390341e-07  1.217123221743133e-01 
 1.452318944390341e-07  1.217123142441500e-01 
 1.452518944390341e-07  1.217123063298221e-01 
 1.452718944390341e-07  1.217122984312981e-01 
 1.452918944390341e-07  1.217122905485463e-01 
 1.453118944390341e-07  1.217122826815353e-01 
 1.453318944390341e-07  1.217122748302337e-01 
 1.453518944390341e-07  1.217122669946100e-01 
 1.453718944390341e-07  1.217122591746330e-01 
 1.453918944390341e-07  1.217122513702714e-01 
 1.454118944390341e-07  1.217122435814941e-01 
 1.454318944390341e-07  1.217122358082698e-01 
 1.454518944390341e-07  1.217122280505677e-01 
 1.454718944390341e-07  1.217122203083566e-01 
 1.454918944390341e-07  1.217122125816056e-01 
 1.455118944390341e-07  1.217122048702839e-01 
 1.455318944390341e-07  1.217121971743606e-01 
 1.455518944390341e-07  1.217121894938051e-01 
 1.455718944390341e-07  1.217121818285865e-01 
 1.455918944390340e-07  1.217121741786744e-01 
 1.456118944390340e-07  1.217121665440381e-01 
 1.456318944390340e-07  1.217121589246471e-01 
 1.456518944390340e-07  1.217121513204709e-01 
 1.456718944390340e-07  1.217121437314793e-01 
 1.456918944390340e-07  1.217121361576418e-01 
 1.457118944390340e-07  1.217121285989283e-01 
 1.457318944390340e-07  1.217121210553085e-01 
 1.457518944390340e-07  1.217121135267522e-01 
 1.457718944390340e-07  1.217121060132295e-01 
 1.457918944390340e-07  1.217120985147103e-01 
 1.458118944390340e-07  1.217120910311645e-01 
 1.458318944390340e-07  1.217120835625624e-01 
 1.458518944390340e-07  1.217120761088741e-01 
 1.458718944390340e-07  1.217120686700697e-01 
 1.458918944390340e-07  1.217120612461196e-01 
 1.459118944390340e-07  1.217120538369942e-01 
 1.459318944390340e-07  1.217120464426637e-01 
 1.459518944390340e-07  1.217120390630986e-01 
 1.459718944390340e-07  1.217120316982696e-01 
 1.459918944390340e-07  1.217120243481471e-01 
 1.460118944390340e-07  1.217120170127018e-01 
 1.460318944390340e-07  1.217120096919044e-01 
 1.460518944390340e-07  1.217120023857256e-01 
 1.460718944390340e-07  1.217119950941362e-01 
 1.460918944390340e-07  1.217119878171072e-01 
 1.461118944390339e-07  1.217119805546094e-01 
 1.461318944390339e-07  1.217119733066137e-01 
 1.461518944390339e-07  1.217119660730914e-01 
 1.461718944390339e-07  1.217119588540134e-01 
 1.461918944390339e-07  1.217119516493509e-01 
 1.462118944390339e-07  1.217119444590751e-01 
 1.462318944390339e-07  1.217119372831574e-01 
 1.462518944390339e-07  1.217119301215689e-01 
 1.462718944390339e-07  1.217119229742812e-01 
 1.462918944390339e-07  1.217119158412656e-01 
 1.463118944390339e-07  1.217119087224937e-01 
 1.463318944390339e-07  1.217119016179370e-01 
 1.463518944390339e-07  1.217118945275671e-01 
 1.463718944390339e-07  1.217118874513557e-01 
 1.463918944390339e-07  1.217118803892746e-01 
 1.464118944390339e-07  1.217118733412954e-01 
 1.464318944390339e-07  1.217118663073901e-01 
 1.464518944390339e-07  1.217118592875305e-01 
 1.464718944390339e-07  1.217118522816887e-01 
 1.464918944390339e-07  1.217118452898365e-01 
 1.465118944390339e-07  1.217118383119461e-01 
 1.465318944390339e-07  1.217118313479897e-01 
 1.465518944390339e-07  1.217118243979392e-01 
 1.465718944390339e-07  1.217118174617671e-01 
 1.465918944390339e-07  1.217118105394455e-01 
 1.466118944390339e-07  1.217118036309469e-01 
 1.466318944390339e-07  1.217117967362436e-01 
 1.466518944390338e-07  1.217117898553080e-01 
 1.466718944390338e-07  1.217117829881128e-01 
 1.466918944390338e-07  1.217117761346304e-01 
 1.467118944390338e-07  1.217117692948334e-01 
 1.467318944390338e-07  1.217117624686947e-01 
 1.467518944390338e-07  1.217117556561867e-01 
 1.467718944390338e-07  1.217117488572824e-01 
 1.467918944390338e-07  1.217117420719546e-01 
 1.468118944390338e-07  1.217117353001762e-01 
 1.468318944390338e-07  1.217117285419201e-01 
 1.468518944390338e-07  1.217117217971592e-01 
 1.468718944390338e-07  1.217117150658667e-01 
 1.468918944390338e-07  1.217117083480158e-01 
 1.469118944390338e-07  1.217117016435794e-01 
 1.469318944390338e-07  1.217116949525309e-01 
 1.469518944390338e-07  1.217116882748434e-01 
 1.469718944390338e-07  1.217116816104904e-01 
 1.469918944390338e-07  1.217116749594452e-01 
 1.470118944390338e-07  1.217116683216811e-01 
 1.470318944390338e-07  1.217116616971719e-01 
 1.470518944390338e-07  1.217116550858909e-01 
 1.470718944390338e-07  1.217116484878117e-01 
 1.470918944390338e-07  1.217116419029079e-01 
 1.471118944390338e-07  1.217116353311533e-01 
 1.471318944390338e-07  1.217116287725216e-01 
 1.471518944390338e-07  1.217116222269866e-01 
 1.471718944390337e-07  1.217116156945222e-01 
 1.471918944390337e-07  1.217116091751021e-01 
 1.472118944390337e-07  1.217116026687005e-01 
 1.472318944390337e-07  1.217115961752912e-01 
 1.472518944390337e-07  1.217115896948483e-01 
 1.472718944390337e-07  1.217115832273461e-01 
 1.472918944390337e-07  1.217115767727585e-01 
 1.473118944390337e-07  1.217115703310599e-01 
 1.473318944390337e-07  1.217115639022244e-01 
 1.473518944390337e-07  1.217115574862265e-01 
 1.473718944390337e-07  1.217115510830405e-01 
 1.473918944390337e-07  1.217115446926407e-01 
 1.474118944390337e-07  1.217115383150017e-01 
 1.474318944390337e-07  1.217115319500979e-01 
 1.474518944390337e-07  1.217115255979040e-01 
 1.474718944390337e-07  1.217115192583946e-01 
 1.474918944390337e-07  1.217115129315443e-01 
 1.475118944390337e-07  1.217115066173279e-01 
 1.475318944390337e-07  1.217115003157200e-01 
 1.475518944390337e-07  1.217114940266956e-01 
 1.475718944390337e-07  1.217114877502296e-01 
 1.475918944390337e-07  1.217114814862968e-01 
 1.476118944390337e-07  1.217114752348722e-01 
 1.476318944390337e-07  1.217114689959308e-01 
 1.476518944390337e-07  1.217114627694478e-01 
 1.476718944390337e-07  1.217114565553981e-01 
 1.476918944390336e-07  1.217114503537571e-01 
 1.477118944390336e-07  1.217114441644998e-01 
 1.477318944390336e-07  1.217114379876017e-01 
 1.477518944390336e-07  1.217114318230380e-01 
 1.477718944390336e-07  1.217114256707841e-01 
 1.477918944390336e-07  1.217114195308154e-01 
 1.478118944390336e-07  1.217114134031074e-01 
 1.478318944390336e-07  1.217114072876355e-01 
 1.478518944390336e-07  1.217114011843754e-01 
 1.478718944390336e-07  1.217113950933027e-01 
 1.478918944390336e-07  1.217113890143930e-01 
 1.479118944390336e-07  1.217113829476221e-01 
 1.479318944390336e-07  1.217113768929657e-01 
 1.479518944390336e-07  1.217113708503996e-01 
 1.479718944390336e-07  1.217113648198997e-01 
 1.479918944390336e-07  1.217113588014419e-01 
 1.480118944390336e-07  1.217113527950021e-01 
 1.480318944390336e-07  1.217113468005564e-01 
 1.480518944390336e-07  1.217113408180807e-01 
 1.480718944390336e-07  1.217113348475513e-01 
 1.480918944390336e-07  1.217113288889441e-01 
 1.481118944390336e-07  1.217113229422354e-01 
 1.481318944390336e-07  1.217113170074015e-01 
 1.481518944390336e-07  1.217113110844187e-01 
 1.481718944390336e-07  1.217113051732632e-01 
 1.481918944390336e-07  1.217112992739115e-01 
 1.482118944390336e-07  1.217112933863399e-01 
 1.482318944390335e-07  1.217112875105251e-01 
 1.482518944390335e-07  1.217112816464434e-01 
 1.482718944390335e-07  1.217112757940716e-01 
 1.482918944390335e-07  1.217112699533861e-01 
 1.483118944390335e-07  1.217112641243637e-01 
 1.483318944390335e-07  1.217112583069811e-01 
 1.483518944390335e-07  1.217112525012149e-01 
 1.483718944390335e-07  1.217112467070421e-01 
 1.483918944390335e-07  1.217112409244394e-01 
 1.484118944390335e-07  1.217112351533838e-01 
 1.484318944390335e-07  1.217112293938522e-01 
 1.484518944390335e-07  1.217112236458216e-01 
 1.484718944390335e-07  1.217112179092691e-01 
 1.484918944390335e-07  1.217112121841716e-01 
 1.485118944390335e-07  1.217112064705064e-01 
 1.485318944390335e-07  1.217112007682506e-01 
 1.485518944390335e-07  1.217111950773814e-01 
 1.485718944390335e-07  1.217111893978761e-01 
 1.485918944390335e-07  1.217111837297120e-01 
 1.486118944390335e-07  1.217111780728664e-01 
 1.486318944390335e-07  1.217111724273168e-01 
 1.486518944390335e-07  1.217111667930405e-01 
 1.486718944390335e-07  1.217111611700152e-01 
 1.486918944390335e-07  1.217111555582183e-01 
 1.487118944390335e-07  1.217111499576273e-01 
 1.487318944390335e-07  1.217111443682200e-01 
 1.487518944390334e-07  1.217111387899740e-01 
 1.487718944390334e-07  1.217111332228669e-01 
 1.487918944390334e-07  1.217111276668766e-01 
 1.488118944390334e-07  1.217111221219808e-01 
 1.488318944390334e-07  1.217111165881574e-01 
 1.488518944390334e-07  1.217111110653843e-01 
 1.488718944390334e-07  1.217111055536394e-01 
 1.488918944390334e-07  1.217111000529007e-01 
 1.489118944390334e-07  1.217110945631463e-01 
 1.489318944390334e-07  1.217110890843541e-01 
 1.489518944390334e-07  1.217110836165023e-01 
 1.489718944390334e-07  1.217110781595691e-01 
 1.489918944390334e-07  1.217110727135326e-01 
 1.490118944390334e-07  1.217110672783711e-01 
 1.490318944390334e-07  1.217110618540629e-01 
 1.490518944390334e-07  1.217110564405863e-01 
 1.490718944390334e-07  1.217110510379196e-01 
 1.490918944390334e-07  1.217110456460414e-01 
 1.491118944390334e-07  1.217110402649300e-01 
 1.491318944390334e-07  1.217110348945639e-01 
 1.491518944390334e-07  1.217110295349217e-01 
 1.491718944390334e-07  1.217110241859819e-01 
 1.491918944390334e-07  1.217110188477233e-01 
 1.492118944390334e-07  1.217110135201244e-01 
 1.492318944390334e-07  1.217110082031641e-01 
 1.492518944390334e-07  1.217110028968209e-01 
 1.492718944390334e-07  1.217109976010739e-01 
 1.492918944390333e-07  1.217109923159017e-01 
 1.493118944390333e-07  1.217109870412832e-01 
 1.493318944390333e-07  1.217109817771975e-01 
 1.493518944390333e-07  1.217109765236234e-01 
 1.493718944390333e-07  1.217109712805399e-01 
 1.493918944390333e-07  1.217109660479262e-01 
 1.494118944390333e-07  1.217109608257613e-01 
 1.494318944390333e-07  1.217109556140244e-01 
 1.494518944390333e-07  1.217109504126945e-01 
 1.494718944390333e-07  1.217109452217510e-01 
 1.494918944390333e-07  1.217109400411731e-01 
 1.495118944390333e-07  1.217109348709402e-01 
 1.495318944390333e-07  1.217109297110315e-01 
 1.495518944390333e-07  1.217109245614264e-01 
 1.495718944390333e-07  1.217109194221043e-01 
 1.495918944390333e-07  1.217109142930448e-01 
 1.496118944390333e-07  1.217109091742273e-01 
 1.496318944390333e-07  1.217109040656315e-01 
 1.496518944390333e-07  1.217108989672367e-01 
 1.496718944390333e-07  1.217108938790227e-01 
 1.496918944390333e-07  1.217108888009692e-01 
 1.497118944390333e-07  1.217108837330559e-01 
 1.497318944390333e-07  1.217108786752625e-01 
 1.497518944390333e-07  1.217108736275689e-01 
 1.497718944390333e-07  1.217108685899548e-01 
 1.497918944390333e-07  1.217108635624001e-01 
 1.498118944390332e-07  1.217108585448847e-01 
 1.498318944390332e-07  1.217108535373887e-01 
 1.498518944390332e-07  1.217108485398919e-01 
 1.498718944390332e-07  1.217108435523745e-01 
 1.498918944390332e-07  1.217108385748164e-01 
 1.499118944390332e-07  1.217108336071978e-01 
 1.499318944390332e-07  1.217108286494989e-01 
 1.499518944390332e-07  1.217108237016999e-01 
 1.499718944390332e-07  1.217108187637809e-01 
 1.499918944390332e-07  1.217108138357222e-01 
 1.500118944390332e-07  1.217108089175043e-01 
 1.500318944390332e-07  1.217108040091073e-01 
 1.500518944390332e-07  1.217107991105117e-01 
 1.500718944390332e-07  1.217107942216979e-01 
 1.500918944390332e-07  1.217107893426465e-01 
 1.501118944390332e-07  1.217107844733378e-01 
 1.501318944390332e-07  1.217107796137524e-01 
 1.501518944390332e-07  1.217107747638710e-01 
 1.501718944390332e-07  1.217107699236742e-01 
 1.501918944390332e-07  1.217107650931425e-01 
 1.502118944390332e-07  1.217107602722567e-01 
 1.502318944390332e-07  1.217107554609976e-01 
 1.502518944390332e-07  1.217107506593459e-01 
 1.502718944390332e-07  1.217107458672825e-01 
 1.502918944390332e-07  1.217107410847881e-01 
 1.503118944390332e-07  1.217107363118438e-01 
 1.503318944390331e-07  1.217107315484304e-01 
 1.503518944390331e-07  1.217107267945288e-01 
 1.503718944390331e-07  1.217107220501202e-01 
 1.503918944390331e-07  1.217107173151854e-01 
 1.504118944390331e-07  1.217107125897057e-01 
 1.504318944390331e-07  1.217107078736621e-01 
 1.504518944390331e-07  1.217107031670358e-01 
 1.504718944390331e-07  1.217106984698080e-01 
 1.504918944390331e-07  1.217106937819599e-01 
 1.505118944390331e-07  1.217106891034729e-01 
 1.505318944390331e-07  1.217106844343281e-01 
 1.505518944390331e-07  1.217106797745070e-01 
 1.505718944390331e-07  1.217106751239909e-01 
 1.505918944390331e-07  1.217106704827612e-01 
 1.506118944390331e-07  1.217106658507994e-01 
 1.506318944390331e-07  1.217106612280870e-01 
 1.506518944390331e-07  1.217106566146055e-01 
 1.506718944390331e-07  1.217106520103366e-01 
 1.506918944390331e-07  1.217106474152617e-01 
 1.507118944390331e-07  1.217106428293626e-01 
 1.507318944390331e-07  1.217106382526209e-01 
 1.507518944390331e-07  1.217106336850182e-01 
 1.507718944390331e-07  1.217106291265365e-01 
 1.507918944390331e-07  1.217106245771574e-01 
 1.508118944390331e-07  1.217106200368628e-01 
 1.508318944390331e-07  1.217106155056346e-01 
 1.508518944390331e-07  1.217106109834546e-01 
 1.508718944390330e-07  1.217106064703048e-01 
 1.508918944390330e-07  1.217106019661671e-01 
 1.509118944390330e-07  1.217105974710235e-01 
 1.509318944390330e-07  1.217105929848562e-01 
 1.509518944390330e-07  1.217105885076471e-01 
 1.509718944390330e-07  1.217105840393784e-01 
 1.509918944390330e-07  1.217105795800322e-01 
 1.510118944390330e-07  1.217105751295907e-01 
 1.510318944390330e-07  1.217105706880361e-01 
 1.510518944390330e-07  1.217105662553507e-01 
 1.510718944390330e-07  1.217105618315168e-01 
 1.510918944390330e-07  1.217105574165167e-01 
 1.511118944390330e-07  1.217105530103327e-01 
 1.511318944390330e-07  1.217105486129473e-01 
 1.511518944390330e-07  1.217105442243428e-01 
 1.511718944390330e-07  1.217105398445018e-01 
 1.511918944390330e-07  1.217105354734067e-01 
 1.512118944390330e-07  1.217105311110401e-01 
 1.512318944390330e-07  1.217105267573845e-01 
 1.512518944390330e-07  1.217105224124226e-01 
 1.512718944390330e-07  1.217105180761370e-01 
 1.512918944390330e-07  1.217105137485103e-01 
 1.513118944390330e-07  1.217105094295253e-01 
 1.513318944390330e-07  1.217105051191648e-01 
 1.513518944390330e-07  1.217105008174115e-01 
 1.513718944390330e-07  1.217104965242481e-01 
 1.513918944390329e-07  1.217104922396577e-01 
 1.514118944390329e-07  1.217104879636230e-01 
 1.514318944390329e-07  1.217104836961268e-01 
 1.514518944390329e-07  1.217104794371523e-01 
 1.514718944390329e-07  1.217104751866825e-01 
 1.514918944390329e-07  1.217104709447002e-01 
 1.515118944390329e-07  1.217104667111886e-01 
 1.515318944390329e-07  1.217104624861307e-01 
 1.515518944390329e-07  1.217104582695096e-01 
 1.515718944390329e-07  1.217104540613086e-01 
 1.515918944390329e-07  1.217104498615108e-01 
 1.516118944390329e-07  1.217104456700994e-01 
 1.516318944390329e-07  1.217104414870576e-01 
 1.516518944390329e-07  1.217104373123689e-01 
 1.516718944390329e-07  1.217104331460164e-01 
 1.516918944390329e-07  1.217104289879836e-01 
 1.517118944390329e-07  1.217104248382538e-01 
 1.517318944390329e-07  1.217104206968104e-01 
 1.517518944390329e-07  1.217104165636370e-01 
 1.517718944390329e-07  1.217104124387169e-01 
 1.517918944390329e-07  1.217104083220337e-01 
 1.518118944390329e-07  1.217104042135710e-01 
 1.518318944390329e-07  1.217104001133123e-01 
 1.518518944390329e-07  1.217103960212413e-01 
 1.518718944390329e-07  1.217103919373415e-01 
 1.518918944390329e-07  1.217103878615967e-01 
 1.519118944390328e-07  1.217103837939906e-01 
 1.519318944390328e-07  1.217103797345070e-01 
 1.519518944390328e-07  1.217103756831297e-01 
 1.519718944390328e-07  1.217103716398424e-01 
 1.519918944390328e-07  1.217103676046289e-01 
 1.520118944390328e-07  1.217103635774732e-01 
 1.520318944390328e-07  1.217103595583592e-01 
 1.520518944390328e-07  1.217103555472708e-01 
 1.520718944390328e-07  1.217103515441920e-01 
 1.520918944390328e-07  1.217103475491068e-01 
 1.521118944390328e-07  1.217103435619993e-01 
 1.521318944390328e-07  1.217103395828535e-01 
 1.521518944390328e-07  1.217103356116534e-01 
 1.521718944390328e-07  1.217103316483834e-01 
 1.521918944390328e-07  1.217103276930274e-01 
 1.522118944390328e-07  1.217103237455697e-01 
 1.522318944390328e-07  1.217103198059946e-01 
 1.522518944390328e-07  1.217103158742862e-01 
 1.522718944390328e-07  1.217103119504290e-01 
 1.522918944390328e-07  1.217103080344071e-01 
 1.523118944390328e-07  1.217103041262051e-01 
 1.523318944390328e-07  1.217103002258071e-01 
 1.523518944390328e-07  1.217102963331977e-01 
 1.523718944390328e-07  1.217102924483613e-01 
 1.523918944390328e-07  1.217102885712824e-01 
 1.524118944390328e-07  1.217102847019455e-01 
 1.524318944390328e-07  1.217102808403351e-01 
 1.524518944390327e-07  1.217102769864358e-01 
 1.524718944390327e-07  1.217102731402322e-01 
 1.524918944390327e-07  1.217102693017090e-01 
 1.525118944390327e-07  1.217102654708508e-01 
 1.525318944390327e-07  1.217102616476422e-01 
 1.525518944390327e-07  1.217102578320681e-01 
 1.525718944390327e-07  1.217102540241132e-01 
 1.525918944390327e-07  1.217102502237623e-01 
 1.526118944390327e-07  1.217102464310001e-01 
 1.526318944390327e-07  1.217102426458116e-01 
 1.526518944390327e-07  1.217102388681815e-01 
 1.526718944390327e-07  1.217102350980949e-01 
 1.526918944390327e-07  1.217102313355366e-01 
 1.527118944390327e-07  1.217102275804915e-01 
 1.527318944390327e-07  1.217102238329449e-01 
 1.527518944390327e-07  1.217102200928816e-01 
 1.527718944390327e-07  1.217102163602866e-01 
 1.527918944390327e-07  1.217102126351452e-01 
 1.528118944390327e-07  1.217102089174424e-01 
 1.528318944390327e-07  1.217102052071632e-01 
 1.528518944390327e-07  1.217102015042930e-01 
 1.528718944390327e-07  1.217101978088170e-01 
 1.528918944390327e-07  1.217101941207202e-01 
 1.529118944390327e-07  1.217101904399881e-01 
 1.529318944390327e-07  1.217101867666059e-01 
 1.529518944390327e-07  1.217101831005590e-01 
 1.529718944390326e-07  1.217101794418326e-01 
 1.529918944390326e-07  1.217101757904122e-01 
 1.530118944390326e-07  1.217101721462832e-01 
 1.530318944390326e-07  1.217101685094311e-01 
 1.530518944390326e-07  1.217101648798412e-01 
 1.530718944390326e-07  1.217101612574991e-01 
 1.530918944390326e-07  1.217101576423904e-01 
 1.531118944390326e-07  1.217101540345005e-01 
 1.531318944390326e-07  1.217101504338151e-01 
 1.531518944390326e-07  1.217101468403198e-01 
 1.531718944390326e-07  1.217101432540002e-01 
 1.531918944390326e-07  1.217101396748420e-01 
 1.532118944390326e-07  1.217101361028309e-01 
 1.532318944390326e-07  1.217101325379526e-01 
 1.532518944390326e-07  1.217101289801928e-01 
 1.532718944390326e-07  1.217101254295375e-01 
 1.532918944390326e-07  1.217101218859723e-01 
 1.533118944390326e-07  1.217101183494831e-01 
 1.533318944390326e-07  1.217101148200558e-01 
 1.533518944390326e-07  1.217101112976762e-01 
 1.533718944390326e-07  1.217101077823304e-01 
 1.533918944390326e-07  1.217101042740042e-01 
 1.534118944390326e-07  1.217101007726838e-01 
 1.534318944390326e-07  1.217100972783549e-01 
 1.534518944390326e-07  1.217100937910038e-01 
 1.534718944390326e-07  1.217100903106163e-01 
 1.534918944390326e-07  1.217100868371787e-01 
 1.535118944390325e-07  1.217100833706772e-01 
 1.535318944390325e-07  1.217100799110978e-01 
 1.535518944390325e-07  1.217100764584266e-01 
 1.535718944390325e-07  1.217100730126500e-01 
 1.535918944390325e-07  1.217100695737541e-01 
 1.536118944390325e-07  1.217100661417252e-01 
 1.536318944390325e-07  1.217100627165496e-01 
 1.536518944390325e-07  1.217100592982137e-01 
 1.536718944390325e-07  1.217100558867036e-01 
 1.536918944390325e-07  1.217100524820059e-01 
 1.537118944390325e-07  1.217100490841069e-01 
 1.537318944390325e-07  1.217100456929931e-01 
 1.537518944390325e-07  1.217100423086508e-01 
 1.537718944390325e-07  1.217100389310666e-01 
 1.537918944390325e-07  1.217100355602270e-01 
 1.538118944390325e-07  1.217100321961185e-01 
 1.538318944390325e-07  1.217100288387276e-01 
 1.538518944390325e-07  1.217100254880410e-01 
 1.538718944390325e-07  1.217100221440453e-01 
 1.538918944390325e-07  1.217100188067270e-01 
 1.539118944390325e-07  1.217100154760730e-01 
 1.539318944390325e-07  1.217100121520698e-01 
 1.539518944390325e-07  1.217100088347041e-01 
 1.539718944390325e-07  1.217100055239628e-01 
 1.539918944390325e-07  1.217100022198325e-01 
 1.540118944390325e-07  1.217099989223001e-01 
 1.540318944390324e-07  1.217099956313525e-01 
 1.540518944390324e-07  1.217099923469765e-01 
 1.540718944390324e-07  1.217099890691589e-01 
 1.540918944390324e-07  1.217099857978867e-01 
 1.541118944390324e-07  1.217099825331467e-01 
 1.541318944390324e-07  1.217099792749260e-01 
 1.541518944390324e-07  1.217099760232115e-01 
 1.541718944390324e-07  1.217099727779902e-01 
 1.541918944390324e-07  1.217099695392492e-01 
 1.542118944390324e-07  1.217099663069755e-01 
 1.542318944390324e-07  1.217099630811562e-01 
 1.542518944390324e-07  1.217099598617785e-01 
 1.542718944390324e-07  1.217099566488294e-01 
 1.542918944390324e-07  1.217099534422961e-01 
 1.543118944390324e-07  1.217099502421658e-01 
 1.543318944390324e-07  1.217099470484257e-01 
 1.543518944390324e-07  1.217099438610631e-01 
 1.543718944390324e-07  1.217099406800652e-01 
 1.543918944390324e-07  1.217099375054193e-01 
 1.544118944390324e-07  1.217099343371128e-01 
 1.544318944390324e-07  1.217099311751330e-01 
 1.544518944390324e-07  1.217099280194672e-01 
 1.544718944390324e-07  1.217099248701029e-01 
 1.544918944390324e-07  1.217099217270274e-01 
 1.545118944390324e-07  1.217099185902282e-01 
 1.545318944390324e-07  1.217099154596927e-01 
 1.545518944390323e-07  1.217099123354085e-01 
 1.545718944390323e-07  1.217099092173631e-01 
 1.545918944390323e-07  1.217099061055440e-01 
 1.546118944390323e-07  1.217099029999387e-01 
 1.546318944390323e-07  1.217098999005349e-01 
 1.546518944390323e-07  1.217098968073202e-01 
 1.546718944390323e-07  1.217098937202822e-01 
 1.546918944390323e-07  1.217098906394086e-01 
 1.547118944390323e-07  1.217098875646871e-01 
 1.547318944390323e-07  1.217098844961054e-01 
 1.547518944390323e-07  1.217098814336512e-01 
 1.547718944390323e-07  1.217098783773123e-01 
 1.547918944390323e-07  1.217098753270765e-01 
 1.548118944390323e-07  1.217098722829316e-01 
 1.548318944390323e-07  1.217098692448654e-01 
 1.548518944390323e-07  1.217098662128658e-01 
 1.548718944390323e-07  1.217098631869208e-01 
 1.548918944390323e-07  1.217098601670181e-01 
 1.549118944390323e-07  1.217098571531457e-01 
 1.549318944390323e-07  1.217098541452916e-01 
 1.549518944390323e-07  1.217098511434439e-01 
 1.549718944390323e-07  1.217098481475904e-01 
 1.549918944390323e-07  1.217098451577192e-01 
 1.550118944390323e-07  1.217098421738183e-01 
 1.550318944390323e-07  1.217098391958759e-01 
 1.550518944390323e-07  1.217098362238801e-01 
 1.550718944390323e-07  1.217098332578190e-01 
 1.550918944390322e-07  1.217098302976806e-01 
 1.551118944390322e-07  1.217098273434532e-01 
 1.551318944390322e-07  1.217098243951250e-01 
 1.551518944390322e-07  1.217098214526842e-01 
 1.551718944390322e-07  1.217098185161191e-01 
 1.551918944390322e-07  1.217098155854179e-01 
 1.552118944390322e-07  1.217098126605689e-01 
 1.552318944390322e-07  1.217098097415604e-01 
 1.552518944390322e-07  1.217098068283808e-01 
 1.552718944390322e-07  1.217098039210183e-01 
 1.552918944390322e-07  1.217098010194615e-01 
 1.553118944390322e-07  1.217097981236987e-01 
 1.553318944390322e-07  1.217097952337184e-01 
 1.553518944390322e-07  1.217097923495090e-01 
 1.553718944390322e-07  1.217097894710589e-01 
 1.553918944390322e-07  1.217097865983566e-01 
 1.554118944390322e-07  1.217097837313908e-01 
 1.554318944390322e-07  1.217097808701499e-01 
 1.554518944390322e-07  1.217097780146225e-01 
 1.554718944390322e-07  1.217097751647973e-01 
 1.554918944390322e-07  1.217097723206627e-01 
 1.555118944390322e-07  1.217097694822075e-01 
 1.555318944390322e-07  1.217097666494203e-01 
 1.555518944390322e-07  1.217097638222897e-01 
 1.555718944390322e-07  1.217097610008047e-01 
 1.555918944390322e-07  1.217097581849537e-01 
 1.556118944390321e-07  1.217097553747255e-01 
 1.556318944390321e-07  1.217097525701091e-01 
 1.556518944390321e-07  1.217097497710930e-01 
 1.556718944390321e-07  1.217097469776662e-01 
 1.556918944390321e-07  1.217097441898175e-01 
 1.557118944390321e-07  1.217097414075357e-01 
 1.557318944390321e-07  1.217097386308097e-01 
 1.557518944390321e-07  1.217097358596285e-01 
 1.557718944390321e-07  1.217097330939810e-01 
 1.557918944390321e-07  1.217097303338561e-01 
 1.558118944390321e-07  1.217097275792428e-01 
 1.558318944390321e-07  1.217097248301300e-01 
 1.558518944390321e-07  1.217097220865069e-01 
 1.558718944390321e-07  1.217097193483624e-01 
 1.558918944390321e-07  1.217097166156856e-01 
 1.559118944390321e-07  1.217097138884656e-01 
 1.559318944390321e-07  1.217097111666915e-01 
 1.559518944390321e-07  1.217097084503524e-01 
 1.559718944390321e-07  1.217097057394375e-01 
 1.559918944390321e-07  1.217097030339359e-01 
 1.560118944390321e-07  1.217097003338368e-01 
 1.560318944390321e-07  1.217096976391294e-01 
 1.560518944390321e-07  1.217096949498030e-01 
 1.560718944390321e-07  1.217096922658468e-01 
 1.560918944390321e-07  1.217096895872500e-01 
 1.561118944390321e-07  1.217096869140021e-01 
 1.561318944390320e-07  1.217096842460923e-01 
 1.561518944390320e-07  1.217096815835099e-01 
 1.561718944390320e-07  1.217096789262444e-01 
 1.561918944390320e-07  1.217096762742851e-01 
 1.562118944390320e-07  1.217096736276213e-01 
 1.562318944390320e-07  1.217096709862426e-01 
 1.562518944390320e-07  1.217096683501383e-01 
 1.562718944390320e-07  1.217096657192980e-01 
 1.562918944390320e-07  1.217096630937111e-01 
 1.563118944390320e-07  1.217096604733672e-01 
 1.563318944390320e-07  1.217096578582557e-01 
 1.563518944390320e-07  1.217096552483663e-01 
 1.563718944390320e-07  1.217096526436884e-01 
 1.563918944390320e-07  1.217096500442117e-01 
 1.564118944390320e-07  1.217096474499257e-01 
 1.564318944390320e-07  1.217096448608202e-01 
 1.564518944390320e-07  1.217096422768848e-01 
 1.564718944390320e-07  1.217096396981092e-01 
 1.564918944390320e-07  1.217096371244830e-01 
 1.565118944390320e-07  1.217096345559961e-01 
 1.565318944390320e-07  1.217096319926380e-01 
 1.565518944390320e-07  1.217096294343985e-01 
 1.565718944390320e-07  1.217096268812676e-01 
 1.565918944390320e-07  1.217096243332349e-01 
 1.566118944390320e-07  1.217096217902903e-01 
 1.566318944390320e-07  1.217096192524236e-01 
 1.566518944390320e-07  1.217096167196246e-01 
 1.566718944390319e-07  1.217096141918834e-01 
 1.566918944390319e-07  1.217096116691896e-01 
 1.567118944390319e-07  1.217096091515333e-01 
 1.567318944390319e-07  1.217096066389045e-01 
 1.567518944390319e-07  1.217096041312930e-01 
 1.567718944390319e-07  1.217096016286889e-01 
 1.567918944390319e-07  1.217095991310822e-01 
 1.568118944390319e-07  1.217095966384628e-01 
 1.568318944390319e-07  1.217095941508208e-01 
 1.568518944390319e-07  1.217095916681463e-01 
 1.568718944390319e-07  1.217095891904294e-01 
 1.568918944390319e-07  1.217095867176601e-01 
 1.569118944390319e-07  1.217095842498287e-01 
 1.569318944390319e-07  1.217095817869251e-01 
 1.569518944390319e-07  1.217095793289396e-01 
 1.569718944390319e-07  1.217095768758624e-01 
 1.569918944390319e-07  1.217095744276836e-01 
 1.570118944390319e-07  1.217095719843936e-01 
 1.570318944390319e-07  1.217095695459824e-01 
 1.570518944390319e-07  1.217095671124404e-01 
 1.570718944390319e-07  1.217095646837579e-01 
 1.570918944390319e-07  1.217095622599250e-01 
 1.571118944390319e-07  1.217095598409323e-01 
 1.571318944390319e-07  1.217095574267699e-01 
 1.571518944390319e-07  1.217095550174283e-01 
 1.571718944390319e-07  1.217095526128978e-01 
 1.571918944390318e-07  1.217095502131689e-01 
 1.572118944390318e-07  1.217095478182319e-01 
 1.572318944390318e-07  1.217095454280772e-01 
 1.572518944390318e-07  1.217095430426954e-01 
 1.572718944390318e-07  1.217095406620768e-01 
 1.572918944390318e-07  1.217095382862120e-01 
 1.573118944390318e-07  1.217095359150915e-01 
 1.573318944390318e-07  1.217095335487058e-01 
 1.573518944390318e-07  1.217095311870454e-01 
 1.573718944390318e-07  1.217095288301010e-01 
 1.573918944390318e-07  1.217095264778630e-01 
 1.574118944390318e-07  1.217095241303222e-01 
 1.574318944390318e-07  1.217095217874691e-01 
 1.574518944390318e-07  1.217095194492943e-01 
 1.574718944390318e-07  1.217095171157885e-01 
 1.574918944390318e-07  1.217095147869424e-01 
 1.575118944390318e-07  1.217095124627467e-01 
 1.575318944390318e-07  1.217095101431921e-01 
 1.575518944390318e-07  1.217095078282693e-01 
 1.575718944390318e-07  1.217095055179691e-01 
 1.575918944390318e-07  1.217095032122822e-01 
 1.576118944390318e-07  1.217095009111995e-01 
 1.576318944390318e-07  1.217094986147117e-01 
 1.576518944390318e-07  1.217094963228097e-01 
 1.576718944390318e-07  1.217094940354844e-01 
 1.576918944390318e-07  1.217094917527265e-01 
 1.577118944390318e-07  1.217094894745269e-01 
 1.577318944390317e-07  1.217094872008766e-01 
 1.577518944390317e-07  1.217094849317665e-01 
 1.577718944390317e-07  1.217094826671875e-01 
 1.577918944390317e-07  1.217094804071305e-01 
 1.578118944390317e-07  1.217094781515865e-01 
 1.578318944390317e-07  1.217094759005465e-01 
 1.578518944390317e-07  1.217094736540016e-01 
 1.578718944390317e-07  1.217094714119427e-01 
 1.578918944390317e-07  1.217094691743609e-01 
 1.579118944390317e-07  1.217094669412473e-01 
 1.579318944390317e-07  1.217094647125928e-01 
 1.579518944390317e-07  1.217094624883887e-01 
 1.579718944390317e-07  1.217094602686260e-01 
 1.579918944390317e-07  1.217094580532959e-01 
 1.580118944390317e-07  1.217094558423895e-01 
 1.580318944390317e-07  1.217094536358980e-01 
 1.580518944390317e-07  1.217094514338125e-01 
 1.580718944390317e-07  1.217094492361243e-01 
 1.580918944390317e-07  1.217094470428246e-01 
 1.581118944390317e-07  1.217094448539046e-01 
 1.581318944390317e-07  1.217094426693556e-01 
 1.581518944390317e-07  1.217094404891688e-01 
 1.581718944390317e-07  1.217094383133356e-01 
 1.581918944390317e-07  1.217094361418471e-01 
 1.582118944390317e-07  1.217094339746949e-01 
 1.582318944390317e-07  1.217094318118701e-01 
 1.582518944390316e-07  1.217094296533643e-01 
 1.582718944390316e-07  1.217094274991687e-01 
 1.582918944390316e-07  1.217094253492747e-01 
 1.583118944390316e-07  1.217094232036737e-01 
 1.583318944390316e-07  1.217094210623572e-01 
 1.583518944390316e-07  1.217094189253166e-01 
 1.583718944390316e-07  1.217094167925434e-01 
 1.583918944390316e-07  1.217094146640291e-01 
 1.584118944390316e-07  1.217094125397651e-01 
 1.584318944390316e-07  1.217094104197430e-01 
 1.584518944390316e-07  1.217094083039543e-01 
 1.584718944390316e-07  1.217094061923905e-01 
 1.584918944390316e-07  1.217094040850432e-01 
 1.585118944390316e-07  1.217094019819041e-01 
 1.585318944390316e-07  1.217093998829646e-01 
 1.585518944390316e-07  1.217093977882163e-01 
 1.585718944390316e-07  1.217093956976510e-01 
 1.585918944390316e-07  1.217093936112603e-01 
 1.586118944390316e-07  1.217093915290358e-01 
 1.586318944390316e-07  1.217093894509693e-01 
 1.586518944390316e-07  1.217093873770523e-01 
 1.586718944390316e-07  1.217093853072767e-01 
 1.586918944390316e-07  1.217093832416341e-01 
 1.587118944390316e-07  1.217093811801164e-01 
 1.587318944390316e-07  1.217093791227152e-01 
 1.587518944390316e-07  1.217093770694223e-01 
 1.587718944390315e-07  1.217093750202296e-01 
 1.587918944390315e-07  1.217093729751289e-01 
 1.588118944390315e-07  1.217093709341119e-01 
 1.588318944390315e-07  1.217093688971706e-01 
 1.588518944390315e-07  1.217093668642968e-01 
 1.588718944390315e-07  1.217093648354823e-01 
 1.588918944390315e-07  1.217093628107190e-01 
 1.589118944390315e-07  1.217093607899990e-01 
 1.589318944390315e-07  1.217093587733141e-01 
 1.589518944390315e-07  1.217093567606561e-01 
 1.589718944390315e-07  1.217093547520173e-01 
 1.589918944390315e-07  1.217093527473894e-01 
 1.590118944390315e-07  1.217093507467644e-01 
 1.590318944390315e-07  1.217093487501345e-01 
 1.590518944390315e-07  1.217093467574915e-01 
 1.590718944390315e-07  1.217093447688276e-01 
 1.590918944390315e-07  1.217093427841347e-01 
 1.591118944390315e-07  1.217093408034051e-01 
 1.591318944390315e-07  1.217093388266306e-01 
 1.591518944390315e-07  1.217093368538035e-01 
 1.591718944390315e-07  1.217093348849159e-01 
 1.591918944390315e-07  1.217093329199598e-01 
 1.592118944390315e-07  1.217093309589275e-01 
 1.592318944390315e-07  1.217093290018112e-01 
 1.592518944390315e-07  1.217093270486029e-01 
 1.592718944390315e-07  1.217093250992949e-01 
 1.592918944390315e-07  1.217093231538795e-01 
 1.593118944390314e-07  1.217093212123487e-01 
 1.593318944390314e-07  1.217093192746949e-01 
 1.593518944390314e-07  1.217093173409104e-01 
 1.593718944390314e-07  1.217093154109874e-01 
 1.593918944390314e-07  1.217093134849181e-01 
 1.594118944390314e-07  1.217093115626950e-01 
 1.594318944390314e-07  1.217093096443102e-01 
 1.594518944390314e-07  1.217093077297562e-01 
 1.594718944390314e-07  1.217093058190253e-01 
 1.594918944390314e-07  1.217093039121099e-01 
 1.595118944390314e-07  1.217093020090024e-01 
 1.595318944390314e-07  1.217093001096950e-01 
 1.595518944390314e-07  1.217092982141804e-01 
 1.595718944390314e-07  1.217092963224508e-01 
 1.595918944390314e-07  1.217092944344987e-01 
 1.596118944390314e-07  1.217092925503166e-01 
 1.596318944390314e-07  1.217092906698970e-01 
 1.596518944390314e-07  1.217092887932323e-01 
 1.596718944390314e-07  1.217092869203151e-01 
 1.596918944390314e-07  1.217092850511378e-01 
 1.597118944390314e-07  1.217092831856930e-01 
 1.597318944390314e-07  1.217092813239733e-01 
 1.597518944390314e-07  1.217092794659711e-01 
 1.597718944390314e-07  1.217092776116791e-01 
 1.597918944390314e-07  1.217092757610899e-01 
 1.598118944390314e-07  1.217092739141960e-01 
 1.598318944390313e-07  1.217092720709901e-01 
 1.598518944390313e-07  1.217092702314649e-01 
 1.598718944390313e-07  1.217092683956129e-01 
 1.598918944390313e-07  1.217092665634269e-01 
 1.599118944390313e-07  1.217092647348996e-01 
 1.599318944390313e-07  1.217092629100235e-01 
 1.599518944390313e-07  1.217092610887915e-01 
 1.599718944390313e-07  1.217092592711962e-01 
 1.599918944390313e-07  1.217092574572304e-01 
 1.600118944390313e-07  1.217092556468868e-01 
 1.600318944390313e-07  1.217092538401583e-01 
 1.600518944390313e-07  1.217092520370375e-01 
 1.600718944390313e-07  1.217092502375173e-01 
 1.600918944390313e-07  1.217092484415905e-01 
 1.601118944390313e-07  1.217092466492499e-01 
 1.601318944390313e-07  1.217092448604884e-01 
 1.601518944390313e-07  1.217092430752988e-01 
 1.601718944390313e-07  1.217092412936739e-01 
 1.601918944390313e-07  1.217092395156068e-01 
 1.602118944390313e-07  1.217092377410902e-01 
 1.602318944390313e-07  1.217092359701170e-01 
 1.602518944390313e-07  1.217092342026803e-01 
 1.602718944390313e-07  1.217092324387729e-01 
 1.602918944390313e-07  1.217092306783878e-01 
 1.603118944390313e-07  1.217092289215179e-01 
 1.603318944390313e-07  1.217092271681562e-01 
 1.603518944390312e-07  1.217092254182958e-01 
 1.603718944390312e-07  1.217092236719296e-01 
 1.603918944390312e-07  1.217092219290506e-01 
 1.604118944390312e-07  1.217092201896519e-01 
 1.604318944390312e-07  1.217092184537266e-01 
 1.604518944390312e-07  1.217092167212677e-01 
 1.604718944390312e-07  1.217092149922683e-01 
 1.604918944390312e-07  1.217092132667214e-01 
 1.605118944390312e-07  1.217092115446203e-01 
 1.605318944390312e-07  1.217092098259579e-01 
 1.605518944390312e-07  1.217092081107275e-01 
 1.605718944390312e-07  1.217092063989221e-01 
 1.605918944390312e-07  1.217092046905350e-01 
 1.606118944390312e-07  1.217092029855593e-01 
 1.606318944390312e-07  1.217092012839882e-01 
 1.606518944390312e-07  1.217091995858149e-01 
 1.606718944390312e-07  1.217091978910326e-01 
 1.606918944390312e-07  1.217091961996346e-01 
 1.607118944390312e-07  1.217091945116140e-01 
 1.607318944390312e-07  1.217091928269642e-01 
 1.607518944390312e-07  1.217091911456784e-01 
 1.607718944390312e-07  1.217091894677499e-01 
 1.607918944390312e-07  1.217091877931720e-01 
 1.608118944390312e-07  1.217091861219380e-01 
 1.608318944390312e-07  1.217091844540412e-01 
 1.608518944390312e-07  1.217091827894750e-01 
 1.608718944390312e-07  1.217091811282327e-01 
 1.608918944390311e-07  1.217091794703076e-01 
 1.609118944390311e-07  1.217091778156932e-01 
 1.609318944390311e-07  1.217091761643829e-01 
 1.609518944390311e-07  1.217091745163700e-01 
 1.609718944390311e-07  1.217091728716480e-01 
 1.609918944390311e-07  1.217091712302103e-01 
 1.610118944390311e-07  1.217091695920502e-01 
 1.610318944390311e-07  1.217091679571614e-01 
 1.610518944390311e-07  1.217091663255372e-01 
 1.610718944390311e-07  1.217091646971711e-01 
 1.610918944390311e-07  1.217091630720566e-01 
 1.611118944390311e-07  1.217091614501873e-01 
 1.611318944390311e-07  1.217091598315566e-01 
 1.611518944390311e-07  1.217091582161582e-01 
 1.611718944390311e-07  1.217091566039855e-01 
 1.611918944390311e-07  1.217091549950320e-01 
 1.612118944390311e-07  1.217091533892914e-01 
 1.612318944390311e-07  1.217091517867572e-01 
 1.612518944390311e-07  1.217091501874231e-01 
 1.612718944390311e-07  1.217091485912826e-01 
 1.612918944390311e-07  1.217091469983294e-01 
 1.613118944390311e-07  1.217091454085572e-01 
 1.613318944390311e-07  1.217091438219594e-01 
 1.613518944390311e-07  1.217091422385299e-01 
 1.613718944390311e-07  1.217091406582623e-01 
 1.613918944390311e-07  1.217091390811502e-01 
 1.614118944390310e-07  1.217091375071875e-01 
 1.614318944390310e-07  1.217091359363677e-01 
 1.614518944390310e-07  1.217091343686846e-01 
 1.614718944390310e-07  1.217091328041320e-01 
 1.614918944390310e-07  1.217091312427035e-01 
 1.615118944390310e-07  1.217091296843931e-01 
 1.615318944390310e-07  1.217091281291944e-01 
 1.615518944390310e-07  1.217091265771012e-01 
 1.615718944390310e-07  1.217091250281073e-01 
 1.615918944390310e-07  1.217091234822065e-01 
 1.616118944390310e-07  1.217091219393927e-01 
 1.616318944390310e-07  1.217091203996596e-01 
 1.616518944390310e-07  1.217091188630012e-01 
 1.616718944390310e-07  1.217091173294113e-01 
 1.616918944390310e-07  1.217091157988838e-01 
 1.617118944390310e-07  1.217091142714125e-01 
 1.617318944390310e-07  1.217091127469914e-01 
 1.617518944390310e-07  1.217091112256143e-01 
 1.617718944390310e-07  1.217091097072753e-01 
 1.617918944390310e-07  1.217091081919681e-01 
 1.618118944390310e-07  1.217091066796868e-01 
 1.618318944390310e-07  1.217091051704253e-01 
 1.618518944390310e-07  1.217091036641776e-01 
 1.618718944390310e-07  1.217091021609377e-01 
 1.618918944390310e-07  1.217091006606995e-01 
 1.619118944390310e-07  1.217090991634571e-01 
 1.619318944390310e-07  1.217090976692045e-01 
 1.619518944390309e-07  1.217090961779357e-01 
 1.619718944390309e-07  1.217090946896448e-01 
 1.619918944390309e-07  1.217090932043258e-01 
 1.620118944390309e-07  1.217090917219727e-01 
 1.620318944390309e-07  1.217090902425798e-01 
 1.620518944390309e-07  1.217090887661409e-01 
 1.620718944390309e-07  1.217090872926504e-01 
 1.620918944390309e-07  1.217090858221022e-01 
 1.621118944390309e-07  1.217090843544904e-01 
 1.621318944390309e-07  1.217090828898093e-01 
 1.621518944390309e-07  1.217090814280529e-01 
 1.621718944390309e-07  1.217090799692155e-01 
 1.621918944390309e-07  1.217090785132912e-01 
 1.622118944390309e-07  1.217090770602742e-01 
 1.622318944390309e-07  1.217090756101586e-01 
 1.622518944390309e-07  1.217090741629387e-01 
 1.622718944390309e-07  1.217090727186087e-01 
 1.622918944390309e-07  1.217090712771628e-01 
 1.623118944390309e-07  1.217090698385953e-01 
 1.623318944390309e-07  1.217090684029005e-01 
 1.623518944390309e-07  1.217090669700725e-01 
 1.623718944390309e-07  1.217090655401056e-01 
 1.623918944390309e-07  1.217090641129942e-01 
 1.624118944390309e-07  1.217090626887326e-01 
 1.624318944390309e-07  1.217090612673150e-01 
 1.624518944390309e-07  1.217090598487358e-01 
 1.624718944390308e-07  1.217090584329893e-01 
 1.624918944390308e-07  1.217090570200699e-01 
 1.625118944390308e-07  1.217090556099719e-01 
 1.625318944390308e-07  1.217090542026896e-01 
 1.625518944390308e-07  1.217090527982175e-01 
 1.625718944390308e-07  1.217090513965499e-01 
 1.625918944390308e-07  1.217090499976813e-01 
 1.626118944390308e-07  1.217090486016060e-01 
 1.626318944390308e-07  1.217090472083185e-01 
 1.626518944390308e-07  1.217090458178132e-01 
 1.626718944390308e-07  1.217090444300846e-01 
 1.626918944390308e-07  1.217090430451270e-01 
 1.627118944390308e-07  1.217090416629350e-01 
 1.627318944390308e-07  1.217090402835031e-01 
 1.627518944390308e-07  1.217090389068256e-01 
 1.627718944390308e-07  1.217090375328973e-01 
 1.627918944390308e-07  1.217090361617125e-01 
 1.628118944390308e-07  1.217090347932657e-01 
 1.628318944390308e-07  1.217090334275516e-01 
 1.628518944390308e-07  1.217090320645646e-01 
 1.628718944390308e-07  1.217090307042994e-01 
 1.628918944390308e-07  1.217090293467503e-01 
 1.629118944390308e-07  1.217090279919121e-01 
 1.629318944390308e-07  1.217090266397793e-01 
 1.629518944390308e-07  1.217090252903466e-01 
 1.629718944390308e-07  1.217090239436085e-01 
 1.629918944390307e-07  1.217090225995596e-01 
 1.630118944390307e-07  1.217090212581945e-01 
 1.630318944390307e-07  1.217090199195081e-01 
 1.630518944390307e-07  1.217090185834948e-01 
 1.630718944390307e-07  1.217090172501493e-01 
 1.630918944390307e-07  1.217090159194664e-01 
 1.631118944390307e-07  1.217090145914406e-01 
 1.631318944390307e-07  1.217090132660668e-01 
 1.631518944390307e-07  1.217090119433395e-01 
 1.631718944390307e-07  1.217090106232536e-01 
 1.631918944390307e-07  1.217090093058036e-01 
 1.632118944390307e-07  1.217090079909844e-01 
 1.632318944390307e-07  1.217090066787908e-01 
 1.632518944390307e-07  1.217090053692173e-01 
 1.632718944390307e-07  1.217090040622590e-01 
 1.632918944390307e-07  1.217090027579105e-01 
 1.633118944390307e-07  1.217090014561665e-01 
 1.633318944390307e-07  1.217090001570220e-01 
 1.633518944390307e-07  1.217089988604717e-01 
 1.633718944390307e-07  1.217089975665104e-01 
 1.633918944390307e-07  1.217089962751330e-01 
 1.634118944390307e-07  1.217089949863343e-01 
 1.634318944390307e-07  1.217089937001091e-01 
 1.634518944390307e-07  1.217089924164524e-01 
 1.634718944390307e-07  1.217089911353589e-01 
 1.634918944390307e-07  1.217089898568236e-01 
 1.635118944390307e-07  1.217089885808414e-01 
 1.635318944390306e-07  1.217089873074071e-01 
 1.635518944390306e-07  1.217089860365157e-01 
 1.635718944390306e-07  1.217089847681621e-01 
 1.635918944390306e-07  1.217089835023412e-01 
 1.636118944390306e-07  1.217089822390481e-01 
 1.636318944390306e-07  1.217089809782775e-01 
 1.636518944390306e-07  1.217089797200245e-01 
 1.636718944390306e-07  1.217089784642840e-01 
 1.636918944390306e-07  1.217089772110512e-01 
 1.637118944390306e-07  1.217089759603208e-01 
 1.637318944390306e-07  1.217089747120880e-01 
 1.637518944390306e-07  1.217089734663478e-01 
 1.637718944390306e-07  1.217089722230951e-01 
 1.637918944390306e-07  1.217089709823249e-01 
 1.638118944390306e-07  1.217089697440325e-01 
 1.638318944390306e-07  1.217089685082127e-01 
 1.638518944390306e-07  1.217089672748608e-01 
 1.638718944390306e-07  1.217089660439716e-01 
 1.638918944390306e-07  1.217089648155404e-01 
 1.639118944390306e-07  1.217089635895622e-01 
 1.639318944390306e-07  1.217089623660321e-01 
 1.639518944390306e-07  1.217089611449452e-01 
 1.639718944390306e-07  1.217089599262966e-01 
 1.639918944390306e-07  1.217089587100815e-01 
 1.640118944390306e-07  1.217089574962950e-01 
 1.640318944390306e-07  1.217089562849323e-01 
 1.640518944390305e-07  1.217089550759886e-01 
 1.640718944390305e-07  1.217089538694589e-01 
 1.640918944390305e-07  1.217089526653385e-01 
 1.641118944390305e-07  1.217089514636226e-01 
 1.641318944390305e-07  1.217089502643063e-01 
 1.641518944390305e-07  1.217089490673849e-01 
 1.641718944390305e-07  1.217089478728536e-01 
 1.641918944390305e-07  1.217089466807076e-01 
 1.642118944390305e-07  1.217089454909421e-01 
 1.642318944390305e-07  1.217089443035525e-01 
 1.642518944390305e-07  1.217089431185340e-01 
 1.642718944390305e-07  1.217089419358817e-01 
 1.642918944390305e-07  1.217089407555910e-01 
 1.643118944390305e-07  1.217089395776572e-01 
 1.643318944390305e-07  1.217089384020756e-01 
 1.643518944390305e-07  1.217089372288414e-01 
 1.643718944390305e-07  1.217089360579500e-01 
 1.643918944390305e-07  1.217089348893968e-01 
 1.644118944390305e-07  1.217089337231769e-01 
 1.644318944390305e-07  1.217089325592859e-01 
 1.644518944390305e-07  1.217089313977190e-01 
 1.644718944390305e-07  1.217089302384715e-01 
 1.644918944390305e-07  1.217089290815390e-01 
 1.645118944390305e-07  1.217089279269167e-01 
 1.645318944390305e-07  1.217089267746000e-01 
 1.645518944390305e-07  1.217089256245843e-01 
 1.645718944390305e-07  1.217089244768650e-01 
 1.645918944390304e-07  1.217089233314376e-01 
 1.646118944390304e-07  1.217089221882975e-01 
 1.646318944390304e-07  1.217089210474400e-01 
 1.646518944390304e-07  1.217089199088607e-01 
 1.646718944390304e-07  1.217089187725549e-01 
 1.646918944390304e-07  1.217089176385183e-01 
 1.647118944390304e-07  1.217089165067461e-01 
 1.647318944390304e-07  1.217089153772339e-01 
 1.647518944390304e-07  1.217089142499772e-01 
 1.647718944390304e-07  1.217089131249715e-01 
 1.647918944390304e-07  1.217089120022122e-01 
 1.648118944390304e-07  1.217089108816949e-01 
 1.648318944390304e-07  1.217089097634152e-01 
 1.648518944390304e-07  1.217089086473685e-01 
 1.648718944390304e-07  1.217089075335504e-01 
 1.648918944390304e-07  1.217089064219564e-01 
 1.649118944390304e-07  1.217089053125822e-01 
 1.649318944390304e-07  1.217089042054232e-01 
 1.649518944390304e-07  1.217089031004751e-01 
 1.649718944390304e-07  1.217089019977334e-01 
 1.649918944390304e-07  1.217089008971937e-01 
 1.650118944390304e-07  1.217088997988516e-01 
 1.650318944390304e-07  1.217088987027028e-01 
 1.650518944390304e-07  1.217088976087429e-01 
 1.650718944390304e-07  1.217088965169674e-01 
 1.650918944390304e-07  1.217088954273721e-01 
 1.651118944390303e-07  1.217088943399526e-01 
 1.651318944390303e-07  1.217088932547044e-01 
 1.651518944390303e-07  1.217088921716233e-01 
 1.651718944390303e-07  1.217088910907050e-01 
 1.651918944390303e-07  1.217088900119452e-01 
 1.652118944390303e-07  1.217088889353395e-01 
 1.652318944390303e-07  1.217088878608836e-01 
 1.652518944390303e-07  1.217088867885733e-01 
 1.652718944390303e-07  1.217088857184042e-01 
 1.652918944390303e-07  1.217088846503721e-01 
 1.653118944390303e-07  1.217088835844728e-01 
 1.653318944390303e-07  1.217088825207018e-01 
 1.653518944390303e-07  1.217088814590551e-01 
 1.653718944390303e-07  1.217088803995284e-01 
 1.653918944390303e-07  1.217088793421173e-01 
 1.654118944390303e-07  1.217088782868178e-01 
 1.654318944390303e-07  1.217088772336256e-01 
 1.654518944390303e-07  1.217088761825365e-01 
 1.654718944390303e-07  1.217088751335463e-01 
 1.654918944390303e-07  1.217088740866507e-01 
 1.655118944390303e-07  1.217088730418457e-01 
 1.655318944390303e-07  1.217088719991269e-01 
 1.655518944390303e-07  1.217088709584903e-01 
 1.655718944390303e-07  1.217088699199317e-01 
 1.655918944390303e-07  1.217088688834470e-01 
 1.656118944390303e-07  1.217088678490320e-01 
 1.656318944390302e-07  1.217088668166826e-01 
 1.656518944390302e-07  1.217088657863946e-01 
 1.656718944390302e-07  1.217088647581640e-01 
 1.656918944390302e-07  1.217088637319866e-01 
 1.657118944390302e-07  1.217088627078584e-01 
 1.657318944390302e-07  1.217088616857752e-01 
 1.657518944390302e-07  1.217088606657330e-01 
 1.657718944390302e-07  1.217088596477276e-01 
 1.657918944390302e-07  1.217088586317551e-01 
 1.658118944390302e-07  1.217088576178113e-01 
 1.658318944390302e-07  1.217088566058922e-01 
 1.658518944390302e-07  1.217088555959938e-01 
 1.658718944390302e-07  1.217088545881120e-01 
 1.658918944390302e-07  1.217088535822429e-01 
 1.659118944390302e-07  1.217088525783823e-01 
 1.659318944390302e-07  1.217088515765263e-01 
 1.659518944390302e-07  1.217088505766709e-01 
 1.659718944390302e-07  1.217088495788120e-01 
 1.659918944390302e-07  1.217088485829457e-01 
 1.660118944390302e-07  1.217088475890680e-01 
 1.660318944390302e-07  1.217088465971749e-01 
 1.660518944390302e-07  1.217088456072625e-01 
 1.660718944390302e-07  1.217088446193269e-01 
 1.660918944390302e-07  1.217088436333640e-01 
 1.661118944390302e-07  1.217088426493700e-01 
 1.661318944390302e-07  1.217088416673409e-01 
 1.661518944390302e-07  1.217088406872727e-01 
 1.661718944390301e-07  1.217088397091616e-01 
 1.661918944390301e-07  1.217088387330036e-01 
 1.662118944390301e-07  1.217088377587950e-01 
 1.662318944390301e-07  1.217088367865316e-01 
 1.662518944390301e-07  1.217088358162098e-01 
 1.662718944390301e-07  1.217088348478255e-01 
 1.662918944390301e-07  1.217088338813750e-01 
 1.663118944390301e-07  1.217088329168544e-01 
 1.663318944390301e-07  1.217088319542598e-01 
 1.663518944390301e-07  1.217088309935873e-01 
 1.663718944390301e-07  1.217088300348331e-01 
 1.663918944390301e-07  1.217088290779934e-01 
 1.664118944390301e-07  1.217088281230645e-01 
 1.664318944390301e-07  1.217088271700424e-01 
 1.664518944390301e-07  1.217088262189233e-01 
 1.664718944390301e-07  1.217088252697035e-01 
 1.664918944390301e-07  1.217088243223792e-01 
 1.665118944390301e-07  1.217088233769466e-01 
 1.665318944390301e-07  1.217088224334018e-01 
 1.665518944390301e-07  1.217088214917412e-01 
 1.665718944390301e-07  1.217088205519610e-01 
 1.665918944390301e-07  1.217088196140574e-01 
 1.666118944390301e-07  1.217088186780266e-01 
 1.666318944390301e-07  1.217088177438649e-01 
 1.666518944390301e-07  1.217088168115687e-01 
 1.666718944390301e-07  1.217088158811341e-01 
 1.666918944390300e-07  1.217088149525574e-01 
 1.667118944390300e-07  1.217088140258351e-01 
 1.667318944390300e-07  1.217088131009632e-01 
 1.667518944390300e-07  1.217088121779382e-01 
 1.667718944390300e-07  1.217088112567563e-01 
 1.667918944390300e-07  1.217088103374138e-01 
 1.668118944390300e-07  1.217088094199072e-01 
 1.668318944390300e-07  1.217088085042328e-01 
 1.668518944390300e-07  1.217088075903868e-01 
 1.668718944390300e-07  1.217088066783657e-01 
 1.668918944390300e-07  1.217088057681657e-01 
 1.669118944390300e-07  1.217088048597832e-01 
 1.669318944390300e-07  1.217088039532147e-01 
 1.669518944390300e-07  1.217088030484565e-01 
 1.669718944390300e-07  1.217088021455050e-01 
 1.669918944390300e-07  1.217088012443565e-01 
 1.670118944390300e-07  1.217088003450075e-01 
 1.670318944390300e-07  1.217087994474543e-01 
 1.670518944390300e-07  1.217087985516935e-01 
 1.670718944390300e-07  1.217087976577214e-01 
 1.670918944390300e-07  1.217087967655344e-01 
 1.671118944390300e-07  1.217087958751290e-01 
 1.671318944390300e-07  1.217087949865017e-01 
 1.671518944390300e-07  1.217087940996487e-01 
 1.671718944390300e-07  1.217087932145667e-01 
 1.671918944390300e-07  1.217087923312521e-01 
 1.672118944390299e-07  1.217087914497014e-01 
 1.672318944390299e-07  1.217087905699109e-01 
 1.672518944390299e-07  1.217087896918773e-01 
 1.672718944390299e-07  1.217087888155971e-01 
 1.672918944390299e-07  1.217087879410666e-01 
 1.673118944390299e-07  1.217087870682825e-01 
 1.673318944390299e-07  1.217087861972412e-01 
 1.673518944390299e-07  1.217087853279392e-01 
 1.673718944390299e-07  1.217087844603730e-01 
 1.673918944390299e-07  1.217087835945393e-01 
 1.674118944390299e-07  1.217087827304346e-01 
 1.674318944390299e-07  1.217087818680554e-01 
 1.674518944390299e-07  1.217087810073982e-01 
 1.674718944390299e-07  1.217087801484596e-01 
 1.674918944390299e-07  1.217087792912362e-01 
 1.675118944390299e-07  1.217087784357245e-01 
 1.675318944390299e-07  1.217087775819212e-01 
 1.675518944390299e-07  1.217087767298229e-01 
 1.675718944390299e-07  1.217087758794261e-01 
 1.675918944390299e-07  1.217087750307273e-01 
 1.676118944390299e-07  1.217087741837233e-01 
 1.676318944390299e-07  1.217087733384107e-01 
 1.676518944390299e-07  1.217087724947861e-01 
 1.676718944390299e-07  1.217087716528461e-01 
 1.676918944390299e-07  1.217087708125873e-01 
 1.677118944390299e-07  1.217087699740063e-01 
 1.677318944390299e-07  1.217087691370999e-01 
 1.677518944390298e-07  1.217087683018647e-01 
 1.677718944390298e-07  1.217087674682973e-01 
 1.677918944390298e-07  1.217087666363945e-01 
 1.678118944390298e-07  1.217087658061528e-01 
 1.678318944390298e-07  1.217087649775691e-01 
 1.678518944390298e-07  1.217087641506399e-01 
 1.678718944390298e-07  1.217087633253619e-01 
 1.678918944390298e-07  1.217087625017319e-01 
 1.679118944390298e-07  1.217087616797466e-01 
 1.679318944390298e-07  1.217087608594027e-01 
 1.679518944390298e-07  1.217087600406969e-01 
 1.679718944390298e-07  1.217087592236260e-01 
 1.679918944390298e-07  1.217087584081866e-01 
 1.680118944390298e-07  1.217087575943756e-01 
 1.680318944390298e-07  1.217087567821896e-01 
 1.680518944390298e-07  1.217087559716255e-01 
 1.680718944390298e-07  1.217087551626799e-01 
 1.680918944390298e-07  1.217087543553497e-01 
 1.681118944390298e-07  1.217087535496316e-01 
 1.681318944390298e-07  1.217087527455224e-01 
 1.681518944390298e-07  1.217087519430189e-01 
 1.681718944390298e-07  1.217087511421179e-01 
 1.681918944390298e-07  1.217087503428162e-01 
 1.682118944390298e-07  1.217087495451106e-01 
 1.682318944390298e-07  1.217087487489979e-01 
 1.682518944390298e-07  1.217087479544749e-01 
 1.682718944390297e-07  1.217087471615385e-01 
 1.682918944390297e-07  1.217087463701855e-01 
 1.683118944390297e-07  1.217087455804127e-01 
 1.683318944390297e-07  1.217087447922170e-01 
 1.683518944390297e-07  1.217087440055952e-01 
 1.683718944390297e-07  1.217087432205441e-01 
 1.683918944390297e-07  1.217087424370607e-01 
 1.684118944390297e-07  1.217087416551419e-01 
 1.684318944390297e-07  1.217087408747843e-01 
 1.684518944390297e-07  1.217087400959851e-01 
 1.684718944390297e-07  1.217087393187410e-01 
 1.684918944390297e-07  1.217087385430489e-01 
 1.685118944390297e-07  1.217087377689058e-01 
 1.685318944390297e-07  1.217087369963086e-01 
 1.685518944390297e-07  1.217087362252541e-01 
 1.685718944390297e-07  1.217087354557393e-01 
 1.685918944390297e-07  1.217087346877612e-01 
 1.686118944390297e-07  1.217087339213165e-01 
 1.686318944390297e-07  1.217087331564024e-01 
 1.686518944390297e-07  1.217087323930157e-01 
 1.686718944390297e-07  1.217087316311534e-01 
 1.686918944390297e-07  1.217087308708124e-01 
 1.687118944390297e-07  1.217087301119897e-01 
 1.687318944390297e-07  1.217087293546823e-01 
 1.687518944390297e-07  1.217087285988871e-01 
 1.687718944390297e-07  1.217087278446012e-01 
 1.687918944390297e-07  1.217087270918214e-01 
 1.688118944390296e-07  1.217087263405448e-01 
 1.688318944390296e-07  1.217087255907685e-01 
 1.688518944390296e-07  1.217087248424893e-01 
 1.688718944390296e-07  1.217087240957044e-01 
 1.688918944390296e-07  1.217087233504107e-01 
 1.689118944390296e-07  1.217087226066052e-01 
 1.689318944390296e-07  1.217087218642850e-01 
 1.689518944390296e-07  1.217087211234472e-01 
 1.689718944390296e-07  1.217087203840887e-01 
 1.689918944390296e-07  1.217087196462065e-01 
 1.690118944390296e-07  1.217087189097978e-01 
 1.690318944390296e-07  1.217087181748596e-01 
 1.690518944390296e-07  1.217087174413890e-01 
 1.690718944390296e-07  1.217087167093830e-01 
 1.690918944390296e-07  1.217087159788388e-01 
 1.691118944390296e-07  1.217087152497533e-01 
 1.691318944390296e-07  1.217087145221237e-01 
 1.691518944390296e-07  1.217087137959471e-01 
 1.691718944390296e-07  1.217087130712207e-01 
 1.691918944390296e-07  1.217087123479413e-01 
 1.692118944390296e-07  1.217087116261063e-01 
 1.692318944390296e-07  1.217087109057127e-01 
 1.692518944390296e-07  1.217087101867575e-01 
 1.692718944390296e-07  1.217087094692381e-01 
 1.692918944390296e-07  1.217087087531514e-01 
 1.693118944390296e-07  1.217087080384946e-01 
 1.693318944390295e-07  1.217087073252649e-01 
 1.693518944390295e-07  1.217087066134595e-01 
 1.693718944390295e-07  1.217087059030754e-01 
 1.693918944390295e-07  1.217087051941099e-01 
 1.694118944390295e-07  1.217087044865600e-01 
 1.694318944390295e-07  1.217087037804231e-01 
 1.694518944390295e-07  1.217087030756962e-01 
 1.694718944390295e-07  1.217087023723766e-01 
 1.694918944390295e-07  1.217087016704614e-01 
 1.695118944390295e-07  1.217087009699478e-01 
 1.695318944390295e-07  1.217087002708330e-01 
 1.695518944390295e-07  1.217086995731143e-01 
 1.695718944390295e-07  1.217086988767888e-01 
 1.695918944390295e-07  1.217086981818538e-01 
 1.696118944390295e-07  1.217086974883065e-01 
 1.696318944390295e-07  1.217086967961441e-01 
 1.696518944390295e-07  1.217086961053639e-01 
 1.696718944390295e-07  1.217086954159630e-01 
 1.696918944390295e-07  1.217086947279388e-01 
 1.697118944390295e-07  1.217086940412885e-01 
 1.697318944390295e-07  1.217086933560093e-01 
 1.697518944390295e-07  1.217086926720985e-01 
 1.697718944390295e-07  1.217086919895534e-01 
 1.697918944390295e-07  1.217086913083713e-01 
 1.698118944390295e-07  1.217086906285493e-01 
 1.698318944390295e-07  1.217086899500850e-01 
 1.698518944390294e-07  1.217086892729754e-01 
 1.698718944390294e-07  1.217086885972179e-01 
 1.698918944390294e-07  1.217086879228097e-01 
 1.699118944390294e-07  1.217086872497483e-01 
 1.699318944390294e-07  1.217086865780309e-01 
 1.699518944390294e-07  1.217086859076548e-01 
 1.699718944390294e-07  1.217086852386174e-01 
 1.699918944390294e-07  1.217086845709160e-01 
 1.700118944390294e-07  1.217086839045479e-01 
 1.700318944390294e-07  1.217086832395104e-01 
 1.700518944390294e-07  1.217086825758009e-01 
 1.700718944390294e-07  1.217086819134167e-01 
 1.700918944390294e-07  1.217086812523553e-01 
 1.701118944390294e-07  1.217086805926138e-01 
 1.701318944390294e-07  1.217086799341898e-01 
 1.701518944390294e-07  1.217086792770806e-01 
 1.701718944390294e-07  1.217086786212835e-01 
 1.701918944390294e-07  1.217086779667960e-01 
 1.702118944390294e-07  1.217086773136154e-01 
 1.702318944390294e-07  1.217086766617391e-01 
 1.702518944390294e-07  1.217086760111645e-01 
 1.702718944390294e-07  1.217086753618890e-01 
 1.702918944390294e-07  1.217086747139100e-01 
 1.703118944390294e-07  1.217086740672249e-01 
 1.703318944390294e-07  1.217086734218312e-01 
 1.703518944390294e-07  1.217086727777263e-01 
 1.703718944390294e-07  1.217086721349075e-01 
 1.703918944390293e-07  1.217086714933724e-01 
 1.704118944390293e-07  1.217086708531183e-01 
 1.704318944390293e-07  1.217086702141428e-01 
 1.704518944390293e-07  1.217086695764431e-01 
 1.704718944390293e-07  1.217086689400168e-01 
 1.704918944390293e-07  1.217086683048615e-01 
 1.705118944390293e-07  1.217086676709744e-01 
 1.705318944390293e-07  1.217086670383532e-01 
 1.705518944390293e-07  1.217086664069951e-01 
 1.705718944390293e-07  1.217086657768979e-01 
 1.705918944390293e-07  1.217086651480588e-01 
 1.706118944390293e-07  1.217086645204754e-01 
 1.706318944390293e-07  1.217086638941453e-01 
 1.706518944390293e-07  1.217086632690658e-01 
 1.706718944390293e-07  1.217086626452345e-01 
 1.706918944390293e-07  1.217086620226490e-01 
 1.707118944390293e-07  1.217086614013066e-01 
 1.707318944390293e-07  1.217086607812050e-01 
 1.707518944390293e-07  1.217086601623416e-01 
 1.707718944390293e-07  1.217086595447140e-01 
 1.707918944390293e-07  1.217086589283198e-01 
 1.708118944390293e-07  1.217086583131564e-01 
 1.708318944390293e-07  1.217086576992215e-01 
 1.708518944390293e-07  1.217086570865124e-01 
 1.708718944390293e-07  1.217086564750269e-01 
 1.708918944390293e-07  1.217086558647624e-01 
 1.709118944390292e-07  1.217086552557165e-01 
 1.709318944390292e-07  1.217086546478868e-01 
 1.709518944390292e-07  1.217086540412709e-01 
 1.709718944390292e-07  1.217086534358663e-01 
 1.709918944390292e-07  1.217086528316706e-01 
 1.710118944390292e-07  1.217086522286813e-01 
 1.710318944390292e-07  1.217086516268962e-01 
 1.710518944390292e-07  1.217086510263127e-01 
 1.710718944390292e-07  1.217086504269285e-01 
 1.710918944390292e-07  1.217086498287413e-01 
 1.711118944390292e-07  1.217086492317485e-01 
 1.711318944390292e-07  1.217086486359479e-01 
 1.711518944390292e-07  1.217086480413370e-01 
 1.711718944390292e-07  1.217086474479134e-01 
 1.711918944390292e-07  1.217086468556748e-01 
 1.712118944390292e-07  1.217086462646189e-01 
 1.712318944390292e-07  1.217086456747432e-01 
 1.712518944390292e-07  1.217086450860453e-01 
 1.712718944390292e-07  1.217086444985231e-01 
 1.712918944390292e-07  1.217086439121740e-01 
 1.713118944390292e-07  1.217086433269958e-01 
 1.713318944390292e-07  1.217086427429861e-01 
 1.713518944390292e-07  1.217086421601426e-01 
 1.713718944390292e-07  1.217086415784629e-01 
 1.713918944390292e-07  1.217086409979448e-01 
 1.714118944390292e-07  1.217086404185859e-01 
 1.714318944390291e-07  1.217086398403839e-01 
 1.714518944390291e-07  1.217086392633365e-01 
 1.714718944390291e-07  1.217086386874414e-01 
 1.714918944390291e-07  1.217086381126963e-01 
 1.715118944390291e-07  1.217086375390988e-01 
 1.715318944390291e-07  1.217086369666468e-01 
 1.715518944390291e-07  1.217086363953379e-01 
 1.715718944390291e-07  1.217086358251697e-01 
 1.715918944390291e-07  1.217086352561402e-01 
 1.716118944390291e-07  1.217086346882468e-01 
 1.716318944390291e-07  1.217086341214876e-01 
 1.716518944390291e-07  1.217086335558600e-01 
 1.716718944390291e-07  1.217086329913619e-01 
 1.716918944390291e-07  1.217086324279911e-01 
 1.717118944390291e-07  1.217086318657452e-01 
 1.717318944390291e-07  1.217086313046220e-01 
 1.717518944390291e-07  1.217086307446194e-01 
 1.717718944390291e-07  1.217086301857350e-01 
 1.717918944390291e-07  1.217086296279666e-01 
 1.718118944390291e-07  1.217086290713120e-01 
 1.718318944390291e-07  1.217086285157690e-01 
 1.718518944390291e-07  1.217086279613353e-01 
 1.718718944390291e-07  1.217086274080087e-01 
 1.718918944390291e-07  1.217086268557871e-01 
 1.719118944390291e-07  1.217086263046681e-01 
 1.719318944390291e-07  1.217086257546497e-01 
 1.719518944390291e-07  1.217086252057296e-01 
 1.719718944390290e-07  1.217086246579056e-01 
 1.719918944390290e-07  1.217086241111755e-01 
 1.720118944390290e-07  1.217086235655371e-01 
 1.720318944390290e-07  1.217086230209884e-01 
 1.720518944390290e-07  1.217086224775270e-01 
 1.720718944390290e-07  1.217086219351508e-01 
 1.720918944390290e-07  1.217086213938577e-01 
 1.721118944390290e-07  1.217086208536455e-01 
 1.721318944390290e-07  1.217086203145120e-01 
 1.721518944390290e-07  1.217086197764552e-01 
 1.721718944390290e-07  1.217086192394727e-01 
 1.721918944390290e-07  1.217086187035625e-01 
 1.722118944390290e-07  1.217086181687224e-01 
 1.722318944390290e-07  1.217086176349504e-01 
 1.722518944390290e-07  1.217086171022442e-01 
 1.722718944390290e-07  1.217086165706018e-01 
 1.722918944390290e-07  1.217086160400210e-01 
 1.723118944390290e-07  1.217086155104996e-01 
 1.723318944390290e-07  1.217086149820357e-01 
 1.723518944390290e-07  1.217086144546270e-01 
 1.723718944390290e-07  1.217086139282715e-01 
 1.723918944390290e-07  1.217086134029670e-01 
 1.724118944390290e-07  1.217086128787115e-01 
 1.724318944390290e-07  1.217086123555029e-01 
 1.724518944390290e-07  1.217086118333391e-01 
 1.724718944390290e-07  1.217086113122179e-01 
 1.724918944390289e-07  1.217086107921373e-01 
 1.725118944390289e-07  1.217086102730953e-01 
 1.725318944390289e-07  1.217086097550898e-01 
 1.725518944390289e-07  1.217086092381186e-01 
 1.725718944390289e-07  1.217086087221797e-01 
 1.725918944390289e-07  1.217086082072711e-01 
 1.726118944390289e-07  1.217086076933907e-01 
 1.726318944390289e-07  1.217086071805364e-01 
 1.726518944390289e-07  1.217086066687063e-01 
 1.726718944390289e-07  1.217086061578982e-01 
 1.726918944390289e-07  1.217086056481101e-01 
 1.727118944390289e-07  1.217086051393400e-01 
 1.727318944390289e-07  1.217086046315859e-01 
 1.727518944390289e-07  1.217086041248456e-01 
 1.727718944390289e-07  1.217086036191172e-01 
 1.727918944390289e-07  1.217086031143987e-01 
 1.728118944390289e-07  1.217086026106881e-01 
 1.728318944390289e-07  1.217086021079833e-01 
 1.728518944390289e-07  1.217086016062823e-01 
 1.728718944390289e-07  1.217086011055832e-01 
 1.728918944390289e-07  1.217086006058839e-01 
 1.729118944390289e-07  1.217086001071824e-01 
 1.729318944390289e-07  1.217085996094768e-01 
 1.729518944390289e-07  1.217085991127650e-01 
 1.729718944390289e-07  1.217085986170451e-01 
 1.729918944390289e-07  1.217085981223151e-01 
 1.730118944390289e-07  1.217085976285729e-01 
 1.730318944390288e-07  1.217085971358167e-01 
 1.730518944390288e-07  1.217085966440445e-01 
 1.730718944390288e-07  1.217085961532543e-01 
 1.730918944390288e-07  1.217085956634441e-01 
 1.731118944390288e-07  1.217085951746120e-01 
 1.731318944390288e-07  1.217085946867561e-01 
 1.731518944390288e-07  1.217085941998743e-01 
 1.731718944390288e-07  1.217085937139648e-01 
 1.731918944390288e-07  1.217085932290255e-01 
 1.732118944390288e-07  1.217085927450546e-01 
 1.732318944390288e-07  1.217085922620501e-01 
 1.732518944390288e-07  1.217085917800101e-01 
 1.732718944390288e-07  1.217085912989327e-01 
 1.732918944390288e-07  1.217085908188160e-01 
 1.733118944390288e-07  1.217085903396580e-01 
 1.733318944390288e-07  1.217085898614567e-01 
 1.733518944390288e-07  1.217085893842104e-01 
 1.733718944390288e-07  1.217085889079171e-01 
 1.733918944390288e-07  1.217085884325748e-01 
 1.734118944390288e-07  1.217085879581817e-01 
 1.734318944390288e-07  1.217085874847360e-01 
 1.734518944390288e-07  1.217085870122357e-01 
 1.734718944390288e-07  1.217085865406789e-01 
 1.734918944390288e-07  1.217085860700637e-01 
 1.735118944390288e-07  1.217085856003883e-01 
 1.735318944390288e-07  1.217085851316507e-01 
 1.735518944390287e-07  1.217085846638492e-01 
 1.735718944390287e-07  1.217085841969818e-01 
 1.735918944390287e-07  1.217085837310466e-01 
 1.736118944390287e-07  1.217085832660419e-01 
 1.736318944390287e-07  1.217085828019657e-01 
 1.736518944390287e-07  1.217085823388162e-01 
 1.736718944390287e-07  1.217085818765916e-01 
 1.736918944390287e-07  1.217085814152899e-01 
 1.737118944390287e-07  1.217085809549094e-01 
 1.737318944390287e-07  1.217085804954482e-01 
 1.737518944390287e-07  1.217085800369046e-01 
 1.737718944390287e-07  1.217085795792765e-01 
 1.737918944390287e-07  1.217085791225622e-01 
 1.738118944390287e-07  1.217085786667600e-01 
 1.738318944390287e-07  1.217085782118680e-01 
 1.738518944390287e-07  1.217085777578843e-01 
 1.738718944390287e-07  1.217085773048072e-01 
 1.738918944390287e-07  1.217085768526347e-01 
 1.739118944390287e-07  1.217085764013652e-01 
 1.739318944390287e-07  1.217085759509969e-01 
 1.739518944390287e-07  1.217085755015279e-01 
 1.739718944390287e-07  1.217085750529564e-01 
 1.739918944390287e-07  1.217085746052806e-01 
 1.740118944390287e-07  1.217085741584987e-01 
 1.740318944390287e-07  1.217085737126090e-01 
 1.740518944390287e-07  1.217085732676098e-01 
 1.740718944390286e-07  1.217085728234991e-01 
 1.740918944390286e-07  1.217085723802753e-01 
 1.741118944390286e-07  1.217085719379365e-01 
 1.741318944390286e-07  1.217085714964809e-01 
 1.741518944390286e-07  1.217085710559069e-01 
 1.741718944390286e-07  1.217085706162127e-01 
 1.741918944390286e-07  1.217085701773965e-01 
 1.742118944390286e-07  1.217085697394565e-01 
 1.742318944390286e-07  1.217085693023911e-01 
 1.742518944390286e-07  1.217085688661984e-01 
 1.742718944390286e-07  1.217085684308767e-01 
 1.742918944390286e-07  1.217085679964243e-01 
 1.743118944390286e-07  1.217085675628395e-01 
 1.743318944390286e-07  1.217085671301204e-01 
 1.743518944390286e-07  1.217085666982654e-01 
 1.743718944390286e-07  1.217085662672728e-01 
 1.743918944390286e-07  1.217085658371409e-01 
 1.744118944390286e-07  1.217085654078678e-01 
 1.744318944390286e-07  1.217085649794520e-01 
 1.744518944390286e-07  1.217085645518916e-01 
 1.744718944390286e-07  1.217085641251850e-01 
 1.744918944390286e-07  1.217085636993305e-01 
 1.745118944390286e-07  1.217085632743264e-01 
 1.745318944390286e-07  1.217085628501709e-01 
 1.745518944390286e-07  1.217085624268624e-01 
 1.745718944390286e-07  1.217085620043992e-01 
 1.745918944390286e-07  1.217085615827796e-01 
 1.746118944390285e-07  1.217085611620019e-01 
 1.746318944390285e-07  1.217085607420645e-01 
 1.746518944390285e-07  1.217085603229656e-01 
 1.746718944390285e-07  1.217085599047036e-01 
 1.746918944390285e-07  1.217085594872769e-01 
 1.747118944390285e-07  1.217085590706836e-01 
 1.747318944390285e-07  1.217085586549223e-01 
 1.747518944390285e-07  1.217085582399911e-01 
 1.747718944390285e-07  1.217085578258886e-01 
 1.747918944390285e-07  1.217085574126129e-01 
 1.748118944390285e-07  1.217085570001624e-01 
 1.748318944390285e-07  1.217085565885356e-01 
 1.748518944390285e-07  1.217085561777307e-01 
 1.748718944390285e-07  1.217085557677462e-01 
 1.748918944390285e-07  1.217085553585804e-01 
 1.749118944390285e-07  1.217085549502316e-01 
 1.749318944390285e-07  1.217085545426982e-01 
 1.749518944390285e-07  1.217085541359786e-01 
 1.749718944390285e-07  1.217085537300712e-01 
 1.749918944390285e-07  1.217085533249743e-01 
 1.750118944390285e-07  1.217085529206863e-01 
 1.750318944390285e-07  1.217085525172056e-01 
 1.750518944390285e-07  1.217085521145306e-01 
 1.750718944390285e-07  1.217085517126596e-01 
 1.750918944390285e-07  1.217085513115912e-01 
 1.751118944390285e-07  1.217085509113236e-01 
 1.751318944390284e-07  1.217085505118554e-01 
 1.751518944390284e-07  1.217085501131848e-01 
 1.751718944390284e-07  1.217085497153103e-01 
 1.751918944390284e-07  1.217085493182303e-01 
 1.752118944390284e-07  1.217085489219432e-01 
 1.752318944390284e-07  1.217085485264475e-01 
 1.752518944390284e-07  1.217085481317415e-01 
 1.752718944390284e-07  1.217085477378237e-01 
 1.752918944390284e-07  1.217085473446925e-01 
 1.753118944390284e-07  1.217085469523463e-01 
 1.753318944390284e-07  1.217085465607836e-01 
 1.753518944390284e-07  1.217085461700028e-01 
 1.753718944390284e-07  1.217085457800023e-01 
 1.753918944390284e-07  1.217085453907806e-01 
 1.754118944390284e-07  1.217085450023361e-01 
 1.754318944390284e-07  1.217085446146672e-01 
 1.754518944390284e-07  1.217085442277725e-01 
 1.754718944390284e-07  1.217085438416504e-01 
 1.754918944390284e-07  1.217085434562994e-01 
 1.755118944390284e-07  1.217085430717178e-01 
 1.755318944390284e-07  1.217085426879042e-01 
 1.755518944390284e-07  1.217085423048570e-01 
 1.755718944390284e-07  1.217085419225746e-01 
 1.755918944390284e-07  1.217085415410557e-01 
 1.756118944390284e-07  1.217085411602985e-01 
 1.756318944390284e-07  1.217085407803017e-01 
 1.756518944390283e-07  1.217085404010637e-01 
 1.756718944390283e-07  1.217085400225830e-01 
 1.756918944390283e-07  1.217085396448581e-01 
 1.757118944390283e-07  1.217085392678874e-01 
 1.757318944390283e-07  1.217085388916695e-01 
 1.757518944390283e-07  1.217085385162029e-01 
 1.757718944390283e-07  1.217085381414860e-01 
 1.757918944390283e-07  1.217085377675174e-01 
 1.758118944390283e-07  1.217085373942955e-01 
 1.758318944390283e-07  1.217085370218188e-01 
 1.758518944390283e-07  1.217085366500860e-01 
 1.758718944390283e-07  1.217085362790954e-01 
 1.758918944390283e-07  1.217085359088457e-01 
 1.759118944390283e-07  1.217085355393354e-01 
 1.759318944390283e-07  1.217085351705629e-01 
 1.759518944390283e-07  1.217085348025267e-01 
 1.759718944390283e-07  1.217085344352255e-01 
 1.759918944390283e-07  1.217085340686577e-01 
 1.760118944390283e-07  1.217085337028219e-01 
 1.760318944390283e-07  1.217085333377167e-01 
 1.760518944390283e-07  1.217085329733405e-01 
 1.760718944390283e-07  1.217085326096919e-01 
 1.760918944390283e-07  1.217085322467695e-01 
 1.761118944390283e-07  1.217085318845718e-01 
 1.761318944390283e-07  1.217085315230974e-01 
 1.761518944390283e-07  1.217085311623448e-01 
 1.761718944390283e-07  1.217085308023126e-01 
 1.761918944390282e-07  1.217085304429992e-01 
 1.762118944390282e-07  1.217085300844034e-01 
 1.762318944390282e-07  1.217085297265236e-01 
 1.762518944390282e-07  1.217085293693585e-01 
 1.762718944390282e-07  1.217085290129066e-01 
 1.762918944390282e-07  1.217085286571665e-01 
 1.763118944390282e-07  1.217085283021367e-01 
 1.763318944390282e-07  1.217085279478158e-01 
 1.763518944390282e-07  1.217085275942026e-01 
 1.763718944390282e-07  1.217085272412954e-01 
 1.763918944390282e-07  1.217085268890929e-01 
 1.764118944390282e-07  1.217085265375937e-01 
 1.764318944390282e-07  1.217085261867965e-01 
 1.764518944390282e-07  1.217085258366997e-01 
 1.764718944390282e-07  1.217085254873021e-01 
 1.764918944390282e-07  1.217085251386021e-01 
 1.765118944390282e-07  1.217085247905984e-01 
 1.765318944390282e-07  1.217085244432897e-01 
 1.765518944390282e-07  1.217085240966744e-01 
 1.765718944390282e-07  1.217085237507514e-01 
 1.765918944390282e-07  1.217085234055191e-01 
 1.766118944390282e-07  1.217085230609762e-01 
 1.766318944390282e-07  1.217085227171212e-01 
 1.766518944390282e-07  1.217085223739529e-01 
 1.766718944390282e-07  1.217085220314699e-01 
 1.766918944390282e-07  1.217085216896707e-01 
 1.767118944390281e-07  1.217085213485541e-01 
 1.767318944390281e-07  1.217085210081187e-01 
 1.767518944390281e-07  1.217085206683630e-01 
 1.767718944390281e-07  1.217085203292858e-01 
 1.767918944390281e-07  1.217085199908857e-01 
 1.768118944390281e-07  1.217085196531613e-01 
 1.768318944390281e-07  1.217085193161114e-01 
 1.768518944390281e-07  1.217085189797344e-01 
 1.768718944390281e-07  1.217085186440291e-01 
 1.768918944390281e-07  1.217085183089942e-01 
 1.769118944390281e-07  1.217085179746284e-01 
 1.769318944390281e-07  1.217085176409302e-01 
 1.769518944390281e-07  1.217085173078984e-01 
 1.769718944390281e-07  1.217085169755316e-01 
 1.769918944390281e-07  1.217085166438285e-01 
 1.770118944390281e-07  1.217085163127877e-01 
 1.770318944390281e-07  1.217085159824079e-01 
 1.770518944390281e-07  1.217085156526880e-01 
 1.770718944390281e-07  1.217085153236264e-01 
 1.770918944390281e-07  1.217085149952219e-01 
 1.771118944390281e-07  1.217085146674732e-01 
 1.771318944390281e-07  1.217085143403789e-01 
 1.771518944390281e-07  1.217085140139378e-01 
 1.771718944390281e-07  1.217085136881485e-01 
 1.771918944390281e-07  1.217085133630099e-01 
 1.772118944390281e-07  1.217085130385205e-01 
 1.772318944390281e-07  1.217085127146790e-01 
 1.772518944390280e-07  1.217085123914842e-01 
 1.772718944390280e-07  1.217085120689348e-01 
 1.772918944390280e-07  1.217085117470295e-01 
 1.773118944390280e-07  1.217085114257670e-01 
 1.773318944390280e-07  1.217085111051460e-01 
 1.773518944390280e-07  1.217085107851652e-01 
 1.773718944390280e-07  1.217085104658233e-01 
 1.773918944390280e-07  1.217085101471192e-01 
 1.774118944390280e-07  1.217085098290514e-01 
 1.774318944390280e-07  1.217085095116188e-01 
 1.774518944390280e-07  1.217085091948201e-01 
 1.774718944390280e-07  1.217085088786540e-01 
 1.774918944390280e-07  1.217085085631192e-01 
 1.775118944390280e-07  1.217085082482145e-01 
 1.775318944390280e-07  1.217085079339386e-01 
 1.775518944390280e-07  1.217085076202903e-01 
 1.775718944390280e-07  1.217085073072683e-01 
 1.775918944390280e-07  1.217085069948714e-01 
 1.776118944390280e-07  1.217085066830982e-01 
 1.776318944390280e-07  1.217085063719477e-01 
 1.776518944390280e-07  1.217085060614185e-01 
 1.776718944390280e-07  1.217085057515093e-01 
 1.776918944390280e-07  1.217085054422190e-01 
 1.777118944390280e-07  1.217085051335463e-01 
 1.777318944390280e-07  1.217085048254900e-01 
 1.777518944390280e-07  1.217085045180489e-01 
 1.777718944390279e-07  1.217085042112216e-01 
 1.777918944390279e-07  1.217085039050071e-01 
 1.778118944390279e-07  1.217085035994040e-01 
 1.778318944390279e-07  1.217085032944111e-01 
 1.778518944390279e-07  1.217085029900273e-01 
 1.778718944390279e-07  1.217085026862513e-01 
 1.778918944390279e-07  1.217085023830819e-01 
 1.779118944390279e-07  1.217085020805179e-01 
 1.779318944390279e-07  1.217085017785580e-01 
 1.779518944390279e-07  1.217085014772011e-01 
 1.779718944390279e-07  1.217085011764460e-01 
 1.779918944390279e-07  1.217085008762915e-01 
 1.780118944390279e-07  1.217085005767363e-01 
 1.780318944390279e-07  1.217085002777793e-01 
 1.780518944390279e-07  1.217084999794193e-01 
 1.780718944390279e-07  1.217084996816551e-01 
 1.780918944390279e-07  1.217084993844855e-01 
 1.781118944390279e-07  1.217084990879093e-01 
 1.781318944390279e-07  1.217084987919253e-01 
 1.781518944390279e-07  1.217084984965323e-01 
 1.781718944390279e-07  1.217084982017292e-01 
 1.781918944390279e-07  1.217084979075147e-01 
 1.782118944390279e-07  1.217084976138878e-01 
 1.782318944390279e-07  1.217084973208472e-01 
 1.782518944390279e-07  1.217084970283918e-01 
 1.782718944390279e-07  1.217084967365204e-01 
 1.782918944390278e-07  1.217084964452318e-01 
 1.783118944390278e-07  1.217084961545248e-01 
 1.783318944390278e-07  1.217084958643983e-01 
 1.783518944390278e-07  1.217084955748512e-01 
 1.783718944390278e-07  1.217084952858823e-01 
 1.783918944390278e-07  1.217084949974905e-01 
 1.784118944390278e-07  1.217084947096745e-01 
 1.784318944390278e-07  1.217084944224333e-01 
 1.784518944390278e-07  1.217084941357656e-01 
 1.784718944390278e-07  1.217084938496703e-01 
 1.784918944390278e-07  1.217084935641464e-01 
 1.785118944390278e-07  1.217084932791926e-01 
 1.785318944390278e-07  1.217084929948078e-01 
 1.785518944390278e-07  1.217084927109909e-01 
 1.785718944390278e-07  1.217084924277407e-01 
 1.785918944390278e-07  1.217084921450562e-01 
 1.786118944390278e-07  1.217084918629361e-01 
 1.786318944390278e-07  1.217084915813794e-01 
 1.786518944390278e-07  1.217084913003849e-01 
 1.786718944390278e-07  1.217084910199515e-01 
 1.786918944390278e-07  1.217084907400781e-01 
 1.787118944390278e-07  1.217084904607636e-01 
 1.787318944390278e-07  1.217084901820068e-01 
 1.787518944390278e-07  1.217084899038067e-01 
 1.787718944390278e-07  1.217084896261621e-01 
 1.787918944390278e-07  1.217084893490719e-01 
 1.788118944390278e-07  1.217084890725351e-01 
 1.788318944390277e-07  1.217084887965504e-01 
 1.788518944390277e-07  1.217084885211169e-01 
 1.788718944390277e-07  1.217084882462333e-01 
 1.788918944390277e-07  1.217084879718986e-01 
 1.789118944390277e-07  1.217084876981118e-01 
 1.789318944390277e-07  1.217084874248717e-01 
 1.789518944390277e-07  1.217084871521771e-01 
 1.789718944390277e-07  1.217084868800272e-01 
 1.789918944390277e-07  1.217084866084206e-01 
 1.790118944390277e-07  1.217084863373565e-01 
 1.790318944390277e-07  1.217084860668335e-01 
 1.790518944390277e-07  1.217084857968508e-01 
 1.790718944390277e-07  1.217084855274072e-01 
 1.790918944390277e-07  1.217084852585017e-01 
 1.791118944390277e-07  1.217084849901331e-01 
 1.791318944390277e-07  1.217084847223004e-01 
 1.791518944390277e-07  1.217084844550025e-01 
 1.791718944390277e-07  1.217084841882384e-01 
 1.791918944390277e-07  1.217084839220070e-01 
 1.792118944390277e-07  1.217084836563072e-01 
 1.792318944390277e-07  1.217084833911380e-01 
 1.792518944390277e-07  1.217084831264983e-01 
 1.792718944390277e-07  1.217084828623871e-01 
 1.792918944390277e-07  1.217084825988032e-01 
 1.793118944390277e-07  1.217084823357456e-01 
 1.793318944390277e-07  1.217084820732134e-01 
 1.793518944390276e-07  1.217084818112055e-01 
 1.793718944390276e-07  1.217084815497207e-01 
 1.793918944390276e-07  1.217084812887580e-01 
 1.794118944390276e-07  1.217084810283165e-01 
 1.794318944390276e-07  1.217084807683950e-01 
 1.794518944390276e-07  1.217084805089925e-01 
 1.794718944390276e-07  1.217084802501080e-01 
 1.794918944390276e-07  1.217084799917405e-01 
 1.795118944390276e-07  1.217084797338889e-01 
 1.795318944390276e-07  1.217084794765523e-01 
 1.795518944390276e-07  1.217084792197295e-01 
 1.795718944390276e-07  1.217084789634195e-01 
 1.795918944390276e-07  1.217084787076214e-01 
 1.796118944390276e-07  1.217084784523340e-01 
 1.796318944390276e-07  1.217084781975564e-01 
 1.796518944390276e-07  1.217084779432876e-01 
 1.796718944390276e-07  1.217084776895266e-01 
 1.796918944390276e-07  1.217084774362722e-01 
 1.797118944390276e-07  1.217084771835235e-01 
 1.797318944390276e-07  1.217084769312795e-01 
 1.797518944390276e-07  1.217084766795393e-01 
 1.797718944390276e-07  1.217084764283017e-01 
 1.797918944390276e-07  1.217084761775659e-01 
 1.798118944390276e-07  1.217084759273307e-01 
 1.798318944390276e-07  1.217084756775952e-01 
 1.798518944390276e-07  1.217084754283584e-01 
 1.798718944390275e-07  1.217084751796192e-01 
 1.798918944390275e-07  1.217084749313768e-01 
 1.799118944390275e-07  1.217084746836301e-01 
 1.799318944390275e-07  1.217084744363781e-01 
 1.799518944390275e-07  1.217084741896198e-01 
 1.799718944390275e-07  1.217084739433543e-01 
 1.799918944390275e-07  1.217084736975805e-01 
 1.800118944390275e-07  1.217084734522975e-01 
 1.800318944390275e-07  1.217084732075042e-01 
 1.800518944390275e-07  1.217084729631999e-01 
 1.800718944390275e-07  1.217084727193833e-01 
 1.800918944390275e-07  1.217084724760536e-01 
 1.801118944390275e-07  1.217084722332098e-01 
 1.801318944390275e-07  1.217084719908510e-01 
 1.801518944390275e-07  1.217084717489761e-01 
 1.801718944390275e-07  1.217084715075842e-01 
 1.801918944390275e-07  1.217084712666743e-01 
 1.802118944390275e-07  1.217084710262455e-01 
 1.802318944390275e-07  1.217084707862968e-01 
 1.802518944390275e-07  1.217084705468272e-01 
 1.802718944390275e-07  1.217084703078358e-01 
 1.802918944390275e-07  1.217084700693217e-01 
 1.803118944390275e-07  1.217084698312838e-01 
 1.803318944390275e-07  1.217084695937213e-01 
 1.803518944390275e-07  1.217084693566331e-01 
 1.803718944390275e-07  1.217084691200184e-01 
 1.803918944390275e-07  1.217084688838762e-01 
 1.804118944390274e-07  1.217084686482055e-01 
 1.804318944390274e-07  1.217084684130054e-01 
 1.804518944390274e-07  1.217084681782750e-01 
 1.804718944390274e-07  1.217084679440133e-01 
 1.804918944390274e-07  1.217084677102194e-01 
 1.805118944390274e-07  1.217084674768924e-01 
 1.805318944390274e-07  1.217084672440313e-01 
 1.805518944390274e-07  1.217084670116351e-01 
 1.805718944390274e-07  1.217084667797030e-01 
 1.805918944390274e-07  1.217084665482341e-01 
 1.806118944390274e-07  1.217084663172273e-01 
 1.806318944390274e-07  1.217084660866819e-01 
 1.806518944390274e-07  1.217084658565968e-01 
 1.806718944390274e-07  1.217084656269712e-01 
 1.806918944390274e-07  1.217084653978041e-01 
 1.807118944390274e-07  1.217084651690947e-01 
 1.807318944390274e-07  1.217084649408419e-01 
 1.807518944390274e-07  1.217084647130450e-01 
 1.807718944390274e-07  1.217084644857028e-01 
 1.807918944390274e-07  1.217084642588147e-01 
 1.808118944390274e-07  1.217084640323796e-01 
 1.808318944390274e-07  1.217084638063967e-01 
 1.808518944390274e-07  1.217084635808651e-01 
 1.808718944390274e-07  1.217084633557838e-01 
 1.808918944390274e-07  1.217084631311519e-01 
 1.809118944390274e-07  1.217084629069686e-01 
 1.809318944390273e-07  1.217084626832330e-01 
 1.809518944390273e-07  1.217084624599441e-01 
 1.809718944390273e-07  1.217084622371011e-01 
 1.809918944390273e-07  1.217084620147031e-01 
 1.810118944390273e-07  1.217084617927492e-01 
 1.810318944390273e-07  1.217084615712385e-01 
 1.810518944390273e-07  1.217084613501702e-01 
 1.810718944390273e-07  1.217084611295433e-01 
 1.810918944390273e-07  1.217084609093569e-01 
 1.811118944390273e-07  1.217084606896102e-01 
 1.811318944390273e-07  1.217084604703023e-01 
 1.811518944390273e-07  1.217084602514324e-01 
 1.811718944390273e-07  1.217084600329995e-01 
 1.811918944390273e-07  1.217084598150028e-01 
 1.812118944390273e-07  1.217084595974414e-01 
 1.812318944390273e-07  1.217084593803145e-01 
 1.812518944390273e-07  1.217084591636211e-01 
 1.812718944390273e-07  1.217084589473604e-01 
 1.812918944390273e-07  1.217084587315316e-01 
 1.813118944390273e-07  1.217084585161338e-01 
 1.813318944390273e-07  1.217084583011661e-01 
 1.813518944390273e-07  1.217084580866276e-01 
 1.813718944390273e-07  1.217084578725176e-01 
 1.813918944390273e-07  1.217084576588350e-01 
 1.814118944390273e-07  1.217084574455793e-01 
 1.814318944390273e-07  1.217084572327493e-01 
 1.814518944390273e-07  1.217084570203443e-01 
 1.814718944390272e-07  1.217084568083635e-01 
 1.814918944390272e-07  1.217084565968059e-01 
 1.815118944390272e-07  1.217084563856708e-01 
 1.815318944390272e-07  1.217084561749574e-01 
 1.815518944390272e-07  1.217084559646647e-01 
 1.815718944390272e-07  1.217084557547919e-01 
 1.815918944390272e-07  1.217084555453382e-01 
 1.816118944390272e-07  1.217084553363027e-01 
 1.816318944390272e-07  1.217084551276847e-01 
 1.816518944390272e-07  1.217084549194832e-01 
 1.816718944390272e-07  1.217084547116975e-01 
 1.816918944390272e-07  1.217084545043267e-01 
 1.817118944390272e-07  1.217084542973700e-01 
 1.817318944390272e-07  1.217084540908266e-01 
 1.817518944390272e-07  1.217084538846956e-01 
 1.817718944390272e-07  1.217084536789762e-01 
 1.817918944390272e-07  1.217084534736676e-01 
 1.818118944390272e-07  1.217084532687690e-01 
 1.818318944390272e-07  1.217084530642795e-01 
 1.818518944390272e-07  1.217084528601984e-01 
 1.818718944390272e-07  1.217084526565248e-01 
 1.818918944390272e-07  1.217084524532579e-01 
 1.819118944390272e-07  1.217084522503969e-01 
 1.819318944390272e-07  1.217084520479411e-01 
 1.819518944390272e-07  1.217084518458894e-01 
 1.819718944390272e-07  1.217084516442413e-01 
 1.819918944390271e-07  1.217084514429957e-01 
 1.820118944390271e-07  1.217084512421521e-01 
 1.820318944390271e-07  1.217084510417095e-01 
 1.820518944390271e-07  1.217084508416672e-01 
 1.820718944390271e-07  1.217084506420243e-01 
 1.820918944390271e-07  1.217084504427800e-01 
 1.821118944390271e-07  1.217084502439337e-01 
 1.821318944390271e-07  1.217084500454844e-01 
 1.821518944390271e-07  1.217084498474314e-01 
 1.821718944390271e-07  1.217084496497739e-01 
 1.821918944390271e-07  1.217084494525110e-01 
 1.822118944390271e-07  1.217084492556420e-01 
 1.822318944390271e-07  1.217084490591662e-01 
 1.822518944390271e-07  1.217084488630828e-01 
 1.822718944390271e-07  1.217084486673908e-01 
 1.822918944390271e-07  1.217084484720897e-01 
 1.823118944390271e-07  1.217084482771785e-01 
 1.823318944390271e-07  1.217084480826566e-01 
 1.823518944390271e-07  1.217084478885230e-01 
 1.823718944390271e-07  1.217084476947772e-01 
 1.823918944390271e-07  1.217084475014183e-01 
 1.824118944390271e-07  1.217084473084455e-01 
 1.824318944390271e-07  1.217084471158580e-01 
 1.824518944390271e-07  1.217084469236551e-01 
 1.824718944390271e-07  1.217084467318360e-01 
 1.824918944390271e-07  1.217084465403999e-01 
 1.825118944390270e-07  1.217084463493461e-01 
 1.825318944390270e-07  1.217084461586738e-01 
 1.825518944390270e-07  1.217084459683822e-01 
 1.825718944390270e-07  1.217084457784706e-01 
 1.825918944390270e-07  1.217084455889382e-01 
 1.826118944390270e-07  1.217084453997843e-01 
 1.826318944390270e-07  1.217084452110081e-01 
 1.826518944390270e-07  1.217084450226089e-01 
 1.826718944390270e-07  1.217084448345859e-01 
 1.826918944390270e-07  1.217084446469383e-01 
 1.827118944390270e-07  1.217084444596655e-01 
 1.827318944390270e-07  1.217084442727665e-01 
 1.827518944390270e-07  1.217084440862408e-01 
 1.827718944390270e-07  1.217084439000876e-01 
 1.827918944390270e-07  1.217084437143062e-01 
 1.828118944390270e-07  1.217084435288957e-01 
 1.828318944390270e-07  1.217084433438554e-01 
 1.828518944390270e-07  1.217084431591847e-01 
 1.828718944390270e-07  1.217084429748827e-01 
 1.828918944390270e-07  1.217084427909488e-01 
 1.829118944390270e-07  1.217084426073820e-01 
 1.829318944390270e-07  1.217084424241819e-01 
 1.829518944390270e-07  1.217084422413476e-01 
 1.829718944390270e-07  1.217084420588784e-01 
 1.829918944390270e-07  1.217084418767735e-01 
 1.830118944390270e-07  1.217084416950323e-01 
 1.830318944390270e-07  1.217084415136541e-01 
 1.830518944390269e-07  1.217084413326380e-01 
 1.830718944390269e-07  1.217084411519833e-01 
 1.830918944390269e-07  1.217084409716894e-01 
 1.831118944390269e-07  1.217084407917555e-01 
 1.831318944390269e-07  1.217084406121810e-01 
 1.831518944390269e-07  1.217084404329650e-01 
 1.831718944390269e-07  1.217084402541069e-01 
 1.831918944390269e-07  1.217084400756059e-01 
 1.832118944390269e-07  1.217084398974614e-01 
 1.832318944390269e-07  1.217084397196726e-01 
 1.832518944390269e-07  1.217084395422389e-01 
 1.832718944390269e-07  1.217084393651594e-01 
 1.832918944390269e-07  1.217084391884335e-01 
 1.833118944390269e-07  1.217084390120605e-01 
 1.833318944390269e-07  1.217084388360397e-01 
 1.833518944390269e-07  1.217084386603705e-01 
 1.833718944390269e-07  1.217084384850520e-01 
 1.833918944390269e-07  1.217084383100836e-01 
 1.834118944390269e-07  1.217084381354646e-01 
 1.834318944390269e-07  1.217084379611943e-01 
 1.834518944390269e-07  1.217084377872720e-01 
 1.834718944390269e-07  1.217084376136969e-01 
 1.834918944390269e-07  1.217084374404685e-01 
 1.835118944390269e-07  1.217084372675860e-01 
 1.835318944390269e-07  1.217084370950487e-01 
 1.835518944390269e-07  1.217084369228559e-01 
 1.835718944390268e-07  1.217084367510070e-01 
 1.835918944390268e-07  1.217084365795013e-01 
 1.836118944390268e-07  1.217084364083380e-01 
 1.836318944390268e-07  1.217084362375166e-01 
 1.836518944390268e-07  1.217084360670362e-01 
 1.836718944390268e-07  1.217084358968963e-01 
 1.836918944390268e-07  1.217084357270961e-01 
 1.837118944390268e-07  1.217084355576349e-01 
 1.837318944390268e-07  1.217084353885122e-01 
 1.837518944390268e-07  1.217084352197272e-01 
 1.837718944390268e-07  1.217084350512792e-01 
 1.837918944390268e-07  1.217084348831676e-01 
 1.838118944390268e-07  1.217084347153916e-01 
 1.838318944390268e-07  1.217084345479507e-01 
 1.838518944390268e-07  1.217084343808442e-01 
 1.838718944390268e-07  1.217084342140713e-01 
 1.838918944390268e-07  1.217084340476314e-01 
 1.839118944390268e-07  1.217084338815239e-01 
 1.839318944390268e-07  1.217084337157482e-01 
 1.839518944390268e-07  1.217084335503034e-01 
 1.839718944390268e-07  1.217084333851890e-01 
 1.839918944390268e-07  1.217084332204043e-01 
 1.840118944390268e-07  1.217084330559487e-01 
 1.840318944390268e-07  1.217084328918214e-01 
 1.840518944390268e-07  1.217084327280220e-01 
 1.840718944390268e-07  1.217084325645496e-01 
 1.840918944390267e-07  1.217084324014036e-01 
 1.841118944390267e-07  1.217084322385834e-01 
 1.841318944390267e-07  1.217084320760883e-01 
 1.841518944390267e-07  1.217084319139177e-01 
 1.841718944390267e-07  1.217084317520709e-01 
 1.841918944390267e-07  1.217084315905474e-01 
 1.842118944390267e-07  1.217084314293464e-01 
 1.842318944390267e-07  1.217084312684673e-01 
 1.842518944390267e-07  1.217084311079094e-01 
 1.842718944390267e-07  1.217084309476722e-01 
 1.842918944390267e-07  1.217084307877549e-01 
 1.843118944390267e-07  1.217084306281569e-01 
 1.843318944390267e-07  1.217084304688776e-01 
 1.843518944390267e-07  1.217084303099164e-01 
 1.843718944390267e-07  1.217084301512726e-01 
 1.843918944390267e-07  1.217084299929457e-01 
 1.844118944390267e-07  1.217084298349349e-01 
 1.844318944390267e-07  1.217084296772396e-01 
 1.844518944390267e-07  1.217084295198591e-01 
 1.844718944390267e-07  1.217084293627930e-01 
 1.844918944390267e-07  1.217084292060404e-01 
 1.845118944390267e-07  1.217084290496009e-01 
 1.845318944390267e-07  1.217084288934739e-01 
 1.845518944390267e-07  1.217084287376586e-01 
 1.845718944390267e-07  1.217084285821544e-01 
 1.845918944390267e-07  1.217084284269607e-01 
 1.846118944390267e-07  1.217084282720769e-01 
 1.846318944390266e-07  1.217084281175024e-01 
 1.846518944390266e-07  1.217084279632366e-01 
 1.846718944390266e-07  1.217084278092788e-01 
 1.846918944390266e-07  1.217084276556285e-01 
 1.847118944390266e-07  1.217084275022850e-01 
 1.847318944390266e-07  1.217084273492477e-01 
 1.847518944390266e-07  1.217084271965159e-01 
 1.847718944390266e-07  1.217084270440892e-01 
 1.847918944390266e-07  1.217084268919668e-01 
 1.848118944390266e-07  1.217084267401482e-01 
 1.848318944390266e-07  1.217084265886328e-01 
 1.848518944390266e-07  1.217084264374199e-01 
 1.848718944390266e-07  1.217084262865090e-01 
 1.848918944390266e-07  1.217084261358994e-01 
 1.849118944390266e-07  1.217084259855905e-01 
 1.849318944390266e-07  1.217084258355818e-01 
 1.849518944390266e-07  1.217084256858726e-01 
 1.849718944390266e-07  1.217084255364625e-01 
 1.849918944390266e-07  1.217084253873506e-01 
 1.850118944390266e-07  1.217084252385365e-01 
 1.850318944390266e-07  1.217084250900196e-01 
 1.850518944390266e-07  1.217084249417992e-01 
 1.850718944390266e-07  1.217084247938749e-01 
 1.850918944390266e-07  1.217084246462459e-01 
 1.851118944390266e-07  1.217084244989117e-01 
 1.851318944390266e-07  1.217084243518717e-01 
 1.851518944390265e-07  1.217084242051254e-01 
 1.851718944390265e-07  1.217084240586720e-01 
 1.851918944390265e-07  1.217084239125111e-01 
 1.852118944390265e-07  1.217084237666421e-01 
 1.852318944390265e-07  1.217084236210643e-01 
 1.852518944390265e-07  1.217084234757773e-01 
 1.852718944390265e-07  1.217084233307803e-01 
 1.852918944390265e-07  1.217084231860729e-01 
 1.853118944390265e-07  1.217084230416545e-01 
 1.853318944390265e-07  1.217084228975245e-01 
 1.853518944390265e-07  1.217084227536822e-01 
 1.853718944390265e-07  1.217084226101272e-01 
 1.853918944390265e-07  1.217084224668589e-01 
 1.854118944390265e-07  1.217084223238766e-01 
 1.854318944390265e-07  1.217084221811799e-01 
 1.854518944390265e-07  1.217084220387680e-01 
 1.854718944390265e-07  1.217084218966406e-01 
 1.854918944390265e-07  1.217084217547970e-01 
 1.855118944390265e-07  1.217084216132366e-01 
 1.855318944390265e-07  1.217084214719589e-01 
 1.855518944390265e-07  1.217084213309634e-01 
 1.855718944390265e-07  1.217084211902493e-01 
 1.855918944390265e-07  1.217084210498163e-01 
 1.856118944390265e-07  1.217084209096637e-01 
 1.856318944390265e-07  1.217084207697909e-01 
 1.856518944390265e-07  1.217084206301975e-01 
 1.856718944390265e-07  1.217084204908828e-01 
 1.856918944390264e-07  1.217084203518463e-01 
 1.857118944390264e-07  1.217084202130874e-01 
 1.857318944390264e-07  1.217084200746056e-01 
 1.857518944390264e-07  1.217084199364003e-01 
 1.857718944390264e-07  1.217084197984710e-01 
 1.857918944390264e-07  1.217084196608172e-01 
 1.858118944390264e-07  1.217084195234382e-01 
 1.858318944390264e-07  1.217084193863335e-01 
 1.858518944390264e-07  1.217084192495026e-01 
 1.858718944390264e-07  1.217084191129450e-01 
 1.858918944390264e-07  1.217084189766600e-01 
 1.859118944390264e-07  1.217084188406472e-01 
 1.859318944390264e-07  1.217084187049060e-01 
 1.859518944390264e-07  1.217084185694358e-01 
 1.859718944390264e-07  1.217084184342362e-01 
 1.859918944390264e-07  1.217084182993065e-01 
 1.860118944390264e-07  1.217084181646463e-01 
 1.860318944390264e-07  1.217084180302549e-01 
 1.860518944390264e-07  1.217084178961319e-01 
 1.860718944390264e-07  1.217084177622767e-01 
 1.860918944390264e-07  1.217084176286889e-01 
 1.861118944390264e-07  1.217084174953677e-01 
 1.861318944390264e-07  1.217084173623128e-01 
 1.861518944390264e-07  1.217084172295236e-01 
 1.861718944390264e-07  1.217084170969995e-01 
 1.861918944390264e-07  1.217084169647401e-01 
 1.862118944390263e-07  1.217084168327448e-01 
 1.862318944390263e-07  1.217084167010131e-01 
 1.862518944390263e-07  1.217084165695444e-01 
 1.862718944390263e-07  1.217084164383382e-01 
 1.862918944390263e-07  1.217084163073941e-01 
 1.863118944390263e-07  1.217084161767114e-01 
 1.863318944390263e-07  1.217084160462897e-01 
 1.863518944390263e-07  1.217084159161284e-01 
 1.863718944390263e-07  1.217084157862270e-01 
 1.863918944390263e-07  1.217084156565850e-01 
 1.864118944390263e-07  1.217084155272019e-01 
 1.864318944390263e-07  1.217084153980772e-01 
 1.864518944390263e-07  1.217084152692103e-01 
 1.864718944390263e-07  1.217084151406008e-01 
 1.864918944390263e-07  1.217084150122480e-01 
 1.865118944390263e-07  1.217084148841516e-01 
 1.865318944390263e-07  1.217084147563109e-01 
 1.865518944390263e-07  1.217084146287256e-01 
 1.865718944390263e-07  1.217084145013950e-01 
 1.865918944390263e-07  1.217084143743186e-01 
 1.866118944390263e-07  1.217084142474961e-01 
 1.866318944390263e-07  1.217084141209267e-01 
 1.866518944390263e-07  1.217084139946101e-01 
 1.866718944390263e-07  1.217084138685458e-01 
 1.866918944390263e-07  1.217084137427331e-01 
 1.867118944390263e-07  1.217084136171717e-01 
 1.867318944390262e-07  1.217084134918610e-01 
 1.867518944390262e-07  1.217084133668005e-01 
 1.867718944390262e-07  1.217084132419898e-01 
 1.867918944390262e-07  1.217084131174283e-01 
 1.868118944390262e-07  1.217084129931156e-01 
 1.868318944390262e-07  1.217084128690511e-01 
 1.868518944390262e-07  1.217084127452343e-01 
 1.868718944390262e-07  1.217084126216648e-01 
 1.868918944390262e-07  1.217084124983420e-01 
 1.869118944390262e-07  1.217084123752655e-01 
 1.869318944390262e-07  1.217084122524347e-01 
 1.869518944390262e-07  1.217084121298493e-01 
 1.869718944390262e-07  1.217084120075086e-01 
 1.869918944390262e-07  1.217084118854122e-01 
 1.870118944390262e-07  1.217084117635596e-01 
 1.870318944390262e-07  1.217084116419504e-01 
 1.870518944390262e-07  1.217084115205840e-01 
 1.870718944390262e-07  1.217084113994600e-01 
 1.870918944390262e-07  1.217084112785778e-01 
 1.871118944390262e-07  1.217084111579370e-01 
 1.871318944390262e-07  1.217084110375371e-01 
 1.871518944390262e-07  1.217084109173776e-01 
 1.871718944390262e-07  1.217084107974580e-01 
 1.871918944390262e-07  1.217084106777779e-01 
 1.872118944390262e-07  1.217084105583368e-01 
 1.872318944390262e-07  1.217084104391342e-01 
 1.872518944390262e-07  1.217084103201697e-01 
 1.872718944390261e-07  1.217084102014427e-01 
 1.872918944390261e-07  1.217084100829528e-01 
 1.873118944390261e-07  1.217084099646995e-01 
 1.873318944390261e-07  1.217084098466823e-01 
 1.873518944390261e-07  1.217084097289008e-01 
 1.873718944390261e-07  1.217084096113545e-01 
 1.873918944390261e-07  1.217084094940429e-01 
 1.874118944390261e-07  1.217084093769656e-01 
 1.874318944390261e-07  1.217084092601220e-01 
 1.874518944390261e-07  1.217084091435117e-01 
 1.874718944390261e-07  1.217084090271343e-01 
 1.874918944390261e-07  1.217084089109893e-01 
 1.875118944390261e-07  1.217084087950763e-01 
 1.875318944390261e-07  1.217084086793946e-01 
 1.875518944390261e-07  1.217084085639440e-01 
 1.875718944390261e-07  1.217084084487239e-01 
 1.875918944390261e-07  1.217084083337339e-01 
 1.876118944390261e-07  1.217084082189736e-01 
 1.876318944390261e-07  1.217084081044423e-01 
 1.876518944390261e-07  1.217084079901398e-01 
 1.876718944390261e-07  1.217084078760656e-01 
 1.876918944390261e-07  1.217084077622192e-01 
 1.877118944390261e-07  1.217084076486000e-01 
 1.877318944390261e-07  1.217084075352078e-01 
 1.877518944390261e-07  1.217084074220420e-01 
 1.877718944390261e-07  1.217084073091021e-01 
 1.877918944390260e-07  1.217084071963877e-01 
 1.878118944390260e-07  1.217084070838985e-01 
 1.878318944390260e-07  1.217084069716339e-01 
 1.878518944390260e-07  1.217084068595934e-01 
 1.878718944390260e-07  1.217084067477767e-01 
 1.878918944390260e-07  1.217084066361833e-01 
 1.879118944390260e-07  1.217084065248127e-01 
 1.879318944390260e-07  1.217084064136645e-01 
 1.879518944390260e-07  1.217084063027382e-01 
 1.879718944390260e-07  1.217084061920335e-01 
 1.879918944390260e-07  1.217084060815498e-01 
 1.880118944390260e-07  1.217084059712868e-01 
 1.880318944390260e-07  1.217084058612439e-01 
 1.880518944390260e-07  1.217084057514207e-01 
 1.880718944390260e-07  1.217084056418169e-01 
 1.880918944390260e-07  1.217084055324319e-01 
 1.881118944390260e-07  1.217084054232654e-01 
 1.881318944390260e-07  1.217084053143168e-01 
 1.881518944390260e-07  1.217084052055857e-01 
 1.881718944390260e-07  1.217084050970719e-01 
 1.881918944390260e-07  1.217084049887747e-01 
 1.882118944390260e-07  1.217084048806937e-01 
 1.882318944390260e-07  1.217084047728286e-01 
 1.882518944390260e-07  1.217084046651789e-01 
 1.882718944390260e-07  1.217084045577441e-01 
 1.882918944390260e-07  1.217084044505239e-01 
 1.883118944390259e-07  1.217084043435178e-01 
 1.883318944390259e-07  1.217084042367254e-01 
 1.883518944390259e-07  1.217084041301462e-01 
 1.883718944390259e-07  1.217084040237799e-01 
 1.883918944390259e-07  1.217084039176259e-01 
 1.884118944390259e-07  1.217084038116839e-01 
 1.884318944390259e-07  1.217084037059535e-01 
 1.884518944390259e-07  1.217084036004342e-01 
 1.884718944390259e-07  1.217084034951256e-01 
 1.884918944390259e-07  1.217084033900273e-01 
 1.885118944390259e-07  1.217084032851388e-01 
 1.885318944390259e-07  1.217084031804598e-01 
 1.885518944390259e-07  1.217084030759898e-01 
 1.885718944390259e-07  1.217084029717284e-01 
 1.885918944390259e-07  1.217084028676753e-01 
 1.886118944390259e-07  1.217084027638299e-01 
 1.886318944390259e-07  1.217084026601918e-01 
 1.886518944390259e-07  1.217084025567607e-01 
 1.886718944390259e-07  1.217084024535362e-01 
 1.886918944390259e-07  1.217084023505177e-01 
 1.887118944390259e-07  1.217084022477050e-01 
 1.887318944390259e-07  1.217084021450976e-01 
 1.887518944390259e-07  1.217084020426951e-01 
 1.887718944390259e-07  1.217084019404971e-01 
 1.887918944390259e-07  1.217084018385031e-01 
 1.888118944390259e-07  1.217084017367128e-01 
 1.888318944390259e-07  1.217084016351258e-01 
 1.888518944390258e-07  1.217084015337416e-01 
 1.888718944390258e-07  1.217084014325599e-01 
 1.888918944390258e-07  1.217084013315803e-01 
 1.889118944390258e-07  1.217084012308023e-01 
 1.889318944390258e-07  1.217084011302255e-01 
 1.889518944390258e-07  1.217084010298495e-01 
 1.889718944390258e-07  1.217084009296740e-01 
 1.889918944390258e-07  1.217084008296986e-01 
 1.890118944390258e-07  1.217084007299227e-01 
 1.890318944390258e-07  1.217084006303461e-01 
 1.890518944390258e-07  1.217084005309684e-01 
 1.890718944390258e-07  1.217084004317890e-01 
 1.890918944390258e-07  1.217084003328077e-01 
 1.891118944390258e-07  1.217084002340241e-01 
 1.891318944390258e-07  1.217084001354378e-01 
 1.891518944390258e-07  1.217084000370482e-01 
 1.891718944390258e-07  1.217083999388552e-01 
 1.891918944390258e-07  1.217083998408583e-01 
 1.892118944390258e-07  1.217083997430570e-01 
 1.892318944390258e-07  1.217083996454511e-01 
 1.892518944390258e-07  1.217083995480400e-01 
 1.892718944390258e-07  1.217083994508235e-01 
 1.892918944390258e-07  1.217083993538010e-01 
 1.893118944390258e-07  1.217083992569723e-01 
 1.893318944390258e-07  1.217083991603370e-01 
 1.893518944390258e-07  1.217083990638947e-01 
 1.893718944390257e-07  1.217083989676449e-01 
 1.893918944390257e-07  1.217083988715873e-01 
 1.894118944390257e-07  1.217083987757216e-01 
 1.894318944390257e-07  1.217083986800473e-01 
 1.894518944390257e-07  1.217083985845639e-01 
 1.894718944390257e-07  1.217083984892714e-01 
 1.894918944390257e-07  1.217083983941690e-01 
 1.895118944390257e-07  1.217083982992566e-01 
 1.895318944390257e-07  1.217083982045337e-01 
 1.895518944390257e-07  1.217083981099999e-01 
 1.895718944390257e-07  1.217083980156550e-01 
 1.895918944390257e-07  1.217083979214984e-01 
 1.896118944390257e-07  1.217083978275299e-01 
 1.896318944390257e-07  1.217083977337489e-01 
 1.896518944390257e-07  1.217083976401553e-01 
 1.896718944390257e-07  1.217083975467485e-01 
 1.896918944390257e-07  1.217083974535283e-01 
 1.897118944390257e-07  1.217083973604942e-01 
 1.897318944390257e-07  1.217083972676459e-01 
 1.897518944390257e-07  1.217083971749830e-01 
 1.897718944390257e-07  1.217083970825052e-01 
 1.897918944390257e-07  1.217083969902120e-01 
 1.898118944390257e-07  1.217083968981031e-01 
 1.898318944390257e-07  1.217083968061781e-01 
 1.898518944390257e-07  1.217083967144367e-01 
 1.898718944390257e-07  1.217083966228785e-01 
 1.898918944390257e-07  1.217083965315031e-01 
 1.899118944390256e-07  1.217083964403102e-01 
 1.899318944390256e-07  1.217083963492993e-01 
 1.899518944390256e-07  1.217083962584702e-01 
 1.899718944390256e-07  1.217083961678225e-01 
 1.899918944390256e-07  1.217083960773558e-01 
 1.900118944390256e-07  1.217083959870698e-01 
 1.900318944390256e-07  1.217083958969640e-01 
 1.900518944390256e-07  1.217083958070382e-01 
 1.900718944390256e-07  1.217083957172919e-01 
 1.900918944390256e-07  1.217083956277249e-01 
 1.901118944390256e-07  1.217083955383367e-01 
 1.901318944390256e-07  1.217083954491270e-01 
 1.901518944390256e-07  1.217083953600955e-01 
 1.901718944390256e-07  1.217083952712417e-01 
 1.901918944390256e-07  1.217083951825653e-01 
 1.902118944390256e-07  1.217083950940660e-01 
 1.902318944390256e-07  1.217083950057435e-01 
 1.902518944390256e-07  1.217083949175972e-01 
 1.902718944390256e-07  1.217083948296271e-01 
 1.902918944390256e-07  1.217083947418325e-01 
 1.903118944390256e-07  1.217083946542133e-01 
 1.903318944390256e-07  1.217083945667691e-01 
 1.903518944390256e-07  1.217083944794995e-01 
 1.903718944390256e-07  1.217083943924041e-01 
 1.903918944390256e-07  1.217083943054827e-01 
 1.904118944390256e-07  1.217083942187348e-01 
 1.904318944390255e-07  1.217083941321601e-01 
 1.904518944390255e-07  1.217083940457583e-01 
 1.904718944390255e-07  1.217083939595291e-01 
 1.904918944390255e-07  1.217083938734721e-01 
 1.905118944390255e-07  1.217083937875869e-01 
 1.905318944390255e-07  1.217083937018731e-01 
 1.905518944390255e-07  1.217083936163306e-01 
 1.905718944390255e-07  1.217083935309589e-01 
 1.905918944390255e-07  1.217083934457576e-01 
 1.906118944390255e-07  1.217083933607265e-01 
 1.906318944390255e-07  1.217083932758652e-01 
 1.906518944390255e-07  1.217083931911733e-01 
 1.906718944390255e-07  1.217083931066506e-01 
 1.906918944390255e-07  1.217083930222966e-01 
 1.907118944390255e-07  1.217083929381111e-01 
 1.907318944390255e-07  1.217083928540937e-01 
 1.907518944390255e-07  1.217083927702440e-01 
 1.907718944390255e-07  1.217083926865618e-01 
 1.907918944390255e-07  1.217083926030467e-01 
 1.908118944390255e-07  1.217083925196984e-01 
 1.908318944390255e-07  1.217083924365165e-01 
 1.908518944390255e-07  1.217083923535007e-01 
 1.908718944390255e-07  1.217083922706507e-01 
 1.908918944390255e-07  1.217083921879661e-01 
 1.909118944390255e-07  1.217083921054466e-01 
 1.909318944390255e-07  1.217083920230919e-01 
 1.909518944390254e-07  1.217083919409017e-01 
 1.909718944390254e-07  1.217083918588755e-01 
 1.909918944390254e-07  1.217083917770132e-01 
 1.910118944390254e-07  1.217083916953144e-01 
 1.910318944390254e-07  1.217083916137787e-01 
 1.910518944390254e-07  1.217083915324057e-01 
 1.910718944390254e-07  1.217083914511953e-01 
 1.910918944390254e-07  1.217083913701470e-01 
 1.911118944390254e-07  1.217083912892607e-01 
 1.911318944390254e-07  1.217083912085358e-01 
 1.911518944390254e-07  1.217083911279721e-01 
 1.911718944390254e-07  1.217083910475693e-01 
 1.911918944390254e-07  1.217083909673270e-01 
 1.912118944390254e-07  1.217083908872449e-01 
 1.912318944390254e-07  1.217083908073228e-01 
 1.912518944390254e-07  1.217083907275603e-01 
 1.912718944390254e-07  1.217083906479571e-01 
 1.912918944390254e-07  1.217083905685128e-01 
 1.913118944390254e-07  1.217083904892272e-01 
 1.913318944390254e-07  1.217083904100998e-01 
 1.913518944390254e-07  1.217083903311305e-01 
 1.913718944390254e-07  1.217083902523188e-01 
 1.913918944390254e-07  1.217083901736646e-01 
 1.914118944390254e-07  1.217083900951674e-01 
 1.914318944390254e-07  1.217083900168270e-01 
 1.914518944390254e-07  1.217083899386430e-01 
 1.914718944390254e-07  1.217083898606151e-01 
 1.914918944390253e-07  1.217083897827430e-01 
 1.915118944390253e-07  1.217083897050264e-01 
 1.915318944390253e-07  1.217083896274650e-01 
 1.915518944390253e-07  1.217083895500585e-01 
 1.915718944390253e-07  1.217083894728065e-01 
 1.915918944390253e-07  1.217083893957089e-01 
 1.916118944390253e-07  1.217083893187652e-01 
 1.916318944390253e-07  1.217083892419751e-01 
 1.916518944390253e-07  1.217083891653384e-01 
 1.916718944390253e-07  1.217083890888547e-01 
 1.916918944390253e-07  1.217083890125237e-01 
 1.917118944390253e-07  1.217083889363451e-01 
 1.917318944390253e-07  1.217083888603186e-01 
 1.917518944390253e-07  1.217083887844440e-01 
 1.917718944390253e-07  1.217083887087209e-01 
 1.917918944390253e-07  1.217083886331490e-01 
 1.918118944390253e-07  1.217083885577280e-01 
 1.918318944390253e-07  1.217083884824576e-01 
 1.918518944390253e-07  1.217083884073376e-01 
 1.918718944390253e-07  1.217083883323675e-01 
 1.918918944390253e-07  1.217083882575471e-01 
 1.919118944390253e-07  1.217083881828761e-01 
 1.919318944390253e-07  1.217083881083542e-01 
 1.919518944390253e-07  1.217083880339812e-01 
 1.919718944390253e-07  1.217083879597566e-01 
 1.919918944390253e-07  1.217083878856803e-01 
 1.920118944390252e-07  1.217083878117519e-01 
 1.920318944390252e-07  1.217083877379711e-01 
 1.920518944390252e-07  1.217083876643376e-01 
 1.920718944390252e-07  1.217083875908512e-01 
 1.920918944390252e-07  1.217083875175115e-01 
 1.921118944390252e-07  1.217083874443183e-01 
 1.921318944390252e-07  1.217083873712713e-01 
 1.921518944390252e-07  1.217083872983700e-01 
 1.921718944390252e-07  1.217083872256144e-01 
 1.921918944390252e-07  1.217083871530041e-01 
 1.922118944390252e-07  1.217083870805387e-01 
 1.922318944390252e-07  1.217083870082181e-01 
 1.922518944390252e-07  1.217083869360418e-01 
 1.922718944390252e-07  1.217083868640097e-01 
 1.922918944390252e-07  1.217083867921214e-01 
 1.923118944390252e-07  1.217083867203767e-01 
 1.923318944390252e-07  1.217083866487752e-01 
 1.923518944390252e-07  1.217083865773168e-01 
 1.923718944390252e-07  1.217083865060010e-01 
 1.923918944390252e-07  1.217083864348276e-01 
 1.924118944390252e-07  1.217083863637963e-01 
 1.924318944390252e-07  1.217083862929069e-01 
 1.924518944390252e-07  1.217083862221591e-01 
 1.924718944390252e-07  1.217083861515526e-01 
 1.924918944390252e-07  1.217083860810870e-01 
 1.925118944390252e-07  1.217083860107621e-01 
 1.925318944390251e-07  1.217083859405777e-01 
 1.925518944390251e-07  1.217083858705334e-01 
 1.925718944390251e-07  1.217083858006290e-01 
 1.925918944390251e-07  1.217083857308642e-01 
 1.926118944390251e-07  1.217083856612386e-01 
 1.926318944390251e-07  1.217083855917521e-01 
 1.926518944390251e-07  1.217083855224044e-01 
 1.926718944390251e-07  1.217083854531951e-01 
 1.926918944390251e-07  1.217083853841241e-01 
 1.927118944390251e-07  1.217083853151909e-01 
 1.927318944390251e-07  1.217083852463954e-01 
 1.927518944390251e-07  1.217083851777373e-01 
 1.927718944390251e-07  1.217083851092163e-01 
 1.927918944390251e-07  1.217083850408321e-01 
 1.928118944390251e-07  1.217083849725844e-01 
 1.928318944390251e-07  1.217083849044731e-01 
 1.928518944390251e-07  1.217083848364978e-01 
 1.928718944390251e-07  1.217083847686581e-01 
 1.928918944390251e-07  1.217083847009540e-01 
 1.929118944390251e-07  1.217083846333850e-01 
 1.929318944390251e-07  1.217083845659510e-01 
 1.929518944390251e-07  1.217083844986517e-01 
 1.929718944390251e-07  1.217083844314867e-01 
 1.929918944390251e-07  1.217083843644558e-01 
 1.930118944390251e-07  1.217083842975588e-01 
 1.930318944390251e-07  1.217083842307954e-01 
 1.930518944390251e-07  1.217083841641653e-01 
 1.930718944390250e-07  1.217083840976682e-01 
 1.930918944390250e-07  1.217083840313039e-01 
 1.931118944390250e-07  1.217083839650721e-01 
 1.931318944390250e-07  1.217083838989726e-01 
 1.931518944390250e-07  1.217083838330051e-01 
 1.931718944390250e-07  1.217083837671693e-01 
 1.931918944390250e-07  1.217083837014650e-01 
 1.932118944390250e-07  1.217083836358918e-01 
 1.932318944390250e-07  1.217083835704496e-01 
 1.932518944390250e-07  1.217083835051382e-01 
 1.932718944390250e-07  1.217083834399572e-01 
 1.932918944390250e-07  1.217083833749063e-01 
 1.933118944390250e-07  1.217083833099852e-01 
 1.933318944390250e-07  1.217083832451939e-01 
 1.933518944390250e-07  1.217083831805319e-01 
 1.933718944390250e-07  1.217083831159991e-01 
 1.933918944390250e-07  1.217083830515951e-01 
 1.934118944390250e-07  1.217083829873197e-01 
 1.934318944390250e-07  1.217083829231726e-01 
 1.934518944390250e-07  1.217083828591537e-01 
 1.934718944390250e-07  1.217083827952626e-01 
 1.934918944390250e-07  1.217083827314990e-01 
 1.935118944390250e-07  1.217083826678628e-01 
 1.935318944390250e-07  1.217083826043537e-01 
 1.935518944390250e-07  1.217083825409714e-01 
 1.935718944390250e-07  1.217083824777156e-01 
 1.935918944390249e-07  1.217083824145862e-01 
 1.936118944390249e-07  1.217083823515828e-01 
 1.936318944390249e-07  1.217083822887052e-01 
 1.936518944390249e-07  1.217083822259532e-01 
 1.936718944390249e-07  1.217083821633265e-01 
 1.936918944390249e-07  1.217083821008248e-01 
 1.937118944390249e-07  1.217083820384479e-01 
 1.937318944390249e-07  1.217083819761956e-01 
 1.937518944390249e-07  1.217083819140676e-01 
 1.937718944390249e-07  1.217083818520637e-01 
 1.937918944390249e-07  1.217083817901836e-01 
 1.938118944390249e-07  1.217083817284271e-01 
 1.938318944390249e-07  1.217083816667939e-01 
 1.938518944390249e-07  1.217083816052837e-01 
 1.938718944390249e-07  1.217083815438964e-01 
 1.938918944390249e-07  1.217083814826317e-01 
 1.939118944390249e-07  1.217083814214893e-01 
 1.939318944390249e-07  1.217083813604690e-01 
 1.939518944390249e-07  1.217083812995706e-01 
 1.939718944390249e-07  1.217083812387937e-01 
 1.939918944390249e-07  1.217083811781382e-01 
 1.940118944390249e-07  1.217083811176038e-01 
 1.940318944390249e-07  1.217083810571903e-01 
 1.940518944390249e-07  1.217083809968974e-01 
 1.940718944390249e-07  1.217083809367250e-01 
 1.940918944390249e-07  1.217083808766727e-01 
 1.941118944390249e-07  1.217083808167403e-01 
 1.941318944390248e-07  1.217083807569276e-01 
 1.941518944390248e-07  1.217083806972344e-01 
 1.941718944390248e-07  1.217083806376603e-01 
 1.941918944390248e-07  1.217083805782052e-01 
 1.942118944390248e-07  1.217083805188687e-01 
 1.942318944390248e-07  1.217083804596509e-01 
 1.942518944390248e-07  1.217083804005512e-01 
 1.942718944390248e-07  1.217083803415696e-01 
 1.942918944390248e-07  1.217083802827057e-01 
 1.943118944390248e-07  1.217083802239593e-01 
 1.943318944390248e-07  1.217083801653303e-01 
 1.943518944390248e-07  1.217083801068184e-01 
 1.943718944390248e-07  1.217083800484233e-01 
 1.943918944390248e-07  1.217083799901449e-01 
 1.944118944390248e-07  1.217083799319828e-01 
 1.944318944390248e-07  1.217083798739368e-01 
 1.944518944390248e-07  1.217083798160068e-01 
 1.944718944390248e-07  1.217083797581924e-01 
 1.944918944390248e-07  1.217083797004935e-01 
 1.945118944390248e-07  1.217083796429098e-01 
 1.945318944390248e-07  1.217083795854411e-01 
 1.945518944390248e-07  1.217083795280871e-01 
 1.945718944390248e-07  1.217083794708476e-01 
 1.945918944390248e-07  1.217083794137225e-01 
 1.946118944390248e-07  1.217083793567114e-01 
 1.946318944390248e-07  1.217083792998142e-01 
 1.946518944390247e-07  1.217083792430306e-01 
 1.946718944390247e-07  1.217083791863603e-01 
 1.946918944390247e-07  1.217083791298033e-01 
 1.947118944390247e-07  1.217083790733591e-01 
 1.947318944390247e-07  1.217083790170277e-01 
 1.947518944390247e-07  1.217083789608088e-01 
 1.947718944390247e-07  1.217083789047022e-01 
 1.947918944390247e-07  1.217083788487076e-01 
 1.948118944390247e-07  1.217083787928248e-01 
 1.948318944390247e-07  1.217083787370536e-01 
 1.948518944390247e-07  1.217083786813938e-01 
 1.948718944390247e-07  1.217083786258451e-01 
 1.948918944390247e-07  1.217083785704073e-01 
 1.949118944390247e-07  1.217083785150802e-01 
 1.949318944390247e-07  1.217083784598636e-01 
 1.949518944390247e-07  1.217083784047573e-01 
 1.949718944390247e-07  1.217083783497610e-01 
 1.949918944390247e-07  1.217083782948745e-01 
 1.950118944390247e-07  1.217083782400977e-01 
 1.950318944390247e-07  1.217083781854302e-01 
 1.950518944390247e-07  1.217083781308718e-01 
 1.950718944390247e-07  1.217083780764224e-01 
 1.950918944390247e-07  1.217083780220818e-01 
 1.951118944390247e-07  1.217083779678497e-01 
 1.951318944390247e-07  1.217083779137258e-01 
 1.951518944390247e-07  1.217083778597100e-01 
 1.951718944390246e-07  1.217083778058021e-01 
 1.951918944390246e-07  1.217083777520018e-01 
 1.952118944390246e-07  1.217083776983089e-01 
 1.952318944390246e-07  1.217083776447233e-01 
 1.952518944390246e-07  1.217083775912447e-01 
 1.952718944390246e-07  1.217083775378729e-01 
 1.952918944390246e-07  1.217083774846076e-01 
 1.953118944390246e-07  1.217083774314488e-01 
 1.953318944390246e-07  1.217083773783960e-01 
 1.953518944390246e-07  1.217083773254492e-01 
 1.953718944390246e-07  1.217083772726081e-01 
 1.953918944390246e-07  1.217083772198726e-01 
 1.954118944390246e-07  1.217083771672423e-01 
 1.954318944390246e-07  1.217083771147172e-01 
 1.954518944390246e-07  1.217083770622969e-01 
 1.954718944390246e-07  1.217083770099813e-01 
 1.954918944390246e-07  1.217083769577701e-01 
 1.955118944390246e-07  1.217083769056632e-01 
 1.955318944390246e-07  1.217083768536604e-01 
 1.955518944390246e-07  1.217083768017614e-01 
 1.955718944390246e-07  1.217083767499661e-01 
 1.955918944390246e-07  1.217083766982742e-01 
 1.956118944390246e-07  1.217083766466855e-01 
 1.956318944390246e-07  1.217083765951998e-01 
 1.956518944390246e-07  1.217083765438169e-01 
 1.956718944390246e-07  1.217083764925366e-01 
 1.956918944390246e-07  1.217083764413587e-01 
 1.957118944390245e-07  1.217083763902831e-01 
 1.957318944390245e-07  1.217083763393094e-01 
 1.957518944390245e-07  1.217083762884375e-01 
 1.957718944390245e-07  1.217083762376672e-01 
 1.957918944390245e-07  1.217083761869983e-01 
 1.958118944390245e-07  1.217083761364306e-01 
 1.958318944390245e-07  1.217083760859639e-01 
 1.958518944390245e-07  1.217083760355979e-01 
 1.958718944390245e-07  1.217083759853325e-01 
 1.958918944390245e-07  1.217083759351674e-01 
 1.959118944390245e-07  1.217083758851026e-01 
 1.959318944390245e-07  1.217083758351377e-01 
 1.959518944390245e-07  1.217083757852725e-01 
 1.959718944390245e-07  1.217083757355070e-01 
 1.959918944390245e-07  1.217083756858408e-01 
 1.960118944390245e-07  1.217083756362738e-01 
 1.960318944390245e-07  1.217083755868058e-01 
 1.960518944390245e-07  1.217083755374365e-01 
 1.960718944390245e-07  1.217083754881659e-01 
 1.960918944390245e-07  1.217083754389936e-01 
 1.961118944390245e-07  1.217083753899196e-01 
 1.961318944390245e-07  1.217083753409435e-01 
 1.961518944390245e-07  1.217083752920652e-01 
 1.961718944390245e-07  1.217083752432846e-01 
 1.961918944390245e-07  1.217083751946013e-01 
 1.962118944390245e-07  1.217083751460153e-01 
 1.962318944390244e-07  1.217083750975262e-01 
 1.962518944390244e-07  1.217083750491340e-01 
 1.962718944390244e-07  1.217083750008384e-01 
 1.962918944390244e-07  1.217083749526393e-01 
 1.963118944390244e-07  1.217083749045364e-01 
 1.963318944390244e-07  1.217083748565295e-01 
 1.963518944390244e-07  1.217083748086186e-01 
 1.963718944390244e-07  1.217083747608032e-01 
 1.963918944390244e-07  1.217083747130834e-01 
 1.964118944390244e-07  1.217083746654588e-01 
 1.964318944390244e-07  1.217083746179294e-01 
 1.964518944390244e-07  1.217083745704949e-01 
 1.964718944390244e-07  1.217083745231551e-01 
 1.964918944390244e-07  1.217083744759098e-01 
 1.965118944390244e-07  1.217083744287589e-01 
 1.965318944390244e-07  1.217083743817022e-01 
 1.965518944390244e-07  1.217083743347393e-01 
 1.965718944390244e-07  1.217083742878703e-01 
 1.965918944390244e-07  1.217083742410948e-01 
 1.966118944390244e-07  1.217083741944127e-01 
 1.966318944390244e-07  1.217083741478239e-01 
 1.966518944390244e-07  1.217083741013281e-01 
 1.966718944390244e-07  1.217083740549251e-01 
 1.966918944390244e-07  1.217083740086148e-01 
 1.967118944390244e-07  1.217083739623970e-01 
 1.967318944390244e-07  1.217083739162715e-01 
 1.967518944390243e-07  1.217083738702381e-01 
 1.967718944390243e-07  1.217083738242966e-01 
 1.967918944390243e-07  1.217083737784469e-01 
 1.968118944390243e-07  1.217083737326887e-01 
 1.968318944390243e-07  1.217083736870219e-01 
 1.968518944390243e-07  1.217083736414463e-01 
 1.968718944390243e-07  1.217083735959617e-01 
 1.968918944390243e-07  1.217083735505679e-01 
 1.969118944390243e-07  1.217083735052647e-01 
 1.969318944390243e-07  1.217083734600520e-01 
 1.969518944390243e-07  1.217083734149296e-01 
 1.969718944390243e-07  1.217083733698974e-01 
 1.969918944390243e-07  1.217083733249550e-01 
 1.970118944390243e-07  1.217083732801024e-01 
 1.970318944390243e-07  1.217083732353394e-01 
 1.970518944390243e-07  1.217083731906656e-01 
 1.970718944390243e-07  1.217083731460811e-01 
 1.970918944390243e-07  1.217083731015857e-01 
 1.971118944390243e-07  1.217083730571791e-01 
 1.971318944390243e-07  1.217083730128611e-01 
 1.971518944390243e-07  1.217083729686317e-01 
 1.971718944390243e-07  1.217083729244906e-01 
 1.971918944390243e-07  1.217083728804377e-01 
 1.972118944390243e-07  1.217083728364727e-01 
 1.972318944390243e-07  1.217083727925955e-01 
 1.972518944390243e-07  1.217083727488059e-01 
 1.972718944390243e-07  1.217083727051038e-01 
 1.972918944390242e-07  1.217083726614889e-01 
 1.973118944390242e-07  1.217083726179611e-01 
 1.973318944390242e-07  1.217083725745202e-01 
 1.973518944390242e-07  1.217083725311661e-01 
 1.973718944390242e-07  1.217083724878985e-01 
 1.973918944390242e-07  1.217083724447174e-01 
 1.974118944390242e-07  1.217083724016225e-01 
 1.974318944390242e-07  1.217083723586136e-01 
 1.974518944390242e-07  1.217083723156906e-01 
 1.974718944390242e-07  1.217083722728533e-01 
 1.974918944390242e-07  1.217083722301016e-01 
 1.975118944390242e-07  1.217083721874352e-01 
 1.975318944390242e-07  1.217083721448540e-01 
 1.975518944390242e-07  1.217083721023579e-01 
 1.975718944390242e-07  1.217083720599466e-01 
 1.975918944390242e-07  1.217083720176200e-01 
 1.976118944390242e-07  1.217083719753780e-01 
 1.976318944390242e-07  1.217083719332202e-01 
 1.976518944390242e-07  1.217083718911466e-01 
 1.976718944390242e-07  1.217083718491571e-01 
 1.976918944390242e-07  1.217083718072514e-01 
 1.977118944390242e-07  1.217083717654294e-01 
 1.977318944390242e-07  1.217083717236909e-01 
 1.977518944390242e-07  1.217083716820358e-01 
 1.977718944390242e-07  1.217083716404639e-01 
 1.977918944390242e-07  1.217083715989749e-01 
 1.978118944390241e-07  1.217083715575689e-01 
 1.978318944390241e-07  1.217083715162455e-01 
 1.978518944390241e-07  1.217083714750045e-01 
 1.978718944390241e-07  1.217083714338460e-01 
 1.978918944390241e-07  1.217083713927696e-01 
 1.979118944390241e-07  1.217083713517753e-01 
 1.979318944390241e-07  1.217083713108628e-01 
 1.979518944390241e-07  1.217083712700321e-01 
 1.979718944390241e-07  1.217083712292829e-01 
 1.979918944390241e-07  1.217083711886151e-01 
 1.980118944390241e-07  1.217083711480285e-01 
 1.980318944390241e-07  1.217083711075229e-01 
 1.980518944390241e-07  1.217083710670982e-01 
 1.980718944390241e-07  1.217083710267541e-01 
 1.980918944390241e-07  1.217083709864907e-01 
 1.981118944390241e-07  1.217083709463077e-01 
 1.981318944390241e-07  1.217083709062049e-01 
 1.981518944390241e-07  1.217083708661821e-01 
 1.981718944390241e-07  1.217083708262393e-01 
 1.981918944390241e-07  1.217083707863762e-01 
 1.982118944390241e-07  1.217083707465928e-01 
 1.982318944390241e-07  1.217083707068888e-01 
 1.982518944390241e-07  1.217083706672641e-01 
 1.982718944390241e-07  1.217083706277186e-01 
 1.982918944390241e-07  1.217083705882520e-01 
 1.983118944390241e-07  1.217083705488641e-01 
 1.983318944390241e-07  1.217083705095550e-01 
 1.983518944390240e-07  1.217083704703243e-01 
 1.983718944390240e-07  1.217083704311720e-01 
 1.983918944390240e-07  1.217083703920979e-01 
 1.984118944390240e-07  1.217083703531018e-01 
 1.984318944390240e-07  1.217083703141836e-01 
 1.984518944390240e-07  1.217083702753430e-01 
 1.984718944390240e-07  1.217083702365801e-01 
 1.984918944390240e-07  1.217083701978945e-01 
 1.985118944390240e-07  1.217083701592861e-01 
 1.985318944390240e-07  1.217083701207549e-01 
 1.985518944390240e-07  1.217083700823006e-01 
 1.985718944390240e-07  1.217083700439231e-01 
 1.985918944390240e-07  1.217083700056222e-01 
 1.986118944390240e-07  1.217083699673979e-01 
 1.986318944390240e-07  1.217083699292498e-01 
 1.986518944390240e-07  1.217083698911780e-01 
 1.986718944390240e-07  1.217083698531821e-01 
 1.986918944390240e-07  1.217083698152621e-01 
 1.987118944390240e-07  1.217083697774178e-01 
 1.987318944390240e-07  1.217083697396492e-01 
 1.987518944390240e-07  1.217083697019559e-01 
 1.987718944390240e-07  1.217083696643379e-01 
 1.987918944390240e-07  1.217083696267951e-01 
 1.988118944390240e-07  1.217083695893271e-01 
 1.988318944390240e-07  1.217083695519341e-01 
 1.988518944390240e-07  1.217083695146156e-01 
 1.988718944390239e-07  1.217083694773717e-01 
 1.988918944390239e-07  1.217083694402022e-01 
 1.989118944390239e-07  1.217083694031068e-01 
 1.989318944390239e-07  1.217083693660856e-01 
 1.989518944390239e-07  1.217083693291383e-01 
 1.989718944390239e-07  1.217083692922647e-01 
 1.989918944390239e-07  1.217083692554648e-01 
 1.990118944390239e-07  1.217083692187384e-01 
 1.990318944390239e-07  1.217083691820853e-01 
 1.990518944390239e-07  1.217083691455054e-01 
 1.990718944390239e-07  1.217083691089986e-01 
 1.990918944390239e-07  1.217083690725647e-01 
 1.991118944390239e-07  1.217083690362035e-01 
 1.991318944390239e-07  1.217083689999149e-01 
 1.991518944390239e-07  1.217083689636988e-01 
 1.991718944390239e-07  1.217083689275550e-01 
 1.991918944390239e-07  1.217083688914834e-01 
 1.992118944390239e-07  1.217083688554838e-01 
 1.992318944390239e-07  1.217083688195560e-01 
 1.992518944390239e-07  1.217083687837001e-01 
 1.992718944390239e-07  1.217083687479157e-01 
 1.992918944390239e-07  1.217083687122028e-01 
 1.993118944390239e-07  1.217083686765612e-01 
 1.993318944390239e-07  1.217083686409908e-01 
 1.993518944390239e-07  1.217083686054914e-01 
 1.993718944390239e-07  1.217083685700628e-01 
 1.993918944390238e-07  1.217083685347050e-01 
 1.994118944390238e-07  1.217083684994178e-01 
 1.994318944390238e-07  1.217083684642011e-01 
 1.994518944390238e-07  1.217083684290548e-01 
 1.994718944390238e-07  1.217083683939786e-01 
 1.994918944390238e-07  1.217083683589724e-01 
 1.995118944390238e-07  1.217083683240362e-01 
 1.995318944390238e-07  1.217083682891697e-01 
 1.995518944390238e-07  1.217083682543729e-01 
 1.995718944390238e-07  1.217083682196455e-01 
 1.995918944390238e-07  1.217083681849875e-01 
 1.996118944390238e-07  1.217083681503986e-01 
 1.996318944390238e-07  1.217083681158789e-01 
 1.996518944390238e-07  1.217083680814280e-01 
 1.996718944390238e-07  1.217083680470460e-01 
 1.996918944390238e-07  1.217083680127326e-01 
 1.997118944390238e-07  1.217083679784877e-01 
 1.997318944390238e-07  1.217083679443113e-01 
 1.997518944390238e-07  1.217083679102031e-01 
 1.997718944390238e-07  1.217083678761629e-01 
 1.997918944390238e-07  1.217083678421908e-01 
 1.998118944390238e-07  1.217083678082865e-01 
 1.998318944390238e-07  1.217083677744499e-01 
 1.998518944390238e-07  1.217083677406809e-01 
 1.998718944390238e-07  1.217083677069793e-01 
 1.998918944390238e-07  1.217083676733449e-01 
 1.999118944390238e-07  1.217083676397778e-01 
 1.999318944390237e-07  1.217083676062776e-01 
 1.999518944390237e-07  1.217083675728444e-01 
 1.999718944390237e-07  1.217083675394780e-01 
 1.999918944390237e-07  1.217083675061782e-01 
 2.000118944390237e-07  1.217083674729448e-01 
 2.000318944390237e-07  1.217083674397778e-01 
 2.000518944390237e-07  1.217083674066771e-01 
 2.000718944390237e-07  1.217083673736425e-01 
 2.000918944390237e-07  1.217083673406738e-01 
 2.001118944390237e-07  1.217083673077709e-01 
 2.001318944390237e-07  1.217083672749337e-01 
 2.001518944390237e-07  1.217083672421622e-01 
 2.001718944390237e-07  1.217083672094560e-01 
 2.001918944390237e-07  1.217083671768152e-01 
 2.002118944390237e-07  1.217083671442396e-01 
 2.002318944390237e-07  1.217083671117290e-01 
 2.002518944390237e-07  1.217083670792833e-01 
 2.002718944390237e-07  1.217083670469024e-01 
 2.002918944390237e-07  1.217083670145862e-01 
 2.003118944390237e-07  1.217083669823345e-01 
 2.003318944390237e-07  1.217083669501472e-01 
 2.003518944390237e-07  1.217083669180242e-01 
 2.003718944390237e-07  1.217083668859653e-01 
 2.003918944390237e-07  1.217083668539705e-01 
 2.004118944390237e-07  1.217083668220395e-01 
 2.004318944390237e-07  1.217083667901722e-01 
 2.004518944390236e-07  1.217083667583687e-01 
 2.004718944390236e-07  1.217083667266286e-01 
 2.004918944390236e-07  1.217083666949519e-01 
 2.005118944390236e-07  1.217083666633385e-01 
 2.005318944390236e-07  1.217083666317882e-01 
 2.005518944390236e-07  1.217083666003009e-01 
 2.005718944390236e-07  1.217083665688765e-01 
 2.005918944390236e-07  1.217083665375148e-01 
 2.006118944390236e-07  1.217083665062158e-01 
 2.006318944390236e-07  1.217083664749792e-01 
 2.006518944390236e-07  1.217083664438051e-01 
 2.006718944390236e-07  1.217083664126931e-01 
 2.006918944390236e-07  1.217083663816434e-01 
 2.007118944390236e-07  1.217083663506556e-01 
 2.007318944390236e-07  1.217083663197297e-01 
 2.007518944390236e-07  1.217083662888656e-01 
 2.007718944390236e-07  1.217083662580630e-01 
 2.007918944390236e-07  1.217083662273220e-01 
 2.008118944390236e-07  1.217083661966424e-01 
 2.008318944390236e-07  1.217083661660240e-01 
 2.008518944390236e-07  1.217083661354668e-01 
 2.008718944390236e-07  1.217083661049706e-01 
 2.008918944390236e-07  1.217083660745353e-01 
 2.009118944390236e-07  1.217083660441607e-01 
 2.009318944390236e-07  1.217083660138469e-01 
 2.009518944390236e-07  1.217083659835935e-01 
 2.009718944390235e-07  1.217083659534006e-01 
 2.009918944390235e-07  1.217083659232679e-01 
 2.010118944390235e-07  1.217083658931955e-01 
 2.010318944390235e-07  1.217083658631831e-01 
 2.010518944390235e-07  1.217083658332306e-01 
 2.010718944390235e-07  1.217083658033379e-01 
 2.010918944390235e-07  1.217083657735049e-01 
 2.011118944390235e-07  1.217083657437315e-01 
 2.011318944390235e-07  1.217083657140176e-01 
 2.011518944390235e-07  1.217083656843630e-01 
 2.011718944390235e-07  1.217083656547675e-01 
 2.011918944390235e-07  1.217083656252312e-01 
 2.012118944390235e-07  1.217083655957538e-01 
 2.012318944390235e-07  1.217083655663354e-01 
 2.012518944390235e-07  1.217083655369756e-01 
 2.012718944390235e-07  1.217083655076745e-01 
 2.012918944390235e-07  1.217083654784319e-01 
 2.013118944390235e-07  1.217083654492477e-01 
 2.013318944390235e-07  1.217083654201218e-01 
 2.013518944390235e-07  1.217083653910541e-01 
 2.013718944390235e-07  1.217083653620444e-01 
 2.013918944390235e-07  1.217083653330926e-01 
 2.014118944390235e-07  1.217083653041986e-01 
 2.014318944390235e-07  1.217083652753623e-01 
 2.014518944390235e-07  1.217083652465836e-01 
 2.014718944390235e-07  1.217083652178624e-01 
 2.014918944390235e-07  1.217083651891985e-01 
 2.015118944390234e-07  1.217083651605918e-01 
 2.015318944390234e-07  1.217083651320423e-01 
 2.015518944390234e-07  1.217083651035498e-01 
 2.015718944390234e-07  1.217083650751142e-01 
 2.015918944390234e-07  1.217083650467353e-01 
 2.016118944390234e-07  1.217083650184132e-01 
 2.016318944390234e-07  1.217083649901476e-01 
 2.016518944390234e-07  1.217083649619384e-01 
 2.016718944390234e-07  1.217083649337856e-01 
 2.016918944390234e-07  1.217083649056891e-01 
 2.017118944390234e-07  1.217083648776486e-01 
 2.017318944390234e-07  1.217083648496641e-01 
 2.017518944390234e-07  1.217083648217355e-01 
 2.017718944390234e-07  1.217083647938626e-01 
 2.017918944390234e-07  1.217083647660454e-01 
 2.018118944390234e-07  1.217083647382837e-01 
 2.018318944390234e-07  1.217083647105775e-01 
 2.018518944390234e-07  1.217083646829266e-01 
 2.018718944390234e-07  1.217083646553309e-01 
 2.018918944390234e-07  1.217083646277902e-01 
 2.019118944390234e-07  1.217083646003047e-01 
 2.019318944390234e-07  1.217083645728740e-01 
 2.019518944390234e-07  1.217083645454981e-01 
 2.019718944390234e-07  1.217083645181769e-01 
 2.019918944390234e-07  1.217083644909102e-01 
 2.020118944390234e-07  1.217083644636979e-01 
 2.020318944390233e-07  1.217083644365400e-01 
 2.020518944390233e-07  1.217083644094363e-01 
 2.020718944390233e-07  1.217083643823867e-01 
 2.020918944390233e-07  1.217083643553911e-01 
 2.021118944390233e-07  1.217083643284495e-01 
 2.021318944390233e-07  1.217083643015617e-01 
 2.021518944390233e-07  1.217083642747275e-01 
 2.021718944390233e-07  1.217083642479469e-01 
 2.021918944390233e-07  1.217083642212198e-01 
 2.022118944390233e-07  1.217083641945461e-01 
 2.022318944390233e-07  1.217083641679257e-01 
 2.022518944390233e-07  1.217083641413584e-01 
 2.022718944390233e-07  1.217083641148442e-01 
 2.022918944390233e-07  1.217083640883829e-01 
 2.023118944390233e-07  1.217083640619744e-01 
 2.023318944390233e-07  1.217083640356187e-01 
 2.023518944390233e-07  1.217083640093156e-01 
 2.023718944390233e-07  1.217083639830650e-01 
 2.023918944390233e-07  1.217083639568668e-01 
 2.024118944390233e-07  1.217083639307209e-01 
 2.024318944390233e-07  1.217083639046273e-01 
 2.024518944390233e-07  1.217083638785858e-01 
 2.024718944390233e-07  1.217083638525963e-01 
 2.024918944390233e-07  1.217083638266587e-01 
 2.025118944390233e-07  1.217083638007729e-01 
 2.025318944390233e-07  1.217083637749388e-01 
 2.025518944390233e-07  1.217083637491563e-01 
 2.025718944390232e-07  1.217083637234252e-01 
 2.025918944390232e-07  1.217083636977455e-01 
 2.026118944390232e-07  1.217083636721171e-01 
 2.026318944390232e-07  1.217083636465399e-01 
 2.026518944390232e-07  1.217083636210138e-01 
 2.026718944390232e-07  1.217083635955386e-01 
 2.026918944390232e-07  1.217083635701143e-01 
 2.027118944390232e-07  1.217083635447407e-01 
 2.027318944390232e-07  1.217083635194178e-01 
 2.027518944390232e-07  1.217083634941455e-01 
 2.027718944390232e-07  1.217083634689236e-01 
 2.027918944390232e-07  1.217083634437521e-01 
 2.028118944390232e-07  1.217083634186309e-01 
 2.028318944390232e-07  1.217083633935599e-01 
 2.028518944390232e-07  1.217083633685389e-01 
 2.028718944390232e-07  1.217083633435679e-01 
 2.028918944390232e-07  1.217083633186467e-01 
 2.029118944390232e-07  1.217083632937753e-01 
 2.029318944390232e-07  1.217083632689536e-01 
 2.029518944390232e-07  1.217083632441814e-01 
 2.029718944390232e-07  1.217083632194587e-01 
 2.029918944390232e-07  1.217083631947854e-01 
 2.030118944390232e-07  1.217083631701614e-01 
 2.030318944390232e-07  1.217083631455865e-01 
 2.030518944390232e-07  1.217083631210607e-01 
 2.030718944390232e-07  1.217083630965839e-01 
 2.030918944390231e-07  1.217083630721559e-01 
 2.031118944390231e-07  1.217083630477767e-01 
 2.031318944390231e-07  1.217083630234461e-01 
 2.031518944390231e-07  1.217083629991642e-01 
 2.031718944390231e-07  1.217083629749308e-01 
 2.031918944390231e-07  1.217083629507457e-01 
 2.032118944390231e-07  1.217083629266090e-01 
 2.032318944390231e-07  1.217083629025204e-01 
 2.032518944390231e-07  1.217083628784799e-01 
 2.032718944390231e-07  1.217083628544875e-01 
 2.032918944390231e-07  1.217083628305430e-01 
 2.033118944390231e-07  1.217083628066463e-01 
 2.033318944390231e-07  1.217083627827973e-01 
 2.033518944390231e-07  1.217083627589959e-01 
 2.033718944390231e-07  1.217083627352420e-01 
 2.033918944390231e-07  1.217083627115356e-01 
 2.034118944390231e-07  1.217083626878765e-01 
 2.034318944390231e-07  1.217083626642646e-01 
 2.034518944390231e-07  1.217083626406999e-01 
 2.034718944390231e-07  1.217083626171822e-01 
 2.034918944390231e-07  1.217083625937115e-01 
 2.035118944390231e-07  1.217083625702877e-01 
 2.035318944390231e-07  1.217083625469107e-01 
 2.035518944390231e-07  1.217083625235803e-01 
 2.035718944390231e-07  1.217083625002966e-01 
 2.035918944390231e-07  1.217083624770594e-01 
 2.036118944390230e-07  1.217083624538685e-01 
 2.036318944390230e-07  1.217083624307239e-01 
 2.036518944390230e-07  1.217083624076256e-01 
 2.036718944390230e-07  1.217083623845734e-01 
 2.036918944390230e-07  1.217083623615673e-01 
 2.037118944390230e-07  1.217083623386070e-01 
 2.037318944390230e-07  1.217083623156926e-01 
 2.037518944390230e-07  1.217083622928239e-01 
 2.037718944390230e-07  1.217083622700009e-01 
 2.037918944390230e-07  1.217083622472235e-01 
 2.038118944390230e-07  1.217083622244916e-01 
 2.038318944390230e-07  1.217083622018051e-01 
 2.038518944390230e-07  1.217083621791639e-01 
 2.038718944390230e-07  1.217083621565678e-01 
 2.038918944390230e-07  1.217083621340170e-01 
 2.039118944390230e-07  1.217083621115111e-01 
 2.039318944390230e-07  1.217083620890502e-01 
 2.039518944390230e-07  1.217083620666341e-01 
 2.039718944390230e-07  1.217083620442628e-01 
 2.039918944390230e-07  1.217083620219362e-01 
 2.040118944390230e-07  1.217083619996541e-01 
 2.040318944390230e-07  1.217083619774166e-01 
 2.040518944390230e-07  1.217083619552234e-01 
 2.040718944390230e-07  1.217083619330746e-01 
 2.040918944390230e-07  1.217083619109699e-01 
 2.041118944390230e-07  1.217083618889094e-01 
 2.041318944390230e-07  1.217083618668929e-01 
 2.041518944390229e-07  1.217083618449205e-01 
 2.041718944390229e-07  1.217083618229919e-01 
 2.041918944390229e-07  1.217083618011070e-01 
 2.042118944390229e-07  1.217083617792660e-01 
 2.042318944390229e-07  1.217083617574685e-01 
 2.042518944390229e-07  1.217083617357145e-01 
 2.042718944390229e-07  1.217083617140041e-01 
 2.042918944390229e-07  1.217083616923369e-01 
 2.043118944390229e-07  1.217083616707130e-01 
 2.043318944390229e-07  1.217083616491323e-01 
 2.043518944390229e-07  1.217083616275947e-01 
 2.043718944390229e-07  1.217083616061001e-01 
 2.043918944390229e-07  1.217083615846485e-01 
 2.044118944390229e-07  1.217083615632396e-01 
 2.044318944390229e-07  1.217083615418735e-01 
 2.044518944390229e-07  1.217083615205501e-01 
 2.044718944390229e-07  1.217083614992693e-01 
 2.044918944390229e-07  1.217083614780309e-01 
 2.045118944390229e-07  1.217083614568349e-01 
 2.045318944390229e-07  1.217083614356813e-01 
 2.045518944390229e-07  1.217083614145699e-01 
 2.045718944390229e-07  1.217083613935007e-01 
 2.045918944390229e-07  1.217083613724735e-01 
 2.046118944390229e-07  1.217083613514883e-01 
 2.046318944390229e-07  1.217083613305451e-01 
 2.046518944390229e-07  1.217083613096436e-01 
 2.046718944390228e-07  1.217083612887839e-01 
 2.046918944390228e-07  1.217083612679658e-01 
 2.047118944390228e-07  1.217083612471894e-01 
 2.047318944390228e-07  1.217083612264544e-01 
 2.047518944390228e-07  1.217083612057608e-01 
 2.047718944390228e-07  1.217083611851086e-01 
 2.047918944390228e-07  1.217083611644975e-01 
 2.048118944390228e-07  1.217083611439277e-01 
 2.048318944390228e-07  1.217083611233989e-01 
 2.048518944390228e-07  1.217083611029111e-01 
 2.048718944390228e-07  1.217083610824642e-01 
 2.048918944390228e-07  1.217083610620581e-01 
 2.049118944390228e-07  1.217083610416928e-01 
 2.049318944390228e-07  1.217083610213681e-01 
 2.049518944390228e-07  1.217083610010841e-01 
 2.049718944390228e-07  1.217083609808405e-01 
 2.049918944390228e-07  1.217083609606374e-01 
 2.050118944390228e-07  1.217083609404746e-01 
 2.050318944390228e-07  1.217083609203521e-01 
 2.050518944390228e-07  1.217083609002697e-01 
 2.050718944390228e-07  1.217083608802275e-01 
 2.050918944390228e-07  1.217083608602253e-01 
 2.051118944390228e-07  1.217083608402630e-01 
 2.051318944390228e-07  1.217083608203406e-01 
 2.051518944390228e-07  1.217083608004580e-01 
 2.051718944390228e-07  1.217083607806151e-01 
 2.051918944390227e-07  1.217083607608119e-01 
 2.052118944390227e-07  1.217083607410481e-01 
 2.052318944390227e-07  1.217083607213239e-01 
 2.052518944390227e-07  1.217083607016390e-01 
 2.052718944390227e-07  1.217083606819934e-01 
 2.052918944390227e-07  1.217083606623870e-01 
 2.053118944390227e-07  1.217083606428198e-01 
 2.053318944390227e-07  1.217083606232916e-01 
 2.053518944390227e-07  1.217083606038024e-01 
 2.053718944390227e-07  1.217083605843522e-01 
 2.053918944390227e-07  1.217083605649408e-01 
 2.054118944390227e-07  1.217083605455682e-01 
 2.054318944390227e-07  1.217083605262342e-01 
 2.054518944390227e-07  1.217083605069389e-01 
 2.054718944390227e-07  1.217083604876820e-01 
 2.054918944390227e-07  1.217083604684637e-01 
 2.055118944390227e-07  1.217083604492837e-01 
 2.055318944390227e-07  1.217083604301420e-01 
 2.055518944390227e-07  1.217083604110385e-01 
 2.055718944390227e-07  1.217083603919732e-01 
 2.055918944390227e-07  1.217083603729460e-01 
 2.056118944390227e-07  1.217083603539567e-01 
 2.056318944390227e-07  1.217083603350054e-01 
 2.056518944390227e-07  1.217083603160919e-01 
 2.056718944390227e-07  1.217083602972163e-01 
 2.056918944390227e-07  1.217083602783783e-01 
 2.057118944390227e-07  1.217083602595778e-01 
 2.057318944390226e-07  1.217083602408149e-01 
 2.057518944390226e-07  1.217083602220896e-01 
 2.057718944390226e-07  1.217083602034016e-01 
 2.057918944390226e-07  1.217083601847509e-01 
 2.058118944390226e-07  1.217083601661374e-01 
 2.058318944390226e-07  1.217083601475611e-01 
 2.058518944390226e-07  1.217083601290219e-01 
 2.058718944390226e-07  1.217083601105198e-01 
 2.058918944390226e-07  1.217083600920545e-01 
 2.059118944390226e-07  1.217083600736262e-01 
 2.059318944390226e-07  1.217083600552347e-01 
 2.059518944390226e-07  1.217083600368799e-01 
 2.059718944390226e-07  1.217083600185617e-01 
 2.059918944390226e-07  1.217083600002801e-01 
 2.060118944390226e-07  1.217083599820351e-01 
 2.060318944390226e-07  1.217083599638264e-01 
 2.060518944390226e-07  1.217083599456542e-01 
 2.060718944390226e-07  1.217083599275182e-01 
 2.060918944390226e-07  1.217083599094184e-01 
 2.061118944390226e-07  1.217083598913547e-01 
 2.061318944390226e-07  1.217083598733272e-01 
 2.061518944390226e-07  1.217083598553356e-01 
 2.061718944390226e-07  1.217083598373800e-01 
 2.061918944390226e-07  1.217083598194602e-01 
 2.062118944390226e-07  1.217083598015762e-01 
 2.062318944390226e-07  1.217083597837278e-01 
 2.062518944390225e-07  1.217083597659152e-01 
 2.062718944390225e-07  1.217083597481381e-01 
 2.062918944390225e-07  1.217083597303965e-01 
 2.063118944390225e-07  1.217083597126903e-01 
 2.063318944390225e-07  1.217083596950195e-01 
 2.063518944390225e-07  1.217083596773840e-01 
 2.063718944390225e-07  1.217083596597836e-01 
 2.063918944390225e-07  1.217083596422185e-01 
 2.064118944390225e-07  1.217083596246884e-01 
 2.064318944390225e-07  1.217083596071933e-01 
 2.064518944390225e-07  1.217083595897332e-01 
 2.064718944390225e-07  1.217083595723079e-01 
 2.064918944390225e-07  1.217083595549175e-01 
 2.065118944390225e-07  1.217083595375618e-01 
 2.065318944390225e-07  1.217083595202407e-01 
 2.065518944390225e-07  1.217083595029542e-01 
 2.065718944390225e-07  1.217083594857023e-01 
 2.065918944390225e-07  1.217083594684847e-01 
 2.066118944390225e-07  1.217083594513016e-01 
 2.066318944390225e-07  1.217083594341528e-01 
 2.066518944390225e-07  1.217083594170382e-01 
 2.066718944390225e-07  1.217083593999578e-01 
 2.066918944390225e-07  1.217083593829114e-01 
 2.067118944390225e-07  1.217083593658991e-01 
 2.067318944390225e-07  1.217083593489208e-01 
 2.067518944390225e-07  1.217083593319764e-01 
 2.067718944390225e-07  1.217083593150658e-01 
 2.067918944390224e-07  1.217083592981890e-01 
 2.068118944390224e-07  1.217083592813458e-01 
 2.068318944390224e-07  1.217083592645364e-01 
 2.068518944390224e-07  1.217083592477605e-01 
 2.068718944390224e-07  1.217083592310181e-01 
 2.068918944390224e-07  1.217083592143091e-01 
 2.069118944390224e-07  1.217083591976335e-01 
 2.069318944390224e-07  1.217083591809912e-01 
 2.069518944390224e-07  1.217083591643821e-01 
 2.069718944390224e-07  1.217083591478062e-01 
 2.069918944390224e-07  1.217083591312634e-01 
 2.070118944390224e-07  1.217083591147536e-01 
 2.070318944390224e-07  1.217083590982768e-01 
 2.070518944390224e-07  1.217083590818328e-01 
 2.070718944390224e-07  1.217083590654218e-01 
 2.070918944390224e-07  1.217083590490435e-01 
 2.071118944390224e-07  1.217083590326979e-01 
 2.071318944390224e-07  1.217083590163850e-01 
 2.071518944390224e-07  1.217083590001046e-01 
 2.071718944390224e-07  1.217083589838567e-01 
 2.071918944390224e-07  1.217083589676412e-01 
 2.072118944390224e-07  1.217083589514582e-01 
 2.072318944390224e-07  1.217083589353074e-01 
 2.072518944390224e-07  1.217083589191889e-01 
 2.072718944390224e-07  1.217083589031026e-01 
 2.072918944390224e-07  1.217083588870484e-01 
 2.073118944390223e-07  1.217083588710262e-01 
 2.073318944390223e-07  1.217083588550361e-01 
 2.073518944390223e-07  1.217083588390779e-01 
 2.073718944390223e-07  1.217083588231515e-01 
 2.073918944390223e-07  1.217083588072570e-01 
 2.074118944390223e-07  1.217083587913942e-01 
 2.074318944390223e-07  1.217083587755631e-01 
 2.074518944390223e-07  1.217083587597636e-01 
 2.074718944390223e-07  1.217083587439956e-01 
 2.074918944390223e-07  1.217083587282591e-01 
 2.075118944390223e-07  1.217083587125541e-01 
 2.075318944390223e-07  1.217083586968804e-01 
 2.075518944390223e-07  1.217083586812380e-01 
 2.075718944390223e-07  1.217083586656269e-01 
 2.075918944390223e-07  1.217083586500470e-01 
 2.076118944390223e-07  1.217083586344982e-01 
 2.076318944390223e-07  1.217083586189804e-01 
 2.076518944390223e-07  1.217083586034936e-01 
 2.076718944390223e-07  1.217083585880377e-01 
 2.076918944390223e-07  1.217083585726126e-01 
 2.077118944390223e-07  1.217083585572184e-01 
 2.077318944390223e-07  1.217083585418549e-01 
 2.077518944390223e-07  1.217083585265220e-01 
 2.077718944390223e-07  1.217083585112198e-01 
 2.077918944390223e-07  1.217083584959482e-01 
 2.078118944390223e-07  1.217083584807070e-01 
 2.078318944390222e-07  1.217083584654963e-01 
 2.078518944390222e-07  1.217083584503159e-01 
 2.078718944390222e-07  1.217083584351659e-01 
 2.078918944390222e-07  1.217083584200462e-01 
 2.079118944390222e-07  1.217083584049565e-01 
 2.079318944390222e-07  1.217083583898971e-01 
 2.079518944390222e-07  1.217083583748678e-01 
 2.079718944390222e-07  1.217083583598685e-01 
 2.079918944390222e-07  1.217083583448991e-01 
 2.080118944390222e-07  1.217083583299595e-01 
 2.080318944390222e-07  1.217083583150499e-01 
 2.080518944390222e-07  1.217083583001700e-01 
 2.080718944390222e-07  1.217083582853198e-01 
 2.080918944390222e-07  1.217083582704993e-01 
 2.081118944390222e-07  1.217083582557083e-01 
 2.081318944390222e-07  1.217083582409469e-01 
 2.081518944390222e-07  1.217083582262150e-01 
 2.081718944390222e-07  1.217083582115125e-01 
 2.081918944390222e-07  1.217083581968394e-01 
 2.082118944390222e-07  1.217083581821955e-01 
 2.082318944390222e-07  1.217083581675809e-01 
 2.082518944390222e-07  1.217083581529955e-01 
 2.082718944390222e-07  1.217083581384392e-01 
 2.082918944390222e-07  1.217083581239119e-01 
 2.083118944390222e-07  1.217083581094137e-01 
 2.083318944390222e-07  1.217083580949444e-01 
 2.083518944390222e-07  1.217083580805040e-01 
 2.083718944390221e-07  1.217083580660924e-01 
 2.083918944390221e-07  1.217083580517096e-01 
 2.084118944390221e-07  1.217083580373555e-01 
 2.084318944390221e-07  1.217083580230301e-01 
 2.084518944390221e-07  1.217083580087333e-01 
 2.084718944390221e-07  1.217083579944651e-01 
 2.084918944390221e-07  1.217083579802253e-01 
 2.085118944390221e-07  1.217083579660140e-01 
 2.085318944390221e-07  1.217083579518310e-01 
 2.085518944390221e-07  1.217083579376764e-01 
 2.085718944390221e-07  1.217083579235501e-01 
 2.085918944390221e-07  1.217083579094519e-01 
 2.086118944390221e-07  1.217083578953819e-01 
 2.086318944390221e-07  1.217083578813400e-01 
 2.086518944390221e-07  1.217083578673262e-01 
 2.086718944390221e-07  1.217083578533404e-01 
 2.086918944390221e-07  1.217083578393824e-01 
 2.087118944390221e-07  1.217083578254523e-01 
 2.087318944390221e-07  1.217083578115501e-01 
 2.087518944390221e-07  1.217083577976756e-01 
 2.087718944390221e-07  1.217083577838289e-01 
 2.087918944390221e-07  1.217083577700098e-01 
 2.088118944390221e-07  1.217083577562183e-01 
 2.088318944390221e-07  1.217083577424543e-01 
 2.088518944390221e-07  1.217083577287177e-01 
 2.088718944390221e-07  1.217083577150087e-01 
 2.088918944390220e-07  1.217083577013270e-01 
 2.089118944390220e-07  1.217083576876725e-01 
 2.089318944390220e-07  1.217083576740454e-01 
 2.089518944390220e-07  1.217083576604455e-01 
 2.089718944390220e-07  1.217083576468727e-01 
 2.089918944390220e-07  1.217083576333270e-01 
 2.090118944390220e-07  1.217083576198084e-01 
 2.090318944390220e-07  1.217083576063167e-01 
 2.090518944390220e-07  1.217083575928520e-01 
 2.090718944390220e-07  1.217083575794143e-01 
 2.090918944390220e-07  1.217083575660033e-01 
 2.091118944390220e-07  1.217083575526191e-01 
 2.091318944390220e-07  1.217083575392617e-01 
 2.091518944390220e-07  1.217083575259309e-01 
 2.091718944390220e-07  1.217083575126267e-01 
 2.091918944390220e-07  1.217083574993491e-01 
 2.092118944390220e-07  1.217083574860981e-01 
 2.092318944390220e-07  1.217083574728735e-01 
 2.092518944390220e-07  1.217083574596753e-01 
 2.092718944390220e-07  1.217083574465034e-01 
 2.092918944390220e-07  1.217083574333579e-01 
 2.093118944390220e-07  1.217083574202386e-01 
 2.093318944390220e-07  1.217083574071456e-01 
 2.093518944390220e-07  1.217083573940786e-01 
 2.093718944390220e-07  1.217083573810378e-01 
 2.093918944390220e-07  1.217083573680230e-01 
 2.094118944390219e-07  1.217083573550342e-01 
 2.094318944390219e-07  1.217083573420713e-01 
 2.094518944390219e-07  1.217083573291343e-01 
 2.094718944390219e-07  1.217083573162231e-01 
 2.094918944390219e-07  1.217083573033377e-01 
 2.095118944390219e-07  1.217083572904781e-01 
 2.095318944390219e-07  1.217083572776440e-01 
 2.095518944390219e-07  1.217083572648356e-01 
 2.095718944390219e-07  1.217083572520529e-01 
 2.095918944390219e-07  1.217083572392956e-01 
 2.096118944390219e-07  1.217083572265638e-01 
 2.096318944390219e-07  1.217083572138575e-01 
 2.096518944390219e-07  1.217083572011765e-01 
 2.096718944390219e-07  1.217083571885208e-01 
 2.096918944390219e-07  1.217083571758904e-01 
 2.097118944390219e-07  1.217083571632852e-01 
 2.097318944390219e-07  1.217083571507052e-01 
 2.097518944390219e-07  1.217083571381504e-01 
 2.097718944390219e-07  1.217083571256206e-01 
 2.097918944390219e-07  1.217083571131158e-01 
 2.098118944390219e-07  1.217083571006359e-01 
 2.098318944390219e-07  1.217083570881811e-01 
 2.098518944390219e-07  1.217083570757510e-01 
 2.098718944390219e-07  1.217083570633459e-01 
 2.098918944390219e-07  1.217083570509654e-01 
 2.099118944390219e-07  1.217083570386097e-01 
 2.099318944390219e-07  1.217083570262787e-01 
 2.099518944390218e-07  1.217083570139723e-01 
 2.099718944390218e-07  1.217083570016904e-01 
 2.099918944390218e-07  1.217083569894331e-01 
 2.100118944390218e-07  1.217083569772003e-01 
 2.100318944390218e-07  1.217083569649919e-01 
 2.100518944390218e-07  1.217083569528079e-01 
 2.100718944390218e-07  1.217083569406483e-01 
 2.100918944390218e-07  1.217083569285129e-01 
 2.101118944390218e-07  1.217083569164017e-01 
 2.101318944390218e-07  1.217083569043147e-01 
 2.101518944390218e-07  1.217083568922519e-01 
 2.101718944390218e-07  1.217083568802131e-01 
 2.101918944390218e-07  1.217083568681983e-01 
 2.102118944390218e-07  1.217083568562076e-01 
 2.102318944390218e-07  1.217083568442408e-01 
 2.102518944390218e-07  1.217083568322979e-01 
 2.102718944390218e-07  1.217083568203788e-01 
 2.102918944390218e-07  1.217083568084835e-01 
 2.103118944390218e-07  1.217083567966120e-01 
 2.103318944390218e-07  1.217083567847641e-01 
 2.103518944390218e-07  1.217083567729400e-01 
 2.103718944390218e-07  1.217083567611395e-01 
 2.103918944390218e-07  1.217083567493626e-01 
 2.104118944390218e-07  1.217083567376091e-01 
 2.104318944390218e-07  1.217083567258792e-01 
 2.104518944390218e-07  1.217083567141726e-01 
 2.104718944390217e-07  1.217083567024894e-01 
 2.104918944390217e-07  1.217083566908296e-01 
 2.105118944390217e-07  1.217083566791931e-01 
 2.105318944390217e-07  1.217083566675797e-01 
 2.105518944390217e-07  1.217083566559896e-01 
 2.105718944390217e-07  1.217083566444226e-01 
 2.105918944390217e-07  1.217083566328787e-01 
 2.106118944390217e-07  1.217083566213579e-01 
 2.106318944390217e-07  1.217083566098601e-01 
 2.106518944390217e-07  1.217083565983852e-01 
 2.106718944390217e-07  1.217083565869333e-01 
 2.106918944390217e-07  1.217083565755042e-01 
 2.107118944390217e-07  1.217083565640980e-01 
 2.107318944390217e-07  1.217083565527145e-01 
 2.107518944390217e-07  1.217083565413537e-01 
 2.107718944390217e-07  1.217083565300157e-01 
 2.107918944390217e-07  1.217083565187002e-01 
 2.108118944390217e-07  1.217083565074074e-01 
 2.108318944390217e-07  1.217083564961371e-01 
 2.108518944390217e-07  1.217083564848893e-01 
 2.108718944390217e-07  1.217083564736640e-01 
 2.108918944390217e-07  1.217083564624610e-01 
 2.109118944390217e-07  1.217083564512805e-01 
 2.109318944390217e-07  1.217083564401222e-01 
 2.109518944390217e-07  1.217083564289863e-01 
 2.109718944390217e-07  1.217083564178725e-01 
 2.109918944390217e-07  1.217083564067810e-01 
 2.110118944390216e-07  1.217083563957116e-01 
 2.110318944390216e-07  1.217083563846644e-01 
 2.110518944390216e-07  1.217083563736392e-01 
 2.110718944390216e-07  1.217083563626360e-01 
 2.110918944390216e-07  1.217083563516548e-01 
 2.111118944390216e-07  1.217083563406955e-01 
 2.111318944390216e-07  1.217083563297581e-01 
 2.111518944390216e-07  1.217083563188425e-01 
 2.111718944390216e-07  1.217083563079488e-01 
 2.111918944390216e-07  1.217083562970768e-01 
 2.112118944390216e-07  1.217083562862265e-01 
 2.112318944390216e-07  1.217083562753979e-01 
 2.112518944390216e-07  1.217083562645909e-01 
 2.112718944390216e-07  1.217083562538054e-01 
 2.112918944390216e-07  1.217083562430415e-01 
 2.113118944390216e-07  1.217083562322992e-01 
 2.113318944390216e-07  1.217083562215782e-01 
 2.113518944390216e-07  1.217083562108787e-01 
 2.113718944390216e-07  1.217083562002006e-01 
 2.113918944390216e-07  1.217083561895437e-01 
 2.114118944390216e-07  1.217083561789082e-01 
 2.114318944390216e-07  1.217083561682939e-01 
 2.114518944390216e-07  1.217083561577007e-01 
 2.114718944390216e-07  1.217083561471288e-01 
 2.114918944390216e-07  1.217083561365779e-01 
 2.115118944390216e-07  1.217083561260481e-01 
 2.115318944390215e-07  1.217083561155394e-01 
 2.115518944390215e-07  1.217083561050516e-01 
 2.115718944390215e-07  1.217083560945848e-01 
 2.115918944390215e-07  1.217083560841388e-01 
 2.116118944390215e-07  1.217083560737138e-01 
 2.116318944390215e-07  1.217083560633095e-01 
 2.116518944390215e-07  1.217083560529260e-01 
 2.116718944390215e-07  1.217083560425632e-01 
 2.116918944390215e-07  1.217083560322211e-01 
 2.117118944390215e-07  1.217083560218997e-01 
 2.117318944390215e-07  1.217083560115989e-01 
 2.117518944390215e-07  1.217083560013187e-01 
 2.117718944390215e-07  1.217083559910589e-01 
 2.117918944390215e-07  1.217083559808197e-01 
 2.118118944390215e-07  1.217083559706009e-01 
 2.118318944390215e-07  1.217083559604025e-01 
 2.118518944390215e-07  1.217083559502245e-01 
 2.118718944390215e-07  1.217083559400668e-01 
 2.118918944390215e-07  1.217083559299294e-01 
 2.119118944390215e-07  1.217083559198122e-01 
 2.119318944390215e-07  1.217083559097153e-01 
 2.119518944390215e-07  1.217083558996385e-01 
 2.119718944390215e-07  1.217083558895818e-01 
 2.119918944390215e-07  1.217083558795452e-01 
 2.120118944390215e-07  1.217083558695286e-01 
 2.120318944390215e-07  1.217083558595321e-01 
 2.120518944390214e-07  1.217083558495555e-01 
 2.120718944390214e-07  1.217083558395988e-01 
 2.120918944390214e-07  1.217083558296621e-01 
 2.121118944390214e-07  1.217083558197451e-01 
 2.121318944390214e-07  1.217083558098480e-01 
 2.121518944390214e-07  1.217083557999706e-01 
 2.121718944390214e-07  1.217083557901130e-01 
 2.121918944390214e-07  1.217083557802751e-01 
 2.122118944390214e-07  1.217083557704568e-01 
 2.122318944390214e-07  1.217083557606581e-01 
 2.122518944390214e-07  1.217083557508789e-01 
 2.122718944390214e-07  1.217083557411193e-01 
 2.122918944390214e-07  1.217083557313792e-01 
 2.123118944390214e-07  1.217083557216585e-01 
 2.123318944390214e-07  1.217083557119573e-01 
 2.123518944390214e-07  1.217083557022754e-01 
 2.123718944390214e-07  1.217083556926129e-01 
 2.123918944390214e-07  1.217083556829697e-01 
 2.124118944390214e-07  1.217083556733457e-01 
 2.124318944390214e-07  1.217083556637410e-01 
 2.124518944390214e-07  1.217083556541554e-01 
 2.124718944390214e-07  1.217083556445889e-01 
 2.124918944390214e-07  1.217083556350415e-01 
 2.125118944390214e-07  1.217083556255132e-01 
 2.125318944390214e-07  1.217083556160039e-01 
 2.125518944390214e-07  1.217083556065136e-01 
 2.125718944390214e-07  1.217083555970423e-01 
 2.125918944390213e-07  1.217083555875898e-01 
 2.126118944390213e-07  1.217083555781563e-01 
 2.126318944390213e-07  1.217083555687416e-01 
 2.126518944390213e-07  1.217083555593456e-01 
 2.126718944390213e-07  1.217083555499685e-01 
 2.126918944390213e-07  1.217083555406100e-01 
 2.127118944390213e-07  1.217083555312703e-01 
 2.127318944390213e-07  1.217083555219492e-01 
 2.127518944390213e-07  1.217083555126467e-01 
 2.127718944390213e-07  1.217083555033628e-01 
 2.127918944390213e-07  1.217083554940975e-01 
 2.128118944390213e-07  1.217083554848506e-01 
 2.128318944390213e-07  1.217083554756222e-01 
 2.128518944390213e-07  1.217083554664123e-01 
 2.128718944390213e-07  1.217083554572207e-01 
 2.128918944390213e-07  1.217083554480475e-01 
 2.129118944390213e-07  1.217083554388927e-01 
 2.129318944390213e-07  1.217083554297561e-01 
 2.129518944390213e-07  1.217083554206377e-01 
 2.129718944390213e-07  1.217083554115375e-01 
 2.129918944390213e-07  1.217083554024555e-01 
 2.130118944390213e-07  1.217083553933917e-01 
 2.130318944390213e-07  1.217083553843460e-01 
 2.130518944390213e-07  1.217083553753183e-01 
 2.130718944390213e-07  1.217083553663086e-01 
 2.130918944390213e-07  1.217083553573169e-01 
 2.131118944390212e-07  1.217083553483432e-01 
 2.131318944390212e-07  1.217083553393873e-01 
 2.131518944390212e-07  1.217083553304494e-01 
 2.131718944390212e-07  1.217083553215294e-01 
 2.131918944390212e-07  1.217083553126271e-01 
 2.132118944390212e-07  1.217083553037426e-01 
 2.132318944390212e-07  1.217083552948759e-01 
 2.132518944390212e-07  1.217083552860269e-01 
 2.132718944390212e-07  1.217083552771955e-01 
 2.132918944390212e-07  1.217083552683818e-01 
 2.133118944390212e-07  1.217083552595857e-01 
 2.133318944390212e-07  1.217083552508071e-01 
 2.133518944390212e-07  1.217083552420461e-01 
 2.133718944390212e-07  1.217083552333026e-01 
 2.133918944390212e-07  1.217083552245765e-01 
 2.134118944390212e-07  1.217083552158678e-01 
 2.134318944390212e-07  1.217083552071766e-01 
 2.134518944390212e-07  1.217083551985026e-01 
 2.134718944390212e-07  1.217083551898460e-01 
 2.134918944390212e-07  1.217083551812067e-01 
 2.135118944390212e-07  1.217083551725846e-01 
 2.135318944390212e-07  1.217083551639798e-01 
 2.135518944390212e-07  1.217083551553921e-01 
 2.135718944390212e-07  1.217083551468216e-01 
 2.135918944390212e-07  1.217083551382681e-01 
 2.136118944390212e-07  1.217083551297318e-01 
 2.136318944390211e-07  1.217083551212125e-01 
 2.136518944390211e-07  1.217083551127102e-01 
 2.136718944390211e-07  1.217083551042249e-01 
 2.136918944390211e-07  1.217083550957566e-01 
 2.137118944390211e-07  1.217083550873051e-01 
 2.137318944390211e-07  1.217083550788706e-01 
 2.137518944390211e-07  1.217083550704529e-01 
 2.137718944390211e-07  1.217083550620520e-01 
 2.137918944390211e-07  1.217083550536679e-01 
 2.138118944390211e-07  1.217083550453005e-01 
 2.138318944390211e-07  1.217083550369498e-01 
 2.138518944390211e-07  1.217083550286158e-01 
 2.138718944390211e-07  1.217083550202984e-01 
 2.138918944390211e-07  1.217083550119977e-01 
 2.139118944390211e-07  1.217083550037135e-01 
 2.139318944390211e-07  1.217083549954459e-01 
 2.139518944390211e-07  1.217083549871948e-01 
 2.139718944390211e-07  1.217083549789601e-01 
 2.139918944390211e-07  1.217083549707419e-01 
 2.140118944390211e-07  1.217083549625401e-01 
 2.140318944390211e-07  1.217083549543548e-01 
 2.140518944390211e-07  1.217083549461857e-01 
 2.140718944390211e-07  1.217083549380329e-01 
 2.140918944390211e-07  1.217083549298965e-01 
 2.141118944390211e-07  1.217083549217763e-01 
 2.141318944390211e-07  1.217083549136723e-01 
 2.141518944390211e-07  1.217083549055845e-01 
 2.141718944390210e-07  1.217083548975129e-01 
 2.141918944390210e-07  1.217083548894573e-01 
 2.142118944390210e-07  1.217083548814179e-01 
 2.142318944390210e-07  1.217083548733945e-01 
 2.142518944390210e-07  1.217083548653871e-01 
 2.142718944390210e-07  1.217083548573957e-01 
 2.142918944390210e-07  1.217083548494203e-01 
 2.143118944390210e-07  1.217083548414608e-01 
 2.143318944390210e-07  1.217083548335172e-01 
 2.143518944390210e-07  1.217083548255895e-01 
 2.143718944390210e-07  1.217083548176775e-01 
 2.143918944390210e-07  1.217083548097814e-01 
 2.144118944390210e-07  1.217083548019010e-01 
 2.144318944390210e-07  1.217083547940363e-01 
 2.144518944390210e-07  1.217083547861873e-01 
 2.144718944390210e-07  1.217083547783541e-01 
 2.144918944390210e-07  1.217083547705365e-01 
 2.145118944390210e-07  1.217083547627345e-01 
 2.145318944390210e-07  1.217083547549481e-01 
 2.145518944390210e-07  1.217083547471772e-01 
 2.145718944390210e-07  1.217083547394218e-01 
 2.145918944390210e-07  1.217083547316819e-01 
 2.146118944390210e-07  1.217083547239575e-01 
 2.146318944390210e-07  1.217083547162485e-01 
 2.146518944390210e-07  1.217083547085548e-01 
 2.146718944390210e-07  1.217083547008766e-01 
 2.146918944390209e-07  1.217083546932137e-01 
 2.147118944390209e-07  1.217083546855661e-01 
 2.147318944390209e-07  1.217083546779337e-01 
 2.147518944390209e-07  1.217083546703166e-01 
 2.147718944390209e-07  1.217083546627147e-01 
 2.147918944390209e-07  1.217083546551280e-01 
 2.148118944390209e-07  1.217083546475564e-01 
 2.148318944390209e-07  1.217083546400000e-01 
 2.148518944390209e-07  1.217083546324586e-01 
 2.148718944390209e-07  1.217083546249324e-01 
 2.148918944390209e-07  1.217083546174212e-01 
 2.149118944390209e-07  1.217083546099249e-01 
 2.149318944390209e-07  1.217083546024437e-01 
 2.149518944390209e-07  1.217083545949773e-01 
 2.149718944390209e-07  1.217083545875259e-01 
 2.149918944390209e-07  1.217083545800893e-01 
 2.150118944390209e-07  1.217083545726676e-01 
 2.150318944390209e-07  1.217083545652607e-01 
 2.150518944390209e-07  1.217083545578686e-01 
 2.150718944390209e-07  1.217083545504913e-01 
 2.150918944390209e-07  1.217083545431287e-01 
 2.151118944390209e-07  1.217083545357809e-01 
 2.151318944390209e-07  1.217083545284477e-01 
 2.151518944390209e-07  1.217083545211291e-01 
 2.151718944390209e-07  1.217083545138251e-01 
 2.151918944390209e-07  1.217083545065357e-01 
 2.152118944390209e-07  1.217083544992609e-01 
 2.152318944390208e-07  1.217083544920006e-01 
 2.152518944390208e-07  1.217083544847548e-01 
 2.152718944390208e-07  1.217083544775235e-01 
 2.152918944390208e-07  1.217083544703066e-01 
 2.153118944390208e-07  1.217083544631041e-01 
 2.153318944390208e-07  1.217083544559160e-01 
 2.153518944390208e-07  1.217083544487423e-01 
 2.153718944390208e-07  1.217083544415829e-01 
 2.153918944390208e-07  1.217083544344377e-01 
 2.154118944390208e-07  1.217083544273069e-01 
 2.154318944390208e-07  1.217083544201903e-01 
 2.154518944390208e-07  1.217083544130879e-01 
 2.154718944390208e-07  1.217083544059997e-01 
 2.154918944390208e-07  1.217083543989256e-01 
 2.155118944390208e-07  1.217083543918657e-01 
 2.155318944390208e-07  1.217083543848198e-01 
 2.155518944390208e-07  1.217083543777881e-01 
 2.155718944390208e-07  1.217083543707703e-01 
 2.155918944390208e-07  1.217083543637666e-01 
 2.156118944390208e-07  1.217083543567768e-01 
 2.156318944390208e-07  1.217083543498011e-01 
 2.156518944390208e-07  1.217083543428392e-01 
 2.156718944390208e-07  1.217083543358913e-01 
 2.156918944390208e-07  1.217083543289572e-01 
 2.157118944390208e-07  1.217083543220369e-01 
 2.157318944390208e-07  1.217083543151305e-01 
 2.157518944390207e-07  1.217083543082379e-01 
 2.157718944390207e-07  1.217083543013590e-01 
 2.157918944390207e-07  1.217083542944939e-01 
 2.158118944390207e-07  1.217083542876424e-01 
 2.158318944390207e-07  1.217083542808047e-01 
 2.158518944390207e-07  1.217083542739806e-01 
 2.158718944390207e-07  1.217083542671701e-01 
 2.158918944390207e-07  1.217083542603732e-01 
 2.159118944390207e-07  1.217083542535899e-01 
 2.159318944390207e-07  1.217083542468202e-01 
 2.159518944390207e-07  1.217083542400640e-01 
 2.159718944390207e-07  1.217083542333212e-01 
 2.159918944390207e-07  1.217083542265920e-01 
 2.160118944390207e-07  1.217083542198762e-01 
 2.160318944390207e-07  1.217083542131738e-01 
 2.160518944390207e-07  1.217083542064848e-01 
 2.160718944390207e-07  1.217083541998091e-01 
 2.160918944390207e-07  1.217083541931468e-01 
 2.161118944390207e-07  1.217083541864977e-01 
 2.161318944390207e-07  1.217083541798620e-01 
 2.161518944390207e-07  1.217083541732394e-01 
 2.161718944390207e-07  1.217083541666302e-01 
 2.161918944390207e-07  1.217083541600341e-01 
 2.162118944390207e-07  1.217083541534512e-01 
 2.162318944390207e-07  1.217083541468815e-01 
 2.162518944390207e-07  1.217083541403248e-01 
 2.162718944390206e-07  1.217083541337813e-01 
 2.162918944390206e-07  1.217083541272508e-01 
 2.163118944390206e-07  1.217083541207333e-01 
 2.163318944390206e-07  1.217083541142289e-01 
 2.163518944390206e-07  1.217083541077374e-01 
 2.163718944390206e-07  1.217083541012590e-01 
 2.163918944390206e-07  1.217083540947935e-01 
 2.164118944390206e-07  1.217083540883409e-01 
 2.164318944390206e-07  1.217083540819011e-01 
 2.164518944390206e-07  1.217083540754743e-01 
 2.164718944390206e-07  1.217083540690602e-01 
 2.164918944390206e-07  1.217083540626590e-01 
 2.165118944390206e-07  1.217083540562705e-01 
 2.165318944390206e-07  1.217083540498949e-01 
 2.165518944390206e-07  1.217083540435319e-01 
 2.165718944390206e-07  1.217083540371817e-01 
 2.165918944390206e-07  1.217083540308441e-01 
 2.166118944390206e-07  1.217083540245191e-01 
 2.166318944390206e-07  1.217083540182069e-01 
 2.166518944390206e-07  1.217083540119072e-01 
 2.166718944390206e-07  1.217083540056201e-01 
 2.166918944390206e-07  1.217083539993455e-01 
 2.167118944390206e-07  1.217083539930835e-01 
 2.167318944390206e-07  1.217083539868339e-01 
 2.167518944390206e-07  1.217083539805969e-01 
 2.167718944390206e-07  1.217083539743723e-01 
 2.167918944390206e-07  1.217083539681601e-01 
 2.168118944390205e-07  1.217083539619603e-01 
 2.168318944390205e-07  1.217083539557729e-01 
 2.168518944390205e-07  1.217083539495979e-01 
 2.168718944390205e-07  1.217083539434352e-01 
 2.168918944390205e-07  1.217083539372847e-01 
 2.169118944390205e-07  1.217083539311466e-01 
 2.169318944390205e-07  1.217083539250208e-01 
 2.169518944390205e-07  1.217083539189072e-01 
 2.169718944390205e-07  1.217083539128057e-01 
 2.169918944390205e-07  1.217083539067165e-01 
 2.170118944390205e-07  1.217083539006394e-01 
 2.170318944390205e-07  1.217083538945744e-01 
 2.170518944390205e-07  1.217083538885216e-01 
 2.170718944390205e-07  1.217083538824808e-01 
 2.170918944390205e-07  1.217083538764521e-01 
 2.171118944390205e-07  1.217083538704355e-01 
 2.171318944390205e-07  1.217083538644308e-01 
 2.171518944390205e-07  1.217083538584382e-01 
 2.171718944390205e-07  1.217083538524575e-01 
 2.171918944390205e-07  1.217083538464888e-01 
 2.172118944390205e-07  1.217083538405320e-01 
 2.172318944390205e-07  1.217083538345871e-01 
 2.172518944390205e-07  1.217083538286540e-01 
 2.172718944390205e-07  1.217083538227328e-01 
 2.172918944390205e-07  1.217083538168234e-01 
 2.173118944390205e-07  1.217083538109259e-01 
 2.173318944390204e-07  1.217083538050401e-01 
 2.173518944390204e-07  1.217083537991661e-01 
 2.173718944390204e-07  1.217083537933038e-01 
 2.173918944390204e-07  1.217083537874531e-01 
 2.174118944390204e-07  1.217083537816142e-01 
 2.174318944390204e-07  1.217083537757870e-01 
 2.174518944390204e-07  1.217083537699713e-01 
 2.174718944390204e-07  1.217083537641673e-01 
 2.174918944390204e-07  1.217083537583749e-01 
 2.175118944390204e-07  1.217083537525940e-01 
 2.175318944390204e-07  1.217083537468247e-01 
 2.175518944390204e-07  1.217083537410669e-01 
 2.175718944390204e-07  1.217083537353207e-01 
 2.175918944390204e-07  1.217083537295859e-01 
 2.176118944390204e-07  1.217083537238625e-01 
 2.176318944390204e-07  1.217083537181506e-01 
 2.176518944390204e-07  1.217083537124501e-01 
 2.176718944390204e-07  1.217083537067610e-01 
 2.176918944390204e-07  1.217083537010832e-01 
 2.177118944390204e-07  1.217083536954167e-01 
 2.177318944390204e-07  1.217083536897616e-01 
 2.177518944390204e-07  1.217083536841178e-01 
 2.177718944390204e-07  1.217083536784852e-01 
 2.177918944390204e-07  1.217083536728638e-01 
 2.178118944390204e-07  1.217083536672537e-01 
 2.178318944390204e-07  1.217083536616549e-01 
 2.178518944390203e-07  1.217083536560672e-01 
 2.178718944390203e-07  1.217083536504907e-01 
 2.178918944390203e-07  1.217083536449253e-01 
 2.179118944390203e-07  1.217083536393710e-01 
 2.179318944390203e-07  1.217083536338278e-01 
 2.179518944390203e-07  1.217083536282956e-01 
 2.179718944390203e-07  1.217083536227744e-01 
 2.179918944390203e-07  1.217083536172644e-01 
 2.180118944390203e-07  1.217083536117653e-01 
 2.180318944390203e-07  1.217083536062772e-01 
 2.180518944390203e-07  1.217083536008001e-01 
 2.180718944390203e-07  1.217083535953340e-01 
 2.180918944390203e-07  1.217083535898787e-01 
 2.181118944390203e-07  1.217083535844344e-01 
 2.181318944390203e-07  1.217083535790009e-01 
 2.181518944390203e-07  1.217083535735782e-01 
 2.181718944390203e-07  1.217083535681664e-01 
 2.181918944390203e-07  1.217083535627655e-01 
 2.182118944390203e-07  1.217083535573752e-01 
 2.182318944390203e-07  1.217083535519958e-01 
 2.182518944390203e-07  1.217083535466270e-01 
 2.182718944390203e-07  1.217083535412690e-01 
 2.182918944390203e-07  1.217083535359216e-01 
 2.183118944390203e-07  1.217083535305850e-01 
 2.183318944390203e-07  1.217083535252590e-01 
 2.183518944390203e-07  1.217083535199436e-01 
 2.183718944390203e-07  1.217083535146389e-01 
 2.183918944390202e-07  1.217083535093447e-01 
 2.184118944390202e-07  1.217083535040611e-01 
 2.184318944390202e-07  1.217083534987881e-01 
 2.184518944390202e-07  1.217083534935255e-01 
 2.184718944390202e-07  1.217083534882736e-01 
 2.184918944390202e-07  1.217083534830321e-01 
 2.185118944390202e-07  1.217083534778010e-01 
 2.185318944390202e-07  1.217083534725804e-01 
 2.185518944390202e-07  1.217083534673703e-01 
 2.185718944390202e-07  1.217083534621705e-01 
 2.185918944390202e-07  1.217083534569811e-01 
 2.186118944390202e-07  1.217083534518021e-01 
 2.186318944390202e-07  1.217083534466335e-01 
 2.186518944390202e-07  1.217083534414751e-01 
 2.186718944390202e-07  1.217083534363271e-01 
 2.186918944390202e-07  1.217083534311893e-01 
 2.187118944390202e-07  1.217083534260618e-01 
 2.187318944390202e-07  1.217083534209445e-01 
 2.187518944390202e-07  1.217083534158375e-01 
 2.187718944390202e-07  1.217083534107406e-01 
 2.187918944390202e-07  1.217083534056539e-01 
 2.188118944390202e-07  1.217083534005774e-01 
 2.188318944390202e-07  1.217083533955110e-01 
 2.188518944390202e-07  1.217083533904547e-01 
 2.188718944390202e-07  1.217083533854085e-01 
 2.188918944390202e-07  1.217083533803724e-01 
 2.189118944390201e-07  1.217083533753464e-01 
 2.189318944390201e-07  1.217083533703304e-01 
 2.189518944390201e-07  1.217083533653244e-01 
 2.189718944390201e-07  1.217083533603284e-01 
 2.189918944390201e-07  1.217083533553424e-01 
 2.190118944390201e-07  1.217083533503663e-01 
 2.190318944390201e-07  1.217083533454001e-01 
 2.190518944390201e-07  1.217083533404439e-01 
 2.190718944390201e-07  1.217083533354976e-01 
 2.190918944390201e-07  1.217083533305612e-01 
 2.191118944390201e-07  1.217083533256346e-01 
 2.191318944390201e-07  1.217083533207179e-01 
 2.191518944390201e-07  1.217083533158110e-01 
 2.191718944390201e-07  1.217083533109139e-01 
 2.191918944390201e-07  1.217083533060265e-01 
 2.192118944390201e-07  1.217083533011489e-01 
 2.192318944390201e-07  1.217083532962811e-01 
 2.192518944390201e-07  1.217083532914230e-01 
 2.192718944390201e-07  1.217083532865746e-01 
 2.192918944390201e-07  1.217083532817358e-01 
 2.193118944390201e-07  1.217083532769068e-01 
 2.193318944390201e-07  1.217083532720873e-01 
 2.193518944390201e-07  1.217083532672776e-01 
 2.193718944390201e-07  1.217083532624774e-01 
 2.193918944390201e-07  1.217083532576867e-01 
 2.194118944390201e-07  1.217083532529057e-01 
 2.194318944390201e-07  1.217083532481342e-01 
 2.194518944390200e-07  1.217083532433723e-01 
 2.194718944390200e-07  1.217083532386199e-01 
 2.194918944390200e-07  1.217083532338769e-01 
 2.195118944390200e-07  1.217083532291434e-01 
 2.195318944390200e-07  1.217083532244194e-01 
 2.195518944390200e-07  1.217083532197047e-01 
 2.195718944390200e-07  1.217083532149996e-01 
 2.195918944390200e-07  1.217083532103038e-01 
 2.196118944390200e-07  1.217083532056173e-01 
 2.196318944390200e-07  1.217083532009403e-01 
 2.196518944390200e-07  1.217083531962726e-01 
 2.196718944390200e-07  1.217083531916142e-01 
 2.196918944390200e-07  1.217083531869651e-01 
 2.197118944390200e-07  1.217083531823253e-01 
 2.197318944390200e-07  1.217083531776948e-01 
 2.197518944390200e-07  1.217083531730734e-01 
 2.197718944390200e-07  1.217083531684614e-01 
 2.197918944390200e-07  1.217083531638585e-01 
 2.198118944390200e-07  1.217083531592648e-01 
 2.198318944390200e-07  1.217083531546804e-01 
 2.198518944390200e-07  1.217083531501050e-01 
 2.198718944390200e-07  1.217083531455388e-01 
 2.198918944390200e-07  1.217083531409817e-01 
 2.199118944390200e-07  1.217083531364337e-01 
 2.199318944390200e-07  1.217083531318948e-01 
 2.199518944390200e-07  1.217083531273649e-01 
 2.199718944390199e-07  1.217083531228440e-01 
 2.199918944390199e-07  1.217083531183322e-01 
 2.200000000000000e-07  1.217083531165062e-01 
