 time                   v(n0)                 
 0.000000000000000e+00  1.217083508634017e-01 
 2.000000000000000e-13  1.217083508634016e-01 
 4.000000000000000e-13  1.217083508634016e-01 
 8.000000000000000e-13  1.217083508634016e-01 
 1.600000000000000e-12  1.217083508634016e-01 
 3.200000000000000e-12  1.217083508634016e-01 
 6.400000000000000e-12  1.217083508634016e-01 
 1.280000000000000e-11  1.217083508634016e-01 
 2.560000000000000e-11  1.217083508634016e-01 
 4.560000000000000e-11  1.217083508634016e-01 
 6.560000000000000e-11  1.217083508634016e-01 
 8.559999999999999e-11  1.217083508634017e-01 
 1.056000000000000e-10  1.217083508634017e-01 
 1.256000000000000e-10  1.217083508634017e-01 
 1.456000000000000e-10  1.217083508634017e-01 
 1.656000000000000e-10  1.217083508634017e-01 
 1.856000000000000e-10  1.217083508634018e-01 
 2.056000000000000e-10  1.217083508634018e-01 
 2.256000000000000e-10  1.217083508634018e-01 
 2.456000000000000e-10  1.217083508634018e-01 
 2.656000000000000e-10  1.217083508634018e-01 
 2.856000000000000e-10  1.217083508634019e-01 
 3.056000000000000e-10  1.217083508634019e-01 
 3.255999999999999e-10  1.217083508634020e-01 
 3.455999999999999e-10  1.217083508634020e-01 
 3.655999999999999e-10  1.217083508634020e-01 
 3.855999999999999e-10  1.217083508634020e-01 
 4.055999999999999e-10  1.217083508634021e-01 
 4.255999999999999e-10  1.217083508634021e-01 
 4.455999999999998e-10  1.217083508634021e-01 
 4.655999999999998e-10  1.217083508634021e-01 
 4.855999999999999e-10  1.217083508634021e-01 
 5.055999999999999e-10  1.217083508634021e-01 
 5.255999999999999e-10  1.217083508634022e-01 
 5.456000000000000e-10  1.217083508634022e-01 
 5.656000000000000e-10  1.217083508634022e-01 
 5.856000000000000e-10  1.217083508634022e-01 
 6.056000000000001e-10  1.217083508634022e-01 
 6.256000000000001e-10  1.217083508634023e-01 
 6.456000000000001e-10  1.217083508634023e-01 
 6.656000000000002e-10  1.217083508634023e-01 
 6.856000000000002e-10  1.217083508634023e-01 
 7.056000000000002e-10  1.217083508634023e-01 
 7.256000000000003e-10  1.217083508634024e-01 
 7.456000000000003e-10  1.217083508634024e-01 
 7.656000000000003e-10  1.217083508634023e-01 
 7.856000000000004e-10  1.217083508634023e-01 
 8.056000000000004e-10  1.217083508634023e-01 
 8.256000000000004e-10  1.217083508634023e-01 
 8.456000000000005e-10  1.217083508634024e-01 
 8.656000000000005e-10  1.217083508634024e-01 
 8.856000000000005e-10  1.217083508634023e-01 
 9.056000000000006e-10  1.217083508634023e-01 
 9.256000000000006e-10  1.217083508634023e-01 
 9.456000000000005e-10  1.217083508634023e-01 
 9.656000000000005e-10  1.217083508634024e-01 
 9.856000000000004e-10  1.217083508634024e-01 
 1.005600000000000e-09  1.217083508634023e-01 
 1.025600000000000e-09  1.217083508634023e-01 
 1.045600000000000e-09  1.217083508634023e-01 
 1.065600000000000e-09  1.217083508634023e-01 
 1.085600000000000e-09  1.217083508634024e-01 
 1.105600000000000e-09  1.217083508634024e-01 
 1.125600000000000e-09  1.217083508634023e-01 
 1.145600000000000e-09  1.217083508634023e-01 
 1.165600000000000e-09  1.217083508634023e-01 
 1.185600000000000e-09  1.217083508634023e-01 
 1.205600000000000e-09  1.217083508634024e-01 
 1.225600000000000e-09  1.217083508634024e-01 
 1.245600000000000e-09  1.217083508634023e-01 
 1.265599999999999e-09  1.217083508634023e-01 
 1.285599999999999e-09  1.217083508634023e-01 
 1.305599999999999e-09  1.217083508634023e-01 
 1.325599999999999e-09  1.217083508634024e-01 
 1.345599999999999e-09  1.217083508634024e-01 
 1.365599999999999e-09  1.217083508634023e-01 
 1.385599999999999e-09  1.217083508634023e-01 
 1.405599999999999e-09  1.217083508634023e-01 
 1.425599999999999e-09  1.217083508634023e-01 
 1.445599999999999e-09  1.217083508634024e-01 
 1.465599999999999e-09  1.217083508634024e-01 
 1.485599999999999e-09  1.217083508634023e-01 
 1.505599999999999e-09  1.217083508634023e-01 
 1.525599999999999e-09  1.217083508634023e-01 
 1.545599999999998e-09  1.217083508634023e-01 
 1.565599999999998e-09  1.217083508634024e-01 
 1.585599999999998e-09  1.217083508634024e-01 
 1.605599999999998e-09  1.217083508634023e-01 
 1.625599999999998e-09  1.217083508634023e-01 
 1.645599999999998e-09  1.217083508634023e-01 
 1.665599999999998e-09  1.217083508634023e-01 
 1.685599999999998e-09  1.217083508634024e-01 
 1.705599999999998e-09  1.217083508634024e-01 
 1.725599999999998e-09  1.217083508634023e-01 
 1.745599999999998e-09  1.217083508634023e-01 
 1.765599999999998e-09  1.217083508634023e-01 
 1.785599999999998e-09  1.217083508634023e-01 
 1.805599999999998e-09  1.217083508634024e-01 
 1.825599999999998e-09  1.217083508634024e-01 
 1.845599999999997e-09  1.217083508634023e-01 
 1.865599999999997e-09  1.217083508634023e-01 
 1.885599999999997e-09  1.217083508634023e-01 
 1.905599999999997e-09  1.217083508634023e-01 
 1.925599999999997e-09  1.217083508634024e-01 
 1.945599999999997e-09  1.217083508634024e-01 
 1.965599999999997e-09  1.217083508634023e-01 
 1.985599999999997e-09  1.217083508634023e-01 
 2.005599999999997e-09  1.217083508634023e-01 
 2.025599999999997e-09  1.217083508634023e-01 
 2.045599999999997e-09  1.217083508634024e-01 
 2.065599999999997e-09  1.217083508634024e-01 
 2.085599999999997e-09  1.217083508634023e-01 
 2.105599999999997e-09  1.217083508634023e-01 
 2.125599999999996e-09  1.217083508634023e-01 
 2.145599999999996e-09  1.217083508634023e-01 
 2.165599999999996e-09  1.217083508634024e-01 
 2.185599999999996e-09  1.217083508634024e-01 
 2.205599999999996e-09  1.217083508634023e-01 
 2.225599999999996e-09  1.217083508634023e-01 
 2.245599999999996e-09  1.217083508634023e-01 
 2.265599999999996e-09  1.217083508634023e-01 
 2.285599999999996e-09  1.217083508634024e-01 
 2.305599999999996e-09  1.217083508634024e-01 
 2.325599999999996e-09  1.217083508634023e-01 
 2.345599999999996e-09  1.217083508634023e-01 
 2.365599999999996e-09  1.217083508634023e-01 
 2.385599999999996e-09  1.217083508634023e-01 
 2.405599999999995e-09  1.217083508634024e-01 
 2.425599999999995e-09  1.217083508634024e-01 
 2.445599999999995e-09  1.217083508634023e-01 
 2.465599999999995e-09  1.217083508634023e-01 
 2.485599999999995e-09  1.217083508634023e-01 
 2.505599999999995e-09  1.217083508634023e-01 
 2.525599999999995e-09  1.217083508634024e-01 
 2.545599999999995e-09  1.217083508634024e-01 
 2.565599999999995e-09  1.217083508634023e-01 
 2.585599999999995e-09  1.217083508634023e-01 
 2.605599999999995e-09  1.217083508634023e-01 
 2.625599999999995e-09  1.217083508634023e-01 
 2.645599999999995e-09  1.217083508634024e-01 
 2.665599999999995e-09  1.217083508634024e-01 
 2.685599999999995e-09  1.217083508634023e-01 
 2.705599999999994e-09  1.217083508634023e-01 
 2.725599999999994e-09  1.217083508634023e-01 
 2.745599999999994e-09  1.217083508634023e-01 
 2.765599999999994e-09  1.217083508634024e-01 
 2.785599999999994e-09  1.217083508634024e-01 
 2.805599999999994e-09  1.217083508634023e-01 
 2.825599999999994e-09  1.217083508634023e-01 
 2.845599999999994e-09  1.217083508634023e-01 
 2.865599999999994e-09  1.217083508634023e-01 
 2.885599999999994e-09  1.217083508634024e-01 
 2.905599999999994e-09  1.217083508634024e-01 
 2.925599999999994e-09  1.217083508634023e-01 
 2.945599999999994e-09  1.217083508634023e-01 
 2.965599999999994e-09  1.217083508634023e-01 
 2.985599999999993e-09  1.217083508634023e-01 
 3.005599999999993e-09  1.217083508634024e-01 
 3.025599999999993e-09  1.217083508634024e-01 
 3.045599999999993e-09  1.217083508634023e-01 
 3.065599999999993e-09  1.217083508634023e-01 
 3.085599999999993e-09  1.217083508634023e-01 
 3.105599999999993e-09  1.217083508634023e-01 
 3.125599999999993e-09  1.217083508634024e-01 
 3.145599999999993e-09  1.217083508634024e-01 
 3.165599999999993e-09  1.217083508634023e-01 
 3.185599999999993e-09  1.217083508634023e-01 
 3.205599999999993e-09  1.217083508634023e-01 
 3.225599999999993e-09  1.217083508634023e-01 
 3.245599999999993e-09  1.217083508634024e-01 
 3.265599999999993e-09  1.217083508634024e-01 
 3.285599999999992e-09  1.217083508634023e-01 
 3.305599999999992e-09  1.217083508634023e-01 
 3.325599999999992e-09  1.217083508634023e-01 
 3.345599999999992e-09  1.217083508634023e-01 
 3.365599999999992e-09  1.217083508634024e-01 
 3.385599999999992e-09  1.217083508634024e-01 
 3.405599999999992e-09  1.217083508634023e-01 
 3.425599999999992e-09  1.217083508634023e-01 
 3.445599999999992e-09  1.217083508634023e-01 
 3.465599999999992e-09  1.217083508634023e-01 
 3.485599999999992e-09  1.217083508634024e-01 
 3.505599999999992e-09  1.217083508634024e-01 
 3.525599999999992e-09  1.217083508634023e-01 
 3.545599999999992e-09  1.217083508634023e-01 
 3.565599999999991e-09  1.217083508634023e-01 
 3.585599999999991e-09  1.217083508634023e-01 
 3.605599999999991e-09  1.217083508634024e-01 
 3.625599999999991e-09  1.217083508634024e-01 
 3.645599999999991e-09  1.217083508634023e-01 
 3.665599999999991e-09  1.217083508634023e-01 
 3.685599999999991e-09  1.217083508634023e-01 
 3.705599999999991e-09  1.217083508634023e-01 
 3.725599999999991e-09  1.217083508634024e-01 
 3.745599999999992e-09  1.217083508634024e-01 
 3.765599999999992e-09  1.217083508634023e-01 
 3.785599999999992e-09  1.217083508634023e-01 
 3.805599999999993e-09  1.217083508634023e-01 
 3.825599999999993e-09  1.217083508634023e-01 
 3.845599999999993e-09  1.217083508634024e-01 
 3.865599999999994e-09  1.217083508634024e-01 
 3.885599999999994e-09  1.217083508634023e-01 
 3.905599999999994e-09  1.217083508634023e-01 
 3.925599999999995e-09  1.217083508634023e-01 
 3.945599999999995e-09  1.217083508634023e-01 
 3.965599999999995e-09  1.217083508634024e-01 
 3.985599999999996e-09  1.217083508634024e-01 
 4.005599999999996e-09  1.217083508634023e-01 
 4.025599999999997e-09  1.217083508634023e-01 
 4.045599999999997e-09  1.217083508634023e-01 
 4.065599999999997e-09  1.217083508634023e-01 
 4.085599999999998e-09  1.217083508634024e-01 
 4.105599999999998e-09  1.217083508634024e-01 
 4.125599999999998e-09  1.217083508634023e-01 
 4.145599999999999e-09  1.217083508634023e-01 
 4.165599999999999e-09  1.217083508634023e-01 
 4.185599999999999e-09  1.217083508634023e-01 
 4.205600000000000e-09  1.217083508634024e-01 
 4.225600000000000e-09  1.217083508634024e-01 
 4.245600000000000e-09  1.217083508634023e-01 
 4.265600000000001e-09  1.217083508634023e-01 
 4.285600000000001e-09  1.217083508634023e-01 
 4.305600000000001e-09  1.217083508634023e-01 
 4.325600000000002e-09  1.217083508634024e-01 
 4.345600000000002e-09  1.217083508634024e-01 
 4.365600000000002e-09  1.217083508634023e-01 
 4.385600000000003e-09  1.217083508634023e-01 
 4.405600000000003e-09  1.217083508634023e-01 
 4.425600000000003e-09  1.217083508634023e-01 
 4.445600000000004e-09  1.217083508634024e-01 
 4.465600000000004e-09  1.217083508634024e-01 
 4.485600000000004e-09  1.217083508634023e-01 
 4.505600000000005e-09  1.217083508634023e-01 
 4.525600000000005e-09  1.217083508634023e-01 
 4.545600000000005e-09  1.217083508634023e-01 
 4.565600000000006e-09  1.217083508634024e-01 
 4.585600000000006e-09  1.217083508634024e-01 
 4.605600000000007e-09  1.217083508634023e-01 
 4.625600000000007e-09  1.217083508634023e-01 
 4.645600000000007e-09  1.217083508634023e-01 
 4.665600000000008e-09  1.217083508634023e-01 
 4.685600000000008e-09  1.217083508634024e-01 
 4.705600000000008e-09  1.217083508634024e-01 
 4.725600000000009e-09  1.217083508634023e-01 
 4.745600000000009e-09  1.217083508634023e-01 
 4.765600000000009e-09  1.217083508634023e-01 
 4.785600000000010e-09  1.217083508634023e-01 
 4.805600000000010e-09  1.217083508634024e-01 
 4.825600000000010e-09  1.217083508634024e-01 
 4.845600000000011e-09  1.217083508634023e-01 
 4.865600000000011e-09  1.217083508634023e-01 
 4.885600000000011e-09  1.217083508634023e-01 
 4.905600000000012e-09  1.217083508634023e-01 
 4.925600000000012e-09  1.217083508634024e-01 
 4.945600000000012e-09  1.217083508634024e-01 
 4.965600000000013e-09  1.217083508634023e-01 
 4.985600000000013e-09  1.217083508634023e-01 
 5.005600000000013e-09  1.217083508634023e-01 
 5.025600000000014e-09  1.217083508634023e-01 
 5.045600000000014e-09  1.217083508634024e-01 
 5.065600000000014e-09  1.217083508634024e-01 
 5.085600000000015e-09  1.217083508634023e-01 
 5.105600000000015e-09  1.217083508634023e-01 
 5.125600000000015e-09  1.217083508634023e-01 
 5.145600000000016e-09  1.217083508634023e-01 
 5.165600000000016e-09  1.217083508634024e-01 
 5.185600000000017e-09  1.217083508634024e-01 
 5.205600000000017e-09  1.217083508634023e-01 
 5.225600000000017e-09  1.217083508634023e-01 
 5.245600000000018e-09  1.217083508634023e-01 
 5.265600000000018e-09  1.217083508634023e-01 
 5.285600000000018e-09  1.217083508634024e-01 
 5.305600000000019e-09  1.217083508634024e-01 
 5.325600000000019e-09  1.217083508634023e-01 
 5.345600000000019e-09  1.217083508634023e-01 
 5.365600000000020e-09  1.217083508634023e-01 
 5.385600000000020e-09  1.217083508634023e-01 
 5.405600000000020e-09  1.217083508634024e-01 
 5.425600000000021e-09  1.217083508634024e-01 
 5.445600000000021e-09  1.217083508634023e-01 
 5.465600000000021e-09  1.217083508634023e-01 
 5.485600000000022e-09  1.217083508634023e-01 
 5.505600000000022e-09  1.217083508634023e-01 
 5.525600000000022e-09  1.217083508634024e-01 
 5.545600000000023e-09  1.217083508634024e-01 
 5.565600000000023e-09  1.217083508634023e-01 
 5.585600000000023e-09  1.217083508634023e-01 
 5.605600000000024e-09  1.217083508634023e-01 
 5.625600000000024e-09  1.217083508634023e-01 
 5.645600000000024e-09  1.217083508634024e-01 
 5.665600000000025e-09  1.217083508634024e-01 
 5.685600000000025e-09  1.217083508634023e-01 
 5.705600000000025e-09  1.217083508634023e-01 
 5.725600000000026e-09  1.217083508634023e-01 
 5.745600000000026e-09  1.217083508634023e-01 
 5.765600000000026e-09  1.217083508634024e-01 
 5.785600000000027e-09  1.217083508634024e-01 
 5.805600000000027e-09  1.217083508634023e-01 
 5.825600000000028e-09  1.217083508634023e-01 
 5.845600000000028e-09  1.217083508634023e-01 
 5.865600000000028e-09  1.217083508634023e-01 
 5.885600000000029e-09  1.217083508634024e-01 
 5.905600000000029e-09  1.217083508634024e-01 
 5.925600000000029e-09  1.217083508634023e-01 
 5.945600000000030e-09  1.217083508634023e-01 
 5.965600000000030e-09  1.217083508634023e-01 
 5.985600000000030e-09  1.217083508634023e-01 
 6.005600000000031e-09  1.217083508634024e-01 
 6.025600000000031e-09  1.217083508634024e-01 
 6.045600000000031e-09  1.217083508634023e-01 
 6.065600000000032e-09  1.217083508634023e-01 
 6.085600000000032e-09  1.217083508634023e-01 
 6.105600000000032e-09  1.217083508634023e-01 
 6.125600000000033e-09  1.217083508634024e-01 
 6.145600000000033e-09  1.217083508634024e-01 
 6.165600000000033e-09  1.217083508634023e-01 
 6.185600000000034e-09  1.217083508634023e-01 
 6.205600000000034e-09  1.217083508634023e-01 
 6.225600000000034e-09  1.217083508634023e-01 
 6.245600000000035e-09  1.217083508634024e-01 
 6.265600000000035e-09  1.217083508634024e-01 
 6.285600000000035e-09  1.217083508634023e-01 
 6.305600000000036e-09  1.217083508634023e-01 
 6.325600000000036e-09  1.217083508634023e-01 
 6.345600000000036e-09  1.217083508634023e-01 
 6.365600000000037e-09  1.217083508634024e-01 
 6.385600000000037e-09  1.217083508634024e-01 
 6.405600000000038e-09  1.217083508634023e-01 
 6.425600000000038e-09  1.217083508634023e-01 
 6.445600000000038e-09  1.217083508634023e-01 
 6.465600000000039e-09  1.217083508634023e-01 
 6.485600000000039e-09  1.217083508634024e-01 
 6.505600000000039e-09  1.217083508634024e-01 
 6.525600000000040e-09  1.217083508634023e-01 
 6.545600000000040e-09  1.217083508634023e-01 
 6.565600000000040e-09  1.217083508634023e-01 
 6.585600000000041e-09  1.217083508634023e-01 
 6.605600000000041e-09  1.217083508634024e-01 
 6.625600000000041e-09  1.217083508634024e-01 
 6.645600000000042e-09  1.217083508634023e-01 
 6.665600000000042e-09  1.217083508634023e-01 
 6.685600000000042e-09  1.217083508634023e-01 
 6.705600000000043e-09  1.217083508634023e-01 
 6.725600000000043e-09  1.217083508634024e-01 
 6.745600000000043e-09  1.217083508634024e-01 
 6.765600000000044e-09  1.217083508634023e-01 
 6.785600000000044e-09  1.217083508634023e-01 
 6.805600000000044e-09  1.217083508634023e-01 
 6.825600000000045e-09  1.217083508634023e-01 
 6.845600000000045e-09  1.217083508634024e-01 
 6.865600000000045e-09  1.217083508634024e-01 
 6.885600000000046e-09  1.217083508634023e-01 
 6.905600000000046e-09  1.217083508634023e-01 
 6.925600000000046e-09  1.217083508634023e-01 
 6.945600000000047e-09  1.217083508634023e-01 
 6.965600000000047e-09  1.217083508634024e-01 
 6.985600000000048e-09  1.217083508634024e-01 
 7.005600000000048e-09  1.217083508634023e-01 
 7.025600000000048e-09  1.217083508634023e-01 
 7.045600000000049e-09  1.217083508634023e-01 
 7.065600000000049e-09  1.217083508634023e-01 
 7.085600000000049e-09  1.217083508634024e-01 
 7.105600000000050e-09  1.217083508634024e-01 
 7.125600000000050e-09  1.217083508634023e-01 
 7.145600000000050e-09  1.217083508634023e-01 
 7.165600000000051e-09  1.217083508634023e-01 
 7.185600000000051e-09  1.217083508634023e-01 
 7.205600000000051e-09  1.217083508634024e-01 
 7.225600000000052e-09  1.217083508634024e-01 
 7.245600000000052e-09  1.217083508634023e-01 
 7.265600000000052e-09  1.217083508634023e-01 
 7.285600000000053e-09  1.217083508634023e-01 
 7.305600000000053e-09  1.217083508634023e-01 
 7.325600000000053e-09  1.217083508634024e-01 
 7.345600000000054e-09  1.217083508634024e-01 
 7.365600000000054e-09  1.217083508634023e-01 
 7.385600000000054e-09  1.217083508634023e-01 
 7.405600000000055e-09  1.217083508634023e-01 
 7.425600000000055e-09  1.217083508634023e-01 
 7.445600000000055e-09  1.217083508634024e-01 
 7.465600000000055e-09  1.217083508634024e-01 
 7.485600000000054e-09  1.217083508634023e-01 
 7.505600000000054e-09  1.217083508634023e-01 
 7.525600000000054e-09  1.217083508634023e-01 
 7.545600000000053e-09  1.217083508634023e-01 
 7.565600000000053e-09  1.217083508634024e-01 
 7.585600000000052e-09  1.217083508634024e-01 
 7.605600000000052e-09  1.217083508634023e-01 
 7.625600000000051e-09  1.217083508634023e-01 
 7.645600000000051e-09  1.217083508634023e-01 
 7.665600000000050e-09  1.217083508634023e-01 
 7.685600000000050e-09  1.217083508634024e-01 
 7.705600000000049e-09  1.217083508634024e-01 
 7.725600000000049e-09  1.217083508634023e-01 
 7.745600000000048e-09  1.217083508634023e-01 
 7.765600000000048e-09  1.217083508634023e-01 
 7.785600000000047e-09  1.217083508634023e-01 
 7.805600000000047e-09  1.217083508634024e-01 
 7.825600000000046e-09  1.217083508634024e-01 
 7.845600000000046e-09  1.217083508634023e-01 
 7.865600000000045e-09  1.217083508634023e-01 
 7.885600000000045e-09  1.217083508634023e-01 
 7.905600000000044e-09  1.217083508634023e-01 
 7.925600000000044e-09  1.217083508634024e-01 
 7.945600000000043e-09  1.217083508634024e-01 
 7.965600000000043e-09  1.217083508634023e-01 
 7.985600000000042e-09  1.217083508634023e-01 
 8.005600000000042e-09  1.217083508634023e-01 
 8.025600000000041e-09  1.217083508634023e-01 
 8.045600000000041e-09  1.217083508634024e-01 
 8.065600000000040e-09  1.217083508634024e-01 
 8.085600000000040e-09  1.217083508634023e-01 
 8.105600000000040e-09  1.217083508634023e-01 
 8.125600000000039e-09  1.217083508634023e-01 
 8.145600000000039e-09  1.217083508634023e-01 
 8.165600000000038e-09  1.217083508634024e-01 
 8.185600000000038e-09  1.217083508634024e-01 
 8.205600000000037e-09  1.217083508634023e-01 
 8.225600000000037e-09  1.217083508634023e-01 
 8.245600000000036e-09  1.217083508634023e-01 
 8.265600000000036e-09  1.217083508634023e-01 
 8.285600000000035e-09  1.217083508634024e-01 
 8.305600000000035e-09  1.217083508634024e-01 
 8.325600000000034e-09  1.217083508634023e-01 
 8.345600000000034e-09  1.217083508634023e-01 
 8.365600000000033e-09  1.217083508634023e-01 
 8.385600000000033e-09  1.217083508634023e-01 
 8.405600000000032e-09  1.217083508634024e-01 
 8.425600000000032e-09  1.217083508634024e-01 
 8.445600000000031e-09  1.217083508634023e-01 
 8.465600000000031e-09  1.217083508634023e-01 
 8.485600000000030e-09  1.217083508634023e-01 
 8.505600000000030e-09  1.217083508634023e-01 
 8.525600000000029e-09  1.217083508634024e-01 
 8.545600000000029e-09  1.217083508634024e-01 
 8.565600000000028e-09  1.217083508634023e-01 
 8.585600000000028e-09  1.217083508634023e-01 
 8.605600000000027e-09  1.217083508634023e-01 
 8.625600000000027e-09  1.217083508634023e-01 
 8.645600000000026e-09  1.217083508634024e-01 
 8.665600000000026e-09  1.217083508634024e-01 
 8.685600000000026e-09  1.217083508634023e-01 
 8.705600000000025e-09  1.217083508634023e-01 
 8.725600000000025e-09  1.217083508634023e-01 
 8.745600000000024e-09  1.217083508634023e-01 
 8.765600000000024e-09  1.217083508634024e-01 
 8.785600000000023e-09  1.217083508634024e-01 
 8.805600000000023e-09  1.217083508634023e-01 
 8.825600000000022e-09  1.217083508634023e-01 
 8.845600000000022e-09  1.217083508634023e-01 
 8.865600000000021e-09  1.217083508634023e-01 
 8.885600000000021e-09  1.217083508634024e-01 
 8.905600000000020e-09  1.217083508634024e-01 
 8.925600000000020e-09  1.217083508634023e-01 
 8.945600000000019e-09  1.217083508634023e-01 
 8.965600000000019e-09  1.217083508634023e-01 
 8.985600000000018e-09  1.217083508634023e-01 
 9.005600000000018e-09  1.217083508634024e-01 
 9.025600000000017e-09  1.217083508634024e-01 
 9.045600000000017e-09  1.217083508634023e-01 
 9.065600000000016e-09  1.217083508634023e-01 
 9.085600000000016e-09  1.217083508634023e-01 
 9.105600000000015e-09  1.217083508634023e-01 
 9.125600000000015e-09  1.217083508634024e-01 
 9.145600000000014e-09  1.217083508634024e-01 
 9.165600000000014e-09  1.217083508634023e-01 
 9.185600000000013e-09  1.217083508634023e-01 
 9.205600000000013e-09  1.217083508634023e-01 
 9.225600000000012e-09  1.217083508634023e-01 
 9.245600000000012e-09  1.217083508634024e-01 
 9.265600000000012e-09  1.217083508634024e-01 
 9.285600000000011e-09  1.217083508634023e-01 
 9.305600000000011e-09  1.217083508634023e-01 
 9.325600000000010e-09  1.217083508634023e-01 
 9.345600000000010e-09  1.217083508634023e-01 
 9.365600000000009e-09  1.217083508634024e-01 
 9.385600000000009e-09  1.217083508634024e-01 
 9.405600000000008e-09  1.217083508634023e-01 
 9.425600000000008e-09  1.217083508634023e-01 
 9.445600000000007e-09  1.217083508634023e-01 
 9.465600000000007e-09  1.217083508634023e-01 
 9.485600000000006e-09  1.217083508634024e-01 
 9.505600000000006e-09  1.217083508634024e-01 
 9.525600000000005e-09  1.217083508634023e-01 
 9.545600000000005e-09  1.217083508634023e-01 
 9.565600000000004e-09  1.217083508634023e-01 
 9.585600000000004e-09  1.217083508634023e-01 
 9.605600000000003e-09  1.217083508634024e-01 
 9.625600000000003e-09  1.217083508634024e-01 
 9.645600000000002e-09  1.217083508634023e-01 
 9.665600000000002e-09  1.217083508634023e-01 
 9.685600000000001e-09  1.217083508634023e-01 
 9.705600000000001e-09  1.217083508634023e-01 
 9.725600000000000e-09  1.217083508634024e-01 
 9.745600000000000e-09  1.217083508634024e-01 
 9.765599999999999e-09  1.217083508634023e-01 
 9.785599999999999e-09  1.217083508634023e-01 
 9.805599999999998e-09  1.217083508634023e-01 
 9.825599999999998e-09  1.217083508634023e-01 
 9.845599999999998e-09  1.217083508634024e-01 
 9.865599999999997e-09  1.217083508634024e-01 
 9.885599999999997e-09  1.217083508634023e-01 
 9.905599999999996e-09  1.217083508634023e-01 
 9.925599999999996e-09  1.217083508634023e-01 
 9.945599999999995e-09  1.217083508634023e-01 
 9.965599999999995e-09  1.217083508634024e-01 
 9.985599999999994e-09  1.217083508634024e-01 
 1.000559999999999e-08  1.217083508634023e-01 
 1.002559999999999e-08  1.217083508634023e-01 
 1.004559999999999e-08  1.217083508634023e-01 
 1.006559999999999e-08  1.217083508634023e-01 
 1.008559999999999e-08  1.217083508634024e-01 
 1.010559999999999e-08  1.217083508634024e-01 
 1.012559999999999e-08  1.217083508634023e-01 
 1.014559999999999e-08  1.217083508634023e-01 
 1.016559999999999e-08  1.217083508634023e-01 
 1.018559999999999e-08  1.217083508634023e-01 
 1.020559999999999e-08  1.217083508634024e-01 
 1.022559999999999e-08  1.217083508634024e-01 
 1.024559999999999e-08  1.217083508634023e-01 
 1.026559999999999e-08  1.217083508634023e-01 
 1.028559999999999e-08  1.217083508634023e-01 
 1.030559999999999e-08  1.217083508634023e-01 
 1.032559999999999e-08  1.217083508634024e-01 
 1.034559999999999e-08  1.217083508634024e-01 
 1.036559999999998e-08  1.217083508634023e-01 
 1.038559999999998e-08  1.217083508634023e-01 
 1.040559999999998e-08  1.217083508634023e-01 
 1.042559999999998e-08  1.217083508634023e-01 
 1.044559999999998e-08  1.217083508634024e-01 
 1.046559999999998e-08  1.217083508634024e-01 
 1.048559999999998e-08  1.217083508634023e-01 
 1.050559999999998e-08  1.217083508634023e-01 
 1.052559999999998e-08  1.217083508634023e-01 
 1.054559999999998e-08  1.217083508634023e-01 
 1.056559999999998e-08  1.217083508634024e-01 
 1.058559999999998e-08  1.217083508634024e-01 
 1.060559999999998e-08  1.217083508634023e-01 
 1.062559999999998e-08  1.217083508634023e-01 
 1.064559999999998e-08  1.217083508634023e-01 
 1.066559999999998e-08  1.217083508634023e-01 
 1.068559999999998e-08  1.217083508634024e-01 
 1.070559999999998e-08  1.217083508634024e-01 
 1.072559999999998e-08  1.217083508634023e-01 
 1.074559999999998e-08  1.217083508634023e-01 
 1.076559999999998e-08  1.217083508634023e-01 
 1.078559999999997e-08  1.217083508634023e-01 
 1.080559999999997e-08  1.217083508634024e-01 
 1.082559999999997e-08  1.217083508634024e-01 
 1.084559999999997e-08  1.217083508634023e-01 
 1.086559999999997e-08  1.217083508634023e-01 
 1.088559999999997e-08  1.217083508634023e-01 
 1.090559999999997e-08  1.217083508634023e-01 
 1.092559999999997e-08  1.217083508634024e-01 
 1.094559999999997e-08  1.217083508634024e-01 
 1.096559999999997e-08  1.217083508634023e-01 
 1.098559999999997e-08  1.217083508634023e-01 
 1.100559999999997e-08  1.217083508634023e-01 
 1.102559999999997e-08  1.217083508634023e-01 
 1.104559999999997e-08  1.217083508634024e-01 
 1.106559999999997e-08  1.217083508634024e-01 
 1.108559999999997e-08  1.217083508634023e-01 
 1.110559999999997e-08  1.217083508634023e-01 
 1.112559999999997e-08  1.217083508634023e-01 
 1.114559999999997e-08  1.217083508634023e-01 
 1.116559999999997e-08  1.217083508634024e-01 
 1.118559999999997e-08  1.217083508634024e-01 
 1.120559999999996e-08  1.217083508634023e-01 
 1.122559999999996e-08  1.217083508634023e-01 
 1.124559999999996e-08  1.217083508634023e-01 
 1.126559999999996e-08  1.217083508634023e-01 
 1.128559999999996e-08  1.217083508634024e-01 
 1.130559999999996e-08  1.217083508634024e-01 
 1.132559999999996e-08  1.217083508634023e-01 
 1.134559999999996e-08  1.217083508634023e-01 
 1.136559999999996e-08  1.217083508634023e-01 
 1.138559999999996e-08  1.217083508634023e-01 
 1.140559999999996e-08  1.217083508634024e-01 
 1.142559999999996e-08  1.217083508634024e-01 
 1.144559999999996e-08  1.217083508634023e-01 
 1.146559999999996e-08  1.217083508634023e-01 
 1.148559999999996e-08  1.217083508634023e-01 
 1.150559999999996e-08  1.217083508634023e-01 
 1.152559999999996e-08  1.217083508634024e-01 
 1.154559999999996e-08  1.217083508634024e-01 
 1.156559999999996e-08  1.217083508634023e-01 
 1.158559999999996e-08  1.217083508634023e-01 
 1.160559999999996e-08  1.217083508634023e-01 
 1.162559999999995e-08  1.217083508634023e-01 
 1.164559999999995e-08  1.217083508634024e-01 
 1.166559999999995e-08  1.217083508634024e-01 
 1.168559999999995e-08  1.217083508634023e-01 
 1.170559999999995e-08  1.217083508634023e-01 
 1.172559999999995e-08  1.217083508634023e-01 
 1.174559999999995e-08  1.217083508634023e-01 
 1.176559999999995e-08  1.217083508634024e-01 
 1.178559999999995e-08  1.217083508634024e-01 
 1.180559999999995e-08  1.217083508634023e-01 
 1.182559999999995e-08  1.217083508634023e-01 
 1.184559999999995e-08  1.217083508634023e-01 
 1.186559999999995e-08  1.217083508634023e-01 
 1.188559999999995e-08  1.217083508634024e-01 
 1.190559999999995e-08  1.217083508634024e-01 
 1.192559999999995e-08  1.217083508634023e-01 
 1.194559999999995e-08  1.217083508634023e-01 
 1.196559999999995e-08  1.217083508634023e-01 
 1.198559999999995e-08  1.217083508634023e-01 
 1.200559999999995e-08  1.217083508634024e-01 
 1.202559999999994e-08  1.217083508634024e-01 
 1.204559999999994e-08  1.217083508634023e-01 
 1.206559999999994e-08  1.217083508634023e-01 
 1.208559999999994e-08  1.217083508634023e-01 
 1.210559999999994e-08  1.217083508634023e-01 
 1.212559999999994e-08  1.217083508634024e-01 
 1.214559999999994e-08  1.217083508634024e-01 
 1.216559999999994e-08  1.217083508634023e-01 
 1.218559999999994e-08  1.217083508634023e-01 
 1.220559999999994e-08  1.217083508634023e-01 
 1.222559999999994e-08  1.217083508634023e-01 
 1.224559999999994e-08  1.217083508634024e-01 
 1.226559999999994e-08  1.217083508634024e-01 
 1.228559999999994e-08  1.217083508634023e-01 
 1.230559999999994e-08  1.217083508634023e-01 
 1.232559999999994e-08  1.217083508634023e-01 
 1.234559999999994e-08  1.217083508634023e-01 
 1.236559999999994e-08  1.217083508634024e-01 
 1.238559999999994e-08  1.217083508634024e-01 
 1.240559999999994e-08  1.217083508634023e-01 
 1.242559999999994e-08  1.217083508634023e-01 
 1.244559999999993e-08  1.217083508634023e-01 
 1.246559999999993e-08  1.217083508634023e-01 
 1.248559999999993e-08  1.217083508634024e-01 
 1.250559999999993e-08  1.217083508634024e-01 
 1.252559999999993e-08  1.217083508634023e-01 
 1.254559999999993e-08  1.217083508634023e-01 
 1.256559999999993e-08  1.217083508634023e-01 
 1.258559999999993e-08  1.217083508634023e-01 
 1.260559999999993e-08  1.217083508634024e-01 
 1.262559999999993e-08  1.217083508634024e-01 
 1.264559999999993e-08  1.217083508634023e-01 
 1.266559999999993e-08  1.217083508634023e-01 
 1.268559999999993e-08  1.217083508634023e-01 
 1.270559999999993e-08  1.217083508634023e-01 
 1.272559999999993e-08  1.217083508634024e-01 
 1.274559999999993e-08  1.217083508634024e-01 
 1.276559999999993e-08  1.217083508634023e-01 
 1.278559999999993e-08  1.217083508634023e-01 
 1.280559999999993e-08  1.217083508634023e-01 
 1.282559999999993e-08  1.217083508634023e-01 
 1.284559999999993e-08  1.217083508634024e-01 
 1.286559999999992e-08  1.217083508634024e-01 
 1.288559999999992e-08  1.217083508634023e-01 
 1.290559999999992e-08  1.217083508634023e-01 
 1.292559999999992e-08  1.217083508634023e-01 
 1.294559999999992e-08  1.217083508634023e-01 
 1.296559999999992e-08  1.217083508634024e-01 
 1.298559999999992e-08  1.217083508634024e-01 
 1.300559999999992e-08  1.217083508634023e-01 
 1.302559999999992e-08  1.217083508634023e-01 
 1.304559999999992e-08  1.217083508634023e-01 
 1.306559999999992e-08  1.217083508634023e-01 
 1.308559999999992e-08  1.217083508634024e-01 
 1.310559999999992e-08  1.217083508634024e-01 
 1.312559999999992e-08  1.217083508634023e-01 
 1.314559999999992e-08  1.217083508634023e-01 
 1.316559999999992e-08  1.217083508634023e-01 
 1.318559999999992e-08  1.217083508634023e-01 
 1.320559999999992e-08  1.217083508634024e-01 
 1.322559999999992e-08  1.217083508634024e-01 
 1.324559999999992e-08  1.217083508634023e-01 
 1.326559999999991e-08  1.217083508634023e-01 
 1.328559999999991e-08  1.217083508634023e-01 
 1.330559999999991e-08  1.217083508634023e-01 
 1.332559999999991e-08  1.217083508634024e-01 
 1.334559999999991e-08  1.217083508634024e-01 
 1.336559999999991e-08  1.217083508634023e-01 
 1.338559999999991e-08  1.217083508634023e-01 
 1.340559999999991e-08  1.217083508634023e-01 
 1.342559999999991e-08  1.217083508634023e-01 
 1.344559999999991e-08  1.217083508634024e-01 
 1.346559999999991e-08  1.217083508634024e-01 
 1.348559999999991e-08  1.217083508634023e-01 
 1.350559999999991e-08  1.217083508634023e-01 
 1.352559999999991e-08  1.217083508634023e-01 
 1.354559999999991e-08  1.217083508634023e-01 
 1.356559999999991e-08  1.217083508634024e-01 
 1.358559999999991e-08  1.217083508634024e-01 
 1.360559999999991e-08  1.217083508634023e-01 
 1.362559999999991e-08  1.217083508634023e-01 
 1.364559999999991e-08  1.217083508634023e-01 
 1.366559999999991e-08  1.217083508634023e-01 
 1.368559999999990e-08  1.217083508634024e-01 
 1.370559999999990e-08  1.217083508634024e-01 
 1.372559999999990e-08  1.217083508634023e-01 
 1.374559999999990e-08  1.217083508634023e-01 
 1.376559999999990e-08  1.217083508634023e-01 
 1.378559999999990e-08  1.217083508634023e-01 
 1.380559999999990e-08  1.217083508634024e-01 
 1.382559999999990e-08  1.217083508634024e-01 
 1.384559999999990e-08  1.217083508634023e-01 
 1.386559999999990e-08  1.217083508634023e-01 
 1.388559999999990e-08  1.217083508634023e-01 
 1.390559999999990e-08  1.217083508634023e-01 
 1.392559999999990e-08  1.217083508634024e-01 
 1.394559999999990e-08  1.217083508634024e-01 
 1.396559999999990e-08  1.217083508634023e-01 
 1.398559999999990e-08  1.217083508634023e-01 
 1.400559999999990e-08  1.217083508634023e-01 
 1.402559999999990e-08  1.217083508634023e-01 
 1.404559999999990e-08  1.217083508634024e-01 
 1.406559999999990e-08  1.217083508634024e-01 
 1.408559999999990e-08  1.217083508634023e-01 
 1.410559999999989e-08  1.217083508634023e-01 
 1.412559999999989e-08  1.217083508634023e-01 
 1.414559999999989e-08  1.217083508634023e-01 
 1.416559999999989e-08  1.217083508634024e-01 
 1.418559999999989e-08  1.217083508634024e-01 
 1.420559999999989e-08  1.217083508634023e-01 
 1.422559999999989e-08  1.217083508634023e-01 
 1.424559999999989e-08  1.217083508634023e-01 
 1.426559999999989e-08  1.217083508634023e-01 
 1.428559999999989e-08  1.217083508634024e-01 
 1.430559999999989e-08  1.217083508634024e-01 
 1.432559999999989e-08  1.217083508634023e-01 
 1.434559999999989e-08  1.217083508634023e-01 
 1.436559999999989e-08  1.217083508634023e-01 
 1.438559999999989e-08  1.217083508634023e-01 
 1.440559999999989e-08  1.217083508634024e-01 
 1.442559999999989e-08  1.217083508634024e-01 
 1.444559999999989e-08  1.217083508634023e-01 
 1.446559999999989e-08  1.217083508634023e-01 
 1.448559999999989e-08  1.217083508634023e-01 
 1.450559999999989e-08  1.217083508634023e-01 
 1.452559999999988e-08  1.217083508634024e-01 
 1.454559999999988e-08  1.217083508634024e-01 
 1.456559999999988e-08  1.217083508634023e-01 
 1.458559999999988e-08  1.217083508634023e-01 
 1.460559999999988e-08  1.217083508634023e-01 
 1.462559999999988e-08  1.217083508634023e-01 
 1.464559999999988e-08  1.217083508634024e-01 
 1.466559999999988e-08  1.217083508634024e-01 
 1.468559999999988e-08  1.217083508634023e-01 
 1.470559999999988e-08  1.217083508634023e-01 
 1.472559999999988e-08  1.217083508634023e-01 
 1.474559999999988e-08  1.217083508634023e-01 
 1.476559999999988e-08  1.217083508634024e-01 
 1.478559999999988e-08  1.217083508634024e-01 
 1.480559999999988e-08  1.217083508634023e-01 
 1.482559999999988e-08  1.217083508634023e-01 
 1.484559999999988e-08  1.217083508634023e-01 
 1.486559999999988e-08  1.217083508634023e-01 
 1.488559999999988e-08  1.217083508634024e-01 
 1.490559999999988e-08  1.217083508634024e-01 
 1.492559999999988e-08  1.217083508634023e-01 
 1.494559999999988e-08  1.217083508634023e-01 
 1.496559999999988e-08  1.217083508634023e-01 
 1.498559999999988e-08  1.217083508634023e-01 
 1.500559999999987e-08  1.217083508634024e-01 
 1.502559999999987e-08  1.217083508634024e-01 
 1.504559999999987e-08  1.217083508634023e-01 
 1.506559999999987e-08  1.217083508634023e-01 
 1.508559999999987e-08  1.217083508634023e-01 
 1.510559999999987e-08  1.217083508634023e-01 
 1.512559999999987e-08  1.217083508634024e-01 
 1.514559999999987e-08  1.217083508634024e-01 
 1.516559999999987e-08  1.217083508634023e-01 
 1.518559999999987e-08  1.217083508634023e-01 
 1.520559999999987e-08  1.217083508634023e-01 
 1.522559999999987e-08  1.217083508634023e-01 
 1.524559999999987e-08  1.217083508634024e-01 
 1.526559999999987e-08  1.217083508634024e-01 
 1.528559999999987e-08  1.217083508634023e-01 
 1.530559999999987e-08  1.217083508634023e-01 
 1.532559999999987e-08  1.217083508634023e-01 
 1.534559999999987e-08  1.217083508634023e-01 
 1.536559999999987e-08  1.217083508634024e-01 
 1.538559999999987e-08  1.217083508634024e-01 
 1.540559999999986e-08  1.217083508634023e-01 
 1.542559999999986e-08  1.217083508634023e-01 
 1.544559999999986e-08  1.217083508634023e-01 
 1.546559999999986e-08  1.217083508634023e-01 
 1.548559999999986e-08  1.217083508634024e-01 
 1.550559999999986e-08  1.217083508634024e-01 
 1.552559999999986e-08  1.217083508634023e-01 
 1.554559999999986e-08  1.217083508634023e-01 
 1.556559999999986e-08  1.217083508634023e-01 
 1.558559999999986e-08  1.217083508634023e-01 
 1.560559999999986e-08  1.217083508634024e-01 
 1.562559999999986e-08  1.217083508634024e-01 
 1.564559999999986e-08  1.217083508634023e-01 
 1.566559999999986e-08  1.217083508634023e-01 
 1.568559999999986e-08  1.217083508634023e-01 
 1.570559999999986e-08  1.217083508634023e-01 
 1.572559999999986e-08  1.217083508634024e-01 
 1.574559999999986e-08  1.217083508634024e-01 
 1.576559999999986e-08  1.217083508634023e-01 
 1.578559999999986e-08  1.217083508634023e-01 
 1.580559999999986e-08  1.217083508634023e-01 
 1.582559999999985e-08  1.217083508634023e-01 
 1.584559999999985e-08  1.217083508634024e-01 
 1.586559999999985e-08  1.217083508634024e-01 
 1.588559999999985e-08  1.217083508634023e-01 
 1.590559999999985e-08  1.217083508634023e-01 
 1.592559999999985e-08  1.217083508634023e-01 
 1.594559999999985e-08  1.217083508634023e-01 
 1.596559999999985e-08  1.217083508634024e-01 
 1.598559999999985e-08  1.217083508634024e-01 
 1.600559999999985e-08  1.217083508634023e-01 
 1.602559999999985e-08  1.217083508634023e-01 
 1.604559999999985e-08  1.217083508634023e-01 
 1.606559999999985e-08  1.217083508634023e-01 
 1.608559999999985e-08  1.217083508634024e-01 
 1.610559999999985e-08  1.217083508634024e-01 
 1.612559999999985e-08  1.217083508634023e-01 
 1.614559999999985e-08  1.217083508634023e-01 
 1.616559999999985e-08  1.217083508634023e-01 
 1.618559999999985e-08  1.217083508634023e-01 
 1.620559999999985e-08  1.217083508634024e-01 
 1.622559999999985e-08  1.217083508634024e-01 
 1.624559999999984e-08  1.217083508634023e-01 
 1.626559999999984e-08  1.217083508634023e-01 
 1.628559999999984e-08  1.217083508634023e-01 
 1.630559999999984e-08  1.217083508634023e-01 
 1.632559999999984e-08  1.217083508634024e-01 
 1.634559999999984e-08  1.217083508634024e-01 
 1.636559999999984e-08  1.217083508634023e-01 
 1.638559999999984e-08  1.217083508634023e-01 
 1.640559999999984e-08  1.217083508634023e-01 
 1.642559999999984e-08  1.217083508634023e-01 
 1.644559999999984e-08  1.217083508634024e-01 
 1.646559999999984e-08  1.217083508634024e-01 
 1.648559999999984e-08  1.217083508634023e-01 
 1.650559999999984e-08  1.217083508634023e-01 
 1.652559999999984e-08  1.217083508634023e-01 
 1.654559999999984e-08  1.217083508634023e-01 
 1.656559999999984e-08  1.217083508634024e-01 
 1.658559999999984e-08  1.217083508634024e-01 
 1.660559999999984e-08  1.217083508634023e-01 
 1.662559999999984e-08  1.217083508634023e-01 
 1.664559999999984e-08  1.217083508634023e-01 
 1.666559999999983e-08  1.217083508634023e-01 
 1.668559999999983e-08  1.217083508634024e-01 
 1.670559999999983e-08  1.217083508634024e-01 
 1.672559999999983e-08  1.217083508634023e-01 
 1.674559999999983e-08  1.217083508634023e-01 
 1.676559999999983e-08  1.217083508634023e-01 
 1.678559999999983e-08  1.217083508634023e-01 
 1.680559999999983e-08  1.217083508634024e-01 
 1.682559999999983e-08  1.217083508634024e-01 
 1.684559999999983e-08  1.217083508634023e-01 
 1.686559999999983e-08  1.217083508634023e-01 
 1.688559999999983e-08  1.217083508634023e-01 
 1.690559999999983e-08  1.217083508634023e-01 
 1.692559999999983e-08  1.217083508634024e-01 
 1.694559999999983e-08  1.217083508634024e-01 
 1.696559999999983e-08  1.217083508634023e-01 
 1.698559999999983e-08  1.217083508634023e-01 
 1.700559999999983e-08  1.217083508634023e-01 
 1.702559999999983e-08  1.217083508634023e-01 
 1.704559999999983e-08  1.217083508634024e-01 
 1.706559999999982e-08  1.217083508634024e-01 
 1.708559999999982e-08  1.217083508634023e-01 
 1.710559999999982e-08  1.217083508634023e-01 
 1.712559999999982e-08  1.217083508634023e-01 
 1.714559999999982e-08  1.217083508634023e-01 
 1.716559999999982e-08  1.217083508634024e-01 
 1.718559999999982e-08  1.217083508634024e-01 
 1.720559999999982e-08  1.217083508634023e-01 
 1.722559999999982e-08  1.217083508634023e-01 
 1.724559999999982e-08  1.217083508634023e-01 
 1.726559999999982e-08  1.217083508634023e-01 
 1.728559999999982e-08  1.217083508634024e-01 
 1.730559999999982e-08  1.217083508634024e-01 
 1.732559999999982e-08  1.217083508634023e-01 
 1.734559999999982e-08  1.217083508634023e-01 
 1.736559999999982e-08  1.217083508634023e-01 
 1.738559999999982e-08  1.217083508634023e-01 
 1.740559999999982e-08  1.217083508634024e-01 
 1.742559999999982e-08  1.217083508634024e-01 
 1.744559999999982e-08  1.217083508634023e-01 
 1.746559999999982e-08  1.217083508634023e-01 
 1.748559999999981e-08  1.217083508634023e-01 
 1.750559999999981e-08  1.217083508634023e-01 
 1.752559999999981e-08  1.217083508634024e-01 
 1.754559999999981e-08  1.217083508634024e-01 
 1.756559999999981e-08  1.217083508634023e-01 
 1.758559999999981e-08  1.217083508634023e-01 
 1.760559999999981e-08  1.217083508634023e-01 
 1.762559999999981e-08  1.217083508634023e-01 
 1.764559999999981e-08  1.217083508634024e-01 
 1.766559999999981e-08  1.217083508634024e-01 
 1.768559999999981e-08  1.217083508634023e-01 
 1.770559999999981e-08  1.217083508634023e-01 
 1.772559999999981e-08  1.217083508634023e-01 
 1.774559999999981e-08  1.217083508634023e-01 
 1.776559999999981e-08  1.217083508634024e-01 
 1.778559999999981e-08  1.217083508634024e-01 
 1.780559999999981e-08  1.217083508634023e-01 
 1.782559999999981e-08  1.217083508634023e-01 
 1.784559999999981e-08  1.217083508634023e-01 
 1.786559999999981e-08  1.217083508634023e-01 
 1.788559999999981e-08  1.217083508634024e-01 
 1.790559999999980e-08  1.217083508634024e-01 
 1.792559999999980e-08  1.217083508634023e-01 
 1.794559999999980e-08  1.217083508634023e-01 
 1.796559999999980e-08  1.217083508634023e-01 
 1.798559999999980e-08  1.217083508634023e-01 
 1.800559999999980e-08  1.217083508634024e-01 
 1.802559999999980e-08  1.217083508634024e-01 
 1.804559999999980e-08  1.217083508634023e-01 
 1.806559999999980e-08  1.217083508634023e-01 
 1.808559999999980e-08  1.217083508634023e-01 
 1.810559999999980e-08  1.217083508634023e-01 
 1.812559999999980e-08  1.217083508634024e-01 
 1.814559999999980e-08  1.217083508634024e-01 
 1.816559999999980e-08  1.217083508634023e-01 
 1.818559999999980e-08  1.217083508634023e-01 
 1.820559999999980e-08  1.217083508634023e-01 
 1.822559999999980e-08  1.217083508634023e-01 
 1.824559999999980e-08  1.217083508634024e-01 
 1.826559999999980e-08  1.217083508634024e-01 
 1.828559999999980e-08  1.217083508634023e-01 
 1.830559999999980e-08  1.217083508634023e-01 
 1.832559999999979e-08  1.217083508634023e-01 
 1.834559999999979e-08  1.217083508634023e-01 
 1.836559999999979e-08  1.217083508634024e-01 
 1.838559999999979e-08  1.217083508634024e-01 
 1.840559999999979e-08  1.217083508634023e-01 
 1.842559999999979e-08  1.217083508634023e-01 
 1.844559999999979e-08  1.217083508634023e-01 
 1.846559999999979e-08  1.217083508634023e-01 
 1.848559999999979e-08  1.217083508634024e-01 
 1.850559999999979e-08  1.217083508634024e-01 
 1.852559999999979e-08  1.217083508634023e-01 
 1.854559999999979e-08  1.217083508634023e-01 
 1.856559999999979e-08  1.217083508634023e-01 
 1.858559999999979e-08  1.217083508634023e-01 
 1.860559999999979e-08  1.217083508634024e-01 
 1.862559999999979e-08  1.217083508634024e-01 
 1.864559999999979e-08  1.217083508634023e-01 
 1.866559999999979e-08  1.217083508634023e-01 
 1.868559999999979e-08  1.217083508634023e-01 
 1.870559999999979e-08  1.217083508634023e-01 
 1.872559999999978e-08  1.217083508634024e-01 
 1.874559999999978e-08  1.217083508634024e-01 
 1.876559999999978e-08  1.217083508634023e-01 
 1.878559999999978e-08  1.217083508634023e-01 
 1.880559999999978e-08  1.217083508634023e-01 
 1.882559999999978e-08  1.217083508634023e-01 
 1.884559999999978e-08  1.217083508634024e-01 
 1.886559999999978e-08  1.217083508634024e-01 
 1.888559999999978e-08  1.217083508634023e-01 
 1.890559999999978e-08  1.217083508634023e-01 
 1.892559999999978e-08  1.217083508634023e-01 
 1.894559999999978e-08  1.217083508634023e-01 
 1.896559999999978e-08  1.217083508634024e-01 
 1.898559999999978e-08  1.217083508634024e-01 
 1.900559999999978e-08  1.217083508634023e-01 
 1.902559999999978e-08  1.217083508634023e-01 
 1.904559999999978e-08  1.217083508634023e-01 
 1.906559999999978e-08  1.217083508634023e-01 
 1.908559999999978e-08  1.217083508634024e-01 
 1.910559999999978e-08  1.217083508634024e-01 
 1.912559999999978e-08  1.217083508634023e-01 
 1.914559999999977e-08  1.217083508634023e-01 
 1.916559999999977e-08  1.217083508634023e-01 
 1.918559999999977e-08  1.217083508634023e-01 
 1.920559999999977e-08  1.217083508634024e-01 
 1.922559999999977e-08  1.217083508634024e-01 
 1.924559999999977e-08  1.217083508634023e-01 
 1.926559999999977e-08  1.217083508634023e-01 
 1.928559999999977e-08  1.217083508634023e-01 
 1.930559999999977e-08  1.217083508634023e-01 
 1.932559999999977e-08  1.217083508634024e-01 
 1.934559999999977e-08  1.217083508634024e-01 
 1.936559999999977e-08  1.217083508634023e-01 
 1.938559999999977e-08  1.217083508634023e-01 
 1.940559999999977e-08  1.217083508634023e-01 
 1.942559999999977e-08  1.217083508634023e-01 
 1.944559999999977e-08  1.217083508634024e-01 
 1.946559999999977e-08  1.217083508634024e-01 
 1.948559999999977e-08  1.217083508634023e-01 
 1.950559999999977e-08  1.217083508634023e-01 
 1.952559999999977e-08  1.217083508634023e-01 
 1.954559999999977e-08  1.217083508634023e-01 
 1.956559999999976e-08  1.217083508634024e-01 
 1.958559999999976e-08  1.217083508634024e-01 
 1.960559999999976e-08  1.217083508634023e-01 
 1.962559999999976e-08  1.217083508634023e-01 
 1.964559999999976e-08  1.217083508634023e-01 
 1.966559999999976e-08  1.217083508634023e-01 
 1.968559999999976e-08  1.217083508634024e-01 
 1.970559999999976e-08  1.217083508634024e-01 
 1.972559999999976e-08  1.217083508634023e-01 
 1.974559999999976e-08  1.217083508634023e-01 
 1.976559999999976e-08  1.217083508634023e-01 
 1.978559999999976e-08  1.217083508634023e-01 
 1.980559999999976e-08  1.217083508634024e-01 
 1.982559999999976e-08  1.217083508634024e-01 
 1.984559999999976e-08  1.217083508634023e-01 
 1.986559999999976e-08  1.217083508634023e-01 
 1.988559999999976e-08  1.217083508634023e-01 
 1.990559999999976e-08  1.217083508634023e-01 
 1.992559999999976e-08  1.217083508634024e-01 
 1.994559999999976e-08  1.217083508634024e-01 
 1.996559999999975e-08  1.217083508634023e-01 
 1.998559999999975e-08  1.217083508634023e-01 
 2.000000000000000e-08  1.217083508634023e-01 
 2.000012096077107e-08  1.217082961875306e-01 
 2.000036288231320e-08  1.217080861118827e-01 
 2.000084672539747e-08  1.217071623310568e-01 
 2.000160162585564e-08  1.217048037909193e-01 
 2.000244964087167e-08  1.217013562364077e-01 
 2.000414567090375e-08  1.216933738962301e-01 
 2.000753773096790e-08  1.216759545735505e-01 
 2.001328699298087e-08  1.216450579449697e-01 
 2.002342560501987e-08  1.215884174160429e-01 
 2.003257957744181e-08  1.215406037307953e-01 
 2.004231563647894e-08  1.215450963761095e-01 
 2.004719781617459e-08  1.216123402995245e-01 
 2.005161286092665e-08  1.217737201975826e-01 
 2.005582915344754e-08  1.220868702078238e-01 
 2.005929175809533e-08  1.225137785905224e-01 
 2.006336251949776e-08  1.232521896792773e-01 
 2.006711642928477e-08  1.241591866773793e-01 
 2.007273609843354e-08  1.258965484706735e-01 
 2.007999740802349e-08  1.287846829228230e-01 
 2.008710922085544e-08  1.323255400221634e-01 
 2.009520741738192e-08  1.373245044050551e-01 
 2.010000000000000e-08  1.408317505286667e-01 
 2.010010550480598e-08  1.409140714880645e-01 
 2.010031651441794e-08  1.410791947098744e-01 
 2.010073853364186e-08  1.414122565190238e-01 
 2.010147185631632e-08  1.419994595063550e-01 
 2.010224404805922e-08  1.426286318381197e-01 
 2.010378843154503e-08  1.439166119961930e-01 
 2.010687719851663e-08  1.465915138053990e-01 
 2.011109611460744e-08  1.504101558589553e-01 
 2.011559345712400e-08  1.546315250709755e-01 
 2.012101251256942e-08  1.598551261136035e-01 
 2.012778450926230e-08  1.665119041951794e-01 
 2.013641341474925e-08  1.750968714542306e-01 
 2.014644248719172e-08  1.851136337375663e-01 
 2.015619300650946e-08  1.948244911074095e-01 
 2.016808307311779e-08  2.065780537785608e-01 
 2.018225751142133e-08  2.204316027101419e-01 
 2.020218711490597e-08  2.395948814143549e-01 
 2.022218711490597e-08  2.584507752014979e-01 
 2.024218711490597e-08  2.769350831870989e-01 
 2.026218711490597e-08  2.950547307938086e-01 
 2.028218711490597e-08  3.128168638421215e-01 
 2.030218711490597e-08  3.302285294736508e-01 
 2.032218711490597e-08  3.472966423965728e-01 
 2.034218711490597e-08  3.640279803004045e-01 
 2.036218711490597e-08  3.804291884821666e-01 
 2.038218711490597e-08  3.965067799158679e-01 
 2.040218711490597e-08  4.122671403032057e-01 
 2.042218711490597e-08  4.277165281565141e-01 
 2.044218711490597e-08  4.428610797116255e-01 
 2.046218711490597e-08  4.577068089577411e-01 
 2.048218711490597e-08  4.722596124091371e-01 
 2.050218711490597e-08  4.865252690836038e-01 
 2.052218711490597e-08  5.005094451378227e-01 
 2.054218711490596e-08  5.142176937969248e-01 
 2.056218711490596e-08  5.276554598582984e-01 
 2.058218711490596e-08  5.408280795747318e-01 
 2.060218711490596e-08  5.537407850312315e-01 
 2.062218711490596e-08  5.663987039841103e-01 
 2.064218711490596e-08  5.788068641152272e-01 
 2.066218711490596e-08  5.909701928292846e-01 
 2.068218711490596e-08  6.028935213897293e-01 
 2.070218711490596e-08  6.145815846764299e-01 
 2.072218711490596e-08  6.260390252073232e-01 
 2.074218711490596e-08  6.372703928585526e-01 
 2.076218711490596e-08  6.482801487757863e-01 
 2.078218711490596e-08  6.590726650588107e-01 
 2.080218711490596e-08  6.696522285663022e-01 
 2.082218711490596e-08  6.800230405667851e-01 
 2.084218711490596e-08  6.901892204404972e-01 
 2.086218711490596e-08  7.001548052985438e-01 
 2.088218711490596e-08  7.099237535853563e-01 
 2.090218711490596e-08  7.194999446677965e-01 
 2.092218711490596e-08  7.288871823415838e-01 
 2.094218711490596e-08  7.380891943920254e-01 
 2.096218711490595e-08  7.471096360076572e-01 
 2.098218711490595e-08  7.559520893142130e-01 
 2.100218711490595e-08  7.646200666986003e-01 
 2.102218711490595e-08  7.731170103176472e-01 
 2.104218711490595e-08  7.814462953354244e-01 
 2.106218711490595e-08  7.896112294082444e-01 
 2.108218711490595e-08  7.976150558382238e-01 
 2.110218711490595e-08  8.054609530359482e-01 
 2.112218711490595e-08  8.131520375930640e-01 
 2.114218711490595e-08  8.206913637239585e-01 
 2.116218711490595e-08  8.280819262600665e-01 
 2.118218711490595e-08  8.353266600718602e-01 
 2.120218711490595e-08  8.424284429874576e-01 
 2.122218711490595e-08  8.493900951961553e-01 
 2.124218711490595e-08  8.562143820938311e-01 
 2.126218711490595e-08  8.629040136692055e-01 
 2.128218711490595e-08  8.694616472784357e-01 
 2.130218711490595e-08  8.758898870152371e-01 
 2.132218711490595e-08  8.821912864169777e-01 
 2.134218711490595e-08  8.883683478197439e-01 
 2.136218711490594e-08  8.944235249981620e-01 
 2.138218711490594e-08  9.003592225064422e-01 
 2.140218711490594e-08  9.061777982540705e-01 
 2.142218711490594e-08  9.118815628338195e-01 
 2.144218711490594e-08  9.174727820353777e-01 
 2.146218711490594e-08  9.229536761612728e-01 
 2.148218711490594e-08  9.283264224804267e-01 
 2.150218711490594e-08  9.335931545328960e-01 
 2.152218711490594e-08  9.387559645252713e-01 
 2.154218711490594e-08  9.438169026250950e-01 
 2.156218711490594e-08  9.487779792999529e-01 
 2.158218711490594e-08  9.536411646023961e-01 
 2.160218711490594e-08  9.584083904545061e-01 
 2.162218711490594e-08  9.630815499241043e-01 
 2.164218711490594e-08  9.676624994565068e-01 
 2.166218711490594e-08  9.721530581427767e-01 
 2.168218711490594e-08  9.765550099003204e-01 
 2.170218711490594e-08  9.808701027338982e-01 
 2.172218711490594e-08  9.851000508666594e-01 
 2.174218711490594e-08  9.892465339945946e-01 
 2.176218711490594e-08  9.933111993695442e-01 
 2.178218711490593e-08  9.972956610477482e-01 
 2.180218711490593e-08  1.001201501926310e+00 
 2.182218711490593e-08  1.005030272986462e+00 
 2.184218711490593e-08  1.008783495284917e+00 
 2.186218711490593e-08  1.012462659192443e+00 
 2.188218711490593e-08  1.016069226341479e+00 
 2.190218711490593e-08  1.019604628860583e+00 
 2.192218711490593e-08  1.023070271279642e+00 
 2.194218711490593e-08  1.026467529760737e+00 
 2.196218711490593e-08  1.029797753962219e+00 
 2.198218711490593e-08  1.033062266266506e+00 
 2.200218711490593e-08  1.036262363604267e+00 
 2.202218711490593e-08  1.039399316679638e+00 
 2.204218711490593e-08  1.042474371755703e+00 
 2.206218711490593e-08  1.045488749877590e+00 
 2.208218711490593e-08  1.048443648620406e+00 
 2.210218711490593e-08  1.051340241310661e+00 
 2.212218711490593e-08  1.054179678737751e+00 
 2.214218711490593e-08  1.056963088374135e+00 
 2.216218711490593e-08  1.059691576051449e+00 
 2.218218711490593e-08  1.062366225179824e+00 
 2.220218711490592e-08  1.064988098389664e+00 
 2.222218711490592e-08  1.067558236750489e+00 
 2.224218711490592e-08  1.070077661379372e+00 
 2.226218711490592e-08  1.072547372659674e+00 
 2.228218711490592e-08  1.074968351817092e+00 
 2.230218711490592e-08  1.077341560138634e+00 
 2.232218711490592e-08  1.079667940517207e+00 
 2.234218711490592e-08  1.081948416671155e+00 
 2.236218711490592e-08  1.084183894658290e+00 
 2.238218711490592e-08  1.086375262096293e+00 
 2.240218711490592e-08  1.088523389647053e+00 
 2.242218711490592e-08  1.090629130238233e+00 
 2.244218711490592e-08  1.092693320518750e+00 
 2.246218711490592e-08  1.094716780081775e+00 
 2.248218711490592e-08  1.096700312892163e+00 
 2.250218711490592e-08  1.098644706511158e+00 
 2.252218711490592e-08  1.100550733496548e+00 
 2.254218711490592e-08  1.102419150629318e+00 
 2.256218711490592e-08  1.104250700287287e+00 
 2.258218711490592e-08  1.106046109673948e+00 
 2.260218711490591e-08  1.107806092166304e+00 
 2.262218711490591e-08  1.109531346546123e+00 
 2.264218711490591e-08  1.111222558322679e+00 
 2.266218711490591e-08  1.112880398966621e+00 
 2.268218711490591e-08  1.114505527208311e+00 
 2.270218711490591e-08  1.116098588274496e+00 
 2.272218711490591e-08  1.117660215162894e+00 
 2.274218711490591e-08  1.119191027881864e+00 
 2.276218711490591e-08  1.120691634701873e+00 
 2.278218711490591e-08  1.122162631398343e+00 
 2.280218711490591e-08  1.123604602480597e+00 
 2.282218711490591e-08  1.125018120438058e+00 
 2.284218711490591e-08  1.126403746947271e+00 
 2.286218711490591e-08  1.127762032121602e+00 
 2.288218711490591e-08  1.129093515696908e+00 
 2.290218711490591e-08  1.130398726284882e+00 
 2.292218711490591e-08  1.131678182537929e+00 
 2.294218711490591e-08  1.132932392406291e+00 
 2.296218711490591e-08  1.134161854282662e+00 
 2.298218711490591e-08  1.135367056263222e+00 
 2.300218711490591e-08  1.136548477272509e+00 
 2.302218711490590e-08  1.137706586328486e+00 
 2.304218711490590e-08  1.138841843648164e+00 
 2.306218711490590e-08  1.139954699916813e+00 
 2.308218711490590e-08  1.141045597374831e+00 
 2.310218711490590e-08  1.142114969091190e+00 
 2.312218711490590e-08  1.143163240032022e+00 
 2.314218711490590e-08  1.144190826338410e+00 
 2.316218711490590e-08  1.145198136377128e+00 
 2.318218711490590e-08  1.146185570022874e+00 
 2.320218711490590e-08  1.147153519691605e+00 
 2.322218711490590e-08  1.148102369627289e+00 
 2.324218711490590e-08  1.149032496918265e+00 
 2.326218711490590e-08  1.149944270788591e+00 
 2.328218711490590e-08  1.150838053597842e+00 
 2.330218711490590e-08  1.151714200137112e+00 
 2.332218711490590e-08  1.152573058612662e+00 
 2.334218711490590e-08  1.153414969946646e+00 
 2.336218711490590e-08  1.154240268744973e+00 
 2.338218711490590e-08  1.155049282602835e+00 
 2.340218711490590e-08  1.155842333057153e+00 
 2.342218711490590e-08  1.156619734896955e+00 
 2.344218711490589e-08  1.157381797100776e+00 
 2.346218711490589e-08  1.158128822151929e+00 
 2.348218711490589e-08  1.158861106961213e+00 
 2.350218711490589e-08  1.159578942187124e+00 
 2.352218711490589e-08  1.160282613144201e+00 
 2.354218711490589e-08  1.160972399128224e+00 
 2.356218711490589e-08  1.161648574310534e+00 
 2.358218711490589e-08  1.162311407068242e+00 
 2.360218711490589e-08  1.162961160877449e+00 
 2.362218711490589e-08  1.163598093624534e+00 
 2.364218711490589e-08  1.164222458470640e+00 
 2.366218711490589e-08  1.164834503205191e+00 
 2.368218711490589e-08  1.165434471113444e+00 
 2.370218711490589e-08  1.166022600323056e+00 
 2.372218711490589e-08  1.166599124620750e+00 
 2.374218711490589e-08  1.167164272812589e+00 
 2.376218711490589e-08  1.167718269553873e+00 
 2.378218711490589e-08  1.168261334704970e+00 
 2.380218711490589e-08  1.168793684147849e+00 
 2.382218711490589e-08  1.169315529146937e+00 
 2.384218711490589e-08  1.169827077153650e+00 
 2.386218711490588e-08  1.170328531172412e+00 
 2.388218711490588e-08  1.170820090553451e+00 
 2.390218711490588e-08  1.171301950363993e+00 
 2.392218711490588e-08  1.171774302169577e+00 
 2.394218711490588e-08  1.172237333410426e+00 
 2.396218711490588e-08  1.172691228171520e+00 
 2.398218711490588e-08  1.173136166564149e+00 
 2.400218711490588e-08  1.173572325484983e+00 
 2.402218711490588e-08  1.173999878002806e+00 
 2.404218711490588e-08  1.174418994106807e+00 
 2.406218711490588e-08  1.174829840098493e+00 
 2.408218711490588e-08  1.175232579329429e+00 
 2.410218711490588e-08  1.175627371598326e+00 
 2.412218711490588e-08  1.176014373878436e+00 
 2.414218711490588e-08  1.176393739719813e+00 
 2.416218711490588e-08  1.176765619966581e+00 
 2.418218711490588e-08  1.177130162164350e+00 
 2.420218711490588e-08  1.177487511267558e+00 
 2.422218711490588e-08  1.177837809052036e+00 
 2.424218711490588e-08  1.178181194812631e+00 
 2.426218711490587e-08  1.178517804780895e+00 
 2.428218711490587e-08  1.178847772813176e+00 
 2.430218711490587e-08  1.179171229813438e+00 
 2.432218711490587e-08  1.179488304411993e+00 
 2.434218711490587e-08  1.179799122393432e+00 
 2.436218711490587e-08  1.180103807366192e+00 
 2.438218711490587e-08  1.180402480195575e+00 
 2.440218711490587e-08  1.180695259664324e+00 
 2.442218711490587e-08  1.180982261910715e+00 
 2.444218711490587e-08  1.181263601080316e+00 
 2.446218711490587e-08  1.181539388769129e+00 
 2.448218711490587e-08  1.181809734666699e+00 
 2.450218711490587e-08  1.182074746004283e+00 
 2.452218711490587e-08  1.182334528189476e+00 
 2.454218711490587e-08  1.182589184259387e+00 
 2.456218711490587e-08  1.182838815506934e+00 
 2.458218711490587e-08  1.183083520939002e+00 
 2.460218711490587e-08  1.183323397894569e+00 
 2.462218711490587e-08  1.183558541507823e+00 
 2.464218711490587e-08  1.183789045318256e+00 
 2.466218711490587e-08  1.184015000738721e+00 
 2.468218711490586e-08  1.184236497657649e+00 
 2.470218711490586e-08  1.184453623912012e+00 
 2.472218711490586e-08  1.184666465881802e+00 
 2.474218711490586e-08  1.184875107967875e+00 
 2.476218711490586e-08  1.185079633178833e+00 
 2.478218711490586e-08  1.185280122613722e+00 
 2.480218711490586e-08  1.185476656041454e+00 
 2.482218711490586e-08  1.185669311388320e+00 
 2.484218711490586e-08  1.185858165310089e+00 
 2.486218711490586e-08  1.186043292684317e+00 
 2.488218711490586e-08  1.186224767175232e+00 
 2.490218711490586e-08  1.186402660730817e+00 
 2.492218711490586e-08  1.186577044140621e+00 
 2.494218711490586e-08  1.186747986537567e+00 
 2.496218711490586e-08  1.186915555948808e+00 
 2.498218711490586e-08  1.187079818802243e+00 
 2.500218711490586e-08  1.187240840470534e+00 
 2.502218711490586e-08  1.187398684782289e+00 
 2.504218711490586e-08  1.187553414559367e+00 
 2.506218711490586e-08  1.187705091132689e+00 
 2.508218711490586e-08  1.187853774872942e+00 
 2.510218711490585e-08  1.187999524710997e+00 
 2.512218711490585e-08  1.188142398662111e+00 
 2.514218711490585e-08  1.188282453350920e+00 
 2.516218711490585e-08  1.188419744529255e+00 
 2.518218711490585e-08  1.188554326605669e+00 
 2.520218711490585e-08  1.188686253156973e+00 
 2.522218711490585e-08  1.188815576462264e+00 
 2.524218711490585e-08  1.188942348008287e+00 
 2.526218711490585e-08  1.189066618027927e+00 
 2.528218711490585e-08  1.189188435999495e+00 
 2.530218711490585e-08  1.189307850189655e+00 
 2.532218711490585e-08  1.189424908146730e+00 
 2.534218711490585e-08  1.189539656248026e+00 
 2.536218711490585e-08  1.189652140187254e+00 
 2.538218711490585e-08  1.189762404526224e+00 
 2.540218711490585e-08  1.189870493176473e+00 
 2.542218711490585e-08  1.189976448955289e+00 
 2.544218711490585e-08  1.190080314061636e+00 
 2.546218711490585e-08  1.190182129636478e+00 
 2.548218711490585e-08  1.190281936233096e+00 
 2.550218711490585e-08  1.190379773381663e+00 
 2.552218711490584e-08  1.190475680054049e+00 
 2.554218711490584e-08  1.190569694232611e+00 
 2.556218711490584e-08  1.190661853369565e+00 
 2.558218711490584e-08  1.190752193959970e+00 
 2.560218711490584e-08  1.190840751995734e+00 
 2.562218711490584e-08  1.190927562542762e+00 
 2.564218711490584e-08  1.191012660189689e+00 
 2.566218711490584e-08  1.191096078629140e+00 
 2.568218711490584e-08  1.191177851101277e+00 
 2.570218711490584e-08  1.191258009979137e+00 
 2.572218711490584e-08  1.191336587207067e+00 
 2.574218711490584e-08  1.191413613890112e+00 
 2.576218711490584e-08  1.191489120727409e+00 
 2.578218711490584e-08  1.191563137605584e+00 
 2.580218711490584e-08  1.191635694027193e+00 
 2.582218711490584e-08  1.191706818708082e+00 
 2.584218711490584e-08  1.191776540000949e+00 
 2.586218711490584e-08  1.191844885496641e+00 
 2.588218711490584e-08  1.191911882442900e+00 
 2.590218711490584e-08  1.191977557349561e+00 
 2.592218711490583e-08  1.192041936402553e+00 
 2.594218711490583e-08  1.192105045072972e+00 
 2.596218711490583e-08  1.192166908526396e+00 
 2.598218711490583e-08  1.192227551235798e+00 
 2.600218711490583e-08  1.192286997386248e+00 
 2.602218711490583e-08  1.192345270491622e+00 
 2.604218711490583e-08  1.192402393794770e+00 
 2.606218711490583e-08  1.192458389887975e+00 
 2.608218711490583e-08  1.192513281108655e+00 
 2.610218711490583e-08  1.192567089163542e+00 
 2.612218711490583e-08  1.192619835519970e+00 
 2.614218711490583e-08  1.192671541033753e+00 
 2.616218711490583e-08  1.192722226336110e+00 
 2.618218711490583e-08  1.192771911465212e+00 
 2.620218711490583e-08  1.192820616248813e+00 
 2.622218711490583e-08  1.192868359939414e+00 
 2.624218711490583e-08  1.192915161592671e+00 
 2.626218711490583e-08  1.192961039706142e+00 
 2.628218711490583e-08  1.193006012593528e+00 
 2.630218711490583e-08  1.193050098026972e+00 
 2.632218711490583e-08  1.193093313607184e+00 
 2.634218711490582e-08  1.193135676409263e+00 
 2.636218711490582e-08  1.193177203348761e+00 
 2.638218711490582e-08  1.193217910830998e+00 
 2.640218711490582e-08  1.193257815113116e+00 
 2.642218711490582e-08  1.193296931956847e+00 
 2.644218711490582e-08  1.193335276986629e+00 
 2.646218711490582e-08  1.193372865345783e+00 
 2.648218711490582e-08  1.193409712050735e+00 
 2.650218711490582e-08  1.193445831650582e+00 
 2.652218711490582e-08  1.193481238577477e+00 
 2.654218711490582e-08  1.193515946809538e+00 
 2.656218711490582e-08  1.193549970217446e+00 
 2.658218711490582e-08  1.193583322230676e+00 
 2.660218711490582e-08  1.193616016180353e+00 
 2.662218711490582e-08  1.193648064968771e+00 
 2.664218711490582e-08  1.193679481408560e+00 
 2.666218711490582e-08  1.193710277895456e+00 
 2.668218711490582e-08  1.193740466743828e+00 
 2.670218711490582e-08  1.193770059862671e+00 
 2.672218711490582e-08  1.193799069087540e+00 
 2.674218711490582e-08  1.193827505859734e+00 
 2.676218711490581e-08  1.193855381554678e+00 
 2.678218711490581e-08  1.193882707164272e+00 
 2.680218711490581e-08  1.193909493621771e+00 
 2.682218711490581e-08  1.193935751487257e+00 
 2.684218711490581e-08  1.193961491269070e+00 
 2.686218711490581e-08  1.193986723112369e+00 
 2.688218711490581e-08  1.194011457117160e+00 
 2.690218711490581e-08  1.194035703029919e+00 
 2.692218711490581e-08  1.194059470558247e+00 
 2.694218711490581e-08  1.194082769065536e+00 
 2.696218711490581e-08  1.194105607882297e+00 
 2.698218711490581e-08  1.194127996003826e+00 
 2.700218711490581e-08  1.194149942398258e+00 
 2.702218711490581e-08  1.194171455707199e+00 
 2.704218711490581e-08  1.194192544550545e+00 
 2.706218711490581e-08  1.194213217230056e+00 
 2.708218711490581e-08  1.194233482030972e+00 
 2.710218711490581e-08  1.194253346928508e+00 
 2.712218711490581e-08  1.194272819886306e+00 
 2.714218711490581e-08  1.194291908565813e+00 
 2.716218711490580e-08  1.194310620621620e+00 
 2.718218711490580e-08  1.194328963413690e+00 
 2.720218711490580e-08  1.194346944299616e+00 
 2.722218711490580e-08  1.194364570349678e+00 
 2.724218711490580e-08  1.194381848636057e+00 
 2.726218711490580e-08  1.194398785950687e+00 
 2.728218711490580e-08  1.194415389091469e+00 
 2.730218711490580e-08  1.194431664582891e+00 
 2.732218711490580e-08  1.194447618959271e+00 
 2.734218711490580e-08  1.194463258488118e+00 
 2.736218711490580e-08  1.194478589450449e+00 
 2.738218711490580e-08  1.194493617866854e+00 
 2.740218711490580e-08  1.194508349774928e+00 
 2.742218711490580e-08  1.194522790958011e+00 
 2.744218711490580e-08  1.194536947219767e+00 
 2.746218711490580e-08  1.194550824115575e+00 
 2.748218711490580e-08  1.194564427224288e+00 
 2.750218711490580e-08  1.194577761882254e+00 
 2.752218711490580e-08  1.194590833452281e+00 
 2.754218711490580e-08  1.194603647060262e+00 
 2.756218711490580e-08  1.194616207861382e+00 
 2.758218711490579e-08  1.194628520779320e+00 
 2.760218711490579e-08  1.194640590769736e+00 
 2.762218711490579e-08  1.194652422562015e+00 
 2.764218711490579e-08  1.194664020920067e+00 
 2.766218711490579e-08  1.194675390386595e+00 
 2.768218711490579e-08  1.194686535541233e+00 
 2.770218711490579e-08  1.194697460747314e+00 
 2.772218711490579e-08  1.194708170407380e+00 
 2.774218711490579e-08  1.194718668712419e+00 
 2.776218711490579e-08  1.194728959894785e+00 
 2.778218711490579e-08  1.194739047979873e+00 
 2.780218711490579e-08  1.194748937036479e+00 
 2.782218711490579e-08  1.194758630930895e+00 
 2.784218711490579e-08  1.194768133574733e+00 
 2.786218711490579e-08  1.194777448681415e+00 
 2.788218711490579e-08  1.194786580011495e+00 
 2.790218711490579e-08  1.194795531131512e+00 
 2.792218711490579e-08  1.194804305656850e+00 
 2.794218711490579e-08  1.194812907012926e+00 
 2.796218711490579e-08  1.194821338675603e+00 
 2.798218711490579e-08  1.194829603934707e+00 
 2.800218711490578e-08  1.194837706132020e+00 
 2.802218711490578e-08  1.194845648427090e+00 
 2.804218711490578e-08  1.194853434032837e+00 
 2.806218711490578e-08  1.194861065983641e+00 
 2.808218711490578e-08  1.194868547368581e+00 
 2.810218711490578e-08  1.194875881101772e+00 
 2.812218711490578e-08  1.194883070153277e+00 
 2.814218711490578e-08  1.194890117321662e+00 
 2.816218711490578e-08  1.194897025462606e+00 
 2.818218711490578e-08  1.194903797263660e+00 
 2.820218711490578e-08  1.194910435470574e+00 
 2.822218711490578e-08  1.194916942664233e+00 
 2.824218711490578e-08  1.194923321484739e+00 
 2.826218711490578e-08  1.194929574410496e+00 
 2.828218711490578e-08  1.194935703980070e+00 
 2.830218711490578e-08  1.194941712573405e+00 
 2.832218711490578e-08  1.194947602631481e+00 
 2.834218711490578e-08  1.194953376439645e+00 
 2.836218711490578e-08  1.194959036345090e+00 
 2.838218711490578e-08  1.194964584542278e+00 
 2.840218711490578e-08  1.194970023288264e+00 
 2.842218711490577e-08  1.194975354690190e+00 
 2.844218711490577e-08  1.194980580918482e+00 
 2.846218711490577e-08  1.194985703996388e+00 
 2.848218711490577e-08  1.194990726011076e+00 
 2.850218711490577e-08  1.194995648905191e+00 
 2.852218711490577e-08  1.195000474685883e+00 
 2.854218711490577e-08  1.195005205218359e+00 
 2.856218711490577e-08  1.195009842432861e+00 
 2.858218711490577e-08  1.195014388120201e+00 
 2.860218711490577e-08  1.195018844136701e+00 
 2.862218711490577e-08  1.195023212201699e+00 
 2.864218711490577e-08  1.195027494100477e+00 
 2.866218711490577e-08  1.195031691483701e+00 
 2.868218711490577e-08  1.195035806068373e+00 
 2.870218711490577e-08  1.195039839439188e+00 
 2.872218711490577e-08  1.195043793247520e+00 
 2.874218711490577e-08  1.195047669014686e+00 
 2.876218711490577e-08  1.195051468328984e+00 
 2.878218711490577e-08  1.195055192650840e+00 
 2.880218711490577e-08  1.195058843507929e+00 
 2.882218711490576e-08  1.195062422302179e+00 
 2.884218711490576e-08  1.195065930502995e+00 
 2.886218711490576e-08  1.195069369456109e+00 
 2.888218711490576e-08  1.195072740574920e+00 
 2.890218711490576e-08  1.195076045151170e+00 
 2.892218711490576e-08  1.195079284544429e+00 
 2.894218711490576e-08  1.195082459994571e+00 
 2.896218711490576e-08  1.195085572809428e+00 
 2.898218711490576e-08  1.195088624179047e+00 
 2.900218711490576e-08  1.195091615361528e+00 
 2.902218711490576e-08  1.195094547499053e+00 
 2.904218711490576e-08  1.195097421801920e+00 
 2.906218711490576e-08  1.195100239366326e+00 
 2.908218711490576e-08  1.195103001356627e+00 
 2.910218711490576e-08  1.195105708824844e+00 
 2.912218711490576e-08  1.195108362891171e+00 
 2.914218711490576e-08  1.195110964565192e+00 
 2.916218711490576e-08  1.195113514924653e+00 
 2.918218711490576e-08  1.195116014938371e+00 
 2.920218711490576e-08  1.195118465643291e+00 
 2.922218711490576e-08  1.195120867969068e+00 
 2.924218711490575e-08  1.195123222913428e+00 
 2.926218711490575e-08  1.195125531368408e+00 
 2.928218711490575e-08  1.195127794294033e+00 
 2.930218711490575e-08  1.195130012546204e+00 
 2.932218711490575e-08  1.195132187048707e+00 
 2.934218711490575e-08  1.195134318622732e+00 
 2.936218711490575e-08  1.195136408157230e+00 
 2.938218711490575e-08  1.195138456440044e+00 
 2.940218711490575e-08  1.195140464326645e+00 
 2.942218711490575e-08  1.195142432572842e+00 
 2.944218711490575e-08  1.195144362001920e+00 
 2.946218711490575e-08  1.195146253338920e+00 
 2.948218711490575e-08  1.195148107376187e+00 
 2.950218711490575e-08  1.195149924809207e+00 
 2.952218711490575e-08  1.195151706400582e+00 
 2.954218711490575e-08  1.195153452817411e+00 
 2.956218711490575e-08  1.195155164793702e+00 
 2.958218711490575e-08  1.195156842969288e+00 
 2.960218711490575e-08  1.195158488050692e+00 
 2.962218711490575e-08  1.195160100651552e+00 
 2.964218711490575e-08  1.195161681451971e+00 
 2.966218711490574e-08  1.195163231040430e+00 
 2.968218711490574e-08  1.195164750071630e+00 
 2.970218711490574e-08  1.195166239109889e+00 
 2.972218711490574e-08  1.195167698785490e+00 
 2.974218711490574e-08  1.195169129639541e+00 
 2.976218711490574e-08  1.195170532278849e+00 
 2.978218711490574e-08  1.195171907222232e+00 
 2.980218711490574e-08  1.195173255053930e+00 
 2.982218711490574e-08  1.195174576271349e+00 
 2.984218711490574e-08  1.195175871437031e+00 
 2.986218711490575e-08  1.195177141027820e+00 
 2.988218711490575e-08  1.195178385585400e+00 
 2.990218711490575e-08  1.195179605566864e+00 
 2.992218711490575e-08  1.195180801493843e+00 
 2.994218711490576e-08  1.195181973804460e+00 
 2.996218711490576e-08  1.195183123001067e+00 
 2.998218711490576e-08  1.195184249503571e+00 
 3.000218711490577e-08  1.195185353795785e+00 
 3.002218711490577e-08  1.195186436280123e+00 
 3.004218711490577e-08  1.195187497422574e+00 
 3.006218711490577e-08  1.195188537608749e+00 
 3.008218711490578e-08  1.195189557287504e+00 
 3.010218711490578e-08  1.195190556828314e+00 
 3.012218711490578e-08  1.195191536663557e+00 
 3.014218711490579e-08  1.195192497147214e+00 
 3.016218711490579e-08  1.195193438695822e+00 
 3.018218711490579e-08  1.195194361648480e+00 
 3.020218711490579e-08  1.195195266406493e+00 
 3.022218711490580e-08  1.195196153294672e+00 
 3.024218711490580e-08  1.195197022699676e+00 
 3.026218711490580e-08  1.195197874932592e+00 
 3.028218711490581e-08  1.195198710365996e+00 
 3.030218711490581e-08  1.195199529297800e+00 
 3.032218711490581e-08  1.195200332087038e+00 
 3.034218711490581e-08  1.195201119018967e+00 
 3.036218711490582e-08  1.195201890439601e+00 
 3.038218711490582e-08  1.195202646622048e+00 
 3.040218711490582e-08  1.195203387899798e+00 
 3.042218711490583e-08  1.195204114534295e+00 
 3.044218711490583e-08  1.195204826846988e+00 
 3.046218711490583e-08  1.195205525088118e+00 
 3.048218711490583e-08  1.195206209567557e+00 
 3.050218711490584e-08  1.195206880524789e+00 
 3.052218711490584e-08  1.195207538258550e+00 
 3.054218711490584e-08  1.195208182998000e+00 
 3.056218711490585e-08  1.195208815031165e+00 
 3.058218711490585e-08  1.195209434577290e+00 
 3.060218711490585e-08  1.195210041914103e+00 
 3.062218711490585e-08  1.195210637251330e+00 
 3.064218711490586e-08  1.195211220856795e+00 
 3.066218711490586e-08  1.195211792931086e+00 
 3.068218711490586e-08  1.195212353732498e+00 
 3.070218711490587e-08  1.195212903452850e+00 
 3.072218711490587e-08  1.195213442341272e+00 
 3.074218711490587e-08  1.195213970581162e+00 
 3.076218711490587e-08  1.195214488412840e+00 
 3.078218711490588e-08  1.195214996011616e+00 
 3.080218711490588e-08  1.195215493609336e+00 
 3.082218711490588e-08  1.195215981373549e+00 
 3.084218711490588e-08  1.195216459527946e+00 
 3.086218711490589e-08  1.195216928232629e+00 
 3.088218711490589e-08  1.195217387703447e+00 
 3.090218711490589e-08  1.195217838093352e+00 
 3.092218711490590e-08  1.195218279610647e+00 
 3.094218711490590e-08  1.195218712401420e+00 
 3.096218711490590e-08  1.195219136666720e+00 
 3.098218711490590e-08  1.195219552546049e+00 
 3.100218711490591e-08  1.195219960233471e+00 
 3.102218711490591e-08  1.195220359862167e+00 
 3.104218711490591e-08  1.195220751619487e+00 
 3.106218711490592e-08  1.195221135632545e+00 
 3.108218711490592e-08  1.195221512082228e+00 
 3.110218711490592e-08  1.195221881089827e+00 
 3.112218711490592e-08  1.195222242830013e+00 
 3.114218711490593e-08  1.195222597418490e+00 
 3.116218711490593e-08  1.195222945023950e+00 
 3.118218711490593e-08  1.195223285756733e+00 
 3.120218711490594e-08  1.195223619779776e+00 
 3.122218711490594e-08  1.195223947198275e+00 
 3.124218711490594e-08  1.195224268169631e+00 
 3.126218711490594e-08  1.195224582794101e+00 
 3.128218711490595e-08  1.195224891223759e+00 
 3.130218711490595e-08  1.195225193554126e+00 
 3.132218711490595e-08  1.195225489932150e+00 
 3.134218711490596e-08  1.195225780448808e+00 
 3.136218711490596e-08  1.195226065246112e+00 
 3.138218711490596e-08  1.195226344410679e+00 
 3.140218711490596e-08  1.195226618079776e+00 
 3.142218711490597e-08  1.195226886335837e+00 
 3.144218711490597e-08  1.195227149311557e+00 
 3.146218711490597e-08  1.195227407085359e+00 
 3.148218711490598e-08  1.195227659785544e+00 
 3.150218711490598e-08  1.195227907486682e+00 
 3.152218711490598e-08  1.195228150312844e+00 
 3.154218711490598e-08  1.195228388334908e+00 
 3.156218711490599e-08  1.195228621672872e+00 
 3.158218711490599e-08  1.195228850394072e+00 
 3.160218711490599e-08  1.195229074614585e+00 
 3.162218711490600e-08  1.195229294398352e+00 
 3.164218711490600e-08  1.195229509857676e+00 
 3.166218711490600e-08  1.195229721053240e+00 
 3.168218711490600e-08  1.195229928093714e+00 
 3.170218711490601e-08  1.195230131036660e+00 
 3.172218711490601e-08  1.195230329987249e+00 
 3.174218711490601e-08  1.195230525000048e+00 
 3.176218711490601e-08  1.195230716176861e+00 
 3.178218711490602e-08  1.195230903569384e+00 
 3.180218711490602e-08  1.195231087276179e+00 
 3.182218711490602e-08  1.195231267346188e+00 
 3.184218711490603e-08  1.195231443874851e+00 
 3.186218711490603e-08  1.195231616908474e+00 
 3.188218711490603e-08  1.195231786539490e+00 
 3.190218711490603e-08  1.195231952811674e+00 
 3.192218711490604e-08  1.195232115814565e+00 
 3.194218711490604e-08  1.195232275589513e+00 
 3.196218711490604e-08  1.195232432223270e+00 
 3.198218711490605e-08  1.195232585754862e+00 
 3.200218711490605e-08  1.195232736268357e+00 
 3.202218711490605e-08  1.195232883800554e+00 
 3.204218711490605e-08  1.195233028432933e+00 
 3.206218711490606e-08  1.195233170200160e+00 
 3.208218711490606e-08  1.195233309181226e+00 
 3.210218711490606e-08  1.195233445408751e+00 
 3.212218711490607e-08  1.195233578959326e+00 
 3.214218711490607e-08  1.195233709863613e+00 
 3.216218711490607e-08  1.195233838195892e+00 
 3.218218711490607e-08  1.195233963984947e+00 
 3.220218711490608e-08  1.195234087302832e+00 
 3.222218711490608e-08  1.195234208176533e+00 
 3.224218711490608e-08  1.195234326675959e+00 
 3.226218711490609e-08  1.195234442826374e+00 
 3.228218711490609e-08  1.195234556695621e+00 
 3.230218711490609e-08  1.195234668307313e+00 
 3.232218711490609e-08  1.195234777727302e+00 
 3.234218711490610e-08  1.195234884977622e+00 
 3.236218711490610e-08  1.195234990122206e+00 
 3.238218711490610e-08  1.195235093181577e+00 
 3.240218711490611e-08  1.195235194217815e+00 
 3.242218711490611e-08  1.195235293249997e+00 
 3.244218711490611e-08  1.195235390338421e+00 
 3.246218711490611e-08  1.195235485500777e+00 
 3.248218711490612e-08  1.195235578795646e+00 
 3.250218711490612e-08  1.195235670239391e+00 
 3.252218711490612e-08  1.195235759888936e+00 
 3.254218711490613e-08  1.195235847759375e+00 
 3.256218711490613e-08  1.195235933906035e+00 
 3.258218711490613e-08  1.195236018342797e+00 
 3.260218711490613e-08  1.195236101123445e+00 
 3.262218711490614e-08  1.195236182260701e+00 
 3.264218711490614e-08  1.195236261806863e+00 
 3.266218711490614e-08  1.195236339773540e+00 
 3.268218711490614e-08  1.195236416211601e+00 
 3.270218711490615e-08  1.195236491131592e+00 
 3.272218711490615e-08  1.195236564583000e+00 
 3.274218711490615e-08  1.195236636575354e+00 
 3.276218711490616e-08  1.195236707156810e+00 
 3.278218711490616e-08  1.195236776335927e+00 
 3.280218711490616e-08  1.195236844159573e+00 
 3.282218711490616e-08  1.195236910635380e+00 
 3.284218711490617e-08  1.195236975808975e+00 
 3.286218711490617e-08  1.195237039687104e+00 
 3.288218711490617e-08  1.195237102314198e+00 
 3.290218711490618e-08  1.195237163696154e+00 
 3.292218711490618e-08  1.195237223876250e+00 
 3.294218711490618e-08  1.195237282859572e+00 
 3.296218711490618e-08  1.195237340688284e+00 
 3.298218711490619e-08  1.195237397366699e+00 
 3.300218711490619e-08  1.195237452935907e+00 
 3.302218711490619e-08  1.195237507399481e+00 
 3.304218711490620e-08  1.195237560797473e+00 
 3.306218711490620e-08  1.195237613132751e+00 
 3.308218711490620e-08  1.195237664444366e+00 
 3.310218711490620e-08  1.195237714734512e+00 
 3.312218711490621e-08  1.195237764041273e+00 
 3.314218711490621e-08  1.195237812366202e+00 
 3.316218711490621e-08  1.195237859746447e+00 
 3.318218711490622e-08  1.195237906182951e+00 
 3.320218711490622e-08  1.195237951711957e+00 
 3.322218711490622e-08  1.195237996333826e+00 
 3.324218711490622e-08  1.195238040083929e+00 
 3.326218711490623e-08  1.195238082962070e+00 
 3.328218711490623e-08  1.195238125002781e+00 
 3.330218711490623e-08  1.195238166205332e+00 
 3.332218711490624e-08  1.195238206603443e+00 
 3.334218711490624e-08  1.195238246195878e+00 
 3.336218711490624e-08  1.195238285015572e+00 
 3.338218711490624e-08  1.195238323060808e+00 
 3.340218711490625e-08  1.195238360363760e+00 
 3.342218711490625e-08  1.195238396922253e+00 
 3.344218711490625e-08  1.195238432767729e+00 
 3.346218711490626e-08  1.195238467897576e+00 
 3.348218711490626e-08  1.195238502342525e+00 
 3.350218711490626e-08  1.195238536099551e+00 
 3.352218711490626e-08  1.195238569198698e+00 
 3.354218711490627e-08  1.195238601636545e+00 
 3.356218711490627e-08  1.195238633442474e+00 
 3.358218711490627e-08  1.195238664612692e+00 
 3.360218711490627e-08  1.195238695175936e+00 
 3.362218711490628e-08  1.195238725128057e+00 
 3.364218711490628e-08  1.195238754497174e+00 
 3.366218711490628e-08  1.195238783278796e+00 
 3.368218711490629e-08  1.195238811500443e+00 
 3.370218711490629e-08  1.195238839157304e+00 
 3.372218711490629e-08  1.195238866276318e+00 
 3.374218711490629e-08  1.195238892852370e+00 
 3.376218711490630e-08  1.195238918911835e+00 
 3.378218711490630e-08  1.195238944449311e+00 
 3.380218711490630e-08  1.195238969490628e+00 
 3.382218711490631e-08  1.195238994030110e+00 
 3.384218711490631e-08  1.195239018093062e+00 
 3.386218711490631e-08  1.195239041673548e+00 
 3.388218711490631e-08  1.195239064796364e+00 
 3.390218711490632e-08  1.195239087455328e+00 
 3.392218711490632e-08  1.195239109674741e+00 
 3.394218711490632e-08  1.195239131448192e+00 
 3.396218711490633e-08  1.195239152799503e+00 
 3.398218711490633e-08  1.195239173722042e+00 
 3.400218711490633e-08  1.195239194239171e+00 
 3.402218711490633e-08  1.195239214344051e+00 
 3.404218711490634e-08  1.195239234059592e+00 
 3.406218711490634e-08  1.195239253378761e+00 
 3.408218711490634e-08  1.195239272324036e+00 
 3.410218711490635e-08  1.195239290888198e+00 
 3.412218711490635e-08  1.195239309093303e+00 
 3.414218711490635e-08  1.195239326931960e+00 
 3.416218711490635e-08  1.195239344425816e+00 
 3.418218711490636e-08  1.195239361567318e+00 
 3.420218711490636e-08  1.195239378377717e+00 
 3.422218711490636e-08  1.195239394849306e+00 
 3.424218711490637e-08  1.195239411002952e+00 
 3.426218711490637e-08  1.195239426830806e+00 
 3.428218711490637e-08  1.195239442353361e+00 
 3.430218711490637e-08  1.195239457562635e+00 
 3.432218711490638e-08  1.195239472478759e+00 
 3.434218711490638e-08  1.195239487093624e+00 
 3.436218711490638e-08  1.195239501427011e+00 
 3.438218711490639e-08  1.195239515470694e+00 
 3.440218711490639e-08  1.195239529244114e+00 
 3.442218711490639e-08  1.195239542738936e+00 
 3.444218711490639e-08  1.195239555974268e+00 
 3.446218711490640e-08  1.195239568941676e+00 
 3.448218711490640e-08  1.195239581659946e+00 
 3.450218711490640e-08  1.195239594120549e+00 
 3.452218711490640e-08  1.195239606341960e+00 
 3.454218711490641e-08  1.195239618315561e+00 
 3.456218711490641e-08  1.195239630059527e+00 
 3.458218711490641e-08  1.195239641565159e+00 
 3.460218711490642e-08  1.195239652850335e+00 
 3.462218711490642e-08  1.195239663906283e+00 
 3.464218711490642e-08  1.195239674750595e+00 
 3.466218711490642e-08  1.195239685374431e+00 
 3.468218711490643e-08  1.195239695795105e+00 
 3.470218711490643e-08  1.195239706003715e+00 
 3.472218711490643e-08  1.195239716017305e+00 
 3.474218711490644e-08  1.195239725826915e+00 
 3.476218711490644e-08  1.195239735449325e+00 
 3.478218711490644e-08  1.195239744875526e+00 
 3.480218711490644e-08  1.195239754122042e+00 
 3.482218711490645e-08  1.195239763179816e+00 
 3.484218711490645e-08  1.195239772065124e+00 
 3.486218711490645e-08  1.195239780768869e+00 
 3.488218711490646e-08  1.195239789307084e+00 
 3.490218711490646e-08  1.195239797670633e+00 
 3.492218711490646e-08  1.195239805875316e+00 
 3.494218711490646e-08  1.195239813911965e+00 
 3.496218711490647e-08  1.195239821796148e+00 
 3.498218711490647e-08  1.195239829518670e+00 
 3.500218711490647e-08  1.195239837094875e+00 
 3.502218711490648e-08  1.195239844515545e+00 
 3.504218711490648e-08  1.195239851795807e+00 
 3.506218711490648e-08  1.195239858926421e+00 
 3.508218711490648e-08  1.195239865922303e+00 
 3.510218711490649e-08  1.195239872774195e+00 
 3.512218711490649e-08  1.195239879496808e+00 
 3.514218711490649e-08  1.195239886080870e+00 
 3.516218711490650e-08  1.195239892540890e+00 
 3.518218711490650e-08  1.195239898867589e+00 
 3.520218711490650e-08  1.195239905075277e+00 
 3.522218711490650e-08  1.195239911154669e+00 
 3.524218711490651e-08  1.195239917119885e+00 
 3.526218711490651e-08  1.195239922961635e+00 
 3.528218711490651e-08  1.195239928693851e+00 
 3.530218711490652e-08  1.195239934307245e+00 
 3.532218711490652e-08  1.195239939815566e+00 
 3.534218711490652e-08  1.195239945209527e+00 
 3.536218711490652e-08  1.195239950502701e+00 
 3.538218711490653e-08  1.195239955685805e+00 
 3.540218711490653e-08  1.195239960772238e+00 
 3.542218711490653e-08  1.195239965752725e+00 
 3.544218711490653e-08  1.195239970640494e+00 
 3.546218711490654e-08  1.195239975426282e+00 
 3.548218711490654e-08  1.195239980123150e+00 
 3.550218711490654e-08  1.195239984721847e+00 
 3.552218711490655e-08  1.195239989235272e+00 
 3.554218711490655e-08  1.195239993654189e+00 
 3.556218711490655e-08  1.195239997991340e+00 
 3.558218711490655e-08  1.195240002237503e+00 
 3.560218711490656e-08  1.195240006405266e+00 
 3.562218711490656e-08  1.195240010485425e+00 
 3.564218711490656e-08  1.195240014490418e+00 
 3.566218711490657e-08  1.195240018411061e+00 
 3.568218711490657e-08  1.195240022259645e+00 
 3.570218711490657e-08  1.195240026027006e+00 
 3.572218711490657e-08  1.195240029725289e+00 
 3.574218711490658e-08  1.195240033345358e+00 
 3.576218711490658e-08  1.195240036899215e+00 
 3.578218711490658e-08  1.195240040377747e+00 
 3.580218711490659e-08  1.195240043792820e+00 
 3.582218711490659e-08  1.195240047135347e+00 
 3.584218711490659e-08  1.195240050417059e+00 
 3.586218711490659e-08  1.195240053628895e+00 
 3.588218711490660e-08  1.195240056782456e+00 
 3.590218711490660e-08  1.195240059868709e+00 
 3.592218711490660e-08  1.195240062899126e+00 
 3.594218711490661e-08  1.195240065864704e+00 
 3.596218711490661e-08  1.195240068776788e+00 
 3.598218711490661e-08  1.195240071626407e+00 
 3.600218711490661e-08  1.195240074424782e+00 
 3.602218711490662e-08  1.195240077162974e+00 
 3.604218711490662e-08  1.195240079852080e+00 
 3.606218711490662e-08  1.195240082483199e+00 
 3.608218711490663e-08  1.195240085067308e+00 
 3.610218711490663e-08  1.195240087595538e+00 
 3.612218711490663e-08  1.195240090078751e+00 
 3.614218711490663e-08  1.195240092508114e+00 
 3.616218711490664e-08  1.195240094894372e+00 
 3.618218711490664e-08  1.195240097228731e+00 
 3.620218711490664e-08  1.195240099521824e+00 
 3.622218711490665e-08  1.195240101764891e+00 
 3.624218711490665e-08  1.195240103968457e+00 
 3.626218711490665e-08  1.195240106123802e+00 
 3.628218711490665e-08  1.195240108241340e+00 
 3.630218711490666e-08  1.195240110312390e+00 
 3.632218711490666e-08  1.195240112347260e+00 
 3.634218711490666e-08  1.195240114337310e+00 
 3.636218711490666e-08  1.195240116292742e+00 
 3.638218711490667e-08  1.195240118204956e+00 
 3.640218711490667e-08  1.195240120084054e+00 
 3.642218711490667e-08  1.195240121921476e+00 
 3.644218711490668e-08  1.195240123727222e+00 
 3.646218711490668e-08  1.195240125492774e+00 
 3.648218711490668e-08  1.195240127228033e+00 
 3.650218711490668e-08  1.195240128924523e+00 
 3.652218711490669e-08  1.195240130592050e+00 
 3.654218711490669e-08  1.195240132222178e+00 
 3.656218711490669e-08  1.195240133824618e+00 
 3.658218711490670e-08  1.195240135390978e+00 
 3.660218711490670e-08  1.195240136930874e+00 
 3.662218711490670e-08  1.195240138435958e+00 
 3.664218711490670e-08  1.195240139915754e+00 
 3.666218711490671e-08  1.195240141361956e+00 
 3.668218711490671e-08  1.195240142784000e+00 
 3.670218711490671e-08  1.195240144173622e+00 
 3.672218711490672e-08  1.195240145540169e+00 
 3.674218711490672e-08  1.195240146875423e+00 
 3.676218711490672e-08  1.195240148188641e+00 
 3.678218711490672e-08  1.195240149471651e+00 
 3.680218711490673e-08  1.195240150733625e+00 
 3.682218711490673e-08  1.195240151966433e+00 
 3.684218711490673e-08  1.195240153179163e+00 
 3.686218711490674e-08  1.195240154363731e+00 
 3.688218711490674e-08  1.195240155529142e+00 
 3.690218711490674e-08  1.195240156667356e+00 
 3.692218711490674e-08  1.195240157787296e+00 
 3.694218711490675e-08  1.195240158880968e+00 
 3.696218711490675e-08  1.195240159957213e+00 
 3.698218711490675e-08  1.195240161008084e+00 
 3.700218711490676e-08  1.195240162042341e+00 
 3.702218711490676e-08  1.195240163052083e+00 
 3.704218711490676e-08  1.195240164045992e+00 
 3.706218711490676e-08  1.195240165016212e+00 
 3.708218711490677e-08  1.195240165971351e+00 
 3.710218711490677e-08  1.195240166903595e+00 
 3.712218711490677e-08  1.195240167821477e+00 
 3.714218711490678e-08  1.195240168717229e+00 
 3.716218711490678e-08  1.195240169599309e+00 
 3.718218711490678e-08  1.195240170459996e+00 
 3.720218711490678e-08  1.195240171307673e+00 
 3.722218711490679e-08  1.195240172134665e+00 
 3.724218711490679e-08  1.195240172949283e+00 
 3.726218711490679e-08  1.195240173743897e+00 
 3.728218711490679e-08  1.195240174526746e+00 
 3.730218711490680e-08  1.195240175290248e+00 
 3.732218711490680e-08  1.195240176042571e+00 
 3.734218711490680e-08  1.195240176776176e+00 
 3.736218711490681e-08  1.195240177499164e+00 
 3.738218711490681e-08  1.195240178204041e+00 
 3.740218711490681e-08  1.195240178898840e+00 
 3.742218711490681e-08  1.195240179576113e+00 
 3.744218711490682e-08  1.195240180243825e+00 
 3.746218711490682e-08  1.195240180894573e+00 
 3.748218711490682e-08  1.195240181536254e+00 
 3.750218711490683e-08  1.195240182161513e+00 
 3.752218711490683e-08  1.195240182778181e+00 
 3.754218711490683e-08  1.195240183378948e+00 
 3.756218711490683e-08  1.195240183971580e+00 
 3.758218711490684e-08  1.195240184548813e+00 
 3.760218711490684e-08  1.195240185118348e+00 
 3.762218711490684e-08  1.195240185672966e+00 
 3.764218711490685e-08  1.195240186220305e+00 
 3.766218711490685e-08  1.195240186753193e+00 
 3.768218711490685e-08  1.195240187279204e+00 
 3.770218711490685e-08  1.195240187791210e+00 
 3.772218711490686e-08  1.195240188296727e+00 
 3.774218711490686e-08  1.195240188788668e+00 
 3.776218711490686e-08  1.195240189274489e+00 
 3.778218711490687e-08  1.195240189747150e+00 
 3.780218711490687e-08  1.195240190214046e+00 
 3.782218711490687e-08  1.195240190668180e+00 
 3.784218711490687e-08  1.195240191116889e+00 
 3.786218711490688e-08  1.195240191553220e+00 
 3.788218711490688e-08  1.195240191984453e+00 
 3.790218711490688e-08  1.195240192403679e+00 
 3.792218711490689e-08  1.195240192818118e+00 
 3.794218711490689e-08  1.195240193220906e+00 
 3.796218711490689e-08  1.195240193619207e+00 
 3.798218711490689e-08  1.195240194006200e+00 
 3.800218711490690e-08  1.195240194388993e+00 
 3.802218711490690e-08  1.195240194760810e+00 
 3.804218711490690e-08  1.195240195128701e+00 
 3.806218711490691e-08  1.195240195485933e+00 
 3.808218711490691e-08  1.195240195839503e+00 
 3.810218711490691e-08  1.195240196182722e+00 
 3.812218711490691e-08  1.195240196522532e+00 
 3.814218711490692e-08  1.195240196852285e+00 
 3.816218711490692e-08  1.195240197178871e+00 
 3.818218711490692e-08  1.195240197495685e+00 
 3.820218711490692e-08  1.195240197809563e+00 
 3.822218711490693e-08  1.195240198113944e+00 
 3.824218711490693e-08  1.195240198415611e+00 
 3.826218711490693e-08  1.195240198708045e+00 
 3.828218711490694e-08  1.195240198997978e+00 
 3.830218711490694e-08  1.195240199278932e+00 
 3.832218711490694e-08  1.195240199557589e+00 
 3.834218711490694e-08  1.195240199827512e+00 
 3.836218711490695e-08  1.195240200095333e+00 
 3.838218711490695e-08  1.195240200354657e+00 
 3.840218711490695e-08  1.195240200612065e+00 
 3.842218711490696e-08  1.195240200861204e+00 
 3.844218711490696e-08  1.195240201108605e+00 
 3.846218711490696e-08  1.195240201347957e+00 
 3.848218711490696e-08  1.195240201585743e+00 
 3.850218711490697e-08  1.195240201815691e+00 
 3.852218711490697e-08  1.195240202044236e+00 
 3.854218711490697e-08  1.195240202265148e+00 
 3.856218711490698e-08  1.195240202484813e+00 
 3.858218711490698e-08  1.195240202697043e+00 
 3.860218711490698e-08  1.195240202908176e+00 
 3.862218711490698e-08  1.195240203112062e+00 
 3.864218711490699e-08  1.195240203314995e+00 
 3.866218711490699e-08  1.195240203510865e+00 
 3.868218711490699e-08  1.195240203705918e+00 
 3.870218711490700e-08  1.195240203894085e+00 
 3.872218711490700e-08  1.195240204081565e+00 
 3.874218711490700e-08  1.195240204262330e+00 
 3.876218711490700e-08  1.195240204442534e+00 
 3.878218711490701e-08  1.195240204616187e+00 
 3.880218711490701e-08  1.195240204789397e+00 
 3.882218711490701e-08  1.195240204956216e+00 
 3.884218711490702e-08  1.195240205122707e+00 
 3.886218711490702e-08  1.195240205282960e+00 
 3.888218711490702e-08  1.195240205442993e+00 
 3.890218711490702e-08  1.195240205598414e+00 
 3.892218711490703e-08  1.195240205755327e+00 
 3.894218711490703e-08  1.195240205906413e+00 
 3.896218711490703e-08  1.195240206057437e+00 
 3.898218711490704e-08  1.195240206202583e+00 
 3.900218711490704e-08  1.195240206347743e+00 
 3.902218711490704e-08  1.195240206487158e+00 
 3.904218711490704e-08  1.195240206626680e+00 
 3.906218711490705e-08  1.195240206760589e+00 
 3.908218711490705e-08  1.195240206893252e+00 
 3.910218711490705e-08  1.195240207018841e+00 
 3.912218711490705e-08  1.195240207144590e+00 
 3.914218711490706e-08  1.195240207265020e+00 
 3.916218711490706e-08  1.195240207385878e+00 
 3.918218711490706e-08  1.195240207501554e+00 
 3.920218711490707e-08  1.195240207617734e+00 
 3.922218711490707e-08  1.195240207728846e+00 
 3.924218711490707e-08  1.195240207840532e+00 
 3.926218711490707e-08  1.195240207947256e+00 
 3.928218711490708e-08  1.195240208054622e+00 
 3.930218711490708e-08  1.195240208157131e+00 
 3.932218711490708e-08  1.195240208260348e+00 
 3.934218711490709e-08  1.195240208358807e+00 
 3.936218711490709e-08  1.195240208458034e+00 
 3.938218711490709e-08  1.195240208552601e+00 
 3.940218711490709e-08  1.195240208647996e+00 
 3.942218711490710e-08  1.195240208738824e+00 
 3.944218711490710e-08  1.195240208830535e+00 
 3.946218711490710e-08  1.195240208917770e+00 
 3.948218711490711e-08  1.195240209005941e+00 
 3.950218711490711e-08  1.195240209089723e+00 
 3.952218711490711e-08  1.195240209174493e+00 
 3.954218711490711e-08  1.195240209254959e+00 
 3.956218711490712e-08  1.195240209336459e+00 
 3.958218711490712e-08  1.195240209413738e+00 
 3.960218711490712e-08  1.195240209492096e+00 
 3.962218711490713e-08  1.195240209566312e+00 
 3.964218711490713e-08  1.195240209641651e+00 
 3.966218711490713e-08  1.195240209712925e+00 
 3.968218711490713e-08  1.195240209785363e+00 
 3.970218711490714e-08  1.195240209853810e+00 
 3.972218711490714e-08  1.195240209923459e+00 
 3.974218711490714e-08  1.195240209989189e+00 
 3.976218711490715e-08  1.195240210056158e+00 
 3.978218711490715e-08  1.195240210119278e+00 
 3.980218711490715e-08  1.195240210183672e+00 
 3.982218711490715e-08  1.195240210244285e+00 
 3.984218711490716e-08  1.195240210306203e+00 
 3.986218711490716e-08  1.195240210364406e+00 
 3.988218711490716e-08  1.195240210423947e+00 
 3.990218711490717e-08  1.195240210479835e+00 
 3.992218711490717e-08  1.195240210537090e+00 
 3.994218711490717e-08  1.195240210590753e+00 
 3.996218711490717e-08  1.195240210645811e+00 
 3.998218711490718e-08  1.195240210697337e+00 
 4.000218711490718e-08  1.195240210750284e+00 
 4.002218711490718e-08  1.195240210799757e+00 
 4.004218711490718e-08  1.195240210850675e+00 
 4.006218711490719e-08  1.195240210898174e+00 
 4.008218711490719e-08  1.195240210947142e+00 
 4.010218711490719e-08  1.195240210992747e+00 
 4.012218711490720e-08  1.195240211039840e+00 
 4.014218711490720e-08  1.195240211083623e+00 
 4.016218711490720e-08  1.195240211128916e+00 
 4.018218711490720e-08  1.195240211170949e+00 
 4.020218711490721e-08  1.195240211214511e+00 
 4.022218711490721e-08  1.195240211254863e+00 
 4.024218711490721e-08  1.195240211296762e+00 
 4.026218711490722e-08  1.195240211335498e+00 
 4.028218711490722e-08  1.195240211375798e+00 
 4.030218711490722e-08  1.195240211412982e+00 
 4.032218711490722e-08  1.195240211451745e+00 
 4.034218711490723e-08  1.195240211487438e+00 
 4.036218711490723e-08  1.195240211524725e+00 
 4.038218711490723e-08  1.195240211558986e+00 
 4.040218711490724e-08  1.195240211594854e+00 
 4.042218711490724e-08  1.195240211627738e+00 
 4.044218711490724e-08  1.195240211662242e+00 
 4.046218711490724e-08  1.195240211693804e+00 
 4.048218711490725e-08  1.195240211726996e+00 
 4.050218711490725e-08  1.195240211757288e+00 
 4.052218711490725e-08  1.195240211789221e+00 
 4.054218711490726e-08  1.195240211818292e+00 
 4.056218711490726e-08  1.195240211849014e+00 
 4.058218711490726e-08  1.195240211876912e+00 
 4.060218711490726e-08  1.195240211906470e+00 
 4.062218711490727e-08  1.195240211933241e+00 
 4.064218711490727e-08  1.195240211961681e+00 
 4.066218711490727e-08  1.195240211987370e+00 
 4.068218711490728e-08  1.195240212014734e+00 
 4.070218711490728e-08  1.195240212039383e+00 
 4.072218711490728e-08  1.195240212065714e+00 
 4.074218711490728e-08  1.195240212089364e+00 
 4.076218711490729e-08  1.195240212114703e+00 
 4.078218711490729e-08  1.195240212137393e+00 
 4.080218711490729e-08  1.195240212161777e+00 
 4.082218711490730e-08  1.195240212183545e+00 
 4.084218711490730e-08  1.195240212207010e+00 
 4.086218711490730e-08  1.195240212227893e+00 
 4.088218711490730e-08  1.195240212250477e+00 
 4.090218711490731e-08  1.195240212270509e+00 
 4.092218711490731e-08  1.195240212292245e+00 
 4.094218711490731e-08  1.195240212311458e+00 
 4.096218711490731e-08  1.195240212332381e+00 
 4.098218711490732e-08  1.195240212350810e+00 
 4.100218711490732e-08  1.195240212370948e+00 
 4.102218711490732e-08  1.195240212388623e+00 
 4.104218711490733e-08  1.195240212408009e+00 
 4.106218711490733e-08  1.195240212424957e+00 
 4.108218711490733e-08  1.195240212443621e+00 
 4.110218711490733e-08  1.195240212459874e+00 
 4.112218711490734e-08  1.195240212477841e+00 
 4.114218711490734e-08  1.195240212493426e+00 
 4.116218711490734e-08  1.195240212510725e+00 
 4.118218711490735e-08  1.195240212525667e+00 
 4.120218711490735e-08  1.195240212542324e+00 
 4.122218711490735e-08  1.195240212556648e+00 
 4.124218711490735e-08  1.195240212572688e+00 
 4.126218711490736e-08  1.195240212586419e+00 
 4.128218711490736e-08  1.195240212601865e+00 
 4.130218711490736e-08  1.195240212615027e+00 
 4.132218711490737e-08  1.195240212629902e+00 
 4.134218711490737e-08  1.195240212642517e+00 
 4.136218711490737e-08  1.195240212656844e+00 
 4.138218711490737e-08  1.195240212668933e+00 
 4.140218711490738e-08  1.195240212682732e+00 
 4.142218711490738e-08  1.195240212694317e+00 
 4.144218711490738e-08  1.195240212707609e+00 
 4.146218711490739e-08  1.195240212718709e+00 
 4.148218711490739e-08  1.195240212731513e+00 
 4.150218711490739e-08  1.195240212742148e+00 
 4.152218711490739e-08  1.195240212754484e+00 
 4.154218711490740e-08  1.195240212764671e+00 
 4.156218711490740e-08  1.195240212776557e+00 
 4.158218711490740e-08  1.195240212786314e+00 
 4.160218711490741e-08  1.195240212797767e+00 
 4.162218711490741e-08  1.195240212807111e+00 
 4.164218711490741e-08  1.195240212818148e+00 
 4.166218711490741e-08  1.195240212827096e+00 
 4.168218711490742e-08  1.195240212837733e+00 
 4.170218711490742e-08  1.195240212846300e+00 
 4.172218711490742e-08  1.195240212856553e+00 
 4.174218711490743e-08  1.195240212864755e+00 
 4.176218711490743e-08  1.195240212874637e+00 
 4.178218711490743e-08  1.195240212882488e+00 
 4.180218711490743e-08  1.195240212892015e+00 
 4.182218711490744e-08  1.195240212899528e+00 
 4.184218711490744e-08  1.195240212908713e+00 
 4.186218711490744e-08  1.195240212915902e+00 
 4.188218711490744e-08  1.195240212924758e+00 
 4.190218711490745e-08  1.195240212931636e+00 
 4.192218711490745e-08  1.195240212940177e+00 
 4.194218711490745e-08  1.195240212946757e+00 
 4.196218711490746e-08  1.195240212954993e+00 
 4.198218711490746e-08  1.195240212961285e+00 
 4.200218711490746e-08  1.195240212969230e+00 
 4.202218711490746e-08  1.195240212975247e+00 
 4.204218711490747e-08  1.195240212982911e+00 
 4.206218711490747e-08  1.195240212988663e+00 
 4.208218711490747e-08  1.195240212996056e+00 
 4.210218711490748e-08  1.195240213001554e+00 
 4.212218711490748e-08  1.195240213008688e+00 
 4.214218711490748e-08  1.195240213013942e+00 
 4.216218711490748e-08  1.195240213020826e+00 
 4.218218711490749e-08  1.195240213025846e+00 
 4.220218711490749e-08  1.195240213032490e+00 
 4.222218711490749e-08  1.195240213037285e+00 
 4.224218711490750e-08  1.195240213043699e+00 
 4.226218711490750e-08  1.195240213048277e+00 
 4.228218711490750e-08  1.195240213054469e+00 
 4.230218711490750e-08  1.195240213058840e+00 
 4.232218711490751e-08  1.195240213064818e+00 
 4.234218711490751e-08  1.195240213068990e+00 
 4.236218711490751e-08  1.195240213074763e+00 
 4.238218711490752e-08  1.195240213078744e+00 
 4.240218711490752e-08  1.195240213084319e+00 
 4.242218711490752e-08  1.195240213088116e+00 
 4.244218711490752e-08  1.195240213093501e+00 
 4.246218711490753e-08  1.195240213097122e+00 
 4.248218711490753e-08  1.195240213102325e+00 
 4.250218711490753e-08  1.195240213105777e+00 
 4.252218711490754e-08  1.195240213110804e+00 
 4.254218711490754e-08  1.195240213114093e+00 
 4.256218711490754e-08  1.195240213118951e+00 
 4.258218711490754e-08  1.195240213122085e+00 
 4.260218711490755e-08  1.195240213126781e+00 
 4.262218711490755e-08  1.195240213129764e+00 
 4.264218711490755e-08  1.195240213134304e+00 
 4.266218711490756e-08  1.195240213137144e+00 
 4.268218711490756e-08  1.195240213141533e+00 
 4.270218711490756e-08  1.195240213144235e+00 
 4.272218711490756e-08  1.195240213148479e+00 
 4.274218711490757e-08  1.195240213151048e+00 
 4.276218711490757e-08  1.195240213155154e+00 
 4.278218711490757e-08  1.195240213157596e+00 
 4.280218711490757e-08  1.195240213161568e+00 
 4.282218711490758e-08  1.195240213163889e+00 
 4.284218711490758e-08  1.195240213167732e+00 
 4.286218711490758e-08  1.195240213169936e+00 
 4.288218711490759e-08  1.195240213173654e+00 
 4.290218711490759e-08  1.195240213175745e+00 
 4.292218711490759e-08  1.195240213179345e+00 
 4.294218711490759e-08  1.195240213181328e+00 
 4.296218711490760e-08  1.195240213184813e+00 
 4.298218711490760e-08  1.195240213186692e+00 
 4.300218711490760e-08  1.195240213190067e+00 
 4.302218711490761e-08  1.195240213191848e+00 
 4.304218711490761e-08  1.195240213195117e+00 
 4.306218711490761e-08  1.195240213196802e+00 
 4.308218711490761e-08  1.195240213199969e+00 
 4.310218711490762e-08  1.195240213201563e+00 
 4.312218711490762e-08  1.195240213204631e+00 
 4.314218711490762e-08  1.195240213206137e+00 
 4.316218711490763e-08  1.195240213209111e+00 
 4.318218711490763e-08  1.195240213210533e+00 
 4.320218711490763e-08  1.195240213213415e+00 
 4.322218711490763e-08  1.195240213214756e+00 
 4.324218711490764e-08  1.195240213217551e+00 
 4.326218711490764e-08  1.195240213218816e+00 
 4.328218711490764e-08  1.195240213221526e+00 
 4.330218711490765e-08  1.195240213222716e+00 
 4.332218711490765e-08  1.195240213225345e+00 
 4.334218711490765e-08  1.195240213226464e+00 
 4.336218711490765e-08  1.195240213229015e+00 
 4.338218711490766e-08  1.195240213230066e+00 
 4.340218711490766e-08  1.195240213232543e+00 
 4.342218711490766e-08  1.195240213233528e+00 
 4.344218711490767e-08  1.195240213235931e+00 
 4.346218711490767e-08  1.195240213236854e+00 
 4.348218711490767e-08  1.195240213239187e+00 
 4.350218711490767e-08  1.195240213240049e+00 
 4.352218711490768e-08  1.195240213242316e+00 
 4.354218711490768e-08  1.195240213243120e+00 
 4.356218711490768e-08  1.195240213245322e+00 
 4.358218711490769e-08  1.195240213246071e+00 
 4.360218711490769e-08  1.195240213248211e+00 
 4.362218711490769e-08  1.195240213248907e+00 
 4.364218711490769e-08  1.195240213250987e+00 
 4.366218711490770e-08  1.195240213251632e+00 
 4.368218711490770e-08  1.195240213253655e+00 
 4.370218711490770e-08  1.195240213254252e+00 
 4.372218711490770e-08  1.195240213256219e+00 
 4.374218711490771e-08  1.195240213256769e+00 
 4.376218711490771e-08  1.195240213258682e+00 
 4.378218711490771e-08  1.195240213259187e+00 
 4.380218711490772e-08  1.195240213261049e+00 
 4.382218711490772e-08  1.195240213261511e+00 
 4.384218711490772e-08  1.195240213263323e+00 
 4.386218711490772e-08  1.195240213263745e+00 
 4.388218711490773e-08  1.195240213265509e+00 
 4.390218711490773e-08  1.195240213265891e+00 
 4.392218711490773e-08  1.195240213267609e+00 
 4.394218711490774e-08  1.195240213267952e+00 
 4.396218711490774e-08  1.195240213269626e+00 
 4.398218711490774e-08  1.195240213269934e+00 
 4.400218711490774e-08  1.195240213271565e+00 
 4.402218711490775e-08  1.195240213271839e+00 
 4.404218711490775e-08  1.195240213273428e+00 
 4.406218711490775e-08  1.195240213273668e+00 
 4.408218711490776e-08  1.195240213275218e+00 
 4.410218711490776e-08  1.195240213275427e+00 
 4.412218711490776e-08  1.195240213276938e+00 
 4.414218711490776e-08  1.195240213277116e+00 
 4.416218711490777e-08  1.195240213278591e+00 
 4.418218711490777e-08  1.195240213278740e+00 
 4.420218711490777e-08  1.195240213280179e+00 
 4.422218711490778e-08  1.195240213280301e+00 
 4.424218711490778e-08  1.195240213281706e+00 
 4.426218711490778e-08  1.195240213281801e+00 
 4.428218711490778e-08  1.195240213283172e+00 
 4.430218711490779e-08  1.195240213283242e+00 
 4.432218711490779e-08  1.195240213284581e+00 
 4.434218711490779e-08  1.195240213284626e+00 
 4.436218711490780e-08  1.195240213285935e+00 
 4.438218711490780e-08  1.195240213285957e+00 
 4.440218711490780e-08  1.195240213287237e+00 
 4.442218711490780e-08  1.195240213287237e+00 
 4.444218711490781e-08  1.195240213288488e+00 
 4.446218711490781e-08  1.195240213288466e+00 
 4.448218711490781e-08  1.195240213289689e+00 
 4.450218711490782e-08  1.195240213289647e+00 
 4.452218711490782e-08  1.195240213290844e+00 
 4.454218711490782e-08  1.195240213290782e+00 
 4.456218711490782e-08  1.195240213291953e+00 
 4.458218711490783e-08  1.195240213291873e+00 
 4.460218711490783e-08  1.195240213293019e+00 
 4.462218711490783e-08  1.195240213292921e+00 
 4.464218711490783e-08  1.195240213294043e+00 
 4.466218711490784e-08  1.195240213293928e+00 
 4.468218711490784e-08  1.195240213295026e+00 
 4.470218711490784e-08  1.195240213294895e+00 
 4.472218711490785e-08  1.195240213295971e+00 
 4.474218711490785e-08  1.195240213295825e+00 
 4.476218711490785e-08  1.195240213296880e+00 
 4.478218711490785e-08  1.195240213296719e+00 
 4.480218711490786e-08  1.195240213297752e+00 
 4.482218711490786e-08  1.195240213297577e+00 
 4.484218711490786e-08  1.195240213298591e+00 
 4.486218711490787e-08  1.195240213298403e+00 
 4.488218711490787e-08  1.195240213299397e+00 
 4.490218711490787e-08  1.195240213299196e+00 
 4.492218711490787e-08  1.195240213300171e+00 
 4.494218711490788e-08  1.195240213299958e+00 
 4.496218711490788e-08  1.195240213300916e+00 
 4.498218711490788e-08  1.195240213300691e+00 
 4.500218711490789e-08  1.195240213301631e+00 
 4.502218711490789e-08  1.195240213301396e+00 
 4.504218711490789e-08  1.195240213302319e+00 
 4.506218711490789e-08  1.195240213302073e+00 
 4.508218711490790e-08  1.195240213302978e+00 
 4.510218711490790e-08  1.195240213302722e+00 
 4.512218711490790e-08  1.195240213303613e+00 
 4.514218711490791e-08  1.195240213303348e+00 
 4.516218711490791e-08  1.195240213304222e+00 
 4.518218711490791e-08  1.195240213303948e+00 
 4.520218711490791e-08  1.195240213304808e+00 
 4.522218711490792e-08  1.195240213304525e+00 
 4.524218711490792e-08  1.195240213305371e+00 
 4.526218711490792e-08  1.195240213305079e+00 
 4.528218711490793e-08  1.195240213305912e+00 
 4.530218711490793e-08  1.195240213305612e+00 
 4.532218711490793e-08  1.195240213306430e+00 
 4.534218711490793e-08  1.195240213306124e+00 
 4.536218711490794e-08  1.195240213306929e+00 
 4.538218711490794e-08  1.195240213306616e+00 
 4.540218711490794e-08  1.195240213307409e+00 
 4.542218711490795e-08  1.195240213307090e+00 
 4.544218711490795e-08  1.195240213307870e+00 
 4.546218711490795e-08  1.195240213307544e+00 
 4.548218711490795e-08  1.195240213308313e+00 
 4.550218711490796e-08  1.195240213307982e+00 
 4.552218711490796e-08  1.195240213308739e+00 
 4.554218711490796e-08  1.195240213308402e+00 
 4.556218711490796e-08  1.195240213309148e+00 
 4.558218711490797e-08  1.195240213308805e+00 
 4.560218711490797e-08  1.195240213309541e+00 
 4.562218711490797e-08  1.195240213309193e+00 
 4.564218711490798e-08  1.195240213309918e+00 
 4.566218711490798e-08  1.195240213309566e+00 
 4.568218711490798e-08  1.195240213310281e+00 
 4.570218711490798e-08  1.195240213309923e+00 
 4.572218711490799e-08  1.195240213310628e+00 
 4.574218711490799e-08  1.195240213310267e+00 
 4.576218711490799e-08  1.195240213310962e+00 
 4.578218711490800e-08  1.195240213310597e+00 
 4.580218711490800e-08  1.195240213311283e+00 
 4.582218711490800e-08  1.195240213310915e+00 
 4.584218711490800e-08  1.195240213311592e+00 
 4.586218711490801e-08  1.195240213311220e+00 
 4.588218711490801e-08  1.195240213311889e+00 
 4.590218711490801e-08  1.195240213311514e+00 
 4.592218711490802e-08  1.195240213312175e+00 
 4.594218711490802e-08  1.195240213311797e+00 
 4.596218711490802e-08  1.195240213312448e+00 
 4.598218711490802e-08  1.195240213312067e+00 
 4.600218711490803e-08  1.195240213312712e+00 
 4.602218711490803e-08  1.195240213312329e+00 
 4.604218711490803e-08  1.195240213312965e+00 
 4.606218711490804e-08  1.195240213312579e+00 
 4.608218711490804e-08  1.195240213313208e+00 
 4.610218711490804e-08  1.195240213312820e+00 
 4.612218711490804e-08  1.195240213313442e+00 
 4.614218711490805e-08  1.195240213313051e+00 
 4.616218711490805e-08  1.195240213313665e+00 
 4.618218711490805e-08  1.195240213313273e+00 
 4.620218711490806e-08  1.195240213313881e+00 
 4.622218711490806e-08  1.195240213313487e+00 
 4.624218711490806e-08  1.195240213314088e+00 
 4.626218711490806e-08  1.195240213313693e+00 
 4.628218711490807e-08  1.195240213314288e+00 
 4.630218711490807e-08  1.195240213313891e+00 
 4.632218711490807e-08  1.195240213314479e+00 
 4.634218711490808e-08  1.195240213314081e+00 
 4.636218711490808e-08  1.195240213314663e+00 
 4.638218711490808e-08  1.195240213314264e+00 
 4.640218711490808e-08  1.195240213314839e+00 
 4.642218711490809e-08  1.195240213314439e+00 
 4.644218711490809e-08  1.195240213315009e+00 
 4.646218711490809e-08  1.195240213314608e+00 
 4.648218711490809e-08  1.195240213315172e+00 
 4.650218711490810e-08  1.195240213314770e+00 
 4.652218711490810e-08  1.195240213315329e+00 
 4.654218711490810e-08  1.195240213314926e+00 
 4.656218711490811e-08  1.195240213315479e+00 
 4.658218711490811e-08  1.195240213315076e+00 
 4.660218711490811e-08  1.195240213315623e+00 
 4.662218711490811e-08  1.195240213315220e+00 
 4.664218711490812e-08  1.195240213315761e+00 
 4.666218711490812e-08  1.195240213315357e+00 
 4.668218711490812e-08  1.195240213315894e+00 
 4.670218711490813e-08  1.195240213315489e+00 
 4.672218711490813e-08  1.195240213316022e+00 
 4.674218711490813e-08  1.195240213315617e+00 
 4.676218711490813e-08  1.195240213316145e+00 
 4.678218711490814e-08  1.195240213315740e+00 
 4.680218711490814e-08  1.195240213316263e+00 
 4.682218711490814e-08  1.195240213315858e+00 
 4.684218711490815e-08  1.195240213316376e+00 
 4.686218711490815e-08  1.195240213315971e+00 
 4.688218711490815e-08  1.195240213316484e+00 
 4.690218711490815e-08  1.195240213316080e+00 
 4.692218711490816e-08  1.195240213316589e+00 
 4.694218711490816e-08  1.195240213316185e+00 
 4.696218711490816e-08  1.195240213316690e+00 
 4.698218711490817e-08  1.195240213316286e+00 
 4.700218711490817e-08  1.195240213316787e+00 
 4.702218711490817e-08  1.195240213316382e+00 
 4.704218711490817e-08  1.195240213316879e+00 
 4.706218711490818e-08  1.195240213316475e+00 
 4.708218711490818e-08  1.195240213316968e+00 
 4.710218711490818e-08  1.195240213316565e+00 
 4.712218711490819e-08  1.195240213317054e+00 
 4.714218711490819e-08  1.195240213316652e+00 
 4.716218711490819e-08  1.195240213317136e+00 
 4.718218711490819e-08  1.195240213316733e+00 
 4.720218711490820e-08  1.195240213317215e+00 
 4.722218711490820e-08  1.195240213316813e+00 
 4.724218711490820e-08  1.195240213317291e+00 
 4.726218711490821e-08  1.195240213316890e+00 
 4.728218711490821e-08  1.195240213317364e+00 
 4.730218711490821e-08  1.195240213316964e+00 
 4.732218711490821e-08  1.195240213317434e+00 
 4.734218711490822e-08  1.195240213317035e+00 
 4.736218711490822e-08  1.195240213317502e+00 
 4.738218711490822e-08  1.195240213317103e+00 
 4.740218711490822e-08  1.195240213317566e+00 
 4.742218711490823e-08  1.195240213317168e+00 
 4.744218711490823e-08  1.195240213317627e+00 
 4.746218711490823e-08  1.195240213317230e+00 
 4.748218711490824e-08  1.195240213317687e+00 
 4.750218711490824e-08  1.195240213317290e+00 
 4.752218711490824e-08  1.195240213317744e+00 
 4.754218711490824e-08  1.195240213317349e+00 
 4.756218711490825e-08  1.195240213317799e+00 
 4.758218711490825e-08  1.195240213317405e+00 
 4.760218711490825e-08  1.195240213317852e+00 
 4.762218711490826e-08  1.195240213317458e+00 
 4.764218711490826e-08  1.195240213317903e+00 
 4.766218711490826e-08  1.195240213317510e+00 
 4.768218711490826e-08  1.195240213317950e+00 
 4.770218711490827e-08  1.195240213317559e+00 
 4.772218711490827e-08  1.195240213317996e+00 
 4.774218711490827e-08  1.195240213317606e+00 
 4.776218711490828e-08  1.195240213318040e+00 
 4.778218711490828e-08  1.195240213317651e+00 
 4.780218711490828e-08  1.195240213318083e+00 
 4.782218711490828e-08  1.195240213317694e+00 
 4.784218711490829e-08  1.195240213318124e+00 
 4.786218711490829e-08  1.195240213317736e+00 
 4.788218711490829e-08  1.195240213318163e+00 
 4.790218711490830e-08  1.195240213317778e+00 
 4.792218711490830e-08  1.195240213318202e+00 
 4.794218711490830e-08  1.195240213317817e+00 
 4.796218711490830e-08  1.195240213318239e+00 
 4.798218711490831e-08  1.195240213317855e+00 
 4.800218711490831e-08  1.195240213318274e+00 
 4.802218711490831e-08  1.195240213317891e+00 
 4.804218711490832e-08  1.195240213318307e+00 
 4.806218711490832e-08  1.195240213317926e+00 
 4.808218711490832e-08  1.195240213318340e+00 
 4.810218711490832e-08  1.195240213317960e+00 
 4.812218711490833e-08  1.195240213318372e+00 
 4.814218711490833e-08  1.195240213317993e+00 
 4.816218711490833e-08  1.195240213318402e+00 
 4.818218711490834e-08  1.195240213318024e+00 
 4.820218711490834e-08  1.195240213318431e+00 
 4.822218711490834e-08  1.195240213318055e+00 
 4.824218711490834e-08  1.195240213318459e+00 
 4.826218711490835e-08  1.195240213318083e+00 
 4.828218711490835e-08  1.195240213318485e+00 
 4.830218711490835e-08  1.195240213318111e+00 
 4.832218711490835e-08  1.195240213318510e+00 
 4.834218711490836e-08  1.195240213318137e+00 
 4.836218711490836e-08  1.195240213318534e+00 
 4.838218711490836e-08  1.195240213318163e+00 
 4.840218711490837e-08  1.195240213318558e+00 
 4.842218711490837e-08  1.195240213318188e+00 
 4.844218711490837e-08  1.195240213318580e+00 
 4.846218711490837e-08  1.195240213318212e+00 
 4.848218711490838e-08  1.195240213318602e+00 
 4.850218711490838e-08  1.195240213318235e+00 
 4.852218711490838e-08  1.195240213318623e+00 
 4.854218711490839e-08  1.195240213318257e+00 
 4.856218711490839e-08  1.195240213318643e+00 
 4.858218711490839e-08  1.195240213318278e+00 
 4.860218711490839e-08  1.195240213318661e+00 
 4.862218711490840e-08  1.195240213318297e+00 
 4.864218711490840e-08  1.195240213318678e+00 
 4.866218711490840e-08  1.195240213318316e+00 
 4.868218711490841e-08  1.195240213318695e+00 
 4.870218711490841e-08  1.195240213318335e+00 
 4.872218711490841e-08  1.195240213318712e+00 
 4.874218711490841e-08  1.195240213318353e+00 
 4.876218711490842e-08  1.195240213318728e+00 
 4.878218711490842e-08  1.195240213318370e+00 
 4.880218711490842e-08  1.195240213318743e+00 
 4.882218711490843e-08  1.195240213318387e+00 
 4.884218711490843e-08  1.195240213318758e+00 
 4.886218711490843e-08  1.195240213318403e+00 
 4.888218711490843e-08  1.195240213318772e+00 
 4.890218711490844e-08  1.195240213318419e+00 
 4.892218711490844e-08  1.195240213318786e+00 
 4.894218711490844e-08  1.195240213318435e+00 
 4.896218711490845e-08  1.195240213318800e+00 
 4.898218711490845e-08  1.195240213318450e+00 
 4.900218711490845e-08  1.195240213318813e+00 
 4.902218711490845e-08  1.195240213318463e+00 
 4.904218711490846e-08  1.195240213318824e+00 
 4.906218711490846e-08  1.195240213318476e+00 
 4.908218711490846e-08  1.195240213318835e+00 
 4.910218711490847e-08  1.195240213318489e+00 
 4.912218711490847e-08  1.195240213318846e+00 
 4.914218711490847e-08  1.195240213318501e+00 
 4.916218711490847e-08  1.195240213318857e+00 
 4.918218711490848e-08  1.195240213318513e+00 
 4.920218711490848e-08  1.195240213318868e+00 
 4.922218711490848e-08  1.195240213318525e+00 
 4.924218711490848e-08  1.195240213318878e+00 
 4.926218711490849e-08  1.195240213318537e+00 
 4.928218711490849e-08  1.195240213318888e+00 
 4.930218711490849e-08  1.195240213318548e+00 
 4.932218711490850e-08  1.195240213318896e+00 
 4.934218711490850e-08  1.195240213318557e+00 
 4.936218711490850e-08  1.195240213318904e+00 
 4.938218711490850e-08  1.195240213318567e+00 
 4.940218711490851e-08  1.195240213318912e+00 
 4.942218711490851e-08  1.195240213318576e+00 
 4.944218711490851e-08  1.195240213318919e+00 
 4.946218711490852e-08  1.195240213318585e+00 
 4.948218711490852e-08  1.195240213318927e+00 
 4.950218711490852e-08  1.195240213318594e+00 
 4.952218711490852e-08  1.195240213318934e+00 
 4.954218711490853e-08  1.195240213318602e+00 
 4.956218711490853e-08  1.195240213318941e+00 
 4.958218711490853e-08  1.195240213318610e+00 
 4.960218711490854e-08  1.195240213318946e+00 
 4.962218711490854e-08  1.195240213318617e+00 
 4.964218711490854e-08  1.195240213318953e+00 
 4.966218711490854e-08  1.195240213318625e+00 
 4.968218711490855e-08  1.195240213318959e+00 
 4.970218711490855e-08  1.195240213318632e+00 
 4.972218711490855e-08  1.195240213318964e+00 
 4.974218711490856e-08  1.195240213318639e+00 
 4.976218711490856e-08  1.195240213318969e+00 
 4.978218711490856e-08  1.195240213318646e+00 
 4.980218711490856e-08  1.195240213318975e+00 
 4.982218711490857e-08  1.195240213318653e+00 
 4.984218711490857e-08  1.195240213318980e+00 
 4.986218711490857e-08  1.195240213318659e+00 
 4.988218711490858e-08  1.195240213318984e+00 
 4.990218711490858e-08  1.195240213318665e+00 
 4.992218711490858e-08  1.195240213318989e+00 
 4.994218711490858e-08  1.195240213318671e+00 
 4.996218711490859e-08  1.195240213318995e+00 
 4.998218711490859e-08  1.195240213318678e+00 
 5.000218711490859e-08  1.195240213318999e+00 
 5.002218711490860e-08  1.195240213318683e+00 
 5.004218711490860e-08  1.195240213319002e+00 
 5.006218711490860e-08  1.195240213318687e+00 
 5.008218711490860e-08  1.195240213319006e+00 
 5.010218711490861e-08  1.195240213318693e+00 
 5.012218711490861e-08  1.195240213319009e+00 
 5.014218711490861e-08  1.195240213318698e+00 
 5.016218711490861e-08  1.195240213319013e+00 
 5.018218711490862e-08  1.195240213318702e+00 
 5.020218711490862e-08  1.195240213319017e+00 
 5.022218711490862e-08  1.195240213318708e+00 
 5.024218711490863e-08  1.195240213319020e+00 
 5.026218711490863e-08  1.195240213318713e+00 
 5.028218711490863e-08  1.195240213319023e+00 
 5.030218711490863e-08  1.195240213318717e+00 
 5.032218711490864e-08  1.195240213319026e+00 
 5.034218711490864e-08  1.195240213318721e+00 
 5.036218711490864e-08  1.195240213319029e+00 
 5.038218711490865e-08  1.195240213318724e+00 
 5.040218711490865e-08  1.195240213319031e+00 
 5.042218711490865e-08  1.195240213318728e+00 
 5.044218711490865e-08  1.195240213319033e+00 
 5.046218711490866e-08  1.195240213318731e+00 
 5.048218711490866e-08  1.195240213319035e+00 
 5.050218711490866e-08  1.195240213318735e+00 
 5.052218711490867e-08  1.195240213319037e+00 
 5.054218711490867e-08  1.195240213318738e+00 
 5.056218711490867e-08  1.195240213319039e+00 
 5.058218711490867e-08  1.195240213318741e+00 
 5.060218711490868e-08  1.195240213319041e+00 
 5.062218711490868e-08  1.195240213318745e+00 
 5.064218711490868e-08  1.195240213319043e+00 
 5.066218711490869e-08  1.195240213318747e+00 
 5.068218711490869e-08  1.195240213319045e+00 
 5.070218711490869e-08  1.195240213318751e+00 
 5.072218711490869e-08  1.195240213319047e+00 
 5.074218711490870e-08  1.195240213318754e+00 
 5.076218711490870e-08  1.195240213319049e+00 
 5.078218711490870e-08  1.195240213318757e+00 
 5.080218711490871e-08  1.195240213319050e+00 
 5.082218711490871e-08  1.195240213318759e+00 
 5.084218711490871e-08  1.195240213319051e+00 
 5.086218711490871e-08  1.195240213318763e+00 
 5.088218711490872e-08  1.195240213319053e+00 
 5.090218711490872e-08  1.195240213318765e+00 
 5.092218711490872e-08  1.195240213319054e+00 
 5.094218711490873e-08  1.195240213318768e+00 
 5.096218711490873e-08  1.195240213319056e+00 
 5.098218711490873e-08  1.195240213318770e+00 
 5.100218711490873e-08  1.195240213319057e+00 
 5.102218711490874e-08  1.195240213318773e+00 
 5.104218711490874e-08  1.195240213319058e+00 
 5.106218711490874e-08  1.195240213318775e+00 
 5.108218711490874e-08  1.195240213319059e+00 
 5.110218711490875e-08  1.195240213318777e+00 
 5.112218711490875e-08  1.195240213319060e+00 
 5.114218711490875e-08  1.195240213318779e+00 
 5.116218711490876e-08  1.195240213319061e+00 
 5.118218711490876e-08  1.195240213318782e+00 
 5.120218711490876e-08  1.195240213319062e+00 
 5.122218711490876e-08  1.195240213318783e+00 
 5.124218711490877e-08  1.195240213319062e+00 
 5.126218711490877e-08  1.195240213318784e+00 
 5.128218711490877e-08  1.195240213319062e+00 
 5.130218711490878e-08  1.195240213318786e+00 
 5.132218711490878e-08  1.195240213319063e+00 
 5.134218711490878e-08  1.195240213318788e+00 
 5.136218711490878e-08  1.195240213319064e+00 
 5.138218711490879e-08  1.195240213318790e+00 
 5.140218711490879e-08  1.195240213319064e+00 
 5.142218711490879e-08  1.195240213318791e+00 
 5.144218711490880e-08  1.195240213319064e+00 
 5.146218711490880e-08  1.195240213318793e+00 
 5.148218711490880e-08  1.195240213319066e+00 
 5.150218711490880e-08  1.195240213318795e+00 
 5.152218711490881e-08  1.195240213319066e+00 
 5.154218711490881e-08  1.195240213318797e+00 
 5.156218711490881e-08  1.195240213319067e+00 
 5.158218711490882e-08  1.195240213318799e+00 
 5.160218711490882e-08  1.195240213319068e+00 
 5.162218711490882e-08  1.195240213318801e+00 
 5.164218711490882e-08  1.195240213319069e+00 
 5.166218711490883e-08  1.195240213318803e+00 
 5.168218711490883e-08  1.195240213319070e+00 
 5.170218711490883e-08  1.195240213318805e+00 
 5.172218711490884e-08  1.195240213319070e+00 
 5.174218711490884e-08  1.195240213318807e+00 
 5.176218711490884e-08  1.195240213319071e+00 
 5.178218711490884e-08  1.195240213318808e+00 
 5.180218711490885e-08  1.195240213319071e+00 
 5.182218711490885e-08  1.195240213318810e+00 
 5.184218711490885e-08  1.195240213319072e+00 
 5.186218711490886e-08  1.195240213318812e+00 
 5.188218711490886e-08  1.195240213319072e+00 
 5.190218711490886e-08  1.195240213318813e+00 
 5.192218711490886e-08  1.195240213319072e+00 
 5.194218711490887e-08  1.195240213318814e+00 
 5.196218711490887e-08  1.195240213319072e+00 
 5.198218711490887e-08  1.195240213318815e+00 
 5.200218711490887e-08  1.195240213319073e+00 
 5.202218711490888e-08  1.195240213318817e+00 
 5.204218711490888e-08  1.195240213319074e+00 
 5.206218711490888e-08  1.195240213318819e+00 
 5.208218711490889e-08  1.195240213319074e+00 
 5.210218711490889e-08  1.195240213318820e+00 
 5.212218711490889e-08  1.195240213319074e+00 
 5.214218711490889e-08  1.195240213318821e+00 
 5.216218711490890e-08  1.195240213319074e+00 
 5.218218711490890e-08  1.195240213318822e+00 
 5.220218711490890e-08  1.195240213319075e+00 
 5.222218711490891e-08  1.195240213318824e+00 
 5.224218711490891e-08  1.195240213319075e+00 
 5.226218711490891e-08  1.195240213318825e+00 
 5.228218711490891e-08  1.195240213319075e+00 
 5.230218711490892e-08  1.195240213318827e+00 
 5.232218711490892e-08  1.195240213319075e+00 
 5.234218711490892e-08  1.195240213318827e+00 
 5.236218711490893e-08  1.195240213319075e+00 
 5.238218711490893e-08  1.195240213318828e+00 
 5.240218711490893e-08  1.195240213319075e+00 
 5.242218711490893e-08  1.195240213318829e+00 
 5.244218711490894e-08  1.195240213319074e+00 
 5.246218711490894e-08  1.195240213318830e+00 
 5.248218711490894e-08  1.195240213319075e+00 
 5.250218711490895e-08  1.195240213318831e+00 
 5.252218711490895e-08  1.195240213319075e+00 
 5.254218711490895e-08  1.195240213318832e+00 
 5.256218711490895e-08  1.195240213319075e+00 
 5.258218711490896e-08  1.195240213318833e+00 
 5.260218711490896e-08  1.195240213319074e+00 
 5.262218711490896e-08  1.195240213318834e+00 
 5.264218711490897e-08  1.195240213319074e+00 
 5.266218711490897e-08  1.195240213318834e+00 
 5.268218711490897e-08  1.195240213319074e+00 
 5.270218711490897e-08  1.195240213318835e+00 
 5.272218711490898e-08  1.195240213319074e+00 
 5.274218711490898e-08  1.195240213318836e+00 
 5.276218711490898e-08  1.195240213319073e+00 
 5.278218711490899e-08  1.195240213318837e+00 
 5.280218711490899e-08  1.195240213319074e+00 
 5.282218711490899e-08  1.195240213318838e+00 
 5.284218711490899e-08  1.195240213319074e+00 
 5.286218711490900e-08  1.195240213318839e+00 
 5.288218711490900e-08  1.195240213319073e+00 
 5.290218711490900e-08  1.195240213318839e+00 
 5.292218711490900e-08  1.195240213319072e+00 
 5.294218711490901e-08  1.195240213318839e+00 
 5.296218711490901e-08  1.195240213319072e+00 
 5.298218711490901e-08  1.195240213318840e+00 
 5.300218711490902e-08  1.195240213319072e+00 
 5.302218711490902e-08  1.195240213318840e+00 
 5.304218711490902e-08  1.195240213319070e+00 
 5.306218711490902e-08  1.195240213318840e+00 
 5.308218711490903e-08  1.195240213319070e+00 
 5.310218711490903e-08  1.195240213318841e+00 
 5.312218711490903e-08  1.195240213319070e+00 
 5.314218711490904e-08  1.195240213318841e+00 
 5.316218711490904e-08  1.195240213319070e+00 
 5.318218711490904e-08  1.195240213318843e+00 
 5.320218711490904e-08  1.195240213319070e+00 
 5.322218711490905e-08  1.195240213318843e+00 
 5.324218711490905e-08  1.195240213319069e+00 
 5.326218711490905e-08  1.195240213318843e+00 
 5.328218711490906e-08  1.195240213319069e+00 
 5.330218711490906e-08  1.195240213318844e+00 
 5.332218711490906e-08  1.195240213319068e+00 
 5.334218711490906e-08  1.195240213318844e+00 
 5.336218711490907e-08  1.195240213319068e+00 
 5.338218711490907e-08  1.195240213318846e+00 
 5.340218711490907e-08  1.195240213319068e+00 
 5.342218711490908e-08  1.195240213318846e+00 
 5.344218711490908e-08  1.195240213319068e+00 
 5.346218711490908e-08  1.195240213318847e+00 
 5.348218711490908e-08  1.195240213319068e+00 
 5.350218711490909e-08  1.195240213318847e+00 
 5.352218711490909e-08  1.195240213319068e+00 
 5.354218711490909e-08  1.195240213318848e+00 
 5.356218711490910e-08  1.195240213319067e+00 
 5.358218711490910e-08  1.195240213318849e+00 
 5.360218711490910e-08  1.195240213319067e+00 
 5.362218711490910e-08  1.195240213318849e+00 
 5.364218711490911e-08  1.195240213319066e+00 
 5.366218711490911e-08  1.195240213318850e+00 
 5.368218711490911e-08  1.195240213319066e+00 
 5.370218711490912e-08  1.195240213318850e+00 
 5.372218711490912e-08  1.195240213319066e+00 
 5.374218711490912e-08  1.195240213318851e+00 
 5.376218711490912e-08  1.195240213319066e+00 
 5.378218711490913e-08  1.195240213318853e+00 
 5.380218711490913e-08  1.195240213319067e+00 
 5.382218711490913e-08  1.195240213318854e+00 
 5.384218711490913e-08  1.195240213319067e+00 
 5.386218711490914e-08  1.195240213318855e+00 
 5.388218711490914e-08  1.195240213319067e+00 
 5.390218711490914e-08  1.195240213318856e+00 
 5.392218711490915e-08  1.195240213319067e+00 
 5.394218711490915e-08  1.195240213318856e+00 
 5.396218711490915e-08  1.195240213319066e+00 
 5.398218711490915e-08  1.195240213318856e+00 
 5.400218711490916e-08  1.195240213319066e+00 
 5.402218711490916e-08  1.195240213318857e+00 
 5.404218711490916e-08  1.195240213319066e+00 
 5.406218711490917e-08  1.195240213318858e+00 
 5.408218711490917e-08  1.195240213319066e+00 
 5.410218711490917e-08  1.195240213318859e+00 
 5.412218711490917e-08  1.195240213319066e+00 
 5.414218711490918e-08  1.195240213318859e+00 
 5.416218711490918e-08  1.195240213319066e+00 
 5.418218711490918e-08  1.195240213318860e+00 
 5.420218711490919e-08  1.195240213319065e+00 
 5.422218711490919e-08  1.195240213318860e+00 
 5.424218711490919e-08  1.195240213319065e+00 
 5.426218711490919e-08  1.195240213318862e+00 
 5.428218711490920e-08  1.195240213319066e+00 
 5.430218711490920e-08  1.195240213318862e+00 
 5.432218711490920e-08  1.195240213319065e+00 
 5.434218711490921e-08  1.195240213318862e+00 
 5.436218711490921e-08  1.195240213319065e+00 
 5.438218711490921e-08  1.195240213318863e+00 
 5.440218711490921e-08  1.195240213319064e+00 
 5.442218711490922e-08  1.195240213318863e+00 
 5.444218711490922e-08  1.195240213319064e+00 
 5.446218711490922e-08  1.195240213318864e+00 
 5.448218711490923e-08  1.195240213319064e+00 
 5.450218711490923e-08  1.195240213318864e+00 
 5.452218711490923e-08  1.195240213319064e+00 
 5.454218711490923e-08  1.195240213318865e+00 
 5.456218711490924e-08  1.195240213319063e+00 
 5.458218711490924e-08  1.195240213318865e+00 
 5.460218711490924e-08  1.195240213319062e+00 
 5.462218711490925e-08  1.195240213318865e+00 
 5.464218711490925e-08  1.195240213319061e+00 
 5.466218711490925e-08  1.195240213318865e+00 
 5.468218711490925e-08  1.195240213319061e+00 
 5.470218711490926e-08  1.195240213318865e+00 
 5.472218711490926e-08  1.195240213319061e+00 
 5.474218711490926e-08  1.195240213318866e+00 
 5.476218711490926e-08  1.195240213319060e+00 
 5.478218711490927e-08  1.195240213318865e+00 
 5.480218711490927e-08  1.195240213319059e+00 
 5.482218711490927e-08  1.195240213318865e+00 
 5.484218711490928e-08  1.195240213319058e+00 
 5.486218711490928e-08  1.195240213318866e+00 
 5.488218711490928e-08  1.195240213319058e+00 
 5.490218711490928e-08  1.195240213318866e+00 
 5.492218711490929e-08  1.195240213319058e+00 
 5.494218711490929e-08  1.195240213318868e+00 
 5.496218711490929e-08  1.195240213319058e+00 
 5.498218711490930e-08  1.195240213318867e+00 
 5.500218711490930e-08  1.195240213319057e+00 
 5.502218711490930e-08  1.195240213318868e+00 
 5.504218711490930e-08  1.195240213319056e+00 
 5.506218711490931e-08  1.195240213318867e+00 
 5.508218711490931e-08  1.195240213319056e+00 
 5.510218711490931e-08  1.195240213318867e+00 
 5.512218711490932e-08  1.195240213319055e+00 
 5.514218711490932e-08  1.195240213318868e+00 
 5.516218711490932e-08  1.195240213319055e+00 
 5.518218711490932e-08  1.195240213318869e+00 
 5.520218711490933e-08  1.195240213319055e+00 
 5.522218711490933e-08  1.195240213318870e+00 
 5.524218711490933e-08  1.195240213319056e+00 
 5.526218711490934e-08  1.195240213318871e+00 
 5.528218711490934e-08  1.195240213319056e+00 
 5.530218711490934e-08  1.195240213318871e+00 
 5.532218711490934e-08  1.195240213319056e+00 
 5.534218711490935e-08  1.195240213318871e+00 
 5.536218711490935e-08  1.195240213319055e+00 
 5.538218711490935e-08  1.195240213318871e+00 
 5.540218711490936e-08  1.195240213319054e+00 
 5.542218711490936e-08  1.195240213318872e+00 
 5.544218711490936e-08  1.195240213319054e+00 
 5.546218711490936e-08  1.195240213318872e+00 
 5.548218711490937e-08  1.195240213319054e+00 
 5.550218711490937e-08  1.195240213318872e+00 
 5.552218711490937e-08  1.195240213319053e+00 
 5.554218711490938e-08  1.195240213318872e+00 
 5.556218711490938e-08  1.195240213319052e+00 
 5.558218711490938e-08  1.195240213318872e+00 
 5.560218711490938e-08  1.195240213319051e+00 
 5.562218711490939e-08  1.195240213318872e+00 
 5.564218711490939e-08  1.195240213319051e+00 
 5.566218711490939e-08  1.195240213318873e+00 
 5.568218711490939e-08  1.195240213319052e+00 
 5.570218711490940e-08  1.195240213318874e+00 
 5.572218711490940e-08  1.195240213319052e+00 
 5.574218711490940e-08  1.195240213318874e+00 
 5.576218711490941e-08  1.195240213319050e+00 
 5.578218711490941e-08  1.195240213318874e+00 
 5.580218711490941e-08  1.195240213319050e+00 
 5.582218711490941e-08  1.195240213318874e+00 
 5.584218711490942e-08  1.195240213319049e+00 
 5.586218711490942e-08  1.195240213318874e+00 
 5.588218711490942e-08  1.195240213319049e+00 
 5.590218711490943e-08  1.195240213318875e+00 
 5.592218711490943e-08  1.195240213319049e+00 
 5.594218711490943e-08  1.195240213318876e+00 
 5.596218711490943e-08  1.195240213319049e+00 
 5.598218711490944e-08  1.195240213318876e+00 
 5.600218711490944e-08  1.195240213319049e+00 
 5.602218711490944e-08  1.195240213318876e+00 
 5.604218711490945e-08  1.195240213319048e+00 
 5.606218711490945e-08  1.195240213318877e+00 
 5.608218711490945e-08  1.195240213319048e+00 
 5.610218711490945e-08  1.195240213318877e+00 
 5.612218711490946e-08  1.195240213319048e+00 
 5.614218711490946e-08  1.195240213318878e+00 
 5.616218711490946e-08  1.195240213319048e+00 
 5.618218711490947e-08  1.195240213318878e+00 
 5.620218711490947e-08  1.195240213319048e+00 
 5.622218711490947e-08  1.195240213318879e+00 
 5.624218711490947e-08  1.195240213319047e+00 
 5.626218711490948e-08  1.195240213318879e+00 
 5.628218711490948e-08  1.195240213319047e+00 
 5.630218711490948e-08  1.195240213318879e+00 
 5.632218711490949e-08  1.195240213319047e+00 
 5.634218711490949e-08  1.195240213318879e+00 
 5.636218711490949e-08  1.195240213319046e+00 
 5.638218711490949e-08  1.195240213318879e+00 
 5.640218711490950e-08  1.195240213319045e+00 
 5.642218711490950e-08  1.195240213318880e+00 
 5.644218711490950e-08  1.195240213319045e+00 
 5.646218711490951e-08  1.195240213318880e+00 
 5.648218711490951e-08  1.195240213319046e+00 
 5.650218711490951e-08  1.195240213318881e+00 
 5.652218711490951e-08  1.195240213319046e+00 
 5.654218711490952e-08  1.195240213318882e+00 
 5.656218711490952e-08  1.195240213319045e+00 
 5.658218711490952e-08  1.195240213318881e+00 
 5.660218711490952e-08  1.195240213319044e+00 
 5.662218711490953e-08  1.195240213318881e+00 
 5.664218711490953e-08  1.195240213319044e+00 
 5.666218711490953e-08  1.195240213318881e+00 
 5.668218711490954e-08  1.195240213319043e+00 
 5.670218711490954e-08  1.195240213318881e+00 
 5.672218711490954e-08  1.195240213319043e+00 
 5.674218711490954e-08  1.195240213318882e+00 
 5.676218711490955e-08  1.195240213319043e+00 
 5.678218711490955e-08  1.195240213318883e+00 
 5.680218711490955e-08  1.195240213319043e+00 
 5.682218711490956e-08  1.195240213318883e+00 
 5.684218711490956e-08  1.195240213319043e+00 
 5.686218711490956e-08  1.195240213318884e+00 
 5.688218711490956e-08  1.195240213319043e+00 
 5.690218711490957e-08  1.195240213318884e+00 
 5.692218711490957e-08  1.195240213319042e+00 
 5.694218711490957e-08  1.195240213318884e+00 
 5.696218711490958e-08  1.195240213319043e+00 
 5.698218711490958e-08  1.195240213318886e+00 
 5.700218711490958e-08  1.195240213319043e+00 
 5.702218711490958e-08  1.195240213318886e+00 
 5.704218711490959e-08  1.195240213319042e+00 
 5.706218711490959e-08  1.195240213318885e+00 
 5.708218711490959e-08  1.195240213319041e+00 
 5.710218711490960e-08  1.195240213318885e+00 
 5.712218711490960e-08  1.195240213319040e+00 
 5.714218711490960e-08  1.195240213318884e+00 
 5.716218711490960e-08  1.195240213319039e+00 
 5.718218711490961e-08  1.195240213318884e+00 
 5.720218711490961e-08  1.195240213319038e+00 
 5.722218711490961e-08  1.195240213318884e+00 
 5.724218711490962e-08  1.195240213319038e+00 
 5.726218711490962e-08  1.195240213318884e+00 
 5.728218711490962e-08  1.195240213319038e+00 
 5.730218711490962e-08  1.195240213318885e+00 
 5.732218711490963e-08  1.195240213319038e+00 
 5.734218711490963e-08  1.195240213318885e+00 
 5.736218711490963e-08  1.195240213319038e+00 
 5.738218711490964e-08  1.195240213318886e+00 
 5.740218711490964e-08  1.195240213319038e+00 
 5.742218711490964e-08  1.195240213318886e+00 
 5.744218711490964e-08  1.195240213319037e+00 
 5.746218711490965e-08  1.195240213318886e+00 
 5.748218711490965e-08  1.195240213319036e+00 
 5.750218711490965e-08  1.195240213318886e+00 
 5.752218711490965e-08  1.195240213319035e+00 
 5.754218711490966e-08  1.195240213318886e+00 
 5.756218711490966e-08  1.195240213319035e+00 
 5.758218711490966e-08  1.195240213318887e+00 
 5.760218711490967e-08  1.195240213319035e+00 
 5.762218711490967e-08  1.195240213318887e+00 
 5.764218711490967e-08  1.195240213319035e+00 
 5.766218711490967e-08  1.195240213318888e+00 
 5.768218711490968e-08  1.195240213319035e+00 
 5.770218711490968e-08  1.195240213318888e+00 
 5.772218711490968e-08  1.195240213319035e+00 
 5.774218711490969e-08  1.195240213318888e+00 
 5.776218711490969e-08  1.195240213319034e+00 
 5.778218711490969e-08  1.195240213318887e+00 
 5.780218711490969e-08  1.195240213319033e+00 
 5.782218711490970e-08  1.195240213318888e+00 
 5.784218711490970e-08  1.195240213319033e+00 
 5.786218711490970e-08  1.195240213318889e+00 
 5.788218711490971e-08  1.195240213319034e+00 
 5.790218711490971e-08  1.195240213318890e+00 
 5.792218711490971e-08  1.195240213319034e+00 
 5.794218711490971e-08  1.195240213318890e+00 
 5.796218711490972e-08  1.195240213319034e+00 
 5.798218711490972e-08  1.195240213318890e+00 
 5.800218711490972e-08  1.195240213319033e+00 
 5.802218711490973e-08  1.195240213318890e+00 
 5.804218711490973e-08  1.195240213319033e+00 
 5.806218711490973e-08  1.195240213318890e+00 
 5.808218711490973e-08  1.195240213319033e+00 
 5.810218711490974e-08  1.195240213318890e+00 
 5.812218711490974e-08  1.195240213319032e+00 
 5.814218711490974e-08  1.195240213318891e+00 
 5.816218711490975e-08  1.195240213319033e+00 
 5.818218711490975e-08  1.195240213318892e+00 
 5.820218711490975e-08  1.195240213319033e+00 
 5.822218711490975e-08  1.195240213318893e+00 
 5.824218711490976e-08  1.195240213319033e+00 
 5.826218711490976e-08  1.195240213318893e+00 
 5.828218711490976e-08  1.195240213319032e+00 
 5.830218711490977e-08  1.195240213318892e+00 
 5.832218711490977e-08  1.195240213319031e+00 
 5.834218711490977e-08  1.195240213318892e+00 
 5.836218711490977e-08  1.195240213319031e+00 
 5.838218711490978e-08  1.195240213318893e+00 
 5.840218711490978e-08  1.195240213319031e+00 
 5.842218711490978e-08  1.195240213318893e+00 
 5.844218711490978e-08  1.195240213319031e+00 
 5.846218711490979e-08  1.195240213318893e+00 
 5.848218711490979e-08  1.195240213319031e+00 
 5.850218711490979e-08  1.195240213318894e+00 
 5.852218711490980e-08  1.195240213319030e+00 
 5.854218711490980e-08  1.195240213318894e+00 
 5.856218711490980e-08  1.195240213319030e+00 
 5.858218711490980e-08  1.195240213318894e+00 
 5.860218711490981e-08  1.195240213319029e+00 
 5.862218711490981e-08  1.195240213318894e+00 
 5.864218711490981e-08  1.195240213319029e+00 
 5.866218711490982e-08  1.195240213318894e+00 
 5.868218711490982e-08  1.195240213319028e+00 
 5.870218711490982e-08  1.195240213318894e+00 
 5.872218711490982e-08  1.195240213319028e+00 
 5.874218711490983e-08  1.195240213318894e+00 
 5.876218711490983e-08  1.195240213319027e+00 
 5.878218711490983e-08  1.195240213318894e+00 
 5.880218711490984e-08  1.195240213319027e+00 
 5.882218711490984e-08  1.195240213318894e+00 
 5.884218711490984e-08  1.195240213319027e+00 
 5.886218711490984e-08  1.195240213318894e+00 
 5.888218711490985e-08  1.195240213319026e+00 
 5.890218711490985e-08  1.195240213318894e+00 
 5.892218711490985e-08  1.195240213319026e+00 
 5.894218711490986e-08  1.195240213318894e+00 
 5.896218711490986e-08  1.195240213319025e+00 
 5.898218711490986e-08  1.195240213318894e+00 
 5.900218711490986e-08  1.195240213319025e+00 
 5.902218711490987e-08  1.195240213318895e+00 
 5.904218711490987e-08  1.195240213319025e+00 
 5.906218711490987e-08  1.195240213318895e+00 
 5.908218711490988e-08  1.195240213319025e+00 
 5.910218711490988e-08  1.195240213318896e+00 
 5.912218711490988e-08  1.195240213319025e+00 
 5.914218711490988e-08  1.195240213318896e+00 
 5.916218711490989e-08  1.195240213319025e+00 
 5.918218711490989e-08  1.195240213318896e+00 
 5.920218711490989e-08  1.195240213319025e+00 
 5.922218711490990e-08  1.195240213318896e+00 
 5.924218711490990e-08  1.195240213319024e+00 
 5.926218711490990e-08  1.195240213318896e+00 
 5.928218711490990e-08  1.195240213319023e+00 
 5.930218711490991e-08  1.195240213318896e+00 
 5.932218711490991e-08  1.195240213319023e+00 
 5.934218711490991e-08  1.195240213318896e+00 
 5.936218711490991e-08  1.195240213319023e+00 
 5.938218711490992e-08  1.195240213318896e+00 
 5.940218711490992e-08  1.195240213319022e+00 
 5.942218711490992e-08  1.195240213318896e+00 
 5.944218711490993e-08  1.195240213319022e+00 
 5.946218711490993e-08  1.195240213318896e+00 
 5.948218711490993e-08  1.195240213319022e+00 
 5.950218711490993e-08  1.195240213318897e+00 
 5.952218711490994e-08  1.195240213319021e+00 
 5.954218711490994e-08  1.195240213318897e+00 
 5.956218711490994e-08  1.195240213319021e+00 
 5.958218711490995e-08  1.195240213318897e+00 
 5.960218711490995e-08  1.195240213319021e+00 
 5.962218711490995e-08  1.195240213318897e+00 
 5.964218711490995e-08  1.195240213319021e+00 
 5.966218711490994e-08  1.195240213318897e+00 
 5.968218711490994e-08  1.195240213319020e+00 
 5.970218711490994e-08  1.195240213318897e+00 
 5.972218711490993e-08  1.195240213319020e+00 
 5.974218711490993e-08  1.195240213318898e+00 
 5.976218711490993e-08  1.195240213319021e+00 
 5.978218711490992e-08  1.195240213318899e+00 
 5.980218711490992e-08  1.195240213319021e+00 
 5.982218711490991e-08  1.195240213318900e+00 
 5.984218711490991e-08  1.195240213319022e+00 
 5.986218711490991e-08  1.195240213318901e+00 
 5.988218711490990e-08  1.195240213319022e+00 
 5.990218711490990e-08  1.195240213318901e+00 
 5.992218711490989e-08  1.195240213319022e+00 
 5.994218711490989e-08  1.195240213318902e+00 
 5.996218711490989e-08  1.195240213319022e+00 
 5.998218711490988e-08  1.195240213318902e+00 
 6.000218711490988e-08  1.195240213319022e+00 
 6.002218711490988e-08  1.195240213318903e+00 
 6.004218711490987e-08  1.195240213319022e+00 
 6.006218711490987e-08  1.195240213318903e+00 
 6.008218711490986e-08  1.195240213319021e+00 
 6.010218711490986e-08  1.195240213318903e+00 
 6.012218711490986e-08  1.195240213319021e+00 
 6.014218711490985e-08  1.195240213318903e+00 
 6.016218711490985e-08  1.195240213319021e+00 
 6.018218711490985e-08  1.195240213318904e+00 
 6.020218711490984e-08  1.195240213319021e+00 
 6.022218711490984e-08  1.195240213318904e+00 
 6.024218711490983e-08  1.195240213319021e+00 
 6.026218711490983e-08  1.195240213318904e+00 
 6.028218711490983e-08  1.195240213319021e+00 
 6.030218711490982e-08  1.195240213318904e+00 
 6.032218711490982e-08  1.195240213319020e+00 
 6.034218711490982e-08  1.195240213318904e+00 
 6.036218711490981e-08  1.195240213319019e+00 
 6.038218711490981e-08  1.195240213318904e+00 
 6.040218711490980e-08  1.195240213319019e+00 
 6.042218711490980e-08  1.195240213318904e+00 
 6.044218711490980e-08  1.195240213319019e+00 
 6.046218711490979e-08  1.195240213318904e+00 
 6.048218711490979e-08  1.195240213319018e+00 
 6.050218711490978e-08  1.195240213318904e+00 
 6.052218711490978e-08  1.195240213319019e+00 
 6.054218711490978e-08  1.195240213318905e+00 
 6.056218711490977e-08  1.195240213319019e+00 
 6.058218711490977e-08  1.195240213318905e+00 
 6.060218711490977e-08  1.195240213319018e+00 
 6.062218711490976e-08  1.195240213318905e+00 
 6.064218711490976e-08  1.195240213319018e+00 
 6.066218711490975e-08  1.195240213318904e+00 
 6.068218711490975e-08  1.195240213319017e+00 
 6.070218711490975e-08  1.195240213318904e+00 
 6.072218711490974e-08  1.195240213319017e+00 
 6.074218711490974e-08  1.195240213318905e+00 
 6.076218711490974e-08  1.195240213319016e+00 
 6.078218711490973e-08  1.195240213318904e+00 
 6.080218711490973e-08  1.195240213319015e+00 
 6.082218711490972e-08  1.195240213318903e+00 
 6.084218711490972e-08  1.195240213319015e+00 
 6.086218711490972e-08  1.195240213318904e+00 
 6.088218711490971e-08  1.195240213319015e+00 
 6.090218711490971e-08  1.195240213318904e+00 
 6.092218711490971e-08  1.195240213319015e+00 
 6.094218711490970e-08  1.195240213318906e+00 
 6.096218711490970e-08  1.195240213319016e+00 
 6.098218711490969e-08  1.195240213318906e+00 
 6.100218711490969e-08  1.195240213319016e+00 
 6.102218711490969e-08  1.195240213318906e+00 
 6.104218711490968e-08  1.195240213319016e+00 
 6.106218711490968e-08  1.195240213318907e+00 
 6.108218711490967e-08  1.195240213319015e+00 
 6.110218711490967e-08  1.195240213318907e+00 
 6.112218711490967e-08  1.195240213319015e+00 
 6.114218711490966e-08  1.195240213318906e+00 
 6.116218711490966e-08  1.195240213319015e+00 
 6.118218711490966e-08  1.195240213318907e+00 
 6.120218711490965e-08  1.195240213319015e+00 
 6.122218711490965e-08  1.195240213318908e+00 
 6.124218711490964e-08  1.195240213319015e+00 
 6.126218711490964e-08  1.195240213318908e+00 
 6.128218711490964e-08  1.195240213319015e+00 
 6.130218711490963e-08  1.195240213318909e+00 
 6.132218711490963e-08  1.195240213319015e+00 
 6.134218711490963e-08  1.195240213318909e+00 
 6.136218711490962e-08  1.195240213319015e+00 
 6.138218711490962e-08  1.195240213318910e+00 
 6.140218711490961e-08  1.195240213319015e+00 
 6.142218711490961e-08  1.195240213318910e+00 
 6.144218711490961e-08  1.195240213319015e+00 
 6.146218711490960e-08  1.195240213318909e+00 
 6.148218711490960e-08  1.195240213319014e+00 
 6.150218711490960e-08  1.195240213318909e+00 
 6.152218711490959e-08  1.195240213319014e+00 
 6.154218711490959e-08  1.195240213318909e+00 
 6.156218711490958e-08  1.195240213319012e+00 
 6.158218711490958e-08  1.195240213318908e+00 
 6.160218711490958e-08  1.195240213319012e+00 
 6.162218711490957e-08  1.195240213318909e+00 
 6.164218711490957e-08  1.195240213319013e+00 
 6.166218711490956e-08  1.195240213318909e+00 
 6.168218711490956e-08  1.195240213319012e+00 
 6.170218711490956e-08  1.195240213318909e+00 
 6.172218711490955e-08  1.195240213319012e+00 
 6.174218711490955e-08  1.195240213318910e+00 
 6.176218711490955e-08  1.195240213319012e+00 
 6.178218711490954e-08  1.195240213318910e+00 
 6.180218711490954e-08  1.195240213319012e+00 
 6.182218711490953e-08  1.195240213318910e+00 
 6.184218711490953e-08  1.195240213319012e+00 
 6.186218711490953e-08  1.195240213318910e+00 
 6.188218711490952e-08  1.195240213319012e+00 
 6.190218711490952e-08  1.195240213318911e+00 
 6.192218711490952e-08  1.195240213319011e+00 
 6.194218711490951e-08  1.195240213318910e+00 
 6.196218711490951e-08  1.195240213319011e+00 
 6.198218711490950e-08  1.195240213318910e+00 
 6.200218711490950e-08  1.195240213319011e+00 
 6.202218711490950e-08  1.195240213318910e+00 
 6.204218711490949e-08  1.195240213319010e+00 
 6.206218711490949e-08  1.195240213318910e+00 
 6.208218711490949e-08  1.195240213319010e+00 
 6.210218711490948e-08  1.195240213318910e+00 
 6.212218711490948e-08  1.195240213319010e+00 
 6.214218711490947e-08  1.195240213318912e+00 
 6.216218711490947e-08  1.195240213319011e+00 
 6.218218711490947e-08  1.195240213318912e+00 
 6.220218711490946e-08  1.195240213319011e+00 
 6.222218711490946e-08  1.195240213318913e+00 
 6.224218711490945e-08  1.195240213319011e+00 
 6.226218711490945e-08  1.195240213318913e+00 
 6.228218711490945e-08  1.195240213319011e+00 
 6.230218711490944e-08  1.195240213318913e+00 
 6.232218711490944e-08  1.195240213319011e+00 
 6.234218711490944e-08  1.195240213318913e+00 
 6.236218711490943e-08  1.195240213319010e+00 
 6.238218711490943e-08  1.195240213318913e+00 
 6.240218711490942e-08  1.195240213319009e+00 
 6.242218711490942e-08  1.195240213318912e+00 
 6.244218711490942e-08  1.195240213319009e+00 
 6.246218711490941e-08  1.195240213318912e+00 
 6.248218711490941e-08  1.195240213319008e+00 
 6.250218711490941e-08  1.195240213318912e+00 
 6.252218711490940e-08  1.195240213319008e+00 
 6.254218711490940e-08  1.195240213318913e+00 
 6.256218711490939e-08  1.195240213319009e+00 
 6.258218711490939e-08  1.195240213318913e+00 
 6.260218711490939e-08  1.195240213319009e+00 
 6.262218711490938e-08  1.195240213318914e+00 
 6.264218711490938e-08  1.195240213319009e+00 
 6.266218711490938e-08  1.195240213318915e+00 
 6.268218711490937e-08  1.195240213319009e+00 
 6.270218711490937e-08  1.195240213318915e+00 
 6.272218711490936e-08  1.195240213319009e+00 
 6.274218711490936e-08  1.195240213318914e+00 
 6.276218711490936e-08  1.195240213319008e+00 
 6.278218711490935e-08  1.195240213318914e+00 
 6.280218711490935e-08  1.195240213319007e+00 
 6.282218711490934e-08  1.195240213318914e+00 
 6.284218711490934e-08  1.195240213319008e+00 
 6.286218711490934e-08  1.195240213318914e+00 
 6.288218711490933e-08  1.195240213319007e+00 
 6.290218711490933e-08  1.195240213318914e+00 
 6.292218711490933e-08  1.195240213319007e+00 
 6.294218711490932e-08  1.195240213318914e+00 
 6.296218711490932e-08  1.195240213319006e+00 
 6.298218711490931e-08  1.195240213318914e+00 
 6.300218711490931e-08  1.195240213319006e+00 
 6.302218711490931e-08  1.195240213318915e+00 
 6.304218711490930e-08  1.195240213319007e+00 
 6.306218711490930e-08  1.195240213318916e+00 
 6.308218711490930e-08  1.195240213319008e+00 
 6.310218711490929e-08  1.195240213318917e+00 
 6.312218711490929e-08  1.195240213319008e+00 
 6.314218711490928e-08  1.195240213318917e+00 
 6.316218711490928e-08  1.195240213319007e+00 
 6.318218711490928e-08  1.195240213318917e+00 
 6.320218711490927e-08  1.195240213319007e+00 
 6.322218711490927e-08  1.195240213318916e+00 
 6.324218711490927e-08  1.195240213319006e+00 
 6.326218711490926e-08  1.195240213318916e+00 
 6.328218711490926e-08  1.195240213319005e+00 
 6.330218711490925e-08  1.195240213318915e+00 
 6.332218711490925e-08  1.195240213319005e+00 
 6.334218711490925e-08  1.195240213318916e+00 
 6.336218711490924e-08  1.195240213319004e+00 
 6.338218711490924e-08  1.195240213318915e+00 
 6.340218711490924e-08  1.195240213319004e+00 
 6.342218711490923e-08  1.195240213318915e+00 
 6.344218711490923e-08  1.195240213319004e+00 
 6.346218711490922e-08  1.195240213318916e+00 
 6.348218711490922e-08  1.195240213319004e+00 
 6.350218711490922e-08  1.195240213318916e+00 
 6.352218711490921e-08  1.195240213319004e+00 
 6.354218711490921e-08  1.195240213318916e+00 
 6.356218711490920e-08  1.195240213319004e+00 
 6.358218711490920e-08  1.195240213318916e+00 
 6.360218711490920e-08  1.195240213319004e+00 
 6.362218711490919e-08  1.195240213318917e+00 
 6.364218711490919e-08  1.195240213319003e+00 
 6.366218711490919e-08  1.195240213318916e+00 
 6.368218711490918e-08  1.195240213319004e+00 
 6.370218711490918e-08  1.195240213318917e+00 
 6.372218711490917e-08  1.195240213319004e+00 
 6.374218711490917e-08  1.195240213318918e+00 
 6.376218711490917e-08  1.195240213319004e+00 
 6.378218711490916e-08  1.195240213318919e+00 
 6.380218711490916e-08  1.195240213319005e+00 
 6.382218711490916e-08  1.195240213318919e+00 
 6.384218711490915e-08  1.195240213319004e+00 
 6.386218711490915e-08  1.195240213318918e+00 
 6.388218711490914e-08  1.195240213319004e+00 
 6.390218711490914e-08  1.195240213318918e+00 
 6.392218711490914e-08  1.195240213319003e+00 
 6.394218711490913e-08  1.195240213318918e+00 
 6.396218711490913e-08  1.195240213319003e+00 
 6.398218711490913e-08  1.195240213318918e+00 
 6.400218711490912e-08  1.195240213319003e+00 
 6.402218711490912e-08  1.195240213318918e+00 
 6.404218711490911e-08  1.195240213319003e+00 
 6.406218711490911e-08  1.195240213318919e+00 
 6.408218711490911e-08  1.195240213319003e+00 
 6.410218711490910e-08  1.195240213318919e+00 
 6.412218711490910e-08  1.195240213319003e+00 
 6.414218711490909e-08  1.195240213318919e+00 
 6.416218711490909e-08  1.195240213319002e+00 
 6.418218711490909e-08  1.195240213318918e+00 
 6.420218711490908e-08  1.195240213319001e+00 
 6.422218711490908e-08  1.195240213318919e+00 
 6.424218711490908e-08  1.195240213319002e+00 
 6.426218711490907e-08  1.195240213318919e+00 
 6.428218711490907e-08  1.195240213319002e+00 
 6.430218711490906e-08  1.195240213318919e+00 
 6.432218711490906e-08  1.195240213319001e+00 
 6.434218711490906e-08  1.195240213318919e+00 
 6.436218711490905e-08  1.195240213319001e+00 
 6.438218711490905e-08  1.195240213318919e+00 
 6.440218711490905e-08  1.195240213319001e+00 
 6.442218711490904e-08  1.195240213318920e+00 
 6.444218711490904e-08  1.195240213319001e+00 
 6.446218711490903e-08  1.195240213318920e+00 
 6.448218711490903e-08  1.195240213319001e+00 
 6.450218711490903e-08  1.195240213318920e+00 
 6.452218711490902e-08  1.195240213319001e+00 
 6.454218711490902e-08  1.195240213318920e+00 
 6.456218711490902e-08  1.195240213319000e+00 
 6.458218711490901e-08  1.195240213318920e+00 
 6.460218711490901e-08  1.195240213319000e+00 
 6.462218711490900e-08  1.195240213318920e+00 
 6.464218711490900e-08  1.195240213319000e+00 
 6.466218711490900e-08  1.195240213318920e+00 
 6.468218711490899e-08  1.195240213319000e+00 
 6.470218711490899e-08  1.195240213318921e+00 
 6.472218711490898e-08  1.195240213319001e+00 
 6.474218711490898e-08  1.195240213318921e+00 
 6.476218711490898e-08  1.195240213319001e+00 
 6.478218711490897e-08  1.195240213318921e+00 
 6.480218711490897e-08  1.195240213319000e+00 
 6.482218711490897e-08  1.195240213318921e+00 
 6.484218711490896e-08  1.195240213319000e+00 
 6.486218711490896e-08  1.195240213318921e+00 
 6.488218711490895e-08  1.195240213319000e+00 
 6.490218711490895e-08  1.195240213318922e+00 
 6.492218711490895e-08  1.195240213319000e+00 
 6.494218711490894e-08  1.195240213318921e+00 
 6.496218711490894e-08  1.195240213319000e+00 
 6.498218711490894e-08  1.195240213318922e+00 
 6.500218711490893e-08  1.195240213319000e+00 
 6.502218711490893e-08  1.195240213318923e+00 
 6.504218711490892e-08  1.195240213319000e+00 
 6.506218711490892e-08  1.195240213318923e+00 
 6.508218711490892e-08  1.195240213319001e+00 
 6.510218711490891e-08  1.195240213318924e+00 
 6.512218711490891e-08  1.195240213319001e+00 
 6.514218711490891e-08  1.195240213318924e+00 
 6.516218711490890e-08  1.195240213319000e+00 
 6.518218711490890e-08  1.195240213318924e+00 
 6.520218711490889e-08  1.195240213319000e+00 
 6.522218711490889e-08  1.195240213318924e+00 
 6.524218711490889e-08  1.195240213319000e+00 
 6.526218711490888e-08  1.195240213318924e+00 
 6.528218711490888e-08  1.195240213319000e+00 
 6.530218711490887e-08  1.195240213318924e+00 
 6.532218711490887e-08  1.195240213318999e+00 
 6.534218711490887e-08  1.195240213318924e+00 
 6.536218711490886e-08  1.195240213319000e+00 
 6.538218711490886e-08  1.195240213318925e+00 
 6.540218711490886e-08  1.195240213318999e+00 
 6.542218711490885e-08  1.195240213318924e+00 
 6.544218711490885e-08  1.195240213318999e+00 
 6.546218711490884e-08  1.195240213318924e+00 
 6.548218711490884e-08  1.195240213318999e+00 
 6.550218711490884e-08  1.195240213318925e+00 
 6.552218711490883e-08  1.195240213318999e+00 
 6.554218711490883e-08  1.195240213318925e+00 
 6.556218711490883e-08  1.195240213318999e+00 
 6.558218711490882e-08  1.195240213318925e+00 
 6.560218711490882e-08  1.195240213318998e+00 
 6.562218711490881e-08  1.195240213318924e+00 
 6.564218711490881e-08  1.195240213318998e+00 
 6.566218711490881e-08  1.195240213318924e+00 
 6.568218711490880e-08  1.195240213318997e+00 
 6.570218711490880e-08  1.195240213318924e+00 
 6.572218711490880e-08  1.195240213318997e+00 
 6.574218711490879e-08  1.195240213318924e+00 
 6.576218711490879e-08  1.195240213318996e+00 
 6.578218711490878e-08  1.195240213318924e+00 
 6.580218711490878e-08  1.195240213318997e+00 
 6.582218711490878e-08  1.195240213318924e+00 
 6.584218711490877e-08  1.195240213318996e+00 
 6.586218711490877e-08  1.195240213318924e+00 
 6.588218711490876e-08  1.195240213318996e+00 
 6.590218711490876e-08  1.195240213318924e+00 
 6.592218711490876e-08  1.195240213318995e+00 
 6.594218711490875e-08  1.195240213318924e+00 
 6.596218711490875e-08  1.195240213318996e+00 
 6.598218711490875e-08  1.195240213318924e+00 
 6.600218711490874e-08  1.195240213318995e+00 
 6.602218711490874e-08  1.195240213318924e+00 
 6.604218711490873e-08  1.195240213318995e+00 
 6.606218711490873e-08  1.195240213318925e+00 
 6.608218711490873e-08  1.195240213318995e+00 
 6.610218711490872e-08  1.195240213318924e+00 
 6.612218711490872e-08  1.195240213318995e+00 
 6.614218711490872e-08  1.195240213318925e+00 
 6.616218711490871e-08  1.195240213318996e+00 
 6.618218711490871e-08  1.195240213318926e+00 
 6.620218711490870e-08  1.195240213318996e+00 
 6.622218711490870e-08  1.195240213318926e+00 
 6.624218711490870e-08  1.195240213318996e+00 
 6.626218711490869e-08  1.195240213318926e+00 
 6.628218711490869e-08  1.195240213318996e+00 
 6.630218711490869e-08  1.195240213318926e+00 
 6.632218711490868e-08  1.195240213318996e+00 
 6.634218711490868e-08  1.195240213318926e+00 
 6.636218711490867e-08  1.195240213318995e+00 
 6.638218711490867e-08  1.195240213318926e+00 
 6.640218711490867e-08  1.195240213318995e+00 
 6.642218711490866e-08  1.195240213318926e+00 
 6.644218711490866e-08  1.195240213318995e+00 
 6.646218711490865e-08  1.195240213318926e+00 
 6.648218711490865e-08  1.195240213318994e+00 
 6.650218711490865e-08  1.195240213318926e+00 
 6.652218711490864e-08  1.195240213318994e+00 
 6.654218711490864e-08  1.195240213318926e+00 
 6.656218711490864e-08  1.195240213318994e+00 
 6.658218711490863e-08  1.195240213318927e+00 
 6.660218711490863e-08  1.195240213318994e+00 
 6.662218711490862e-08  1.195240213318927e+00 
 6.664218711490862e-08  1.195240213318994e+00 
 6.666218711490862e-08  1.195240213318927e+00 
 6.668218711490861e-08  1.195240213318995e+00 
 6.670218711490861e-08  1.195240213318928e+00 
 6.672218711490861e-08  1.195240213318995e+00 
 6.674218711490860e-08  1.195240213318928e+00 
 6.676218711490860e-08  1.195240213318995e+00 
 6.678218711490859e-08  1.195240213318928e+00 
 6.680218711490859e-08  1.195240213318995e+00 
 6.682218711490859e-08  1.195240213318928e+00 
 6.684218711490858e-08  1.195240213318994e+00 
 6.686218711490858e-08  1.195240213318928e+00 
 6.688218711490858e-08  1.195240213318994e+00 
 6.690218711490857e-08  1.195240213318927e+00 
 6.692218711490857e-08  1.195240213318993e+00 
 6.694218711490856e-08  1.195240213318927e+00 
 6.696218711490856e-08  1.195240213318993e+00 
 6.698218711490856e-08  1.195240213318927e+00 
 6.700218711490855e-08  1.195240213318993e+00 
 6.702218711490855e-08  1.195240213318927e+00 
 6.704218711490854e-08  1.195240213318993e+00 
 6.706218711490854e-08  1.195240213318927e+00 
 6.708218711490854e-08  1.195240213318992e+00 
 6.710218711490853e-08  1.195240213318927e+00 
 6.712218711490853e-08  1.195240213318992e+00 
 6.714218711490853e-08  1.195240213318927e+00 
 6.716218711490852e-08  1.195240213318992e+00 
 6.718218711490852e-08  1.195240213318927e+00 
 6.720218711490851e-08  1.195240213318992e+00 
 6.722218711490851e-08  1.195240213318927e+00 
 6.724218711490851e-08  1.195240213318992e+00 
 6.726218711490850e-08  1.195240213318928e+00 
 6.728218711490850e-08  1.195240213318992e+00 
 6.730218711490850e-08  1.195240213318929e+00 
 6.732218711490849e-08  1.195240213318992e+00 
 6.734218711490849e-08  1.195240213318929e+00 
 6.736218711490848e-08  1.195240213318992e+00 
 6.738218711490848e-08  1.195240213318929e+00 
 6.740218711490848e-08  1.195240213318992e+00 
 6.742218711490847e-08  1.195240213318929e+00 
 6.744218711490847e-08  1.195240213318992e+00 
 6.746218711490847e-08  1.195240213318929e+00 
 6.748218711490846e-08  1.195240213318993e+00 
 6.750218711490846e-08  1.195240213318929e+00 
 6.752218711490845e-08  1.195240213318992e+00 
 6.754218711490845e-08  1.195240213318929e+00 
 6.756218711490845e-08  1.195240213318991e+00 
 6.758218711490844e-08  1.195240213318928e+00 
 6.760218711490844e-08  1.195240213318990e+00 
 6.762218711490844e-08  1.195240213318928e+00 
 6.764218711490843e-08  1.195240213318990e+00 
 6.766218711490843e-08  1.195240213318928e+00 
 6.768218711490842e-08  1.195240213318991e+00 
 6.770218711490842e-08  1.195240213318929e+00 
 6.772218711490842e-08  1.195240213318991e+00 
 6.774218711490841e-08  1.195240213318930e+00 
 6.776218711490841e-08  1.195240213318991e+00 
 6.778218711490840e-08  1.195240213318930e+00 
 6.780218711490840e-08  1.195240213318991e+00 
 6.782218711490840e-08  1.195240213318929e+00 
 6.784218711490839e-08  1.195240213318991e+00 
 6.786218711490839e-08  1.195240213318930e+00 
 6.788218711490839e-08  1.195240213318991e+00 
 6.790218711490838e-08  1.195240213318930e+00 
 6.792218711490838e-08  1.195240213318991e+00 
 6.794218711490837e-08  1.195240213318930e+00 
 6.796218711490837e-08  1.195240213318991e+00 
 6.798218711490837e-08  1.195240213318930e+00 
 6.800218711490836e-08  1.195240213318991e+00 
 6.802218711490836e-08  1.195240213318931e+00 
 6.804218711490836e-08  1.195240213318991e+00 
 6.806218711490835e-08  1.195240213318931e+00 
 6.808218711490835e-08  1.195240213318991e+00 
 6.810218711490834e-08  1.195240213318931e+00 
 6.812218711490834e-08  1.195240213318991e+00 
 6.814218711490834e-08  1.195240213318931e+00 
 6.816218711490833e-08  1.195240213318991e+00 
 6.818218711490833e-08  1.195240213318931e+00 
 6.820218711490833e-08  1.195240213318990e+00 
 6.822218711490832e-08  1.195240213318931e+00 
 6.824218711490832e-08  1.195240213318990e+00 
 6.826218711490831e-08  1.195240213318930e+00 
 6.828218711490831e-08  1.195240213318989e+00 
 6.830218711490831e-08  1.195240213318930e+00 
 6.832218711490830e-08  1.195240213318989e+00 
 6.834218711490830e-08  1.195240213318930e+00 
 6.836218711490829e-08  1.195240213318989e+00 
 6.838218711490829e-08  1.195240213318930e+00 
 6.840218711490829e-08  1.195240213318988e+00 
 6.842218711490828e-08  1.195240213318930e+00 
 6.844218711490828e-08  1.195240213318988e+00 
 6.846218711490828e-08  1.195240213318931e+00 
 6.848218711490827e-08  1.195240213318989e+00 
 6.850218711490827e-08  1.195240213318931e+00 
 6.852218711490826e-08  1.195240213318989e+00 
 6.854218711490826e-08  1.195240213318931e+00 
 6.856218711490826e-08  1.195240213318988e+00 
 6.858218711490825e-08  1.195240213318931e+00 
 6.860218711490825e-08  1.195240213318988e+00 
 6.862218711490825e-08  1.195240213318931e+00 
 6.864218711490824e-08  1.195240213318989e+00 
 6.866218711490824e-08  1.195240213318932e+00 
 6.868218711490823e-08  1.195240213318990e+00 
 6.870218711490823e-08  1.195240213318933e+00 
 6.872218711490823e-08  1.195240213318990e+00 
 6.874218711490822e-08  1.195240213318934e+00 
 6.876218711490822e-08  1.195240213318991e+00 
 6.878218711490822e-08  1.195240213318934e+00 
 6.880218711490821e-08  1.195240213318990e+00 
 6.882218711490821e-08  1.195240213318933e+00 
 6.884218711490820e-08  1.195240213318989e+00 
 6.886218711490820e-08  1.195240213318933e+00 
 6.888218711490820e-08  1.195240213318989e+00 
 6.890218711490819e-08  1.195240213318933e+00 
 6.892218711490819e-08  1.195240213318989e+00 
 6.894218711490818e-08  1.195240213318933e+00 
 6.896218711490818e-08  1.195240213318989e+00 
 6.898218711490818e-08  1.195240213318934e+00 
 6.900218711490817e-08  1.195240213318990e+00 
 6.902218711490817e-08  1.195240213318934e+00 
 6.904218711490817e-08  1.195240213318989e+00 
 6.906218711490816e-08  1.195240213318934e+00 
 6.908218711490816e-08  1.195240213318989e+00 
 6.910218711490815e-08  1.195240213318934e+00 
 6.912218711490815e-08  1.195240213318989e+00 
 6.914218711490815e-08  1.195240213318934e+00 
 6.916218711490814e-08  1.195240213318989e+00 
 6.918218711490814e-08  1.195240213318934e+00 
 6.920218711490814e-08  1.195240213318989e+00 
 6.922218711490813e-08  1.195240213318934e+00 
 6.924218711490813e-08  1.195240213318988e+00 
 6.926218711490812e-08  1.195240213318934e+00 
 6.928218711490812e-08  1.195240213318989e+00 
 6.930218711490812e-08  1.195240213318935e+00 
 6.932218711490811e-08  1.195240213318989e+00 
 6.934218711490811e-08  1.195240213318934e+00 
 6.936218711490811e-08  1.195240213318988e+00 
 6.938218711490810e-08  1.195240213318935e+00 
 6.940218711490810e-08  1.195240213318989e+00 
 6.942218711490809e-08  1.195240213318935e+00 
 6.944218711490809e-08  1.195240213318989e+00 
 6.946218711490809e-08  1.195240213318936e+00 
 6.948218711490808e-08  1.195240213318989e+00 
 6.950218711490808e-08  1.195240213318937e+00 
 6.952218711490807e-08  1.195240213318990e+00 
 6.954218711490807e-08  1.195240213318937e+00 
 6.956218711490807e-08  1.195240213318991e+00 
 6.958218711490806e-08  1.195240213318938e+00 
 6.960218711490806e-08  1.195240213318991e+00 
 6.962218711490806e-08  1.195240213318938e+00 
 6.964218711490805e-08  1.195240213318990e+00 
 6.966218711490805e-08  1.195240213318938e+00 
 6.968218711490804e-08  1.195240213318991e+00 
 6.970218711490804e-08  1.195240213318938e+00 
 6.972218711490804e-08  1.195240213318990e+00 
 6.974218711490803e-08  1.195240213318938e+00 
 6.976218711490803e-08  1.195240213318990e+00 
 6.978218711490803e-08  1.195240213318938e+00 
 6.980218711490802e-08  1.195240213318990e+00 
 6.982218711490802e-08  1.195240213318937e+00 
 6.984218711490801e-08  1.195240213318989e+00 
 6.986218711490801e-08  1.195240213318937e+00 
 6.988218711490801e-08  1.195240213318989e+00 
 6.990218711490800e-08  1.195240213318937e+00 
 6.992218711490800e-08  1.195240213318989e+00 
 6.994218711490800e-08  1.195240213318937e+00 
 6.996218711490799e-08  1.195240213318988e+00 
 6.998218711490799e-08  1.195240213318937e+00 
 7.000218711490798e-08  1.195240213318988e+00 
 7.002218711490798e-08  1.195240213318937e+00 
 7.004218711490798e-08  1.195240213318987e+00 
 7.006218711490797e-08  1.195240213318936e+00 
 7.008218711490797e-08  1.195240213318987e+00 
 7.010218711490796e-08  1.195240213318936e+00 
 7.012218711490796e-08  1.195240213318987e+00 
 7.014218711490796e-08  1.195240213318936e+00 
 7.016218711490795e-08  1.195240213318986e+00 
 7.018218711490795e-08  1.195240213318935e+00 
 7.020218711490795e-08  1.195240213318986e+00 
 7.022218711490794e-08  1.195240213318936e+00 
 7.024218711490794e-08  1.195240213318986e+00 
 7.026218711490793e-08  1.195240213318936e+00 
 7.028218711490793e-08  1.195240213318987e+00 
 7.030218711490793e-08  1.195240213318937e+00 
 7.032218711490792e-08  1.195240213318986e+00 
 7.034218711490792e-08  1.195240213318936e+00 
 7.036218711490792e-08  1.195240213318986e+00 
 7.038218711490791e-08  1.195240213318936e+00 
 7.040218711490791e-08  1.195240213318986e+00 
 7.042218711490790e-08  1.195240213318937e+00 
 7.044218711490790e-08  1.195240213318986e+00 
 7.046218711490790e-08  1.195240213318937e+00 
 7.048218711490789e-08  1.195240213318986e+00 
 7.050218711490789e-08  1.195240213318937e+00 
 7.052218711490789e-08  1.195240213318987e+00 
 7.054218711490788e-08  1.195240213318937e+00 
 7.056218711490788e-08  1.195240213318986e+00 
 7.058218711490787e-08  1.195240213318937e+00 
 7.060218711490787e-08  1.195240213318987e+00 
 7.062218711490787e-08  1.195240213318938e+00 
 7.064218711490786e-08  1.195240213318986e+00 
 7.066218711490786e-08  1.195240213318938e+00 
 7.068218711490785e-08  1.195240213318986e+00 
 7.070218711490785e-08  1.195240213318938e+00 
 7.072218711490785e-08  1.195240213318986e+00 
 7.074218711490784e-08  1.195240213318938e+00 
 7.076218711490784e-08  1.195240213318986e+00 
 7.078218711490784e-08  1.195240213318937e+00 
 7.080218711490783e-08  1.195240213318985e+00 
 7.082218711490783e-08  1.195240213318937e+00 
 7.084218711490782e-08  1.195240213318985e+00 
 7.086218711490782e-08  1.195240213318937e+00 
 7.088218711490782e-08  1.195240213318985e+00 
 7.090218711490781e-08  1.195240213318937e+00 
 7.092218711490781e-08  1.195240213318985e+00 
 7.094218711490781e-08  1.195240213318937e+00 
 7.096218711490780e-08  1.195240213318985e+00 
 7.098218711490780e-08  1.195240213318937e+00 
 7.100218711490779e-08  1.195240213318985e+00 
 7.102218711490779e-08  1.195240213318938e+00 
 7.104218711490779e-08  1.195240213318985e+00 
 7.106218711490778e-08  1.195240213318938e+00 
 7.108218711490778e-08  1.195240213318984e+00 
 7.110218711490778e-08  1.195240213318938e+00 
 7.112218711490777e-08  1.195240213318985e+00 
 7.114218711490777e-08  1.195240213318939e+00 
 7.116218711490776e-08  1.195240213318985e+00 
 7.118218711490776e-08  1.195240213318939e+00 
 7.120218711490776e-08  1.195240213318985e+00 
 7.122218711490775e-08  1.195240213318938e+00 
 7.124218711490775e-08  1.195240213318984e+00 
 7.126218711490775e-08  1.195240213318938e+00 
 7.128218711490774e-08  1.195240213318984e+00 
 7.130218711490774e-08  1.195240213318938e+00 
 7.132218711490773e-08  1.195240213318984e+00 
 7.134218711490773e-08  1.195240213318938e+00 
 7.136218711490773e-08  1.195240213318983e+00 
 7.138218711490772e-08  1.195240213318938e+00 
 7.140218711490772e-08  1.195240213318984e+00 
 7.142218711490771e-08  1.195240213318938e+00 
 7.144218711490771e-08  1.195240213318983e+00 
 7.146218711490771e-08  1.195240213318938e+00 
 7.148218711490770e-08  1.195240213318983e+00 
 7.150218711490770e-08  1.195240213318938e+00 
 7.152218711490770e-08  1.195240213318983e+00 
 7.154218711490769e-08  1.195240213318938e+00 
 7.156218711490769e-08  1.195240213318983e+00 
 7.158218711490768e-08  1.195240213318939e+00 
 7.160218711490768e-08  1.195240213318983e+00 
 7.162218711490768e-08  1.195240213318938e+00 
 7.164218711490767e-08  1.195240213318983e+00 
 7.166218711490767e-08  1.195240213318938e+00 
 7.168218711490767e-08  1.195240213318983e+00 
 7.170218711490766e-08  1.195240213318939e+00 
 7.172218711490766e-08  1.195240213318983e+00 
 7.174218711490765e-08  1.195240213318938e+00 
 7.176218711490765e-08  1.195240213318982e+00 
 7.178218711490765e-08  1.195240213318938e+00 
 7.180218711490764e-08  1.195240213318982e+00 
 7.182218711490764e-08  1.195240213318938e+00 
 7.184218711490764e-08  1.195240213318982e+00 
 7.186218711490763e-08  1.195240213318938e+00 
 7.188218711490763e-08  1.195240213318981e+00 
 7.190218711490762e-08  1.195240213318938e+00 
 7.192218711490762e-08  1.195240213318982e+00 
 7.194218711490762e-08  1.195240213318938e+00 
 7.196218711490761e-08  1.195240213318982e+00 
 7.198218711490761e-08  1.195240213318938e+00 
 7.200218711490760e-08  1.195240213318981e+00 
 7.202218711490760e-08  1.195240213318937e+00 
 7.204218711490760e-08  1.195240213318981e+00 
 7.206218711490759e-08  1.195240213318938e+00 
 7.208218711490759e-08  1.195240213318981e+00 
 7.210218711490759e-08  1.195240213318939e+00 
 7.212218711490758e-08  1.195240213318982e+00 
 7.214218711490758e-08  1.195240213318939e+00 
 7.216218711490757e-08  1.195240213318982e+00 
 7.218218711490757e-08  1.195240213318939e+00 
 7.220218711490757e-08  1.195240213318982e+00 
 7.222218711490756e-08  1.195240213318939e+00 
 7.224218711490756e-08  1.195240213318982e+00 
 7.226218711490756e-08  1.195240213318939e+00 
 7.228218711490755e-08  1.195240213318981e+00 
 7.230218711490755e-08  1.195240213318939e+00 
 7.232218711490754e-08  1.195240213318981e+00 
 7.234218711490754e-08  1.195240213318939e+00 
 7.236218711490754e-08  1.195240213318981e+00 
 7.238218711490753e-08  1.195240213318939e+00 
 7.240218711490753e-08  1.195240213318981e+00 
 7.242218711490753e-08  1.195240213318939e+00 
 7.244218711490752e-08  1.195240213318981e+00 
 7.246218711490752e-08  1.195240213318939e+00 
 7.248218711490751e-08  1.195240213318981e+00 
 7.250218711490751e-08  1.195240213318940e+00 
 7.252218711490751e-08  1.195240213318981e+00 
 7.254218711490750e-08  1.195240213318939e+00 
 7.256218711490750e-08  1.195240213318981e+00 
 7.258218711490749e-08  1.195240213318939e+00 
 7.260218711490749e-08  1.195240213318980e+00 
 7.262218711490749e-08  1.195240213318939e+00 
 7.264218711490748e-08  1.195240213318980e+00 
 7.266218711490748e-08  1.195240213318939e+00 
 7.268218711490748e-08  1.195240213318980e+00 
 7.270218711490747e-08  1.195240213318939e+00 
 7.272218711490747e-08  1.195240213318980e+00 
 7.274218711490746e-08  1.195240213318939e+00 
 7.276218711490746e-08  1.195240213318979e+00 
 7.278218711490746e-08  1.195240213318938e+00 
 7.280218711490745e-08  1.195240213318979e+00 
 7.282218711490745e-08  1.195240213318938e+00 
 7.284218711490745e-08  1.195240213318979e+00 
 7.286218711490744e-08  1.195240213318939e+00 
 7.288218711490744e-08  1.195240213318979e+00 
 7.290218711490743e-08  1.195240213318939e+00 
 7.292218711490743e-08  1.195240213318980e+00 
 7.294218711490743e-08  1.195240213318940e+00 
 7.296218711490742e-08  1.195240213318980e+00 
 7.298218711490742e-08  1.195240213318940e+00 
 7.300218711490742e-08  1.195240213318980e+00 
 7.302218711490741e-08  1.195240213318940e+00 
 7.304218711490741e-08  1.195240213318980e+00 
 7.306218711490740e-08  1.195240213318941e+00 
 7.308218711490740e-08  1.195240213318981e+00 
 7.310218711490740e-08  1.195240213318941e+00 
 7.312218711490739e-08  1.195240213318982e+00 
 7.314218711490739e-08  1.195240213318943e+00 
 7.316218711490738e-08  1.195240213318982e+00 
 7.318218711490738e-08  1.195240213318943e+00 
 7.320218711490738e-08  1.195240213318982e+00 
 7.322218711490737e-08  1.195240213318943e+00 
 7.324218711490737e-08  1.195240213318982e+00 
 7.326218711490737e-08  1.195240213318944e+00 
 7.328218711490736e-08  1.195240213318983e+00 
 7.330218711490736e-08  1.195240213318944e+00 
 7.332218711490735e-08  1.195240213318983e+00 
 7.334218711490735e-08  1.195240213318944e+00 
 7.336218711490735e-08  1.195240213318983e+00 
 7.338218711490734e-08  1.195240213318943e+00 
 7.340218711490734e-08  1.195240213318982e+00 
 7.342218711490734e-08  1.195240213318943e+00 
 7.344218711490733e-08  1.195240213318982e+00 
 7.346218711490733e-08  1.195240213318943e+00 
 7.348218711490732e-08  1.195240213318981e+00 
 7.350218711490732e-08  1.195240213318943e+00 
 7.352218711490732e-08  1.195240213318981e+00 
 7.354218711490731e-08  1.195240213318942e+00 
 7.356218711490731e-08  1.195240213318980e+00 
 7.358218711490731e-08  1.195240213318942e+00 
 7.360218711490730e-08  1.195240213318980e+00 
 7.362218711490730e-08  1.195240213318942e+00 
 7.364218711490729e-08  1.195240213318980e+00 
 7.366218711490729e-08  1.195240213318941e+00 
 7.368218711490729e-08  1.195240213318979e+00 
 7.370218711490728e-08  1.195240213318941e+00 
 7.372218711490728e-08  1.195240213318979e+00 
 7.374218711490727e-08  1.195240213318941e+00 
 7.376218711490727e-08  1.195240213318979e+00 
 7.378218711490727e-08  1.195240213318941e+00 
 7.380218711490726e-08  1.195240213318978e+00 
 7.382218711490726e-08  1.195240213318940e+00 
 7.384218711490726e-08  1.195240213318978e+00 
 7.386218711490725e-08  1.195240213318940e+00 
 7.388218711490725e-08  1.195240213318978e+00 
 7.390218711490724e-08  1.195240213318940e+00 
 7.392218711490724e-08  1.195240213318978e+00 
 7.394218711490724e-08  1.195240213318941e+00 
 7.396218711490723e-08  1.195240213318978e+00 
 7.398218711490723e-08  1.195240213318941e+00 
 7.400218711490723e-08  1.195240213318978e+00 
 7.402218711490722e-08  1.195240213318941e+00 
 7.404218711490722e-08  1.195240213318979e+00 
 7.406218711490721e-08  1.195240213318942e+00 
 7.408218711490721e-08  1.195240213318979e+00 
 7.410218711490721e-08  1.195240213318943e+00 
 7.412218711490720e-08  1.195240213318979e+00 
 7.414218711490720e-08  1.195240213318943e+00 
 7.416218711490720e-08  1.195240213318979e+00 
 7.418218711490719e-08  1.195240213318943e+00 
 7.420218711490719e-08  1.195240213318979e+00 
 7.422218711490718e-08  1.195240213318943e+00 
 7.424218711490718e-08  1.195240213318979e+00 
 7.426218711490718e-08  1.195240213318943e+00 
 7.428218711490717e-08  1.195240213318979e+00 
 7.430218711490717e-08  1.195240213318943e+00 
 7.432218711490716e-08  1.195240213318979e+00 
 7.434218711490716e-08  1.195240213318943e+00 
 7.436218711490716e-08  1.195240213318979e+00 
 7.438218711490715e-08  1.195240213318943e+00 
 7.440218711490715e-08  1.195240213318979e+00 
 7.442218711490715e-08  1.195240213318943e+00 
 7.444218711490714e-08  1.195240213318978e+00 
 7.446218711490714e-08  1.195240213318942e+00 
 7.448218711490713e-08  1.195240213318978e+00 
 7.450218711490713e-08  1.195240213318943e+00 
 7.452218711490713e-08  1.195240213318978e+00 
 7.454218711490712e-08  1.195240213318943e+00 
 7.456218711490712e-08  1.195240213318979e+00 
 7.458218711490712e-08  1.195240213318944e+00 
 7.460218711490711e-08  1.195240213318979e+00 
 7.462218711490711e-08  1.195240213318944e+00 
 7.464218711490710e-08  1.195240213318980e+00 
 7.466218711490710e-08  1.195240213318945e+00 
 7.468218711490710e-08  1.195240213318979e+00 
 7.470218711490709e-08  1.195240213318944e+00 
 7.472218711490709e-08  1.195240213318979e+00 
 7.474218711490709e-08  1.195240213318945e+00 
 7.476218711490708e-08  1.195240213318980e+00 
 7.478218711490708e-08  1.195240213318945e+00 
 7.480218711490707e-08  1.195240213318979e+00 
 7.482218711490707e-08  1.195240213318945e+00 
 7.484218711490707e-08  1.195240213318979e+00 
 7.486218711490706e-08  1.195240213318944e+00 
 7.488218711490706e-08  1.195240213318979e+00 
 7.490218711490705e-08  1.195240213318945e+00 
 7.492218711490705e-08  1.195240213318979e+00 
 7.494218711490705e-08  1.195240213318945e+00 
 7.496218711490704e-08  1.195240213318979e+00 
 7.498218711490704e-08  1.195240213318944e+00 
 7.500218711490704e-08  1.195240213318977e+00 
 7.502218711490703e-08  1.195240213318943e+00 
 7.504218711490703e-08  1.195240213318977e+00 
 7.506218711490702e-08  1.195240213318944e+00 
 7.508218711490702e-08  1.195240213318978e+00 
 7.510218711490702e-08  1.195240213318945e+00 
 7.512218711490701e-08  1.195240213318978e+00 
 7.514218711490701e-08  1.195240213318945e+00 
 7.516218711490701e-08  1.195240213318978e+00 
 7.518218711490700e-08  1.195240213318945e+00 
 7.520218711490700e-08  1.195240213318978e+00 
 7.522218711490699e-08  1.195240213318944e+00 
 7.524218711490699e-08  1.195240213318978e+00 
 7.526218711490699e-08  1.195240213318945e+00 
 7.528218711490698e-08  1.195240213318979e+00 
 7.530218711490698e-08  1.195240213318946e+00 
 7.532218711490698e-08  1.195240213318979e+00 
 7.534218711490697e-08  1.195240213318945e+00 
 7.536218711490697e-08  1.195240213318978e+00 
 7.538218711490696e-08  1.195240213318945e+00 
 7.540218711490696e-08  1.195240213318978e+00 
 7.542218711490696e-08  1.195240213318945e+00 
 7.544218711490695e-08  1.195240213318978e+00 
 7.546218711490695e-08  1.195240213318945e+00 
 7.548218711490695e-08  1.195240213318978e+00 
 7.550218711490694e-08  1.195240213318946e+00 
 7.552218711490694e-08  1.195240213318978e+00 
 7.554218711490693e-08  1.195240213318945e+00 
 7.556218711490693e-08  1.195240213318978e+00 
 7.558218711490693e-08  1.195240213318945e+00 
 7.560218711490692e-08  1.195240213318978e+00 
 7.562218711490692e-08  1.195240213318946e+00 
 7.564218711490691e-08  1.195240213318979e+00 
 7.566218711490691e-08  1.195240213318946e+00 
 7.568218711490691e-08  1.195240213318979e+00 
 7.570218711490690e-08  1.195240213318947e+00 
 7.572218711490690e-08  1.195240213318979e+00 
 7.574218711490690e-08  1.195240213318947e+00 
 7.576218711490689e-08  1.195240213318979e+00 
 7.578218711490689e-08  1.195240213318947e+00 
 7.580218711490688e-08  1.195240213318979e+00 
 7.582218711490688e-08  1.195240213318946e+00 
 7.584218711490688e-08  1.195240213318978e+00 
 7.586218711490687e-08  1.195240213318946e+00 
 7.588218711490687e-08  1.195240213318978e+00 
 7.590218711490687e-08  1.195240213318946e+00 
 7.592218711490686e-08  1.195240213318977e+00 
 7.594218711490686e-08  1.195240213318946e+00 
 7.596218711490685e-08  1.195240213318977e+00 
 7.598218711490685e-08  1.195240213318945e+00 
 7.600218711490685e-08  1.195240213318977e+00 
 7.602218711490684e-08  1.195240213318945e+00 
 7.604218711490684e-08  1.195240213318977e+00 
 7.606218711490684e-08  1.195240213318945e+00 
 7.608218711490683e-08  1.195240213318976e+00 
 7.610218711490683e-08  1.195240213318945e+00 
 7.612218711490682e-08  1.195240213318976e+00 
 7.614218711490682e-08  1.195240213318945e+00 
 7.616218711490682e-08  1.195240213318976e+00 
 7.618218711490681e-08  1.195240213318945e+00 
 7.620218711490681e-08  1.195240213318976e+00 
 7.622218711490680e-08  1.195240213318945e+00 
 7.624218711490680e-08  1.195240213318976e+00 
 7.626218711490680e-08  1.195240213318945e+00 
 7.628218711490679e-08  1.195240213318976e+00 
 7.630218711490679e-08  1.195240213318945e+00 
 7.632218711490679e-08  1.195240213318976e+00 
 7.634218711490678e-08  1.195240213318945e+00 
 7.636218711490678e-08  1.195240213318976e+00 
 7.638218711490677e-08  1.195240213318945e+00 
 7.640218711490677e-08  1.195240213318976e+00 
 7.642218711490677e-08  1.195240213318946e+00 
 7.644218711490676e-08  1.195240213318976e+00 
 7.646218711490676e-08  1.195240213318946e+00 
 7.648218711490676e-08  1.195240213318976e+00 
 7.650218711490675e-08  1.195240213318946e+00 
 7.652218711490675e-08  1.195240213318976e+00 
 7.654218711490674e-08  1.195240213318946e+00 
 7.656218711490674e-08  1.195240213318976e+00 
 7.658218711490674e-08  1.195240213318946e+00 
 7.660218711490673e-08  1.195240213318976e+00 
 7.662218711490673e-08  1.195240213318946e+00 
 7.664218711490673e-08  1.195240213318975e+00 
 7.666218711490672e-08  1.195240213318946e+00 
 7.668218711490672e-08  1.195240213318976e+00 
 7.670218711490671e-08  1.195240213318946e+00 
 7.672218711490671e-08  1.195240213318975e+00 
 7.674218711490671e-08  1.195240213318945e+00 
 7.676218711490670e-08  1.195240213318975e+00 
 7.678218711490670e-08  1.195240213318945e+00 
 7.680218711490669e-08  1.195240213318975e+00 
 7.682218711490669e-08  1.195240213318945e+00 
 7.684218711490669e-08  1.195240213318975e+00 
 7.686218711490668e-08  1.195240213318945e+00 
 7.688218711490668e-08  1.195240213318974e+00 
 7.690218711490668e-08  1.195240213318945e+00 
 7.692218711490667e-08  1.195240213318973e+00 
 7.694218711490667e-08  1.195240213318944e+00 
 7.696218711490666e-08  1.195240213318973e+00 
 7.698218711490666e-08  1.195240213318943e+00 
 7.700218711490666e-08  1.195240213318972e+00 
 7.702218711490665e-08  1.195240213318943e+00 
 7.704218711490665e-08  1.195240213318972e+00 
 7.706218711490665e-08  1.195240213318944e+00 
 7.708218711490664e-08  1.195240213318973e+00 
 7.710218711490664e-08  1.195240213318944e+00 
 7.712218711490663e-08  1.195240213318972e+00 
 7.714218711490663e-08  1.195240213318943e+00 
 7.716218711490663e-08  1.195240213318972e+00 
 7.718218711490662e-08  1.195240213318944e+00 
 7.720218711490662e-08  1.195240213318973e+00 
 7.722218711490662e-08  1.195240213318944e+00 
 7.724218711490661e-08  1.195240213318972e+00 
 7.726218711490661e-08  1.195240213318944e+00 
 7.728218711490660e-08  1.195240213318972e+00 
 7.730218711490660e-08  1.195240213318944e+00 
 7.732218711490660e-08  1.195240213318972e+00 
 7.734218711490659e-08  1.195240213318944e+00 
 7.736218711490659e-08  1.195240213318972e+00 
 7.738218711490658e-08  1.195240213318943e+00 
 7.740218711490658e-08  1.195240213318971e+00 
 7.742218711490658e-08  1.195240213318944e+00 
 7.744218711490657e-08  1.195240213318972e+00 
 7.746218711490657e-08  1.195240213318945e+00 
 7.748218711490657e-08  1.195240213318973e+00 
 7.750218711490656e-08  1.195240213318945e+00 
 7.752218711490656e-08  1.195240213318973e+00 
 7.754218711490655e-08  1.195240213318945e+00 
 7.756218711490655e-08  1.195240213318972e+00 
 7.758218711490655e-08  1.195240213318944e+00 
 7.760218711490654e-08  1.195240213318972e+00 
 7.762218711490654e-08  1.195240213318945e+00 
 7.764218711490654e-08  1.195240213318972e+00 
 7.766218711490653e-08  1.195240213318945e+00 
 7.768218711490653e-08  1.195240213318972e+00 
 7.770218711490652e-08  1.195240213318945e+00 
 7.772218711490652e-08  1.195240213318972e+00 
 7.774218711490652e-08  1.195240213318945e+00 
 7.776218711490651e-08  1.195240213318972e+00 
 7.778218711490651e-08  1.195240213318944e+00 
 7.780218711490651e-08  1.195240213318971e+00 
 7.782218711490650e-08  1.195240213318945e+00 
 7.784218711490650e-08  1.195240213318972e+00 
 7.786218711490649e-08  1.195240213318945e+00 
 7.788218711490649e-08  1.195240213318973e+00 
 7.790218711490649e-08  1.195240213318946e+00 
 7.792218711490648e-08  1.195240213318974e+00 
 7.794218711490648e-08  1.195240213318947e+00 
 7.796218711490647e-08  1.195240213318974e+00 
 7.798218711490647e-08  1.195240213318947e+00 
 7.800218711490647e-08  1.195240213318973e+00 
 7.802218711490646e-08  1.195240213318947e+00 
 7.804218711490646e-08  1.195240213318974e+00 
 7.806218711490646e-08  1.195240213318947e+00 
 7.808218711490645e-08  1.195240213318974e+00 
 7.810218711490645e-08  1.195240213318948e+00 
 7.812218711490644e-08  1.195240213318974e+00 
 7.814218711490644e-08  1.195240213318948e+00 
 7.816218711490644e-08  1.195240213318974e+00 
 7.818218711490643e-08  1.195240213318948e+00 
 7.820218711490643e-08  1.195240213318974e+00 
 7.822218711490643e-08  1.195240213318947e+00 
 7.824218711490642e-08  1.195240213318974e+00 
 7.826218711490642e-08  1.195240213318948e+00 
 7.828218711490641e-08  1.195240213318974e+00 
 7.830218711490641e-08  1.195240213318948e+00 
 7.832218711490641e-08  1.195240213318975e+00 
 7.834218711490640e-08  1.195240213318949e+00 
 7.836218711490640e-08  1.195240213318976e+00 
 7.838218711490640e-08  1.195240213318950e+00 
 7.840218711490639e-08  1.195240213318976e+00 
 7.842218711490639e-08  1.195240213318949e+00 
 7.844218711490638e-08  1.195240213318975e+00 
 7.846218711490638e-08  1.195240213318949e+00 
 7.848218711490638e-08  1.195240213318974e+00 
 7.850218711490637e-08  1.195240213318949e+00 
 7.852218711490637e-08  1.195240213318974e+00 
 7.854218711490636e-08  1.195240213318949e+00 
 7.856218711490636e-08  1.195240213318974e+00 
 7.858218711490636e-08  1.195240213318949e+00 
 7.860218711490635e-08  1.195240213318974e+00 
 7.862218711490635e-08  1.195240213318948e+00 
 7.864218711490635e-08  1.195240213318973e+00 
 7.866218711490634e-08  1.195240213318948e+00 
 7.868218711490634e-08  1.195240213318973e+00 
 7.870218711490633e-08  1.195240213318947e+00 
 7.872218711490633e-08  1.195240213318973e+00 
 7.874218711490633e-08  1.195240213318948e+00 
 7.876218711490632e-08  1.195240213318973e+00 
 7.878218711490632e-08  1.195240213318948e+00 
 7.880218711490632e-08  1.195240213318973e+00 
 7.882218711490631e-08  1.195240213318948e+00 
 7.884218711490631e-08  1.195240213318973e+00 
 7.886218711490630e-08  1.195240213318948e+00 
 7.888218711490630e-08  1.195240213318972e+00 
 7.890218711490630e-08  1.195240213318946e+00 
 7.892218711490629e-08  1.195240213318971e+00 
 7.894218711490629e-08  1.195240213318946e+00 
 7.896218711490629e-08  1.195240213318970e+00 
 7.898218711490628e-08  1.195240213318946e+00 
 7.900218711490628e-08  1.195240213318970e+00 
 7.902218711490627e-08  1.195240213318946e+00 
 7.904218711490627e-08  1.195240213318970e+00 
 7.906218711490627e-08  1.195240213318945e+00 
 7.908218711490626e-08  1.195240213318970e+00 
 7.910218711490626e-08  1.195240213318945e+00 
 7.912218711490625e-08  1.195240213318970e+00 
 7.914218711490625e-08  1.195240213318945e+00 
 7.916218711490625e-08  1.195240213318969e+00 
 7.918218711490624e-08  1.195240213318945e+00 
 7.920218711490624e-08  1.195240213318969e+00 
 7.922218711490624e-08  1.195240213318945e+00 
 7.924218711490623e-08  1.195240213318969e+00 
 7.926218711490623e-08  1.195240213318945e+00 
 7.928218711490622e-08  1.195240213318969e+00 
 7.930218711490622e-08  1.195240213318945e+00 
 7.932218711490622e-08  1.195240213319016e+00 
 7.934218711490621e-08  1.195240213319089e+00 
 7.936218711490621e-08  1.195240213319214e+00 
 7.938218711490621e-08  1.195240213319290e+00 
 7.940218711490620e-08  1.195240213319411e+00 
 7.942218711490620e-08  1.195240213319483e+00 
 7.944218711490619e-08  1.195240213319553e+00 
 7.946218711490619e-08  1.195240213319525e+00 
 7.948218711490619e-08  1.195240213319538e+00 
 7.950218711490618e-08  1.195240213319503e+00 
 7.952218711490618e-08  1.195240213319517e+00 
 7.954218711490618e-08  1.195240213319482e+00 
 7.956218711490617e-08  1.195240213319541e+00 
 7.958218711490617e-08  1.195240213319603e+00 
 7.960218711490616e-08  1.195240213319715e+00 
 7.962218711490616e-08  1.195240213319779e+00 
 7.964218711490616e-08  1.195240213319843e+00 
 7.966218711490615e-08  1.195240213319809e+00 
 7.968218711490615e-08  1.195240213319816e+00 
 7.970218711490615e-08  1.195240213319776e+00 
 7.972218711490614e-08  1.195240213319828e+00 
 7.974218711490614e-08  1.195240213319882e+00 
 7.976218711490613e-08  1.195240213319987e+00 
 7.978218711490613e-08  1.195240213320045e+00 
 7.980218711490613e-08  1.195240213320147e+00 
 7.982218711490612e-08  1.195240213320202e+00 
 7.984218711490612e-08  1.195240213320257e+00 
 7.986218711490611e-08  1.195240213320215e+00 
 7.988218711490611e-08  1.195240213320258e+00 
 7.990218711490611e-08  1.195240213320259e+00 
 7.992218711490610e-08  1.195240213320261e+00 
 7.994218711490610e-08  1.195240213320257e+00 
 7.996218711490610e-08  1.195240213320304e+00 
 7.998218711490609e-08  1.195240213320260e+00 
 8.000218711490609e-08  1.195240213320258e+00 
 8.002218711490608e-08  1.195240213320165e+00 
 8.004218711490608e-08  1.195240213320115e+00 
 8.006218711490608e-08  1.195240213320108e+00 
 8.008218711490607e-08  1.195240213320200e+00 
 8.010218711490607e-08  1.195240213320251e+00 
 8.012218711490607e-08  1.195240213320345e+00 
 8.014218711490606e-08  1.195240213320393e+00 
 8.016218711490606e-08  1.195240213320485e+00 
 8.018218711490605e-08  1.195240213320487e+00 
 8.020218711490605e-08  1.195240213320486e+00 
 8.022218711490605e-08  1.195240213320477e+00 
 8.024218711490604e-08  1.195240213320560e+00 
 8.026218711490604e-08  1.195240213320560e+00 
 8.028218711490604e-08  1.195240213320557e+00 
 8.030218711490603e-08  1.195240213320547e+00 
 8.032218711490603e-08  1.195240213320628e+00 
 8.034218711490602e-08  1.195240213320626e+00 
 8.036218711490602e-08  1.195240213320621e+00 
 8.038218711490602e-08  1.195240213320566e+00 
 8.040218711490601e-08  1.195240213320556e+00 
 8.042218711490601e-08  1.195240213320545e+00 
 8.044218711490600e-08  1.195240213320625e+00 
 8.046218711490600e-08  1.195240213320623e+00 
 8.048218711490600e-08  1.195240213320618e+00 
 8.050218711490599e-08  1.195240213320606e+00 
 8.052218711490599e-08  1.195240213320685e+00 
 8.054218711490599e-08  1.195240213320681e+00 
 8.056218711490598e-08  1.195240213320675e+00 
 8.058218711490598e-08  1.195240213320621e+00 
 8.060218711490597e-08  1.195240213320610e+00 
 8.062218711490597e-08  1.195240213320557e+00 
 8.064218711490597e-08  1.195240213320547e+00 
 8.066218711490596e-08  1.195240213320494e+00 
 8.068218711490596e-08  1.195240213320485e+00 
 8.070218711490596e-08  1.195240213320475e+00 
 8.072218711490595e-08  1.195240213320554e+00 
 8.074218711490595e-08  1.195240213320553e+00 
 8.076218711490594e-08  1.195240213320549e+00 
 8.078218711490594e-08  1.195240213320497e+00 
 8.080218711490594e-08  1.195240213320488e+00 
 8.082218711490593e-08  1.195240213320437e+00 
 8.084218711490593e-08  1.195240213320429e+00 
 8.086218711490593e-08  1.195240213320420e+00 
 8.088218711490592e-08  1.195240213320499e+00 
 8.090218711490592e-08  1.195240213320499e+00 
 8.092218711490591e-08  1.195240213320496e+00 
 8.094218711490591e-08  1.195240213320445e+00 
 8.096218711490591e-08  1.195240213320437e+00 
 8.098218711490590e-08  1.195240213320428e+00 
 8.100218711490590e-08  1.195240213320505e+00 
 8.102218711490589e-08  1.195240213320504e+00 
 8.104218711490589e-08  1.195240213320500e+00 
 8.106218711490589e-08  1.195240213320450e+00 
 8.108218711490588e-08  1.195240213320441e+00 
 8.110218711490588e-08  1.195240213320391e+00 
 8.112218711490588e-08  1.195240213320384e+00 
 8.114218711490587e-08  1.195240213320336e+00 
 8.116218711490587e-08  1.195240213320329e+00 
 8.118218711490586e-08  1.195240213320282e+00 
 8.120218711490586e-08  1.195240213320276e+00 
 8.122218711490586e-08  1.195240213320270e+00 
 8.124218711490585e-08  1.195240213320348e+00 
 8.126218711490585e-08  1.195240213320349e+00 
 8.128218711490585e-08  1.195240213320347e+00 
 8.130218711490584e-08  1.195240213320300e+00 
 8.132218711490584e-08  1.195240213320294e+00 
 8.134218711490583e-08  1.195240213320247e+00 
 8.136218711490583e-08  1.195240213320242e+00 
 8.138218711490583e-08  1.195240213320197e+00 
 8.140218711490582e-08  1.195240213320193e+00 
 8.142218711490582e-08  1.195240213320148e+00 
 8.144218711490582e-08  1.195240213320145e+00 
 8.146218711490581e-08  1.195240213320102e+00 
 8.148218711490581e-08  1.195240213320100e+00 
 8.150218711490580e-08  1.195240213320057e+00 
 8.152218711490580e-08  1.195240213320056e+00 
 8.154218711490580e-08  1.195240213320015e+00 
 8.156218711490579e-08  1.195240213320014e+00 
 8.158218711490579e-08  1.195240213319974e+00 
 8.160218711490578e-08  1.195240213319973e+00 
 8.162218711490578e-08  1.195240213319934e+00 
 8.164218711490578e-08  1.195240213319934e+00 
 8.166218711490577e-08  1.195240213319895e+00 
 8.168218711490577e-08  1.195240213319896e+00 
 8.170218711490577e-08  1.195240213319858e+00 
 8.172218711490576e-08  1.195240213319860e+00 
 8.174218711490576e-08  1.195240213319823e+00 
 8.176218711490575e-08  1.195240213319825e+00 
 8.178218711490575e-08  1.195240213319788e+00 
 8.180218711490575e-08  1.195240213319791e+00 
 8.182218711490574e-08  1.195240213319755e+00 
 8.184218711490574e-08  1.195240213319759e+00 
 8.186218711490574e-08  1.195240213319724e+00 
 8.188218711490573e-08  1.195240213319728e+00 
 8.190218711490573e-08  1.195240213319694e+00 
 8.192218711490572e-08  1.195240213319699e+00 
 8.194218711490572e-08  1.195240213319666e+00 
 8.196218711490572e-08  1.195240213319671e+00 
 8.198218711490571e-08  1.195240213319638e+00 
 8.200218711490571e-08  1.195240213319644e+00 
 8.202218711490571e-08  1.195240213319611e+00 
 8.204218711490570e-08  1.195240213319618e+00 
 8.206218711490570e-08  1.195240213319587e+00 
 8.208218711490569e-08  1.195240213319594e+00 
 8.210218711490569e-08  1.195240213319563e+00 
 8.212218711490569e-08  1.195240213319570e+00 
 8.214218711490568e-08  1.195240213319539e+00 
 8.216218711490568e-08  1.195240213319547e+00 
 8.218218711490567e-08  1.195240213319516e+00 
 8.220218711490567e-08  1.195240213319524e+00 
 8.222218711490567e-08  1.195240213319493e+00 
 8.224218711490566e-08  1.195240213319501e+00 
 8.226218711490566e-08  1.195240213319472e+00 
 8.228218711490566e-08  1.195240213319481e+00 
 8.230218711490565e-08  1.195240213319452e+00 
 8.232218711490565e-08  1.195240213319461e+00 
 8.234218711490564e-08  1.195240213319432e+00 
 8.236218711490564e-08  1.195240213319442e+00 
 8.238218711490564e-08  1.195240213319414e+00 
 8.240218711490563e-08  1.195240213319423e+00 
 8.242218711490563e-08  1.195240213319395e+00 
 8.244218711490563e-08  1.195240213319405e+00 
 8.246218711490562e-08  1.195240213319377e+00 
 8.248218711490562e-08  1.195240213319388e+00 
 8.250218711490561e-08  1.195240213319361e+00 
 8.252218711490561e-08  1.195240213319371e+00 
 8.254218711490561e-08  1.195240213319345e+00 
 8.256218711490560e-08  1.195240213319356e+00 
 8.258218711490560e-08  1.195240213319331e+00 
 8.260218711490560e-08  1.195240213319341e+00 
 8.262218711490559e-08  1.195240213319315e+00 
 8.264218711490559e-08  1.195240213319327e+00 
 8.266218711490558e-08  1.195240213319301e+00 
 8.268218711490558e-08  1.195240213319313e+00 
 8.270218711490558e-08  1.195240213319289e+00 
 8.272218711490557e-08  1.195240213319301e+00 
 8.274218711490557e-08  1.195240213319276e+00 
 8.276218711490556e-08  1.195240213319288e+00 
 8.278218711490556e-08  1.195240213319264e+00 
 8.280218711490556e-08  1.195240213319276e+00 
 8.282218711490555e-08  1.195240213319252e+00 
 8.284218711490555e-08  1.195240213319264e+00 
 8.286218711490555e-08  1.195240213319240e+00 
 8.288218711490554e-08  1.195240213319253e+00 
 8.290218711490554e-08  1.195240213319229e+00 
 8.292218711490553e-08  1.195240213319241e+00 
 8.294218711490553e-08  1.195240213319218e+00 
 8.296218711490553e-08  1.195240213319231e+00 
 8.298218711490552e-08  1.195240213319207e+00 
 8.300218711490552e-08  1.195240213319221e+00 
 8.302218711490552e-08  1.195240213319198e+00 
 8.304218711490551e-08  1.195240213319211e+00 
 8.306218711490551e-08  1.195240213319188e+00 
 8.308218711490550e-08  1.195240213319201e+00 
 8.310218711490550e-08  1.195240213319179e+00 
 8.312218711490550e-08  1.195240213319192e+00 
 8.314218711490549e-08  1.195240213319170e+00 
 8.316218711490549e-08  1.195240213319183e+00 
 8.318218711490549e-08  1.195240213319161e+00 
 8.320218711490548e-08  1.195240213319175e+00 
 8.322218711490548e-08  1.195240213319153e+00 
 8.324218711490547e-08  1.195240213319167e+00 
 8.326218711490547e-08  1.195240213319146e+00 
 8.328218711490547e-08  1.195240213319160e+00 
 8.330218711490546e-08  1.195240213319139e+00 
 8.332218711490546e-08  1.195240213319152e+00 
 8.334218711490546e-08  1.195240213319132e+00 
 8.336218711490545e-08  1.195240213319146e+00 
 8.338218711490545e-08  1.195240213319125e+00 
 8.340218711490544e-08  1.195240213319139e+00 
 8.342218711490544e-08  1.195240213319118e+00 
 8.344218711490544e-08  1.195240213319132e+00 
 8.346218711490543e-08  1.195240213319112e+00 
 8.348218711490543e-08  1.195240213319127e+00 
 8.350218711490542e-08  1.195240213319106e+00 
 8.352218711490542e-08  1.195240213319120e+00 
 8.354218711490542e-08  1.195240213319099e+00 
 8.356218711490541e-08  1.195240213319113e+00 
 8.358218711490541e-08  1.195240213319093e+00 
 8.360218711490541e-08  1.195240213319108e+00 
 8.362218711490540e-08  1.195240213319088e+00 
 8.364218711490540e-08  1.195240213319102e+00 
 8.366218711490539e-08  1.195240213319083e+00 
 8.368218711490539e-08  1.195240213319097e+00 
 8.370218711490539e-08  1.195240213319078e+00 
 8.372218711490538e-08  1.195240213319092e+00 
 8.374218711490538e-08  1.195240213319073e+00 
 8.376218711490538e-08  1.195240213319087e+00 
 8.378218711490537e-08  1.195240213319068e+00 
 8.380218711490537e-08  1.195240213319082e+00 
 8.382218711490536e-08  1.195240213319064e+00 
 8.384218711490536e-08  1.195240213319078e+00 
 8.386218711490536e-08  1.195240213319059e+00 
 8.388218711490535e-08  1.195240213319074e+00 
 8.390218711490535e-08  1.195240213319055e+00 
 8.392218711490535e-08  1.195240213319069e+00 
 8.394218711490534e-08  1.195240213319051e+00 
 8.396218711490534e-08  1.195240213319065e+00 
 8.398218711490533e-08  1.195240213319047e+00 
 8.400218711490533e-08  1.195240213319061e+00 
 8.402218711490533e-08  1.195240213319043e+00 
 8.404218711490532e-08  1.195240213319057e+00 
 8.406218711490532e-08  1.195240213319039e+00 
 8.408218711490531e-08  1.195240213319054e+00 
 8.410218711490531e-08  1.195240213319036e+00 
 8.412218711490531e-08  1.195240213319051e+00 
 8.414218711490530e-08  1.195240213319033e+00 
 8.416218711490530e-08  1.195240213319048e+00 
 8.418218711490530e-08  1.195240213319030e+00 
 8.420218711490529e-08  1.195240213319044e+00 
 8.422218711490529e-08  1.195240213319027e+00 
 8.424218711490528e-08  1.195240213319041e+00 
 8.426218711490528e-08  1.195240213319023e+00 
 8.428218711490528e-08  1.195240213319038e+00 
 8.430218711490527e-08  1.195240213319020e+00 
 8.432218711490527e-08  1.195240213319035e+00 
 8.434218711490527e-08  1.195240213319017e+00 
 8.436218711490526e-08  1.195240213319032e+00 
 8.438218711490526e-08  1.195240213319015e+00 
 8.440218711490525e-08  1.195240213319030e+00 
 8.442218711490525e-08  1.195240213319013e+00 
 8.444218711490525e-08  1.195240213319028e+00 
 8.446218711490524e-08  1.195240213319011e+00 
 8.448218711490524e-08  1.195240213319025e+00 
 8.450218711490524e-08  1.195240213319007e+00 
 8.452218711490523e-08  1.195240213319022e+00 
 8.454218711490523e-08  1.195240213319006e+00 
 8.456218711490522e-08  1.195240213319021e+00 
 8.458218711490522e-08  1.195240213319004e+00 
 8.460218711490522e-08  1.195240213319018e+00 
 8.462218711490521e-08  1.195240213319001e+00 
 8.464218711490521e-08  1.195240213319017e+00 
 8.466218711490520e-08  1.195240213319000e+00 
 8.468218711490520e-08  1.195240213319015e+00 
 8.470218711490520e-08  1.195240213318999e+00 
 8.472218711490519e-08  1.195240213319013e+00 
 8.474218711490519e-08  1.195240213318997e+00 
 8.476218711490519e-08  1.195240213319012e+00 
 8.478218711490518e-08  1.195240213318995e+00 
 8.480218711490518e-08  1.195240213319010e+00 
 8.482218711490517e-08  1.195240213318994e+00 
 8.484218711490517e-08  1.195240213319008e+00 
 8.486218711490517e-08  1.195240213318992e+00 
 8.488218711490516e-08  1.195240213319006e+00 
 8.490218711490516e-08  1.195240213318991e+00 
 8.492218711490516e-08  1.195240213319005e+00 
 8.494218711490515e-08  1.195240213318989e+00 
 8.496218711490515e-08  1.195240213319004e+00 
 8.498218711490514e-08  1.195240213318988e+00 
 8.500218711490514e-08  1.195240213319002e+00 
 8.502218711490514e-08  1.195240213318987e+00 
 8.504218711490513e-08  1.195240213319001e+00 
 8.506218711490513e-08  1.195240213318985e+00 
 8.508218711490513e-08  1.195240213319000e+00 
 8.510218711490512e-08  1.195240213318984e+00 
 8.512218711490512e-08  1.195240213318999e+00 
 8.514218711490511e-08  1.195240213318983e+00 
 8.516218711490511e-08  1.195240213318997e+00 
 8.518218711490511e-08  1.195240213318981e+00 
 8.520218711490510e-08  1.195240213318995e+00 
 8.522218711490510e-08  1.195240213318979e+00 
 8.524218711490509e-08  1.195240213318994e+00 
 8.526218711490509e-08  1.195240213318978e+00 
 8.528218711490509e-08  1.195240213318992e+00 
 8.530218711490508e-08  1.195240213318977e+00 
 8.532218711490508e-08  1.195240213318991e+00 
 8.534218711490508e-08  1.195240213318976e+00 
 8.536218711490507e-08  1.195240213318991e+00 
 8.538218711490507e-08  1.195240213318975e+00 
 8.540218711490506e-08  1.195240213318989e+00 
 8.542218711490506e-08  1.195240213318974e+00 
 8.544218711490506e-08  1.195240213318989e+00 
 8.546218711490505e-08  1.195240213318974e+00 
 8.548218711490505e-08  1.195240213318988e+00 
 8.550218711490505e-08  1.195240213318973e+00 
 8.552218711490504e-08  1.195240213318988e+00 
 8.554218711490504e-08  1.195240213318973e+00 
 8.556218711490503e-08  1.195240213318987e+00 
 8.558218711490503e-08  1.195240213318972e+00 
 8.560218711490503e-08  1.195240213318986e+00 
 8.562218711490502e-08  1.195240213318971e+00 
 8.564218711490502e-08  1.195240213318985e+00 
 8.566218711490502e-08  1.195240213318970e+00 
 8.568218711490501e-08  1.195240213318984e+00 
 8.570218711490501e-08  1.195240213318970e+00 
 8.572218711490500e-08  1.195240213318984e+00 
 8.574218711490500e-08  1.195240213318969e+00 
 8.576218711490500e-08  1.195240213318983e+00 
 8.578218711490499e-08  1.195240213318969e+00 
 8.580218711490499e-08  1.195240213318983e+00 
 8.582218711490498e-08  1.195240213318968e+00 
 8.584218711490498e-08  1.195240213318982e+00 
 8.586218711490498e-08  1.195240213318968e+00 
 8.588218711490497e-08  1.195240213318983e+00 
 8.590218711490497e-08  1.195240213318968e+00 
 8.592218711490497e-08  1.195240213318982e+00 
 8.594218711490496e-08  1.195240213318968e+00 
 8.596218711490496e-08  1.195240213318982e+00 
 8.598218711490495e-08  1.195240213318967e+00 
 8.600218711490495e-08  1.195240213318981e+00 
 8.602218711490495e-08  1.195240213318967e+00 
 8.604218711490494e-08  1.195240213318981e+00 
 8.606218711490494e-08  1.195240213318967e+00 
 8.608218711490494e-08  1.195240213318980e+00 
 8.610218711490493e-08  1.195240213318966e+00 
 8.612218711490493e-08  1.195240213318980e+00 
 8.614218711490492e-08  1.195240213318966e+00 
 8.616218711490492e-08  1.195240213318979e+00 
 8.618218711490492e-08  1.195240213318965e+00 
 8.620218711490491e-08  1.195240213318978e+00 
 8.622218711490491e-08  1.195240213318963e+00 
 8.624218711490491e-08  1.195240213318977e+00 
 8.626218711490490e-08  1.195240213318963e+00 
 8.628218711490490e-08  1.195240213318977e+00 
 8.630218711490489e-08  1.195240213318963e+00 
 8.632218711490489e-08  1.195240213318977e+00 
 8.634218711490489e-08  1.195240213318963e+00 
 8.636218711490488e-08  1.195240213318976e+00 
 8.638218711490488e-08  1.195240213318961e+00 
 8.640218711490487e-08  1.195240213318975e+00 
 8.642218711490487e-08  1.195240213318961e+00 
 8.644218711490487e-08  1.195240213318974e+00 
 8.646218711490486e-08  1.195240213318961e+00 
 8.648218711490486e-08  1.195240213318974e+00 
 8.650218711490486e-08  1.195240213318960e+00 
 8.652218711490485e-08  1.195240213318974e+00 
 8.654218711490485e-08  1.195240213318960e+00 
 8.656218711490484e-08  1.195240213318974e+00 
 8.658218711490484e-08  1.195240213318961e+00 
 8.660218711490484e-08  1.195240213318974e+00 
 8.662218711490483e-08  1.195240213318960e+00 
 8.664218711490483e-08  1.195240213318973e+00 
 8.666218711490483e-08  1.195240213318959e+00 
 8.668218711490482e-08  1.195240213318972e+00 
 8.670218711490482e-08  1.195240213318959e+00 
 8.672218711490481e-08  1.195240213318972e+00 
 8.674218711490481e-08  1.195240213318959e+00 
 8.676218711490481e-08  1.195240213318972e+00 
 8.678218711490480e-08  1.195240213318959e+00 
 8.680218711490480e-08  1.195240213318972e+00 
 8.682218711490480e-08  1.195240213318958e+00 
 8.684218711490479e-08  1.195240213318972e+00 
 8.686218711490479e-08  1.195240213318959e+00 
 8.688218711490478e-08  1.195240213318972e+00 
 8.690218711490478e-08  1.195240213318959e+00 
 8.692218711490478e-08  1.195240213318971e+00 
 8.694218711490477e-08  1.195240213318959e+00 
 8.696218711490477e-08  1.195240213318972e+00 
 8.698218711490476e-08  1.195240213318959e+00 
 8.700218711490476e-08  1.195240213318973e+00 
 8.702218711490476e-08  1.195240213318960e+00 
 8.704218711490475e-08  1.195240213318974e+00 
 8.706218711490475e-08  1.195240213318961e+00 
 8.708218711490475e-08  1.195240213318974e+00 
 8.710218711490474e-08  1.195240213318961e+00 
 8.712218711490474e-08  1.195240213318974e+00 
 8.714218711490473e-08  1.195240213318961e+00 
 8.716218711490473e-08  1.195240213318973e+00 
 8.718218711490473e-08  1.195240213318960e+00 
 8.720218711490472e-08  1.195240213318973e+00 
 8.722218711490472e-08  1.195240213318960e+00 
 8.724218711490472e-08  1.195240213318972e+00 
 8.726218711490471e-08  1.195240213318959e+00 
 8.728218711490471e-08  1.195240213318971e+00 
 8.730218711490470e-08  1.195240213318959e+00 
 8.732218711490470e-08  1.195240213318971e+00 
 8.734218711490470e-08  1.195240213318958e+00 
 8.736218711490469e-08  1.195240213318971e+00 
 8.738218711490469e-08  1.195240213318958e+00 
 8.740218711490469e-08  1.195240213318970e+00 
 8.742218711490468e-08  1.195240213318956e+00 
 8.744218711490468e-08  1.195240213318969e+00 
 8.746218711490467e-08  1.195240213318956e+00 
 8.748218711490467e-08  1.195240213318969e+00 
 8.750218711490467e-08  1.195240213318957e+00 
 8.752218711490466e-08  1.195240213318969e+00 
 8.754218711490466e-08  1.195240213318957e+00 
 8.756218711490466e-08  1.195240213318969e+00 
 8.758218711490465e-08  1.195240213318957e+00 
 8.760218711490465e-08  1.195240213318969e+00 
 8.762218711490464e-08  1.195240213318957e+00 
 8.764218711490464e-08  1.195240213318970e+00 
 8.766218711490464e-08  1.195240213318957e+00 
 8.768218711490463e-08  1.195240213318970e+00 
 8.770218711490463e-08  1.195240213318957e+00 
 8.772218711490462e-08  1.195240213318969e+00 
 8.774218711490462e-08  1.195240213318957e+00 
 8.776218711490462e-08  1.195240213318969e+00 
 8.778218711490461e-08  1.195240213318957e+00 
 8.780218711490461e-08  1.195240213318969e+00 
 8.782218711490461e-08  1.195240213318957e+00 
 8.784218711490460e-08  1.195240213318969e+00 
 8.786218711490460e-08  1.195240213318957e+00 
 8.788218711490459e-08  1.195240213318969e+00 
 8.790218711490459e-08  1.195240213318957e+00 
 8.792218711490459e-08  1.195240213318969e+00 
 8.794218711490458e-08  1.195240213318957e+00 
 8.796218711490458e-08  1.195240213318970e+00 
 8.798218711490458e-08  1.195240213318958e+00 
 8.800218711490457e-08  1.195240213318970e+00 
 8.802218711490457e-08  1.195240213318958e+00 
 8.804218711490456e-08  1.195240213318970e+00 
 8.806218711490456e-08  1.195240213318958e+00 
 8.808218711490456e-08  1.195240213318970e+00 
 8.810218711490455e-08  1.195240213318958e+00 
 8.812218711490455e-08  1.195240213318970e+00 
 8.814218711490455e-08  1.195240213318959e+00 
 8.816218711490454e-08  1.195240213318970e+00 
 8.818218711490454e-08  1.195240213318958e+00 
 8.820218711490453e-08  1.195240213318969e+00 
 8.822218711490453e-08  1.195240213318957e+00 
 8.824218711490453e-08  1.195240213318969e+00 
 8.826218711490452e-08  1.195240213318957e+00 
 8.828218711490452e-08  1.195240213318969e+00 
 8.830218711490451e-08  1.195240213318958e+00 
 8.832218711490451e-08  1.195240213318970e+00 
 8.834218711490451e-08  1.195240213318958e+00 
 8.836218711490450e-08  1.195240213318969e+00 
 8.838218711490450e-08  1.195240213318958e+00 
 8.840218711490450e-08  1.195240213318969e+00 
 8.842218711490449e-08  1.195240213318957e+00 
 8.844218711490449e-08  1.195240213318969e+00 
 8.846218711490448e-08  1.195240213318957e+00 
 8.848218711490448e-08  1.195240213318969e+00 
 8.850218711490448e-08  1.195240213318957e+00 
 8.852218711490447e-08  1.195240213318969e+00 
 8.854218711490447e-08  1.195240213318957e+00 
 8.856218711490447e-08  1.195240213318969e+00 
 8.858218711490446e-08  1.195240213318957e+00 
 8.860218711490446e-08  1.195240213318969e+00 
 8.862218711490445e-08  1.195240213318957e+00 
 8.864218711490445e-08  1.195240213318969e+00 
 8.866218711490445e-08  1.195240213318957e+00 
 8.868218711490444e-08  1.195240213318969e+00 
 8.870218711490444e-08  1.195240213318957e+00 
 8.872218711490444e-08  1.195240213318968e+00 
 8.874218711490443e-08  1.195240213318957e+00 
 8.876218711490443e-08  1.195240213318969e+00 
 8.878218711490442e-08  1.195240213318957e+00 
 8.880218711490442e-08  1.195240213318969e+00 
 8.882218711490442e-08  1.195240213318958e+00 
 8.884218711490441e-08  1.195240213318969e+00 
 8.886218711490441e-08  1.195240213318957e+00 
 8.888218711490440e-08  1.195240213318968e+00 
 8.890218711490440e-08  1.195240213318957e+00 
 8.892218711490440e-08  1.195240213318969e+00 
 8.894218711490439e-08  1.195240213318957e+00 
 8.896218711490439e-08  1.195240213318969e+00 
 8.898218711490439e-08  1.195240213318958e+00 
 8.900218711490438e-08  1.195240213318969e+00 
 8.902218711490438e-08  1.195240213318958e+00 
 8.904218711490437e-08  1.195240213318969e+00 
 8.906218711490437e-08  1.195240213318958e+00 
 8.908218711490437e-08  1.195240213318968e+00 
 8.910218711490436e-08  1.195240213318957e+00 
 8.912218711490436e-08  1.195240213318968e+00 
 8.914218711490436e-08  1.195240213318957e+00 
 8.916218711490435e-08  1.195240213318968e+00 
 8.918218711490435e-08  1.195240213318958e+00 
 8.920218711490434e-08  1.195240213318969e+00 
 8.922218711490434e-08  1.195240213318958e+00 
 8.924218711490434e-08  1.195240213318969e+00 
 8.926218711490433e-08  1.195240213318958e+00 
 8.928218711490433e-08  1.195240213318969e+00 
 8.930218711490433e-08  1.195240213318959e+00 
 8.932218711490432e-08  1.195240213318969e+00 
 8.934218711490432e-08  1.195240213318959e+00 
 8.936218711490431e-08  1.195240213318969e+00 
 8.938218711490431e-08  1.195240213318959e+00 
 8.940218711490431e-08  1.195240213318970e+00 
 8.942218711490430e-08  1.195240213318959e+00 
 8.944218711490430e-08  1.195240213318970e+00 
 8.946218711490429e-08  1.195240213318959e+00 
 8.948218711490429e-08  1.195240213318969e+00 
 8.950218711490429e-08  1.195240213318959e+00 
 8.952218711490428e-08  1.195240213318970e+00 
 8.954218711490428e-08  1.195240213318959e+00 
 8.956218711490428e-08  1.195240213318970e+00 
 8.958218711490427e-08  1.195240213318959e+00 
 8.960218711490427e-08  1.195240213318969e+00 
 8.962218711490426e-08  1.195240213318959e+00 
 8.964218711490426e-08  1.195240213318969e+00 
 8.966218711490426e-08  1.195240213318958e+00 
 8.968218711490425e-08  1.195240213318968e+00 
 8.970218711490425e-08  1.195240213318958e+00 
 8.972218711490425e-08  1.195240213318969e+00 
 8.974218711490424e-08  1.195240213318958e+00 
 8.976218711490424e-08  1.195240213318969e+00 
 8.978218711490423e-08  1.195240213318958e+00 
 8.980218711490423e-08  1.195240213318968e+00 
 8.982218711490423e-08  1.195240213318957e+00 
 8.984218711490422e-08  1.195240213318968e+00 
 8.986218711490422e-08  1.195240213318957e+00 
 8.988218711490422e-08  1.195240213318968e+00 
 8.990218711490421e-08  1.195240213318958e+00 
 8.992218711490421e-08  1.195240213318968e+00 
 8.994218711490420e-08  1.195240213318958e+00 
 8.996218711490420e-08  1.195240213318968e+00 
 8.998218711490420e-08  1.195240213318958e+00 
 9.000218711490419e-08  1.195240213318968e+00 
 9.002218711490419e-08  1.195240213318958e+00 
 9.004218711490418e-08  1.195240213318968e+00 
 9.006218711490418e-08  1.195240213318958e+00 
 9.008218711490418e-08  1.195240213318969e+00 
 9.010218711490417e-08  1.195240213318958e+00 
 9.012218711490417e-08  1.195240213318969e+00 
 9.014218711490417e-08  1.195240213318959e+00 
 9.016218711490416e-08  1.195240213318969e+00 
 9.018218711490416e-08  1.195240213318959e+00 
 9.020218711490415e-08  1.195240213318969e+00 
 9.022218711490415e-08  1.195240213318959e+00 
 9.024218711490415e-08  1.195240213318969e+00 
 9.026218711490414e-08  1.195240213318960e+00 
 9.028218711490414e-08  1.195240213318970e+00 
 9.030218711490414e-08  1.195240213318960e+00 
 9.032218711490413e-08  1.195240213318971e+00 
 9.034218711490413e-08  1.195240213318961e+00 
 9.036218711490412e-08  1.195240213318971e+00 
 9.038218711490412e-08  1.195240213318961e+00 
 9.040218711490412e-08  1.195240213318971e+00 
 9.042218711490411e-08  1.195240213318961e+00 
 9.044218711490411e-08  1.195240213318971e+00 
 9.046218711490411e-08  1.195240213318961e+00 
 9.048218711490410e-08  1.195240213318970e+00 
 9.050218711490410e-08  1.195240213318961e+00 
 9.052218711490409e-08  1.195240213318971e+00 
 9.054218711490409e-08  1.195240213318961e+00 
 9.056218711490409e-08  1.195240213318971e+00 
 9.058218711490408e-08  1.195240213318961e+00 
 9.060218711490408e-08  1.195240213318970e+00 
 9.062218711490407e-08  1.195240213318960e+00 
 9.064218711490407e-08  1.195240213318970e+00 
 9.066218711490407e-08  1.195240213318960e+00 
 9.068218711490406e-08  1.195240213318970e+00 
 9.070218711490406e-08  1.195240213318960e+00 
 9.072218711490406e-08  1.195240213318969e+00 
 9.074218711490405e-08  1.195240213318960e+00 
 9.076218711490405e-08  1.195240213318969e+00 
 9.078218711490404e-08  1.195240213318960e+00 
 9.080218711490404e-08  1.195240213318969e+00 
 9.082218711490404e-08  1.195240213318959e+00 
 9.084218711490403e-08  1.195240213318969e+00 
 9.086218711490403e-08  1.195240213318960e+00 
 9.088218711490403e-08  1.195240213318969e+00 
 9.090218711490402e-08  1.195240213318959e+00 
 9.092218711490402e-08  1.195240213318969e+00 
 9.094218711490401e-08  1.195240213318960e+00 
 9.096218711490401e-08  1.195240213318969e+00 
 9.098218711490401e-08  1.195240213318960e+00 
 9.100218711490400e-08  1.195240213318969e+00 
 9.102218711490400e-08  1.195240213318959e+00 
 9.104218711490400e-08  1.195240213318969e+00 
 9.106218711490399e-08  1.195240213318960e+00 
 9.108218711490399e-08  1.195240213318969e+00 
 9.110218711490398e-08  1.195240213318960e+00 
 9.112218711490398e-08  1.195240213318969e+00 
 9.114218711490398e-08  1.195240213318960e+00 
 9.116218711490397e-08  1.195240213318969e+00 
 9.118218711490397e-08  1.195240213318960e+00 
 9.120218711490397e-08  1.195240213318969e+00 
 9.122218711490396e-08  1.195240213318960e+00 
 9.124218711490396e-08  1.195240213318969e+00 
 9.126218711490395e-08  1.195240213318959e+00 
 9.128218711490395e-08  1.195240213318968e+00 
 9.130218711490395e-08  1.195240213318959e+00 
 9.132218711490394e-08  1.195240213318968e+00 
 9.134218711490394e-08  1.195240213318959e+00 
 9.136218711490393e-08  1.195240213318968e+00 
 9.138218711490393e-08  1.195240213318959e+00 
 9.140218711490393e-08  1.195240213318968e+00 
 9.142218711490392e-08  1.195240213318958e+00 
 9.144218711490392e-08  1.195240213318967e+00 
 9.146218711490392e-08  1.195240213318958e+00 
 9.148218711490391e-08  1.195240213318967e+00 
 9.150218711490391e-08  1.195240213318958e+00 
 9.152218711490390e-08  1.195240213318967e+00 
 9.154218711490390e-08  1.195240213318958e+00 
 9.156218711490390e-08  1.195240213318967e+00 
 9.158218711490389e-08  1.195240213318959e+00 
 9.160218711490389e-08  1.195240213318968e+00 
 9.162218711490389e-08  1.195240213318959e+00 
 9.164218711490388e-08  1.195240213318967e+00 
 9.166218711490388e-08  1.195240213318957e+00 
 9.168218711490387e-08  1.195240213318966e+00 
 9.170218711490387e-08  1.195240213318958e+00 
 9.172218711490387e-08  1.195240213318967e+00 
 9.174218711490386e-08  1.195240213318958e+00 
 9.176218711490386e-08  1.195240213318967e+00 
 9.178218711490386e-08  1.195240213318958e+00 
 9.180218711490385e-08  1.195240213318967e+00 
 9.182218711490385e-08  1.195240213318958e+00 
 9.184218711490384e-08  1.195240213318967e+00 
 9.186218711490384e-08  1.195240213318958e+00 
 9.188218711490384e-08  1.195240213318967e+00 
 9.190218711490383e-08  1.195240213318958e+00 
 9.192218711490383e-08  1.195240213318967e+00 
 9.194218711490382e-08  1.195240213318959e+00 
 9.196218711490382e-08  1.195240213318968e+00 
 9.198218711490382e-08  1.195240213318959e+00 
 9.200218711490381e-08  1.195240213318968e+00 
 9.202218711490381e-08  1.195240213318959e+00 
 9.204218711490381e-08  1.195240213318968e+00 
 9.206218711490380e-08  1.195240213318959e+00 
 9.208218711490380e-08  1.195240213318968e+00 
 9.210218711490379e-08  1.195240213318959e+00 
 9.212218711490379e-08  1.195240213318968e+00 
 9.214218711490379e-08  1.195240213318959e+00 
 9.216218711490378e-08  1.195240213318968e+00 
 9.218218711490378e-08  1.195240213318959e+00 
 9.220218711490378e-08  1.195240213318968e+00 
 9.222218711490377e-08  1.195240213318959e+00 
 9.224218711490377e-08  1.195240213318968e+00 
 9.226218711490376e-08  1.195240213318959e+00 
 9.228218711490376e-08  1.195240213318968e+00 
 9.230218711490376e-08  1.195240213318960e+00 
 9.232218711490375e-08  1.195240213318968e+00 
 9.234218711490375e-08  1.195240213318960e+00 
 9.236218711490375e-08  1.195240213318968e+00 
 9.238218711490374e-08  1.195240213318960e+00 
 9.240218711490374e-08  1.195240213318968e+00 
 9.242218711490373e-08  1.195240213318960e+00 
 9.244218711490373e-08  1.195240213318969e+00 
 9.246218711490373e-08  1.195240213318961e+00 
 9.248218711490372e-08  1.195240213318969e+00 
 9.250218711490372e-08  1.195240213318960e+00 
 9.252218711490371e-08  1.195240213318969e+00 
 9.254218711490371e-08  1.195240213318960e+00 
 9.256218711490371e-08  1.195240213318968e+00 
 9.258218711490370e-08  1.195240213318959e+00 
 9.260218711490370e-08  1.195240213318968e+00 
 9.262218711490370e-08  1.195240213318960e+00 
 9.264218711490369e-08  1.195240213318968e+00 
 9.266218711490369e-08  1.195240213318959e+00 
 9.268218711490368e-08  1.195240213318967e+00 
 9.270218711490368e-08  1.195240213318959e+00 
 9.272218711490368e-08  1.195240213318967e+00 
 9.274218711490367e-08  1.195240213318959e+00 
 9.276218711490367e-08  1.195240213318967e+00 
 9.278218711490367e-08  1.195240213318959e+00 
 9.280218711490366e-08  1.195240213318967e+00 
 9.282218711490366e-08  1.195240213318958e+00 
 9.284218711490365e-08  1.195240213318966e+00 
 9.286218711490365e-08  1.195240213318958e+00 
 9.288218711490365e-08  1.195240213318966e+00 
 9.290218711490364e-08  1.195240213318958e+00 
 9.292218711490364e-08  1.195240213318966e+00 
 9.294218711490364e-08  1.195240213318959e+00 
 9.296218711490363e-08  1.195240213318967e+00 
 9.298218711490363e-08  1.195240213318959e+00 
 9.300218711490362e-08  1.195240213318967e+00 
 9.302218711490362e-08  1.195240213318959e+00 
 9.304218711490362e-08  1.195240213318967e+00 
 9.306218711490361e-08  1.195240213318958e+00 
 9.308218711490361e-08  1.195240213318967e+00 
 9.310218711490360e-08  1.195240213318959e+00 
 9.312218711490360e-08  1.195240213318967e+00 
 9.314218711490360e-08  1.195240213318959e+00 
 9.316218711490359e-08  1.195240213318968e+00 
 9.318218711490359e-08  1.195240213318960e+00 
 9.320218711490359e-08  1.195240213318968e+00 
 9.322218711490358e-08  1.195240213318961e+00 
 9.324218711490358e-08  1.195240213318968e+00 
 9.326218711490357e-08  1.195240213318960e+00 
 9.328218711490357e-08  1.195240213318968e+00 
 9.330218711490357e-08  1.195240213318960e+00 
 9.332218711490356e-08  1.195240213318967e+00 
 9.334218711490356e-08  1.195240213318959e+00 
 9.336218711490356e-08  1.195240213318967e+00 
 9.338218711490355e-08  1.195240213318960e+00 
 9.340218711490355e-08  1.195240213318968e+00 
 9.342218711490354e-08  1.195240213318960e+00 
 9.344218711490354e-08  1.195240213318967e+00 
 9.346218711490354e-08  1.195240213318960e+00 
 9.348218711490353e-08  1.195240213318968e+00 
 9.350218711490353e-08  1.195240213318960e+00 
 9.352218711490353e-08  1.195240213318968e+00 
 9.354218711490352e-08  1.195240213318960e+00 
 9.356218711490352e-08  1.195240213318967e+00 
 9.358218711490351e-08  1.195240213318960e+00 
 9.360218711490351e-08  1.195240213318967e+00 
 9.362218711490351e-08  1.195240213318960e+00 
 9.364218711490350e-08  1.195240213318968e+00 
 9.366218711490350e-08  1.195240213318961e+00 
 9.368218711490349e-08  1.195240213318969e+00 
 9.370218711490349e-08  1.195240213318961e+00 
 9.372218711490349e-08  1.195240213318969e+00 
 9.374218711490348e-08  1.195240213318962e+00 
 9.376218711490348e-08  1.195240213318969e+00 
 9.378218711490348e-08  1.195240213318962e+00 
 9.380218711490347e-08  1.195240213318969e+00 
 9.382218711490347e-08  1.195240213318961e+00 
 9.384218711490346e-08  1.195240213318969e+00 
 9.386218711490346e-08  1.195240213318961e+00 
 9.388218711490346e-08  1.195240213318968e+00 
 9.390218711490345e-08  1.195240213318960e+00 
 9.392218711490345e-08  1.195240213318968e+00 
 9.394218711490345e-08  1.195240213318961e+00 
 9.396218711490344e-08  1.195240213318968e+00 
 9.398218711490344e-08  1.195240213318960e+00 
 9.400218711490343e-08  1.195240213318968e+00 
 9.402218711490343e-08  1.195240213318960e+00 
 9.404218711490343e-08  1.195240213318967e+00 
 9.406218711490342e-08  1.195240213318959e+00 
 9.408218711490342e-08  1.195240213318967e+00 
 9.410218711490342e-08  1.195240213318959e+00 
 9.412218711490341e-08  1.195240213318966e+00 
 9.414218711490341e-08  1.195240213318959e+00 
 9.416218711490340e-08  1.195240213318967e+00 
 9.418218711490340e-08  1.195240213318959e+00 
 9.420218711490340e-08  1.195240213318967e+00 
 9.422218711490339e-08  1.195240213318959e+00 
 9.424218711490339e-08  1.195240213318967e+00 
 9.426218711490338e-08  1.195240213318959e+00 
 9.428218711490338e-08  1.195240213318967e+00 
 9.430218711490338e-08  1.195240213318959e+00 
 9.432218711490337e-08  1.195240213318966e+00 
 9.434218711490337e-08  1.195240213318959e+00 
 9.436218711490337e-08  1.195240213318966e+00 
 9.438218711490336e-08  1.195240213318959e+00 
 9.440218711490336e-08  1.195240213318966e+00 
 9.442218711490335e-08  1.195240213318959e+00 
 9.444218711490335e-08  1.195240213318966e+00 
 9.446218711490335e-08  1.195240213318959e+00 
 9.448218711490334e-08  1.195240213318967e+00 
 9.450218711490334e-08  1.195240213318960e+00 
 9.452218711490334e-08  1.195240213318967e+00 
 9.454218711490333e-08  1.195240213318960e+00 
 9.456218711490333e-08  1.195240213318966e+00 
 9.458218711490332e-08  1.195240213318959e+00 
 9.460218711490332e-08  1.195240213318966e+00 
 9.462218711490332e-08  1.195240213318958e+00 
 9.464218711490331e-08  1.195240213318965e+00 
 9.466218711490331e-08  1.195240213318957e+00 
 9.468218711490331e-08  1.195240213318964e+00 
 9.470218711490330e-08  1.195240213318958e+00 
 9.472218711490330e-08  1.195240213318965e+00 
 9.474218711490329e-08  1.195240213318959e+00 
 9.476218711490329e-08  1.195240213318966e+00 
 9.478218711490329e-08  1.195240213318959e+00 
 9.480218711490328e-08  1.195240213318966e+00 
 9.482218711490328e-08  1.195240213318959e+00 
 9.484218711490327e-08  1.195240213318966e+00 
 9.486218711490327e-08  1.195240213318959e+00 
 9.488218711490327e-08  1.195240213318966e+00 
 9.490218711490326e-08  1.195240213318959e+00 
 9.492218711490326e-08  1.195240213318966e+00 
 9.494218711490326e-08  1.195240213318959e+00 
 9.496218711490325e-08  1.195240213318966e+00 
 9.498218711490325e-08  1.195240213318960e+00 
 9.500218711490324e-08  1.195240213318967e+00 
 9.502218711490324e-08  1.195240213318960e+00 
 9.504218711490324e-08  1.195240213318967e+00 
 9.506218711490323e-08  1.195240213318960e+00 
 9.508218711490323e-08  1.195240213318967e+00 
 9.510218711490323e-08  1.195240213318960e+00 
 9.512218711490322e-08  1.195240213318966e+00 
 9.514218711490322e-08  1.195240213318959e+00 
 9.516218711490321e-08  1.195240213318966e+00 
 9.518218711490321e-08  1.195240213318960e+00 
 9.520218711490321e-08  1.195240213318967e+00 
 9.522218711490320e-08  1.195240213318960e+00 
 9.524218711490320e-08  1.195240213318967e+00 
 9.526218711490320e-08  1.195240213318960e+00 
 9.528218711490319e-08  1.195240213318967e+00 
 9.530218711490319e-08  1.195240213318960e+00 
 9.532218711490318e-08  1.195240213318967e+00 
 9.534218711490318e-08  1.195240213318960e+00 
 9.536218711490318e-08  1.195240213318967e+00 
 9.538218711490317e-08  1.195240213318960e+00 
 9.540218711490317e-08  1.195240213318967e+00 
 9.542218711490317e-08  1.195240213318960e+00 
 9.544218711490316e-08  1.195240213318967e+00 
 9.546218711490316e-08  1.195240213318960e+00 
 9.548218711490315e-08  1.195240213318967e+00 
 9.550218711490315e-08  1.195240213318960e+00 
 9.552218711490315e-08  1.195240213318967e+00 
 9.554218711490314e-08  1.195240213318961e+00 
 9.556218711490314e-08  1.195240213318967e+00 
 9.558218711490313e-08  1.195240213318961e+00 
 9.560218711490313e-08  1.195240213318967e+00 
 9.562218711490313e-08  1.195240213318960e+00 
 9.564218711490312e-08  1.195240213318967e+00 
 9.566218711490312e-08  1.195240213318960e+00 
 9.568218711490312e-08  1.195240213318967e+00 
 9.570218711490311e-08  1.195240213318960e+00 
 9.572218711490311e-08  1.195240213318967e+00 
 9.574218711490310e-08  1.195240213318960e+00 
 9.576218711490310e-08  1.195240213318966e+00 
 9.578218711490310e-08  1.195240213318960e+00 
 9.580218711490309e-08  1.195240213318966e+00 
 9.582218711490309e-08  1.195240213318960e+00 
 9.584218711490309e-08  1.195240213318966e+00 
 9.586218711490308e-08  1.195240213318960e+00 
 9.588218711490308e-08  1.195240213318966e+00 
 9.590218711490307e-08  1.195240213318960e+00 
 9.592218711490307e-08  1.195240213318966e+00 
 9.594218711490307e-08  1.195240213318960e+00 
 9.596218711490306e-08  1.195240213318967e+00 
 9.598218711490306e-08  1.195240213318961e+00 
 9.600218711490306e-08  1.195240213318967e+00 
 9.602218711490305e-08  1.195240213318961e+00 
 9.604218711490305e-08  1.195240213318967e+00 
 9.606218711490304e-08  1.195240213318960e+00 
 9.608218711490304e-08  1.195240213318967e+00 
 9.610218711490304e-08  1.195240213318960e+00 
 9.612218711490303e-08  1.195240213318967e+00 
 9.614218711490303e-08  1.195240213318961e+00 
 9.616218711490302e-08  1.195240213318967e+00 
 9.618218711490302e-08  1.195240213318961e+00 
 9.620218711490302e-08  1.195240213318967e+00 
 9.622218711490301e-08  1.195240213318961e+00 
 9.624218711490301e-08  1.195240213318968e+00 
 9.626218711490301e-08  1.195240213318962e+00 
 9.628218711490300e-08  1.195240213318968e+00 
 9.630218711490300e-08  1.195240213318962e+00 
 9.632218711490299e-08  1.195240213318968e+00 
 9.634218711490299e-08  1.195240213318961e+00 
 9.636218711490299e-08  1.195240213318967e+00 
 9.638218711490298e-08  1.195240213318960e+00 
 9.640218711490298e-08  1.195240213318966e+00 
 9.642218711490298e-08  1.195240213318960e+00 
 9.644218711490297e-08  1.195240213318966e+00 
 9.646218711490297e-08  1.195240213318960e+00 
 9.648218711490296e-08  1.195240213318966e+00 
 9.650218711490296e-08  1.195240213318960e+00 
 9.652218711490296e-08  1.195240213318966e+00 
 9.654218711490295e-08  1.195240213318960e+00 
 9.656218711490295e-08  1.195240213318965e+00 
 9.658218711490295e-08  1.195240213318959e+00 
 9.660218711490294e-08  1.195240213318965e+00 
 9.662218711490294e-08  1.195240213318959e+00 
 9.664218711490293e-08  1.195240213318966e+00 
 9.666218711490293e-08  1.195240213318959e+00 
 9.668218711490293e-08  1.195240213318965e+00 
 9.670218711490292e-08  1.195240213318959e+00 
 9.672218711490292e-08  1.195240213318964e+00 
 9.674218711490291e-08  1.195240213318958e+00 
 9.676218711490291e-08  1.195240213318964e+00 
 9.678218711490291e-08  1.195240213318958e+00 
 9.680218711490290e-08  1.195240213318964e+00 
 9.682218711490290e-08  1.195240213318958e+00 
 9.684218711490290e-08  1.195240213318964e+00 
 9.686218711490289e-08  1.195240213318958e+00 
 9.688218711490289e-08  1.195240213318965e+00 
 9.690218711490288e-08  1.195240213318959e+00 
 9.692218711490288e-08  1.195240213318965e+00 
 9.694218711490288e-08  1.195240213318959e+00 
 9.696218711490287e-08  1.195240213318965e+00 
 9.698218711490287e-08  1.195240213318960e+00 
 9.700218711490287e-08  1.195240213318966e+00 
 9.702218711490286e-08  1.195240213318960e+00 
 9.704218711490286e-08  1.195240213318965e+00 
 9.706218711490285e-08  1.195240213318960e+00 
 9.708218711490285e-08  1.195240213318966e+00 
 9.710218711490285e-08  1.195240213318960e+00 
 9.712218711490284e-08  1.195240213318966e+00 
 9.714218711490284e-08  1.195240213318960e+00 
 9.716218711490284e-08  1.195240213318966e+00 
 9.718218711490283e-08  1.195240213318961e+00 
 9.720218711490283e-08  1.195240213318966e+00 
 9.722218711490282e-08  1.195240213318961e+00 
 9.724218711490282e-08  1.195240213318966e+00 
 9.726218711490282e-08  1.195240213318961e+00 
 9.728218711490281e-08  1.195240213318966e+00 
 9.730218711490281e-08  1.195240213318961e+00 
 9.732218711490280e-08  1.195240213318967e+00 
 9.734218711490280e-08  1.195240213318961e+00 
 9.736218711490280e-08  1.195240213318966e+00 
 9.738218711490279e-08  1.195240213318961e+00 
 9.740218711490279e-08  1.195240213318966e+00 
 9.742218711490279e-08  1.195240213318960e+00 
 9.744218711490278e-08  1.195240213318966e+00 
 9.746218711490278e-08  1.195240213318961e+00 
 9.748218711490277e-08  1.195240213318967e+00 
 9.750218711490277e-08  1.195240213318962e+00 
 9.752218711490277e-08  1.195240213318968e+00 
 9.754218711490276e-08  1.195240213318963e+00 
 9.756218711490276e-08  1.195240213318968e+00 
 9.758218711490276e-08  1.195240213318963e+00 
 9.760218711490275e-08  1.195240213318968e+00 
 9.762218711490275e-08  1.195240213318963e+00 
 9.764218711490274e-08  1.195240213318969e+00 
 9.766218711490274e-08  1.195240213318964e+00 
 9.768218711490274e-08  1.195240213318969e+00 
 9.770218711490273e-08  1.195240213318963e+00 
 9.772218711490273e-08  1.195240213318968e+00 
 9.774218711490273e-08  1.195240213318963e+00 
 9.776218711490272e-08  1.195240213318969e+00 
 9.778218711490272e-08  1.195240213318963e+00 
 9.780218711490271e-08  1.195240213318969e+00 
 9.782218711490271e-08  1.195240213318963e+00 
 9.784218711490271e-08  1.195240213318968e+00 
 9.786218711490270e-08  1.195240213318963e+00 
 9.788218711490270e-08  1.195240213318968e+00 
 9.790218711490269e-08  1.195240213318962e+00 
 9.792218711490269e-08  1.195240213318968e+00 
 9.794218711490269e-08  1.195240213318963e+00 
 9.796218711490268e-08  1.195240213318968e+00 
 9.798218711490268e-08  1.195240213318962e+00 
 9.800218711490268e-08  1.195240213318968e+00 
 9.802218711490267e-08  1.195240213318963e+00 
 9.804218711490267e-08  1.195240213318968e+00 
 9.806218711490266e-08  1.195240213318962e+00 
 9.808218711490266e-08  1.195240213318967e+00 
 9.810218711490266e-08  1.195240213318961e+00 
 9.812218711490265e-08  1.195240213318966e+00 
 9.814218711490265e-08  1.195240213318960e+00 
 9.816218711490265e-08  1.195240213318966e+00 
 9.818218711490264e-08  1.195240213318961e+00 
 9.820218711490264e-08  1.195240213318966e+00 
 9.822218711490263e-08  1.195240213318961e+00 
 9.824218711490263e-08  1.195240213318966e+00 
 9.826218711490263e-08  1.195240213318961e+00 
 9.828218711490262e-08  1.195240213318966e+00 
 9.830218711490262e-08  1.195240213318961e+00 
 9.832218711490262e-08  1.195240213318966e+00 
 9.834218711490261e-08  1.195240213318960e+00 
 9.836218711490261e-08  1.195240213318965e+00 
 9.838218711490260e-08  1.195240213318961e+00 
 9.840218711490260e-08  1.195240213318966e+00 
 9.842218711490260e-08  1.195240213318961e+00 
 9.844218711490259e-08  1.195240213318966e+00 
 9.846218711490259e-08  1.195240213318960e+00 
 9.848218711490258e-08  1.195240213318965e+00 
 9.850218711490258e-08  1.195240213318959e+00 
 9.852218711490258e-08  1.195240213318964e+00 
 9.854218711490257e-08  1.195240213318959e+00 
 9.856218711490257e-08  1.195240213318965e+00 
 9.858218711490257e-08  1.195240213318959e+00 
 9.860218711490256e-08  1.195240213318965e+00 
 9.862218711490256e-08  1.195240213318959e+00 
 9.864218711490255e-08  1.195240213318965e+00 
 9.866218711490255e-08  1.195240213318959e+00 
 9.868218711490255e-08  1.195240213318965e+00 
 9.870218711490254e-08  1.195240213318960e+00 
 9.872218711490254e-08  1.195240213318965e+00 
 9.874218711490254e-08  1.195240213318960e+00 
 9.876218711490253e-08  1.195240213318965e+00 
 9.878218711490253e-08  1.195240213318960e+00 
 9.880218711490252e-08  1.195240213318965e+00 
 9.882218711490252e-08  1.195240213318959e+00 
 9.884218711490252e-08  1.195240213318965e+00 
 9.886218711490251e-08  1.195240213318959e+00 
 9.888218711490251e-08  1.195240213318964e+00 
 9.890218711490251e-08  1.195240213318959e+00 
 9.892218711490250e-08  1.195240213318965e+00 
 9.894218711490250e-08  1.195240213318960e+00 
 9.896218711490249e-08  1.195240213318965e+00 
 9.898218711490249e-08  1.195240213318960e+00 
 9.900218711490249e-08  1.195240213318965e+00 
 9.902218711490248e-08  1.195240213318960e+00 
 9.904218711490248e-08  1.195240213318965e+00 
 9.906218711490247e-08  1.195240213318960e+00 
 9.908218711490247e-08  1.195240213318965e+00 
 9.910218711490247e-08  1.195240213318960e+00 
 9.912218711490246e-08  1.195240213318965e+00 
 9.914218711490246e-08  1.195240213318960e+00 
 9.916218711490246e-08  1.195240213318965e+00 
 9.918218711490245e-08  1.195240213318960e+00 
 9.920218711490245e-08  1.195240213318965e+00 
 9.922218711490244e-08  1.195240213318960e+00 
 9.924218711490244e-08  1.195240213318965e+00 
 9.926218711490244e-08  1.195240213318960e+00 
 9.928218711490243e-08  1.195240213318964e+00 
 9.930218711490243e-08  1.195240213318960e+00 
 9.932218711490243e-08  1.195240213318965e+00 
 9.934218711490242e-08  1.195240213318960e+00 
 9.936218711490242e-08  1.195240213318965e+00 
 9.938218711490241e-08  1.195240213318960e+00 
 9.940218711490241e-08  1.195240213318965e+00 
 9.942218711490241e-08  1.195240213318960e+00 
 9.944218711490240e-08  1.195240213318965e+00 
 9.946218711490240e-08  1.195240213318960e+00 
 9.948218711490240e-08  1.195240213318965e+00 
 9.950218711490239e-08  1.195240213318960e+00 
 9.952218711490239e-08  1.195240213318965e+00 
 9.954218711490238e-08  1.195240213318961e+00 
 9.956218711490238e-08  1.195240213318965e+00 
 9.958218711490238e-08  1.195240213318960e+00 
 9.960218711490237e-08  1.195240213318964e+00 
 9.962218711490237e-08  1.195240213318959e+00 
 9.964218711490237e-08  1.195240213318964e+00 
 9.966218711490236e-08  1.195240213318960e+00 
 9.968218711490236e-08  1.195240213318964e+00 
 9.970218711490235e-08  1.195240213318959e+00 
 9.972218711490235e-08  1.195240213318963e+00 
 9.974218711490235e-08  1.195240213318959e+00 
 9.976218711490234e-08  1.195240213318964e+00 
 9.978218711490234e-08  1.195240213318959e+00 
 9.980218711490233e-08  1.195240213318964e+00 
 9.982218711490233e-08  1.195240213318959e+00 
 9.984218711490233e-08  1.195240213318964e+00 
 9.986218711490232e-08  1.195240213318959e+00 
 9.988218711490232e-08  1.195240213318965e+00 
 9.990218711490232e-08  1.195240213318961e+00 
 9.992218711490231e-08  1.195240213318966e+00 
 9.994218711490231e-08  1.195240213318961e+00 
 9.996218711490230e-08  1.195240213318966e+00 
 9.998218711490230e-08  1.195240213318961e+00 
 1.000021871149023e-07  1.195240213318966e+00 
 1.000221871149023e-07  1.195240213318962e+00 
 1.000421871149023e-07  1.195240213318967e+00 
 1.000621871149023e-07  1.195240213318962e+00 
 1.000821871149023e-07  1.195240213318966e+00 
 1.001021871149023e-07  1.195240213318962e+00 
 1.001221871149023e-07  1.195240213318966e+00 
 1.001421871149023e-07  1.195240213318961e+00 
 1.001621871149023e-07  1.195240213318966e+00 
 1.001821871149023e-07  1.195240213318962e+00 
 1.002021871149023e-07  1.195240213318967e+00 
 1.002221871149023e-07  1.195240213318963e+00 
 1.002421871149023e-07  1.195240213318967e+00 
 1.002621871149022e-07  1.195240213318963e+00 
 1.002821871149022e-07  1.195240213318968e+00 
 1.003021871149022e-07  1.195240213318964e+00 
 1.003221871149022e-07  1.195240213318968e+00 
 1.003421871149022e-07  1.195240213318964e+00 
 1.003621871149022e-07  1.195240213318968e+00 
 1.003821871149022e-07  1.195240213318964e+00 
 1.004021871149022e-07  1.195240213318969e+00 
 1.004221871149022e-07  1.195240213318964e+00 
 1.004421871149022e-07  1.195240213318969e+00 
 1.004621871149022e-07  1.195240213318964e+00 
 1.004821871149022e-07  1.195240213318968e+00 
 1.005021871149022e-07  1.195240213318963e+00 
 1.005221871149022e-07  1.195240213318968e+00 
 1.005421871149022e-07  1.195240213318964e+00 
 1.005621871149022e-07  1.195240213318969e+00 
 1.005821871149022e-07  1.195240213318964e+00 
 1.006021871149022e-07  1.195240213318969e+00 
 1.006221871149022e-07  1.195240213318964e+00 
 1.006421871149022e-07  1.195240213318969e+00 
 1.006621871149022e-07  1.195240213318964e+00 
 1.006821871149022e-07  1.195240213318969e+00 
 1.007021871149022e-07  1.195240213318964e+00 
 1.007221871149022e-07  1.195240213318969e+00 
 1.007421871149022e-07  1.195240213318964e+00 
 1.007621871149022e-07  1.195240213318969e+00 
 1.007821871149021e-07  1.195240213318964e+00 
 1.008021871149021e-07  1.195240213318969e+00 
 1.008221871149021e-07  1.195240213318965e+00 
 1.008421871149021e-07  1.195240213318969e+00 
 1.008621871149021e-07  1.195240213318965e+00 
 1.008821871149021e-07  1.195240213318969e+00 
 1.009021871149021e-07  1.195240213318964e+00 
 1.009221871149021e-07  1.195240213318968e+00 
 1.009421871149021e-07  1.195240213318964e+00 
 1.009621871149021e-07  1.195240213318968e+00 
 1.009821871149021e-07  1.195240213318964e+00 
 1.010021871149021e-07  1.195240213318967e+00 
 1.010221871149021e-07  1.195240213318963e+00 
 1.010421871149021e-07  1.195240213318967e+00 
 1.010621871149021e-07  1.195240213318962e+00 
 1.010821871149021e-07  1.195240213318966e+00 
 1.011021871149021e-07  1.195240213318962e+00 
 1.011221871149021e-07  1.195240213318966e+00 
 1.011421871149021e-07  1.195240213318962e+00 
 1.011621871149021e-07  1.195240213318967e+00 
 1.011821871149021e-07  1.195240213318963e+00 
 1.012021871149021e-07  1.195240213318966e+00 
 1.012221871149021e-07  1.195240213318962e+00 
 1.012421871149021e-07  1.195240213318966e+00 
 1.012621871149021e-07  1.195240213318962e+00 
 1.012821871149021e-07  1.195240213318966e+00 
 1.013021871149021e-07  1.195240213318962e+00 
 1.013221871149020e-07  1.195240213318966e+00 
 1.013421871149020e-07  1.195240213318962e+00 
 1.013621871149020e-07  1.195240213318966e+00 
 1.013821871149020e-07  1.195240213318962e+00 
 1.014021871149020e-07  1.195240213318966e+00 
 1.014221871149020e-07  1.195240213318961e+00 
 1.014421871149020e-07  1.195240213318965e+00 
 1.014621871149020e-07  1.195240213318961e+00 
 1.014821871149020e-07  1.195240213318965e+00 
 1.015021871149020e-07  1.195240213318960e+00 
 1.015221871149020e-07  1.195240213318964e+00 
 1.015421871149020e-07  1.195240213318960e+00 
 1.015621871149020e-07  1.195240213318964e+00 
 1.015821871149020e-07  1.195240213318959e+00 
 1.016021871149020e-07  1.195240213318963e+00 
 1.016221871149020e-07  1.195240213318959e+00 
 1.016421871149020e-07  1.195240213318964e+00 
 1.016621871149020e-07  1.195240213318960e+00 
 1.016821871149020e-07  1.195240213318964e+00 
 1.017021871149020e-07  1.195240213318961e+00 
 1.017221871149020e-07  1.195240213318965e+00 
 1.017421871149020e-07  1.195240213318961e+00 
 1.017621871149020e-07  1.195240213318966e+00 
 1.017821871149020e-07  1.195240213318962e+00 
 1.018021871149020e-07  1.195240213318966e+00 
 1.018221871149020e-07  1.195240213318963e+00 
 1.018421871149019e-07  1.195240213318967e+00 
 1.018621871149019e-07  1.195240213318963e+00 
 1.018821871149019e-07  1.195240213318967e+00 
 1.019021871149019e-07  1.195240213318962e+00 
 1.019221871149019e-07  1.195240213318966e+00 
 1.019421871149019e-07  1.195240213318961e+00 
 1.019621871149019e-07  1.195240213318965e+00 
 1.019821871149019e-07  1.195240213318961e+00 
 1.020021871149019e-07  1.195240213318964e+00 
 1.020221871149019e-07  1.195240213318961e+00 
 1.020421871149019e-07  1.195240213318965e+00 
 1.020621871149019e-07  1.195240213318961e+00 
 1.020821871149019e-07  1.195240213318965e+00 
 1.021021871149019e-07  1.195240213318961e+00 
 1.021221871149019e-07  1.195240213318965e+00 
 1.021421871149019e-07  1.195240213318961e+00 
 1.021621871149019e-07  1.195240213318965e+00 
 1.021821871149019e-07  1.195240213318961e+00 
 1.022021871149019e-07  1.195240213318964e+00 
 1.022221871149019e-07  1.195240213318961e+00 
 1.022421871149019e-07  1.195240213318965e+00 
 1.022621871149019e-07  1.195240213318961e+00 
 1.022821871149019e-07  1.195240213318965e+00 
 1.023021871149019e-07  1.195240213318961e+00 
 1.023221871149019e-07  1.195240213318965e+00 
 1.023421871149019e-07  1.195240213318961e+00 
 1.023621871149018e-07  1.195240213318964e+00 
 1.023821871149018e-07  1.195240213318961e+00 
 1.024021871149018e-07  1.195240213318964e+00 
 1.024221871149018e-07  1.195240213318960e+00 
 1.024421871149018e-07  1.195240213318964e+00 
 1.024621871149018e-07  1.195240213318960e+00 
 1.024821871149018e-07  1.195240213318964e+00 
 1.025021871149018e-07  1.195240213318960e+00 
 1.025221871149018e-07  1.195240213318964e+00 
 1.025421871149018e-07  1.195240213318960e+00 
 1.025621871149018e-07  1.195240213318964e+00 
 1.025821871149018e-07  1.195240213318960e+00 
 1.026021871149018e-07  1.195240213318964e+00 
 1.026221871149018e-07  1.195240213318960e+00 
 1.026421871149018e-07  1.195240213318964e+00 
 1.026621871149018e-07  1.195240213318960e+00 
 1.026821871149018e-07  1.195240213318964e+00 
 1.027021871149018e-07  1.195240213318960e+00 
 1.027221871149018e-07  1.195240213318964e+00 
 1.027421871149018e-07  1.195240213318961e+00 
 1.027621871149018e-07  1.195240213318965e+00 
 1.027821871149018e-07  1.195240213318961e+00 
 1.028021871149018e-07  1.195240213318964e+00 
 1.028221871149018e-07  1.195240213318960e+00 
 1.028421871149018e-07  1.195240213318963e+00 
 1.028621871149018e-07  1.195240213318959e+00 
 1.028821871149018e-07  1.195240213318963e+00 
 1.029021871149017e-07  1.195240213318959e+00 
 1.029221871149017e-07  1.195240213318963e+00 
 1.029421871149017e-07  1.195240213318959e+00 
 1.029621871149017e-07  1.195240213318963e+00 
 1.029821871149017e-07  1.195240213318959e+00 
 1.030021871149017e-07  1.195240213318963e+00 
 1.030221871149017e-07  1.195240213318959e+00 
 1.030421871149017e-07  1.195240213318963e+00 
 1.030621871149017e-07  1.195240213318959e+00 
 1.030821871149017e-07  1.195240213318963e+00 
 1.031021871149017e-07  1.195240213318960e+00 
 1.031221871149017e-07  1.195240213318964e+00 
 1.031421871149017e-07  1.195240213318960e+00 
 1.031621871149017e-07  1.195240213318963e+00 
 1.031821871149017e-07  1.195240213318960e+00 
 1.032021871149017e-07  1.195240213318964e+00 
 1.032221871149017e-07  1.195240213318960e+00 
 1.032421871149017e-07  1.195240213318963e+00 
 1.032621871149017e-07  1.195240213318960e+00 
 1.032821871149017e-07  1.195240213318964e+00 
 1.033021871149017e-07  1.195240213318961e+00 
 1.033221871149017e-07  1.195240213318964e+00 
 1.033421871149017e-07  1.195240213318960e+00 
 1.033621871149017e-07  1.195240213318964e+00 
 1.033821871149017e-07  1.195240213318961e+00 
 1.034021871149017e-07  1.195240213318965e+00 
 1.034221871149016e-07  1.195240213318961e+00 
 1.034421871149016e-07  1.195240213318964e+00 
 1.034621871149016e-07  1.195240213318960e+00 
 1.034821871149016e-07  1.195240213318963e+00 
 1.035021871149016e-07  1.195240213318959e+00 
 1.035221871149016e-07  1.195240213318963e+00 
 1.035421871149016e-07  1.195240213318959e+00 
 1.035621871149016e-07  1.195240213318963e+00 
 1.035821871149016e-07  1.195240213318959e+00 
 1.036021871149016e-07  1.195240213318962e+00 
 1.036221871149016e-07  1.195240213318959e+00 
 1.036421871149016e-07  1.195240213318963e+00 
 1.036621871149016e-07  1.195240213318960e+00 
 1.036821871149016e-07  1.195240213318963e+00 
 1.037021871149016e-07  1.195240213318960e+00 
 1.037221871149016e-07  1.195240213318963e+00 
 1.037421871149016e-07  1.195240213318960e+00 
 1.037621871149016e-07  1.195240213318964e+00 
 1.037821871149016e-07  1.195240213318960e+00 
 1.038021871149016e-07  1.195240213318964e+00 
 1.038221871149016e-07  1.195240213318961e+00 
 1.038421871149016e-07  1.195240213318964e+00 
 1.038621871149016e-07  1.195240213318961e+00 
 1.038821871149016e-07  1.195240213318964e+00 
 1.039021871149016e-07  1.195240213318961e+00 
 1.039221871149016e-07  1.195240213318965e+00 
 1.039421871149015e-07  1.195240213318961e+00 
 1.039621871149015e-07  1.195240213318965e+00 
 1.039821871149015e-07  1.195240213318962e+00 
 1.040021871149015e-07  1.195240213318965e+00 
 1.040221871149015e-07  1.195240213318962e+00 
 1.040421871149015e-07  1.195240213318965e+00 
 1.040621871149015e-07  1.195240213318962e+00 
 1.040821871149015e-07  1.195240213318965e+00 
 1.041021871149015e-07  1.195240213318961e+00 
 1.041221871149015e-07  1.195240213318965e+00 
 1.041421871149015e-07  1.195240213318961e+00 
 1.041621871149015e-07  1.195240213318964e+00 
 1.041821871149015e-07  1.195240213318961e+00 
 1.042021871149015e-07  1.195240213318964e+00 
 1.042221871149015e-07  1.195240213318961e+00 
 1.042421871149015e-07  1.195240213318964e+00 
 1.042621871149015e-07  1.195240213318961e+00 
 1.042821871149015e-07  1.195240213318965e+00 
 1.043021871149015e-07  1.195240213318962e+00 
 1.043221871149015e-07  1.195240213318965e+00 
 1.043421871149015e-07  1.195240213318962e+00 
 1.043621871149015e-07  1.195240213318965e+00 
 1.043821871149015e-07  1.195240213318962e+00 
 1.044021871149015e-07  1.195240213318965e+00 
 1.044221871149015e-07  1.195240213318962e+00 
 1.044421871149015e-07  1.195240213318965e+00 
 1.044621871149015e-07  1.195240213318962e+00 
 1.044821871149014e-07  1.195240213318965e+00 
 1.045021871149014e-07  1.195240213318963e+00 
 1.045221871149014e-07  1.195240213318966e+00 
 1.045421871149014e-07  1.195240213318963e+00 
 1.045621871149014e-07  1.195240213318966e+00 
 1.045821871149014e-07  1.195240213318962e+00 
 1.046021871149014e-07  1.195240213318965e+00 
 1.046221871149014e-07  1.195240213318962e+00 
 1.046421871149014e-07  1.195240213318965e+00 
 1.046621871149014e-07  1.195240213318961e+00 
 1.046821871149014e-07  1.195240213318964e+00 
 1.047021871149014e-07  1.195240213318961e+00 
 1.047221871149014e-07  1.195240213318964e+00 
 1.047421871149014e-07  1.195240213318960e+00 
 1.047621871149014e-07  1.195240213318963e+00 
 1.047821871149014e-07  1.195240213318959e+00 
 1.048021871149014e-07  1.195240213318963e+00 
 1.048221871149014e-07  1.195240213318960e+00 
 1.048421871149014e-07  1.195240213318963e+00 
 1.048621871149014e-07  1.195240213318960e+00 
 1.048821871149014e-07  1.195240213318963e+00 
 1.049021871149014e-07  1.195240213318960e+00 
 1.049221871149014e-07  1.195240213318963e+00 
 1.049421871149014e-07  1.195240213318960e+00 
 1.049621871149014e-07  1.195240213318963e+00 
 1.049821871149014e-07  1.195240213318960e+00 
 1.050021871149013e-07  1.195240213318963e+00 
 1.050221871149013e-07  1.195240213318961e+00 
 1.050421871149013e-07  1.195240213318964e+00 
 1.050621871149013e-07  1.195240213318960e+00 
 1.050821871149013e-07  1.195240213318963e+00 
 1.051021871149013e-07  1.195240213318960e+00 
 1.051221871149013e-07  1.195240213318963e+00 
 1.051421871149013e-07  1.195240213318960e+00 
 1.051621871149013e-07  1.195240213318963e+00 
 1.051821871149013e-07  1.195240213318960e+00 
 1.052021871149013e-07  1.195240213318963e+00 
 1.052221871149013e-07  1.195240213318960e+00 
 1.052421871149013e-07  1.195240213318963e+00 
 1.052621871149013e-07  1.195240213318960e+00 
 1.052821871149013e-07  1.195240213318963e+00 
 1.053021871149013e-07  1.195240213318960e+00 
 1.053221871149013e-07  1.195240213318963e+00 
 1.053421871149013e-07  1.195240213318959e+00 
 1.053621871149013e-07  1.195240213318962e+00 
 1.053821871149013e-07  1.195240213318959e+00 
 1.054021871149013e-07  1.195240213318962e+00 
 1.054221871149013e-07  1.195240213318959e+00 
 1.054421871149013e-07  1.195240213318962e+00 
 1.054621871149013e-07  1.195240213318958e+00 
 1.054821871149013e-07  1.195240213318961e+00 
 1.055021871149013e-07  1.195240213318958e+00 
 1.055221871149013e-07  1.195240213318961e+00 
 1.055421871149012e-07  1.195240213318958e+00 
 1.055621871149012e-07  1.195240213318961e+00 
 1.055821871149012e-07  1.195240213318958e+00 
 1.056021871149012e-07  1.195240213318961e+00 
 1.056221871149012e-07  1.195240213318958e+00 
 1.056421871149012e-07  1.195240213318961e+00 
 1.056621871149012e-07  1.195240213318959e+00 
 1.056821871149012e-07  1.195240213318962e+00 
 1.057021871149012e-07  1.195240213318959e+00 
 1.057221871149012e-07  1.195240213318961e+00 
 1.057421871149012e-07  1.195240213318959e+00 
 1.057621871149012e-07  1.195240213318961e+00 
 1.057821871149012e-07  1.195240213318959e+00 
 1.058021871149012e-07  1.195240213318962e+00 
 1.058221871149012e-07  1.195240213318959e+00 
 1.058421871149012e-07  1.195240213318962e+00 
 1.058621871149012e-07  1.195240213318959e+00 
 1.058821871149012e-07  1.195240213318961e+00 
 1.059021871149012e-07  1.195240213318959e+00 
 1.059221871149012e-07  1.195240213318961e+00 
 1.059421871149012e-07  1.195240213318958e+00 
 1.059621871149012e-07  1.195240213318960e+00 
 1.059821871149012e-07  1.195240213318957e+00 
 1.060021871149012e-07  1.195240213318960e+00 
 1.060221871149012e-07  1.195240213318957e+00 
 1.060421871149012e-07  1.195240213318960e+00 
 1.060621871149011e-07  1.195240213318957e+00 
 1.060821871149011e-07  1.195240213318960e+00 
 1.061021871149011e-07  1.195240213318957e+00 
 1.061221871149011e-07  1.195240213318960e+00 
 1.061421871149011e-07  1.195240213318957e+00 
 1.061621871149011e-07  1.195240213318960e+00 
 1.061821871149011e-07  1.195240213318958e+00 
 1.062021871149011e-07  1.195240213318961e+00 
 1.062221871149011e-07  1.195240213318958e+00 
 1.062421871149011e-07  1.195240213318961e+00 
 1.062621871149011e-07  1.195240213318959e+00 
 1.062821871149011e-07  1.195240213318962e+00 
 1.063021871149011e-07  1.195240213318960e+00 
 1.063221871149011e-07  1.195240213318963e+00 
 1.063421871149011e-07  1.195240213318960e+00 
 1.063621871149011e-07  1.195240213318963e+00 
 1.063821871149011e-07  1.195240213318961e+00 
 1.064021871149011e-07  1.195240213318963e+00 
 1.064221871149011e-07  1.195240213318961e+00 
 1.064421871149011e-07  1.195240213318963e+00 
 1.064621871149011e-07  1.195240213318960e+00 
 1.064821871149011e-07  1.195240213318963e+00 
 1.065021871149011e-07  1.195240213318960e+00 
 1.065221871149011e-07  1.195240213318963e+00 
 1.065421871149011e-07  1.195240213318960e+00 
 1.065621871149011e-07  1.195240213318963e+00 
 1.065821871149010e-07  1.195240213318960e+00 
 1.066021871149010e-07  1.195240213318963e+00 
 1.066221871149010e-07  1.195240213318960e+00 
 1.066421871149010e-07  1.195240213318963e+00 
 1.066621871149010e-07  1.195240213318960e+00 
 1.066821871149010e-07  1.195240213318963e+00 
 1.067021871149010e-07  1.195240213318960e+00 
 1.067221871149010e-07  1.195240213318963e+00 
 1.067421871149010e-07  1.195240213318960e+00 
 1.067621871149010e-07  1.195240213318963e+00 
 1.067821871149010e-07  1.195240213318960e+00 
 1.068021871149010e-07  1.195240213318963e+00 
 1.068221871149010e-07  1.195240213318960e+00 
 1.068421871149010e-07  1.195240213318963e+00 
 1.068621871149010e-07  1.195240213318961e+00 
 1.068821871149010e-07  1.195240213318964e+00 
 1.069021871149010e-07  1.195240213318961e+00 
 1.069221871149010e-07  1.195240213318964e+00 
 1.069421871149010e-07  1.195240213318962e+00 
 1.069621871149010e-07  1.195240213318964e+00 
 1.069821871149010e-07  1.195240213318962e+00 
 1.070021871149010e-07  1.195240213318965e+00 
 1.070221871149010e-07  1.195240213318963e+00 
 1.070421871149010e-07  1.195240213318966e+00 
 1.070621871149010e-07  1.195240213318963e+00 
 1.070821871149010e-07  1.195240213318966e+00 
 1.071021871149010e-07  1.195240213318963e+00 
 1.071221871149009e-07  1.195240213318965e+00 
 1.071421871149009e-07  1.195240213318963e+00 
 1.071621871149009e-07  1.195240213318965e+00 
 1.071821871149009e-07  1.195240213318963e+00 
 1.072021871149009e-07  1.195240213318966e+00 
 1.072221871149009e-07  1.195240213318963e+00 
 1.072421871149009e-07  1.195240213318966e+00 
 1.072621871149009e-07  1.195240213318964e+00 
 1.072821871149009e-07  1.195240213318966e+00 
 1.073021871149009e-07  1.195240213318964e+00 
 1.073221871149009e-07  1.195240213318966e+00 
 1.073421871149009e-07  1.195240213318963e+00 
 1.073621871149009e-07  1.195240213318965e+00 
 1.073821871149009e-07  1.195240213318963e+00 
 1.074021871149009e-07  1.195240213318965e+00 
 1.074221871149009e-07  1.195240213318963e+00 
 1.074421871149009e-07  1.195240213318966e+00 
 1.074621871149009e-07  1.195240213318963e+00 
 1.074821871149009e-07  1.195240213318966e+00 
 1.075021871149009e-07  1.195240213318963e+00 
 1.075221871149009e-07  1.195240213318965e+00 
 1.075421871149009e-07  1.195240213318963e+00 
 1.075621871149009e-07  1.195240213318965e+00 
 1.075821871149009e-07  1.195240213318963e+00 
 1.076021871149009e-07  1.195240213318965e+00 
 1.076221871149009e-07  1.195240213318963e+00 
 1.076421871149008e-07  1.195240213318966e+00 
 1.076621871149008e-07  1.195240213318964e+00 
 1.076821871149008e-07  1.195240213318966e+00 
 1.077021871149008e-07  1.195240213318964e+00 
 1.077221871149008e-07  1.195240213318967e+00 
 1.077421871149008e-07  1.195240213318965e+00 
 1.077621871149008e-07  1.195240213318967e+00 
 1.077821871149008e-07  1.195240213318964e+00 
 1.078021871149008e-07  1.195240213318967e+00 
 1.078221871149008e-07  1.195240213318964e+00 
 1.078421871149008e-07  1.195240213318967e+00 
 1.078621871149008e-07  1.195240213318964e+00 
 1.078821871149008e-07  1.195240213318967e+00 
 1.079021871149008e-07  1.195240213318965e+00 
 1.079221871149008e-07  1.195240213318968e+00 
 1.079421871149008e-07  1.195240213318966e+00 
 1.079621871149008e-07  1.195240213318968e+00 
 1.079821871149008e-07  1.195240213318966e+00 
 1.080021871149008e-07  1.195240213318968e+00 
 1.080221871149008e-07  1.195240213318966e+00 
 1.080421871149008e-07  1.195240213318969e+00 
 1.080621871149008e-07  1.195240213318966e+00 
 1.080821871149008e-07  1.195240213318969e+00 
 1.081021871149008e-07  1.195240213318966e+00 
 1.081221871149008e-07  1.195240213318969e+00 
 1.081421871149008e-07  1.195240213318966e+00 
 1.081621871149007e-07  1.195240213318968e+00 
 1.081821871149007e-07  1.195240213318966e+00 
 1.082021871149007e-07  1.195240213318968e+00 
 1.082221871149007e-07  1.195240213318965e+00 
 1.082421871149007e-07  1.195240213318967e+00 
 1.082621871149007e-07  1.195240213318965e+00 
 1.082821871149007e-07  1.195240213318967e+00 
 1.083021871149007e-07  1.195240213318965e+00 
 1.083221871149007e-07  1.195240213318967e+00 
 1.083421871149007e-07  1.195240213318965e+00 
 1.083621871149007e-07  1.195240213318967e+00 
 1.083821871149007e-07  1.195240213318965e+00 
 1.084021871149007e-07  1.195240213318967e+00 
 1.084221871149007e-07  1.195240213318965e+00 
 1.084421871149007e-07  1.195240213318967e+00 
 1.084621871149007e-07  1.195240213318965e+00 
 1.084821871149007e-07  1.195240213318967e+00 
 1.085021871149007e-07  1.195240213318964e+00 
 1.085221871149007e-07  1.195240213318967e+00 
 1.085421871149007e-07  1.195240213318964e+00 
 1.085621871149007e-07  1.195240213318967e+00 
 1.085821871149007e-07  1.195240213318965e+00 
 1.086021871149007e-07  1.195240213318967e+00 
 1.086221871149007e-07  1.195240213318965e+00 
 1.086421871149007e-07  1.195240213318967e+00 
 1.086621871149007e-07  1.195240213318965e+00 
 1.086821871149007e-07  1.195240213318967e+00 
 1.087021871149006e-07  1.195240213318965e+00 
 1.087221871149006e-07  1.195240213318967e+00 
 1.087421871149006e-07  1.195240213318965e+00 
 1.087621871149006e-07  1.195240213318967e+00 
 1.087821871149006e-07  1.195240213318965e+00 
 1.088021871149006e-07  1.195240213318967e+00 
 1.088221871149006e-07  1.195240213318964e+00 
 1.088421871149006e-07  1.195240213318966e+00 
 1.088621871149006e-07  1.195240213318963e+00 
 1.088821871149006e-07  1.195240213318965e+00 
 1.089021871149006e-07  1.195240213318963e+00 
 1.089221871149006e-07  1.195240213318965e+00 
 1.089421871149006e-07  1.195240213318963e+00 
 1.089621871149006e-07  1.195240213318965e+00 
 1.089821871149006e-07  1.195240213318963e+00 
 1.090021871149006e-07  1.195240213318965e+00 
 1.090221871149006e-07  1.195240213318963e+00 
 1.090421871149006e-07  1.195240213318965e+00 
 1.090621871149006e-07  1.195240213318963e+00 
 1.090821871149006e-07  1.195240213318965e+00 
 1.091021871149006e-07  1.195240213318963e+00 
 1.091221871149006e-07  1.195240213318965e+00 
 1.091421871149006e-07  1.195240213318962e+00 
 1.091621871149006e-07  1.195240213318964e+00 
 1.091821871149006e-07  1.195240213318962e+00 
 1.092021871149006e-07  1.195240213318964e+00 
 1.092221871149005e-07  1.195240213318961e+00 
 1.092421871149005e-07  1.195240213318963e+00 
 1.092621871149005e-07  1.195240213318961e+00 
 1.092821871149005e-07  1.195240213318963e+00 
 1.093021871149005e-07  1.195240213318961e+00 
 1.093221871149005e-07  1.195240213318963e+00 
 1.093421871149005e-07  1.195240213318960e+00 
 1.093621871149005e-07  1.195240213318962e+00 
 1.093821871149005e-07  1.195240213318960e+00 
 1.094021871149005e-07  1.195240213318963e+00 
 1.094221871149005e-07  1.195240213318960e+00 
 1.094421871149005e-07  1.195240213318962e+00 
 1.094621871149005e-07  1.195240213318960e+00 
 1.094821871149005e-07  1.195240213318963e+00 
 1.095021871149005e-07  1.195240213318961e+00 
 1.095221871149005e-07  1.195240213318963e+00 
 1.095421871149005e-07  1.195240213318961e+00 
 1.095621871149005e-07  1.195240213318963e+00 
 1.095821871149005e-07  1.195240213318961e+00 
 1.096021871149005e-07  1.195240213318963e+00 
 1.096221871149005e-07  1.195240213318961e+00 
 1.096421871149005e-07  1.195240213318963e+00 
 1.096621871149005e-07  1.195240213318961e+00 
 1.096821871149005e-07  1.195240213318963e+00 
 1.097021871149005e-07  1.195240213318961e+00 
 1.097221871149005e-07  1.195240213318963e+00 
 1.097421871149005e-07  1.195240213318961e+00 
 1.097621871149004e-07  1.195240213318963e+00 
 1.097821871149004e-07  1.195240213318961e+00 
 1.098021871149004e-07  1.195240213318963e+00 
 1.098221871149004e-07  1.195240213318961e+00 
 1.098421871149004e-07  1.195240213318963e+00 
 1.098621871149004e-07  1.195240213318960e+00 
 1.098821871149004e-07  1.195240213318962e+00 
 1.099021871149004e-07  1.195240213318960e+00 
 1.099221871149004e-07  1.195240213318961e+00 
 1.099421871149004e-07  1.195240213318959e+00 
 1.099621871149004e-07  1.195240213318961e+00 
 1.099821871149004e-07  1.195240213318959e+00 
 1.100021871149004e-07  1.195240213318961e+00 
 1.100221871149004e-07  1.195240213318959e+00 
 1.100421871149004e-07  1.195240213318961e+00 
 1.100621871149004e-07  1.195240213318959e+00 
 1.100821871149004e-07  1.195240213318960e+00 
 1.101021871149004e-07  1.195240213318958e+00 
 1.101221871149004e-07  1.195240213318960e+00 
 1.101421871149004e-07  1.195240213318957e+00 
 1.101621871149004e-07  1.195240213318960e+00 
 1.101821871149004e-07  1.195240213318958e+00 
 1.102021871149004e-07  1.195240213318960e+00 
 1.102221871149004e-07  1.195240213318958e+00 
 1.102421871149004e-07  1.195240213318960e+00 
 1.102621871149004e-07  1.195240213318958e+00 
 1.102821871149003e-07  1.195240213318960e+00 
 1.103021871149003e-07  1.195240213318958e+00 
 1.103221871149003e-07  1.195240213318960e+00 
 1.103421871149003e-07  1.195240213318958e+00 
 1.103621871149003e-07  1.195240213318960e+00 
 1.103821871149003e-07  1.195240213318958e+00 
 1.104021871149003e-07  1.195240213318960e+00 
 1.104221871149003e-07  1.195240213318958e+00 
 1.104421871149003e-07  1.195240213318960e+00 
 1.104621871149003e-07  1.195240213318958e+00 
 1.104821871149003e-07  1.195240213318960e+00 
 1.105021871149003e-07  1.195240213318959e+00 
 1.105221871149003e-07  1.195240213318961e+00 
 1.105421871149003e-07  1.195240213318959e+00 
 1.105621871149003e-07  1.195240213318961e+00 
 1.105821871149003e-07  1.195240213318960e+00 
 1.106021871149003e-07  1.195240213318962e+00 
 1.106221871149003e-07  1.195240213318960e+00 
 1.106421871149003e-07  1.195240213318962e+00 
 1.106621871149003e-07  1.195240213318960e+00 
 1.106821871149003e-07  1.195240213318962e+00 
 1.107021871149003e-07  1.195240213318960e+00 
 1.107221871149003e-07  1.195240213318962e+00 
 1.107421871149003e-07  1.195240213318960e+00 
 1.107621871149003e-07  1.195240213318962e+00 
 1.107821871149003e-07  1.195240213318960e+00 
 1.108021871149002e-07  1.195240213318962e+00 
 1.108221871149002e-07  1.195240213318960e+00 
 1.108421871149002e-07  1.195240213318962e+00 
 1.108621871149002e-07  1.195240213318960e+00 
 1.108821871149002e-07  1.195240213318962e+00 
 1.109021871149002e-07  1.195240213318960e+00 
 1.109221871149002e-07  1.195240213318961e+00 
 1.109421871149002e-07  1.195240213318959e+00 
 1.109621871149002e-07  1.195240213318961e+00 
 1.109821871149002e-07  1.195240213318959e+00 
 1.110021871149002e-07  1.195240213318960e+00 
 1.110221871149002e-07  1.195240213318958e+00 
 1.110421871149002e-07  1.195240213318960e+00 
 1.110621871149002e-07  1.195240213318958e+00 
 1.110821871149002e-07  1.195240213318959e+00 
 1.111021871149002e-07  1.195240213318957e+00 
 1.111221871149002e-07  1.195240213318959e+00 
 1.111421871149002e-07  1.195240213318957e+00 
 1.111621871149002e-07  1.195240213318959e+00 
 1.111821871149002e-07  1.195240213318957e+00 
 1.112021871149002e-07  1.195240213318959e+00 
 1.112221871149002e-07  1.195240213318957e+00 
 1.112421871149002e-07  1.195240213318958e+00 
 1.112621871149002e-07  1.195240213318956e+00 
 1.112821871149002e-07  1.195240213318959e+00 
 1.113021871149002e-07  1.195240213318957e+00 
 1.113221871149002e-07  1.195240213318959e+00 
 1.113421871149001e-07  1.195240213318957e+00 
 1.113621871149001e-07  1.195240213318959e+00 
 1.113821871149001e-07  1.195240213318958e+00 
 1.114021871149001e-07  1.195240213318960e+00 
 1.114221871149001e-07  1.195240213318958e+00 
 1.114421871149001e-07  1.195240213318960e+00 
 1.114621871149001e-07  1.195240213318958e+00 
 1.114821871149001e-07  1.195240213318960e+00 
 1.115021871149001e-07  1.195240213318958e+00 
 1.115221871149001e-07  1.195240213318960e+00 
 1.115421871149001e-07  1.195240213318959e+00 
 1.115621871149001e-07  1.195240213318961e+00 
 1.115821871149001e-07  1.195240213318959e+00 
 1.116021871149001e-07  1.195240213318961e+00 
 1.116221871149001e-07  1.195240213318960e+00 
 1.116421871149001e-07  1.195240213318961e+00 
 1.116621871149001e-07  1.195240213318959e+00 
 1.116821871149001e-07  1.195240213318961e+00 
 1.117021871149001e-07  1.195240213318959e+00 
 1.117221871149001e-07  1.195240213318961e+00 
 1.117421871149001e-07  1.195240213318960e+00 
 1.117621871149001e-07  1.195240213318962e+00 
 1.117821871149001e-07  1.195240213318960e+00 
 1.118021871149001e-07  1.195240213318962e+00 
 1.118221871149001e-07  1.195240213318961e+00 
 1.118421871149001e-07  1.195240213318962e+00 
 1.118621871149000e-07  1.195240213318961e+00 
 1.118821871149000e-07  1.195240213318963e+00 
 1.119021871149000e-07  1.195240213318961e+00 
 1.119221871149000e-07  1.195240213318962e+00 
 1.119421871149000e-07  1.195240213318960e+00 
 1.119621871149000e-07  1.195240213318961e+00 
 1.119821871149000e-07  1.195240213318959e+00 
 1.120021871149000e-07  1.195240213318961e+00 
 1.120221871149000e-07  1.195240213318959e+00 
 1.120421871149000e-07  1.195240213318961e+00 
 1.120621871149000e-07  1.195240213318959e+00 
 1.120821871149000e-07  1.195240213318961e+00 
 1.121021871149000e-07  1.195240213318959e+00 
 1.121221871149000e-07  1.195240213318961e+00 
 1.121421871149000e-07  1.195240213318959e+00 
 1.121621871149000e-07  1.195240213318960e+00 
 1.121821871149000e-07  1.195240213318958e+00 
 1.122021871149000e-07  1.195240213318960e+00 
 1.122221871149000e-07  1.195240213318958e+00 
 1.122421871149000e-07  1.195240213318960e+00 
 1.122621871149000e-07  1.195240213318957e+00 
 1.122821871149000e-07  1.195240213318959e+00 
 1.123021871149000e-07  1.195240213318957e+00 
 1.123221871149000e-07  1.195240213318959e+00 
 1.123421871149000e-07  1.195240213318957e+00 
 1.123621871149000e-07  1.195240213318959e+00 
 1.123821871148999e-07  1.195240213318958e+00 
 1.124021871148999e-07  1.195240213318961e+00 
 1.124221871148999e-07  1.195240213318959e+00 
 1.124421871148999e-07  1.195240213318961e+00 
 1.124621871148999e-07  1.195240213318959e+00 
 1.124821871148999e-07  1.195240213318961e+00 
 1.125021871148999e-07  1.195240213318959e+00 
 1.125221871148999e-07  1.195240213318961e+00 
 1.125421871148999e-07  1.195240213318960e+00 
 1.125621871148999e-07  1.195240213318962e+00 
 1.125821871148999e-07  1.195240213318960e+00 
 1.126021871148999e-07  1.195240213318962e+00 
 1.126221871148999e-07  1.195240213318960e+00 
 1.126421871148999e-07  1.195240213318962e+00 
 1.126621871148999e-07  1.195240213318961e+00 
 1.126821871148999e-07  1.195240213318963e+00 
 1.127021871148999e-07  1.195240213318961e+00 
 1.127221871148999e-07  1.195240213318962e+00 
 1.127421871148999e-07  1.195240213318960e+00 
 1.127621871148999e-07  1.195240213318962e+00 
 1.127821871148999e-07  1.195240213318961e+00 
 1.128021871148999e-07  1.195240213318962e+00 
 1.128221871148999e-07  1.195240213318961e+00 
 1.128421871148999e-07  1.195240213318962e+00 
 1.128621871148999e-07  1.195240213318961e+00 
 1.128821871148999e-07  1.195240213318962e+00 
 1.129021871148999e-07  1.195240213318960e+00 
 1.129221871148998e-07  1.195240213318962e+00 
 1.129421871148998e-07  1.195240213318960e+00 
 1.129621871148998e-07  1.195240213318962e+00 
 1.129821871148998e-07  1.195240213318961e+00 
 1.130021871148998e-07  1.195240213318962e+00 
 1.130221871148998e-07  1.195240213318961e+00 
 1.130421871148998e-07  1.195240213318962e+00 
 1.130621871148998e-07  1.195240213318961e+00 
 1.130821871148998e-07  1.195240213318962e+00 
 1.131021871148998e-07  1.195240213318961e+00 
 1.131221871148998e-07  1.195240213318963e+00 
 1.131421871148998e-07  1.195240213318961e+00 
 1.131621871148998e-07  1.195240213318962e+00 
 1.131821871148998e-07  1.195240213318960e+00 
 1.132021871148998e-07  1.195240213318962e+00 
 1.132221871148998e-07  1.195240213318960e+00 
 1.132421871148998e-07  1.195240213318962e+00 
 1.132621871148998e-07  1.195240213318961e+00 
 1.132821871148998e-07  1.195240213318962e+00 
 1.133021871148998e-07  1.195240213318960e+00 
 1.133221871148998e-07  1.195240213318962e+00 
 1.133421871148998e-07  1.195240213318960e+00 
 1.133621871148998e-07  1.195240213318962e+00 
 1.133821871148998e-07  1.195240213318960e+00 
 1.134021871148998e-07  1.195240213318961e+00 
 1.134221871148998e-07  1.195240213318960e+00 
 1.134421871148997e-07  1.195240213318961e+00 
 1.134621871148997e-07  1.195240213318959e+00 
 1.134821871148997e-07  1.195240213318961e+00 
 1.135021871148997e-07  1.195240213318959e+00 
 1.135221871148997e-07  1.195240213318961e+00 
 1.135421871148997e-07  1.195240213318960e+00 
 1.135621871148997e-07  1.195240213318962e+00 
 1.135821871148997e-07  1.195240213318961e+00 
 1.136021871148997e-07  1.195240213318963e+00 
 1.136221871148997e-07  1.195240213318961e+00 
 1.136421871148997e-07  1.195240213318963e+00 
 1.136621871148997e-07  1.195240213318961e+00 
 1.136821871148997e-07  1.195240213318963e+00 
 1.137021871148997e-07  1.195240213318962e+00 
 1.137221871148997e-07  1.195240213318963e+00 
 1.137421871148997e-07  1.195240213318962e+00 
 1.137621871148997e-07  1.195240213318963e+00 
 1.137821871148997e-07  1.195240213318961e+00 
 1.138021871148997e-07  1.195240213318963e+00 
 1.138221871148997e-07  1.195240213318961e+00 
 1.138421871148997e-07  1.195240213318963e+00 
 1.138621871148997e-07  1.195240213318962e+00 
 1.138821871148997e-07  1.195240213318963e+00 
 1.139021871148997e-07  1.195240213318962e+00 
 1.139221871148997e-07  1.195240213318964e+00 
 1.139421871148997e-07  1.195240213318962e+00 
 1.139621871148997e-07  1.195240213318963e+00 
 1.139821871148996e-07  1.195240213318962e+00 
 1.140021871148996e-07  1.195240213318963e+00 
 1.140221871148996e-07  1.195240213318961e+00 
 1.140421871148996e-07  1.195240213318963e+00 
 1.140621871148996e-07  1.195240213318962e+00 
 1.140821871148996e-07  1.195240213318963e+00 
 1.141021871148996e-07  1.195240213318962e+00 
 1.141221871148996e-07  1.195240213318963e+00 
 1.141421871148996e-07  1.195240213318962e+00 
 1.141621871148996e-07  1.195240213318963e+00 
 1.141821871148996e-07  1.195240213318962e+00 
 1.142021871148996e-07  1.195240213318964e+00 
 1.142221871148996e-07  1.195240213318962e+00 
 1.142421871148996e-07  1.195240213318964e+00 
 1.142621871148996e-07  1.195240213318962e+00 
 1.142821871148996e-07  1.195240213318964e+00 
 1.143021871148996e-07  1.195240213318962e+00 
 1.143221871148996e-07  1.195240213318964e+00 
 1.143421871148996e-07  1.195240213318962e+00 
 1.143621871148996e-07  1.195240213318963e+00 
 1.143821871148996e-07  1.195240213318962e+00 
 1.144021871148996e-07  1.195240213318963e+00 
 1.144221871148996e-07  1.195240213318962e+00 
 1.144421871148996e-07  1.195240213318963e+00 
 1.144621871148996e-07  1.195240213318961e+00 
 1.144821871148996e-07  1.195240213318962e+00 
 1.145021871148995e-07  1.195240213318961e+00 
 1.145221871148995e-07  1.195240213318962e+00 
 1.145421871148995e-07  1.195240213318961e+00 
 1.145621871148995e-07  1.195240213318962e+00 
 1.145821871148995e-07  1.195240213318960e+00 
 1.146021871148995e-07  1.195240213318962e+00 
 1.146221871148995e-07  1.195240213318961e+00 
 1.146421871148995e-07  1.195240213318962e+00 
 1.146621871148995e-07  1.195240213318960e+00 
 1.146821871148995e-07  1.195240213318961e+00 
 1.147021871148995e-07  1.195240213318960e+00 
 1.147221871148995e-07  1.195240213318961e+00 
 1.147421871148995e-07  1.195240213318960e+00 
 1.147621871148995e-07  1.195240213318961e+00 
 1.147821871148995e-07  1.195240213318959e+00 
 1.148021871148995e-07  1.195240213318961e+00 
 1.148221871148995e-07  1.195240213318959e+00 
 1.148421871148995e-07  1.195240213318961e+00 
 1.148621871148995e-07  1.195240213318959e+00 
 1.148821871148995e-07  1.195240213318961e+00 
 1.149021871148995e-07  1.195240213318960e+00 
 1.149221871148995e-07  1.195240213318961e+00 
 1.149421871148995e-07  1.195240213318960e+00 
 1.149621871148995e-07  1.195240213318962e+00 
 1.149821871148995e-07  1.195240213318961e+00 
 1.150021871148995e-07  1.195240213318962e+00 
 1.150221871148994e-07  1.195240213318961e+00 
 1.150421871148994e-07  1.195240213318962e+00 
 1.150621871148994e-07  1.195240213318961e+00 
 1.150821871148994e-07  1.195240213318963e+00 
 1.151021871148994e-07  1.195240213318961e+00 
 1.151221871148994e-07  1.195240213318963e+00 
 1.151421871148994e-07  1.195240213318962e+00 
 1.151621871148994e-07  1.195240213318964e+00 
 1.151821871148994e-07  1.195240213318962e+00 
 1.152021871148994e-07  1.195240213318964e+00 
 1.152221871148994e-07  1.195240213318962e+00 
 1.152421871148994e-07  1.195240213318963e+00 
 1.152621871148994e-07  1.195240213318963e+00 
 1.152821871148994e-07  1.195240213318964e+00 
 1.153021871148994e-07  1.195240213318963e+00 
 1.153221871148994e-07  1.195240213318965e+00 
 1.153421871148994e-07  1.195240213318964e+00 
 1.153621871148994e-07  1.195240213318965e+00 
 1.153821871148994e-07  1.195240213318964e+00 
 1.154021871148994e-07  1.195240213318965e+00 
 1.154221871148994e-07  1.195240213318965e+00 
 1.154421871148994e-07  1.195240213318966e+00 
 1.154621871148994e-07  1.195240213318965e+00 
 1.154821871148994e-07  1.195240213318967e+00 
 1.155021871148994e-07  1.195240213318966e+00 
 1.155221871148994e-07  1.195240213318967e+00 
 1.155421871148994e-07  1.195240213318966e+00 
 1.155621871148993e-07  1.195240213318967e+00 
 1.155821871148993e-07  1.195240213318966e+00 
 1.156021871148993e-07  1.195240213318967e+00 
 1.156221871148993e-07  1.195240213318966e+00 
 1.156421871148993e-07  1.195240213318967e+00 
 1.156621871148993e-07  1.195240213318966e+00 
 1.156821871148993e-07  1.195240213318968e+00 
 1.157021871148993e-07  1.195240213318967e+00 
 1.157221871148993e-07  1.195240213318968e+00 
 1.157421871148993e-07  1.195240213318967e+00 
 1.157621871148993e-07  1.195240213318968e+00 
 1.157821871148993e-07  1.195240213318967e+00 
 1.158021871148993e-07  1.195240213318968e+00 
 1.158221871148993e-07  1.195240213318967e+00 
 1.158421871148993e-07  1.195240213318968e+00 
 1.158621871148993e-07  1.195240213318966e+00 
 1.158821871148993e-07  1.195240213318967e+00 
 1.159021871148993e-07  1.195240213318966e+00 
 1.159221871148993e-07  1.195240213318967e+00 
 1.159421871148993e-07  1.195240213318965e+00 
 1.159621871148993e-07  1.195240213318967e+00 
 1.159821871148993e-07  1.195240213318966e+00 
 1.160021871148993e-07  1.195240213318967e+00 
 1.160221871148993e-07  1.195240213318965e+00 
 1.160421871148993e-07  1.195240213318967e+00 
 1.160621871148993e-07  1.195240213318965e+00 
 1.160821871148992e-07  1.195240213318967e+00 
 1.161021871148992e-07  1.195240213318965e+00 
 1.161221871148992e-07  1.195240213318967e+00 
 1.161421871148992e-07  1.195240213318965e+00 
 1.161621871148992e-07  1.195240213318966e+00 
 1.161821871148992e-07  1.195240213318965e+00 
 1.162021871148992e-07  1.195240213318966e+00 
 1.162221871148992e-07  1.195240213318964e+00 
 1.162421871148992e-07  1.195240213318965e+00 
 1.162621871148992e-07  1.195240213318964e+00 
 1.162821871148992e-07  1.195240213318966e+00 
 1.163021871148992e-07  1.195240213318964e+00 
 1.163221871148992e-07  1.195240213318965e+00 
 1.163421871148992e-07  1.195240213318964e+00 
 1.163621871148992e-07  1.195240213318965e+00 
 1.163821871148992e-07  1.195240213318964e+00 
 1.164021871148992e-07  1.195240213318965e+00 
 1.164221871148992e-07  1.195240213318964e+00 
 1.164421871148992e-07  1.195240213318966e+00 
 1.164621871148992e-07  1.195240213318965e+00 
 1.164821871148992e-07  1.195240213318966e+00 
 1.165021871148992e-07  1.195240213318965e+00 
 1.165221871148992e-07  1.195240213318966e+00 
 1.165421871148992e-07  1.195240213318965e+00 
 1.165621871148992e-07  1.195240213318966e+00 
 1.165821871148992e-07  1.195240213318965e+00 
 1.166021871148991e-07  1.195240213318966e+00 
 1.166221871148991e-07  1.195240213318964e+00 
 1.166421871148991e-07  1.195240213318965e+00 
 1.166621871148991e-07  1.195240213318964e+00 
 1.166821871148991e-07  1.195240213318966e+00 
 1.167021871148991e-07  1.195240213318965e+00 
 1.167221871148991e-07  1.195240213318966e+00 
 1.167421871148991e-07  1.195240213318965e+00 
 1.167621871148991e-07  1.195240213318966e+00 
 1.167821871148991e-07  1.195240213318965e+00 
 1.168021871148991e-07  1.195240213318966e+00 
 1.168221871148991e-07  1.195240213318964e+00 
 1.168421871148991e-07  1.195240213318966e+00 
 1.168621871148991e-07  1.195240213318965e+00 
 1.168821871148991e-07  1.195240213318966e+00 
 1.169021871148991e-07  1.195240213318965e+00 
 1.169221871148991e-07  1.195240213318966e+00 
 1.169421871148991e-07  1.195240213318965e+00 
 1.169621871148991e-07  1.195240213318966e+00 
 1.169821871148991e-07  1.195240213318965e+00 
 1.170021871148991e-07  1.195240213318966e+00 
 1.170221871148991e-07  1.195240213318965e+00 
 1.170421871148991e-07  1.195240213318966e+00 
 1.170621871148991e-07  1.195240213318965e+00 
 1.170821871148991e-07  1.195240213318966e+00 
 1.171021871148991e-07  1.195240213318965e+00 
 1.171221871148991e-07  1.195240213318966e+00 
 1.171421871148990e-07  1.195240213318965e+00 
 1.171621871148990e-07  1.195240213318966e+00 
 1.171821871148990e-07  1.195240213318965e+00 
 1.172021871148990e-07  1.195240213318966e+00 
 1.172221871148990e-07  1.195240213318965e+00 
 1.172421871148990e-07  1.195240213318966e+00 
 1.172621871148990e-07  1.195240213318965e+00 
 1.172821871148990e-07  1.195240213318966e+00 
 1.173021871148990e-07  1.195240213318965e+00 
 1.173221871148990e-07  1.195240213318966e+00 
 1.173421871148990e-07  1.195240213318965e+00 
 1.173621871148990e-07  1.195240213318966e+00 
 1.173821871148990e-07  1.195240213318964e+00 
 1.174021871148990e-07  1.195240213318965e+00 
 1.174221871148990e-07  1.195240213318964e+00 
 1.174421871148990e-07  1.195240213318964e+00 
 1.174621871148990e-07  1.195240213318963e+00 
 1.174821871148990e-07  1.195240213318964e+00 
 1.175021871148990e-07  1.195240213318963e+00 
 1.175221871148990e-07  1.195240213318964e+00 
 1.175421871148990e-07  1.195240213318963e+00 
 1.175621871148990e-07  1.195240213318963e+00 
 1.175821871148990e-07  1.195240213318962e+00 
 1.176021871148990e-07  1.195240213318963e+00 
 1.176221871148990e-07  1.195240213318961e+00 
 1.176421871148990e-07  1.195240213318962e+00 
 1.176621871148989e-07  1.195240213318961e+00 
 1.176821871148989e-07  1.195240213318962e+00 
 1.177021871148989e-07  1.195240213318961e+00 
 1.177221871148989e-07  1.195240213318961e+00 
 1.177421871148989e-07  1.195240213318960e+00 
 1.177621871148989e-07  1.195240213318961e+00 
 1.177821871148989e-07  1.195240213318960e+00 
 1.178021871148989e-07  1.195240213318961e+00 
 1.178221871148989e-07  1.195240213318960e+00 
 1.178421871148989e-07  1.195240213318960e+00 
 1.178621871148989e-07  1.195240213318959e+00 
 1.178821871148989e-07  1.195240213318960e+00 
 1.179021871148989e-07  1.195240213318959e+00 
 1.179221871148989e-07  1.195240213318960e+00 
 1.179421871148989e-07  1.195240213318959e+00 
 1.179621871148989e-07  1.195240213318959e+00 
 1.179821871148989e-07  1.195240213318958e+00 
 1.180021871148989e-07  1.195240213318960e+00 
 1.180221871148989e-07  1.195240213318959e+00 
 1.180421871148989e-07  1.195240213318960e+00 
 1.180621871148989e-07  1.195240213318959e+00 
 1.180821871148989e-07  1.195240213318960e+00 
 1.181021871148989e-07  1.195240213318959e+00 
 1.181221871148989e-07  1.195240213318960e+00 
 1.181421871148989e-07  1.195240213318959e+00 
 1.181621871148989e-07  1.195240213318960e+00 
 1.181821871148989e-07  1.195240213318959e+00 
 1.182021871148988e-07  1.195240213318961e+00 
 1.182221871148988e-07  1.195240213318960e+00 
 1.182421871148988e-07  1.195240213318961e+00 
 1.182621871148988e-07  1.195240213318960e+00 
 1.182821871148988e-07  1.195240213318961e+00 
 1.183021871148988e-07  1.195240213318960e+00 
 1.183221871148988e-07  1.195240213318961e+00 
 1.183421871148988e-07  1.195240213318960e+00 
 1.183621871148988e-07  1.195240213318961e+00 
 1.183821871148988e-07  1.195240213318961e+00 
 1.184021871148988e-07  1.195240213318962e+00 
 1.184221871148988e-07  1.195240213318961e+00 
 1.184421871148988e-07  1.195240213318962e+00 
 1.184621871148988e-07  1.195240213318961e+00 
 1.184821871148988e-07  1.195240213318962e+00 
 1.185021871148988e-07  1.195240213318961e+00 
 1.185221871148988e-07  1.195240213318962e+00 
 1.185421871148988e-07  1.195240213318961e+00 
 1.185621871148988e-07  1.195240213318962e+00 
 1.185821871148988e-07  1.195240213318961e+00 
 1.186021871148988e-07  1.195240213318962e+00 
 1.186221871148988e-07  1.195240213318961e+00 
 1.186421871148988e-07  1.195240213318962e+00 
 1.186621871148988e-07  1.195240213318961e+00 
 1.186821871148988e-07  1.195240213318961e+00 
 1.187021871148988e-07  1.195240213318960e+00 
 1.187221871148987e-07  1.195240213318962e+00 
 1.187421871148987e-07  1.195240213318961e+00 
 1.187621871148987e-07  1.195240213318962e+00 
 1.187821871148987e-07  1.195240213318961e+00 
 1.188021871148987e-07  1.195240213318963e+00 
 1.188221871148987e-07  1.195240213318962e+00 
 1.188421871148987e-07  1.195240213318964e+00 
 1.188621871148987e-07  1.195240213318963e+00 
 1.188821871148987e-07  1.195240213318964e+00 
 1.189021871148987e-07  1.195240213318963e+00 
 1.189221871148987e-07  1.195240213318964e+00 
 1.189421871148987e-07  1.195240213318962e+00 
 1.189621871148987e-07  1.195240213318963e+00 
 1.189821871148987e-07  1.195240213318963e+00 
 1.190021871148987e-07  1.195240213318963e+00 
 1.190221871148987e-07  1.195240213318963e+00 
 1.190421871148987e-07  1.195240213318964e+00 
 1.190621871148987e-07  1.195240213318964e+00 
 1.190821871148987e-07  1.195240213318965e+00 
 1.191021871148987e-07  1.195240213318964e+00 
 1.191221871148987e-07  1.195240213318965e+00 
 1.191421871148987e-07  1.195240213318964e+00 
 1.191621871148987e-07  1.195240213318965e+00 
 1.191821871148987e-07  1.195240213318963e+00 
 1.192021871148987e-07  1.195240213318964e+00 
 1.192221871148987e-07  1.195240213318963e+00 
 1.192421871148987e-07  1.195240213318963e+00 
 1.192621871148987e-07  1.195240213318962e+00 
 1.192821871148987e-07  1.195240213318963e+00 
 1.193021871148987e-07  1.195240213318961e+00 
 1.193221871148986e-07  1.195240213318962e+00 
 1.193421871148986e-07  1.195240213318961e+00 
 1.193621871148986e-07  1.195240213318962e+00 
 1.193821871148986e-07  1.195240213318961e+00 
 1.194021871148986e-07  1.195240213318962e+00 
 1.194221871148986e-07  1.195240213318961e+00 
 1.194421871148986e-07  1.195240213318961e+00 
 1.194621871148986e-07  1.195240213318960e+00 
 1.194821871148986e-07  1.195240213318961e+00 
 1.195021871148986e-07  1.195240213318960e+00 
 1.195221871148986e-07  1.195240213318961e+00 
 1.195421871148986e-07  1.195240213318960e+00 
 1.195621871148986e-07  1.195240213318961e+00 
 1.195821871148986e-07  1.195240213318960e+00 
 1.196021871148986e-07  1.195240213318961e+00 
 1.196221871148986e-07  1.195240213318960e+00 
 1.196421871148986e-07  1.195240213318960e+00 
 1.196621871148986e-07  1.195240213318959e+00 
 1.196821871148986e-07  1.195240213318960e+00 
 1.197021871148986e-07  1.195240213318959e+00 
 1.197221871148986e-07  1.195240213318960e+00 
 1.197421871148986e-07  1.195240213318959e+00 
 1.197621871148986e-07  1.195240213318960e+00 
 1.197821871148986e-07  1.195240213318959e+00 
 1.198021871148986e-07  1.195240213318960e+00 
 1.198221871148986e-07  1.195240213318959e+00 
 1.198421871148985e-07  1.195240213318960e+00 
 1.198621871148985e-07  1.195240213318959e+00 
 1.198821871148985e-07  1.195240213318959e+00 
 1.199021871148985e-07  1.195240213318958e+00 
 1.199221871148985e-07  1.195240213318958e+00 
 1.199421871148985e-07  1.195240213318957e+00 
 1.199621871148985e-07  1.195240213318958e+00 
 1.199821871148985e-07  1.195240213318957e+00 
 1.200021871148985e-07  1.195240213318958e+00 
 1.200221871148985e-07  1.195240213318957e+00 
 1.200421871148985e-07  1.195240213318958e+00 
 1.200621871148985e-07  1.195240213318958e+00 
 1.200821871148985e-07  1.195240213318959e+00 
 1.201021871148985e-07  1.195240213318959e+00 
 1.201221871148985e-07  1.195240213318960e+00 
 1.201421871148985e-07  1.195240213318959e+00 
 1.201621871148985e-07  1.195240213318960e+00 
 1.201821871148985e-07  1.195240213318959e+00 
 1.202021871148985e-07  1.195240213318961e+00 
 1.202221871148985e-07  1.195240213318960e+00 
 1.202421871148985e-07  1.195240213318961e+00 
 1.202621871148985e-07  1.195240213318961e+00 
 1.202821871148985e-07  1.195240213318962e+00 
 1.203021871148985e-07  1.195240213318962e+00 
 1.203221871148985e-07  1.195240213318963e+00 
 1.203421871148985e-07  1.195240213318962e+00 
 1.203621871148985e-07  1.195240213318963e+00 
 1.203821871148984e-07  1.195240213318962e+00 
 1.204021871148984e-07  1.195240213318963e+00 
 1.204221871148984e-07  1.195240213318962e+00 
 1.204421871148984e-07  1.195240213318963e+00 
 1.204621871148984e-07  1.195240213318963e+00 
 1.204821871148984e-07  1.195240213318963e+00 
 1.205021871148984e-07  1.195240213318962e+00 
 1.205221871148984e-07  1.195240213318963e+00 
 1.205421871148984e-07  1.195240213318962e+00 
 1.205621871148984e-07  1.195240213318963e+00 
 1.205821871148984e-07  1.195240213318962e+00 
 1.206021871148984e-07  1.195240213318964e+00 
 1.206221871148984e-07  1.195240213318963e+00 
 1.206421871148984e-07  1.195240213318964e+00 
 1.206621871148984e-07  1.195240213318963e+00 
 1.206821871148984e-07  1.195240213318964e+00 
 1.207021871148984e-07  1.195240213318963e+00 
 1.207221871148984e-07  1.195240213318964e+00 
 1.207421871148984e-07  1.195240213318963e+00 
 1.207621871148984e-07  1.195240213318964e+00 
 1.207821871148984e-07  1.195240213318963e+00 
 1.208021871148984e-07  1.195240213318964e+00 
 1.208221871148984e-07  1.195240213318963e+00 
 1.208421871148984e-07  1.195240213318964e+00 
 1.208621871148984e-07  1.195240213318963e+00 
 1.208821871148984e-07  1.195240213318964e+00 
 1.209021871148983e-07  1.195240213318963e+00 
 1.209221871148983e-07  1.195240213318964e+00 
 1.209421871148983e-07  1.195240213318963e+00 
 1.209621871148983e-07  1.195240213318964e+00 
 1.209821871148983e-07  1.195240213318964e+00 
 1.210021871148983e-07  1.195240213318965e+00 
 1.210221871148983e-07  1.195240213318964e+00 
 1.210421871148983e-07  1.195240213318965e+00 
 1.210621871148983e-07  1.195240213318964e+00 
 1.210821871148983e-07  1.195240213318965e+00 
 1.211021871148983e-07  1.195240213318965e+00 
 1.211221871148983e-07  1.195240213318965e+00 
 1.211421871148983e-07  1.195240213318964e+00 
 1.211621871148983e-07  1.195240213318965e+00 
 1.211821871148983e-07  1.195240213318964e+00 
 1.212021871148983e-07  1.195240213318965e+00 
 1.212221871148983e-07  1.195240213318965e+00 
 1.212421871148983e-07  1.195240213318966e+00 
 1.212621871148983e-07  1.195240213318965e+00 
 1.212821871148983e-07  1.195240213318965e+00 
 1.213021871148983e-07  1.195240213318964e+00 
 1.213221871148983e-07  1.195240213318965e+00 
 1.213421871148983e-07  1.195240213318964e+00 
 1.213621871148983e-07  1.195240213318965e+00 
 1.213821871148983e-07  1.195240213318964e+00 
 1.214021871148983e-07  1.195240213318965e+00 
 1.214221871148982e-07  1.195240213318964e+00 
 1.214421871148982e-07  1.195240213318964e+00 
 1.214621871148982e-07  1.195240213318964e+00 
 1.214821871148982e-07  1.195240213318964e+00 
 1.215021871148982e-07  1.195240213318964e+00 
 1.215221871148982e-07  1.195240213318964e+00 
 1.215421871148982e-07  1.195240213318964e+00 
 1.215621871148982e-07  1.195240213318964e+00 
 1.215821871148982e-07  1.195240213318963e+00 
 1.216021871148982e-07  1.195240213318964e+00 
 1.216221871148982e-07  1.195240213318963e+00 
 1.216421871148982e-07  1.195240213318963e+00 
 1.216621871148982e-07  1.195240213318962e+00 
 1.216821871148982e-07  1.195240213318962e+00 
 1.217021871148982e-07  1.195240213318961e+00 
 1.217221871148982e-07  1.195240213318962e+00 
 1.217421871148982e-07  1.195240213318961e+00 
 1.217621871148982e-07  1.195240213318961e+00 
 1.217821871148982e-07  1.195240213318960e+00 
 1.218021871148982e-07  1.195240213318961e+00 
 1.218221871148982e-07  1.195240213318960e+00 
 1.218421871148982e-07  1.195240213318960e+00 
 1.218621871148982e-07  1.195240213318959e+00 
 1.218821871148982e-07  1.195240213318960e+00 
 1.219021871148982e-07  1.195240213318959e+00 
 1.219221871148982e-07  1.195240213318960e+00 
 1.219421871148982e-07  1.195240213318959e+00 
 1.219621871148981e-07  1.195240213318960e+00 
 1.219821871148981e-07  1.195240213318959e+00 
 1.220021871148981e-07  1.195240213318961e+00 
 1.220221871148981e-07  1.195240213318960e+00 
 1.220421871148981e-07  1.195240213318961e+00 
 1.220621871148981e-07  1.195240213318960e+00 
 1.220821871148981e-07  1.195240213318961e+00 
 1.221021871148981e-07  1.195240213318960e+00 
 1.221221871148981e-07  1.195240213318960e+00 
 1.221421871148981e-07  1.195240213318959e+00 
 1.221621871148981e-07  1.195240213318959e+00 
 1.221821871148981e-07  1.195240213318958e+00 
 1.222021871148981e-07  1.195240213318959e+00 
 1.222221871148981e-07  1.195240213318958e+00 
 1.222421871148981e-07  1.195240213318958e+00 
 1.222621871148981e-07  1.195240213318958e+00 
 1.222821871148981e-07  1.195240213318959e+00 
 1.223021871148981e-07  1.195240213318958e+00 
 1.223221871148981e-07  1.195240213318959e+00 
 1.223421871148981e-07  1.195240213318958e+00 
 1.223621871148981e-07  1.195240213318959e+00 
 1.223821871148981e-07  1.195240213318958e+00 
 1.224021871148981e-07  1.195240213318959e+00 
 1.224221871148981e-07  1.195240213318958e+00 
 1.224421871148981e-07  1.195240213318959e+00 
 1.224621871148981e-07  1.195240213318959e+00 
 1.224821871148980e-07  1.195240213318960e+00 
 1.225021871148980e-07  1.195240213318959e+00 
 1.225221871148980e-07  1.195240213318960e+00 
 1.225421871148980e-07  1.195240213318959e+00 
 1.225621871148980e-07  1.195240213318960e+00 
 1.225821871148980e-07  1.195240213318960e+00 
 1.226021871148980e-07  1.195240213318961e+00 
 1.226221871148980e-07  1.195240213318960e+00 
 1.226421871148980e-07  1.195240213318961e+00 
 1.226621871148980e-07  1.195240213318961e+00 
 1.226821871148980e-07  1.195240213318961e+00 
 1.227021871148980e-07  1.195240213318961e+00 
 1.227221871148980e-07  1.195240213318961e+00 
 1.227421871148980e-07  1.195240213318961e+00 
 1.227621871148980e-07  1.195240213318961e+00 
 1.227821871148980e-07  1.195240213318961e+00 
 1.228021871148980e-07  1.195240213318962e+00 
 1.228221871148980e-07  1.195240213318961e+00 
 1.228421871148980e-07  1.195240213318962e+00 
 1.228621871148980e-07  1.195240213318961e+00 
 1.228821871148980e-07  1.195240213318961e+00 
 1.229021871148980e-07  1.195240213318961e+00 
 1.229221871148980e-07  1.195240213318961e+00 
 1.229421871148980e-07  1.195240213318961e+00 
 1.229621871148980e-07  1.195240213318961e+00 
 1.229821871148980e-07  1.195240213318961e+00 
 1.230021871148979e-07  1.195240213318962e+00 
 1.230221871148979e-07  1.195240213318961e+00 
 1.230421871148979e-07  1.195240213318962e+00 
 1.230621871148979e-07  1.195240213318962e+00 
 1.230821871148979e-07  1.195240213318962e+00 
 1.231021871148979e-07  1.195240213318962e+00 
 1.231221871148979e-07  1.195240213318963e+00 
 1.231421871148979e-07  1.195240213318962e+00 
 1.231621871148979e-07  1.195240213318963e+00 
 1.231821871148979e-07  1.195240213318962e+00 
 1.232021871148979e-07  1.195240213318963e+00 
 1.232221871148979e-07  1.195240213318962e+00 
 1.232421871148979e-07  1.195240213318963e+00 
 1.232621871148979e-07  1.195240213318963e+00 
 1.232821871148979e-07  1.195240213318963e+00 
 1.233021871148979e-07  1.195240213318963e+00 
 1.233221871148979e-07  1.195240213318964e+00 
 1.233421871148979e-07  1.195240213318963e+00 
 1.233621871148979e-07  1.195240213318964e+00 
 1.233821871148979e-07  1.195240213318963e+00 
 1.234021871148979e-07  1.195240213318964e+00 
 1.234221871148979e-07  1.195240213318963e+00 
 1.234421871148979e-07  1.195240213318963e+00 
 1.234621871148979e-07  1.195240213318963e+00 
 1.234821871148979e-07  1.195240213318963e+00 
 1.235021871148979e-07  1.195240213318963e+00 
 1.235221871148979e-07  1.195240213318964e+00 
 1.235421871148978e-07  1.195240213318964e+00 
 1.235621871148978e-07  1.195240213318965e+00 
 1.235821871148978e-07  1.195240213318964e+00 
 1.236021871148978e-07  1.195240213318965e+00 
 1.236221871148978e-07  1.195240213318965e+00 
 1.236421871148978e-07  1.195240213318966e+00 
 1.236621871148978e-07  1.195240213318965e+00 
 1.236821871148978e-07  1.195240213318966e+00 
 1.237021871148978e-07  1.195240213318966e+00 
 1.237221871148978e-07  1.195240213318967e+00 
 1.237421871148978e-07  1.195240213318966e+00 
 1.237621871148978e-07  1.195240213318967e+00 
 1.237821871148978e-07  1.195240213318967e+00 
 1.238021871148978e-07  1.195240213318968e+00 
 1.238221871148978e-07  1.195240213318968e+00 
 1.238421871148978e-07  1.195240213318968e+00 
 1.238621871148978e-07  1.195240213318968e+00 
 1.238821871148978e-07  1.195240213318969e+00 
 1.239021871148978e-07  1.195240213318968e+00 
 1.239221871148978e-07  1.195240213318969e+00 
 1.239421871148978e-07  1.195240213318968e+00 
 1.239621871148978e-07  1.195240213318969e+00 
 1.239821871148978e-07  1.195240213318968e+00 
 1.240021871148978e-07  1.195240213318969e+00 
 1.240221871148978e-07  1.195240213318967e+00 
 1.240421871148978e-07  1.195240213318968e+00 
 1.240621871148977e-07  1.195240213318967e+00 
 1.240821871148977e-07  1.195240213318967e+00 
 1.241021871148977e-07  1.195240213318967e+00 
 1.241221871148977e-07  1.195240213318967e+00 
 1.241421871148977e-07  1.195240213318966e+00 
 1.241621871148977e-07  1.195240213318966e+00 
 1.241821871148977e-07  1.195240213318965e+00 
 1.242021871148977e-07  1.195240213318965e+00 
 1.242221871148977e-07  1.195240213318965e+00 
 1.242421871148977e-07  1.195240213318965e+00 
 1.242621871148977e-07  1.195240213318965e+00 
 1.242821871148977e-07  1.195240213318965e+00 
 1.243021871148977e-07  1.195240213318964e+00 
 1.243221871148977e-07  1.195240213318964e+00 
 1.243421871148977e-07  1.195240213318963e+00 
 1.243621871148977e-07  1.195240213318964e+00 
 1.243821871148977e-07  1.195240213318963e+00 
 1.244021871148977e-07  1.195240213318963e+00 
 1.244221871148977e-07  1.195240213318962e+00 
 1.244421871148977e-07  1.195240213318962e+00 
 1.244621871148977e-07  1.195240213318961e+00 
 1.244821871148977e-07  1.195240213318961e+00 
 1.245021871148977e-07  1.195240213318960e+00 
 1.245221871148977e-07  1.195240213318961e+00 
 1.245421871148977e-07  1.195240213318960e+00 
 1.245621871148977e-07  1.195240213318960e+00 
 1.245821871148977e-07  1.195240213318959e+00 
 1.246021871148976e-07  1.195240213318960e+00 
 1.246221871148976e-07  1.195240213318959e+00 
 1.246421871148976e-07  1.195240213318959e+00 
 1.246621871148976e-07  1.195240213318958e+00 
 1.246821871148976e-07  1.195240213318959e+00 
 1.247021871148976e-07  1.195240213318958e+00 
 1.247221871148976e-07  1.195240213318958e+00 
 1.247421871148976e-07  1.195240213318958e+00 
 1.247621871148976e-07  1.195240213318959e+00 
 1.247821871148976e-07  1.195240213318958e+00 
 1.248021871148976e-07  1.195240213318958e+00 
 1.248221871148976e-07  1.195240213318958e+00 
 1.248421871148976e-07  1.195240213318958e+00 
 1.248621871148976e-07  1.195240213318957e+00 
 1.248821871148976e-07  1.195240213318958e+00 
 1.249021871148976e-07  1.195240213318957e+00 
 1.249221871148976e-07  1.195240213318958e+00 
 1.249421871148976e-07  1.195240213318957e+00 
 1.249621871148976e-07  1.195240213318958e+00 
 1.249821871148976e-07  1.195240213318957e+00 
 1.250021871148976e-07  1.195240213318958e+00 
 1.250221871148976e-07  1.195240213318958e+00 
 1.250421871148976e-07  1.195240213318958e+00 
 1.250621871148976e-07  1.195240213318958e+00 
 1.250821871148976e-07  1.195240213318958e+00 
 1.251021871148976e-07  1.195240213318958e+00 
 1.251221871148975e-07  1.195240213318958e+00 
 1.251421871148975e-07  1.195240213318958e+00 
 1.251621871148975e-07  1.195240213318958e+00 
 1.251821871148975e-07  1.195240213318957e+00 
 1.252021871148975e-07  1.195240213318958e+00 
 1.252221871148975e-07  1.195240213318958e+00 
 1.252421871148975e-07  1.195240213318959e+00 
 1.252621871148975e-07  1.195240213318958e+00 
 1.252821871148975e-07  1.195240213318959e+00 
 1.253021871148975e-07  1.195240213318958e+00 
 1.253221871148975e-07  1.195240213318959e+00 
 1.253421871148975e-07  1.195240213318959e+00 
 1.253621871148975e-07  1.195240213318959e+00 
 1.253821871148975e-07  1.195240213318959e+00 
 1.254021871148975e-07  1.195240213318959e+00 
 1.254221871148975e-07  1.195240213318959e+00 
 1.254421871148975e-07  1.195240213318960e+00 
 1.254621871148975e-07  1.195240213318960e+00 
 1.254821871148975e-07  1.195240213318961e+00 
 1.255021871148975e-07  1.195240213318960e+00 
 1.255221871148975e-07  1.195240213318961e+00 
 1.255421871148975e-07  1.195240213318960e+00 
 1.255621871148975e-07  1.195240213318961e+00 
 1.255821871148975e-07  1.195240213318961e+00 
 1.256021871148975e-07  1.195240213318961e+00 
 1.256221871148975e-07  1.195240213318961e+00 
 1.256421871148974e-07  1.195240213318961e+00 
 1.256621871148974e-07  1.195240213318961e+00 
 1.256821871148974e-07  1.195240213318961e+00 
 1.257021871148974e-07  1.195240213318961e+00 
 1.257221871148974e-07  1.195240213318961e+00 
 1.257421871148974e-07  1.195240213318961e+00 
 1.257621871148974e-07  1.195240213318961e+00 
 1.257821871148974e-07  1.195240213318960e+00 
 1.258021871148974e-07  1.195240213318960e+00 
 1.258221871148974e-07  1.195240213318960e+00 
 1.258421871148974e-07  1.195240213318960e+00 
 1.258621871148974e-07  1.195240213318960e+00 
 1.258821871148974e-07  1.195240213318960e+00 
 1.259021871148974e-07  1.195240213318960e+00 
 1.259221871148974e-07  1.195240213318960e+00 
 1.259421871148974e-07  1.195240213318959e+00 
 1.259621871148974e-07  1.195240213318960e+00 
 1.259821871148974e-07  1.195240213318960e+00 
 1.260021871148974e-07  1.195240213318960e+00 
 1.260221871148974e-07  1.195240213318960e+00 
 1.260421871148974e-07  1.195240213318961e+00 
 1.260621871148974e-07  1.195240213318960e+00 
 1.260821871148974e-07  1.195240213318961e+00 
 1.261021871148974e-07  1.195240213318960e+00 
 1.261221871148974e-07  1.195240213318960e+00 
 1.261421871148974e-07  1.195240213318960e+00 
 1.261621871148974e-07  1.195240213318960e+00 
 1.261821871148973e-07  1.195240213318960e+00 
 1.262021871148973e-07  1.195240213318960e+00 
 1.262221871148973e-07  1.195240213318960e+00 
 1.262421871148973e-07  1.195240213318960e+00 
 1.262621871148973e-07  1.195240213318959e+00 
 1.262821871148973e-07  1.195240213318960e+00 
 1.263021871148973e-07  1.195240213318960e+00 
 1.263221871148973e-07  1.195240213318960e+00 
 1.263421871148973e-07  1.195240213318960e+00 
 1.263621871148973e-07  1.195240213318961e+00 
 1.263821871148973e-07  1.195240213318960e+00 
 1.264021871148973e-07  1.195240213318961e+00 
 1.264221871148973e-07  1.195240213318961e+00 
 1.264421871148973e-07  1.195240213318961e+00 
 1.264621871148973e-07  1.195240213318961e+00 
 1.264821871148973e-07  1.195240213318961e+00 
 1.265021871148973e-07  1.195240213318961e+00 
 1.265221871148973e-07  1.195240213318961e+00 
 1.265421871148973e-07  1.195240213318961e+00 
 1.265621871148973e-07  1.195240213318961e+00 
 1.265821871148973e-07  1.195240213318961e+00 
 1.266021871148973e-07  1.195240213318961e+00 
 1.266221871148973e-07  1.195240213318961e+00 
 1.266421871148973e-07  1.195240213318962e+00 
 1.266621871148973e-07  1.195240213318961e+00 
 1.266821871148973e-07  1.195240213318962e+00 
 1.267021871148972e-07  1.195240213318961e+00 
 1.267221871148972e-07  1.195240213318961e+00 
 1.267421871148972e-07  1.195240213318960e+00 
 1.267621871148972e-07  1.195240213318961e+00 
 1.267821871148972e-07  1.195240213318960e+00 
 1.268021871148972e-07  1.195240213318960e+00 
 1.268221871148972e-07  1.195240213318960e+00 
 1.268421871148972e-07  1.195240213318960e+00 
 1.268621871148972e-07  1.195240213318959e+00 
 1.268821871148972e-07  1.195240213318960e+00 
 1.269021871148972e-07  1.195240213318959e+00 
 1.269221871148972e-07  1.195240213318959e+00 
 1.269421871148972e-07  1.195240213318959e+00 
 1.269621871148972e-07  1.195240213318959e+00 
 1.269821871148972e-07  1.195240213318958e+00 
 1.270021871148972e-07  1.195240213318959e+00 
 1.270221871148972e-07  1.195240213318958e+00 
 1.270421871148972e-07  1.195240213318959e+00 
 1.270621871148972e-07  1.195240213318959e+00 
 1.270821871148972e-07  1.195240213318960e+00 
 1.271021871148972e-07  1.195240213318959e+00 
 1.271221871148972e-07  1.195240213318960e+00 
 1.271421871148972e-07  1.195240213318959e+00 
 1.271621871148972e-07  1.195240213318960e+00 
 1.271821871148972e-07  1.195240213318960e+00 
 1.272021871148972e-07  1.195240213318960e+00 
 1.272221871148971e-07  1.195240213318960e+00 
 1.272421871148971e-07  1.195240213318960e+00 
 1.272621871148971e-07  1.195240213318960e+00 
 1.272821871148971e-07  1.195240213318960e+00 
 1.273021871148971e-07  1.195240213318960e+00 
 1.273221871148971e-07  1.195240213318961e+00 
 1.273421871148971e-07  1.195240213318961e+00 
 1.273621871148971e-07  1.195240213318961e+00 
 1.273821871148971e-07  1.195240213318961e+00 
 1.274021871148971e-07  1.195240213318961e+00 
 1.274221871148971e-07  1.195240213318960e+00 
 1.274421871148971e-07  1.195240213318961e+00 
 1.274621871148971e-07  1.195240213318960e+00 
 1.274821871148971e-07  1.195240213318961e+00 
 1.275021871148971e-07  1.195240213318960e+00 
 1.275221871148971e-07  1.195240213318961e+00 
 1.275421871148971e-07  1.195240213318960e+00 
 1.275621871148971e-07  1.195240213318961e+00 
 1.275821871148971e-07  1.195240213318960e+00 
 1.276021871148971e-07  1.195240213318961e+00 
 1.276221871148971e-07  1.195240213318960e+00 
 1.276421871148971e-07  1.195240213318961e+00 
 1.276621871148971e-07  1.195240213318960e+00 
 1.276821871148971e-07  1.195240213318961e+00 
 1.277021871148971e-07  1.195240213318960e+00 
 1.277221871148971e-07  1.195240213318960e+00 
 1.277421871148971e-07  1.195240213318960e+00 
 1.277621871148970e-07  1.195240213318960e+00 
 1.277821871148970e-07  1.195240213318960e+00 
 1.278021871148970e-07  1.195240213318960e+00 
 1.278221871148970e-07  1.195240213318960e+00 
 1.278421871148970e-07  1.195240213318960e+00 
 1.278621871148970e-07  1.195240213318960e+00 
 1.278821871148970e-07  1.195240213318960e+00 
 1.279021871148970e-07  1.195240213318959e+00 
 1.279221871148970e-07  1.195240213318959e+00 
 1.279421871148970e-07  1.195240213318959e+00 
 1.279621871148970e-07  1.195240213318959e+00 
 1.279821871148970e-07  1.195240213318959e+00 
 1.280021871148970e-07  1.195240213318959e+00 
 1.280221871148970e-07  1.195240213318959e+00 
 1.280421871148970e-07  1.195240213318959e+00 
 1.280621871148970e-07  1.195240213318959e+00 
 1.280821871148970e-07  1.195240213318959e+00 
 1.281021871148970e-07  1.195240213318958e+00 
 1.281221871148970e-07  1.195240213318959e+00 
 1.281421871148970e-07  1.195240213318958e+00 
 1.281621871148970e-07  1.195240213318959e+00 
 1.281821871148970e-07  1.195240213318958e+00 
 1.282021871148970e-07  1.195240213318959e+00 
 1.282221871148970e-07  1.195240213318958e+00 
 1.282421871148970e-07  1.195240213318959e+00 
 1.282621871148970e-07  1.195240213318958e+00 
 1.282821871148969e-07  1.195240213318958e+00 
 1.283021871148969e-07  1.195240213318957e+00 
 1.283221871148969e-07  1.195240213318958e+00 
 1.283421871148969e-07  1.195240213318958e+00 
 1.283621871148969e-07  1.195240213318958e+00 
 1.283821871148969e-07  1.195240213318958e+00 
 1.284021871148969e-07  1.195240213318959e+00 
 1.284221871148969e-07  1.195240213318958e+00 
 1.284421871148969e-07  1.195240213318959e+00 
 1.284621871148969e-07  1.195240213318959e+00 
 1.284821871148969e-07  1.195240213318959e+00 
 1.285021871148969e-07  1.195240213318959e+00 
 1.285221871148969e-07  1.195240213318959e+00 
 1.285421871148969e-07  1.195240213318958e+00 
 1.285621871148969e-07  1.195240213318959e+00 
 1.285821871148969e-07  1.195240213318959e+00 
 1.286021871148969e-07  1.195240213318959e+00 
 1.286221871148969e-07  1.195240213318959e+00 
 1.286421871148969e-07  1.195240213318959e+00 
 1.286621871148969e-07  1.195240213318958e+00 
 1.286821871148969e-07  1.195240213318958e+00 
 1.287021871148969e-07  1.195240213318958e+00 
 1.287221871148969e-07  1.195240213318958e+00 
 1.287421871148969e-07  1.195240213318957e+00 
 1.287621871148969e-07  1.195240213318958e+00 
 1.287821871148969e-07  1.195240213318957e+00 
 1.288021871148969e-07  1.195240213318958e+00 
 1.288221871148968e-07  1.195240213318957e+00 
 1.288421871148968e-07  1.195240213318957e+00 
 1.288621871148968e-07  1.195240213318957e+00 
 1.288821871148968e-07  1.195240213318957e+00 
 1.289021871148968e-07  1.195240213318957e+00 
 1.289221871148968e-07  1.195240213318957e+00 
 1.289421871148968e-07  1.195240213318957e+00 
 1.289621871148968e-07  1.195240213318957e+00 
 1.289821871148968e-07  1.195240213318956e+00 
 1.290021871148968e-07  1.195240213318957e+00 
 1.290221871148968e-07  1.195240213318957e+00 
 1.290421871148968e-07  1.195240213318958e+00 
 1.290621871148968e-07  1.195240213318958e+00 
 1.290821871148968e-07  1.195240213318959e+00 
 1.291021871148968e-07  1.195240213318958e+00 
 1.291221871148968e-07  1.195240213318959e+00 
 1.291421871148968e-07  1.195240213318959e+00 
 1.291621871148968e-07  1.195240213318960e+00 
 1.291821871148968e-07  1.195240213318959e+00 
 1.292021871148968e-07  1.195240213318960e+00 
 1.292221871148968e-07  1.195240213318959e+00 
 1.292421871148968e-07  1.195240213318960e+00 
 1.292621871148968e-07  1.195240213318960e+00 
 1.292821871148968e-07  1.195240213318961e+00 
 1.293021871148968e-07  1.195240213318961e+00 
 1.293221871148968e-07  1.195240213318961e+00 
 1.293421871148967e-07  1.195240213318961e+00 
 1.293621871148967e-07  1.195240213318961e+00 
 1.293821871148967e-07  1.195240213318961e+00 
 1.294021871148967e-07  1.195240213318962e+00 
 1.294221871148967e-07  1.195240213318962e+00 
 1.294421871148967e-07  1.195240213318962e+00 
 1.294621871148967e-07  1.195240213318961e+00 
 1.294821871148967e-07  1.195240213318962e+00 
 1.295021871148967e-07  1.195240213318962e+00 
 1.295221871148967e-07  1.195240213318963e+00 
 1.295421871148967e-07  1.195240213318962e+00 
 1.295621871148967e-07  1.195240213318963e+00 
 1.295821871148967e-07  1.195240213318963e+00 
 1.296021871148967e-07  1.195240213318963e+00 
 1.296221871148967e-07  1.195240213318963e+00 
 1.296421871148967e-07  1.195240213318963e+00 
 1.296621871148967e-07  1.195240213318963e+00 
 1.296821871148967e-07  1.195240213318964e+00 
 1.297021871148967e-07  1.195240213318963e+00 
 1.297221871148967e-07  1.195240213318963e+00 
 1.297421871148967e-07  1.195240213318963e+00 
 1.297621871148967e-07  1.195240213318964e+00 
 1.297821871148967e-07  1.195240213318963e+00 
 1.298021871148967e-07  1.195240213318963e+00 
 1.298221871148967e-07  1.195240213318963e+00 
 1.298421871148967e-07  1.195240213318963e+00 
 1.298621871148966e-07  1.195240213318963e+00 
 1.298821871148966e-07  1.195240213318964e+00 
 1.299021871148966e-07  1.195240213318963e+00 
 1.299221871148966e-07  1.195240213318964e+00 
 1.299421871148966e-07  1.195240213318963e+00 
 1.299621871148966e-07  1.195240213318963e+00 
 1.299821871148966e-07  1.195240213318963e+00 
 1.300021871148966e-07  1.195240213318964e+00 
 1.300221871148966e-07  1.195240213318963e+00 
 1.300421871148966e-07  1.195240213318964e+00 
 1.300621871148966e-07  1.195240213318964e+00 
 1.300821871148966e-07  1.195240213318965e+00 
 1.301021871148966e-07  1.195240213318964e+00 
 1.301221871148966e-07  1.195240213318965e+00 
 1.301421871148966e-07  1.195240213318965e+00 
 1.301621871148966e-07  1.195240213318966e+00 
 1.301821871148966e-07  1.195240213318966e+00 
 1.302021871148966e-07  1.195240213318967e+00 
 1.302221871148966e-07  1.195240213318966e+00 
 1.302421871148966e-07  1.195240213318967e+00 
 1.302621871148966e-07  1.195240213318967e+00 
 1.302821871148966e-07  1.195240213318967e+00 
 1.303021871148966e-07  1.195240213318967e+00 
 1.303221871148966e-07  1.195240213318967e+00 
 1.303421871148966e-07  1.195240213318967e+00 
 1.303621871148966e-07  1.195240213318967e+00 
 1.303821871148966e-07  1.195240213318967e+00 
 1.304021871148965e-07  1.195240213318967e+00 
 1.304221871148965e-07  1.195240213318967e+00 
 1.304421871148965e-07  1.195240213318968e+00 
 1.304621871148965e-07  1.195240213318967e+00 
 1.304821871148965e-07  1.195240213318968e+00 
 1.305021871148965e-07  1.195240213318968e+00 
 1.305221871148965e-07  1.195240213318968e+00 
 1.305421871148965e-07  1.195240213318968e+00 
 1.305621871148965e-07  1.195240213318969e+00 
 1.305821871148965e-07  1.195240213318968e+00 
 1.306021871148965e-07  1.195240213318969e+00 
 1.306221871148965e-07  1.195240213318968e+00 
 1.306421871148965e-07  1.195240213318969e+00 
 1.306621871148965e-07  1.195240213318968e+00 
 1.306821871148965e-07  1.195240213318969e+00 
 1.307021871148965e-07  1.195240213318968e+00 
 1.307221871148965e-07  1.195240213318968e+00 
 1.307421871148965e-07  1.195240213318968e+00 
 1.307621871148965e-07  1.195240213318968e+00 
 1.307821871148965e-07  1.195240213318968e+00 
 1.308021871148965e-07  1.195240213318968e+00 
 1.308221871148965e-07  1.195240213318968e+00 
 1.308421871148965e-07  1.195240213318968e+00 
 1.308621871148965e-07  1.195240213318968e+00 
 1.308821871148965e-07  1.195240213318968e+00 
 1.309021871148965e-07  1.195240213318968e+00 
 1.309221871148964e-07  1.195240213318968e+00 
 1.309421871148964e-07  1.195240213318969e+00 
 1.309621871148964e-07  1.195240213318969e+00 
 1.309821871148964e-07  1.195240213318969e+00 
 1.310021871148964e-07  1.195240213318970e+00 
 1.310221871148964e-07  1.195240213318969e+00 
 1.310421871148964e-07  1.195240213318970e+00 
 1.310621871148964e-07  1.195240213318970e+00 
 1.310821871148964e-07  1.195240213318971e+00 
 1.311021871148964e-07  1.195240213318970e+00 
 1.311221871148964e-07  1.195240213318971e+00 
 1.311421871148964e-07  1.195240213318970e+00 
 1.311621871148964e-07  1.195240213318970e+00 
 1.311821871148964e-07  1.195240213318969e+00 
 1.312021871148964e-07  1.195240213318969e+00 
 1.312221871148964e-07  1.195240213318969e+00 
 1.312421871148964e-07  1.195240213318969e+00 
 1.312621871148964e-07  1.195240213318969e+00 
 1.312821871148964e-07  1.195240213318969e+00 
 1.313021871148964e-07  1.195240213318969e+00 
 1.313221871148964e-07  1.195240213318969e+00 
 1.313421871148964e-07  1.195240213318968e+00 
 1.313621871148964e-07  1.195240213318968e+00 
 1.313821871148964e-07  1.195240213318968e+00 
 1.314021871148964e-07  1.195240213318968e+00 
 1.314221871148964e-07  1.195240213318967e+00 
 1.314421871148963e-07  1.195240213318968e+00 
 1.314621871148963e-07  1.195240213318968e+00 
 1.314821871148963e-07  1.195240213318968e+00 
 1.315021871148963e-07  1.195240213318968e+00 
 1.315221871148963e-07  1.195240213318969e+00 
 1.315421871148963e-07  1.195240213318969e+00 
 1.315621871148963e-07  1.195240213318969e+00 
 1.315821871148963e-07  1.195240213318969e+00 
 1.316021871148963e-07  1.195240213318969e+00 
 1.316221871148963e-07  1.195240213318969e+00 
 1.316421871148963e-07  1.195240213318969e+00 
 1.316621871148963e-07  1.195240213318969e+00 
 1.316821871148963e-07  1.195240213318969e+00 
 1.317021871148963e-07  1.195240213318968e+00 
 1.317221871148963e-07  1.195240213318969e+00 
 1.317421871148963e-07  1.195240213318969e+00 
 1.317621871148963e-07  1.195240213318970e+00 
 1.317821871148963e-07  1.195240213318969e+00 
 1.318021871148963e-07  1.195240213318969e+00 
 1.318221871148963e-07  1.195240213318969e+00 
 1.318421871148963e-07  1.195240213318970e+00 
 1.318621871148963e-07  1.195240213318969e+00 
 1.318821871148963e-07  1.195240213318970e+00 
 1.319021871148963e-07  1.195240213318969e+00 
 1.319221871148963e-07  1.195240213318969e+00 
 1.319421871148963e-07  1.195240213318969e+00 
 1.319621871148963e-07  1.195240213318969e+00 
 1.319821871148962e-07  1.195240213318968e+00 
 1.320021871148962e-07  1.195240213318968e+00 
 1.320221871148962e-07  1.195240213318967e+00 
 1.320421871148962e-07  1.195240213318968e+00 
 1.320621871148962e-07  1.195240213318967e+00 
 1.320821871148962e-07  1.195240213318967e+00 
 1.321021871148962e-07  1.195240213318967e+00 
 1.321221871148962e-07  1.195240213318967e+00 
 1.321421871148962e-07  1.195240213318966e+00 
 1.321621871148962e-07  1.195240213318966e+00 
 1.321821871148962e-07  1.195240213318966e+00 
 1.322021871148962e-07  1.195240213318966e+00 
 1.322221871148962e-07  1.195240213318965e+00 
 1.322421871148962e-07  1.195240213318965e+00 
 1.322621871148962e-07  1.195240213318964e+00 
 1.322821871148962e-07  1.195240213318964e+00 
 1.323021871148962e-07  1.195240213318964e+00 
 1.323221871148962e-07  1.195240213318964e+00 
 1.323421871148962e-07  1.195240213318963e+00 
 1.323621871148962e-07  1.195240213318963e+00 
 1.323821871148962e-07  1.195240213318962e+00 
 1.324021871148962e-07  1.195240213318963e+00 
 1.324221871148962e-07  1.195240213318962e+00 
 1.324421871148962e-07  1.195240213318962e+00 
 1.324621871148962e-07  1.195240213318962e+00 
 1.324821871148962e-07  1.195240213318962e+00 
 1.325021871148961e-07  1.195240213318961e+00 
 1.325221871148961e-07  1.195240213318961e+00 
 1.325421871148961e-07  1.195240213318961e+00 
 1.325621871148961e-07  1.195240213318961e+00 
 1.325821871148961e-07  1.195240213318961e+00 
 1.326021871148961e-07  1.195240213318961e+00 
 1.326221871148961e-07  1.195240213318960e+00 
 1.326421871148961e-07  1.195240213318960e+00 
 1.326621871148961e-07  1.195240213318959e+00 
 1.326821871148961e-07  1.195240213318960e+00 
 1.327021871148961e-07  1.195240213318960e+00 
 1.327221871148961e-07  1.195240213318960e+00 
 1.327421871148961e-07  1.195240213318959e+00 
 1.327621871148961e-07  1.195240213318959e+00 
 1.327821871148961e-07  1.195240213318959e+00 
 1.328021871148961e-07  1.195240213318960e+00 
 1.328221871148961e-07  1.195240213318960e+00 
 1.328421871148961e-07  1.195240213318960e+00 
 1.328621871148961e-07  1.195240213318960e+00 
 1.328821871148961e-07  1.195240213318960e+00 
 1.329021871148961e-07  1.195240213318959e+00 
 1.329221871148961e-07  1.195240213318960e+00 
 1.329421871148961e-07  1.195240213318960e+00 
 1.329621871148961e-07  1.195240213318960e+00 
 1.329821871148961e-07  1.195240213318959e+00 
 1.330021871148961e-07  1.195240213318960e+00 
 1.330221871148961e-07  1.195240213318959e+00 
 1.330421871148960e-07  1.195240213318959e+00 
 1.330621871148960e-07  1.195240213318959e+00 
 1.330821871148960e-07  1.195240213318959e+00 
 1.331021871148960e-07  1.195240213318959e+00 
 1.331221871148960e-07  1.195240213318959e+00 
 1.331421871148960e-07  1.195240213318959e+00 
 1.331621871148960e-07  1.195240213318959e+00 
 1.331821871148960e-07  1.195240213318958e+00 
 1.332021871148960e-07  1.195240213318959e+00 
 1.332221871148960e-07  1.195240213318958e+00 
 1.332421871148960e-07  1.195240213318959e+00 
 1.332621871148960e-07  1.195240213318958e+00 
 1.332821871148960e-07  1.195240213318958e+00 
 1.333021871148960e-07  1.195240213318958e+00 
 1.333221871148960e-07  1.195240213318958e+00 
 1.333421871148960e-07  1.195240213318958e+00 
 1.333621871148960e-07  1.195240213318958e+00 
 1.333821871148960e-07  1.195240213318958e+00 
 1.334021871148960e-07  1.195240213318958e+00 
 1.334221871148960e-07  1.195240213318957e+00 
 1.334421871148960e-07  1.195240213318957e+00 
 1.334621871148960e-07  1.195240213318957e+00 
 1.334821871148960e-07  1.195240213318957e+00 
 1.335021871148960e-07  1.195240213318957e+00 
 1.335221871148960e-07  1.195240213318957e+00 
 1.335421871148960e-07  1.195240213318957e+00 
 1.335621871148959e-07  1.195240213318958e+00 
 1.335821871148959e-07  1.195240213318957e+00 
 1.336021871148959e-07  1.195240213318957e+00 
 1.336221871148959e-07  1.195240213318957e+00 
 1.336421871148959e-07  1.195240213318957e+00 
 1.336621871148959e-07  1.195240213318957e+00 
 1.336821871148959e-07  1.195240213318957e+00 
 1.337021871148959e-07  1.195240213318957e+00 
 1.337221871148959e-07  1.195240213318957e+00 
 1.337421871148959e-07  1.195240213318957e+00 
 1.337621871148959e-07  1.195240213318957e+00 
 1.337821871148959e-07  1.195240213318957e+00 
 1.338021871148959e-07  1.195240213318957e+00 
 1.338221871148959e-07  1.195240213318956e+00 
 1.338421871148959e-07  1.195240213318957e+00 
 1.338621871148959e-07  1.195240213318957e+00 
 1.338821871148959e-07  1.195240213318957e+00 
 1.339021871148959e-07  1.195240213318957e+00 
 1.339221871148959e-07  1.195240213318958e+00 
 1.339421871148959e-07  1.195240213318957e+00 
 1.339621871148959e-07  1.195240213318958e+00 
 1.339821871148959e-07  1.195240213318957e+00 
 1.340021871148959e-07  1.195240213318958e+00 
 1.340221871148959e-07  1.195240213318958e+00 
 1.340421871148959e-07  1.195240213318958e+00 
 1.340621871148959e-07  1.195240213318958e+00 
 1.340821871148958e-07  1.195240213318958e+00 
 1.341021871148958e-07  1.195240213318958e+00 
 1.341221871148958e-07  1.195240213318959e+00 
 1.341421871148958e-07  1.195240213318958e+00 
 1.341621871148958e-07  1.195240213318959e+00 
 1.341821871148958e-07  1.195240213318959e+00 
 1.342021871148958e-07  1.195240213318959e+00 
 1.342221871148958e-07  1.195240213318959e+00 
 1.342421871148958e-07  1.195240213318959e+00 
 1.342621871148958e-07  1.195240213318959e+00 
 1.342821871148958e-07  1.195240213318959e+00 
 1.343021871148958e-07  1.195240213318959e+00 
 1.343221871148958e-07  1.195240213318959e+00 
 1.343421871148958e-07  1.195240213318958e+00 
 1.343621871148958e-07  1.195240213318959e+00 
 1.343821871148958e-07  1.195240213318958e+00 
 1.344021871148958e-07  1.195240213318958e+00 
 1.344221871148958e-07  1.195240213318958e+00 
 1.344421871148958e-07  1.195240213318958e+00 
 1.344621871148958e-07  1.195240213318958e+00 
 1.344821871148958e-07  1.195240213318959e+00 
 1.345021871148958e-07  1.195240213318959e+00 
 1.345221871148958e-07  1.195240213318959e+00 
 1.345421871148958e-07  1.195240213318959e+00 
 1.345621871148958e-07  1.195240213318960e+00 
 1.345821871148958e-07  1.195240213318959e+00 
 1.346021871148958e-07  1.195240213318960e+00 
 1.346221871148957e-07  1.195240213318960e+00 
 1.346421871148957e-07  1.195240213318960e+00 
 1.346621871148957e-07  1.195240213318960e+00 
 1.346821871148957e-07  1.195240213318960e+00 
 1.347021871148957e-07  1.195240213318960e+00 
 1.347221871148957e-07  1.195240213318960e+00 
 1.347421871148957e-07  1.195240213318960e+00 
 1.347621871148957e-07  1.195240213318960e+00 
 1.347821871148957e-07  1.195240213318960e+00 
 1.348021871148957e-07  1.195240213318960e+00 
 1.348221871148957e-07  1.195240213318960e+00 
 1.348421871148957e-07  1.195240213318960e+00 
 1.348621871148957e-07  1.195240213318960e+00 
 1.348821871148957e-07  1.195240213318961e+00 
 1.349021871148957e-07  1.195240213318961e+00 
 1.349221871148957e-07  1.195240213318961e+00 
 1.349421871148957e-07  1.195240213318961e+00 
 1.349621871148957e-07  1.195240213318961e+00 
 1.349821871148957e-07  1.195240213318961e+00 
 1.350021871148957e-07  1.195240213318961e+00 
 1.350221871148957e-07  1.195240213318961e+00 
 1.350421871148957e-07  1.195240213318961e+00 
 1.350621871148957e-07  1.195240213318961e+00 
 1.350821871148957e-07  1.195240213318961e+00 
 1.351021871148957e-07  1.195240213318961e+00 
 1.351221871148957e-07  1.195240213318961e+00 
 1.351421871148956e-07  1.195240213318961e+00 
 1.351621871148956e-07  1.195240213318962e+00 
 1.351821871148956e-07  1.195240213318962e+00 
 1.352021871148956e-07  1.195240213318962e+00 
 1.352221871148956e-07  1.195240213318961e+00 
 1.352421871148956e-07  1.195240213318962e+00 
 1.352621871148956e-07  1.195240213318962e+00 
 1.352821871148956e-07  1.195240213318962e+00 
 1.353021871148956e-07  1.195240213318962e+00 
 1.353221871148956e-07  1.195240213318962e+00 
 1.353421871148956e-07  1.195240213318961e+00 
 1.353621871148956e-07  1.195240213318962e+00 
 1.353821871148956e-07  1.195240213318962e+00 
 1.354021871148956e-07  1.195240213318962e+00 
 1.354221871148956e-07  1.195240213318961e+00 
 1.354421871148956e-07  1.195240213318961e+00 
 1.354621871148956e-07  1.195240213318961e+00 
 1.354821871148956e-07  1.195240213318961e+00 
 1.355021871148956e-07  1.195240213318961e+00 
 1.355221871148956e-07  1.195240213318961e+00 
 1.355421871148956e-07  1.195240213318961e+00 
 1.355621871148956e-07  1.195240213318961e+00 
 1.355821871148956e-07  1.195240213318961e+00 
 1.356021871148956e-07  1.195240213318962e+00 
 1.356221871148956e-07  1.195240213318961e+00 
 1.356421871148956e-07  1.195240213318962e+00 
 1.356621871148956e-07  1.195240213318962e+00 
 1.356821871148955e-07  1.195240213318962e+00 
 1.357021871148955e-07  1.195240213318961e+00 
 1.357221871148955e-07  1.195240213318961e+00 
 1.357421871148955e-07  1.195240213318961e+00 
 1.357621871148955e-07  1.195240213318961e+00 
 1.357821871148955e-07  1.195240213318961e+00 
 1.358021871148955e-07  1.195240213318961e+00 
 1.358221871148955e-07  1.195240213318961e+00 
 1.358421871148955e-07  1.195240213318961e+00 
 1.358621871148955e-07  1.195240213318961e+00 
 1.358821871148955e-07  1.195240213318962e+00 
 1.359021871148955e-07  1.195240213318961e+00 
 1.359221871148955e-07  1.195240213318962e+00 
 1.359421871148955e-07  1.195240213318962e+00 
 1.359621871148955e-07  1.195240213318962e+00 
 1.359821871148955e-07  1.195240213318961e+00 
 1.360021871148955e-07  1.195240213318961e+00 
 1.360221871148955e-07  1.195240213318961e+00 
 1.360421871148955e-07  1.195240213318962e+00 
 1.360621871148955e-07  1.195240213318962e+00 
 1.360821871148955e-07  1.195240213318962e+00 
 1.361021871148955e-07  1.195240213318962e+00 
 1.361221871148955e-07  1.195240213318962e+00 
 1.361421871148955e-07  1.195240213318962e+00 
 1.361621871148955e-07  1.195240213318962e+00 
 1.361821871148955e-07  1.195240213318962e+00 
 1.362021871148954e-07  1.195240213318962e+00 
 1.362221871148954e-07  1.195240213318962e+00 
 1.362421871148954e-07  1.195240213318962e+00 
 1.362621871148954e-07  1.195240213318961e+00 
 1.362821871148954e-07  1.195240213318962e+00 
 1.363021871148954e-07  1.195240213318962e+00 
 1.363221871148954e-07  1.195240213318962e+00 
 1.363421871148954e-07  1.195240213318962e+00 
 1.363621871148954e-07  1.195240213318962e+00 
 1.363821871148954e-07  1.195240213318962e+00 
 1.364021871148954e-07  1.195240213318962e+00 
 1.364221871148954e-07  1.195240213318962e+00 
 1.364421871148954e-07  1.195240213318962e+00 
 1.364621871148954e-07  1.195240213318962e+00 
 1.364821871148954e-07  1.195240213318962e+00 
 1.365021871148954e-07  1.195240213318962e+00 
 1.365221871148954e-07  1.195240213318962e+00 
 1.365421871148954e-07  1.195240213318961e+00 
 1.365621871148954e-07  1.195240213318962e+00 
 1.365821871148954e-07  1.195240213318962e+00 
 1.366021871148954e-07  1.195240213318962e+00 
 1.366221871148954e-07  1.195240213318962e+00 
 1.366421871148954e-07  1.195240213318962e+00 
 1.366621871148954e-07  1.195240213318962e+00 
 1.366821871148954e-07  1.195240213318962e+00 
 1.367021871148954e-07  1.195240213318962e+00 
 1.367221871148953e-07  1.195240213318963e+00 
 1.367421871148953e-07  1.195240213318962e+00 
 1.367621871148953e-07  1.195240213318963e+00 
 1.367821871148953e-07  1.195240213318963e+00 
 1.368021871148953e-07  1.195240213318963e+00 
 1.368221871148953e-07  1.195240213318963e+00 
 1.368421871148953e-07  1.195240213318963e+00 
 1.368621871148953e-07  1.195240213318963e+00 
 1.368821871148953e-07  1.195240213318963e+00 
 1.369021871148953e-07  1.195240213318963e+00 
 1.369221871148953e-07  1.195240213318963e+00 
 1.369421871148953e-07  1.195240213318963e+00 
 1.369621871148953e-07  1.195240213318963e+00 
 1.369821871148953e-07  1.195240213318963e+00 
 1.370021871148953e-07  1.195240213318964e+00 
 1.370221871148953e-07  1.195240213318963e+00 
 1.370421871148953e-07  1.195240213318964e+00 
 1.370621871148953e-07  1.195240213318964e+00 
 1.370821871148953e-07  1.195240213318964e+00 
 1.371021871148953e-07  1.195240213318964e+00 
 1.371221871148953e-07  1.195240213318964e+00 
 1.371421871148953e-07  1.195240213318965e+00 
 1.371621871148953e-07  1.195240213318965e+00 
 1.371821871148953e-07  1.195240213318965e+00 
 1.372021871148953e-07  1.195240213318965e+00 
 1.372221871148953e-07  1.195240213318966e+00 
 1.372421871148953e-07  1.195240213318966e+00 
 1.372621871148952e-07  1.195240213318966e+00 
 1.372821871148952e-07  1.195240213318967e+00 
 1.373021871148952e-07  1.195240213318967e+00 
 1.373221871148952e-07  1.195240213318967e+00 
 1.373421871148952e-07  1.195240213318967e+00 
 1.373621871148952e-07  1.195240213318967e+00 
 1.373821871148952e-07  1.195240213318967e+00 
 1.374021871148952e-07  1.195240213318968e+00 
 1.374221871148952e-07  1.195240213318968e+00 
 1.374421871148952e-07  1.195240213318968e+00 
 1.374621871148952e-07  1.195240213318968e+00 
 1.374821871148952e-07  1.195240213318968e+00 
 1.375021871148952e-07  1.195240213318968e+00 
 1.375221871148952e-07  1.195240213318968e+00 
 1.375421871148952e-07  1.195240213318968e+00 
 1.375621871148952e-07  1.195240213318968e+00 
 1.375821871148952e-07  1.195240213318968e+00 
 1.376021871148952e-07  1.195240213318968e+00 
 1.376221871148952e-07  1.195240213318968e+00 
 1.376421871148952e-07  1.195240213318969e+00 
 1.376621871148952e-07  1.195240213318968e+00 
 1.376821871148952e-07  1.195240213318969e+00 
 1.377021871148952e-07  1.195240213318968e+00 
 1.377221871148952e-07  1.195240213318969e+00 
 1.377421871148952e-07  1.195240213318969e+00 
 1.377621871148952e-07  1.195240213318969e+00 
 1.377821871148951e-07  1.195240213318969e+00 
 1.378021871148951e-07  1.195240213318970e+00 
 1.378221871148951e-07  1.195240213318969e+00 
 1.378421871148951e-07  1.195240213318970e+00 
 1.378621871148951e-07  1.195240213318969e+00 
 1.378821871148951e-07  1.195240213318969e+00 
 1.379021871148951e-07  1.195240213318969e+00 
 1.379221871148951e-07  1.195240213318970e+00 
 1.379421871148951e-07  1.195240213318969e+00 
 1.379621871148951e-07  1.195240213318970e+00 
 1.379821871148951e-07  1.195240213318970e+00 
 1.380021871148951e-07  1.195240213318970e+00 
 1.380221871148951e-07  1.195240213318970e+00 
 1.380421871148951e-07  1.195240213318971e+00 
 1.380621871148951e-07  1.195240213318970e+00 
 1.380821871148951e-07  1.195240213318970e+00 
 1.381021871148951e-07  1.195240213318970e+00 
 1.381221871148951e-07  1.195240213318970e+00 
 1.381421871148951e-07  1.195240213318970e+00 
 1.381621871148951e-07  1.195240213318970e+00 
 1.381821871148951e-07  1.195240213318970e+00 
 1.382021871148951e-07  1.195240213318970e+00 
 1.382221871148951e-07  1.195240213318969e+00 
 1.382421871148951e-07  1.195240213318970e+00 
 1.382621871148951e-07  1.195240213318969e+00 
 1.382821871148951e-07  1.195240213318970e+00 
 1.383021871148950e-07  1.195240213318970e+00 
 1.383221871148950e-07  1.195240213318969e+00 
 1.383421871148950e-07  1.195240213318969e+00 
 1.383621871148950e-07  1.195240213318969e+00 
 1.383821871148950e-07  1.195240213318969e+00 
 1.384021871148950e-07  1.195240213318968e+00 
 1.384221871148950e-07  1.195240213318968e+00 
 1.384421871148950e-07  1.195240213318968e+00 
 1.384621871148950e-07  1.195240213318968e+00 
 1.384821871148950e-07  1.195240213318969e+00 
 1.385021871148950e-07  1.195240213318968e+00 
 1.385221871148950e-07  1.195240213318968e+00 
 1.385421871148950e-07  1.195240213318968e+00 
 1.385621871148950e-07  1.195240213318968e+00 
 1.385821871148950e-07  1.195240213318968e+00 
 1.386021871148950e-07  1.195240213318968e+00 
 1.386221871148950e-07  1.195240213318967e+00 
 1.386421871148950e-07  1.195240213318967e+00 
 1.386621871148950e-07  1.195240213318967e+00 
 1.386821871148950e-07  1.195240213318968e+00 
 1.387021871148950e-07  1.195240213318968e+00 
 1.387221871148950e-07  1.195240213318968e+00 
 1.387421871148950e-07  1.195240213318968e+00 
 1.387621871148950e-07  1.195240213318968e+00 
 1.387821871148950e-07  1.195240213318968e+00 
 1.388021871148950e-07  1.195240213318968e+00 
 1.388221871148950e-07  1.195240213318968e+00 
 1.388421871148949e-07  1.195240213318968e+00 
 1.388621871148949e-07  1.195240213318969e+00 
 1.388821871148949e-07  1.195240213318969e+00 
 1.389021871148949e-07  1.195240213318969e+00 
 1.389221871148949e-07  1.195240213318969e+00 
 1.389421871148949e-07  1.195240213318968e+00 
 1.389621871148949e-07  1.195240213318969e+00 
 1.389821871148949e-07  1.195240213318968e+00 
 1.390021871148949e-07  1.195240213318968e+00 
 1.390221871148949e-07  1.195240213318969e+00 
 1.390421871148949e-07  1.195240213318969e+00 
 1.390621871148949e-07  1.195240213318969e+00 
 1.390821871148949e-07  1.195240213318969e+00 
 1.391021871148949e-07  1.195240213318970e+00 
 1.391221871148949e-07  1.195240213318970e+00 
 1.391421871148949e-07  1.195240213318969e+00 
 1.391621871148949e-07  1.195240213318969e+00 
 1.391821871148949e-07  1.195240213318969e+00 
 1.392021871148949e-07  1.195240213318970e+00 
 1.392221871148949e-07  1.195240213318970e+00 
 1.392421871148949e-07  1.195240213318970e+00 
 1.392621871148949e-07  1.195240213318970e+00 
 1.392821871148949e-07  1.195240213318970e+00 
 1.393021871148949e-07  1.195240213318969e+00 
 1.393221871148949e-07  1.195240213318969e+00 
 1.393421871148949e-07  1.195240213318968e+00 
 1.393621871148948e-07  1.195240213318968e+00 
 1.393821871148948e-07  1.195240213318968e+00 
 1.394021871148948e-07  1.195240213318968e+00 
 1.394221871148948e-07  1.195240213318967e+00 
 1.394421871148948e-07  1.195240213318967e+00 
 1.394621871148948e-07  1.195240213318966e+00 
 1.394821871148948e-07  1.195240213318966e+00 
 1.395021871148948e-07  1.195240213318966e+00 
 1.395221871148948e-07  1.195240213318966e+00 
 1.395421871148948e-07  1.195240213318966e+00 
 1.395621871148948e-07  1.195240213318966e+00 
 1.395821871148948e-07  1.195240213318966e+00 
 1.396021871148948e-07  1.195240213318966e+00 
 1.396221871148948e-07  1.195240213318966e+00 
 1.396421871148948e-07  1.195240213318966e+00 
 1.396621871148948e-07  1.195240213318965e+00 
 1.396821871148948e-07  1.195240213318965e+00 
 1.397021871148948e-07  1.195240213318965e+00 
 1.397221871148948e-07  1.195240213318965e+00 
 1.397421871148948e-07  1.195240213318964e+00 
 1.397621871148948e-07  1.195240213318964e+00 
 1.397821871148948e-07  1.195240213318963e+00 
 1.398021871148948e-07  1.195240213318963e+00 
 1.398221871148948e-07  1.195240213318963e+00 
 1.398421871148948e-07  1.195240213318962e+00 
 1.398621871148948e-07  1.195240213318962e+00 
 1.398821871148948e-07  1.195240213318962e+00 
 1.399021871148947e-07  1.195240213318961e+00 
 1.399221871148947e-07  1.195240213318961e+00 
 1.399421871148947e-07  1.195240213318960e+00 
 1.399621871148947e-07  1.195240213318960e+00 
 1.399821871148947e-07  1.195240213318960e+00 
 1.400021871148947e-07  1.195240213318960e+00 
 1.400221871148947e-07  1.195240213318960e+00 
 1.400421871148947e-07  1.195240213318960e+00 
 1.400621871148947e-07  1.195240213318959e+00 
 1.400821871148947e-07  1.195240213318960e+00 
 1.401021871148947e-07  1.195240213318959e+00 
 1.401221871148947e-07  1.195240213318959e+00 
 1.401421871148947e-07  1.195240213318959e+00 
 1.401621871148947e-07  1.195240213318959e+00 
 1.401821871148947e-07  1.195240213318959e+00 
 1.402021871148947e-07  1.195240213318959e+00 
 1.402221871148947e-07  1.195240213318959e+00 
 1.402421871148947e-07  1.195240213318959e+00 
 1.402621871148947e-07  1.195240213318959e+00 
 1.402821871148947e-07  1.195240213318959e+00 
 1.403021871148947e-07  1.195240213318959e+00 
 1.403221871148947e-07  1.195240213318959e+00 
 1.403421871148947e-07  1.195240213318959e+00 
 1.403621871148947e-07  1.195240213318959e+00 
 1.403821871148947e-07  1.195240213318958e+00 
 1.404021871148947e-07  1.195240213318958e+00 
 1.404221871148946e-07  1.195240213318958e+00 
 1.404421871148946e-07  1.195240213318958e+00 
 1.404621871148946e-07  1.195240213318958e+00 
 1.404821871148946e-07  1.195240213318958e+00 
 1.405021871148946e-07  1.195240213318958e+00 
 1.405221871148946e-07  1.195240213318958e+00 
 1.405421871148946e-07  1.195240213318958e+00 
 1.405621871148946e-07  1.195240213318958e+00 
 1.405821871148946e-07  1.195240213318958e+00 
 1.406021871148946e-07  1.195240213318958e+00 
 1.406221871148946e-07  1.195240213318958e+00 
 1.406421871148946e-07  1.195240213318958e+00 
 1.406621871148946e-07  1.195240213318958e+00 
 1.406821871148946e-07  1.195240213318959e+00 
 1.407021871148946e-07  1.195240213318958e+00 
 1.407221871148946e-07  1.195240213318958e+00 
 1.407421871148946e-07  1.195240213318958e+00 
 1.407621871148946e-07  1.195240213318958e+00 
 1.407821871148946e-07  1.195240213318958e+00 
 1.408021871148946e-07  1.195240213318958e+00 
 1.408221871148946e-07  1.195240213318958e+00 
 1.408421871148946e-07  1.195240213318959e+00 
 1.408621871148946e-07  1.195240213318958e+00 
 1.408821871148946e-07  1.195240213318959e+00 
 1.409021871148946e-07  1.195240213318958e+00 
 1.409221871148946e-07  1.195240213318959e+00 
 1.409421871148945e-07  1.195240213318958e+00 
 1.409621871148945e-07  1.195240213318959e+00 
 1.409821871148945e-07  1.195240213318958e+00 
 1.410021871148945e-07  1.195240213318958e+00 
 1.410221871148945e-07  1.195240213318958e+00 
 1.410421871148945e-07  1.195240213318958e+00 
 1.410621871148945e-07  1.195240213318958e+00 
 1.410821871148945e-07  1.195240213318959e+00 
 1.411021871148945e-07  1.195240213318958e+00 
 1.411221871148945e-07  1.195240213318958e+00 
 1.411421871148945e-07  1.195240213318958e+00 
 1.411621871148945e-07  1.195240213318958e+00 
 1.411821871148945e-07  1.195240213318958e+00 
 1.412021871148945e-07  1.195240213318958e+00 
 1.412221871148945e-07  1.195240213318958e+00 
 1.412421871148945e-07  1.195240213318958e+00 
 1.412621871148945e-07  1.195240213318958e+00 
 1.412821871148945e-07  1.195240213318958e+00 
 1.413021871148945e-07  1.195240213318957e+00 
 1.413221871148945e-07  1.195240213318958e+00 
 1.413421871148945e-07  1.195240213318958e+00 
 1.413621871148945e-07  1.195240213318958e+00 
 1.413821871148945e-07  1.195240213318958e+00 
 1.414021871148945e-07  1.195240213318958e+00 
 1.414221871148945e-07  1.195240213318958e+00 
 1.414421871148945e-07  1.195240213318958e+00 
 1.414621871148945e-07  1.195240213318958e+00 
 1.414821871148944e-07  1.195240213318958e+00 
 1.415021871148944e-07  1.195240213318958e+00 
 1.415221871148944e-07  1.195240213318959e+00 
 1.415421871148944e-07  1.195240213318958e+00 
 1.415621871148944e-07  1.195240213318958e+00 
 1.415821871148944e-07  1.195240213318958e+00 
 1.416021871148944e-07  1.195240213318958e+00 
 1.416221871148944e-07  1.195240213318958e+00 
 1.416421871148944e-07  1.195240213318958e+00 
 1.416621871148944e-07  1.195240213318957e+00 
 1.416821871148944e-07  1.195240213318958e+00 
 1.417021871148944e-07  1.195240213318957e+00 
 1.417221871148944e-07  1.195240213318958e+00 
 1.417421871148944e-07  1.195240213318957e+00 
 1.417621871148944e-07  1.195240213318958e+00 
 1.417821871148944e-07  1.195240213318958e+00 
 1.418021871148944e-07  1.195240213318958e+00 
 1.418221871148944e-07  1.195240213318958e+00 
 1.418421871148944e-07  1.195240213318958e+00 
 1.418621871148944e-07  1.195240213318957e+00 
 1.418821871148944e-07  1.195240213318958e+00 
 1.419021871148944e-07  1.195240213318957e+00 
 1.419221871148944e-07  1.195240213318958e+00 
 1.419421871148944e-07  1.195240213318958e+00 
 1.419621871148944e-07  1.195240213318958e+00 
 1.419821871148944e-07  1.195240213318958e+00 
 1.420021871148943e-07  1.195240213318959e+00 
 1.420221871148943e-07  1.195240213318958e+00 
 1.420421871148943e-07  1.195240213318958e+00 
 1.420621871148943e-07  1.195240213318958e+00 
 1.420821871148943e-07  1.195240213318958e+00 
 1.421021871148943e-07  1.195240213318958e+00 
 1.421221871148943e-07  1.195240213318959e+00 
 1.421421871148943e-07  1.195240213318959e+00 
 1.421621871148943e-07  1.195240213318959e+00 
 1.421821871148943e-07  1.195240213318959e+00 
 1.422021871148943e-07  1.195240213318959e+00 
 1.422221871148943e-07  1.195240213318958e+00 
 1.422421871148943e-07  1.195240213318959e+00 
 1.422621871148943e-07  1.195240213318958e+00 
 1.422821871148943e-07  1.195240213318959e+00 
 1.423021871148943e-07  1.195240213318959e+00 
 1.423221871148943e-07  1.195240213318959e+00 
 1.423421871148943e-07  1.195240213318959e+00 
 1.423621871148943e-07  1.195240213318959e+00 
 1.423821871148943e-07  1.195240213318959e+00 
 1.424021871148943e-07  1.195240213318959e+00 
 1.424221871148943e-07  1.195240213318959e+00 
 1.424421871148943e-07  1.195240213318959e+00 
 1.424621871148943e-07  1.195240213318959e+00 
 1.424821871148943e-07  1.195240213318959e+00 
 1.425021871148943e-07  1.195240213318959e+00 
 1.425221871148942e-07  1.195240213318959e+00 
 1.425421871148942e-07  1.195240213318959e+00 
 1.425621871148942e-07  1.195240213318959e+00 
 1.425821871148942e-07  1.195240213318959e+00 
 1.426021871148942e-07  1.195240213318959e+00 
 1.426221871148942e-07  1.195240213318958e+00 
 1.426421871148942e-07  1.195240213318959e+00 
 1.426621871148942e-07  1.195240213318959e+00 
 1.426821871148942e-07  1.195240213318959e+00 
 1.427021871148942e-07  1.195240213318958e+00 
 1.427221871148942e-07  1.195240213318959e+00 
 1.427421871148942e-07  1.195240213318958e+00 
 1.427621871148942e-07  1.195240213318958e+00 
 1.427821871148942e-07  1.195240213318958e+00 
 1.428021871148942e-07  1.195240213318958e+00 
 1.428221871148942e-07  1.195240213318958e+00 
 1.428421871148942e-07  1.195240213318958e+00 
 1.428621871148942e-07  1.195240213318958e+00 
 1.428821871148942e-07  1.195240213318958e+00 
 1.429021871148942e-07  1.195240213318958e+00 
 1.429221871148942e-07  1.195240213318958e+00 
 1.429421871148942e-07  1.195240213318958e+00 
 1.429621871148942e-07  1.195240213318959e+00 
 1.429821871148942e-07  1.195240213318958e+00 
 1.430021871148942e-07  1.195240213318959e+00 
 1.430221871148942e-07  1.195240213318958e+00 
 1.430421871148942e-07  1.195240213318958e+00 
 1.430621871148941e-07  1.195240213318958e+00 
 1.430821871148941e-07  1.195240213318958e+00 
 1.431021871148941e-07  1.195240213318958e+00 
 1.431221871148941e-07  1.195240213318957e+00 
 1.431421871148941e-07  1.195240213318957e+00 
 1.431621871148941e-07  1.195240213318957e+00 
 1.431821871148941e-07  1.195240213318957e+00 
 1.432021871148941e-07  1.195240213318957e+00 
 1.432221871148941e-07  1.195240213318957e+00 
 1.432421871148941e-07  1.195240213318957e+00 
 1.432621871148941e-07  1.195240213318957e+00 
 1.432821871148941e-07  1.195240213318957e+00 
 1.433021871148941e-07  1.195240213318957e+00 
 1.433221871148941e-07  1.195240213318957e+00 
 1.433421871148941e-07  1.195240213318957e+00 
 1.433621871148941e-07  1.195240213318958e+00 
 1.433821871148941e-07  1.195240213318958e+00 
 1.434021871148941e-07  1.195240213318958e+00 
 1.434221871148941e-07  1.195240213318958e+00 
 1.434421871148941e-07  1.195240213318957e+00 
 1.434621871148941e-07  1.195240213318957e+00 
 1.434821871148941e-07  1.195240213318957e+00 
 1.435021871148941e-07  1.195240213318957e+00 
 1.435221871148941e-07  1.195240213318957e+00 
 1.435421871148941e-07  1.195240213318957e+00 
 1.435621871148941e-07  1.195240213318957e+00 
 1.435821871148940e-07  1.195240213318957e+00 
 1.436021871148940e-07  1.195240213318957e+00 
 1.436221871148940e-07  1.195240213318957e+00 
 1.436421871148940e-07  1.195240213318957e+00 
 1.436621871148940e-07  1.195240213318957e+00 
 1.436821871148940e-07  1.195240213318957e+00 
 1.437021871148940e-07  1.195240213318957e+00 
 1.437221871148940e-07  1.195240213318957e+00 
 1.437421871148940e-07  1.195240213318957e+00 
 1.437621871148940e-07  1.195240213318958e+00 
 1.437821871148940e-07  1.195240213318958e+00 
 1.438021871148940e-07  1.195240213318958e+00 
 1.438221871148940e-07  1.195240213318958e+00 
 1.438421871148940e-07  1.195240213318958e+00 
 1.438621871148940e-07  1.195240213318958e+00 
 1.438821871148940e-07  1.195240213318958e+00 
 1.439021871148940e-07  1.195240213318958e+00 
 1.439221871148940e-07  1.195240213318958e+00 
 1.439421871148940e-07  1.195240213318958e+00 
 1.439621871148940e-07  1.195240213318958e+00 
 1.439821871148940e-07  1.195240213318959e+00 
 1.440021871148940e-07  1.195240213318959e+00 
 1.440221871148940e-07  1.195240213318958e+00 
 1.440421871148940e-07  1.195240213318958e+00 
 1.440621871148940e-07  1.195240213318958e+00 
 1.440821871148940e-07  1.195240213318958e+00 
 1.441021871148940e-07  1.195240213318958e+00 
 1.441221871148939e-07  1.195240213318958e+00 
 1.441421871148939e-07  1.195240213318958e+00 
 1.441621871148939e-07  1.195240213318959e+00 
 1.441821871148939e-07  1.195240213318959e+00 
 1.442021871148939e-07  1.195240213318959e+00 
 1.442221871148939e-07  1.195240213318959e+00 
 1.442421871148939e-07  1.195240213318959e+00 
 1.442621871148939e-07  1.195240213318959e+00 
 1.442821871148939e-07  1.195240213318959e+00 
 1.443021871148939e-07  1.195240213318959e+00 
 1.443221871148939e-07  1.195240213318959e+00 
 1.443421871148939e-07  1.195240213318959e+00 
 1.443621871148939e-07  1.195240213318959e+00 
 1.443821871148939e-07  1.195240213318959e+00 
 1.444021871148939e-07  1.195240213318960e+00 
 1.444221871148939e-07  1.195240213318960e+00 
 1.444421871148939e-07  1.195240213318960e+00 
 1.444621871148939e-07  1.195240213318961e+00 
 1.444821871148939e-07  1.195240213318961e+00 
 1.445021871148939e-07  1.195240213318961e+00 
 1.445221871148939e-07  1.195240213318961e+00 
 1.445421871148939e-07  1.195240213318961e+00 
 1.445621871148939e-07  1.195240213318962e+00 
 1.445821871148939e-07  1.195240213318962e+00 
 1.446021871148939e-07  1.195240213318962e+00 
 1.446221871148939e-07  1.195240213318962e+00 
 1.446421871148938e-07  1.195240213318962e+00 
 1.446621871148938e-07  1.195240213318962e+00 
 1.446821871148938e-07  1.195240213318962e+00 
 1.447021871148938e-07  1.195240213318962e+00 
 1.447221871148938e-07  1.195240213318962e+00 
 1.447421871148938e-07  1.195240213318962e+00 
 1.447621871148938e-07  1.195240213318962e+00 
 1.447821871148938e-07  1.195240213318963e+00 
 1.448021871148938e-07  1.195240213318962e+00 
 1.448221871148938e-07  1.195240213318962e+00 
 1.448421871148938e-07  1.195240213318962e+00 
 1.448621871148938e-07  1.195240213318962e+00 
 1.448821871148938e-07  1.195240213318962e+00 
 1.449021871148938e-07  1.195240213318962e+00 
 1.449221871148938e-07  1.195240213318963e+00 
 1.449421871148938e-07  1.195240213318963e+00 
 1.449621871148938e-07  1.195240213318963e+00 
 1.449821871148938e-07  1.195240213318963e+00 
 1.450021871148938e-07  1.195240213318963e+00 
 1.450221871148938e-07  1.195240213318963e+00 
 1.450421871148938e-07  1.195240213318963e+00 
 1.450621871148938e-07  1.195240213318963e+00 
 1.450821871148938e-07  1.195240213318962e+00 
 1.451021871148938e-07  1.195240213318962e+00 
 1.451221871148938e-07  1.195240213318963e+00 
 1.451421871148938e-07  1.195240213318963e+00 
 1.451621871148937e-07  1.195240213318963e+00 
 1.451821871148937e-07  1.195240213318963e+00 
 1.452021871148937e-07  1.195240213318963e+00 
 1.452221871148937e-07  1.195240213318963e+00 
 1.452421871148937e-07  1.195240213318963e+00 
 1.452621871148937e-07  1.195240213318963e+00 
 1.452821871148937e-07  1.195240213318964e+00 
 1.453021871148937e-07  1.195240213318964e+00 
 1.453221871148937e-07  1.195240213318964e+00 
 1.453421871148937e-07  1.195240213318964e+00 
 1.453621871148937e-07  1.195240213318965e+00 
 1.453821871148937e-07  1.195240213318965e+00 
 1.454021871148937e-07  1.195240213318965e+00 
 1.454221871148937e-07  1.195240213318964e+00 
 1.454421871148937e-07  1.195240213318965e+00 
 1.454621871148937e-07  1.195240213318965e+00 
 1.454821871148937e-07  1.195240213318965e+00 
 1.455021871148937e-07  1.195240213318965e+00 
 1.455221871148937e-07  1.195240213318965e+00 
 1.455421871148937e-07  1.195240213318965e+00 
 1.455621871148937e-07  1.195240213318965e+00 
 1.455821871148937e-07  1.195240213318965e+00 
 1.456021871148937e-07  1.195240213318965e+00 
 1.456221871148937e-07  1.195240213318965e+00 
 1.456421871148937e-07  1.195240213318965e+00 
 1.456621871148937e-07  1.195240213318965e+00 
 1.456821871148937e-07  1.195240213318965e+00 
 1.457021871148936e-07  1.195240213318965e+00 
 1.457221871148936e-07  1.195240213318965e+00 
 1.457421871148936e-07  1.195240213318965e+00 
 1.457621871148936e-07  1.195240213318965e+00 
 1.457821871148936e-07  1.195240213318965e+00 
 1.458021871148936e-07  1.195240213318965e+00 
 1.458221871148936e-07  1.195240213318965e+00 
 1.458421871148936e-07  1.195240213318965e+00 
 1.458621871148936e-07  1.195240213318965e+00 
 1.458821871148936e-07  1.195240213318965e+00 
 1.459021871148936e-07  1.195240213318965e+00 
 1.459221871148936e-07  1.195240213318965e+00 
 1.459421871148936e-07  1.195240213318965e+00 
 1.459621871148936e-07  1.195240213318965e+00 
 1.459821871148936e-07  1.195240213318965e+00 
 1.460021871148936e-07  1.195240213318965e+00 
 1.460221871148936e-07  1.195240213318965e+00 
 1.460421871148936e-07  1.195240213318965e+00 
 1.460621871148936e-07  1.195240213318965e+00 
 1.460821871148936e-07  1.195240213318965e+00 
 1.461021871148936e-07  1.195240213318965e+00 
 1.461221871148936e-07  1.195240213318965e+00 
 1.461421871148936e-07  1.195240213318965e+00 
 1.461621871148936e-07  1.195240213318965e+00 
 1.461821871148936e-07  1.195240213318965e+00 
 1.462021871148936e-07  1.195240213318965e+00 
 1.462221871148935e-07  1.195240213318965e+00 
 1.462421871148935e-07  1.195240213318965e+00 
 1.462621871148935e-07  1.195240213318964e+00 
 1.462821871148935e-07  1.195240213318965e+00 
 1.463021871148935e-07  1.195240213318965e+00 
 1.463221871148935e-07  1.195240213318965e+00 
 1.463421871148935e-07  1.195240213318964e+00 
 1.463621871148935e-07  1.195240213318965e+00 
 1.463821871148935e-07  1.195240213318965e+00 
 1.464021871148935e-07  1.195240213318965e+00 
 1.464221871148935e-07  1.195240213318964e+00 
 1.464421871148935e-07  1.195240213318965e+00 
 1.464621871148935e-07  1.195240213318965e+00 
 1.464821871148935e-07  1.195240213318965e+00 
 1.465021871148935e-07  1.195240213318965e+00 
 1.465221871148935e-07  1.195240213318965e+00 
 1.465421871148935e-07  1.195240213318965e+00 
 1.465621871148935e-07  1.195240213318965e+00 
 1.465821871148935e-07  1.195240213318965e+00 
 1.466021871148935e-07  1.195240213318965e+00 
 1.466221871148935e-07  1.195240213318965e+00 
 1.466421871148935e-07  1.195240213318965e+00 
 1.466621871148935e-07  1.195240213318965e+00 
 1.466821871148935e-07  1.195240213318965e+00 
 1.467021871148935e-07  1.195240213318965e+00 
 1.467221871148935e-07  1.195240213318965e+00 
 1.467421871148934e-07  1.195240213318966e+00 
 1.467621871148934e-07  1.195240213318966e+00 
 1.467821871148934e-07  1.195240213318966e+00 
 1.468021871148934e-07  1.195240213318966e+00 
 1.468221871148934e-07  1.195240213318966e+00 
 1.468421871148934e-07  1.195240213318966e+00 
 1.468621871148934e-07  1.195240213318966e+00 
 1.468821871148934e-07  1.195240213318966e+00 
 1.469021871148934e-07  1.195240213318966e+00 
 1.469221871148934e-07  1.195240213318966e+00 
 1.469421871148934e-07  1.195240213318966e+00 
 1.469621871148934e-07  1.195240213318966e+00 
 1.469821871148934e-07  1.195240213318966e+00 
 1.470021871148934e-07  1.195240213318967e+00 
 1.470221871148934e-07  1.195240213318967e+00 
 1.470421871148934e-07  1.195240213318967e+00 
 1.470621871148934e-07  1.195240213318967e+00 
 1.470821871148934e-07  1.195240213318968e+00 
 1.471021871148934e-07  1.195240213318968e+00 
 1.471221871148934e-07  1.195240213318968e+00 
 1.471421871148934e-07  1.195240213318968e+00 
 1.471621871148934e-07  1.195240213318968e+00 
 1.471821871148934e-07  1.195240213318968e+00 
 1.472021871148934e-07  1.195240213318968e+00 
 1.472221871148934e-07  1.195240213318968e+00 
 1.472421871148934e-07  1.195240213318968e+00 
 1.472621871148934e-07  1.195240213318968e+00 
 1.472821871148933e-07  1.195240213318968e+00 
 1.473021871148933e-07  1.195240213318968e+00 
 1.473221871148933e-07  1.195240213318969e+00 
 1.473421871148933e-07  1.195240213318969e+00 
 1.473621871148933e-07  1.195240213318969e+00 
 1.473821871148933e-07  1.195240213318969e+00 
 1.474021871148933e-07  1.195240213318969e+00 
 1.474221871148933e-07  1.195240213318968e+00 
 1.474421871148933e-07  1.195240213318968e+00 
 1.474621871148933e-07  1.195240213318969e+00 
 1.474821871148933e-07  1.195240213318969e+00 
 1.475021871148933e-07  1.195240213318969e+00 
 1.475221871148933e-07  1.195240213318969e+00 
 1.475421871148933e-07  1.195240213318969e+00 
 1.475621871148933e-07  1.195240213318969e+00 
 1.475821871148933e-07  1.195240213318969e+00 
 1.476021871148933e-07  1.195240213318969e+00 
 1.476221871148933e-07  1.195240213318969e+00 
 1.476421871148933e-07  1.195240213318969e+00 
 1.476621871148933e-07  1.195240213318969e+00 
 1.476821871148933e-07  1.195240213318969e+00 
 1.477021871148933e-07  1.195240213318969e+00 
 1.477221871148933e-07  1.195240213318969e+00 
 1.477421871148933e-07  1.195240213318969e+00 
 1.477621871148933e-07  1.195240213318969e+00 
 1.477821871148933e-07  1.195240213318969e+00 
 1.478021871148932e-07  1.195240213318969e+00 
 1.478221871148932e-07  1.195240213318969e+00 
 1.478421871148932e-07  1.195240213318970e+00 
 1.478621871148932e-07  1.195240213318970e+00 
 1.478821871148932e-07  1.195240213318970e+00 
 1.479021871148932e-07  1.195240213318970e+00 
 1.479221871148932e-07  1.195240213318970e+00 
 1.479421871148932e-07  1.195240213318969e+00 
 1.479621871148932e-07  1.195240213318970e+00 
 1.479821871148932e-07  1.195240213318970e+00 
 1.480021871148932e-07  1.195240213318970e+00 
 1.480221871148932e-07  1.195240213318970e+00 
 1.480421871148932e-07  1.195240213318970e+00 
 1.480621871148932e-07  1.195240213318970e+00 
 1.480821871148932e-07  1.195240213318969e+00 
 1.481021871148932e-07  1.195240213318969e+00 
 1.481221871148932e-07  1.195240213318970e+00 
 1.481421871148932e-07  1.195240213318970e+00 
 1.481621871148932e-07  1.195240213318970e+00 
 1.481821871148932e-07  1.195240213318970e+00 
 1.482021871148932e-07  1.195240213318970e+00 
 1.482221871148932e-07  1.195240213318970e+00 
 1.482421871148932e-07  1.195240213318971e+00 
 1.482621871148932e-07  1.195240213318970e+00 
 1.482821871148932e-07  1.195240213318970e+00 
 1.483021871148932e-07  1.195240213318971e+00 
 1.483221871148932e-07  1.195240213318971e+00 
 1.483421871148931e-07  1.195240213318970e+00 
 1.483621871148931e-07  1.195240213318970e+00 
 1.483821871148931e-07  1.195240213318970e+00 
 1.484021871148931e-07  1.195240213318970e+00 
 1.484221871148931e-07  1.195240213318970e+00 
 1.484421871148931e-07  1.195240213318970e+00 
 1.484621871148931e-07  1.195240213318969e+00 
 1.484821871148931e-07  1.195240213318970e+00 
 1.485021871148931e-07  1.195240213318969e+00 
 1.485221871148931e-07  1.195240213318969e+00 
 1.485421871148931e-07  1.195240213318969e+00 
 1.485621871148931e-07  1.195240213318970e+00 
 1.485821871148931e-07  1.195240213318969e+00 
 1.486021871148931e-07  1.195240213318970e+00 
 1.486221871148931e-07  1.195240213318969e+00 
 1.486421871148931e-07  1.195240213318970e+00 
 1.486621871148931e-07  1.195240213318970e+00 
 1.486821871148931e-07  1.195240213318970e+00 
 1.487021871148931e-07  1.195240213318969e+00 
 1.487221871148931e-07  1.195240213318970e+00 
 1.487421871148931e-07  1.195240213318970e+00 
 1.487621871148931e-07  1.195240213318970e+00 
 1.487821871148931e-07  1.195240213318969e+00 
 1.488021871148931e-07  1.195240213318970e+00 
 1.488221871148931e-07  1.195240213318970e+00 
 1.488421871148931e-07  1.195240213318970e+00 
 1.488621871148930e-07  1.195240213318970e+00 
 1.488821871148930e-07  1.195240213318970e+00 
 1.489021871148930e-07  1.195240213318969e+00 
 1.489221871148930e-07  1.195240213318969e+00 
 1.489421871148930e-07  1.195240213318969e+00 
 1.489621871148930e-07  1.195240213318969e+00 
 1.489821871148930e-07  1.195240213318968e+00 
 1.490021871148930e-07  1.195240213318969e+00 
 1.490221871148930e-07  1.195240213318969e+00 
 1.490421871148930e-07  1.195240213318969e+00 
 1.490621871148930e-07  1.195240213318969e+00 
 1.490821871148930e-07  1.195240213318969e+00 
 1.491021871148930e-07  1.195240213318969e+00 
 1.491221871148930e-07  1.195240213318969e+00 
 1.491421871148930e-07  1.195240213318969e+00 
 1.491621871148930e-07  1.195240213318969e+00 
 1.491821871148930e-07  1.195240213318968e+00 
 1.492021871148930e-07  1.195240213318968e+00 
 1.492221871148930e-07  1.195240213318968e+00 
 1.492421871148930e-07  1.195240213318968e+00 
 1.492621871148930e-07  1.195240213318968e+00 
 1.492821871148930e-07  1.195240213318968e+00 
 1.493021871148930e-07  1.195240213318968e+00 
 1.493221871148930e-07  1.195240213318968e+00 
 1.493421871148930e-07  1.195240213318968e+00 
 1.493621871148930e-07  1.195240213318968e+00 
 1.493821871148929e-07  1.195240213318968e+00 
 1.494021871148929e-07  1.195240213318968e+00 
 1.494221871148929e-07  1.195240213318968e+00 
 1.494421871148929e-07  1.195240213318968e+00 
 1.494621871148929e-07  1.195240213318968e+00 
 1.494821871148929e-07  1.195240213318968e+00 
 1.495021871148929e-07  1.195240213318968e+00 
 1.495221871148929e-07  1.195240213318968e+00 
 1.495421871148929e-07  1.195240213318967e+00 
 1.495621871148929e-07  1.195240213318967e+00 
 1.495821871148929e-07  1.195240213318968e+00 
 1.496021871148929e-07  1.195240213318968e+00 
 1.496221871148929e-07  1.195240213318968e+00 
 1.496421871148929e-07  1.195240213318968e+00 
 1.496621871148929e-07  1.195240213318967e+00 
 1.496821871148929e-07  1.195240213318967e+00 
 1.497021871148929e-07  1.195240213318967e+00 
 1.497221871148929e-07  1.195240213318967e+00 
 1.497421871148929e-07  1.195240213318967e+00 
 1.497621871148929e-07  1.195240213318968e+00 
 1.497821871148929e-07  1.195240213318968e+00 
 1.498021871148929e-07  1.195240213318968e+00 
 1.498221871148929e-07  1.195240213318968e+00 
 1.498421871148929e-07  1.195240213318968e+00 
 1.498621871148929e-07  1.195240213318968e+00 
 1.498821871148929e-07  1.195240213318968e+00 
 1.499021871148929e-07  1.195240213318968e+00 
 1.499221871148928e-07  1.195240213318968e+00 
 1.499421871148928e-07  1.195240213318968e+00 
 1.499621871148928e-07  1.195240213318968e+00 
 1.499821871148928e-07  1.195240213318968e+00 
 1.500021871148928e-07  1.195240213318968e+00 
 1.500221871148928e-07  1.195240213318968e+00 
 1.500421871148928e-07  1.195240213318968e+00 
 1.500621871148928e-07  1.195240213318968e+00 
 1.500821871148928e-07  1.195240213318968e+00 
 1.501021871148928e-07  1.195240213318968e+00 
 1.501221871148928e-07  1.195240213318968e+00 
 1.501421871148928e-07  1.195240213318968e+00 
 1.501621871148928e-07  1.195240213318968e+00 
 1.501821871148928e-07  1.195240213318968e+00 
 1.502021871148928e-07  1.195240213318969e+00 
 1.502221871148928e-07  1.195240213318969e+00 
 1.502421871148928e-07  1.195240213318969e+00 
 1.502621871148928e-07  1.195240213318969e+00 
 1.502821871148928e-07  1.195240213318969e+00 
 1.503021871148928e-07  1.195240213318968e+00 
 1.503221871148928e-07  1.195240213318968e+00 
 1.503421871148928e-07  1.195240213318968e+00 
 1.503621871148928e-07  1.195240213318968e+00 
 1.503821871148928e-07  1.195240213318969e+00 
 1.504021871148928e-07  1.195240213318969e+00 
 1.504221871148928e-07  1.195240213318969e+00 
 1.504421871148927e-07  1.195240213318969e+00 
 1.504621871148927e-07  1.195240213318969e+00 
 1.504821871148927e-07  1.195240213318969e+00 
 1.505021871148927e-07  1.195240213318969e+00 
 1.505221871148927e-07  1.195240213318969e+00 
 1.505421871148927e-07  1.195240213318969e+00 
 1.505621871148927e-07  1.195240213318969e+00 
 1.505821871148927e-07  1.195240213318969e+00 
 1.506021871148927e-07  1.195240213318969e+00 
 1.506221871148927e-07  1.195240213318969e+00 
 1.506421871148927e-07  1.195240213318969e+00 
 1.506621871148927e-07  1.195240213318969e+00 
 1.506821871148927e-07  1.195240213318969e+00 
 1.507021871148927e-07  1.195240213318969e+00 
 1.507221871148927e-07  1.195240213318969e+00 
 1.507421871148927e-07  1.195240213318969e+00 
 1.507621871148927e-07  1.195240213318969e+00 
 1.507821871148927e-07  1.195240213318969e+00 
 1.508021871148927e-07  1.195240213318969e+00 
 1.508221871148927e-07  1.195240213318969e+00 
 1.508421871148927e-07  1.195240213318970e+00 
 1.508621871148927e-07  1.195240213318970e+00 
 1.508821871148927e-07  1.195240213318970e+00 
 1.509021871148927e-07  1.195240213318970e+00 
 1.509221871148927e-07  1.195240213318970e+00 
 1.509421871148927e-07  1.195240213318969e+00 
 1.509621871148926e-07  1.195240213318969e+00 
 1.509821871148926e-07  1.195240213318969e+00 
 1.510021871148926e-07  1.195240213318969e+00 
 1.510221871148926e-07  1.195240213318970e+00 
 1.510421871148926e-07  1.195240213318970e+00 
 1.510621871148926e-07  1.195240213318970e+00 
 1.510821871148926e-07  1.195240213318970e+00 
 1.511021871148926e-07  1.195240213318970e+00 
 1.511221871148926e-07  1.195240213318970e+00 
 1.511421871148926e-07  1.195240213318970e+00 
 1.511621871148926e-07  1.195240213318970e+00 
 1.511821871148926e-07  1.195240213318970e+00 
 1.512021871148926e-07  1.195240213318970e+00 
 1.512221871148926e-07  1.195240213318970e+00 
 1.512421871148926e-07  1.195240213318970e+00 
 1.512621871148926e-07  1.195240213318970e+00 
 1.512821871148926e-07  1.195240213318970e+00 
 1.513021871148926e-07  1.195240213318970e+00 
 1.513221871148926e-07  1.195240213318970e+00 
 1.513421871148926e-07  1.195240213318970e+00 
 1.513621871148926e-07  1.195240213318970e+00 
 1.513821871148926e-07  1.195240213318970e+00 
 1.514021871148926e-07  1.195240213318970e+00 
 1.514221871148926e-07  1.195240213318970e+00 
 1.514421871148926e-07  1.195240213318970e+00 
 1.514621871148926e-07  1.195240213318970e+00 
 1.514821871148926e-07  1.195240213318970e+00 
 1.515021871148925e-07  1.195240213318970e+00 
 1.515221871148925e-07  1.195240213318970e+00 
 1.515421871148925e-07  1.195240213318970e+00 
 1.515621871148925e-07  1.195240213318970e+00 
 1.515821871148925e-07  1.195240213318970e+00 
 1.516021871148925e-07  1.195240213318970e+00 
 1.516221871148925e-07  1.195240213318970e+00 
 1.516421871148925e-07  1.195240213318970e+00 
 1.516621871148925e-07  1.195240213318970e+00 
 1.516821871148925e-07  1.195240213318970e+00 
 1.517021871148925e-07  1.195240213318970e+00 
 1.517221871148925e-07  1.195240213318969e+00 
 1.517421871148925e-07  1.195240213318969e+00 
 1.517621871148925e-07  1.195240213318969e+00 
 1.517821871148925e-07  1.195240213318969e+00 
 1.518021871148925e-07  1.195240213318970e+00 
 1.518221871148925e-07  1.195240213318970e+00 
 1.518421871148925e-07  1.195240213318970e+00 
 1.518621871148925e-07  1.195240213318970e+00 
 1.518821871148925e-07  1.195240213318970e+00 
 1.519021871148925e-07  1.195240213318970e+00 
 1.519221871148925e-07  1.195240213318970e+00 
 1.519421871148925e-07  1.195240213318969e+00 
 1.519621871148925e-07  1.195240213318969e+00 
 1.519821871148925e-07  1.195240213318969e+00 
 1.520021871148925e-07  1.195240213318969e+00 
 1.520221871148924e-07  1.195240213318970e+00 
 1.520421871148924e-07  1.195240213318970e+00 
 1.520621871148924e-07  1.195240213318969e+00 
 1.520821871148924e-07  1.195240213318969e+00 
 1.521021871148924e-07  1.195240213318969e+00 
 1.521221871148924e-07  1.195240213318969e+00 
 1.521421871148924e-07  1.195240213318969e+00 
 1.521621871148924e-07  1.195240213318969e+00 
 1.521821871148924e-07  1.195240213318969e+00 
 1.522021871148924e-07  1.195240213318969e+00 
 1.522221871148924e-07  1.195240213318969e+00 
 1.522421871148924e-07  1.195240213318969e+00 
 1.522621871148924e-07  1.195240213318969e+00 
 1.522821871148924e-07  1.195240213318969e+00 
 1.523021871148924e-07  1.195240213318969e+00 
 1.523221871148924e-07  1.195240213318969e+00 
 1.523421871148924e-07  1.195240213318969e+00 
 1.523621871148924e-07  1.195240213318969e+00 
 1.523821871148924e-07  1.195240213318969e+00 
 1.524021871148924e-07  1.195240213318969e+00 
 1.524221871148924e-07  1.195240213318969e+00 
 1.524421871148924e-07  1.195240213318969e+00 
 1.524621871148924e-07  1.195240213318969e+00 
 1.524821871148924e-07  1.195240213318969e+00 
 1.525021871148924e-07  1.195240213318969e+00 
 1.525221871148924e-07  1.195240213318969e+00 
 1.525421871148924e-07  1.195240213318969e+00 
 1.525621871148923e-07  1.195240213318969e+00 
 1.525821871148923e-07  1.195240213318968e+00 
 1.526021871148923e-07  1.195240213318969e+00 
 1.526221871148923e-07  1.195240213318969e+00 
 1.526421871148923e-07  1.195240213318969e+00 
 1.526621871148923e-07  1.195240213318969e+00 
 1.526821871148923e-07  1.195240213318968e+00 
 1.527021871148923e-07  1.195240213318968e+00 
 1.527221871148923e-07  1.195240213318968e+00 
 1.527421871148923e-07  1.195240213318968e+00 
 1.527621871148923e-07  1.195240213318969e+00 
 1.527821871148923e-07  1.195240213318969e+00 
 1.528021871148923e-07  1.195240213318969e+00 
 1.528221871148923e-07  1.195240213318968e+00 
 1.528421871148923e-07  1.195240213318968e+00 
 1.528621871148923e-07  1.195240213318968e+00 
 1.528821871148923e-07  1.195240213318968e+00 
 1.529021871148923e-07  1.195240213318968e+00 
 1.529221871148923e-07  1.195240213318968e+00 
 1.529421871148923e-07  1.195240213318968e+00 
 1.529621871148923e-07  1.195240213318968e+00 
 1.529821871148923e-07  1.195240213318968e+00 
 1.530021871148923e-07  1.195240213318968e+00 
 1.530221871148923e-07  1.195240213318968e+00 
 1.530421871148923e-07  1.195240213318968e+00 
 1.530621871148923e-07  1.195240213318968e+00 
 1.530821871148922e-07  1.195240213318968e+00 
 1.531021871148922e-07  1.195240213318968e+00 
 1.531221871148922e-07  1.195240213318968e+00 
 1.531421871148922e-07  1.195240213318968e+00 
 1.531621871148922e-07  1.195240213318968e+00 
 1.531821871148922e-07  1.195240213318968e+00 
 1.532021871148922e-07  1.195240213318968e+00 
 1.532221871148922e-07  1.195240213318968e+00 
 1.532421871148922e-07  1.195240213318968e+00 
 1.532621871148922e-07  1.195240213318968e+00 
 1.532821871148922e-07  1.195240213318968e+00 
 1.533021871148922e-07  1.195240213318968e+00 
 1.533221871148922e-07  1.195240213318968e+00 
 1.533421871148922e-07  1.195240213318968e+00 
 1.533621871148922e-07  1.195240213318968e+00 
 1.533821871148922e-07  1.195240213318968e+00 
 1.534021871148922e-07  1.195240213318968e+00 
 1.534221871148922e-07  1.195240213318967e+00 
 1.534421871148922e-07  1.195240213318968e+00 
 1.534621871148922e-07  1.195240213318968e+00 
 1.534821871148922e-07  1.195240213318968e+00 
 1.535021871148922e-07  1.195240213318968e+00 
 1.535221871148922e-07  1.195240213318968e+00 
 1.535421871148922e-07  1.195240213318968e+00 
 1.535621871148922e-07  1.195240213318968e+00 
 1.535821871148922e-07  1.195240213318967e+00 
 1.536021871148921e-07  1.195240213318967e+00 
 1.536221871148921e-07  1.195240213318967e+00 
 1.536421871148921e-07  1.195240213318968e+00 
 1.536621871148921e-07  1.195240213318968e+00 
 1.536821871148921e-07  1.195240213318968e+00 
 1.537021871148921e-07  1.195240213318968e+00 
 1.537221871148921e-07  1.195240213318968e+00 
 1.537421871148921e-07  1.195240213318968e+00 
 1.537621871148921e-07  1.195240213318968e+00 
 1.537821871148921e-07  1.195240213318968e+00 
 1.538021871148921e-07  1.195240213318968e+00 
 1.538221871148921e-07  1.195240213318969e+00 
 1.538421871148921e-07  1.195240213318969e+00 
 1.538621871148921e-07  1.195240213318968e+00 
 1.538821871148921e-07  1.195240213318968e+00 
 1.539021871148921e-07  1.195240213318968e+00 
 1.539221871148921e-07  1.195240213318968e+00 
 1.539421871148921e-07  1.195240213318968e+00 
 1.539621871148921e-07  1.195240213318968e+00 
 1.539821871148921e-07  1.195240213318968e+00 
 1.540021871148921e-07  1.195240213318968e+00 
 1.540221871148921e-07  1.195240213318968e+00 
 1.540421871148921e-07  1.195240213318968e+00 
 1.540621871148921e-07  1.195240213318969e+00 
 1.540821871148921e-07  1.195240213318969e+00 
 1.541021871148921e-07  1.195240213318968e+00 
 1.541221871148921e-07  1.195240213318969e+00 
 1.541421871148920e-07  1.195240213318969e+00 
 1.541621871148920e-07  1.195240213318969e+00 
 1.541821871148920e-07  1.195240213318969e+00 
 1.542021871148920e-07  1.195240213318969e+00 
 1.542221871148920e-07  1.195240213318969e+00 
 1.542421871148920e-07  1.195240213318969e+00 
 1.542621871148920e-07  1.195240213318969e+00 
 1.542821871148920e-07  1.195240213318969e+00 
 1.543021871148920e-07  1.195240213318969e+00 
 1.543221871148920e-07  1.195240213318968e+00 
 1.543421871148920e-07  1.195240213318968e+00 
 1.543621871148920e-07  1.195240213318969e+00 
 1.543821871148920e-07  1.195240213318969e+00 
 1.544021871148920e-07  1.195240213318969e+00 
 1.544221871148920e-07  1.195240213318969e+00 
 1.544421871148920e-07  1.195240213318969e+00 
 1.544621871148920e-07  1.195240213318969e+00 
 1.544821871148920e-07  1.195240213318969e+00 
 1.545021871148920e-07  1.195240213318969e+00 
 1.545221871148920e-07  1.195240213318969e+00 
 1.545421871148920e-07  1.195240213318969e+00 
 1.545621871148920e-07  1.195240213318969e+00 
 1.545821871148920e-07  1.195240213318969e+00 
 1.546021871148920e-07  1.195240213318969e+00 
 1.546221871148920e-07  1.195240213318969e+00 
 1.546421871148920e-07  1.195240213318969e+00 
 1.546621871148919e-07  1.195240213318969e+00 
 1.546821871148919e-07  1.195240213318969e+00 
 1.547021871148919e-07  1.195240213318969e+00 
 1.547221871148919e-07  1.195240213318969e+00 
 1.547421871148919e-07  1.195240213318969e+00 
 1.547621871148919e-07  1.195240213318969e+00 
 1.547821871148919e-07  1.195240213318969e+00 
 1.548021871148919e-07  1.195240213318969e+00 
 1.548221871148919e-07  1.195240213318969e+00 
 1.548421871148919e-07  1.195240213318970e+00 
 1.548621871148919e-07  1.195240213318969e+00 
 1.548821871148919e-07  1.195240213318970e+00 
 1.549021871148919e-07  1.195240213318970e+00 
 1.549221871148919e-07  1.195240213318970e+00 
 1.549421871148919e-07  1.195240213318970e+00 
 1.549621871148919e-07  1.195240213318970e+00 
 1.549821871148919e-07  1.195240213318970e+00 
 1.550021871148919e-07  1.195240213318970e+00 
 1.550221871148919e-07  1.195240213318969e+00 
 1.550421871148919e-07  1.195240213318970e+00 
 1.550621871148919e-07  1.195240213318970e+00 
 1.550821871148919e-07  1.195240213318970e+00 
 1.551021871148919e-07  1.195240213318970e+00 
 1.551221871148919e-07  1.195240213318970e+00 
 1.551421871148919e-07  1.195240213318970e+00 
 1.551621871148919e-07  1.195240213318970e+00 
 1.551821871148918e-07  1.195240213318970e+00 
 1.552021871148918e-07  1.195240213318970e+00 
 1.552221871148918e-07  1.195240213318970e+00 
 1.552421871148918e-07  1.195240213318970e+00 
 1.552621871148918e-07  1.195240213318970e+00 
 1.552821871148918e-07  1.195240213318970e+00 
 1.553021871148918e-07  1.195240213318970e+00 
 1.553221871148918e-07  1.195240213318970e+00 
 1.553421871148918e-07  1.195240213318970e+00 
 1.553621871148918e-07  1.195240213318970e+00 
 1.553821871148918e-07  1.195240213318970e+00 
 1.554021871148918e-07  1.195240213318970e+00 
 1.554221871148918e-07  1.195240213318970e+00 
 1.554421871148918e-07  1.195240213318970e+00 
 1.554621871148918e-07  1.195240213318970e+00 
 1.554821871148918e-07  1.195240213318970e+00 
 1.555021871148918e-07  1.195240213318970e+00 
 1.555221871148918e-07  1.195240213318970e+00 
 1.555421871148918e-07  1.195240213318970e+00 
 1.555621871148918e-07  1.195240213318970e+00 
 1.555821871148918e-07  1.195240213318971e+00 
 1.556021871148918e-07  1.195240213318971e+00 
 1.556221871148918e-07  1.195240213318970e+00 
 1.556421871148918e-07  1.195240213318971e+00 
 1.556621871148918e-07  1.195240213318970e+00 
 1.556821871148918e-07  1.195240213318970e+00 
 1.557021871148918e-07  1.195240213318970e+00 
 1.557221871148917e-07  1.195240213318970e+00 
 1.557421871148917e-07  1.195240213318970e+00 
 1.557621871148917e-07  1.195240213318971e+00 
 1.557821871148917e-07  1.195240213318970e+00 
 1.558021871148917e-07  1.195240213318970e+00 
 1.558221871148917e-07  1.195240213318970e+00 
 1.558421871148917e-07  1.195240213318971e+00 
 1.558621871148917e-07  1.195240213318971e+00 
 1.558821871148917e-07  1.195240213318971e+00 
 1.559021871148917e-07  1.195240213318971e+00 
 1.559221871148917e-07  1.195240213318971e+00 
 1.559421871148917e-07  1.195240213318970e+00 
 1.559621871148917e-07  1.195240213318970e+00 
 1.559821871148917e-07  1.195240213318970e+00 
 1.560021871148917e-07  1.195240213318970e+00 
 1.560221871148917e-07  1.195240213318970e+00 
 1.560421871148917e-07  1.195240213318970e+00 
 1.560621871148917e-07  1.195240213318970e+00 
 1.560821871148917e-07  1.195240213318970e+00 
 1.561021871148917e-07  1.195240213318970e+00 
 1.561221871148917e-07  1.195240213318970e+00 
 1.561421871148917e-07  1.195240213318970e+00 
 1.561621871148917e-07  1.195240213318970e+00 
 1.561821871148917e-07  1.195240213318969e+00 
 1.562021871148917e-07  1.195240213318970e+00 
 1.562221871148917e-07  1.195240213318970e+00 
 1.562421871148916e-07  1.195240213318970e+00 
 1.562621871148916e-07  1.195240213318970e+00 
 1.562821871148916e-07  1.195240213318969e+00 
 1.563021871148916e-07  1.195240213318969e+00 
 1.563221871148916e-07  1.195240213318969e+00 
 1.563421871148916e-07  1.195240213318969e+00 
 1.563621871148916e-07  1.195240213318969e+00 
 1.563821871148916e-07  1.195240213318969e+00 
 1.564021871148916e-07  1.195240213318970e+00 
 1.564221871148916e-07  1.195240213318970e+00 
 1.564421871148916e-07  1.195240213318970e+00 
 1.564621871148916e-07  1.195240213318969e+00 
 1.564821871148916e-07  1.195240213318969e+00 
 1.565021871148916e-07  1.195240213318969e+00 
 1.565221871148916e-07  1.195240213318969e+00 
 1.565421871148916e-07  1.195240213318970e+00 
 1.565621871148916e-07  1.195240213318970e+00 
 1.565821871148916e-07  1.195240213318970e+00 
 1.566021871148916e-07  1.195240213318970e+00 
 1.566221871148916e-07  1.195240213318969e+00 
 1.566421871148916e-07  1.195240213318969e+00 
 1.566621871148916e-07  1.195240213318969e+00 
 1.566821871148916e-07  1.195240213318969e+00 
 1.567021871148916e-07  1.195240213318969e+00 
 1.567221871148916e-07  1.195240213318969e+00 
 1.567421871148916e-07  1.195240213318969e+00 
 1.567621871148916e-07  1.195240213318969e+00 
 1.567821871148915e-07  1.195240213318969e+00 
 1.568021871148915e-07  1.195240213318969e+00 
 1.568221871148915e-07  1.195240213318969e+00 
 1.568421871148915e-07  1.195240213318969e+00 
 1.568621871148915e-07  1.195240213318969e+00 
 1.568821871148915e-07  1.195240213318969e+00 
 1.569021871148915e-07  1.195240213318969e+00 
 1.569221871148915e-07  1.195240213318969e+00 
 1.569421871148915e-07  1.195240213318969e+00 
 1.569621871148915e-07  1.195240213318969e+00 
 1.569821871148915e-07  1.195240213318969e+00 
 1.570021871148915e-07  1.195240213318969e+00 
 1.570221871148915e-07  1.195240213318969e+00 
 1.570421871148915e-07  1.195240213318969e+00 
 1.570621871148915e-07  1.195240213318969e+00 
 1.570821871148915e-07  1.195240213318969e+00 
 1.571021871148915e-07  1.195240213318969e+00 
 1.571221871148915e-07  1.195240213318969e+00 
 1.571421871148915e-07  1.195240213318969e+00 
 1.571621871148915e-07  1.195240213318969e+00 
 1.571821871148915e-07  1.195240213318968e+00 
 1.572021871148915e-07  1.195240213318968e+00 
 1.572221871148915e-07  1.195240213318968e+00 
 1.572421871148915e-07  1.195240213318969e+00 
 1.572621871148915e-07  1.195240213318969e+00 
 1.572821871148915e-07  1.195240213318969e+00 
 1.573021871148914e-07  1.195240213318969e+00 
 1.573221871148914e-07  1.195240213318969e+00 
 1.573421871148914e-07  1.195240213318969e+00 
 1.573621871148914e-07  1.195240213318969e+00 
 1.573821871148914e-07  1.195240213318968e+00 
 1.574021871148914e-07  1.195240213318969e+00 
 1.574221871148914e-07  1.195240213318969e+00 
 1.574421871148914e-07  1.195240213318969e+00 
 1.574621871148914e-07  1.195240213318969e+00 
 1.574821871148914e-07  1.195240213318969e+00 
 1.575021871148914e-07  1.195240213318969e+00 
 1.575221871148914e-07  1.195240213318969e+00 
 1.575421871148914e-07  1.195240213318968e+00 
 1.575621871148914e-07  1.195240213318968e+00 
 1.575821871148914e-07  1.195240213318968e+00 
 1.576021871148914e-07  1.195240213318969e+00 
 1.576221871148914e-07  1.195240213318969e+00 
 1.576421871148914e-07  1.195240213318969e+00 
 1.576621871148914e-07  1.195240213318969e+00 
 1.576821871148914e-07  1.195240213318969e+00 
 1.577021871148914e-07  1.195240213318969e+00 
 1.577221871148914e-07  1.195240213318968e+00 
 1.577421871148914e-07  1.195240213318968e+00 
 1.577621871148914e-07  1.195240213318968e+00 
 1.577821871148914e-07  1.195240213318968e+00 
 1.578021871148914e-07  1.195240213318968e+00 
 1.578221871148913e-07  1.195240213318968e+00 
 1.578421871148913e-07  1.195240213318968e+00 
 1.578621871148913e-07  1.195240213318968e+00 
 1.578821871148913e-07  1.195240213318968e+00 
 1.579021871148913e-07  1.195240213318968e+00 
 1.579221871148913e-07  1.195240213318968e+00 
 1.579421871148913e-07  1.195240213318968e+00 
 1.579621871148913e-07  1.195240213318968e+00 
 1.579821871148913e-07  1.195240213318969e+00 
 1.580021871148913e-07  1.195240213318969e+00 
 1.580221871148913e-07  1.195240213318969e+00 
 1.580421871148913e-07  1.195240213318969e+00 
 1.580621871148913e-07  1.195240213318968e+00 
 1.580821871148913e-07  1.195240213318968e+00 
 1.581021871148913e-07  1.195240213318968e+00 
 1.581221871148913e-07  1.195240213318968e+00 
 1.581421871148913e-07  1.195240213318968e+00 
 1.581621871148913e-07  1.195240213318968e+00 
 1.581821871148913e-07  1.195240213318968e+00 
 1.582021871148913e-07  1.195240213318968e+00 
 1.582221871148913e-07  1.195240213318968e+00 
 1.582421871148913e-07  1.195240213318968e+00 
 1.582621871148913e-07  1.195240213318968e+00 
 1.582821871148913e-07  1.195240213318968e+00 
 1.583021871148913e-07  1.195240213318968e+00 
 1.583221871148913e-07  1.195240213318968e+00 
 1.583421871148913e-07  1.195240213318967e+00 
 1.583621871148912e-07  1.195240213318967e+00 
 1.583821871148912e-07  1.195240213318968e+00 
 1.584021871148912e-07  1.195240213318968e+00 
 1.584221871148912e-07  1.195240213318968e+00 
 1.584421871148912e-07  1.195240213318968e+00 
 1.584621871148912e-07  1.195240213318968e+00 
 1.584821871148912e-07  1.195240213318968e+00 
 1.585021871148912e-07  1.195240213318968e+00 
 1.585221871148912e-07  1.195240213318967e+00 
 1.585421871148912e-07  1.195240213318967e+00 
 1.585621871148912e-07  1.195240213318968e+00 
 1.585821871148912e-07  1.195240213318967e+00 
 1.586021871148912e-07  1.195240213318967e+00 
 1.586221871148912e-07  1.195240213318967e+00 
 1.586421871148912e-07  1.195240213318968e+00 
 1.586621871148912e-07  1.195240213318968e+00 
 1.586821871148912e-07  1.195240213318968e+00 
 1.587021871148912e-07  1.195240213318967e+00 
 1.587221871148912e-07  1.195240213318967e+00 
 1.587421871148912e-07  1.195240213318967e+00 
 1.587621871148912e-07  1.195240213318968e+00 
 1.587821871148912e-07  1.195240213318968e+00 
 1.588021871148912e-07  1.195240213318968e+00 
 1.588221871148912e-07  1.195240213318968e+00 
 1.588421871148912e-07  1.195240213318968e+00 
 1.588621871148912e-07  1.195240213318967e+00 
 1.588821871148911e-07  1.195240213318967e+00 
 1.589021871148911e-07  1.195240213318967e+00 
 1.589221871148911e-07  1.195240213318967e+00 
 1.589421871148911e-07  1.195240213318967e+00 
 1.589621871148911e-07  1.195240213318968e+00 
 1.589821871148911e-07  1.195240213318968e+00 
 1.590021871148911e-07  1.195240213318968e+00 
 1.590221871148911e-07  1.195240213318968e+00 
 1.590421871148911e-07  1.195240213318968e+00 
 1.590621871148911e-07  1.195240213318968e+00 
 1.590821871148911e-07  1.195240213318968e+00 
 1.591021871148911e-07  1.195240213318968e+00 
 1.591221871148911e-07  1.195240213318967e+00 
 1.591421871148911e-07  1.195240213318967e+00 
 1.591621871148911e-07  1.195240213318967e+00 
 1.591821871148911e-07  1.195240213318967e+00 
 1.592021871148911e-07  1.195240213318967e+00 
 1.592221871148911e-07  1.195240213318967e+00 
 1.592421871148911e-07  1.195240213318967e+00 
 1.592621871148911e-07  1.195240213318967e+00 
 1.592821871148911e-07  1.195240213318967e+00 
 1.593021871148911e-07  1.195240213318967e+00 
 1.593221871148911e-07  1.195240213318967e+00 
 1.593421871148911e-07  1.195240213318967e+00 
 1.593621871148911e-07  1.195240213318967e+00 
 1.593821871148911e-07  1.195240213318967e+00 
 1.594021871148910e-07  1.195240213318967e+00 
 1.594221871148910e-07  1.195240213318967e+00 
 1.594421871148910e-07  1.195240213318967e+00 
 1.594621871148910e-07  1.195240213318967e+00 
 1.594821871148910e-07  1.195240213318967e+00 
 1.595021871148910e-07  1.195240213318967e+00 
 1.595221871148910e-07  1.195240213318967e+00 
 1.595421871148910e-07  1.195240213318967e+00 
 1.595621871148910e-07  1.195240213318967e+00 
 1.595821871148910e-07  1.195240213318967e+00 
 1.596021871148910e-07  1.195240213318968e+00 
 1.596221871148910e-07  1.195240213318968e+00 
 1.596421871148910e-07  1.195240213318968e+00 
 1.596621871148910e-07  1.195240213318968e+00 
 1.596821871148910e-07  1.195240213318968e+00 
 1.597021871148910e-07  1.195240213318969e+00 
 1.597221871148910e-07  1.195240213318969e+00 
 1.597421871148910e-07  1.195240213318969e+00 
 1.597621871148910e-07  1.195240213318969e+00 
 1.597821871148910e-07  1.195240213318968e+00 
 1.598021871148910e-07  1.195240213318968e+00 
 1.598221871148910e-07  1.195240213318968e+00 
 1.598421871148910e-07  1.195240213318968e+00 
 1.598621871148910e-07  1.195240213318968e+00 
 1.598821871148910e-07  1.195240213318969e+00 
 1.599021871148910e-07  1.195240213318969e+00 
 1.599221871148910e-07  1.195240213318969e+00 
 1.599421871148909e-07  1.195240213318968e+00 
 1.599621871148909e-07  1.195240213318968e+00 
 1.599821871148909e-07  1.195240213318968e+00 
 1.600021871148909e-07  1.195240213318968e+00 
 1.600221871148909e-07  1.195240213318968e+00 
 1.600421871148909e-07  1.195240213318968e+00 
 1.600621871148909e-07  1.195240213318968e+00 
 1.600821871148909e-07  1.195240213318968e+00 
 1.601021871148909e-07  1.195240213318969e+00 
 1.601221871148909e-07  1.195240213318969e+00 
 1.601421871148909e-07  1.195240213318969e+00 
 1.601621871148909e-07  1.195240213318969e+00 
 1.601821871148909e-07  1.195240213318969e+00 
 1.602021871148909e-07  1.195240213318969e+00 
 1.602221871148909e-07  1.195240213318969e+00 
 1.602421871148909e-07  1.195240213318969e+00 
 1.602621871148909e-07  1.195240213318969e+00 
 1.602821871148909e-07  1.195240213318969e+00 
 1.603021871148909e-07  1.195240213318969e+00 
 1.603221871148909e-07  1.195240213318969e+00 
 1.603421871148909e-07  1.195240213318969e+00 
 1.603621871148909e-07  1.195240213318969e+00 
 1.603821871148909e-07  1.195240213318969e+00 
 1.604021871148909e-07  1.195240213318969e+00 
 1.604221871148909e-07  1.195240213318969e+00 
 1.604421871148909e-07  1.195240213318969e+00 
 1.604621871148908e-07  1.195240213318969e+00 
 1.604821871148908e-07  1.195240213318969e+00 
 1.605021871148908e-07  1.195240213318969e+00 
 1.605221871148908e-07  1.195240213318969e+00 
 1.605421871148908e-07  1.195240213318969e+00 
 1.605621871148908e-07  1.195240213318969e+00 
 1.605821871148908e-07  1.195240213318969e+00 
 1.606021871148908e-07  1.195240213318969e+00 
 1.606221871148908e-07  1.195240213318969e+00 
 1.606421871148908e-07  1.195240213318969e+00 
 1.606621871148908e-07  1.195240213318969e+00 
 1.606821871148908e-07  1.195240213318969e+00 
 1.607021871148908e-07  1.195240213318969e+00 
 1.607221871148908e-07  1.195240213318969e+00 
 1.607421871148908e-07  1.195240213318969e+00 
 1.607621871148908e-07  1.195240213318969e+00 
 1.607821871148908e-07  1.195240213318969e+00 
 1.608021871148908e-07  1.195240213318969e+00 
 1.608221871148908e-07  1.195240213318969e+00 
 1.608421871148908e-07  1.195240213318969e+00 
 1.608621871148908e-07  1.195240213318969e+00 
 1.608821871148908e-07  1.195240213318969e+00 
 1.609021871148908e-07  1.195240213318969e+00 
 1.609221871148908e-07  1.195240213318968e+00 
 1.609421871148908e-07  1.195240213318968e+00 
 1.609621871148908e-07  1.195240213318968e+00 
 1.609821871148908e-07  1.195240213318967e+00 
 1.610021871148907e-07  1.195240213318967e+00 
 1.610221871148907e-07  1.195240213318967e+00 
 1.610421871148907e-07  1.195240213318967e+00 
 1.610621871148907e-07  1.195240213318967e+00 
 1.610821871148907e-07  1.195240213318967e+00 
 1.611021871148907e-07  1.195240213318967e+00 
 1.611221871148907e-07  1.195240213318967e+00 
 1.611421871148907e-07  1.195240213318967e+00 
 1.611621871148907e-07  1.195240213318966e+00 
 1.611821871148907e-07  1.195240213318966e+00 
 1.612021871148907e-07  1.195240213318965e+00 
 1.612221871148907e-07  1.195240213318965e+00 
 1.612421871148907e-07  1.195240213318965e+00 
 1.612621871148907e-07  1.195240213318964e+00 
 1.612821871148907e-07  1.195240213318964e+00 
 1.613021871148907e-07  1.195240213318964e+00 
 1.613221871148907e-07  1.195240213318964e+00 
 1.613421871148907e-07  1.195240213318964e+00 
 1.613621871148907e-07  1.195240213318964e+00 
 1.613821871148907e-07  1.195240213318964e+00 
 1.614021871148907e-07  1.195240213318964e+00 
 1.614221871148907e-07  1.195240213318964e+00 
 1.614421871148907e-07  1.195240213318964e+00 
 1.614621871148907e-07  1.195240213318963e+00 
 1.614821871148907e-07  1.195240213318963e+00 
 1.615021871148907e-07  1.195240213318963e+00 
 1.615221871148906e-07  1.195240213318963e+00 
 1.615421871148906e-07  1.195240213318963e+00 
 1.615621871148906e-07  1.195240213318963e+00 
 1.615821871148906e-07  1.195240213318963e+00 
 1.616021871148906e-07  1.195240213318963e+00 
 1.616221871148906e-07  1.195240213318963e+00 
 1.616421871148906e-07  1.195240213318963e+00 
 1.616621871148906e-07  1.195240213318963e+00 
 1.616821871148906e-07  1.195240213318963e+00 
 1.617021871148906e-07  1.195240213318963e+00 
 1.617221871148906e-07  1.195240213318963e+00 
 1.617421871148906e-07  1.195240213318963e+00 
 1.617621871148906e-07  1.195240213318963e+00 
 1.617821871148906e-07  1.195240213318963e+00 
 1.618021871148906e-07  1.195240213318963e+00 
 1.618221871148906e-07  1.195240213318963e+00 
 1.618421871148906e-07  1.195240213318963e+00 
 1.618621871148906e-07  1.195240213318963e+00 
 1.618821871148906e-07  1.195240213318963e+00 
 1.619021871148906e-07  1.195240213318963e+00 
 1.619221871148906e-07  1.195240213318963e+00 
 1.619421871148906e-07  1.195240213318963e+00 
 1.619621871148906e-07  1.195240213318963e+00 
 1.619821871148906e-07  1.195240213318963e+00 
 1.620021871148906e-07  1.195240213318963e+00 
 1.620221871148906e-07  1.195240213318963e+00 
 1.620421871148905e-07  1.195240213318963e+00 
 1.620621871148905e-07  1.195240213318963e+00 
 1.620821871148905e-07  1.195240213318963e+00 
 1.621021871148905e-07  1.195240213318963e+00 
 1.621221871148905e-07  1.195240213318963e+00 
 1.621421871148905e-07  1.195240213318963e+00 
 1.621621871148905e-07  1.195240213318963e+00 
 1.621821871148905e-07  1.195240213318963e+00 
 1.622021871148905e-07  1.195240213318963e+00 
 1.622221871148905e-07  1.195240213318962e+00 
 1.622421871148905e-07  1.195240213318962e+00 
 1.622621871148905e-07  1.195240213318961e+00 
 1.622821871148905e-07  1.195240213318961e+00 
 1.623021871148905e-07  1.195240213318961e+00 
 1.623221871148905e-07  1.195240213318961e+00 
 1.623421871148905e-07  1.195240213318961e+00 
 1.623621871148905e-07  1.195240213318961e+00 
 1.623821871148905e-07  1.195240213318961e+00 
 1.624021871148905e-07  1.195240213318961e+00 
 1.624221871148905e-07  1.195240213318961e+00 
 1.624421871148905e-07  1.195240213318961e+00 
 1.624621871148905e-07  1.195240213318960e+00 
 1.624821871148905e-07  1.195240213318960e+00 
 1.625021871148905e-07  1.195240213318959e+00 
 1.625221871148905e-07  1.195240213318959e+00 
 1.625421871148905e-07  1.195240213318959e+00 
 1.625621871148905e-07  1.195240213318958e+00 
 1.625821871148904e-07  1.195240213318958e+00 
 1.626021871148904e-07  1.195240213318958e+00 
 1.626221871148904e-07  1.195240213318958e+00 
 1.626421871148904e-07  1.195240213318959e+00 
 1.626621871148904e-07  1.195240213318959e+00 
 1.626821871148904e-07  1.195240213318959e+00 
 1.627021871148904e-07  1.195240213318959e+00 
 1.627221871148904e-07  1.195240213318959e+00 
 1.627421871148904e-07  1.195240213318959e+00 
 1.627621871148904e-07  1.195240213318959e+00 
 1.627821871148904e-07  1.195240213318959e+00 
 1.628021871148904e-07  1.195240213318959e+00 
 1.628221871148904e-07  1.195240213318958e+00 
 1.628421871148904e-07  1.195240213318958e+00 
 1.628621871148904e-07  1.195240213318958e+00 
 1.628821871148904e-07  1.195240213318958e+00 
 1.629021871148904e-07  1.195240213318958e+00 
 1.629221871148904e-07  1.195240213318958e+00 
 1.629421871148904e-07  1.195240213318958e+00 
 1.629621871148904e-07  1.195240213318958e+00 
 1.629821871148904e-07  1.195240213318958e+00 
 1.630021871148904e-07  1.195240213318958e+00 
 1.630221871148904e-07  1.195240213318959e+00 
 1.630421871148904e-07  1.195240213318959e+00 
 1.630621871148904e-07  1.195240213318959e+00 
 1.630821871148904e-07  1.195240213318959e+00 
 1.631021871148903e-07  1.195240213318959e+00 
 1.631221871148903e-07  1.195240213318959e+00 
 1.631421871148903e-07  1.195240213318959e+00 
 1.631621871148903e-07  1.195240213318959e+00 
 1.631821871148903e-07  1.195240213318959e+00 
 1.632021871148903e-07  1.195240213318959e+00 
 1.632221871148903e-07  1.195240213318959e+00 
 1.632421871148903e-07  1.195240213318959e+00 
 1.632621871148903e-07  1.195240213318959e+00 
 1.632821871148903e-07  1.195240213318959e+00 
 1.633021871148903e-07  1.195240213318959e+00 
 1.633221871148903e-07  1.195240213318959e+00 
 1.633421871148903e-07  1.195240213318958e+00 
 1.633621871148903e-07  1.195240213318958e+00 
 1.633821871148903e-07  1.195240213318958e+00 
 1.634021871148903e-07  1.195240213318958e+00 
 1.634221871148903e-07  1.195240213318958e+00 
 1.634421871148903e-07  1.195240213318958e+00 
 1.634621871148903e-07  1.195240213318958e+00 
 1.634821871148903e-07  1.195240213318959e+00 
 1.635021871148903e-07  1.195240213318959e+00 
 1.635221871148903e-07  1.195240213318959e+00 
 1.635421871148903e-07  1.195240213318959e+00 
 1.635621871148903e-07  1.195240213318959e+00 
 1.635821871148903e-07  1.195240213318959e+00 
 1.636021871148903e-07  1.195240213318959e+00 
 1.636221871148902e-07  1.195240213318959e+00 
 1.636421871148902e-07  1.195240213318959e+00 
 1.636621871148902e-07  1.195240213318958e+00 
 1.636821871148902e-07  1.195240213318958e+00 
 1.637021871148902e-07  1.195240213318958e+00 
 1.637221871148902e-07  1.195240213318957e+00 
 1.637421871148902e-07  1.195240213318957e+00 
 1.637621871148902e-07  1.195240213318958e+00 
 1.637821871148902e-07  1.195240213318958e+00 
 1.638021871148902e-07  1.195240213318958e+00 
 1.638221871148902e-07  1.195240213318958e+00 
 1.638421871148902e-07  1.195240213318959e+00 
 1.638621871148902e-07  1.195240213318959e+00 
 1.638821871148902e-07  1.195240213318959e+00 
 1.639021871148902e-07  1.195240213318959e+00 
 1.639221871148902e-07  1.195240213318959e+00 
 1.639421871148902e-07  1.195240213318959e+00 
 1.639621871148902e-07  1.195240213318958e+00 
 1.639821871148902e-07  1.195240213318958e+00 
 1.640021871148902e-07  1.195240213318958e+00 
 1.640221871148902e-07  1.195240213318958e+00 
 1.640421871148902e-07  1.195240213318958e+00 
 1.640621871148902e-07  1.195240213318957e+00 
 1.640821871148902e-07  1.195240213318957e+00 
 1.641021871148902e-07  1.195240213318957e+00 
 1.641221871148902e-07  1.195240213318957e+00 
 1.641421871148902e-07  1.195240213318957e+00 
 1.641621871148901e-07  1.195240213318957e+00 
 1.641821871148901e-07  1.195240213318957e+00 
 1.642021871148901e-07  1.195240213318958e+00 
 1.642221871148901e-07  1.195240213318958e+00 
 1.642421871148901e-07  1.195240213318958e+00 
 1.642621871148901e-07  1.195240213318958e+00 
 1.642821871148901e-07  1.195240213318958e+00 
 1.643021871148901e-07  1.195240213318958e+00 
 1.643221871148901e-07  1.195240213318958e+00 
 1.643421871148901e-07  1.195240213318957e+00 
 1.643621871148901e-07  1.195240213318957e+00 
 1.643821871148901e-07  1.195240213318957e+00 
 1.644021871148901e-07  1.195240213318957e+00 
 1.644221871148901e-07  1.195240213318957e+00 
 1.644421871148901e-07  1.195240213318957e+00 
 1.644621871148901e-07  1.195240213318957e+00 
 1.644821871148901e-07  1.195240213318957e+00 
 1.645021871148901e-07  1.195240213318957e+00 
 1.645221871148901e-07  1.195240213318957e+00 
 1.645421871148901e-07  1.195240213318957e+00 
 1.645621871148901e-07  1.195240213318957e+00 
 1.645821871148901e-07  1.195240213318957e+00 
 1.646021871148901e-07  1.195240213318956e+00 
 1.646221871148901e-07  1.195240213318956e+00 
 1.646421871148901e-07  1.195240213318956e+00 
 1.646621871148901e-07  1.195240213318956e+00 
 1.646821871148900e-07  1.195240213318956e+00 
 1.647021871148900e-07  1.195240213318956e+00 
 1.647221871148900e-07  1.195240213318957e+00 
 1.647421871148900e-07  1.195240213318956e+00 
 1.647621871148900e-07  1.195240213318955e+00 
 1.647821871148900e-07  1.195240213318955e+00 
 1.648021871148900e-07  1.195240213318955e+00 
 1.648221871148900e-07  1.195240213318955e+00 
 1.648421871148900e-07  1.195240213318955e+00 
 1.648621871148900e-07  1.195240213318955e+00 
 1.648821871148900e-07  1.195240213318955e+00 
 1.649021871148900e-07  1.195240213318955e+00 
 1.649221871148900e-07  1.195240213318955e+00 
 1.649421871148900e-07  1.195240213318955e+00 
 1.649621871148900e-07  1.195240213318955e+00 
 1.649821871148900e-07  1.195240213318955e+00 
 1.650021871148900e-07  1.195240213318955e+00 
 1.650221871148900e-07  1.195240213318955e+00 
 1.650421871148900e-07  1.195240213318955e+00 
 1.650621871148900e-07  1.195240213318955e+00 
 1.650821871148900e-07  1.195240213318955e+00 
 1.651021871148900e-07  1.195240213318955e+00 
 1.651221871148900e-07  1.195240213318955e+00 
 1.651421871148900e-07  1.195240213318955e+00 
 1.651621871148900e-07  1.195240213318955e+00 
 1.651821871148900e-07  1.195240213318955e+00 
 1.652021871148900e-07  1.195240213318955e+00 
 1.652221871148899e-07  1.195240213318955e+00 
 1.652421871148899e-07  1.195240213318955e+00 
 1.652621871148899e-07  1.195240213318955e+00 
 1.652821871148899e-07  1.195240213318955e+00 
 1.653021871148899e-07  1.195240213318955e+00 
 1.653221871148899e-07  1.195240213318955e+00 
 1.653421871148899e-07  1.195240213318955e+00 
 1.653621871148899e-07  1.195240213318955e+00 
 1.653821871148899e-07  1.195240213318955e+00 
 1.654021871148899e-07  1.195240213318955e+00 
 1.654221871148899e-07  1.195240213318955e+00 
 1.654421871148899e-07  1.195240213318955e+00 
 1.654621871148899e-07  1.195240213318955e+00 
 1.654821871148899e-07  1.195240213318955e+00 
 1.655021871148899e-07  1.195240213318955e+00 
 1.655221871148899e-07  1.195240213318956e+00 
 1.655421871148899e-07  1.195240213318956e+00 
 1.655621871148899e-07  1.195240213318956e+00 
 1.655821871148899e-07  1.195240213318956e+00 
 1.656021871148899e-07  1.195240213318956e+00 
 1.656221871148899e-07  1.195240213318956e+00 
 1.656421871148899e-07  1.195240213318956e+00 
 1.656621871148899e-07  1.195240213318955e+00 
 1.656821871148899e-07  1.195240213318955e+00 
 1.657021871148899e-07  1.195240213318955e+00 
 1.657221871148899e-07  1.195240213318955e+00 
 1.657421871148898e-07  1.195240213318955e+00 
 1.657621871148898e-07  1.195240213318955e+00 
 1.657821871148898e-07  1.195240213318955e+00 
 1.658021871148898e-07  1.195240213318955e+00 
 1.658221871148898e-07  1.195240213318955e+00 
 1.658421871148898e-07  1.195240213318955e+00 
 1.658621871148898e-07  1.195240213318955e+00 
 1.658821871148898e-07  1.195240213318955e+00 
 1.659021871148898e-07  1.195240213318955e+00 
 1.659221871148898e-07  1.195240213318955e+00 
 1.659421871148898e-07  1.195240213318956e+00 
 1.659621871148898e-07  1.195240213318956e+00 
 1.659821871148898e-07  1.195240213318956e+00 
 1.660021871148898e-07  1.195240213318956e+00 
 1.660221871148898e-07  1.195240213318956e+00 
 1.660421871148898e-07  1.195240213318956e+00 
 1.660621871148898e-07  1.195240213318955e+00 
 1.660821871148898e-07  1.195240213318955e+00 
 1.661021871148898e-07  1.195240213318955e+00 
 1.661221871148898e-07  1.195240213318955e+00 
 1.661421871148898e-07  1.195240213318955e+00 
 1.661621871148898e-07  1.195240213318955e+00 
 1.661821871148898e-07  1.195240213318955e+00 
 1.662021871148898e-07  1.195240213318955e+00 
 1.662221871148898e-07  1.195240213318955e+00 
 1.662421871148898e-07  1.195240213318955e+00 
 1.662621871148897e-07  1.195240213318955e+00 
 1.662821871148897e-07  1.195240213318955e+00 
 1.663021871148897e-07  1.195240213318955e+00 
 1.663221871148897e-07  1.195240213318955e+00 
 1.663421871148897e-07  1.195240213318955e+00 
 1.663621871148897e-07  1.195240213318955e+00 
 1.663821871148897e-07  1.195240213318955e+00 
 1.664021871148897e-07  1.195240213318955e+00 
 1.664221871148897e-07  1.195240213318955e+00 
 1.664421871148897e-07  1.195240213318955e+00 
 1.664621871148897e-07  1.195240213318955e+00 
 1.664821871148897e-07  1.195240213318955e+00 
 1.665021871148897e-07  1.195240213318955e+00 
 1.665221871148897e-07  1.195240213318955e+00 
 1.665421871148897e-07  1.195240213318955e+00 
 1.665621871148897e-07  1.195240213318955e+00 
 1.665821871148897e-07  1.195240213318955e+00 
 1.666021871148897e-07  1.195240213318955e+00 
 1.666221871148897e-07  1.195240213318955e+00 
 1.666421871148897e-07  1.195240213318955e+00 
 1.666621871148897e-07  1.195240213318955e+00 
 1.666821871148897e-07  1.195240213318955e+00 
 1.667021871148897e-07  1.195240213318955e+00 
 1.667221871148897e-07  1.195240213318955e+00 
 1.667421871148897e-07  1.195240213318955e+00 
 1.667621871148897e-07  1.195240213318955e+00 
 1.667821871148897e-07  1.195240213318955e+00 
 1.668021871148896e-07  1.195240213318955e+00 
 1.668221871148896e-07  1.195240213318955e+00 
 1.668421871148896e-07  1.195240213318955e+00 
 1.668621871148896e-07  1.195240213318955e+00 
 1.668821871148896e-07  1.195240213318955e+00 
 1.669021871148896e-07  1.195240213318955e+00 
 1.669221871148896e-07  1.195240213318955e+00 
 1.669421871148896e-07  1.195240213318955e+00 
 1.669621871148896e-07  1.195240213318955e+00 
 1.669821871148896e-07  1.195240213318955e+00 
 1.670021871148896e-07  1.195240213318955e+00 
 1.670221871148896e-07  1.195240213318955e+00 
 1.670421871148896e-07  1.195240213318955e+00 
 1.670621871148896e-07  1.195240213318955e+00 
 1.670821871148896e-07  1.195240213318955e+00 
 1.671021871148896e-07  1.195240213318955e+00 
 1.671221871148896e-07  1.195240213318955e+00 
 1.671421871148896e-07  1.195240213318955e+00 
 1.671621871148896e-07  1.195240213318955e+00 
 1.671821871148896e-07  1.195240213318955e+00 
 1.672021871148896e-07  1.195240213318955e+00 
 1.672221871148896e-07  1.195240213318955e+00 
 1.672421871148896e-07  1.195240213318955e+00 
 1.672621871148896e-07  1.195240213318955e+00 
 1.672821871148896e-07  1.195240213318955e+00 
 1.673021871148896e-07  1.195240213318955e+00 
 1.673221871148895e-07  1.195240213318955e+00 
 1.673421871148895e-07  1.195240213318955e+00 
 1.673621871148895e-07  1.195240213318955e+00 
 1.673821871148895e-07  1.195240213318955e+00 
 1.674021871148895e-07  1.195240213318955e+00 
 1.674221871148895e-07  1.195240213318955e+00 
 1.674421871148895e-07  1.195240213318955e+00 
 1.674621871148895e-07  1.195240213318955e+00 
 1.674821871148895e-07  1.195240213318955e+00 
 1.675021871148895e-07  1.195240213318955e+00 
 1.675221871148895e-07  1.195240213318955e+00 
 1.675421871148895e-07  1.195240213318955e+00 
 1.675621871148895e-07  1.195240213318955e+00 
 1.675821871148895e-07  1.195240213318955e+00 
 1.676021871148895e-07  1.195240213318955e+00 
 1.676221871148895e-07  1.195240213318955e+00 
 1.676421871148895e-07  1.195240213318955e+00 
 1.676621871148895e-07  1.195240213318955e+00 
 1.676821871148895e-07  1.195240213318955e+00 
 1.677021871148895e-07  1.195240213318955e+00 
 1.677221871148895e-07  1.195240213318955e+00 
 1.677421871148895e-07  1.195240213318955e+00 
 1.677621871148895e-07  1.195240213318955e+00 
 1.677821871148895e-07  1.195240213318955e+00 
 1.678021871148895e-07  1.195240213318955e+00 
 1.678221871148895e-07  1.195240213318955e+00 
 1.678421871148894e-07  1.195240213318955e+00 
 1.678621871148894e-07  1.195240213318955e+00 
 1.678821871148894e-07  1.195240213318955e+00 
 1.679021871148894e-07  1.195240213318955e+00 
 1.679221871148894e-07  1.195240213318955e+00 
 1.679421871148894e-07  1.195240213318955e+00 
 1.679621871148894e-07  1.195240213318955e+00 
 1.679821871148894e-07  1.195240213318955e+00 
 1.680021871148894e-07  1.195240213318955e+00 
 1.680221871148894e-07  1.195240213318955e+00 
 1.680421871148894e-07  1.195240213318955e+00 
 1.680621871148894e-07  1.195240213318955e+00 
 1.680821871148894e-07  1.195240213318955e+00 
 1.681021871148894e-07  1.195240213318955e+00 
 1.681221871148894e-07  1.195240213318955e+00 
 1.681421871148894e-07  1.195240213318955e+00 
 1.681621871148894e-07  1.195240213318955e+00 
 1.681821871148894e-07  1.195240213318955e+00 
 1.682021871148894e-07  1.195240213318955e+00 
 1.682221871148894e-07  1.195240213318955e+00 
 1.682421871148894e-07  1.195240213318955e+00 
 1.682621871148894e-07  1.195240213318955e+00 
 1.682821871148894e-07  1.195240213318955e+00 
 1.683021871148894e-07  1.195240213318955e+00 
 1.683221871148894e-07  1.195240213318955e+00 
 1.683421871148894e-07  1.195240213318955e+00 
 1.683621871148894e-07  1.195240213318955e+00 
 1.683821871148893e-07  1.195240213318955e+00 
 1.684021871148893e-07  1.195240213318955e+00 
 1.684221871148893e-07  1.195240213318954e+00 
 1.684421871148893e-07  1.195240213318954e+00 
 1.684621871148893e-07  1.195240213318954e+00 
 1.684821871148893e-07  1.195240213318953e+00 
 1.685021871148893e-07  1.195240213318953e+00 
 1.685221871148893e-07  1.195240213318954e+00 
 1.685421871148893e-07  1.195240213318954e+00 
 1.685621871148893e-07  1.195240213318953e+00 
 1.685821871148893e-07  1.195240213318953e+00 
 1.686021871148893e-07  1.195240213318954e+00 
 1.686221871148893e-07  1.195240213318954e+00 
 1.686421871148893e-07  1.195240213318955e+00 
 1.686621871148893e-07  1.195240213318955e+00 
 1.686821871148893e-07  1.195240213318955e+00 
 1.687021871148893e-07  1.195240213318955e+00 
 1.687221871148893e-07  1.195240213318955e+00 
 1.687421871148893e-07  1.195240213318955e+00 
 1.687621871148893e-07  1.195240213318955e+00 
 1.687821871148893e-07  1.195240213318955e+00 
 1.688021871148893e-07  1.195240213318955e+00 
 1.688221871148893e-07  1.195240213318955e+00 
 1.688421871148893e-07  1.195240213318955e+00 
 1.688621871148893e-07  1.195240213318954e+00 
 1.688821871148893e-07  1.195240213318954e+00 
 1.689021871148892e-07  1.195240213318954e+00 
 1.689221871148892e-07  1.195240213318954e+00 
 1.689421871148892e-07  1.195240213318953e+00 
 1.689621871148892e-07  1.195240213318953e+00 
 1.689821871148892e-07  1.195240213318954e+00 
 1.690021871148892e-07  1.195240213318954e+00 
 1.690221871148892e-07  1.195240213318953e+00 
 1.690421871148892e-07  1.195240213318953e+00 
 1.690621871148892e-07  1.195240213318954e+00 
 1.690821871148892e-07  1.195240213318954e+00 
 1.691021871148892e-07  1.195240213318953e+00 
 1.691221871148892e-07  1.195240213318954e+00 
 1.691421871148892e-07  1.195240213318954e+00 
 1.691621871148892e-07  1.195240213318954e+00 
 1.691821871148892e-07  1.195240213318954e+00 
 1.692021871148892e-07  1.195240213318954e+00 
 1.692221871148892e-07  1.195240213318954e+00 
 1.692421871148892e-07  1.195240213318954e+00 
 1.692621871148892e-07  1.195240213318954e+00 
 1.692821871148892e-07  1.195240213318954e+00 
 1.693021871148892e-07  1.195240213318954e+00 
 1.693221871148892e-07  1.195240213318954e+00 
 1.693421871148892e-07  1.195240213318954e+00 
 1.693621871148892e-07  1.195240213318954e+00 
 1.693821871148892e-07  1.195240213318954e+00 
 1.694021871148892e-07  1.195240213318954e+00 
 1.694221871148892e-07  1.195240213318954e+00 
 1.694421871148891e-07  1.195240213318953e+00 
 1.694621871148891e-07  1.195240213318953e+00 
 1.694821871148891e-07  1.195240213318954e+00 
 1.695021871148891e-07  1.195240213318954e+00 
 1.695221871148891e-07  1.195240213318953e+00 
 1.695421871148891e-07  1.195240213318953e+00 
 1.695621871148891e-07  1.195240213318954e+00 
 1.695821871148891e-07  1.195240213318954e+00 
 1.696021871148891e-07  1.195240213318954e+00 
 1.696221871148891e-07  1.195240213318954e+00 
 1.696421871148891e-07  1.195240213318954e+00 
 1.696621871148891e-07  1.195240213318954e+00 
 1.696821871148891e-07  1.195240213318954e+00 
 1.697021871148891e-07  1.195240213318954e+00 
 1.697221871148891e-07  1.195240213318954e+00 
 1.697421871148891e-07  1.195240213318954e+00 
 1.697621871148891e-07  1.195240213318954e+00 
 1.697821871148891e-07  1.195240213318954e+00 
 1.698021871148891e-07  1.195240213318954e+00 
 1.698221871148891e-07  1.195240213318954e+00 
 1.698421871148891e-07  1.195240213318954e+00 
 1.698621871148891e-07  1.195240213318954e+00 
 1.698821871148891e-07  1.195240213318954e+00 
 1.699021871148891e-07  1.195240213318954e+00 
 1.699221871148891e-07  1.195240213318954e+00 
 1.699421871148891e-07  1.195240213318954e+00 
 1.699621871148890e-07  1.195240213318954e+00 
 1.699821871148890e-07  1.195240213318954e+00 
 1.700021871148890e-07  1.195240213318953e+00 
 1.700221871148890e-07  1.195240213318953e+00 
 1.700421871148890e-07  1.195240213318954e+00 
 1.700621871148890e-07  1.195240213318954e+00 
 1.700821871148890e-07  1.195240213318953e+00 
 1.701021871148890e-07  1.195240213318953e+00 
 1.701221871148890e-07  1.195240213318954e+00 
 1.701421871148890e-07  1.195240213318954e+00 
 1.701621871148890e-07  1.195240213318953e+00 
 1.701821871148890e-07  1.195240213318954e+00 
 1.702021871148890e-07  1.195240213318954e+00 
 1.702221871148890e-07  1.195240213318954e+00 
 1.702421871148890e-07  1.195240213318954e+00 
 1.702621871148890e-07  1.195240213318954e+00 
 1.702821871148890e-07  1.195240213318954e+00 
 1.703021871148890e-07  1.195240213318954e+00 
 1.703221871148890e-07  1.195240213318954e+00 
 1.703421871148890e-07  1.195240213318954e+00 
 1.703621871148890e-07  1.195240213318954e+00 
 1.703821871148890e-07  1.195240213318953e+00 
 1.704021871148890e-07  1.195240213318954e+00 
 1.704221871148890e-07  1.195240213318954e+00 
 1.704421871148890e-07  1.195240213318953e+00 
 1.704621871148890e-07  1.195240213318953e+00 
 1.704821871148889e-07  1.195240213318954e+00 
 1.705021871148889e-07  1.195240213318954e+00 
 1.705221871148889e-07  1.195240213318954e+00 
 1.705421871148889e-07  1.195240213318954e+00 
 1.705621871148889e-07  1.195240213318954e+00 
 1.705821871148889e-07  1.195240213318954e+00 
 1.706021871148889e-07  1.195240213318954e+00 
 1.706221871148889e-07  1.195240213318954e+00 
 1.706421871148889e-07  1.195240213318954e+00 
 1.706621871148889e-07  1.195240213318954e+00 
 1.706821871148889e-07  1.195240213318953e+00 
 1.707021871148889e-07  1.195240213318953e+00 
 1.707221871148889e-07  1.195240213318954e+00 
 1.707421871148889e-07  1.195240213318954e+00 
 1.707621871148889e-07  1.195240213318953e+00 
 1.707821871148889e-07  1.195240213318953e+00 
 1.708021871148889e-07  1.195240213318954e+00 
 1.708221871148889e-07  1.195240213318954e+00 
 1.708421871148889e-07  1.195240213318953e+00 
 1.708621871148889e-07  1.195240213318953e+00 
 1.708821871148889e-07  1.195240213318954e+00 
 1.709021871148889e-07  1.195240213318953e+00 
 1.709221871148889e-07  1.195240213318953e+00 
 1.709421871148889e-07  1.195240213318953e+00 
 1.709621871148889e-07  1.195240213318953e+00 
 1.709821871148889e-07  1.195240213318953e+00 
 1.710021871148889e-07  1.195240213318953e+00 
 1.710221871148888e-07  1.195240213318953e+00 
 1.710421871148888e-07  1.195240213318953e+00 
 1.710621871148888e-07  1.195240213318953e+00 
 1.710821871148888e-07  1.195240213318953e+00 
 1.711021871148888e-07  1.195240213318953e+00 
 1.711221871148888e-07  1.195240213318953e+00 
 1.711421871148888e-07  1.195240213318953e+00 
 1.711621871148888e-07  1.195240213318954e+00 
 1.711821871148888e-07  1.195240213318954e+00 
 1.712021871148888e-07  1.195240213318954e+00 
 1.712221871148888e-07  1.195240213318954e+00 
 1.712421871148888e-07  1.195240213318954e+00 
 1.712621871148888e-07  1.195240213318954e+00 
 1.712821871148888e-07  1.195240213318954e+00 
 1.713021871148888e-07  1.195240213318954e+00 
 1.713221871148888e-07  1.195240213318954e+00 
 1.713421871148888e-07  1.195240213318954e+00 
 1.713621871148888e-07  1.195240213318954e+00 
 1.713821871148888e-07  1.195240213318953e+00 
 1.714021871148888e-07  1.195240213318953e+00 
 1.714221871148888e-07  1.195240213318954e+00 
 1.714421871148888e-07  1.195240213318954e+00 
 1.714621871148888e-07  1.195240213318953e+00 
 1.714821871148888e-07  1.195240213318953e+00 
 1.715021871148888e-07  1.195240213318953e+00 
 1.715221871148888e-07  1.195240213318952e+00 
 1.715421871148887e-07  1.195240213318952e+00 
 1.715621871148887e-07  1.195240213318953e+00 
 1.715821871148887e-07  1.195240213318953e+00 
 1.716021871148887e-07  1.195240213318952e+00 
 1.716221871148887e-07  1.195240213318952e+00 
 1.716421871148887e-07  1.195240213318953e+00 
 1.716621871148887e-07  1.195240213318953e+00 
 1.716821871148887e-07  1.195240213318952e+00 
 1.717021871148887e-07  1.195240213318952e+00 
 1.717221871148887e-07  1.195240213318953e+00 
 1.717421871148887e-07  1.195240213318953e+00 
 1.717621871148887e-07  1.195240213318952e+00 
 1.717821871148887e-07  1.195240213318952e+00 
 1.718021871148887e-07  1.195240213318953e+00 
 1.718221871148887e-07  1.195240213318953e+00 
 1.718421871148887e-07  1.195240213318953e+00 
 1.718621871148887e-07  1.195240213318953e+00 
 1.718821871148887e-07  1.195240213318953e+00 
 1.719021871148887e-07  1.195240213318953e+00 
 1.719221871148887e-07  1.195240213318953e+00 
 1.719421871148887e-07  1.195240213318953e+00 
 1.719621871148887e-07  1.195240213318953e+00 
 1.719821871148887e-07  1.195240213318953e+00 
 1.720021871148887e-07  1.195240213318953e+00 
 1.720221871148887e-07  1.195240213318953e+00 
 1.720421871148887e-07  1.195240213318953e+00 
 1.720621871148886e-07  1.195240213318953e+00 
 1.720821871148886e-07  1.195240213318953e+00 
 1.721021871148886e-07  1.195240213318953e+00 
 1.721221871148886e-07  1.195240213318953e+00 
 1.721421871148886e-07  1.195240213318952e+00 
 1.721621871148886e-07  1.195240213318952e+00 
 1.721821871148886e-07  1.195240213318953e+00 
 1.722021871148886e-07  1.195240213318953e+00 
 1.722221871148886e-07  1.195240213318952e+00 
 1.722421871148886e-07  1.195240213318952e+00 
 1.722621871148886e-07  1.195240213318953e+00 
 1.722821871148886e-07  1.195240213318953e+00 
 1.723021871148886e-07  1.195240213318952e+00 
 1.723221871148886e-07  1.195240213318952e+00 
 1.723421871148886e-07  1.195240213318953e+00 
 1.723621871148886e-07  1.195240213318953e+00 
 1.723821871148886e-07  1.195240213318952e+00 
 1.724021871148886e-07  1.195240213318953e+00 
 1.724221871148886e-07  1.195240213318953e+00 
 1.724421871148886e-07  1.195240213318953e+00 
 1.724621871148886e-07  1.195240213318953e+00 
 1.724821871148886e-07  1.195240213318953e+00 
 1.725021871148886e-07  1.195240213318953e+00 
 1.725221871148886e-07  1.195240213318953e+00 
 1.725421871148886e-07  1.195240213318953e+00 
 1.725621871148886e-07  1.195240213318953e+00 
 1.725821871148886e-07  1.195240213318953e+00 
 1.726021871148885e-07  1.195240213318953e+00 
 1.726221871148885e-07  1.195240213318953e+00 
 1.726421871148885e-07  1.195240213318953e+00 
 1.726621871148885e-07  1.195240213318953e+00 
 1.726821871148885e-07  1.195240213318953e+00 
 1.727021871148885e-07  1.195240213318953e+00 
 1.727221871148885e-07  1.195240213318952e+00 
 1.727421871148885e-07  1.195240213318952e+00 
 1.727621871148885e-07  1.195240213318953e+00 
 1.727821871148885e-07  1.195240213318953e+00 
 1.728021871148885e-07  1.195240213318953e+00 
 1.728221871148885e-07  1.195240213318953e+00 
 1.728421871148885e-07  1.195240213318953e+00 
 1.728621871148885e-07  1.195240213318953e+00 
 1.728821871148885e-07  1.195240213318953e+00 
 1.729021871148885e-07  1.195240213318953e+00 
 1.729221871148885e-07  1.195240213318953e+00 
 1.729421871148885e-07  1.195240213318953e+00 
 1.729621871148885e-07  1.195240213318952e+00 
 1.729821871148885e-07  1.195240213318952e+00 
 1.730021871148885e-07  1.195240213318953e+00 
 1.730221871148885e-07  1.195240213318953e+00 
 1.730421871148885e-07  1.195240213318952e+00 
 1.730621871148885e-07  1.195240213318952e+00 
 1.730821871148885e-07  1.195240213318953e+00 
 1.731021871148885e-07  1.195240213318953e+00 
 1.731221871148884e-07  1.195240213318953e+00 
 1.731421871148884e-07  1.195240213318953e+00 
 1.731621871148884e-07  1.195240213318953e+00 
 1.731821871148884e-07  1.195240213318953e+00 
 1.732021871148884e-07  1.195240213318953e+00 
 1.732221871148884e-07  1.195240213318953e+00 
 1.732421871148884e-07  1.195240213318953e+00 
 1.732621871148884e-07  1.195240213318953e+00 
 1.732821871148884e-07  1.195240213318953e+00 
 1.733021871148884e-07  1.195240213318953e+00 
 1.733221871148884e-07  1.195240213318953e+00 
 1.733421871148884e-07  1.195240213318953e+00 
 1.733621871148884e-07  1.195240213318953e+00 
 1.733821871148884e-07  1.195240213318952e+00 
 1.734021871148884e-07  1.195240213318952e+00 
 1.734221871148884e-07  1.195240213318953e+00 
 1.734421871148884e-07  1.195240213318953e+00 
 1.734621871148884e-07  1.195240213318952e+00 
 1.734821871148884e-07  1.195240213318952e+00 
 1.735021871148884e-07  1.195240213318953e+00 
 1.735221871148884e-07  1.195240213318953e+00 
 1.735421871148884e-07  1.195240213318952e+00 
 1.735621871148884e-07  1.195240213318952e+00 
 1.735821871148884e-07  1.195240213318953e+00 
 1.736021871148884e-07  1.195240213318953e+00 
 1.736221871148884e-07  1.195240213318953e+00 
 1.736421871148884e-07  1.195240213318953e+00 
 1.736621871148883e-07  1.195240213318953e+00 
 1.736821871148883e-07  1.195240213318953e+00 
 1.737021871148883e-07  1.195240213318953e+00 
 1.737221871148883e-07  1.195240213318953e+00 
 1.737421871148883e-07  1.195240213318953e+00 
 1.737621871148883e-07  1.195240213318953e+00 
 1.737821871148883e-07  1.195240213318953e+00 
 1.738021871148883e-07  1.195240213318953e+00 
 1.738221871148883e-07  1.195240213318953e+00 
 1.738421871148883e-07  1.195240213318953e+00 
 1.738621871148883e-07  1.195240213318953e+00 
 1.738821871148883e-07  1.195240213318953e+00 
 1.739021871148883e-07  1.195240213318953e+00 
 1.739221871148883e-07  1.195240213318953e+00 
 1.739421871148883e-07  1.195240213318953e+00 
 1.739621871148883e-07  1.195240213318953e+00 
 1.739821871148883e-07  1.195240213318953e+00 
 1.740021871148883e-07  1.195240213318953e+00 
 1.740221871148883e-07  1.195240213318953e+00 
 1.740421871148883e-07  1.195240213318953e+00 
 1.740621871148883e-07  1.195240213318953e+00 
 1.740821871148883e-07  1.195240213318953e+00 
 1.741021871148883e-07  1.195240213318953e+00 
 1.741221871148883e-07  1.195240213318953e+00 
 1.741421871148883e-07  1.195240213318953e+00 
 1.741621871148883e-07  1.195240213318953e+00 
 1.741821871148882e-07  1.195240213318953e+00 
 1.742021871148882e-07  1.195240213318953e+00 
 1.742221871148882e-07  1.195240213318953e+00 
 1.742421871148882e-07  1.195240213318953e+00 
 1.742621871148882e-07  1.195240213318953e+00 
 1.742821871148882e-07  1.195240213318953e+00 
 1.743021871148882e-07  1.195240213318953e+00 
 1.743221871148882e-07  1.195240213318953e+00 
 1.743421871148882e-07  1.195240213318953e+00 
 1.743621871148882e-07  1.195240213318953e+00 
 1.743821871148882e-07  1.195240213318953e+00 
 1.744021871148882e-07  1.195240213318953e+00 
 1.744221871148882e-07  1.195240213318953e+00 
 1.744421871148882e-07  1.195240213318953e+00 
 1.744621871148882e-07  1.195240213318953e+00 
 1.744821871148882e-07  1.195240213318953e+00 
 1.745021871148882e-07  1.195240213318953e+00 
 1.745221871148882e-07  1.195240213318953e+00 
 1.745421871148882e-07  1.195240213318953e+00 
 1.745621871148882e-07  1.195240213318953e+00 
 1.745821871148882e-07  1.195240213318953e+00 
 1.746021871148882e-07  1.195240213318953e+00 
 1.746221871148882e-07  1.195240213318953e+00 
 1.746421871148882e-07  1.195240213318953e+00 
 1.746621871148882e-07  1.195240213318953e+00 
 1.746821871148882e-07  1.195240213318953e+00 
 1.747021871148881e-07  1.195240213318953e+00 
 1.747221871148881e-07  1.195240213318953e+00 
 1.747421871148881e-07  1.195240213318953e+00 
 1.747621871148881e-07  1.195240213318953e+00 
 1.747821871148881e-07  1.195240213318953e+00 
 1.748021871148881e-07  1.195240213318953e+00 
 1.748221871148881e-07  1.195240213318953e+00 
 1.748421871148881e-07  1.195240213318952e+00 
 1.748621871148881e-07  1.195240213318952e+00 
 1.748821871148881e-07  1.195240213318953e+00 
 1.749021871148881e-07  1.195240213318953e+00 
 1.749221871148881e-07  1.195240213318952e+00 
 1.749421871148881e-07  1.195240213318952e+00 
 1.749621871148881e-07  1.195240213318953e+00 
 1.749821871148881e-07  1.195240213318953e+00 
 1.750021871148881e-07  1.195240213318952e+00 
 1.750221871148881e-07  1.195240213318952e+00 
 1.750421871148881e-07  1.195240213318953e+00 
 1.750621871148881e-07  1.195240213318953e+00 
 1.750821871148881e-07  1.195240213318952e+00 
 1.751021871148881e-07  1.195240213318952e+00 
 1.751221871148881e-07  1.195240213318953e+00 
 1.751421871148881e-07  1.195240213318953e+00 
 1.751621871148881e-07  1.195240213318952e+00 
 1.751821871148881e-07  1.195240213318952e+00 
 1.752021871148881e-07  1.195240213318953e+00 
 1.752221871148881e-07  1.195240213318953e+00 
 1.752421871148880e-07  1.195240213318953e+00 
 1.752621871148880e-07  1.195240213318953e+00 
 1.752821871148880e-07  1.195240213318953e+00 
 1.753021871148880e-07  1.195240213318953e+00 
 1.753221871148880e-07  1.195240213318953e+00 
 1.753421871148880e-07  1.195240213318953e+00 
 1.753621871148880e-07  1.195240213318953e+00 
 1.753821871148880e-07  1.195240213318953e+00 
 1.754021871148880e-07  1.195240213318953e+00 
 1.754221871148880e-07  1.195240213318953e+00 
 1.754421871148880e-07  1.195240213318953e+00 
 1.754621871148880e-07  1.195240213318953e+00 
 1.754821871148880e-07  1.195240213318953e+00 
 1.755021871148880e-07  1.195240213318953e+00 
 1.755221871148880e-07  1.195240213318953e+00 
 1.755421871148880e-07  1.195240213318953e+00 
 1.755621871148880e-07  1.195240213318953e+00 
 1.755821871148880e-07  1.195240213318953e+00 
 1.756021871148880e-07  1.195240213318953e+00 
 1.756221871148880e-07  1.195240213318953e+00 
 1.756421871148880e-07  1.195240213318953e+00 
 1.756621871148880e-07  1.195240213318953e+00 
 1.756821871148880e-07  1.195240213318953e+00 
 1.757021871148880e-07  1.195240213318953e+00 
 1.757221871148880e-07  1.195240213318953e+00 
 1.757421871148880e-07  1.195240213318953e+00 
 1.757621871148879e-07  1.195240213318953e+00 
 1.757821871148879e-07  1.195240213318952e+00 
 1.758021871148879e-07  1.195240213318952e+00 
 1.758221871148879e-07  1.195240213318953e+00 
 1.758421871148879e-07  1.195240213318953e+00 
 1.758621871148879e-07  1.195240213318952e+00 
 1.758821871148879e-07  1.195240213318952e+00 
 1.759021871148879e-07  1.195240213318953e+00 
 1.759221871148879e-07  1.195240213318953e+00 
 1.759421871148879e-07  1.195240213318952e+00 
 1.759621871148879e-07  1.195240213318952e+00 
 1.759821871148879e-07  1.195240213318953e+00 
 1.760021871148879e-07  1.195240213318953e+00 
 1.760221871148879e-07  1.195240213318952e+00 
 1.760421871148879e-07  1.195240213318953e+00 
 1.760621871148879e-07  1.195240213318953e+00 
 1.760821871148879e-07  1.195240213318953e+00 
 1.761021871148879e-07  1.195240213318953e+00 
 1.761221871148879e-07  1.195240213318953e+00 
 1.761421871148879e-07  1.195240213318953e+00 
 1.761621871148879e-07  1.195240213318953e+00 
 1.761821871148879e-07  1.195240213318953e+00 
 1.762021871148879e-07  1.195240213318953e+00 
 1.762221871148879e-07  1.195240213318953e+00 
 1.762421871148879e-07  1.195240213318953e+00 
 1.762621871148879e-07  1.195240213318953e+00 
 1.762821871148878e-07  1.195240213318953e+00 
 1.763021871148878e-07  1.195240213318953e+00 
 1.763221871148878e-07  1.195240213318953e+00 
 1.763421871148878e-07  1.195240213318953e+00 
 1.763621871148878e-07  1.195240213318953e+00 
 1.763821871148878e-07  1.195240213318953e+00 
 1.764021871148878e-07  1.195240213318953e+00 
 1.764221871148878e-07  1.195240213318953e+00 
 1.764421871148878e-07  1.195240213318953e+00 
 1.764621871148878e-07  1.195240213318953e+00 
 1.764821871148878e-07  1.195240213318952e+00 
 1.765021871148878e-07  1.195240213318952e+00 
 1.765221871148878e-07  1.195240213318953e+00 
 1.765421871148878e-07  1.195240213318953e+00 
 1.765621871148878e-07  1.195240213318952e+00 
 1.765821871148878e-07  1.195240213318952e+00 
 1.766021871148878e-07  1.195240213318953e+00 
 1.766221871148878e-07  1.195240213318953e+00 
 1.766421871148878e-07  1.195240213318953e+00 
 1.766621871148878e-07  1.195240213318953e+00 
 1.766821871148878e-07  1.195240213318953e+00 
 1.767021871148878e-07  1.195240213318953e+00 
 1.767221871148878e-07  1.195240213318953e+00 
 1.767421871148878e-07  1.195240213318953e+00 
 1.767621871148878e-07  1.195240213318953e+00 
 1.767821871148878e-07  1.195240213318953e+00 
 1.768021871148878e-07  1.195240213318953e+00 
 1.768221871148877e-07  1.195240213318953e+00 
 1.768421871148877e-07  1.195240213318953e+00 
 1.768621871148877e-07  1.195240213318952e+00 
 1.768821871148877e-07  1.195240213318952e+00 
 1.769021871148877e-07  1.195240213318953e+00 
 1.769221871148877e-07  1.195240213318953e+00 
 1.769421871148877e-07  1.195240213318953e+00 
 1.769621871148877e-07  1.195240213318953e+00 
 1.769821871148877e-07  1.195240213318953e+00 
 1.770021871148877e-07  1.195240213318953e+00 
 1.770221871148877e-07  1.195240213318953e+00 
 1.770421871148877e-07  1.195240213318953e+00 
 1.770621871148877e-07  1.195240213318953e+00 
 1.770821871148877e-07  1.195240213318953e+00 
 1.771021871148877e-07  1.195240213318953e+00 
 1.771221871148877e-07  1.195240213318953e+00 
 1.771421871148877e-07  1.195240213318953e+00 
 1.771621871148877e-07  1.195240213318953e+00 
 1.771821871148877e-07  1.195240213318953e+00 
 1.772021871148877e-07  1.195240213318953e+00 
 1.772221871148877e-07  1.195240213318953e+00 
 1.772421871148877e-07  1.195240213318953e+00 
 1.772621871148877e-07  1.195240213318953e+00 
 1.772821871148877e-07  1.195240213318953e+00 
 1.773021871148877e-07  1.195240213318953e+00 
 1.773221871148877e-07  1.195240213318953e+00 
 1.773421871148876e-07  1.195240213318953e+00 
 1.773621871148876e-07  1.195240213318953e+00 
 1.773821871148876e-07  1.195240213318953e+00 
 1.774021871148876e-07  1.195240213318953e+00 
 1.774221871148876e-07  1.195240213318952e+00 
 1.774421871148876e-07  1.195240213318952e+00 
 1.774621871148876e-07  1.195240213318953e+00 
 1.774821871148876e-07  1.195240213318953e+00 
 1.775021871148876e-07  1.195240213318952e+00 
 1.775221871148876e-07  1.195240213318952e+00 
 1.775421871148876e-07  1.195240213318953e+00 
 1.775621871148876e-07  1.195240213318953e+00 
 1.775821871148876e-07  1.195240213318952e+00 
 1.776021871148876e-07  1.195240213318952e+00 
 1.776221871148876e-07  1.195240213318953e+00 
 1.776421871148876e-07  1.195240213318953e+00 
 1.776621871148876e-07  1.195240213318952e+00 
 1.776821871148876e-07  1.195240213318952e+00 
 1.777021871148876e-07  1.195240213318953e+00 
 1.777221871148876e-07  1.195240213318953e+00 
 1.777421871148876e-07  1.195240213318952e+00 
 1.777621871148876e-07  1.195240213318952e+00 
 1.777821871148876e-07  1.195240213318953e+00 
 1.778021871148876e-07  1.195240213318953e+00 
 1.778221871148876e-07  1.195240213318953e+00 
 1.778421871148876e-07  1.195240213318953e+00 
 1.778621871148876e-07  1.195240213318953e+00 
 1.778821871148875e-07  1.195240213318953e+00 
 1.779021871148875e-07  1.195240213318953e+00 
 1.779221871148875e-07  1.195240213318953e+00 
 1.779421871148875e-07  1.195240213318953e+00 
 1.779621871148875e-07  1.195240213318954e+00 
 1.779821871148875e-07  1.195240213318954e+00 
 1.780021871148875e-07  1.195240213318955e+00 
 1.780221871148875e-07  1.195240213318955e+00 
 1.780421871148875e-07  1.195240213318956e+00 
 1.780621871148875e-07  1.195240213318956e+00 
 1.780821871148875e-07  1.195240213318956e+00 
 1.781021871148875e-07  1.195240213318957e+00 
 1.781221871148875e-07  1.195240213318957e+00 
 1.781421871148875e-07  1.195240213318958e+00 
 1.781621871148875e-07  1.195240213318958e+00 
 1.781821871148875e-07  1.195240213318959e+00 
 1.782021871148875e-07  1.195240213318959e+00 
 1.782221871148875e-07  1.195240213318959e+00 
 1.782421871148875e-07  1.195240213318960e+00 
 1.782621871148875e-07  1.195240213318960e+00 
 1.782821871148875e-07  1.195240213318960e+00 
 1.783021871148875e-07  1.195240213318959e+00 
 1.783221871148875e-07  1.195240213318959e+00 
 1.783421871148875e-07  1.195240213318959e+00 
 1.783621871148875e-07  1.195240213318959e+00 
 1.783821871148875e-07  1.195240213318958e+00 
 1.784021871148874e-07  1.195240213318958e+00 
 1.784221871148874e-07  1.195240213318958e+00 
 1.784421871148874e-07  1.195240213318957e+00 
 1.784621871148874e-07  1.195240213318957e+00 
 1.784821871148874e-07  1.195240213318957e+00 
 1.785021871148874e-07  1.195240213318957e+00 
 1.785221871148874e-07  1.195240213318957e+00 
 1.785421871148874e-07  1.195240213318957e+00 
 1.785621871148874e-07  1.195240213318957e+00 
 1.785821871148874e-07  1.195240213318957e+00 
 1.786021871148874e-07  1.195240213318957e+00 
 1.786221871148874e-07  1.195240213318957e+00 
 1.786421871148874e-07  1.195240213318957e+00 
 1.786621871148874e-07  1.195240213318957e+00 
 1.786821871148874e-07  1.195240213318957e+00 
 1.787021871148874e-07  1.195240213318957e+00 
 1.787221871148874e-07  1.195240213318957e+00 
 1.787421871148874e-07  1.195240213318957e+00 
 1.787621871148874e-07  1.195240213318957e+00 
 1.787821871148874e-07  1.195240213318957e+00 
 1.788021871148874e-07  1.195240213318957e+00 
 1.788221871148874e-07  1.195240213318957e+00 
 1.788421871148874e-07  1.195240213318957e+00 
 1.788621871148874e-07  1.195240213318957e+00 
 1.788821871148874e-07  1.195240213318957e+00 
 1.789021871148874e-07  1.195240213318957e+00 
 1.789221871148873e-07  1.195240213318957e+00 
 1.789421871148873e-07  1.195240213318957e+00 
 1.789621871148873e-07  1.195240213318957e+00 
 1.789821871148873e-07  1.195240213318957e+00 
 1.790021871148873e-07  1.195240213318958e+00 
 1.790221871148873e-07  1.195240213318958e+00 
 1.790421871148873e-07  1.195240213318958e+00 
 1.790621871148873e-07  1.195240213318958e+00 
 1.790821871148873e-07  1.195240213318959e+00 
 1.791021871148873e-07  1.195240213318959e+00 
 1.791221871148873e-07  1.195240213318959e+00 
 1.791421871148873e-07  1.195240213318959e+00 
 1.791621871148873e-07  1.195240213318959e+00 
 1.791821871148873e-07  1.195240213318959e+00 
 1.792021871148873e-07  1.195240213318959e+00 
 1.792221871148873e-07  1.195240213318959e+00 
 1.792421871148873e-07  1.195240213318959e+00 
 1.792621871148873e-07  1.195240213318959e+00 
 1.792821871148873e-07  1.195240213318959e+00 
 1.793021871148873e-07  1.195240213318959e+00 
 1.793221871148873e-07  1.195240213318959e+00 
 1.793421871148873e-07  1.195240213318959e+00 
 1.793621871148873e-07  1.195240213318959e+00 
 1.793821871148873e-07  1.195240213318959e+00 
 1.794021871148873e-07  1.195240213318959e+00 
 1.794221871148873e-07  1.195240213318959e+00 
 1.794421871148873e-07  1.195240213318959e+00 
 1.794621871148872e-07  1.195240213318959e+00 
 1.794821871148872e-07  1.195240213318959e+00 
 1.795021871148872e-07  1.195240213318959e+00 
 1.795221871148872e-07  1.195240213318959e+00 
 1.795421871148872e-07  1.195240213318959e+00 
 1.795621871148872e-07  1.195240213318959e+00 
 1.795821871148872e-07  1.195240213318959e+00 
 1.796021871148872e-07  1.195240213318959e+00 
 1.796221871148872e-07  1.195240213318959e+00 
 1.796421871148872e-07  1.195240213318959e+00 
 1.796621871148872e-07  1.195240213318959e+00 
 1.796821871148872e-07  1.195240213318959e+00 
 1.797021871148872e-07  1.195240213318959e+00 
 1.797221871148872e-07  1.195240213318958e+00 
 1.797421871148872e-07  1.195240213318958e+00 
 1.797621871148872e-07  1.195240213318958e+00 
 1.797821871148872e-07  1.195240213318958e+00 
 1.798021871148872e-07  1.195240213318958e+00 
 1.798221871148872e-07  1.195240213318957e+00 
 1.798421871148872e-07  1.195240213318957e+00 
 1.798621871148872e-07  1.195240213318957e+00 
 1.798821871148872e-07  1.195240213318957e+00 
 1.799021871148872e-07  1.195240213318957e+00 
 1.799221871148872e-07  1.195240213318957e+00 
 1.799421871148872e-07  1.195240213318957e+00 
 1.799621871148872e-07  1.195240213318957e+00 
 1.799821871148871e-07  1.195240213318957e+00 
 1.800021871148871e-07  1.195240213318957e+00 
 1.800221871148871e-07  1.195240213318957e+00 
 1.800421871148871e-07  1.195240213318957e+00 
 1.800621871148871e-07  1.195240213318957e+00 
 1.800821871148871e-07  1.195240213318958e+00 
 1.801021871148871e-07  1.195240213318958e+00 
 1.801221871148871e-07  1.195240213318958e+00 
 1.801421871148871e-07  1.195240213318958e+00 
 1.801621871148871e-07  1.195240213318958e+00 
 1.801821871148871e-07  1.195240213318958e+00 
 1.802021871148871e-07  1.195240213318958e+00 
 1.802221871148871e-07  1.195240213318958e+00 
 1.802421871148871e-07  1.195240213318958e+00 
 1.802621871148871e-07  1.195240213318958e+00 
 1.802821871148871e-07  1.195240213318958e+00 
 1.803021871148871e-07  1.195240213318958e+00 
 1.803221871148871e-07  1.195240213318958e+00 
 1.803421871148871e-07  1.195240213318958e+00 
 1.803621871148871e-07  1.195240213318958e+00 
 1.803821871148871e-07  1.195240213318958e+00 
 1.804021871148871e-07  1.195240213318958e+00 
 1.804221871148871e-07  1.195240213318958e+00 
 1.804421871148871e-07  1.195240213318958e+00 
 1.804621871148871e-07  1.195240213318958e+00 
 1.804821871148871e-07  1.195240213318958e+00 
 1.805021871148870e-07  1.195240213318958e+00 
 1.805221871148870e-07  1.195240213318958e+00 
 1.805421871148870e-07  1.195240213318959e+00 
 1.805621871148870e-07  1.195240213318959e+00 
 1.805821871148870e-07  1.195240213318959e+00 
 1.806021871148870e-07  1.195240213318959e+00 
 1.806221871148870e-07  1.195240213318959e+00 
 1.806421871148870e-07  1.195240213318959e+00 
 1.806621871148870e-07  1.195240213318959e+00 
 1.806821871148870e-07  1.195240213318959e+00 
 1.807021871148870e-07  1.195240213318959e+00 
 1.807221871148870e-07  1.195240213318959e+00 
 1.807421871148870e-07  1.195240213318959e+00 
 1.807621871148870e-07  1.195240213318959e+00 
 1.807821871148870e-07  1.195240213318959e+00 
 1.808021871148870e-07  1.195240213318959e+00 
 1.808221871148870e-07  1.195240213318959e+00 
 1.808421871148870e-07  1.195240213318959e+00 
 1.808621871148870e-07  1.195240213318959e+00 
 1.808821871148870e-07  1.195240213318959e+00 
 1.809021871148870e-07  1.195240213318959e+00 
 1.809221871148870e-07  1.195240213318959e+00 
 1.809421871148870e-07  1.195240213318959e+00 
 1.809621871148870e-07  1.195240213318959e+00 
 1.809821871148870e-07  1.195240213318959e+00 
 1.810021871148870e-07  1.195240213318959e+00 
 1.810221871148870e-07  1.195240213318959e+00 
 1.810421871148869e-07  1.195240213318959e+00 
 1.810621871148869e-07  1.195240213318959e+00 
 1.810821871148869e-07  1.195240213318959e+00 
 1.811021871148869e-07  1.195240213318959e+00 
 1.811221871148869e-07  1.195240213318959e+00 
 1.811421871148869e-07  1.195240213318959e+00 
 1.811621871148869e-07  1.195240213318959e+00 
 1.811821871148869e-07  1.195240213318959e+00 
 1.812021871148869e-07  1.195240213318959e+00 
 1.812221871148869e-07  1.195240213318959e+00 
 1.812421871148869e-07  1.195240213318959e+00 
 1.812621871148869e-07  1.195240213318959e+00 
 1.812821871148869e-07  1.195240213318959e+00 
 1.813021871148869e-07  1.195240213318959e+00 
 1.813221871148869e-07  1.195240213318959e+00 
 1.813421871148869e-07  1.195240213318959e+00 
 1.813621871148869e-07  1.195240213318959e+00 
 1.813821871148869e-07  1.195240213318959e+00 
 1.814021871148869e-07  1.195240213318959e+00 
 1.814221871148869e-07  1.195240213318959e+00 
 1.814421871148869e-07  1.195240213318959e+00 
 1.814621871148869e-07  1.195240213318959e+00 
 1.814821871148869e-07  1.195240213318959e+00 
 1.815021871148869e-07  1.195240213318959e+00 
 1.815221871148869e-07  1.195240213318959e+00 
 1.815421871148869e-07  1.195240213318959e+00 
 1.815621871148868e-07  1.195240213318959e+00 
 1.815821871148868e-07  1.195240213318959e+00 
 1.816021871148868e-07  1.195240213318959e+00 
 1.816221871148868e-07  1.195240213318959e+00 
 1.816421871148868e-07  1.195240213318959e+00 
 1.816621871148868e-07  1.195240213318959e+00 
 1.816821871148868e-07  1.195240213318959e+00 
 1.817021871148868e-07  1.195240213318959e+00 
 1.817221871148868e-07  1.195240213318959e+00 
 1.817421871148868e-07  1.195240213318959e+00 
 1.817621871148868e-07  1.195240213318959e+00 
 1.817821871148868e-07  1.195240213318959e+00 
 1.818021871148868e-07  1.195240213318959e+00 
 1.818221871148868e-07  1.195240213318959e+00 
 1.818421871148868e-07  1.195240213318959e+00 
 1.818621871148868e-07  1.195240213318959e+00 
 1.818821871148868e-07  1.195240213318959e+00 
 1.819021871148868e-07  1.195240213318959e+00 
 1.819221871148868e-07  1.195240213318959e+00 
 1.819421871148868e-07  1.195240213318959e+00 
 1.819621871148868e-07  1.195240213318959e+00 
 1.819821871148868e-07  1.195240213318959e+00 
 1.820021871148868e-07  1.195240213318958e+00 
 1.820221871148868e-07  1.195240213318958e+00 
 1.820421871148868e-07  1.195240213318958e+00 
 1.820621871148868e-07  1.195240213318958e+00 
 1.820821871148868e-07  1.195240213318958e+00 
 1.821021871148867e-07  1.195240213318957e+00 
 1.821221871148867e-07  1.195240213318957e+00 
 1.821421871148867e-07  1.195240213318957e+00 
 1.821621871148867e-07  1.195240213318957e+00 
 1.821821871148867e-07  1.195240213318957e+00 
 1.822021871148867e-07  1.195240213318957e+00 
 1.822221871148867e-07  1.195240213318957e+00 
 1.822421871148867e-07  1.195240213318957e+00 
 1.822621871148867e-07  1.195240213318957e+00 
 1.822821871148867e-07  1.195240213318957e+00 
 1.823021871148867e-07  1.195240213318957e+00 
 1.823221871148867e-07  1.195240213318957e+00 
 1.823421871148867e-07  1.195240213318957e+00 
 1.823621871148867e-07  1.195240213318957e+00 
 1.823821871148867e-07  1.195240213318957e+00 
 1.824021871148867e-07  1.195240213318957e+00 
 1.824221871148867e-07  1.195240213318957e+00 
 1.824421871148867e-07  1.195240213318957e+00 
 1.824621871148867e-07  1.195240213318957e+00 
 1.824821871148867e-07  1.195240213318957e+00 
 1.825021871148867e-07  1.195240213318957e+00 
 1.825221871148867e-07  1.195240213318957e+00 
 1.825421871148867e-07  1.195240213318957e+00 
 1.825621871148867e-07  1.195240213318957e+00 
 1.825821871148867e-07  1.195240213318957e+00 
 1.826021871148867e-07  1.195240213318957e+00 
 1.826221871148866e-07  1.195240213318957e+00 
 1.826421871148866e-07  1.195240213318957e+00 
 1.826621871148866e-07  1.195240213318957e+00 
 1.826821871148866e-07  1.195240213318958e+00 
 1.827021871148866e-07  1.195240213318958e+00 
 1.827221871148866e-07  1.195240213318958e+00 
 1.827421871148866e-07  1.195240213318958e+00 
 1.827621871148866e-07  1.195240213318958e+00 
 1.827821871148866e-07  1.195240213318959e+00 
 1.828021871148866e-07  1.195240213318959e+00 
 1.828221871148866e-07  1.195240213318959e+00 
 1.828421871148866e-07  1.195240213318960e+00 
 1.828621871148866e-07  1.195240213318960e+00 
 1.828821871148866e-07  1.195240213318960e+00 
 1.829021871148866e-07  1.195240213318960e+00 
 1.829221871148866e-07  1.195240213318960e+00 
 1.829421871148866e-07  1.195240213318960e+00 
 1.829621871148866e-07  1.195240213318960e+00 
 1.829821871148866e-07  1.195240213318960e+00 
 1.830021871148866e-07  1.195240213318960e+00 
 1.830221871148866e-07  1.195240213318959e+00 
 1.830421871148866e-07  1.195240213318959e+00 
 1.830621871148866e-07  1.195240213318959e+00 
 1.830821871148866e-07  1.195240213318959e+00 
 1.831021871148866e-07  1.195240213318959e+00 
 1.831221871148866e-07  1.195240213318959e+00 
 1.831421871148865e-07  1.195240213318959e+00 
 1.831621871148865e-07  1.195240213318959e+00 
 1.831821871148865e-07  1.195240213318959e+00 
 1.832021871148865e-07  1.195240213318959e+00 
 1.832221871148865e-07  1.195240213318959e+00 
 1.832421871148865e-07  1.195240213318959e+00 
 1.832621871148865e-07  1.195240213318959e+00 
 1.832821871148865e-07  1.195240213318959e+00 
 1.833021871148865e-07  1.195240213318959e+00 
 1.833221871148865e-07  1.195240213318959e+00 
 1.833421871148865e-07  1.195240213318959e+00 
 1.833621871148865e-07  1.195240213318959e+00 
 1.833821871148865e-07  1.195240213318959e+00 
 1.834021871148865e-07  1.195240213318959e+00 
 1.834221871148865e-07  1.195240213318958e+00 
 1.834421871148865e-07  1.195240213318958e+00 
 1.834621871148865e-07  1.195240213318958e+00 
 1.834821871148865e-07  1.195240213318957e+00 
 1.835021871148865e-07  1.195240213318957e+00 
 1.835221871148865e-07  1.195240213318957e+00 
 1.835421871148865e-07  1.195240213318956e+00 
 1.835621871148865e-07  1.195240213318955e+00 
 1.835821871148865e-07  1.195240213318955e+00 
 1.836021871148865e-07  1.195240213318955e+00 
 1.836221871148865e-07  1.195240213318954e+00 
 1.836421871148865e-07  1.195240213318954e+00 
 1.836621871148865e-07  1.195240213318954e+00 
 1.836821871148864e-07  1.195240213318954e+00 
 1.837021871148864e-07  1.195240213318954e+00 
 1.837221871148864e-07  1.195240213318954e+00 
 1.837421871148864e-07  1.195240213318954e+00 
 1.837621871148864e-07  1.195240213318954e+00 
 1.837821871148864e-07  1.195240213318954e+00 
 1.838021871148864e-07  1.195240213318954e+00 
 1.838221871148864e-07  1.195240213318954e+00 
 1.838421871148864e-07  1.195240213318954e+00 
 1.838621871148864e-07  1.195240213318954e+00 
 1.838821871148864e-07  1.195240213318954e+00 
 1.839021871148864e-07  1.195240213318954e+00 
 1.839221871148864e-07  1.195240213318954e+00 
 1.839421871148864e-07  1.195240213318954e+00 
 1.839621871148864e-07  1.195240213318954e+00 
 1.839821871148864e-07  1.195240213318954e+00 
 1.840021871148864e-07  1.195240213318954e+00 
 1.840221871148864e-07  1.195240213318954e+00 
 1.840421871148864e-07  1.195240213318954e+00 
 1.840621871148864e-07  1.195240213318954e+00 
 1.840821871148864e-07  1.195240213318954e+00 
 1.841021871148864e-07  1.195240213318954e+00 
 1.841221871148864e-07  1.195240213318954e+00 
 1.841421871148864e-07  1.195240213318954e+00 
 1.841621871148864e-07  1.195240213318954e+00 
 1.841821871148864e-07  1.195240213318954e+00 
 1.842021871148863e-07  1.195240213318954e+00 
 1.842221871148863e-07  1.195240213318954e+00 
 1.842421871148863e-07  1.195240213318954e+00 
 1.842621871148863e-07  1.195240213318954e+00 
 1.842821871148863e-07  1.195240213318954e+00 
 1.843021871148863e-07  1.195240213318954e+00 
 1.843221871148863e-07  1.195240213318954e+00 
 1.843421871148863e-07  1.195240213318954e+00 
 1.843621871148863e-07  1.195240213318954e+00 
 1.843821871148863e-07  1.195240213318954e+00 
 1.844021871148863e-07  1.195240213318954e+00 
 1.844221871148863e-07  1.195240213318954e+00 
 1.844421871148863e-07  1.195240213318954e+00 
 1.844621871148863e-07  1.195240213318954e+00 
 1.844821871148863e-07  1.195240213318954e+00 
 1.845021871148863e-07  1.195240213318954e+00 
 1.845221871148863e-07  1.195240213318954e+00 
 1.845421871148863e-07  1.195240213318954e+00 
 1.845621871148863e-07  1.195240213318954e+00 
 1.845821871148863e-07  1.195240213318954e+00 
 1.846021871148863e-07  1.195240213318954e+00 
 1.846221871148863e-07  1.195240213318954e+00 
 1.846421871148863e-07  1.195240213318954e+00 
 1.846621871148863e-07  1.195240213318954e+00 
 1.846821871148863e-07  1.195240213318954e+00 
 1.847021871148863e-07  1.195240213318954e+00 
 1.847221871148862e-07  1.195240213318954e+00 
 1.847421871148862e-07  1.195240213318954e+00 
 1.847621871148862e-07  1.195240213318954e+00 
 1.847821871148862e-07  1.195240213318954e+00 
 1.848021871148862e-07  1.195240213318954e+00 
 1.848221871148862e-07  1.195240213318954e+00 
 1.848421871148862e-07  1.195240213318954e+00 
 1.848621871148862e-07  1.195240213318955e+00 
 1.848821871148862e-07  1.195240213318955e+00 
 1.849021871148862e-07  1.195240213318955e+00 
 1.849221871148862e-07  1.195240213318955e+00 
 1.849421871148862e-07  1.195240213318955e+00 
 1.849621871148862e-07  1.195240213318955e+00 
 1.849821871148862e-07  1.195240213318955e+00 
 1.850021871148862e-07  1.195240213318955e+00 
 1.850221871148862e-07  1.195240213318955e+00 
 1.850421871148862e-07  1.195240213318955e+00 
 1.850621871148862e-07  1.195240213318955e+00 
 1.850821871148862e-07  1.195240213318955e+00 
 1.851021871148862e-07  1.195240213318954e+00 
 1.851221871148862e-07  1.195240213318954e+00 
 1.851421871148862e-07  1.195240213318954e+00 
 1.851621871148862e-07  1.195240213318954e+00 
 1.851821871148862e-07  1.195240213318954e+00 
 1.852021871148862e-07  1.195240213318954e+00 
 1.852221871148862e-07  1.195240213318954e+00 
 1.852421871148862e-07  1.195240213318954e+00 
 1.852621871148861e-07  1.195240213318954e+00 
 1.852821871148861e-07  1.195240213318954e+00 
 1.853021871148861e-07  1.195240213318954e+00 
 1.853221871148861e-07  1.195240213318954e+00 
 1.853421871148861e-07  1.195240213318954e+00 
 1.853621871148861e-07  1.195240213318954e+00 
 1.853821871148861e-07  1.195240213318954e+00 
 1.854021871148861e-07  1.195240213318954e+00 
 1.854221871148861e-07  1.195240213318954e+00 
 1.854421871148861e-07  1.195240213318954e+00 
 1.854621871148861e-07  1.195240213318954e+00 
 1.854821871148861e-07  1.195240213318954e+00 
 1.855021871148861e-07  1.195240213318954e+00 
 1.855221871148861e-07  1.195240213318954e+00 
 1.855421871148861e-07  1.195240213318954e+00 
 1.855621871148861e-07  1.195240213318954e+00 
 1.855821871148861e-07  1.195240213318954e+00 
 1.856021871148861e-07  1.195240213318954e+00 
 1.856221871148861e-07  1.195240213318954e+00 
 1.856421871148861e-07  1.195240213318954e+00 
 1.856621871148861e-07  1.195240213318954e+00 
 1.856821871148861e-07  1.195240213318954e+00 
 1.857021871148861e-07  1.195240213318954e+00 
 1.857221871148861e-07  1.195240213318954e+00 
 1.857421871148861e-07  1.195240213318954e+00 
 1.857621871148861e-07  1.195240213318954e+00 
 1.857821871148860e-07  1.195240213318954e+00 
 1.858021871148860e-07  1.195240213318954e+00 
 1.858221871148860e-07  1.195240213318954e+00 
 1.858421871148860e-07  1.195240213318954e+00 
 1.858621871148860e-07  1.195240213318954e+00 
 1.858821871148860e-07  1.195240213318954e+00 
 1.859021871148860e-07  1.195240213318954e+00 
 1.859221871148860e-07  1.195240213318954e+00 
 1.859421871148860e-07  1.195240213318954e+00 
 1.859621871148860e-07  1.195240213318954e+00 
 1.859821871148860e-07  1.195240213318954e+00 
 1.860021871148860e-07  1.195240213318954e+00 
 1.860221871148860e-07  1.195240213318954e+00 
 1.860421871148860e-07  1.195240213318954e+00 
 1.860621871148860e-07  1.195240213318955e+00 
 1.860821871148860e-07  1.195240213318955e+00 
 1.861021871148860e-07  1.195240213318955e+00 
 1.861221871148860e-07  1.195240213318955e+00 
 1.861421871148860e-07  1.195240213318955e+00 
 1.861621871148860e-07  1.195240213318955e+00 
 1.861821871148860e-07  1.195240213318955e+00 
 1.862021871148860e-07  1.195240213318955e+00 
 1.862221871148860e-07  1.195240213318955e+00 
 1.862421871148860e-07  1.195240213318955e+00 
 1.862621871148860e-07  1.195240213318955e+00 
 1.862821871148860e-07  1.195240213318955e+00 
 1.863021871148860e-07  1.195240213318955e+00 
 1.863221871148859e-07  1.195240213318955e+00 
 1.863421871148859e-07  1.195240213318955e+00 
 1.863621871148859e-07  1.195240213318955e+00 
 1.863821871148859e-07  1.195240213318955e+00 
 1.864021871148859e-07  1.195240213318955e+00 
 1.864221871148859e-07  1.195240213318955e+00 
 1.864421871148859e-07  1.195240213318955e+00 
 1.864621871148859e-07  1.195240213318955e+00 
 1.864821871148859e-07  1.195240213318955e+00 
 1.865021871148859e-07  1.195240213318955e+00 
 1.865221871148859e-07  1.195240213318955e+00 
 1.865421871148859e-07  1.195240213318955e+00 
 1.865621871148859e-07  1.195240213318955e+00 
 1.865821871148859e-07  1.195240213318955e+00 
 1.866021871148859e-07  1.195240213318955e+00 
 1.866221871148859e-07  1.195240213318955e+00 
 1.866421871148859e-07  1.195240213318955e+00 
 1.866621871148859e-07  1.195240213318955e+00 
 1.866821871148859e-07  1.195240213318955e+00 
 1.867021871148859e-07  1.195240213318955e+00 
 1.867221871148859e-07  1.195240213318955e+00 
 1.867421871148859e-07  1.195240213318955e+00 
 1.867621871148859e-07  1.195240213318955e+00 
 1.867821871148859e-07  1.195240213318955e+00 
 1.868021871148859e-07  1.195240213318955e+00 
 1.868221871148859e-07  1.195240213318955e+00 
 1.868421871148858e-07  1.195240213318955e+00 
 1.868621871148858e-07  1.195240213318955e+00 
 1.868821871148858e-07  1.195240213318955e+00 
 1.869021871148858e-07  1.195240213318955e+00 
 1.869221871148858e-07  1.195240213318955e+00 
 1.869421871148858e-07  1.195240213318955e+00 
 1.869621871148858e-07  1.195240213318955e+00 
 1.869821871148858e-07  1.195240213318955e+00 
 1.870021871148858e-07  1.195240213318955e+00 
 1.870221871148858e-07  1.195240213318955e+00 
 1.870421871148858e-07  1.195240213318955e+00 
 1.870621871148858e-07  1.195240213318955e+00 
 1.870821871148858e-07  1.195240213318955e+00 
 1.871021871148858e-07  1.195240213318955e+00 
 1.871221871148858e-07  1.195240213318955e+00 
 1.871421871148858e-07  1.195240213318955e+00 
 1.871621871148858e-07  1.195240213318955e+00 
 1.871821871148858e-07  1.195240213318955e+00 
 1.872021871148858e-07  1.195240213318955e+00 
 1.872221871148858e-07  1.195240213318955e+00 
 1.872421871148858e-07  1.195240213318955e+00 
 1.872621871148858e-07  1.195240213318955e+00 
 1.872821871148858e-07  1.195240213318955e+00 
 1.873021871148858e-07  1.195240213318955e+00 
 1.873221871148858e-07  1.195240213318955e+00 
 1.873421871148858e-07  1.195240213318955e+00 
 1.873621871148857e-07  1.195240213318955e+00 
 1.873821871148857e-07  1.195240213318955e+00 
 1.874021871148857e-07  1.195240213318955e+00 
 1.874221871148857e-07  1.195240213318955e+00 
 1.874421871148857e-07  1.195240213318955e+00 
 1.874621871148857e-07  1.195240213318955e+00 
 1.874821871148857e-07  1.195240213318955e+00 
 1.875021871148857e-07  1.195240213318955e+00 
 1.875221871148857e-07  1.195240213318955e+00 
 1.875421871148857e-07  1.195240213318955e+00 
 1.875621871148857e-07  1.195240213318955e+00 
 1.875821871148857e-07  1.195240213318955e+00 
 1.876021871148857e-07  1.195240213318955e+00 
 1.876221871148857e-07  1.195240213318955e+00 
 1.876421871148857e-07  1.195240213318955e+00 
 1.876621871148857e-07  1.195240213318955e+00 
 1.876821871148857e-07  1.195240213318955e+00 
 1.877021871148857e-07  1.195240213318955e+00 
 1.877221871148857e-07  1.195240213318955e+00 
 1.877421871148857e-07  1.195240213318955e+00 
 1.877621871148857e-07  1.195240213318955e+00 
 1.877821871148857e-07  1.195240213318955e+00 
 1.878021871148857e-07  1.195240213318955e+00 
 1.878221871148857e-07  1.195240213318955e+00 
 1.878421871148857e-07  1.195240213318955e+00 
 1.878621871148857e-07  1.195240213318955e+00 
 1.878821871148857e-07  1.195240213318955e+00 
 1.879021871148856e-07  1.195240213318955e+00 
 1.879221871148856e-07  1.195240213318955e+00 
 1.879421871148856e-07  1.195240213318955e+00 
 1.879621871148856e-07  1.195240213318955e+00 
 1.879821871148856e-07  1.195240213318955e+00 
 1.880021871148856e-07  1.195240213318955e+00 
 1.880221871148856e-07  1.195240213318955e+00 
 1.880421871148856e-07  1.195240213318955e+00 
 1.880621871148856e-07  1.195240213318955e+00 
 1.880821871148856e-07  1.195240213318955e+00 
 1.881021871148856e-07  1.195240213318955e+00 
 1.881221871148856e-07  1.195240213318955e+00 
 1.881421871148856e-07  1.195240213318955e+00 
 1.881621871148856e-07  1.195240213318955e+00 
 1.881821871148856e-07  1.195240213318955e+00 
 1.882021871148856e-07  1.195240213318955e+00 
 1.882221871148856e-07  1.195240213318955e+00 
 1.882421871148856e-07  1.195240213318955e+00 
 1.882621871148856e-07  1.195240213318955e+00 
 1.882821871148856e-07  1.195240213318955e+00 
 1.883021871148856e-07  1.195240213318955e+00 
 1.883221871148856e-07  1.195240213318955e+00 
 1.883421871148856e-07  1.195240213318955e+00 
 1.883621871148856e-07  1.195240213318955e+00 
 1.883821871148856e-07  1.195240213318955e+00 
 1.884021871148856e-07  1.195240213318955e+00 
 1.884221871148855e-07  1.195240213318955e+00 
 1.884421871148855e-07  1.195240213318955e+00 
 1.884621871148855e-07  1.195240213318955e+00 
 1.884821871148855e-07  1.195240213318955e+00 
 1.885021871148855e-07  1.195240213318955e+00 
 1.885221871148855e-07  1.195240213318955e+00 
 1.885421871148855e-07  1.195240213318955e+00 
 1.885621871148855e-07  1.195240213318955e+00 
 1.885821871148855e-07  1.195240213318955e+00 
 1.886021871148855e-07  1.195240213318955e+00 
 1.886221871148855e-07  1.195240213318955e+00 
 1.886421871148855e-07  1.195240213318955e+00 
 1.886621871148855e-07  1.195240213318955e+00 
 1.886821871148855e-07  1.195240213318955e+00 
 1.887021871148855e-07  1.195240213318955e+00 
 1.887221871148855e-07  1.195240213318955e+00 
 1.887421871148855e-07  1.195240213318955e+00 
 1.887621871148855e-07  1.195240213318955e+00 
 1.887821871148855e-07  1.195240213318955e+00 
 1.888021871148855e-07  1.195240213318955e+00 
 1.888221871148855e-07  1.195240213318955e+00 
 1.888421871148855e-07  1.195240213318955e+00 
 1.888621871148855e-07  1.195240213318955e+00 
 1.888821871148855e-07  1.195240213318955e+00 
 1.889021871148855e-07  1.195240213318955e+00 
 1.889221871148855e-07  1.195240213318955e+00 
 1.889421871148854e-07  1.195240213318955e+00 
 1.889621871148854e-07  1.195240213318955e+00 
 1.889821871148854e-07  1.195240213318955e+00 
 1.890021871148854e-07  1.195240213318955e+00 
 1.890221871148854e-07  1.195240213318955e+00 
 1.890421871148854e-07  1.195240213318955e+00 
 1.890621871148854e-07  1.195240213318955e+00 
 1.890821871148854e-07  1.195240213318955e+00 
 1.891021871148854e-07  1.195240213318955e+00 
 1.891221871148854e-07  1.195240213318955e+00 
 1.891421871148854e-07  1.195240213318955e+00 
 1.891621871148854e-07  1.195240213318955e+00 
 1.891821871148854e-07  1.195240213318955e+00 
 1.892021871148854e-07  1.195240213318955e+00 
 1.892221871148854e-07  1.195240213318955e+00 
 1.892421871148854e-07  1.195240213318955e+00 
 1.892621871148854e-07  1.195240213318955e+00 
 1.892821871148854e-07  1.195240213318955e+00 
 1.893021871148854e-07  1.195240213318955e+00 
 1.893221871148854e-07  1.195240213318955e+00 
 1.893421871148854e-07  1.195240213318955e+00 
 1.893621871148854e-07  1.195240213318955e+00 
 1.893821871148854e-07  1.195240213318955e+00 
 1.894021871148854e-07  1.195240213318955e+00 
 1.894221871148854e-07  1.195240213318955e+00 
 1.894421871148854e-07  1.195240213318955e+00 
 1.894621871148854e-07  1.195240213318955e+00 
 1.894821871148853e-07  1.195240213318955e+00 
 1.895021871148853e-07  1.195240213318955e+00 
 1.895221871148853e-07  1.195240213318955e+00 
 1.895421871148853e-07  1.195240213318955e+00 
 1.895621871148853e-07  1.195240213318955e+00 
 1.895821871148853e-07  1.195240213318955e+00 
 1.896021871148853e-07  1.195240213318955e+00 
 1.896221871148853e-07  1.195240213318955e+00 
 1.896421871148853e-07  1.195240213318955e+00 
 1.896621871148853e-07  1.195240213318955e+00 
 1.896821871148853e-07  1.195240213318955e+00 
 1.897021871148853e-07  1.195240213318955e+00 
 1.897221871148853e-07  1.195240213318955e+00 
 1.897421871148853e-07  1.195240213318955e+00 
 1.897621871148853e-07  1.195240213318955e+00 
 1.897821871148853e-07  1.195240213318955e+00 
 1.898021871148853e-07  1.195240213318955e+00 
 1.898221871148853e-07  1.195240213318955e+00 
 1.898421871148853e-07  1.195240213318955e+00 
 1.898621871148853e-07  1.195240213318955e+00 
 1.898821871148853e-07  1.195240213318955e+00 
 1.899021871148853e-07  1.195240213318955e+00 
 1.899221871148853e-07  1.195240213318955e+00 
 1.899421871148853e-07  1.195240213318955e+00 
 1.899621871148853e-07  1.195240213318955e+00 
 1.899821871148853e-07  1.195240213318955e+00 
 1.900021871148852e-07  1.195240213318955e+00 
 1.900221871148852e-07  1.195240213318955e+00 
 1.900421871148852e-07  1.195240213318955e+00 
 1.900621871148852e-07  1.195240213318955e+00 
 1.900821871148852e-07  1.195240213318955e+00 
 1.901021871148852e-07  1.195240213318955e+00 
 1.901221871148852e-07  1.195240213318955e+00 
 1.901421871148852e-07  1.195240213318955e+00 
 1.901621871148852e-07  1.195240213318955e+00 
 1.901821871148852e-07  1.195240213318955e+00 
 1.902021871148852e-07  1.195240213318955e+00 
 1.902221871148852e-07  1.195240213318955e+00 
 1.902421871148852e-07  1.195240213318955e+00 
 1.902621871148852e-07  1.195240213318955e+00 
 1.902821871148852e-07  1.195240213318955e+00 
 1.903021871148852e-07  1.195240213318955e+00 
 1.903221871148852e-07  1.195240213318955e+00 
 1.903421871148852e-07  1.195240213318955e+00 
 1.903621871148852e-07  1.195240213318955e+00 
 1.903821871148852e-07  1.195240213318955e+00 
 1.904021871148852e-07  1.195240213318955e+00 
 1.904221871148852e-07  1.195240213318955e+00 
 1.904421871148852e-07  1.195240213318955e+00 
 1.904621871148852e-07  1.195240213318955e+00 
 1.904821871148852e-07  1.195240213318955e+00 
 1.905021871148852e-07  1.195240213318955e+00 
 1.905221871148852e-07  1.195240213318955e+00 
 1.905421871148851e-07  1.195240213318955e+00 
 1.905621871148851e-07  1.195240213318955e+00 
 1.905821871148851e-07  1.195240213318955e+00 
 1.906021871148851e-07  1.195240213318955e+00 
 1.906221871148851e-07  1.195240213318955e+00 
 1.906421871148851e-07  1.195240213318955e+00 
 1.906621871148851e-07  1.195240213318955e+00 
 1.906821871148851e-07  1.195240213318955e+00 
 1.907021871148851e-07  1.195240213318955e+00 
 1.907221871148851e-07  1.195240213318955e+00 
 1.907421871148851e-07  1.195240213318955e+00 
 1.907621871148851e-07  1.195240213318955e+00 
 1.907821871148851e-07  1.195240213318955e+00 
 1.908021871148851e-07  1.195240213318955e+00 
 1.908221871148851e-07  1.195240213318955e+00 
 1.908421871148851e-07  1.195240213318955e+00 
 1.908621871148851e-07  1.195240213318955e+00 
 1.908821871148851e-07  1.195240213318955e+00 
 1.909021871148851e-07  1.195240213318955e+00 
 1.909221871148851e-07  1.195240213318955e+00 
 1.909421871148851e-07  1.195240213318955e+00 
 1.909621871148851e-07  1.195240213318955e+00 
 1.909821871148851e-07  1.195240213318955e+00 
 1.910021871148851e-07  1.195240213318955e+00 
 1.910221871148851e-07  1.195240213318955e+00 
 1.910421871148851e-07  1.195240213318955e+00 
 1.910621871148850e-07  1.195240213318955e+00 
 1.910821871148850e-07  1.195240213318955e+00 
 1.911021871148850e-07  1.195240213318955e+00 
 1.911221871148850e-07  1.195240213318955e+00 
 1.911421871148850e-07  1.195240213318955e+00 
 1.911621871148850e-07  1.195240213318955e+00 
 1.911821871148850e-07  1.195240213318955e+00 
 1.912021871148850e-07  1.195240213318955e+00 
 1.912221871148850e-07  1.195240213318955e+00 
 1.912421871148850e-07  1.195240213318955e+00 
 1.912621871148850e-07  1.195240213318955e+00 
 1.912821871148850e-07  1.195240213318955e+00 
 1.913021871148850e-07  1.195240213318955e+00 
 1.913221871148850e-07  1.195240213318955e+00 
 1.913421871148850e-07  1.195240213318955e+00 
 1.913621871148850e-07  1.195240213318955e+00 
 1.913821871148850e-07  1.195240213318955e+00 
 1.914021871148850e-07  1.195240213318955e+00 
 1.914221871148850e-07  1.195240213318955e+00 
 1.914421871148850e-07  1.195240213318955e+00 
 1.914621871148850e-07  1.195240213318955e+00 
 1.914821871148850e-07  1.195240213318955e+00 
 1.915021871148850e-07  1.195240213318955e+00 
 1.915221871148850e-07  1.195240213318955e+00 
 1.915421871148850e-07  1.195240213318955e+00 
 1.915621871148850e-07  1.195240213318955e+00 
 1.915821871148849e-07  1.195240213318955e+00 
 1.916021871148849e-07  1.195240213318955e+00 
 1.916221871148849e-07  1.195240213318955e+00 
 1.916421871148849e-07  1.195240213318955e+00 
 1.916621871148849e-07  1.195240213318955e+00 
 1.916821871148849e-07  1.195240213318955e+00 
 1.917021871148849e-07  1.195240213318955e+00 
 1.917221871148849e-07  1.195240213318955e+00 
 1.917421871148849e-07  1.195240213318955e+00 
 1.917621871148849e-07  1.195240213318955e+00 
 1.917821871148849e-07  1.195240213318955e+00 
 1.918021871148849e-07  1.195240213318955e+00 
 1.918221871148849e-07  1.195240213318955e+00 
 1.918421871148849e-07  1.195240213318955e+00 
 1.918621871148849e-07  1.195240213318955e+00 
 1.918821871148849e-07  1.195240213318955e+00 
 1.919021871148849e-07  1.195240213318955e+00 
 1.919221871148849e-07  1.195240213318955e+00 
 1.919421871148849e-07  1.195240213318955e+00 
 1.919621871148849e-07  1.195240213318955e+00 
 1.919821871148849e-07  1.195240213318955e+00 
 1.920021871148849e-07  1.195240213318955e+00 
 1.920221871148849e-07  1.195240213318955e+00 
 1.920421871148849e-07  1.195240213318955e+00 
 1.920621871148849e-07  1.195240213318955e+00 
 1.920821871148849e-07  1.195240213318955e+00 
 1.921021871148849e-07  1.195240213318955e+00 
 1.921221871148848e-07  1.195240213318955e+00 
 1.921421871148848e-07  1.195240213318955e+00 
 1.921621871148848e-07  1.195240213318955e+00 
 1.921821871148848e-07  1.195240213318955e+00 
 1.922021871148848e-07  1.195240213318955e+00 
 1.922221871148848e-07  1.195240213318955e+00 
 1.922421871148848e-07  1.195240213318955e+00 
 1.922621871148848e-07  1.195240213318955e+00 
 1.922821871148848e-07  1.195240213318955e+00 
 1.923021871148848e-07  1.195240213318955e+00 
 1.923221871148848e-07  1.195240213318955e+00 
 1.923421871148848e-07  1.195240213318955e+00 
 1.923621871148848e-07  1.195240213318955e+00 
 1.923821871148848e-07  1.195240213318955e+00 
 1.924021871148848e-07  1.195240213318955e+00 
 1.924221871148848e-07  1.195240213318955e+00 
 1.924421871148848e-07  1.195240213318955e+00 
 1.924621871148848e-07  1.195240213318955e+00 
 1.924821871148848e-07  1.195240213318955e+00 
 1.925021871148848e-07  1.195240213318955e+00 
 1.925221871148848e-07  1.195240213318955e+00 
 1.925421871148848e-07  1.195240213318955e+00 
 1.925621871148848e-07  1.195240213318955e+00 
 1.925821871148848e-07  1.195240213318955e+00 
 1.926021871148848e-07  1.195240213318955e+00 
 1.926221871148848e-07  1.195240213318955e+00 
 1.926421871148847e-07  1.195240213318955e+00 
 1.926621871148847e-07  1.195240213318955e+00 
 1.926821871148847e-07  1.195240213318955e+00 
 1.927021871148847e-07  1.195240213318955e+00 
 1.927221871148847e-07  1.195240213318955e+00 
 1.927421871148847e-07  1.195240213318955e+00 
 1.927621871148847e-07  1.195240213318955e+00 
 1.927821871148847e-07  1.195240213318955e+00 
 1.928021871148847e-07  1.195240213318955e+00 
 1.928221871148847e-07  1.195240213318955e+00 
 1.928421871148847e-07  1.195240213318955e+00 
 1.928621871148847e-07  1.195240213318955e+00 
 1.928821871148847e-07  1.195240213318955e+00 
 1.929021871148847e-07  1.195240213318955e+00 
 1.929221871148847e-07  1.195240213318955e+00 
 1.929421871148847e-07  1.195240213318955e+00 
 1.929621871148847e-07  1.195240213318955e+00 
 1.929821871148847e-07  1.195240213318955e+00 
 1.930021871148847e-07  1.195240213318955e+00 
 1.930221871148847e-07  1.195240213318955e+00 
 1.930421871148847e-07  1.195240213318955e+00 
 1.930621871148847e-07  1.195240213318955e+00 
 1.930821871148847e-07  1.195240213318955e+00 
 1.931021871148847e-07  1.195240213318955e+00 
 1.931221871148847e-07  1.195240213318955e+00 
 1.931421871148847e-07  1.195240213318955e+00 
 1.931621871148846e-07  1.195240213318955e+00 
 1.931821871148846e-07  1.195240213318955e+00 
 1.932021871148846e-07  1.195240213318955e+00 
 1.932221871148846e-07  1.195240213318955e+00 
 1.932421871148846e-07  1.195240213318955e+00 
 1.932621871148846e-07  1.195240213318955e+00 
 1.932821871148846e-07  1.195240213318955e+00 
 1.933021871148846e-07  1.195240213318955e+00 
 1.933221871148846e-07  1.195240213318955e+00 
 1.933421871148846e-07  1.195240213318955e+00 
 1.933621871148846e-07  1.195240213318955e+00 
 1.933821871148846e-07  1.195240213318955e+00 
 1.934021871148846e-07  1.195240213318955e+00 
 1.934221871148846e-07  1.195240213318955e+00 
 1.934421871148846e-07  1.195240213318955e+00 
 1.934621871148846e-07  1.195240213318955e+00 
 1.934821871148846e-07  1.195240213318955e+00 
 1.935021871148846e-07  1.195240213318955e+00 
 1.935221871148846e-07  1.195240213318955e+00 
 1.935421871148846e-07  1.195240213318955e+00 
 1.935621871148846e-07  1.195240213318955e+00 
 1.935821871148846e-07  1.195240213318955e+00 
 1.936021871148846e-07  1.195240213318955e+00 
 1.936221871148846e-07  1.195240213318955e+00 
 1.936421871148846e-07  1.195240213318955e+00 
 1.936621871148846e-07  1.195240213318955e+00 
 1.936821871148846e-07  1.195240213318955e+00 
 1.937021871148845e-07  1.195240213318955e+00 
 1.937221871148845e-07  1.195240213318955e+00 
 1.937421871148845e-07  1.195240213318955e+00 
 1.937621871148845e-07  1.195240213318955e+00 
 1.937821871148845e-07  1.195240213318955e+00 
 1.938021871148845e-07  1.195240213318955e+00 
 1.938221871148845e-07  1.195240213318955e+00 
 1.938421871148845e-07  1.195240213318955e+00 
 1.938621871148845e-07  1.195240213318955e+00 
 1.938821871148845e-07  1.195240213318955e+00 
 1.939021871148845e-07  1.195240213318955e+00 
 1.939221871148845e-07  1.195240213318955e+00 
 1.939421871148845e-07  1.195240213318955e+00 
 1.939621871148845e-07  1.195240213318955e+00 
 1.939821871148845e-07  1.195240213318955e+00 
 1.940021871148845e-07  1.195240213318955e+00 
 1.940221871148845e-07  1.195240213318955e+00 
 1.940421871148845e-07  1.195240213318955e+00 
 1.940621871148845e-07  1.195240213318955e+00 
 1.940821871148845e-07  1.195240213318955e+00 
 1.941021871148845e-07  1.195240213318955e+00 
 1.941221871148845e-07  1.195240213318955e+00 
 1.941421871148845e-07  1.195240213318955e+00 
 1.941621871148845e-07  1.195240213318955e+00 
 1.941821871148845e-07  1.195240213318955e+00 
 1.942021871148845e-07  1.195240213318955e+00 
 1.942221871148844e-07  1.195240213318955e+00 
 1.942421871148844e-07  1.195240213318955e+00 
 1.942621871148844e-07  1.195240213318955e+00 
 1.942821871148844e-07  1.195240213318955e+00 
 1.943021871148844e-07  1.195240213318955e+00 
 1.943221871148844e-07  1.195240213318955e+00 
 1.943421871148844e-07  1.195240213318955e+00 
 1.943621871148844e-07  1.195240213318955e+00 
 1.943821871148844e-07  1.195240213318955e+00 
 1.944021871148844e-07  1.195240213318955e+00 
 1.944221871148844e-07  1.195240213318955e+00 
 1.944421871148844e-07  1.195240213318955e+00 
 1.944621871148844e-07  1.195240213318955e+00 
 1.944821871148844e-07  1.195240213318955e+00 
 1.945021871148844e-07  1.195240213318955e+00 
 1.945221871148844e-07  1.195240213318955e+00 
 1.945421871148844e-07  1.195240213318955e+00 
 1.945621871148844e-07  1.195240213318955e+00 
 1.945821871148844e-07  1.195240213318955e+00 
 1.946021871148844e-07  1.195240213318955e+00 
 1.946221871148844e-07  1.195240213318955e+00 
 1.946421871148844e-07  1.195240213318955e+00 
 1.946621871148844e-07  1.195240213318955e+00 
 1.946821871148844e-07  1.195240213318955e+00 
 1.947021871148844e-07  1.195240213318955e+00 
 1.947221871148844e-07  1.195240213318955e+00 
 1.947421871148844e-07  1.195240213318955e+00 
 1.947621871148843e-07  1.195240213318955e+00 
 1.947821871148843e-07  1.195240213318955e+00 
 1.948021871148843e-07  1.195240213318955e+00 
 1.948221871148843e-07  1.195240213318955e+00 
 1.948421871148843e-07  1.195240213318955e+00 
 1.948621871148843e-07  1.195240213318955e+00 
 1.948821871148843e-07  1.195240213318955e+00 
 1.949021871148843e-07  1.195240213318955e+00 
 1.949221871148843e-07  1.195240213318955e+00 
 1.949421871148843e-07  1.195240213318955e+00 
 1.949621871148843e-07  1.195240213318955e+00 
 1.949821871148843e-07  1.195240213318955e+00 
 1.950021871148843e-07  1.195240213318955e+00 
 1.950221871148843e-07  1.195240213318955e+00 
 1.950421871148843e-07  1.195240213318955e+00 
 1.950621871148843e-07  1.195240213318955e+00 
 1.950821871148843e-07  1.195240213318955e+00 
 1.951021871148843e-07  1.195240213318955e+00 
 1.951221871148843e-07  1.195240213318955e+00 
 1.951421871148843e-07  1.195240213318955e+00 
 1.951621871148843e-07  1.195240213318955e+00 
 1.951821871148843e-07  1.195240213318955e+00 
 1.952021871148843e-07  1.195240213318955e+00 
 1.952221871148843e-07  1.195240213318955e+00 
 1.952421871148843e-07  1.195240213318955e+00 
 1.952621871148843e-07  1.195240213318955e+00 
 1.952821871148842e-07  1.195240213318955e+00 
 1.953021871148842e-07  1.195240213318955e+00 
 1.953221871148842e-07  1.195240213318955e+00 
 1.953421871148842e-07  1.195240213318955e+00 
 1.953621871148842e-07  1.195240213318955e+00 
 1.953821871148842e-07  1.195240213318955e+00 
 1.954021871148842e-07  1.195240213318955e+00 
 1.954221871148842e-07  1.195240213318955e+00 
 1.954421871148842e-07  1.195240213318955e+00 
 1.954621871148842e-07  1.195240213318955e+00 
 1.954821871148842e-07  1.195240213318955e+00 
 1.955021871148842e-07  1.195240213318955e+00 
 1.955221871148842e-07  1.195240213318955e+00 
 1.955421871148842e-07  1.195240213318955e+00 
 1.955621871148842e-07  1.195240213318955e+00 
 1.955821871148842e-07  1.195240213318955e+00 
 1.956021871148842e-07  1.195240213318955e+00 
 1.956221871148842e-07  1.195240213318955e+00 
 1.956421871148842e-07  1.195240213318955e+00 
 1.956621871148842e-07  1.195240213318955e+00 
 1.956821871148842e-07  1.195240213318955e+00 
 1.957021871148842e-07  1.195240213318955e+00 
 1.957221871148842e-07  1.195240213318955e+00 
 1.957421871148842e-07  1.195240213318955e+00 
 1.957621871148842e-07  1.195240213318955e+00 
 1.957821871148842e-07  1.195240213318955e+00 
 1.958021871148841e-07  1.195240213318955e+00 
 1.958221871148841e-07  1.195240213318955e+00 
 1.958421871148841e-07  1.195240213318955e+00 
 1.958621871148841e-07  1.195240213318955e+00 
 1.958821871148841e-07  1.195240213318955e+00 
 1.959021871148841e-07  1.195240213318955e+00 
 1.959221871148841e-07  1.195240213318955e+00 
 1.959421871148841e-07  1.195240213318955e+00 
 1.959621871148841e-07  1.195240213318955e+00 
 1.959821871148841e-07  1.195240213318955e+00 
 1.960021871148841e-07  1.195240213318955e+00 
 1.960221871148841e-07  1.195240213318955e+00 
 1.960421871148841e-07  1.195240213318955e+00 
 1.960621871148841e-07  1.195240213318955e+00 
 1.960821871148841e-07  1.195240213318955e+00 
 1.961021871148841e-07  1.195240213318955e+00 
 1.961221871148841e-07  1.195240213318955e+00 
 1.961421871148841e-07  1.195240213318955e+00 
 1.961621871148841e-07  1.195240213318955e+00 
 1.961821871148841e-07  1.195240213318955e+00 
 1.962021871148841e-07  1.195240213318955e+00 
 1.962221871148841e-07  1.195240213318955e+00 
 1.962421871148841e-07  1.195240213318955e+00 
 1.962621871148841e-07  1.195240213318955e+00 
 1.962821871148841e-07  1.195240213318955e+00 
 1.963021871148841e-07  1.195240213318955e+00 
 1.963221871148841e-07  1.195240213318955e+00 
 1.963421871148840e-07  1.195240213318955e+00 
 1.963621871148840e-07  1.195240213318955e+00 
 1.963821871148840e-07  1.195240213318955e+00 
 1.964021871148840e-07  1.195240213318955e+00 
 1.964221871148840e-07  1.195240213318955e+00 
 1.964421871148840e-07  1.195240213318955e+00 
 1.964621871148840e-07  1.195240213318955e+00 
 1.964821871148840e-07  1.195240213318955e+00 
 1.965021871148840e-07  1.195240213318955e+00 
 1.965221871148840e-07  1.195240213318955e+00 
 1.965421871148840e-07  1.195240213318955e+00 
 1.965621871148840e-07  1.195240213318955e+00 
 1.965821871148840e-07  1.195240213318955e+00 
 1.966021871148840e-07  1.195240213318955e+00 
 1.966221871148840e-07  1.195240213318955e+00 
 1.966421871148840e-07  1.195240213318955e+00 
 1.966621871148840e-07  1.195240213318955e+00 
 1.966821871148840e-07  1.195240213318955e+00 
 1.967021871148840e-07  1.195240213318955e+00 
 1.967221871148840e-07  1.195240213318955e+00 
 1.967421871148840e-07  1.195240213318955e+00 
 1.967621871148840e-07  1.195240213318955e+00 
 1.967821871148840e-07  1.195240213318955e+00 
 1.968021871148840e-07  1.195240213318955e+00 
 1.968221871148840e-07  1.195240213318955e+00 
 1.968421871148840e-07  1.195240213318955e+00 
 1.968621871148839e-07  1.195240213318955e+00 
 1.968821871148839e-07  1.195240213318955e+00 
 1.969021871148839e-07  1.195240213318955e+00 
 1.969221871148839e-07  1.195240213318955e+00 
 1.969421871148839e-07  1.195240213318955e+00 
 1.969621871148839e-07  1.195240213318955e+00 
 1.969821871148839e-07  1.195240213318955e+00 
 1.970021871148839e-07  1.195240213318955e+00 
 1.970221871148839e-07  1.195240213318955e+00 
 1.970421871148839e-07  1.195240213318955e+00 
 1.970621871148839e-07  1.195240213318955e+00 
 1.970821871148839e-07  1.195240213318955e+00 
 1.971021871148839e-07  1.195240213318955e+00 
 1.971221871148839e-07  1.195240213318955e+00 
 1.971421871148839e-07  1.195240213318955e+00 
 1.971621871148839e-07  1.195240213318955e+00 
 1.971821871148839e-07  1.195240213318955e+00 
 1.972021871148839e-07  1.195240213318955e+00 
 1.972221871148839e-07  1.195240213318955e+00 
 1.972421871148839e-07  1.195240213318955e+00 
 1.972621871148839e-07  1.195240213318955e+00 
 1.972821871148839e-07  1.195240213318955e+00 
 1.973021871148839e-07  1.195240213318955e+00 
 1.973221871148839e-07  1.195240213318955e+00 
 1.973421871148839e-07  1.195240213318955e+00 
 1.973621871148839e-07  1.195240213318955e+00 
 1.973821871148838e-07  1.195240213318955e+00 
 1.974021871148838e-07  1.195240213318955e+00 
 1.974221871148838e-07  1.195240213318955e+00 
 1.974421871148838e-07  1.195240213318955e+00 
 1.974621871148838e-07  1.195240213318955e+00 
 1.974821871148838e-07  1.195240213318955e+00 
 1.975021871148838e-07  1.195240213318955e+00 
 1.975221871148838e-07  1.195240213318955e+00 
 1.975421871148838e-07  1.195240213318955e+00 
 1.975621871148838e-07  1.195240213318955e+00 
 1.975821871148838e-07  1.195240213318955e+00 
 1.976021871148838e-07  1.195240213318955e+00 
 1.976221871148838e-07  1.195240213318955e+00 
 1.976421871148838e-07  1.195240213318955e+00 
 1.976621871148838e-07  1.195240213318955e+00 
 1.976821871148838e-07  1.195240213318955e+00 
 1.977021871148838e-07  1.195240213318955e+00 
 1.977221871148838e-07  1.195240213318955e+00 
 1.977421871148838e-07  1.195240213318955e+00 
 1.977621871148838e-07  1.195240213318955e+00 
 1.977821871148838e-07  1.195240213318955e+00 
 1.978021871148838e-07  1.195240213318955e+00 
 1.978221871148838e-07  1.195240213318955e+00 
 1.978421871148838e-07  1.195240213318955e+00 
 1.978621871148838e-07  1.195240213318955e+00 
 1.978821871148838e-07  1.195240213318955e+00 
 1.979021871148838e-07  1.195240213318955e+00 
 1.979221871148837e-07  1.195240213318955e+00 
 1.979421871148837e-07  1.195240213318955e+00 
 1.979621871148837e-07  1.195240213318955e+00 
 1.979821871148837e-07  1.195240213318955e+00 
 1.980021871148837e-07  1.195240213318955e+00 
 1.980221871148837e-07  1.195240213318955e+00 
 1.980421871148837e-07  1.195240213318955e+00 
 1.980621871148837e-07  1.195240213318955e+00 
 1.980821871148837e-07  1.195240213318955e+00 
 1.981021871148837e-07  1.195240213318955e+00 
 1.981221871148837e-07  1.195240213318955e+00 
 1.981421871148837e-07  1.195240213318955e+00 
 1.981621871148837e-07  1.195240213318955e+00 
 1.981821871148837e-07  1.195240213318955e+00 
 1.982021871148837e-07  1.195240213318955e+00 
 1.982221871148837e-07  1.195240213318955e+00 
 1.982421871148837e-07  1.195240213318955e+00 
 1.982621871148837e-07  1.195240213318955e+00 
 1.982821871148837e-07  1.195240213318955e+00 
 1.983021871148837e-07  1.195240213318955e+00 
 1.983221871148837e-07  1.195240213318955e+00 
 1.983421871148837e-07  1.195240213318955e+00 
 1.983621871148837e-07  1.195240213318955e+00 
 1.983821871148837e-07  1.195240213318955e+00 
 1.984021871148837e-07  1.195240213318955e+00 
 1.984221871148837e-07  1.195240213318955e+00 
 1.984421871148836e-07  1.195240213318955e+00 
 1.984621871148836e-07  1.195240213318955e+00 
 1.984821871148836e-07  1.195240213318955e+00 
 1.985021871148836e-07  1.195240213318955e+00 
 1.985221871148836e-07  1.195240213318955e+00 
 1.985421871148836e-07  1.195240213318955e+00 
 1.985621871148836e-07  1.195240213318955e+00 
 1.985821871148836e-07  1.195240213318955e+00 
 1.986021871148836e-07  1.195240213318955e+00 
 1.986221871148836e-07  1.195240213318955e+00 
 1.986421871148836e-07  1.195240213318955e+00 
 1.986621871148836e-07  1.195240213318955e+00 
 1.986821871148836e-07  1.195240213318955e+00 
 1.987021871148836e-07  1.195240213318955e+00 
 1.987221871148836e-07  1.195240213318955e+00 
 1.987421871148836e-07  1.195240213318955e+00 
 1.987621871148836e-07  1.195240213318955e+00 
 1.987821871148836e-07  1.195240213318955e+00 
 1.988021871148836e-07  1.195240213318955e+00 
 1.988221871148836e-07  1.195240213318955e+00 
 1.988421871148836e-07  1.195240213318955e+00 
 1.988621871148836e-07  1.195240213318955e+00 
 1.988821871148836e-07  1.195240213318955e+00 
 1.989021871148836e-07  1.195240213318955e+00 
 1.989221871148836e-07  1.195240213318955e+00 
 1.989421871148836e-07  1.195240213318955e+00 
 1.989621871148836e-07  1.195240213318955e+00 
 1.989821871148835e-07  1.195240213318955e+00 
 1.990021871148835e-07  1.195240213318955e+00 
 1.990221871148835e-07  1.195240213318955e+00 
 1.990421871148835e-07  1.195240213318955e+00 
 1.990621871148835e-07  1.195240213318956e+00 
 1.990821871148835e-07  1.195240213318956e+00 
 1.991021871148835e-07  1.195240213318956e+00 
 1.991221871148835e-07  1.195240213318956e+00 
 1.991421871148835e-07  1.195240213318956e+00 
 1.991621871148835e-07  1.195240213318956e+00 
 1.991821871148835e-07  1.195240213318956e+00 
 1.992021871148835e-07  1.195240213318956e+00 
 1.992221871148835e-07  1.195240213318956e+00 
 1.992421871148835e-07  1.195240213318956e+00 
 1.992621871148835e-07  1.195240213318956e+00 
 1.992821871148835e-07  1.195240213318956e+00 
 1.993021871148835e-07  1.195240213318956e+00 
 1.993221871148835e-07  1.195240213318956e+00 
 1.993421871148835e-07  1.195240213318956e+00 
 1.993621871148835e-07  1.195240213318956e+00 
 1.993821871148835e-07  1.195240213318956e+00 
 1.994021871148835e-07  1.195240213318956e+00 
 1.994221871148835e-07  1.195240213318956e+00 
 1.994421871148835e-07  1.195240213318956e+00 
 1.994621871148835e-07  1.195240213318956e+00 
 1.994821871148835e-07  1.195240213318956e+00 
 1.995021871148834e-07  1.195240213318956e+00 
 1.995221871148834e-07  1.195240213318956e+00 
 1.995421871148834e-07  1.195240213318956e+00 
 1.995621871148834e-07  1.195240213318956e+00 
 1.995821871148834e-07  1.195240213318956e+00 
 1.996021871148834e-07  1.195240213318956e+00 
 1.996221871148834e-07  1.195240213318956e+00 
 1.996421871148834e-07  1.195240213318956e+00 
 1.996621871148834e-07  1.195240213318956e+00 
 1.996821871148834e-07  1.195240213318956e+00 
 1.997021871148834e-07  1.195240213318956e+00 
 1.997221871148834e-07  1.195240213318956e+00 
 1.997421871148834e-07  1.195240213318956e+00 
 1.997621871148834e-07  1.195240213318956e+00 
 1.997821871148834e-07  1.195240213318956e+00 
 1.998021871148834e-07  1.195240213318956e+00 
 1.998221871148834e-07  1.195240213318956e+00 
 1.998421871148834e-07  1.195240213318956e+00 
 1.998621871148834e-07  1.195240213318956e+00 
 1.998821871148834e-07  1.195240213318956e+00 
 1.999021871148834e-07  1.195240213318956e+00 
 1.999221871148834e-07  1.195240213318956e+00 
 1.999421871148834e-07  1.195240213318956e+00 
 1.999621871148834e-07  1.195240213318956e+00 
 1.999821871148834e-07  1.195240213318956e+00 
 2.000021871148834e-07  1.195240213318956e+00 
 2.000221871148833e-07  1.195240213318956e+00 
 2.000421871148833e-07  1.195240213318956e+00 
 2.000621871148833e-07  1.195240213318956e+00 
 2.000821871148833e-07  1.195240213318956e+00 
 2.001021871148833e-07  1.195240213318956e+00 
 2.001221871148833e-07  1.195240213318956e+00 
 2.001421871148833e-07  1.195240213318956e+00 
 2.001621871148833e-07  1.195240213318956e+00 
 2.001821871148833e-07  1.195240213318956e+00 
 2.002021871148833e-07  1.195240213318956e+00 
 2.002221871148833e-07  1.195240213318956e+00 
 2.002421871148833e-07  1.195240213318956e+00 
 2.002621871148833e-07  1.195240213318956e+00 
 2.002821871148833e-07  1.195240213318956e+00 
 2.003021871148833e-07  1.195240213318956e+00 
 2.003221871148833e-07  1.195240213318956e+00 
 2.003421871148833e-07  1.195240213318956e+00 
 2.003621871148833e-07  1.195240213318956e+00 
 2.003821871148833e-07  1.195240213318956e+00 
 2.004021871148833e-07  1.195240213318956e+00 
 2.004221871148833e-07  1.195240213318956e+00 
 2.004421871148833e-07  1.195240213318956e+00 
 2.004621871148833e-07  1.195240213318956e+00 
 2.004821871148833e-07  1.195240213318956e+00 
 2.005021871148833e-07  1.195240213318956e+00 
 2.005221871148833e-07  1.195240213318956e+00 
 2.005421871148833e-07  1.195240213318956e+00 
 2.005621871148832e-07  1.195240213318956e+00 
 2.005821871148832e-07  1.195240213318956e+00 
 2.006021871148832e-07  1.195240213318956e+00 
 2.006221871148832e-07  1.195240213318956e+00 
 2.006421871148832e-07  1.195240213318956e+00 
 2.006621871148832e-07  1.195240213318956e+00 
 2.006821871148832e-07  1.195240213318956e+00 
 2.007021871148832e-07  1.195240213318956e+00 
 2.007221871148832e-07  1.195240213318956e+00 
 2.007421871148832e-07  1.195240213318956e+00 
 2.007621871148832e-07  1.195240213318956e+00 
 2.007821871148832e-07  1.195240213318956e+00 
 2.008021871148832e-07  1.195240213318956e+00 
 2.008221871148832e-07  1.195240213318956e+00 
 2.008421871148832e-07  1.195240213318956e+00 
 2.008621871148832e-07  1.195240213318956e+00 
 2.008821871148832e-07  1.195240213318956e+00 
 2.009021871148832e-07  1.195240213318956e+00 
 2.009221871148832e-07  1.195240213318956e+00 
 2.009421871148832e-07  1.195240213318956e+00 
 2.009621871148832e-07  1.195240213318956e+00 
 2.009821871148832e-07  1.195240213318956e+00 
 2.010021871148832e-07  1.195240213318956e+00 
 2.010221871148832e-07  1.195240213318956e+00 
 2.010421871148832e-07  1.195240213318956e+00 
 2.010621871148832e-07  1.195240213318956e+00 
 2.010821871148831e-07  1.195240213318956e+00 
 2.011021871148831e-07  1.195240213318956e+00 
 2.011221871148831e-07  1.195240213318956e+00 
 2.011421871148831e-07  1.195240213318956e+00 
 2.011621871148831e-07  1.195240213318956e+00 
 2.011821871148831e-07  1.195240213318956e+00 
 2.012021871148831e-07  1.195240213318956e+00 
 2.012221871148831e-07  1.195240213318956e+00 
 2.012421871148831e-07  1.195240213318956e+00 
 2.012621871148831e-07  1.195240213318956e+00 
 2.012821871148831e-07  1.195240213318956e+00 
 2.013021871148831e-07  1.195240213318956e+00 
 2.013221871148831e-07  1.195240213318956e+00 
 2.013421871148831e-07  1.195240213318956e+00 
 2.013621871148831e-07  1.195240213318956e+00 
 2.013821871148831e-07  1.195240213318956e+00 
 2.014021871148831e-07  1.195240213318956e+00 
 2.014221871148831e-07  1.195240213318956e+00 
 2.014421871148831e-07  1.195240213318956e+00 
 2.014621871148831e-07  1.195240213318956e+00 
 2.014821871148831e-07  1.195240213318956e+00 
 2.015021871148831e-07  1.195240213318956e+00 
 2.015221871148831e-07  1.195240213318956e+00 
 2.015421871148831e-07  1.195240213318956e+00 
 2.015621871148831e-07  1.195240213318956e+00 
 2.015821871148831e-07  1.195240213318956e+00 
 2.016021871148830e-07  1.195240213318956e+00 
 2.016221871148830e-07  1.195240213318956e+00 
 2.016421871148830e-07  1.195240213318955e+00 
 2.016621871148830e-07  1.195240213318955e+00 
 2.016821871148830e-07  1.195240213318955e+00 
 2.017021871148830e-07  1.195240213318955e+00 
 2.017221871148830e-07  1.195240213318955e+00 
 2.017421871148830e-07  1.195240213318955e+00 
 2.017621871148830e-07  1.195240213318955e+00 
 2.017821871148830e-07  1.195240213318955e+00 
 2.018021871148830e-07  1.195240213318955e+00 
 2.018221871148830e-07  1.195240213318955e+00 
 2.018421871148830e-07  1.195240213318955e+00 
 2.018621871148830e-07  1.195240213318955e+00 
 2.018821871148830e-07  1.195240213318955e+00 
 2.019021871148830e-07  1.195240213318955e+00 
 2.019221871148830e-07  1.195240213318955e+00 
 2.019421871148830e-07  1.195240213318955e+00 
 2.019621871148830e-07  1.195240213318955e+00 
 2.019821871148830e-07  1.195240213318955e+00 
 2.020021871148830e-07  1.195240213318955e+00 
 2.020221871148830e-07  1.195240213318955e+00 
 2.020421871148830e-07  1.195240213318955e+00 
 2.020621871148830e-07  1.195240213318955e+00 
 2.020821871148830e-07  1.195240213318955e+00 
 2.021021871148830e-07  1.195240213318955e+00 
 2.021221871148830e-07  1.195240213318955e+00 
 2.021421871148829e-07  1.195240213318955e+00 
 2.021621871148829e-07  1.195240213318955e+00 
 2.021821871148829e-07  1.195240213318955e+00 
 2.022021871148829e-07  1.195240213318955e+00 
 2.022221871148829e-07  1.195240213318955e+00 
 2.022421871148829e-07  1.195240213318955e+00 
 2.022621871148829e-07  1.195240213318955e+00 
 2.022821871148829e-07  1.195240213318955e+00 
 2.023021871148829e-07  1.195240213318955e+00 
 2.023221871148829e-07  1.195240213318955e+00 
 2.023421871148829e-07  1.195240213318955e+00 
 2.023621871148829e-07  1.195240213318955e+00 
 2.023821871148829e-07  1.195240213318955e+00 
 2.024021871148829e-07  1.195240213318955e+00 
 2.024221871148829e-07  1.195240213318955e+00 
 2.024421871148829e-07  1.195240213318955e+00 
 2.024621871148829e-07  1.195240213318955e+00 
 2.024821871148829e-07  1.195240213318955e+00 
 2.025021871148829e-07  1.195240213318955e+00 
 2.025221871148829e-07  1.195240213318955e+00 
 2.025421871148829e-07  1.195240213318955e+00 
 2.025621871148829e-07  1.195240213318955e+00 
 2.025821871148829e-07  1.195240213318955e+00 
 2.026021871148829e-07  1.195240213318955e+00 
 2.026221871148829e-07  1.195240213318955e+00 
 2.026421871148829e-07  1.195240213318955e+00 
 2.026621871148828e-07  1.195240213318955e+00 
 2.026821871148828e-07  1.195240213318955e+00 
 2.027021871148828e-07  1.195240213318955e+00 
 2.027221871148828e-07  1.195240213318955e+00 
 2.027421871148828e-07  1.195240213318955e+00 
 2.027621871148828e-07  1.195240213318955e+00 
 2.027821871148828e-07  1.195240213318955e+00 
 2.028021871148828e-07  1.195240213318955e+00 
 2.028221871148828e-07  1.195240213318955e+00 
 2.028421871148828e-07  1.195240213318955e+00 
 2.028621871148828e-07  1.195240213318955e+00 
 2.028821871148828e-07  1.195240213318955e+00 
 2.029021871148828e-07  1.195240213318955e+00 
 2.029221871148828e-07  1.195240213318955e+00 
 2.029421871148828e-07  1.195240213318955e+00 
 2.029621871148828e-07  1.195240213318955e+00 
 2.029821871148828e-07  1.195240213318955e+00 
 2.030021871148828e-07  1.195240213318955e+00 
 2.030221871148828e-07  1.195240213318955e+00 
 2.030421871148828e-07  1.195240213318955e+00 
 2.030621871148828e-07  1.195240213318955e+00 
 2.030821871148828e-07  1.195240213318955e+00 
 2.031021871148828e-07  1.195240213318955e+00 
 2.031221871148828e-07  1.195240213318955e+00 
 2.031421871148828e-07  1.195240213318955e+00 
 2.031621871148828e-07  1.195240213318955e+00 
 2.031821871148828e-07  1.195240213318955e+00 
 2.032021871148827e-07  1.195240213318955e+00 
 2.032221871148827e-07  1.195240213318955e+00 
 2.032421871148827e-07  1.195240213318955e+00 
 2.032621871148827e-07  1.195240213318955e+00 
 2.032821871148827e-07  1.195240213318955e+00 
 2.033021871148827e-07  1.195240213318955e+00 
 2.033221871148827e-07  1.195240213318955e+00 
 2.033421871148827e-07  1.195240213318955e+00 
 2.033621871148827e-07  1.195240213318955e+00 
 2.033821871148827e-07  1.195240213318955e+00 
 2.034021871148827e-07  1.195240213318955e+00 
 2.034221871148827e-07  1.195240213318955e+00 
 2.034421871148827e-07  1.195240213318955e+00 
 2.034621871148827e-07  1.195240213318955e+00 
 2.034821871148827e-07  1.195240213318955e+00 
 2.035021871148827e-07  1.195240213318955e+00 
 2.035221871148827e-07  1.195240213318955e+00 
 2.035421871148827e-07  1.195240213318955e+00 
 2.035621871148827e-07  1.195240213318955e+00 
 2.035821871148827e-07  1.195240213318955e+00 
 2.036021871148827e-07  1.195240213318955e+00 
 2.036221871148827e-07  1.195240213318955e+00 
 2.036421871148827e-07  1.195240213318955e+00 
 2.036621871148827e-07  1.195240213318955e+00 
 2.036821871148827e-07  1.195240213318955e+00 
 2.037021871148827e-07  1.195240213318955e+00 
 2.037221871148826e-07  1.195240213318955e+00 
 2.037421871148826e-07  1.195240213318955e+00 
 2.037621871148826e-07  1.195240213318955e+00 
 2.037821871148826e-07  1.195240213318955e+00 
 2.038021871148826e-07  1.195240213318955e+00 
 2.038221871148826e-07  1.195240213318955e+00 
 2.038421871148826e-07  1.195240213318955e+00 
 2.038621871148826e-07  1.195240213318955e+00 
 2.038821871148826e-07  1.195240213318955e+00 
 2.039021871148826e-07  1.195240213318955e+00 
 2.039221871148826e-07  1.195240213318955e+00 
 2.039421871148826e-07  1.195240213318955e+00 
 2.039621871148826e-07  1.195240213318955e+00 
 2.039821871148826e-07  1.195240213318955e+00 
 2.040021871148826e-07  1.195240213318955e+00 
 2.040221871148826e-07  1.195240213318955e+00 
 2.040421871148826e-07  1.195240213318955e+00 
 2.040621871148826e-07  1.195240213318955e+00 
 2.040821871148826e-07  1.195240213318955e+00 
 2.041021871148826e-07  1.195240213318955e+00 
 2.041221871148826e-07  1.195240213318955e+00 
 2.041421871148826e-07  1.195240213318955e+00 
 2.041621871148826e-07  1.195240213318955e+00 
 2.041821871148826e-07  1.195240213318955e+00 
 2.042021871148826e-07  1.195240213318955e+00 
 2.042221871148826e-07  1.195240213318955e+00 
 2.042421871148825e-07  1.195240213318955e+00 
 2.042621871148825e-07  1.195240213318955e+00 
 2.042821871148825e-07  1.195240213318955e+00 
 2.043021871148825e-07  1.195240213318955e+00 
 2.043221871148825e-07  1.195240213318955e+00 
 2.043421871148825e-07  1.195240213318955e+00 
 2.043621871148825e-07  1.195240213318955e+00 
 2.043821871148825e-07  1.195240213318955e+00 
 2.044021871148825e-07  1.195240213318955e+00 
 2.044221871148825e-07  1.195240213318955e+00 
 2.044421871148825e-07  1.195240213318955e+00 
 2.044621871148825e-07  1.195240213318955e+00 
 2.044821871148825e-07  1.195240213318955e+00 
 2.045021871148825e-07  1.195240213318955e+00 
 2.045221871148825e-07  1.195240213318955e+00 
 2.045421871148825e-07  1.195240213318955e+00 
 2.045621871148825e-07  1.195240213318955e+00 
 2.045821871148825e-07  1.195240213318955e+00 
 2.046021871148825e-07  1.195240213318955e+00 
 2.046221871148825e-07  1.195240213318955e+00 
 2.046421871148825e-07  1.195240213318955e+00 
 2.046621871148825e-07  1.195240213318955e+00 
 2.046821871148825e-07  1.195240213318955e+00 
 2.047021871148825e-07  1.195240213318955e+00 
 2.047221871148825e-07  1.195240213318955e+00 
 2.047421871148825e-07  1.195240213318955e+00 
 2.047621871148825e-07  1.195240213318955e+00 
 2.047821871148824e-07  1.195240213318955e+00 
 2.048021871148824e-07  1.195240213318955e+00 
 2.048221871148824e-07  1.195240213318955e+00 
 2.048421871148824e-07  1.195240213318955e+00 
 2.048621871148824e-07  1.195240213318955e+00 
 2.048821871148824e-07  1.195240213318955e+00 
 2.049021871148824e-07  1.195240213318955e+00 
 2.049221871148824e-07  1.195240213318955e+00 
 2.049421871148824e-07  1.195240213318955e+00 
 2.049621871148824e-07  1.195240213318955e+00 
 2.049821871148824e-07  1.195240213318955e+00 
 2.050021871148824e-07  1.195240213318955e+00 
 2.050221871148824e-07  1.195240213318955e+00 
 2.050421871148824e-07  1.195240213318955e+00 
 2.050621871148824e-07  1.195240213318955e+00 
 2.050821871148824e-07  1.195240213318955e+00 
 2.051021871148824e-07  1.195240213318955e+00 
 2.051221871148824e-07  1.195240213318955e+00 
 2.051421871148824e-07  1.195240213318955e+00 
 2.051621871148824e-07  1.195240213318955e+00 
 2.051821871148824e-07  1.195240213318955e+00 
 2.052021871148824e-07  1.195240213318955e+00 
 2.052221871148824e-07  1.195240213318955e+00 
 2.052421871148824e-07  1.195240213318955e+00 
 2.052621871148824e-07  1.195240213318955e+00 
 2.052821871148824e-07  1.195240213318955e+00 
 2.053021871148823e-07  1.195240213318955e+00 
 2.053221871148823e-07  1.195240213318955e+00 
 2.053421871148823e-07  1.195240213318955e+00 
 2.053621871148823e-07  1.195240213318955e+00 
 2.053821871148823e-07  1.195240213318955e+00 
 2.054021871148823e-07  1.195240213318955e+00 
 2.054221871148823e-07  1.195240213318955e+00 
 2.054421871148823e-07  1.195240213318955e+00 
 2.054621871148823e-07  1.195240213318955e+00 
 2.054821871148823e-07  1.195240213318955e+00 
 2.055021871148823e-07  1.195240213318955e+00 
 2.055221871148823e-07  1.195240213318955e+00 
 2.055421871148823e-07  1.195240213318955e+00 
 2.055621871148823e-07  1.195240213318955e+00 
 2.055821871148823e-07  1.195240213318955e+00 
 2.056021871148823e-07  1.195240213318955e+00 
 2.056221871148823e-07  1.195240213318955e+00 
 2.056421871148823e-07  1.195240213318955e+00 
 2.056621871148823e-07  1.195240213318955e+00 
 2.056821871148823e-07  1.195240213318955e+00 
 2.057021871148823e-07  1.195240213318955e+00 
 2.057221871148823e-07  1.195240213318955e+00 
 2.057421871148823e-07  1.195240213318955e+00 
 2.057621871148823e-07  1.195240213318955e+00 
 2.057821871148823e-07  1.195240213318955e+00 
 2.058021871148823e-07  1.195240213318955e+00 
 2.058221871148822e-07  1.195240213318955e+00 
 2.058421871148822e-07  1.195240213318955e+00 
 2.058621871148822e-07  1.195240213318955e+00 
 2.058821871148822e-07  1.195240213318955e+00 
 2.059021871148822e-07  1.195240213318955e+00 
 2.059221871148822e-07  1.195240213318955e+00 
 2.059421871148822e-07  1.195240213318955e+00 
 2.059621871148822e-07  1.195240213318955e+00 
 2.059821871148822e-07  1.195240213318955e+00 
 2.060021871148822e-07  1.195240213318955e+00 
 2.060221871148822e-07  1.195240213318955e+00 
 2.060421871148822e-07  1.195240213318955e+00 
 2.060621871148822e-07  1.195240213318955e+00 
 2.060821871148822e-07  1.195240213318955e+00 
 2.061021871148822e-07  1.195240213318955e+00 
 2.061221871148822e-07  1.195240213318955e+00 
 2.061421871148822e-07  1.195240213318955e+00 
 2.061621871148822e-07  1.195240213318955e+00 
 2.061821871148822e-07  1.195240213318955e+00 
 2.062021871148822e-07  1.195240213318955e+00 
 2.062221871148822e-07  1.195240213318955e+00 
 2.062421871148822e-07  1.195240213318955e+00 
 2.062621871148822e-07  1.195240213318955e+00 
 2.062821871148822e-07  1.195240213318955e+00 
 2.063021871148822e-07  1.195240213318955e+00 
 2.063221871148822e-07  1.195240213318955e+00 
 2.063421871148822e-07  1.195240213318955e+00 
 2.063621871148821e-07  1.195240213318955e+00 
 2.063821871148821e-07  1.195240213318955e+00 
 2.064021871148821e-07  1.195240213318955e+00 
 2.064221871148821e-07  1.195240213318955e+00 
 2.064421871148821e-07  1.195240213318955e+00 
 2.064621871148821e-07  1.195240213318955e+00 
 2.064821871148821e-07  1.195240213318955e+00 
 2.065021871148821e-07  1.195240213318955e+00 
 2.065221871148821e-07  1.195240213318955e+00 
 2.065421871148821e-07  1.195240213318955e+00 
 2.065621871148821e-07  1.195240213318955e+00 
 2.065821871148821e-07  1.195240213318955e+00 
 2.066021871148821e-07  1.195240213318955e+00 
 2.066221871148821e-07  1.195240213318955e+00 
 2.066421871148821e-07  1.195240213318955e+00 
 2.066621871148821e-07  1.195240213318955e+00 
 2.066821871148821e-07  1.195240213318955e+00 
 2.067021871148821e-07  1.195240213318955e+00 
 2.067221871148821e-07  1.195240213318955e+00 
 2.067421871148821e-07  1.195240213318955e+00 
 2.067621871148821e-07  1.195240213318955e+00 
 2.067821871148821e-07  1.195240213318955e+00 
 2.068021871148821e-07  1.195240213318955e+00 
 2.068221871148821e-07  1.195240213318955e+00 
 2.068421871148821e-07  1.195240213318955e+00 
 2.068621871148821e-07  1.195240213318955e+00 
 2.068821871148820e-07  1.195240213318955e+00 
 2.069021871148820e-07  1.195240213318955e+00 
 2.069221871148820e-07  1.195240213318955e+00 
 2.069421871148820e-07  1.195240213318955e+00 
 2.069621871148820e-07  1.195240213318955e+00 
 2.069821871148820e-07  1.195240213318955e+00 
 2.070021871148820e-07  1.195240213318955e+00 
 2.070221871148820e-07  1.195240213318955e+00 
 2.070421871148820e-07  1.195240213318955e+00 
 2.070621871148820e-07  1.195240213318955e+00 
 2.070821871148820e-07  1.195240213318955e+00 
 2.071021871148820e-07  1.195240213318955e+00 
 2.071221871148820e-07  1.195240213318955e+00 
 2.071421871148820e-07  1.195240213318955e+00 
 2.071621871148820e-07  1.195240213318955e+00 
 2.071821871148820e-07  1.195240213318955e+00 
 2.072021871148820e-07  1.195240213318955e+00 
 2.072221871148820e-07  1.195240213318955e+00 
 2.072421871148820e-07  1.195240213318955e+00 
 2.072621871148820e-07  1.195240213318955e+00 
 2.072821871148820e-07  1.195240213318955e+00 
 2.073021871148820e-07  1.195240213318955e+00 
 2.073221871148820e-07  1.195240213318955e+00 
 2.073421871148820e-07  1.195240213318955e+00 
 2.073621871148820e-07  1.195240213318955e+00 
 2.073821871148820e-07  1.195240213318955e+00 
 2.074021871148820e-07  1.195240213318955e+00 
 2.074221871148819e-07  1.195240213318955e+00 
 2.074421871148819e-07  1.195240213318955e+00 
 2.074621871148819e-07  1.195240213318955e+00 
 2.074821871148819e-07  1.195240213318955e+00 
 2.075021871148819e-07  1.195240213318955e+00 
 2.075221871148819e-07  1.195240213318955e+00 
 2.075421871148819e-07  1.195240213318955e+00 
 2.075621871148819e-07  1.195240213318955e+00 
 2.075821871148819e-07  1.195240213318955e+00 
 2.076021871148819e-07  1.195240213318955e+00 
 2.076221871148819e-07  1.195240213318955e+00 
 2.076421871148819e-07  1.195240213318955e+00 
 2.076621871148819e-07  1.195240213318955e+00 
 2.076821871148819e-07  1.195240213318955e+00 
 2.077021871148819e-07  1.195240213318955e+00 
 2.077221871148819e-07  1.195240213318955e+00 
 2.077421871148819e-07  1.195240213318955e+00 
 2.077621871148819e-07  1.195240213318955e+00 
 2.077821871148819e-07  1.195240213318955e+00 
 2.078021871148819e-07  1.195240213318955e+00 
 2.078221871148819e-07  1.195240213318955e+00 
 2.078421871148819e-07  1.195240213318955e+00 
 2.078621871148819e-07  1.195240213318955e+00 
 2.078821871148819e-07  1.195240213318955e+00 
 2.079021871148819e-07  1.195240213318955e+00 
 2.079221871148819e-07  1.195240213318955e+00 
 2.079421871148818e-07  1.195240213318955e+00 
 2.079621871148818e-07  1.195240213318955e+00 
 2.079821871148818e-07  1.195240213318955e+00 
 2.080021871148818e-07  1.195240213318955e+00 
 2.080221871148818e-07  1.195240213318955e+00 
 2.080421871148818e-07  1.195240213318955e+00 
 2.080621871148818e-07  1.195240213318955e+00 
 2.080821871148818e-07  1.195240213318955e+00 
 2.081021871148818e-07  1.195240213318955e+00 
 2.081221871148818e-07  1.195240213318955e+00 
 2.081421871148818e-07  1.195240213318955e+00 
 2.081621871148818e-07  1.195240213318955e+00 
 2.081821871148818e-07  1.195240213318955e+00 
 2.082021871148818e-07  1.195240213318955e+00 
 2.082221871148818e-07  1.195240213318955e+00 
 2.082421871148818e-07  1.195240213318955e+00 
 2.082621871148818e-07  1.195240213318955e+00 
 2.082821871148818e-07  1.195240213318955e+00 
 2.083021871148818e-07  1.195240213318955e+00 
 2.083221871148818e-07  1.195240213318955e+00 
 2.083421871148818e-07  1.195240213318955e+00 
 2.083621871148818e-07  1.195240213318955e+00 
 2.083821871148818e-07  1.195240213318955e+00 
 2.084021871148818e-07  1.195240213318955e+00 
 2.084221871148818e-07  1.195240213318955e+00 
 2.084421871148818e-07  1.195240213318955e+00 
 2.084621871148817e-07  1.195240213318955e+00 
 2.084821871148817e-07  1.195240213318955e+00 
 2.085021871148817e-07  1.195240213318955e+00 
 2.085221871148817e-07  1.195240213318955e+00 
 2.085421871148817e-07  1.195240213318955e+00 
 2.085621871148817e-07  1.195240213318955e+00 
 2.085821871148817e-07  1.195240213318955e+00 
 2.086021871148817e-07  1.195240213318955e+00 
 2.086221871148817e-07  1.195240213318955e+00 
 2.086421871148817e-07  1.195240213318955e+00 
 2.086621871148817e-07  1.195240213318955e+00 
 2.086821871148817e-07  1.195240213318955e+00 
 2.087021871148817e-07  1.195240213318955e+00 
 2.087221871148817e-07  1.195240213318955e+00 
 2.087421871148817e-07  1.195240213318955e+00 
 2.087621871148817e-07  1.195240213318955e+00 
 2.087821871148817e-07  1.195240213318955e+00 
 2.088021871148817e-07  1.195240213318955e+00 
 2.088221871148817e-07  1.195240213318955e+00 
 2.088421871148817e-07  1.195240213318955e+00 
 2.088621871148817e-07  1.195240213318955e+00 
 2.088821871148817e-07  1.195240213318955e+00 
 2.089021871148817e-07  1.195240213318955e+00 
 2.089221871148817e-07  1.195240213318955e+00 
 2.089421871148817e-07  1.195240213318955e+00 
 2.089621871148817e-07  1.195240213318955e+00 
 2.089821871148817e-07  1.195240213318955e+00 
 2.090021871148816e-07  1.195240213318955e+00 
 2.090221871148816e-07  1.195240213318955e+00 
 2.090421871148816e-07  1.195240213318955e+00 
 2.090621871148816e-07  1.195240213318955e+00 
 2.090821871148816e-07  1.195240213318955e+00 
 2.091021871148816e-07  1.195240213318955e+00 
 2.091221871148816e-07  1.195240213318955e+00 
 2.091421871148816e-07  1.195240213318955e+00 
 2.091621871148816e-07  1.195240213318955e+00 
 2.091821871148816e-07  1.195240213318955e+00 
 2.092021871148816e-07  1.195240213318955e+00 
 2.092221871148816e-07  1.195240213318955e+00 
 2.092421871148816e-07  1.195240213318955e+00 
 2.092621871148816e-07  1.195240213318955e+00 
 2.092821871148816e-07  1.195240213318955e+00 
 2.093021871148816e-07  1.195240213318955e+00 
 2.093221871148816e-07  1.195240213318955e+00 
 2.093421871148816e-07  1.195240213318955e+00 
 2.093621871148816e-07  1.195240213318955e+00 
 2.093821871148816e-07  1.195240213318955e+00 
 2.094021871148816e-07  1.195240213318955e+00 
 2.094221871148816e-07  1.195240213318955e+00 
 2.094421871148816e-07  1.195240213318955e+00 
 2.094621871148816e-07  1.195240213318955e+00 
 2.094821871148816e-07  1.195240213318955e+00 
 2.095021871148816e-07  1.195240213318955e+00 
 2.095221871148815e-07  1.195240213318955e+00 
 2.095421871148815e-07  1.195240213318955e+00 
 2.095621871148815e-07  1.195240213318955e+00 
 2.095821871148815e-07  1.195240213318955e+00 
 2.096021871148815e-07  1.195240213318955e+00 
 2.096221871148815e-07  1.195240213318955e+00 
 2.096421871148815e-07  1.195240213318955e+00 
 2.096621871148815e-07  1.195240213318955e+00 
 2.096821871148815e-07  1.195240213318955e+00 
 2.097021871148815e-07  1.195240213318955e+00 
 2.097221871148815e-07  1.195240213318955e+00 
 2.097421871148815e-07  1.195240213318955e+00 
 2.097621871148815e-07  1.195240213318955e+00 
 2.097821871148815e-07  1.195240213318955e+00 
 2.098021871148815e-07  1.195240213318955e+00 
 2.098221871148815e-07  1.195240213318955e+00 
 2.098421871148815e-07  1.195240213318955e+00 
 2.098621871148815e-07  1.195240213318955e+00 
 2.098821871148815e-07  1.195240213318955e+00 
 2.099021871148815e-07  1.195240213318955e+00 
 2.099221871148815e-07  1.195240213318955e+00 
 2.099421871148815e-07  1.195240213318955e+00 
 2.099621871148815e-07  1.195240213318955e+00 
 2.099821871148815e-07  1.195240213318955e+00 
 2.100021871148815e-07  1.195240213318955e+00 
 2.100221871148815e-07  1.195240213318955e+00 
 2.100421871148814e-07  1.195240213318955e+00 
 2.100621871148814e-07  1.195240213318955e+00 
 2.100821871148814e-07  1.195240213318955e+00 
 2.101021871148814e-07  1.195240213318955e+00 
 2.101221871148814e-07  1.195240213318955e+00 
 2.101421871148814e-07  1.195240213318955e+00 
 2.101621871148814e-07  1.195240213318955e+00 
 2.101821871148814e-07  1.195240213318955e+00 
 2.102021871148814e-07  1.195240213318955e+00 
 2.102221871148814e-07  1.195240213318955e+00 
 2.102421871148814e-07  1.195240213318955e+00 
 2.102621871148814e-07  1.195240213318955e+00 
 2.102821871148814e-07  1.195240213318955e+00 
 2.103021871148814e-07  1.195240213318956e+00 
 2.103221871148814e-07  1.195240213318956e+00 
 2.103421871148814e-07  1.195240213318956e+00 
 2.103621871148814e-07  1.195240213318956e+00 
 2.103821871148814e-07  1.195240213318956e+00 
 2.104021871148814e-07  1.195240213318956e+00 
 2.104221871148814e-07  1.195240213318956e+00 
 2.104421871148814e-07  1.195240213318956e+00 
 2.104621871148814e-07  1.195240213318956e+00 
 2.104821871148814e-07  1.195240213318956e+00 
 2.105021871148814e-07  1.195240213318956e+00 
 2.105221871148814e-07  1.195240213318956e+00 
 2.105421871148814e-07  1.195240213318956e+00 
 2.105621871148814e-07  1.195240213318956e+00 
 2.105821871148813e-07  1.195240213318956e+00 
 2.106021871148813e-07  1.195240213318956e+00 
 2.106221871148813e-07  1.195240213318956e+00 
 2.106421871148813e-07  1.195240213318956e+00 
 2.106621871148813e-07  1.195240213318956e+00 
 2.106821871148813e-07  1.195240213318956e+00 
 2.107021871148813e-07  1.195240213318956e+00 
 2.107221871148813e-07  1.195240213318956e+00 
 2.107421871148813e-07  1.195240213318956e+00 
 2.107621871148813e-07  1.195240213318956e+00 
 2.107821871148813e-07  1.195240213318956e+00 
 2.108021871148813e-07  1.195240213318956e+00 
 2.108221871148813e-07  1.195240213318956e+00 
 2.108421871148813e-07  1.195240213318956e+00 
 2.108621871148813e-07  1.195240213318956e+00 
 2.108821871148813e-07  1.195240213318956e+00 
 2.109021871148813e-07  1.195240213318956e+00 
 2.109221871148813e-07  1.195240213318956e+00 
 2.109421871148813e-07  1.195240213318956e+00 
 2.109621871148813e-07  1.195240213318956e+00 
 2.109821871148813e-07  1.195240213318956e+00 
 2.110021871148813e-07  1.195240213318956e+00 
 2.110221871148813e-07  1.195240213318956e+00 
 2.110421871148813e-07  1.195240213318956e+00 
 2.110621871148813e-07  1.195240213318956e+00 
 2.110821871148813e-07  1.195240213318956e+00 
 2.111021871148812e-07  1.195240213318956e+00 
 2.111221871148812e-07  1.195240213318956e+00 
 2.111421871148812e-07  1.195240213318956e+00 
 2.111621871148812e-07  1.195240213318956e+00 
 2.111821871148812e-07  1.195240213318956e+00 
 2.112021871148812e-07  1.195240213318956e+00 
 2.112221871148812e-07  1.195240213318956e+00 
 2.112421871148812e-07  1.195240213318956e+00 
 2.112621871148812e-07  1.195240213318956e+00 
 2.112821871148812e-07  1.195240213318956e+00 
 2.113021871148812e-07  1.195240213318956e+00 
 2.113221871148812e-07  1.195240213318956e+00 
 2.113421871148812e-07  1.195240213318956e+00 
 2.113621871148812e-07  1.195240213318956e+00 
 2.113821871148812e-07  1.195240213318956e+00 
 2.114021871148812e-07  1.195240213318956e+00 
 2.114221871148812e-07  1.195240213318956e+00 
 2.114421871148812e-07  1.195240213318956e+00 
 2.114621871148812e-07  1.195240213318956e+00 
 2.114821871148812e-07  1.195240213318956e+00 
 2.115021871148812e-07  1.195240213318956e+00 
 2.115221871148812e-07  1.195240213318956e+00 
 2.115421871148812e-07  1.195240213318956e+00 
 2.115621871148812e-07  1.195240213318956e+00 
 2.115821871148812e-07  1.195240213318956e+00 
 2.116021871148812e-07  1.195240213318956e+00 
 2.116221871148812e-07  1.195240213318956e+00 
 2.116421871148811e-07  1.195240213318956e+00 
 2.116621871148811e-07  1.195240213318956e+00 
 2.116821871148811e-07  1.195240213318956e+00 
 2.117021871148811e-07  1.195240213318956e+00 
 2.117221871148811e-07  1.195240213318956e+00 
 2.117421871148811e-07  1.195240213318956e+00 
 2.117621871148811e-07  1.195240213318956e+00 
 2.117821871148811e-07  1.195240213318956e+00 
 2.118021871148811e-07  1.195240213318956e+00 
 2.118221871148811e-07  1.195240213318956e+00 
 2.118421871148811e-07  1.195240213318956e+00 
 2.118621871148811e-07  1.195240213318956e+00 
 2.118821871148811e-07  1.195240213318956e+00 
 2.119021871148811e-07  1.195240213318956e+00 
 2.119221871148811e-07  1.195240213318956e+00 
 2.119421871148811e-07  1.195240213318956e+00 
 2.119621871148811e-07  1.195240213318956e+00 
 2.119821871148811e-07  1.195240213318956e+00 
 2.120021871148811e-07  1.195240213318956e+00 
 2.120221871148811e-07  1.195240213318956e+00 
 2.120421871148811e-07  1.195240213318956e+00 
 2.120621871148811e-07  1.195240213318956e+00 
 2.120821871148811e-07  1.195240213318956e+00 
 2.121021871148811e-07  1.195240213318956e+00 
 2.121221871148811e-07  1.195240213318956e+00 
 2.121421871148811e-07  1.195240213318956e+00 
 2.121621871148810e-07  1.195240213318956e+00 
 2.121821871148810e-07  1.195240213318956e+00 
 2.122021871148810e-07  1.195240213318956e+00 
 2.122221871148810e-07  1.195240213318956e+00 
 2.122421871148810e-07  1.195240213318956e+00 
 2.122621871148810e-07  1.195240213318956e+00 
 2.122821871148810e-07  1.195240213318956e+00 
 2.123021871148810e-07  1.195240213318956e+00 
 2.123221871148810e-07  1.195240213318956e+00 
 2.123421871148810e-07  1.195240213318956e+00 
 2.123621871148810e-07  1.195240213318956e+00 
 2.123821871148810e-07  1.195240213318956e+00 
 2.124021871148810e-07  1.195240213318956e+00 
 2.124221871148810e-07  1.195240213318956e+00 
 2.124421871148810e-07  1.195240213318956e+00 
 2.124621871148810e-07  1.195240213318956e+00 
 2.124821871148810e-07  1.195240213318956e+00 
 2.125021871148810e-07  1.195240213318956e+00 
 2.125221871148810e-07  1.195240213318956e+00 
 2.125421871148810e-07  1.195240213318956e+00 
 2.125621871148810e-07  1.195240213318956e+00 
 2.125821871148810e-07  1.195240213318956e+00 
 2.126021871148810e-07  1.195240213318956e+00 
 2.126221871148810e-07  1.195240213318956e+00 
 2.126421871148810e-07  1.195240213318956e+00 
 2.126621871148810e-07  1.195240213318956e+00 
 2.126821871148809e-07  1.195240213318956e+00 
 2.127021871148809e-07  1.195240213318956e+00 
 2.127221871148809e-07  1.195240213318956e+00 
 2.127421871148809e-07  1.195240213318956e+00 
 2.127621871148809e-07  1.195240213318956e+00 
 2.127821871148809e-07  1.195240213318956e+00 
 2.128021871148809e-07  1.195240213318956e+00 
 2.128221871148809e-07  1.195240213318956e+00 
 2.128421871148809e-07  1.195240213318956e+00 
 2.128621871148809e-07  1.195240213318956e+00 
 2.128821871148809e-07  1.195240213318956e+00 
 2.129021871148809e-07  1.195240213318956e+00 
 2.129221871148809e-07  1.195240213318956e+00 
 2.129421871148809e-07  1.195240213318956e+00 
 2.129621871148809e-07  1.195240213318956e+00 
 2.129821871148809e-07  1.195240213318956e+00 
 2.130021871148809e-07  1.195240213318956e+00 
 2.130221871148809e-07  1.195240213318956e+00 
 2.130421871148809e-07  1.195240213318956e+00 
 2.130621871148809e-07  1.195240213318956e+00 
 2.130821871148809e-07  1.195240213318956e+00 
 2.131021871148809e-07  1.195240213318956e+00 
 2.131221871148809e-07  1.195240213318956e+00 
 2.131421871148809e-07  1.195240213318956e+00 
 2.131621871148809e-07  1.195240213318956e+00 
 2.131821871148809e-07  1.195240213318956e+00 
 2.132021871148809e-07  1.195240213318956e+00 
 2.132221871148808e-07  1.195240213318956e+00 
 2.132421871148808e-07  1.195240213318956e+00 
 2.132621871148808e-07  1.195240213318956e+00 
 2.132821871148808e-07  1.195240213318956e+00 
 2.133021871148808e-07  1.195240213318956e+00 
 2.133221871148808e-07  1.195240213318956e+00 
 2.133421871148808e-07  1.195240213318956e+00 
 2.133621871148808e-07  1.195240213318956e+00 
 2.133821871148808e-07  1.195240213318956e+00 
 2.134021871148808e-07  1.195240213318956e+00 
 2.134221871148808e-07  1.195240213318956e+00 
 2.134421871148808e-07  1.195240213318956e+00 
 2.134621871148808e-07  1.195240213318956e+00 
 2.134821871148808e-07  1.195240213318956e+00 
 2.135021871148808e-07  1.195240213318956e+00 
 2.135221871148808e-07  1.195240213318956e+00 
 2.135421871148808e-07  1.195240213318956e+00 
 2.135621871148808e-07  1.195240213318956e+00 
 2.135821871148808e-07  1.195240213318956e+00 
 2.136021871148808e-07  1.195240213318956e+00 
 2.136221871148808e-07  1.195240213318956e+00 
 2.136421871148808e-07  1.195240213318956e+00 
 2.136621871148808e-07  1.195240213318956e+00 
 2.136821871148808e-07  1.195240213318956e+00 
 2.137021871148808e-07  1.195240213318956e+00 
 2.137221871148808e-07  1.195240213318956e+00 
 2.137421871148807e-07  1.195240213318956e+00 
 2.137621871148807e-07  1.195240213318956e+00 
 2.137821871148807e-07  1.195240213318956e+00 
 2.138021871148807e-07  1.195240213318956e+00 
 2.138221871148807e-07  1.195240213318956e+00 
 2.138421871148807e-07  1.195240213318956e+00 
 2.138621871148807e-07  1.195240213318956e+00 
 2.138821871148807e-07  1.195240213318956e+00 
 2.139021871148807e-07  1.195240213318956e+00 
 2.139221871148807e-07  1.195240213318956e+00 
 2.139421871148807e-07  1.195240213318956e+00 
 2.139621871148807e-07  1.195240213318956e+00 
 2.139821871148807e-07  1.195240213318956e+00 
 2.140021871148807e-07  1.195240213318956e+00 
 2.140221871148807e-07  1.195240213318956e+00 
 2.140421871148807e-07  1.195240213318956e+00 
 2.140621871148807e-07  1.195240213318956e+00 
 2.140821871148807e-07  1.195240213318956e+00 
 2.141021871148807e-07  1.195240213318956e+00 
 2.141221871148807e-07  1.195240213318956e+00 
 2.141421871148807e-07  1.195240213318956e+00 
 2.141621871148807e-07  1.195240213318956e+00 
 2.141821871148807e-07  1.195240213318956e+00 
 2.142021871148807e-07  1.195240213318956e+00 
 2.142221871148807e-07  1.195240213318956e+00 
 2.142421871148807e-07  1.195240213318956e+00 
 2.142621871148806e-07  1.195240213318956e+00 
 2.142821871148806e-07  1.195240213318956e+00 
 2.143021871148806e-07  1.195240213318956e+00 
 2.143221871148806e-07  1.195240213318956e+00 
 2.143421871148806e-07  1.195240213318956e+00 
 2.143621871148806e-07  1.195240213318956e+00 
 2.143821871148806e-07  1.195240213318956e+00 
 2.144021871148806e-07  1.195240213318956e+00 
 2.144221871148806e-07  1.195240213318956e+00 
 2.144421871148806e-07  1.195240213318956e+00 
 2.144621871148806e-07  1.195240213318956e+00 
 2.144821871148806e-07  1.195240213318956e+00 
 2.145021871148806e-07  1.195240213318956e+00 
 2.145221871148806e-07  1.195240213318956e+00 
 2.145421871148806e-07  1.195240213318956e+00 
 2.145621871148806e-07  1.195240213318956e+00 
 2.145821871148806e-07  1.195240213318956e+00 
 2.146021871148806e-07  1.195240213318956e+00 
 2.146221871148806e-07  1.195240213318956e+00 
 2.146421871148806e-07  1.195240213318956e+00 
 2.146621871148806e-07  1.195240213318956e+00 
 2.146821871148806e-07  1.195240213318956e+00 
 2.147021871148806e-07  1.195240213318956e+00 
 2.147221871148806e-07  1.195240213318956e+00 
 2.147421871148806e-07  1.195240213318956e+00 
 2.147621871148806e-07  1.195240213318956e+00 
 2.147821871148806e-07  1.195240213318956e+00 
 2.148021871148805e-07  1.195240213318956e+00 
 2.148221871148805e-07  1.195240213318956e+00 
 2.148421871148805e-07  1.195240213318956e+00 
 2.148621871148805e-07  1.195240213318956e+00 
 2.148821871148805e-07  1.195240213318956e+00 
 2.149021871148805e-07  1.195240213318956e+00 
 2.149221871148805e-07  1.195240213318956e+00 
 2.149421871148805e-07  1.195240213318956e+00 
 2.149621871148805e-07  1.195240213318956e+00 
 2.149821871148805e-07  1.195240213318956e+00 
 2.150021871148805e-07  1.195240213318956e+00 
 2.150221871148805e-07  1.195240213318956e+00 
 2.150421871148805e-07  1.195240213318956e+00 
 2.150621871148805e-07  1.195240213318956e+00 
 2.150821871148805e-07  1.195240213318956e+00 
 2.151021871148805e-07  1.195240213318956e+00 
 2.151221871148805e-07  1.195240213318956e+00 
 2.151421871148805e-07  1.195240213318956e+00 
 2.151621871148805e-07  1.195240213318956e+00 
 2.151821871148805e-07  1.195240213318956e+00 
 2.152021871148805e-07  1.195240213318956e+00 
 2.152221871148805e-07  1.195240213318956e+00 
 2.152421871148805e-07  1.195240213318956e+00 
 2.152621871148805e-07  1.195240213318956e+00 
 2.152821871148805e-07  1.195240213318956e+00 
 2.153021871148805e-07  1.195240213318956e+00 
 2.153221871148804e-07  1.195240213318956e+00 
 2.153421871148804e-07  1.195240213318956e+00 
 2.153621871148804e-07  1.195240213318956e+00 
 2.153821871148804e-07  1.195240213318956e+00 
 2.154021871148804e-07  1.195240213318956e+00 
 2.154221871148804e-07  1.195240213318956e+00 
 2.154421871148804e-07  1.195240213318956e+00 
 2.154621871148804e-07  1.195240213318956e+00 
 2.154821871148804e-07  1.195240213318956e+00 
 2.155021871148804e-07  1.195240213318956e+00 
 2.155221871148804e-07  1.195240213318956e+00 
 2.155421871148804e-07  1.195240213318956e+00 
 2.155621871148804e-07  1.195240213318956e+00 
 2.155821871148804e-07  1.195240213318956e+00 
 2.156021871148804e-07  1.195240213318956e+00 
 2.156221871148804e-07  1.195240213318956e+00 
 2.156421871148804e-07  1.195240213318956e+00 
 2.156621871148804e-07  1.195240213318956e+00 
 2.156821871148804e-07  1.195240213318956e+00 
 2.157021871148804e-07  1.195240213318956e+00 
 2.157221871148804e-07  1.195240213318956e+00 
 2.157421871148804e-07  1.195240213318956e+00 
 2.157621871148804e-07  1.195240213318956e+00 
 2.157821871148804e-07  1.195240213318956e+00 
 2.158021871148804e-07  1.195240213318956e+00 
 2.158221871148804e-07  1.195240213318956e+00 
 2.158421871148804e-07  1.195240213318956e+00 
 2.158621871148803e-07  1.195240213318956e+00 
 2.158821871148803e-07  1.195240213318956e+00 
 2.159021871148803e-07  1.195240213318956e+00 
 2.159221871148803e-07  1.195240213318956e+00 
 2.159421871148803e-07  1.195240213318956e+00 
 2.159621871148803e-07  1.195240213318956e+00 
 2.159821871148803e-07  1.195240213318956e+00 
 2.160021871148803e-07  1.195240213318956e+00 
 2.160221871148803e-07  1.195240213318956e+00 
 2.160421871148803e-07  1.195240213318956e+00 
 2.160621871148803e-07  1.195240213318956e+00 
 2.160821871148803e-07  1.195240213318956e+00 
 2.161021871148803e-07  1.195240213318956e+00 
 2.161221871148803e-07  1.195240213318956e+00 
 2.161421871148803e-07  1.195240213318956e+00 
 2.161621871148803e-07  1.195240213318956e+00 
 2.161821871148803e-07  1.195240213318956e+00 
 2.162021871148803e-07  1.195240213318956e+00 
 2.162221871148803e-07  1.195240213318956e+00 
 2.162421871148803e-07  1.195240213318956e+00 
 2.162621871148803e-07  1.195240213318956e+00 
 2.162821871148803e-07  1.195240213318956e+00 
 2.163021871148803e-07  1.195240213318956e+00 
 2.163221871148803e-07  1.195240213318956e+00 
 2.163421871148803e-07  1.195240213318956e+00 
 2.163621871148803e-07  1.195240213318956e+00 
 2.163821871148802e-07  1.195240213318956e+00 
 2.164021871148802e-07  1.195240213318956e+00 
 2.164221871148802e-07  1.195240213318956e+00 
 2.164421871148802e-07  1.195240213318956e+00 
 2.164621871148802e-07  1.195240213318956e+00 
 2.164821871148802e-07  1.195240213318956e+00 
 2.165021871148802e-07  1.195240213318956e+00 
 2.165221871148802e-07  1.195240213318956e+00 
 2.165421871148802e-07  1.195240213318956e+00 
 2.165621871148802e-07  1.195240213318956e+00 
 2.165821871148802e-07  1.195240213318956e+00 
 2.166021871148802e-07  1.195240213318956e+00 
 2.166221871148802e-07  1.195240213318956e+00 
 2.166421871148802e-07  1.195240213318956e+00 
 2.166621871148802e-07  1.195240213318956e+00 
 2.166821871148802e-07  1.195240213318956e+00 
 2.167021871148802e-07  1.195240213318956e+00 
 2.167221871148802e-07  1.195240213318956e+00 
 2.167421871148802e-07  1.195240213318956e+00 
 2.167621871148802e-07  1.195240213318956e+00 
 2.167821871148802e-07  1.195240213318956e+00 
 2.168021871148802e-07  1.195240213318956e+00 
 2.168221871148802e-07  1.195240213318956e+00 
 2.168421871148802e-07  1.195240213318956e+00 
 2.168621871148802e-07  1.195240213318956e+00 
 2.168821871148802e-07  1.195240213318956e+00 
 2.169021871148801e-07  1.195240213318956e+00 
 2.169221871148801e-07  1.195240213318956e+00 
 2.169421871148801e-07  1.195240213318956e+00 
 2.169621871148801e-07  1.195240213318956e+00 
 2.169821871148801e-07  1.195240213318956e+00 
 2.170021871148801e-07  1.195240213318956e+00 
 2.170221871148801e-07  1.195240213318956e+00 
 2.170421871148801e-07  1.195240213318956e+00 
 2.170621871148801e-07  1.195240213318956e+00 
 2.170821871148801e-07  1.195240213318956e+00 
 2.171021871148801e-07  1.195240213318956e+00 
 2.171221871148801e-07  1.195240213318956e+00 
 2.171421871148801e-07  1.195240213318956e+00 
 2.171621871148801e-07  1.195240213318956e+00 
 2.171821871148801e-07  1.195240213318956e+00 
 2.172021871148801e-07  1.195240213318956e+00 
 2.172221871148801e-07  1.195240213318956e+00 
 2.172421871148801e-07  1.195240213318956e+00 
 2.172621871148801e-07  1.195240213318956e+00 
 2.172821871148801e-07  1.195240213318956e+00 
 2.173021871148801e-07  1.195240213318956e+00 
 2.173221871148801e-07  1.195240213318956e+00 
 2.173421871148801e-07  1.195240213318956e+00 
 2.173621871148801e-07  1.195240213318956e+00 
 2.173821871148801e-07  1.195240213318955e+00 
 2.174021871148801e-07  1.195240213318955e+00 
 2.174221871148801e-07  1.195240213318955e+00 
 2.174421871148800e-07  1.195240213318955e+00 
 2.174621871148800e-07  1.195240213318955e+00 
 2.174821871148800e-07  1.195240213318955e+00 
 2.175021871148800e-07  1.195240213318955e+00 
 2.175221871148800e-07  1.195240213318955e+00 
 2.175421871148800e-07  1.195240213318956e+00 
 2.175621871148800e-07  1.195240213318956e+00 
 2.175821871148800e-07  1.195240213318956e+00 
 2.176021871148800e-07  1.195240213318956e+00 
 2.176221871148800e-07  1.195240213318955e+00 
 2.176421871148800e-07  1.195240213318955e+00 
 2.176621871148800e-07  1.195240213318955e+00 
 2.176821871148800e-07  1.195240213318955e+00 
 2.177021871148800e-07  1.195240213318955e+00 
 2.177221871148800e-07  1.195240213318955e+00 
 2.177421871148800e-07  1.195240213318955e+00 
 2.177621871148800e-07  1.195240213318955e+00 
 2.177821871148800e-07  1.195240213318955e+00 
 2.178021871148800e-07  1.195240213318955e+00 
 2.178221871148800e-07  1.195240213318955e+00 
 2.178421871148800e-07  1.195240213318955e+00 
 2.178621871148800e-07  1.195240213318955e+00 
 2.178821871148800e-07  1.195240213318955e+00 
 2.179021871148800e-07  1.195240213318955e+00 
 2.179221871148800e-07  1.195240213318955e+00 
 2.179421871148800e-07  1.195240213318955e+00 
 2.179621871148799e-07  1.195240213318955e+00 
 2.179821871148799e-07  1.195240213318955e+00 
 2.180021871148799e-07  1.195240213318955e+00 
 2.180221871148799e-07  1.195240213318955e+00 
 2.180421871148799e-07  1.195240213318955e+00 
 2.180621871148799e-07  1.195240213318955e+00 
 2.180821871148799e-07  1.195240213318955e+00 
 2.181021871148799e-07  1.195240213318955e+00 
 2.181221871148799e-07  1.195240213318955e+00 
 2.181421871148799e-07  1.195240213318955e+00 
 2.181621871148799e-07  1.195240213318955e+00 
 2.181821871148799e-07  1.195240213318955e+00 
 2.182021871148799e-07  1.195240213318955e+00 
 2.182221871148799e-07  1.195240213318955e+00 
 2.182421871148799e-07  1.195240213318955e+00 
 2.182621871148799e-07  1.195240213318955e+00 
 2.182821871148799e-07  1.195240213318955e+00 
 2.183021871148799e-07  1.195240213318955e+00 
 2.183221871148799e-07  1.195240213318955e+00 
 2.183421871148799e-07  1.195240213318955e+00 
 2.183621871148799e-07  1.195240213318955e+00 
 2.183821871148799e-07  1.195240213318955e+00 
 2.184021871148799e-07  1.195240213318955e+00 
 2.184221871148799e-07  1.195240213318955e+00 
 2.184421871148799e-07  1.195240213318955e+00 
 2.184621871148799e-07  1.195240213318955e+00 
 2.184821871148798e-07  1.195240213318955e+00 
 2.185021871148798e-07  1.195240213318955e+00 
 2.185221871148798e-07  1.195240213318955e+00 
 2.185421871148798e-07  1.195240213318955e+00 
 2.185621871148798e-07  1.195240213318955e+00 
 2.185821871148798e-07  1.195240213318955e+00 
 2.186021871148798e-07  1.195240213318955e+00 
 2.186221871148798e-07  1.195240213318955e+00 
 2.186421871148798e-07  1.195240213318955e+00 
 2.186621871148798e-07  1.195240213318955e+00 
 2.186821871148798e-07  1.195240213318955e+00 
 2.187021871148798e-07  1.195240213318955e+00 
 2.187221871148798e-07  1.195240213318955e+00 
 2.187421871148798e-07  1.195240213318955e+00 
 2.187621871148798e-07  1.195240213318955e+00 
 2.187821871148798e-07  1.195240213318955e+00 
 2.188021871148798e-07  1.195240213318955e+00 
 2.188221871148798e-07  1.195240213318955e+00 
 2.188421871148798e-07  1.195240213318955e+00 
 2.188621871148798e-07  1.195240213318955e+00 
 2.188821871148798e-07  1.195240213318955e+00 
 2.189021871148798e-07  1.195240213318955e+00 
 2.189221871148798e-07  1.195240213318955e+00 
 2.189421871148798e-07  1.195240213318955e+00 
 2.189621871148798e-07  1.195240213318955e+00 
 2.189821871148798e-07  1.195240213318955e+00 
 2.190021871148798e-07  1.195240213318955e+00 
 2.190221871148797e-07  1.195240213318955e+00 
 2.190421871148797e-07  1.195240213318955e+00 
 2.190621871148797e-07  1.195240213318955e+00 
 2.190821871148797e-07  1.195240213318955e+00 
 2.191021871148797e-07  1.195240213318955e+00 
 2.191221871148797e-07  1.195240213318955e+00 
 2.191421871148797e-07  1.195240213318955e+00 
 2.191621871148797e-07  1.195240213318955e+00 
 2.191821871148797e-07  1.195240213318955e+00 
 2.192021871148797e-07  1.195240213318955e+00 
 2.192221871148797e-07  1.195240213318955e+00 
 2.192421871148797e-07  1.195240213318955e+00 
 2.192621871148797e-07  1.195240213318955e+00 
 2.192821871148797e-07  1.195240213318955e+00 
 2.193021871148797e-07  1.195240213318955e+00 
 2.193221871148797e-07  1.195240213318955e+00 
 2.193421871148797e-07  1.195240213318955e+00 
 2.193621871148797e-07  1.195240213318955e+00 
 2.193821871148797e-07  1.195240213318955e+00 
 2.194021871148797e-07  1.195240213318955e+00 
 2.194221871148797e-07  1.195240213318955e+00 
 2.194421871148797e-07  1.195240213318955e+00 
 2.194621871148797e-07  1.195240213318955e+00 
 2.194821871148797e-07  1.195240213318955e+00 
 2.195021871148797e-07  1.195240213318955e+00 
 2.195221871148797e-07  1.195240213318955e+00 
 2.195421871148796e-07  1.195240213318955e+00 
 2.195621871148796e-07  1.195240213318955e+00 
 2.195821871148796e-07  1.195240213318955e+00 
 2.196021871148796e-07  1.195240213318955e+00 
 2.196221871148796e-07  1.195240213318955e+00 
 2.196421871148796e-07  1.195240213318955e+00 
 2.196621871148796e-07  1.195240213318955e+00 
 2.196821871148796e-07  1.195240213318955e+00 
 2.197021871148796e-07  1.195240213318955e+00 
 2.197221871148796e-07  1.195240213318955e+00 
 2.197421871148796e-07  1.195240213318955e+00 
 2.197621871148796e-07  1.195240213318955e+00 
 2.197821871148796e-07  1.195240213318955e+00 
 2.198021871148796e-07  1.195240213318955e+00 
 2.198221871148796e-07  1.195240213318955e+00 
 2.198421871148796e-07  1.195240213318955e+00 
 2.198621871148796e-07  1.195240213318955e+00 
 2.198821871148796e-07  1.195240213318955e+00 
 2.199021871148796e-07  1.195240213318955e+00 
 2.199221871148796e-07  1.195240213318955e+00 
 2.199421871148796e-07  1.195240213318955e+00 
 2.199621871148796e-07  1.195240213318955e+00 
 2.199821871148796e-07  1.195240213318955e+00 
 2.200000000000000e-07  1.195240213318956e+00 
