 time                   v(n0)                 
 0.000000000000000e+00  1.195240213320731e+00 
 2.000000000000000e-13  1.195240213320731e+00 
 4.000000000000000e-13  1.195240213320731e+00 
 8.000000000000000e-13  1.195240213320731e+00 
 1.600000000000000e-12  1.195240213320731e+00 
 3.200000000000000e-12  1.195240213320730e+00 
 6.400000000000000e-12  1.195240213320729e+00 
 1.280000000000000e-11  1.195240213320729e+00 
 2.560000000000000e-11  1.195240213320729e+00 
 4.560000000000000e-11  1.195240213320729e+00 
 6.560000000000000e-11  1.195240213320729e+00 
 8.559999999999999e-11  1.195240213320729e+00 
 1.056000000000000e-10  1.195240213320729e+00 
 1.256000000000000e-10  1.195240213320729e+00 
 1.456000000000000e-10  1.195240213320729e+00 
 1.656000000000000e-10  1.195240213320729e+00 
 1.856000000000000e-10  1.195240213320729e+00 
 2.056000000000000e-10  1.195240213320729e+00 
 2.256000000000000e-10  1.195240213320729e+00 
 2.456000000000000e-10  1.195240213320729e+00 
 2.656000000000000e-10  1.195240213320729e+00 
 2.856000000000000e-10  1.195240213320729e+00 
 3.056000000000000e-10  1.195240213320729e+00 
 3.255999999999999e-10  1.195240213320729e+00 
 3.455999999999999e-10  1.195240213320729e+00 
 3.655999999999999e-10  1.195240213320729e+00 
 3.855999999999999e-10  1.195240213320729e+00 
 4.055999999999999e-10  1.195240213320729e+00 
 4.255999999999999e-10  1.195240213320729e+00 
 4.455999999999998e-10  1.195240213320729e+00 
 4.655999999999998e-10  1.195240213320729e+00 
 4.855999999999999e-10  1.195240213320729e+00 
 5.055999999999999e-10  1.195240213320729e+00 
 5.255999999999999e-10  1.195240213320729e+00 
 5.456000000000000e-10  1.195240213320729e+00 
 5.656000000000000e-10  1.195240213320729e+00 
 5.856000000000000e-10  1.195240213320729e+00 
 6.056000000000001e-10  1.195240213320729e+00 
 6.256000000000001e-10  1.195240213320729e+00 
 6.456000000000001e-10  1.195240213320729e+00 
 6.656000000000002e-10  1.195240213320729e+00 
 6.856000000000002e-10  1.195240213320729e+00 
 7.056000000000002e-10  1.195240213320729e+00 
 7.256000000000003e-10  1.195240213320729e+00 
 7.456000000000003e-10  1.195240213320729e+00 
 7.656000000000003e-10  1.195240213320729e+00 
 7.856000000000004e-10  1.195240213320729e+00 
 8.056000000000004e-10  1.195240213320729e+00 
 8.256000000000004e-10  1.195240213320729e+00 
 8.456000000000005e-10  1.195240213320729e+00 
 8.656000000000005e-10  1.195240213320729e+00 
 8.856000000000005e-10  1.195240213320729e+00 
 9.056000000000006e-10  1.195240213320729e+00 
 9.256000000000006e-10  1.195240213320729e+00 
 9.456000000000005e-10  1.195240213320729e+00 
 9.656000000000005e-10  1.195240213320729e+00 
 9.856000000000004e-10  1.195240213320729e+00 
 1.005600000000000e-09  1.195240213320729e+00 
 1.025600000000000e-09  1.195240213320729e+00 
 1.045600000000000e-09  1.195240213320729e+00 
 1.065600000000000e-09  1.195240213320729e+00 
 1.085600000000000e-09  1.195240213320729e+00 
 1.105600000000000e-09  1.195240213320729e+00 
 1.125600000000000e-09  1.195240213320729e+00 
 1.145600000000000e-09  1.195240213320729e+00 
 1.165600000000000e-09  1.195240213320729e+00 
 1.185600000000000e-09  1.195240213320729e+00 
 1.205600000000000e-09  1.195240213320729e+00 
 1.225600000000000e-09  1.195240213320729e+00 
 1.245600000000000e-09  1.195240213320729e+00 
 1.265599999999999e-09  1.195240213320729e+00 
 1.285599999999999e-09  1.195240213320729e+00 
 1.305599999999999e-09  1.195240213320729e+00 
 1.325599999999999e-09  1.195240213320729e+00 
 1.345599999999999e-09  1.195240213320729e+00 
 1.365599999999999e-09  1.195240213320729e+00 
 1.385599999999999e-09  1.195240213320729e+00 
 1.405599999999999e-09  1.195240213320729e+00 
 1.425599999999999e-09  1.195240213320729e+00 
 1.445599999999999e-09  1.195240213320729e+00 
 1.465599999999999e-09  1.195240213320729e+00 
 1.485599999999999e-09  1.195240213320729e+00 
 1.505599999999999e-09  1.195240213320729e+00 
 1.525599999999999e-09  1.195240213320729e+00 
 1.545599999999998e-09  1.195240213320729e+00 
 1.565599999999998e-09  1.195240213320729e+00 
 1.585599999999998e-09  1.195240213320729e+00 
 1.605599999999998e-09  1.195240213320729e+00 
 1.625599999999998e-09  1.195240213320729e+00 
 1.645599999999998e-09  1.195240213320729e+00 
 1.665599999999998e-09  1.195240213320729e+00 
 1.685599999999998e-09  1.195240213320729e+00 
 1.705599999999998e-09  1.195240213320729e+00 
 1.725599999999998e-09  1.195240213320729e+00 
 1.745599999999998e-09  1.195240213320729e+00 
 1.765599999999998e-09  1.195240213320729e+00 
 1.785599999999998e-09  1.195240213320729e+00 
 1.805599999999998e-09  1.195240213320729e+00 
 1.825599999999998e-09  1.195240213320729e+00 
 1.845599999999997e-09  1.195240213320729e+00 
 1.865599999999997e-09  1.195240213320729e+00 
 1.885599999999997e-09  1.195240213320729e+00 
 1.905599999999997e-09  1.195240213320729e+00 
 1.925599999999997e-09  1.195240213320729e+00 
 1.945599999999997e-09  1.195240213320729e+00 
 1.965599999999997e-09  1.195240213320729e+00 
 1.985599999999997e-09  1.195240213320729e+00 
 2.005599999999997e-09  1.195240213320729e+00 
 2.025599999999997e-09  1.195240213320729e+00 
 2.045599999999997e-09  1.195240213320729e+00 
 2.065599999999997e-09  1.195240213320729e+00 
 2.085599999999997e-09  1.195240213320729e+00 
 2.105599999999997e-09  1.195240213320729e+00 
 2.125599999999996e-09  1.195240213320729e+00 
 2.145599999999996e-09  1.195240213320729e+00 
 2.165599999999996e-09  1.195240213320729e+00 
 2.185599999999996e-09  1.195240213320729e+00 
 2.205599999999996e-09  1.195240213320729e+00 
 2.225599999999996e-09  1.195240213320729e+00 
 2.245599999999996e-09  1.195240213320729e+00 
 2.265599999999996e-09  1.195240213320729e+00 
 2.285599999999996e-09  1.195240213320729e+00 
 2.305599999999996e-09  1.195240213320729e+00 
 2.325599999999996e-09  1.195240213320729e+00 
 2.345599999999996e-09  1.195240213320729e+00 
 2.365599999999996e-09  1.195240213320729e+00 
 2.385599999999996e-09  1.195240213320729e+00 
 2.405599999999995e-09  1.195240213320729e+00 
 2.425599999999995e-09  1.195240213320729e+00 
 2.445599999999995e-09  1.195240213320729e+00 
 2.465599999999995e-09  1.195240213320729e+00 
 2.485599999999995e-09  1.195240213320729e+00 
 2.505599999999995e-09  1.195240213320729e+00 
 2.525599999999995e-09  1.195240213320729e+00 
 2.545599999999995e-09  1.195240213320729e+00 
 2.565599999999995e-09  1.195240213320729e+00 
 2.585599999999995e-09  1.195240213320729e+00 
 2.605599999999995e-09  1.195240213320729e+00 
 2.625599999999995e-09  1.195240213320729e+00 
 2.645599999999995e-09  1.195240213320729e+00 
 2.665599999999995e-09  1.195240213320729e+00 
 2.685599999999995e-09  1.195240213320729e+00 
 2.705599999999994e-09  1.195240213320729e+00 
 2.725599999999994e-09  1.195240213320729e+00 
 2.745599999999994e-09  1.195240213320729e+00 
 2.765599999999994e-09  1.195240213320729e+00 
 2.785599999999994e-09  1.195240213320729e+00 
 2.805599999999994e-09  1.195240213320729e+00 
 2.825599999999994e-09  1.195240213320729e+00 
 2.845599999999994e-09  1.195240213320729e+00 
 2.865599999999994e-09  1.195240213320729e+00 
 2.885599999999994e-09  1.195240213320729e+00 
 2.905599999999994e-09  1.195240213320729e+00 
 2.925599999999994e-09  1.195240213320729e+00 
 2.945599999999994e-09  1.195240213320729e+00 
 2.965599999999994e-09  1.195240213320729e+00 
 2.985599999999993e-09  1.195240213320729e+00 
 3.005599999999993e-09  1.195240213320729e+00 
 3.025599999999993e-09  1.195240213320729e+00 
 3.045599999999993e-09  1.195240213320729e+00 
 3.065599999999993e-09  1.195240213320729e+00 
 3.085599999999993e-09  1.195240213320729e+00 
 3.105599999999993e-09  1.195240213320729e+00 
 3.125599999999993e-09  1.195240213320729e+00 
 3.145599999999993e-09  1.195240213320729e+00 
 3.165599999999993e-09  1.195240213320729e+00 
 3.185599999999993e-09  1.195240213320729e+00 
 3.205599999999993e-09  1.195240213320729e+00 
 3.225599999999993e-09  1.195240213320729e+00 
 3.245599999999993e-09  1.195240213320729e+00 
 3.265599999999993e-09  1.195240213320729e+00 
 3.285599999999992e-09  1.195240213320729e+00 
 3.305599999999992e-09  1.195240213320729e+00 
 3.325599999999992e-09  1.195240213320729e+00 
 3.345599999999992e-09  1.195240213320729e+00 
 3.365599999999992e-09  1.195240213320729e+00 
 3.385599999999992e-09  1.195240213320729e+00 
 3.405599999999992e-09  1.195240213320729e+00 
 3.425599999999992e-09  1.195240213320729e+00 
 3.445599999999992e-09  1.195240213320729e+00 
 3.465599999999992e-09  1.195240213320729e+00 
 3.485599999999992e-09  1.195240213320729e+00 
 3.505599999999992e-09  1.195240213320729e+00 
 3.525599999999992e-09  1.195240213320729e+00 
 3.545599999999992e-09  1.195240213320729e+00 
 3.565599999999991e-09  1.195240213320729e+00 
 3.585599999999991e-09  1.195240213320729e+00 
 3.605599999999991e-09  1.195240213320729e+00 
 3.625599999999991e-09  1.195240213320729e+00 
 3.645599999999991e-09  1.195240213320729e+00 
 3.665599999999991e-09  1.195240213320729e+00 
 3.685599999999991e-09  1.195240213320729e+00 
 3.705599999999991e-09  1.195240213320729e+00 
 3.725599999999991e-09  1.195240213320729e+00 
 3.745599999999992e-09  1.195240213320729e+00 
 3.765599999999992e-09  1.195240213320729e+00 
 3.785599999999992e-09  1.195240213320729e+00 
 3.805599999999993e-09  1.195240213320729e+00 
 3.825599999999993e-09  1.195240213320729e+00 
 3.845599999999993e-09  1.195240213320729e+00 
 3.865599999999994e-09  1.195240213320729e+00 
 3.885599999999994e-09  1.195240213320729e+00 
 3.905599999999994e-09  1.195240213320729e+00 
 3.925599999999995e-09  1.195240213320729e+00 
 3.945599999999995e-09  1.195240213320729e+00 
 3.965599999999995e-09  1.195240213320729e+00 
 3.985599999999996e-09  1.195240213320729e+00 
 4.005599999999996e-09  1.195240213320729e+00 
 4.025599999999997e-09  1.195240213320729e+00 
 4.045599999999997e-09  1.195240213320729e+00 
 4.065599999999997e-09  1.195240213320729e+00 
 4.085599999999998e-09  1.195240213320729e+00 
 4.105599999999998e-09  1.195240213320729e+00 
 4.125599999999998e-09  1.195240213320729e+00 
 4.145599999999999e-09  1.195240213320729e+00 
 4.165599999999999e-09  1.195240213320729e+00 
 4.185599999999999e-09  1.195240213320729e+00 
 4.205600000000000e-09  1.195240213320729e+00 
 4.225600000000000e-09  1.195240213320729e+00 
 4.245600000000000e-09  1.195240213320729e+00 
 4.265600000000001e-09  1.195240213320729e+00 
 4.285600000000001e-09  1.195240213320729e+00 
 4.305600000000001e-09  1.195240213320729e+00 
 4.325600000000002e-09  1.195240213320729e+00 
 4.345600000000002e-09  1.195240213320729e+00 
 4.365600000000002e-09  1.195240213320729e+00 
 4.385600000000003e-09  1.195240213320729e+00 
 4.405600000000003e-09  1.195240213320729e+00 
 4.425600000000003e-09  1.195240213320729e+00 
 4.445600000000004e-09  1.195240213320729e+00 
 4.465600000000004e-09  1.195240213320729e+00 
 4.485600000000004e-09  1.195240213320729e+00 
 4.505600000000005e-09  1.195240213320729e+00 
 4.525600000000005e-09  1.195240213320729e+00 
 4.545600000000005e-09  1.195240213320729e+00 
 4.565600000000006e-09  1.195240213320729e+00 
 4.585600000000006e-09  1.195240213320729e+00 
 4.605600000000007e-09  1.195240213320729e+00 
 4.625600000000007e-09  1.195240213320729e+00 
 4.645600000000007e-09  1.195240213320729e+00 
 4.665600000000008e-09  1.195240213320729e+00 
 4.685600000000008e-09  1.195240213320729e+00 
 4.705600000000008e-09  1.195240213320729e+00 
 4.725600000000009e-09  1.195240213320729e+00 
 4.745600000000009e-09  1.195240213320729e+00 
 4.765600000000009e-09  1.195240213320729e+00 
 4.785600000000010e-09  1.195240213320729e+00 
 4.805600000000010e-09  1.195240213320729e+00 
 4.825600000000010e-09  1.195240213320729e+00 
 4.845600000000011e-09  1.195240213320729e+00 
 4.865600000000011e-09  1.195240213320729e+00 
 4.885600000000011e-09  1.195240213320729e+00 
 4.905600000000012e-09  1.195240213320729e+00 
 4.925600000000012e-09  1.195240213320729e+00 
 4.945600000000012e-09  1.195240213320729e+00 
 4.965600000000013e-09  1.195240213320729e+00 
 4.985600000000013e-09  1.195240213320729e+00 
 5.005600000000013e-09  1.195240213320729e+00 
 5.025600000000014e-09  1.195240213320729e+00 
 5.045600000000014e-09  1.195240213320729e+00 
 5.065600000000014e-09  1.195240213320729e+00 
 5.085600000000015e-09  1.195240213320729e+00 
 5.105600000000015e-09  1.195240213320729e+00 
 5.125600000000015e-09  1.195240213320729e+00 
 5.145600000000016e-09  1.195240213320729e+00 
 5.165600000000016e-09  1.195240213320729e+00 
 5.185600000000017e-09  1.195240213320729e+00 
 5.205600000000017e-09  1.195240213320729e+00 
 5.225600000000017e-09  1.195240213320729e+00 
 5.245600000000018e-09  1.195240213320729e+00 
 5.265600000000018e-09  1.195240213320729e+00 
 5.285600000000018e-09  1.195240213320729e+00 
 5.305600000000019e-09  1.195240213320729e+00 
 5.325600000000019e-09  1.195240213320729e+00 
 5.345600000000019e-09  1.195240213320729e+00 
 5.365600000000020e-09  1.195240213320729e+00 
 5.385600000000020e-09  1.195240213320729e+00 
 5.405600000000020e-09  1.195240213320729e+00 
 5.425600000000021e-09  1.195240213320729e+00 
 5.445600000000021e-09  1.195240213320729e+00 
 5.465600000000021e-09  1.195240213320729e+00 
 5.485600000000022e-09  1.195240213320729e+00 
 5.505600000000022e-09  1.195240213320729e+00 
 5.525600000000022e-09  1.195240213320729e+00 
 5.545600000000023e-09  1.195240213320729e+00 
 5.565600000000023e-09  1.195240213320729e+00 
 5.585600000000023e-09  1.195240213320729e+00 
 5.605600000000024e-09  1.195240213320729e+00 
 5.625600000000024e-09  1.195240213320729e+00 
 5.645600000000024e-09  1.195240213320729e+00 
 5.665600000000025e-09  1.195240213320729e+00 
 5.685600000000025e-09  1.195240213320729e+00 
 5.705600000000025e-09  1.195240213320729e+00 
 5.725600000000026e-09  1.195240213320729e+00 
 5.745600000000026e-09  1.195240213320729e+00 
 5.765600000000026e-09  1.195240213320729e+00 
 5.785600000000027e-09  1.195240213320729e+00 
 5.805600000000027e-09  1.195240213320729e+00 
 5.825600000000028e-09  1.195240213320729e+00 
 5.845600000000028e-09  1.195240213320729e+00 
 5.865600000000028e-09  1.195240213320729e+00 
 5.885600000000029e-09  1.195240213320729e+00 
 5.905600000000029e-09  1.195240213320729e+00 
 5.925600000000029e-09  1.195240213320729e+00 
 5.945600000000030e-09  1.195240213320729e+00 
 5.965600000000030e-09  1.195240213320729e+00 
 5.985600000000030e-09  1.195240213320729e+00 
 6.005600000000031e-09  1.195240213320729e+00 
 6.025600000000031e-09  1.195240213320729e+00 
 6.045600000000031e-09  1.195240213320729e+00 
 6.065600000000032e-09  1.195240213320729e+00 
 6.085600000000032e-09  1.195240213320729e+00 
 6.105600000000032e-09  1.195240213320729e+00 
 6.125600000000033e-09  1.195240213320729e+00 
 6.145600000000033e-09  1.195240213320729e+00 
 6.165600000000033e-09  1.195240213320729e+00 
 6.185600000000034e-09  1.195240213320729e+00 
 6.205600000000034e-09  1.195240213320729e+00 
 6.225600000000034e-09  1.195240213320729e+00 
 6.245600000000035e-09  1.195240213320729e+00 
 6.265600000000035e-09  1.195240213320729e+00 
 6.285600000000035e-09  1.195240213320729e+00 
 6.305600000000036e-09  1.195240213320729e+00 
 6.325600000000036e-09  1.195240213320729e+00 
 6.345600000000036e-09  1.195240213320729e+00 
 6.365600000000037e-09  1.195240213320729e+00 
 6.385600000000037e-09  1.195240213320729e+00 
 6.405600000000038e-09  1.195240213320729e+00 
 6.425600000000038e-09  1.195240213320729e+00 
 6.445600000000038e-09  1.195240213320729e+00 
 6.465600000000039e-09  1.195240213320729e+00 
 6.485600000000039e-09  1.195240213320729e+00 
 6.505600000000039e-09  1.195240213320729e+00 
 6.525600000000040e-09  1.195240213320729e+00 
 6.545600000000040e-09  1.195240213320729e+00 
 6.565600000000040e-09  1.195240213320729e+00 
 6.585600000000041e-09  1.195240213320729e+00 
 6.605600000000041e-09  1.195240213320729e+00 
 6.625600000000041e-09  1.195240213320729e+00 
 6.645600000000042e-09  1.195240213320729e+00 
 6.665600000000042e-09  1.195240213320729e+00 
 6.685600000000042e-09  1.195240213320729e+00 
 6.705600000000043e-09  1.195240213320729e+00 
 6.725600000000043e-09  1.195240213320729e+00 
 6.745600000000043e-09  1.195240213320729e+00 
 6.765600000000044e-09  1.195240213320729e+00 
 6.785600000000044e-09  1.195240213320729e+00 
 6.805600000000044e-09  1.195240213320729e+00 
 6.825600000000045e-09  1.195240213320729e+00 
 6.845600000000045e-09  1.195240213320729e+00 
 6.865600000000045e-09  1.195240213320729e+00 
 6.885600000000046e-09  1.195240213320729e+00 
 6.905600000000046e-09  1.195240213320729e+00 
 6.925600000000046e-09  1.195240213320729e+00 
 6.945600000000047e-09  1.195240213320729e+00 
 6.965600000000047e-09  1.195240213320729e+00 
 6.985600000000048e-09  1.195240213320729e+00 
 7.005600000000048e-09  1.195240213320729e+00 
 7.025600000000048e-09  1.195240213320729e+00 
 7.045600000000049e-09  1.195240213320729e+00 
 7.065600000000049e-09  1.195240213320729e+00 
 7.085600000000049e-09  1.195240213320729e+00 
 7.105600000000050e-09  1.195240213320729e+00 
 7.125600000000050e-09  1.195240213320729e+00 
 7.145600000000050e-09  1.195240213320729e+00 
 7.165600000000051e-09  1.195240213320729e+00 
 7.185600000000051e-09  1.195240213320729e+00 
 7.205600000000051e-09  1.195240213320729e+00 
 7.225600000000052e-09  1.195240213320729e+00 
 7.245600000000052e-09  1.195240213320729e+00 
 7.265600000000052e-09  1.195240213320729e+00 
 7.285600000000053e-09  1.195240213320729e+00 
 7.305600000000053e-09  1.195240213320729e+00 
 7.325600000000053e-09  1.195240213320729e+00 
 7.345600000000054e-09  1.195240213320729e+00 
 7.365600000000054e-09  1.195240213320729e+00 
 7.385600000000054e-09  1.195240213320729e+00 
 7.405600000000055e-09  1.195240213320729e+00 
 7.425600000000055e-09  1.195240213320729e+00 
 7.445600000000055e-09  1.195240213320729e+00 
 7.465600000000055e-09  1.195240213320729e+00 
 7.485600000000054e-09  1.195240213320729e+00 
 7.505600000000054e-09  1.195240213320729e+00 
 7.525600000000054e-09  1.195240213320729e+00 
 7.545600000000053e-09  1.195240213320729e+00 
 7.565600000000053e-09  1.195240213320729e+00 
 7.585600000000052e-09  1.195240213320729e+00 
 7.605600000000052e-09  1.195240213320729e+00 
 7.625600000000051e-09  1.195240213320729e+00 
 7.645600000000051e-09  1.195240213320729e+00 
 7.665600000000050e-09  1.195240213320729e+00 
 7.685600000000050e-09  1.195240213320729e+00 
 7.705600000000049e-09  1.195240213320729e+00 
 7.725600000000049e-09  1.195240213320729e+00 
 7.745600000000048e-09  1.195240213320729e+00 
 7.765600000000048e-09  1.195240213320729e+00 
 7.785600000000047e-09  1.195240213320729e+00 
 7.805600000000047e-09  1.195240213320729e+00 
 7.825600000000046e-09  1.195240213320729e+00 
 7.845600000000046e-09  1.195240213320729e+00 
 7.865600000000045e-09  1.195240213320729e+00 
 7.885600000000045e-09  1.195240213320729e+00 
 7.905600000000044e-09  1.195240213320729e+00 
 7.925600000000044e-09  1.195240213320729e+00 
 7.945600000000043e-09  1.195240213320729e+00 
 7.965600000000043e-09  1.195240213320729e+00 
 7.985600000000042e-09  1.195240213320729e+00 
 8.005600000000042e-09  1.195240213320729e+00 
 8.025600000000041e-09  1.195240213320729e+00 
 8.045600000000041e-09  1.195240213320729e+00 
 8.065600000000040e-09  1.195240213320729e+00 
 8.085600000000040e-09  1.195240213320729e+00 
 8.105600000000040e-09  1.195240213320729e+00 
 8.125600000000039e-09  1.195240213320729e+00 
 8.145600000000039e-09  1.195240213320729e+00 
 8.165600000000038e-09  1.195240213320729e+00 
 8.185600000000038e-09  1.195240213320729e+00 
 8.205600000000037e-09  1.195240213320729e+00 
 8.225600000000037e-09  1.195240213320729e+00 
 8.245600000000036e-09  1.195240213320729e+00 
 8.265600000000036e-09  1.195240213320729e+00 
 8.285600000000035e-09  1.195240213320729e+00 
 8.305600000000035e-09  1.195240213320729e+00 
 8.325600000000034e-09  1.195240213320729e+00 
 8.345600000000034e-09  1.195240213320729e+00 
 8.365600000000033e-09  1.195240213320729e+00 
 8.385600000000033e-09  1.195240213320729e+00 
 8.405600000000032e-09  1.195240213320729e+00 
 8.425600000000032e-09  1.195240213320729e+00 
 8.445600000000031e-09  1.195240213320729e+00 
 8.465600000000031e-09  1.195240213320729e+00 
 8.485600000000030e-09  1.195240213320729e+00 
 8.505600000000030e-09  1.195240213320729e+00 
 8.525600000000029e-09  1.195240213320729e+00 
 8.545600000000029e-09  1.195240213320729e+00 
 8.565600000000028e-09  1.195240213320729e+00 
 8.585600000000028e-09  1.195240213320729e+00 
 8.605600000000027e-09  1.195240213320729e+00 
 8.625600000000027e-09  1.195240213320729e+00 
 8.645600000000026e-09  1.195240213320729e+00 
 8.665600000000026e-09  1.195240213320729e+00 
 8.685600000000026e-09  1.195240213320729e+00 
 8.705600000000025e-09  1.195240213320729e+00 
 8.725600000000025e-09  1.195240213320729e+00 
 8.745600000000024e-09  1.195240213320729e+00 
 8.765600000000024e-09  1.195240213320729e+00 
 8.785600000000023e-09  1.195240213320729e+00 
 8.805600000000023e-09  1.195240213320729e+00 
 8.825600000000022e-09  1.195240213320729e+00 
 8.845600000000022e-09  1.195240213320729e+00 
 8.865600000000021e-09  1.195240213320729e+00 
 8.885600000000021e-09  1.195240213320729e+00 
 8.905600000000020e-09  1.195240213320729e+00 
 8.925600000000020e-09  1.195240213320729e+00 
 8.945600000000019e-09  1.195240213320729e+00 
 8.965600000000019e-09  1.195240213320729e+00 
 8.985600000000018e-09  1.195240213320729e+00 
 9.005600000000018e-09  1.195240213320729e+00 
 9.025600000000017e-09  1.195240213320729e+00 
 9.045600000000017e-09  1.195240213320729e+00 
 9.065600000000016e-09  1.195240213320729e+00 
 9.085600000000016e-09  1.195240213320729e+00 
 9.105600000000015e-09  1.195240213320729e+00 
 9.125600000000015e-09  1.195240213320729e+00 
 9.145600000000014e-09  1.195240213320729e+00 
 9.165600000000014e-09  1.195240213320729e+00 
 9.185600000000013e-09  1.195240213320729e+00 
 9.205600000000013e-09  1.195240213320729e+00 
 9.225600000000012e-09  1.195240213320729e+00 
 9.245600000000012e-09  1.195240213320729e+00 
 9.265600000000012e-09  1.195240213320729e+00 
 9.285600000000011e-09  1.195240213320729e+00 
 9.305600000000011e-09  1.195240213320729e+00 
 9.325600000000010e-09  1.195240213320729e+00 
 9.345600000000010e-09  1.195240213320729e+00 
 9.365600000000009e-09  1.195240213320729e+00 
 9.385600000000009e-09  1.195240213320729e+00 
 9.405600000000008e-09  1.195240213320729e+00 
 9.425600000000008e-09  1.195240213320729e+00 
 9.445600000000007e-09  1.195240213320729e+00 
 9.465600000000007e-09  1.195240213320729e+00 
 9.485600000000006e-09  1.195240213320729e+00 
 9.505600000000006e-09  1.195240213320729e+00 
 9.525600000000005e-09  1.195240213320729e+00 
 9.545600000000005e-09  1.195240213320729e+00 
 9.565600000000004e-09  1.195240213320729e+00 
 9.585600000000004e-09  1.195240213320729e+00 
 9.605600000000003e-09  1.195240213320729e+00 
 9.625600000000003e-09  1.195240213320729e+00 
 9.645600000000002e-09  1.195240213320729e+00 
 9.665600000000002e-09  1.195240213320729e+00 
 9.685600000000001e-09  1.195240213320729e+00 
 9.705600000000001e-09  1.195240213320729e+00 
 9.725600000000000e-09  1.195240213320729e+00 
 9.745600000000000e-09  1.195240213320729e+00 
 9.765599999999999e-09  1.195240213320729e+00 
 9.785599999999999e-09  1.195240213320729e+00 
 9.805599999999998e-09  1.195240213320729e+00 
 9.825599999999998e-09  1.195240213320729e+00 
 9.845599999999998e-09  1.195240213320729e+00 
 9.865599999999997e-09  1.195240213320729e+00 
 9.885599999999997e-09  1.195240213320729e+00 
 9.905599999999996e-09  1.195240213320729e+00 
 9.925599999999996e-09  1.195240213320729e+00 
 9.945599999999995e-09  1.195240213320729e+00 
 9.965599999999995e-09  1.195240213320729e+00 
 9.985599999999994e-09  1.195240213320729e+00 
 1.000559999999999e-08  1.195240213320729e+00 
 1.002559999999999e-08  1.195240213320729e+00 
 1.004559999999999e-08  1.195240213320729e+00 
 1.006559999999999e-08  1.195240213320729e+00 
 1.008559999999999e-08  1.195240213320729e+00 
 1.010559999999999e-08  1.195240213320729e+00 
 1.012559999999999e-08  1.195240213320729e+00 
 1.014559999999999e-08  1.195240213320729e+00 
 1.016559999999999e-08  1.195240213320729e+00 
 1.018559999999999e-08  1.195240213320729e+00 
 1.020559999999999e-08  1.195240213320729e+00 
 1.022559999999999e-08  1.195240213320729e+00 
 1.024559999999999e-08  1.195240213320729e+00 
 1.026559999999999e-08  1.195240213320729e+00 
 1.028559999999999e-08  1.195240213320729e+00 
 1.030559999999999e-08  1.195240213320729e+00 
 1.032559999999999e-08  1.195240213320729e+00 
 1.034559999999999e-08  1.195240213320729e+00 
 1.036559999999998e-08  1.195240213320729e+00 
 1.038559999999998e-08  1.195240213320729e+00 
 1.040559999999998e-08  1.195240213320729e+00 
 1.042559999999998e-08  1.195240213320729e+00 
 1.044559999999998e-08  1.195240213320729e+00 
 1.046559999999998e-08  1.195240213320729e+00 
 1.048559999999998e-08  1.195240213320729e+00 
 1.050559999999998e-08  1.195240213320729e+00 
 1.052559999999998e-08  1.195240213320729e+00 
 1.054559999999998e-08  1.195240213320729e+00 
 1.056559999999998e-08  1.195240213320729e+00 
 1.058559999999998e-08  1.195240213320729e+00 
 1.060559999999998e-08  1.195240213320729e+00 
 1.062559999999998e-08  1.195240213320729e+00 
 1.064559999999998e-08  1.195240213320729e+00 
 1.066559999999998e-08  1.195240213320729e+00 
 1.068559999999998e-08  1.195240213320729e+00 
 1.070559999999998e-08  1.195240213320729e+00 
 1.072559999999998e-08  1.195240213320729e+00 
 1.074559999999998e-08  1.195240213320729e+00 
 1.076559999999998e-08  1.195240213320729e+00 
 1.078559999999997e-08  1.195240213320729e+00 
 1.080559999999997e-08  1.195240213320729e+00 
 1.082559999999997e-08  1.195240213320729e+00 
 1.084559999999997e-08  1.195240213320729e+00 
 1.086559999999997e-08  1.195240213320729e+00 
 1.088559999999997e-08  1.195240213320729e+00 
 1.090559999999997e-08  1.195240213320729e+00 
 1.092559999999997e-08  1.195240213320729e+00 
 1.094559999999997e-08  1.195240213320729e+00 
 1.096559999999997e-08  1.195240213320729e+00 
 1.098559999999997e-08  1.195240213320729e+00 
 1.100559999999997e-08  1.195240213320729e+00 
 1.102559999999997e-08  1.195240213320729e+00 
 1.104559999999997e-08  1.195240213320729e+00 
 1.106559999999997e-08  1.195240213320729e+00 
 1.108559999999997e-08  1.195240213320729e+00 
 1.110559999999997e-08  1.195240213320729e+00 
 1.112559999999997e-08  1.195240213320729e+00 
 1.114559999999997e-08  1.195240213320729e+00 
 1.116559999999997e-08  1.195240213320729e+00 
 1.118559999999997e-08  1.195240213320729e+00 
 1.120559999999996e-08  1.195240213320729e+00 
 1.122559999999996e-08  1.195240213320729e+00 
 1.124559999999996e-08  1.195240213320729e+00 
 1.126559999999996e-08  1.195240213320729e+00 
 1.128559999999996e-08  1.195240213320729e+00 
 1.130559999999996e-08  1.195240213320729e+00 
 1.132559999999996e-08  1.195240213320729e+00 
 1.134559999999996e-08  1.195240213320729e+00 
 1.136559999999996e-08  1.195240213320729e+00 
 1.138559999999996e-08  1.195240213320729e+00 
 1.140559999999996e-08  1.195240213320729e+00 
 1.142559999999996e-08  1.195240213320729e+00 
 1.144559999999996e-08  1.195240213320729e+00 
 1.146559999999996e-08  1.195240213320729e+00 
 1.148559999999996e-08  1.195240213320729e+00 
 1.150559999999996e-08  1.195240213320729e+00 
 1.152559999999996e-08  1.195240213320729e+00 
 1.154559999999996e-08  1.195240213320729e+00 
 1.156559999999996e-08  1.195240213320729e+00 
 1.158559999999996e-08  1.195240213320729e+00 
 1.160559999999996e-08  1.195240213320729e+00 
 1.162559999999995e-08  1.195240213320729e+00 
 1.164559999999995e-08  1.195240213320729e+00 
 1.166559999999995e-08  1.195240213320729e+00 
 1.168559999999995e-08  1.195240213320729e+00 
 1.170559999999995e-08  1.195240213320729e+00 
 1.172559999999995e-08  1.195240213320729e+00 
 1.174559999999995e-08  1.195240213320729e+00 
 1.176559999999995e-08  1.195240213320729e+00 
 1.178559999999995e-08  1.195240213320729e+00 
 1.180559999999995e-08  1.195240213320729e+00 
 1.182559999999995e-08  1.195240213320729e+00 
 1.184559999999995e-08  1.195240213320729e+00 
 1.186559999999995e-08  1.195240213320729e+00 
 1.188559999999995e-08  1.195240213320729e+00 
 1.190559999999995e-08  1.195240213320729e+00 
 1.192559999999995e-08  1.195240213320729e+00 
 1.194559999999995e-08  1.195240213320729e+00 
 1.196559999999995e-08  1.195240213320729e+00 
 1.198559999999995e-08  1.195240213320729e+00 
 1.200559999999995e-08  1.195240213320729e+00 
 1.202559999999994e-08  1.195240213320729e+00 
 1.204559999999994e-08  1.195240213320729e+00 
 1.206559999999994e-08  1.195240213320729e+00 
 1.208559999999994e-08  1.195240213320729e+00 
 1.210559999999994e-08  1.195240213320729e+00 
 1.212559999999994e-08  1.195240213320729e+00 
 1.214559999999994e-08  1.195240213320729e+00 
 1.216559999999994e-08  1.195240213320729e+00 
 1.218559999999994e-08  1.195240213320729e+00 
 1.220559999999994e-08  1.195240213320729e+00 
 1.222559999999994e-08  1.195240213320729e+00 
 1.224559999999994e-08  1.195240213320729e+00 
 1.226559999999994e-08  1.195240213320729e+00 
 1.228559999999994e-08  1.195240213320729e+00 
 1.230559999999994e-08  1.195240213320729e+00 
 1.232559999999994e-08  1.195240213320729e+00 
 1.234559999999994e-08  1.195240213320729e+00 
 1.236559999999994e-08  1.195240213320729e+00 
 1.238559999999994e-08  1.195240213320729e+00 
 1.240559999999994e-08  1.195240213320729e+00 
 1.242559999999994e-08  1.195240213320729e+00 
 1.244559999999993e-08  1.195240213320729e+00 
 1.246559999999993e-08  1.195240213320729e+00 
 1.248559999999993e-08  1.195240213320729e+00 
 1.250559999999993e-08  1.195240213320729e+00 
 1.252559999999993e-08  1.195240213320729e+00 
 1.254559999999993e-08  1.195240213320729e+00 
 1.256559999999993e-08  1.195240213320729e+00 
 1.258559999999993e-08  1.195240213320729e+00 
 1.260559999999993e-08  1.195240213320729e+00 
 1.262559999999993e-08  1.195240213320729e+00 
 1.264559999999993e-08  1.195240213320729e+00 
 1.266559999999993e-08  1.195240213320729e+00 
 1.268559999999993e-08  1.195240213320729e+00 
 1.270559999999993e-08  1.195240213320729e+00 
 1.272559999999993e-08  1.195240213320729e+00 
 1.274559999999993e-08  1.195240213320729e+00 
 1.276559999999993e-08  1.195240213320729e+00 
 1.278559999999993e-08  1.195240213320729e+00 
 1.280559999999993e-08  1.195240213320729e+00 
 1.282559999999993e-08  1.195240213320729e+00 
 1.284559999999993e-08  1.195240213320729e+00 
 1.286559999999992e-08  1.195240213320729e+00 
 1.288559999999992e-08  1.195240213320729e+00 
 1.290559999999992e-08  1.195240213320729e+00 
 1.292559999999992e-08  1.195240213320729e+00 
 1.294559999999992e-08  1.195240213320729e+00 
 1.296559999999992e-08  1.195240213320729e+00 
 1.298559999999992e-08  1.195240213320729e+00 
 1.300559999999992e-08  1.195240213320729e+00 
 1.302559999999992e-08  1.195240213320729e+00 
 1.304559999999992e-08  1.195240213320729e+00 
 1.306559999999992e-08  1.195240213320729e+00 
 1.308559999999992e-08  1.195240213320729e+00 
 1.310559999999992e-08  1.195240213320729e+00 
 1.312559999999992e-08  1.195240213320729e+00 
 1.314559999999992e-08  1.195240213320729e+00 
 1.316559999999992e-08  1.195240213320729e+00 
 1.318559999999992e-08  1.195240213320729e+00 
 1.320559999999992e-08  1.195240213320729e+00 
 1.322559999999992e-08  1.195240213320729e+00 
 1.324559999999992e-08  1.195240213320729e+00 
 1.326559999999991e-08  1.195240213320729e+00 
 1.328559999999991e-08  1.195240213320729e+00 
 1.330559999999991e-08  1.195240213320729e+00 
 1.332559999999991e-08  1.195240213320729e+00 
 1.334559999999991e-08  1.195240213320729e+00 
 1.336559999999991e-08  1.195240213320729e+00 
 1.338559999999991e-08  1.195240213320729e+00 
 1.340559999999991e-08  1.195240213320729e+00 
 1.342559999999991e-08  1.195240213320729e+00 
 1.344559999999991e-08  1.195240213320729e+00 
 1.346559999999991e-08  1.195240213320729e+00 
 1.348559999999991e-08  1.195240213320729e+00 
 1.350559999999991e-08  1.195240213320729e+00 
 1.352559999999991e-08  1.195240213320729e+00 
 1.354559999999991e-08  1.195240213320729e+00 
 1.356559999999991e-08  1.195240213320729e+00 
 1.358559999999991e-08  1.195240213320729e+00 
 1.360559999999991e-08  1.195240213320729e+00 
 1.362559999999991e-08  1.195240213320729e+00 
 1.364559999999991e-08  1.195240213320729e+00 
 1.366559999999991e-08  1.195240213320729e+00 
 1.368559999999990e-08  1.195240213320729e+00 
 1.370559999999990e-08  1.195240213320729e+00 
 1.372559999999990e-08  1.195240213320729e+00 
 1.374559999999990e-08  1.195240213320729e+00 
 1.376559999999990e-08  1.195240213320729e+00 
 1.378559999999990e-08  1.195240213320729e+00 
 1.380559999999990e-08  1.195240213320729e+00 
 1.382559999999990e-08  1.195240213320729e+00 
 1.384559999999990e-08  1.195240213320729e+00 
 1.386559999999990e-08  1.195240213320729e+00 
 1.388559999999990e-08  1.195240213320729e+00 
 1.390559999999990e-08  1.195240213320729e+00 
 1.392559999999990e-08  1.195240213320729e+00 
 1.394559999999990e-08  1.195240213320729e+00 
 1.396559999999990e-08  1.195240213320729e+00 
 1.398559999999990e-08  1.195240213320729e+00 
 1.400559999999990e-08  1.195240213320729e+00 
 1.402559999999990e-08  1.195240213320729e+00 
 1.404559999999990e-08  1.195240213320729e+00 
 1.406559999999990e-08  1.195240213320729e+00 
 1.408559999999990e-08  1.195240213320729e+00 
 1.410559999999989e-08  1.195240213320729e+00 
 1.412559999999989e-08  1.195240213320729e+00 
 1.414559999999989e-08  1.195240213320729e+00 
 1.416559999999989e-08  1.195240213320729e+00 
 1.418559999999989e-08  1.195240213320729e+00 
 1.420559999999989e-08  1.195240213320729e+00 
 1.422559999999989e-08  1.195240213320729e+00 
 1.424559999999989e-08  1.195240213320729e+00 
 1.426559999999989e-08  1.195240213320729e+00 
 1.428559999999989e-08  1.195240213320729e+00 
 1.430559999999989e-08  1.195240213320729e+00 
 1.432559999999989e-08  1.195240213320729e+00 
 1.434559999999989e-08  1.195240213320729e+00 
 1.436559999999989e-08  1.195240213320729e+00 
 1.438559999999989e-08  1.195240213320729e+00 
 1.440559999999989e-08  1.195240213320729e+00 
 1.442559999999989e-08  1.195240213320729e+00 
 1.444559999999989e-08  1.195240213320729e+00 
 1.446559999999989e-08  1.195240213320729e+00 
 1.448559999999989e-08  1.195240213320729e+00 
 1.450559999999989e-08  1.195240213320729e+00 
 1.452559999999988e-08  1.195240213320729e+00 
 1.454559999999988e-08  1.195240213320729e+00 
 1.456559999999988e-08  1.195240213320729e+00 
 1.458559999999988e-08  1.195240213320729e+00 
 1.460559999999988e-08  1.195240213320729e+00 
 1.462559999999988e-08  1.195240213320729e+00 
 1.464559999999988e-08  1.195240213320729e+00 
 1.466559999999988e-08  1.195240213320729e+00 
 1.468559999999988e-08  1.195240213320729e+00 
 1.470559999999988e-08  1.195240213320729e+00 
 1.472559999999988e-08  1.195240213320729e+00 
 1.474559999999988e-08  1.195240213320729e+00 
 1.476559999999988e-08  1.195240213320729e+00 
 1.478559999999988e-08  1.195240213320729e+00 
 1.480559999999988e-08  1.195240213320729e+00 
 1.482559999999988e-08  1.195240213320729e+00 
 1.484559999999988e-08  1.195240213320729e+00 
 1.486559999999988e-08  1.195240213320729e+00 
 1.488559999999988e-08  1.195240213320729e+00 
 1.490559999999988e-08  1.195240213320729e+00 
 1.492559999999988e-08  1.195240213320729e+00 
 1.494559999999988e-08  1.195240213320729e+00 
 1.496559999999988e-08  1.195240213320729e+00 
 1.498559999999988e-08  1.195240213320729e+00 
 1.500559999999987e-08  1.195240213320729e+00 
 1.502559999999987e-08  1.195240213320729e+00 
 1.504559999999987e-08  1.195240213320729e+00 
 1.506559999999987e-08  1.195240213320729e+00 
 1.508559999999987e-08  1.195240213320729e+00 
 1.510559999999987e-08  1.195240213320729e+00 
 1.512559999999987e-08  1.195240213320729e+00 
 1.514559999999987e-08  1.195240213320729e+00 
 1.516559999999987e-08  1.195240213320729e+00 
 1.518559999999987e-08  1.195240213320729e+00 
 1.520559999999987e-08  1.195240213320729e+00 
 1.522559999999987e-08  1.195240213320729e+00 
 1.524559999999987e-08  1.195240213320729e+00 
 1.526559999999987e-08  1.195240213320729e+00 
 1.528559999999987e-08  1.195240213320729e+00 
 1.530559999999987e-08  1.195240213320729e+00 
 1.532559999999987e-08  1.195240213320729e+00 
 1.534559999999987e-08  1.195240213320729e+00 
 1.536559999999987e-08  1.195240213320729e+00 
 1.538559999999987e-08  1.195240213320729e+00 
 1.540559999999986e-08  1.195240213320729e+00 
 1.542559999999986e-08  1.195240213320729e+00 
 1.544559999999986e-08  1.195240213320729e+00 
 1.546559999999986e-08  1.195240213320729e+00 
 1.548559999999986e-08  1.195240213320729e+00 
 1.550559999999986e-08  1.195240213320729e+00 
 1.552559999999986e-08  1.195240213320729e+00 
 1.554559999999986e-08  1.195240213320729e+00 
 1.556559999999986e-08  1.195240213320729e+00 
 1.558559999999986e-08  1.195240213320729e+00 
 1.560559999999986e-08  1.195240213320729e+00 
 1.562559999999986e-08  1.195240213320729e+00 
 1.564559999999986e-08  1.195240213320729e+00 
 1.566559999999986e-08  1.195240213320729e+00 
 1.568559999999986e-08  1.195240213320729e+00 
 1.570559999999986e-08  1.195240213320729e+00 
 1.572559999999986e-08  1.195240213320729e+00 
 1.574559999999986e-08  1.195240213320729e+00 
 1.576559999999986e-08  1.195240213320729e+00 
 1.578559999999986e-08  1.195240213320729e+00 
 1.580559999999986e-08  1.195240213320729e+00 
 1.582559999999985e-08  1.195240213320729e+00 
 1.584559999999985e-08  1.195240213320729e+00 
 1.586559999999985e-08  1.195240213320729e+00 
 1.588559999999985e-08  1.195240213320729e+00 
 1.590559999999985e-08  1.195240213320729e+00 
 1.592559999999985e-08  1.195240213320729e+00 
 1.594559999999985e-08  1.195240213320729e+00 
 1.596559999999985e-08  1.195240213320729e+00 
 1.598559999999985e-08  1.195240213320729e+00 
 1.600559999999985e-08  1.195240213320729e+00 
 1.602559999999985e-08  1.195240213320729e+00 
 1.604559999999985e-08  1.195240213320729e+00 
 1.606559999999985e-08  1.195240213320729e+00 
 1.608559999999985e-08  1.195240213320729e+00 
 1.610559999999985e-08  1.195240213320729e+00 
 1.612559999999985e-08  1.195240213320729e+00 
 1.614559999999985e-08  1.195240213320729e+00 
 1.616559999999985e-08  1.195240213320729e+00 
 1.618559999999985e-08  1.195240213320729e+00 
 1.620559999999985e-08  1.195240213320729e+00 
 1.622559999999985e-08  1.195240213320729e+00 
 1.624559999999984e-08  1.195240213320729e+00 
 1.626559999999984e-08  1.195240213320729e+00 
 1.628559999999984e-08  1.195240213320729e+00 
 1.630559999999984e-08  1.195240213320729e+00 
 1.632559999999984e-08  1.195240213320729e+00 
 1.634559999999984e-08  1.195240213320729e+00 
 1.636559999999984e-08  1.195240213320729e+00 
 1.638559999999984e-08  1.195240213320729e+00 
 1.640559999999984e-08  1.195240213320729e+00 
 1.642559999999984e-08  1.195240213320729e+00 
 1.644559999999984e-08  1.195240213320729e+00 
 1.646559999999984e-08  1.195240213320729e+00 
 1.648559999999984e-08  1.195240213320729e+00 
 1.650559999999984e-08  1.195240213320729e+00 
 1.652559999999984e-08  1.195240213320729e+00 
 1.654559999999984e-08  1.195240213320729e+00 
 1.656559999999984e-08  1.195240213320729e+00 
 1.658559999999984e-08  1.195240213320729e+00 
 1.660559999999984e-08  1.195240213320729e+00 
 1.662559999999984e-08  1.195240213320729e+00 
 1.664559999999984e-08  1.195240213320729e+00 
 1.666559999999983e-08  1.195240213320729e+00 
 1.668559999999983e-08  1.195240213320729e+00 
 1.670559999999983e-08  1.195240213320729e+00 
 1.672559999999983e-08  1.195240213320729e+00 
 1.674559999999983e-08  1.195240213320729e+00 
 1.676559999999983e-08  1.195240213320729e+00 
 1.678559999999983e-08  1.195240213320729e+00 
 1.680559999999983e-08  1.195240213320729e+00 
 1.682559999999983e-08  1.195240213320729e+00 
 1.684559999999983e-08  1.195240213320729e+00 
 1.686559999999983e-08  1.195240213320729e+00 
 1.688559999999983e-08  1.195240213320729e+00 
 1.690559999999983e-08  1.195240213320729e+00 
 1.692559999999983e-08  1.195240213320729e+00 
 1.694559999999983e-08  1.195240213320729e+00 
 1.696559999999983e-08  1.195240213320729e+00 
 1.698559999999983e-08  1.195240213320729e+00 
 1.700559999999983e-08  1.195240213320729e+00 
 1.702559999999983e-08  1.195240213320729e+00 
 1.704559999999983e-08  1.195240213320729e+00 
 1.706559999999982e-08  1.195240213320729e+00 
 1.708559999999982e-08  1.195240213320729e+00 
 1.710559999999982e-08  1.195240213320729e+00 
 1.712559999999982e-08  1.195240213320729e+00 
 1.714559999999982e-08  1.195240213320729e+00 
 1.716559999999982e-08  1.195240213320729e+00 
 1.718559999999982e-08  1.195240213320729e+00 
 1.720559999999982e-08  1.195240213320729e+00 
 1.722559999999982e-08  1.195240213320729e+00 
 1.724559999999982e-08  1.195240213320729e+00 
 1.726559999999982e-08  1.195240213320729e+00 
 1.728559999999982e-08  1.195240213320729e+00 
 1.730559999999982e-08  1.195240213320729e+00 
 1.732559999999982e-08  1.195240213320729e+00 
 1.734559999999982e-08  1.195240213320729e+00 
 1.736559999999982e-08  1.195240213320729e+00 
 1.738559999999982e-08  1.195240213320729e+00 
 1.740559999999982e-08  1.195240213320729e+00 
 1.742559999999982e-08  1.195240213320729e+00 
 1.744559999999982e-08  1.195240213320729e+00 
 1.746559999999982e-08  1.195240213320729e+00 
 1.748559999999981e-08  1.195240213320729e+00 
 1.750559999999981e-08  1.195240213320729e+00 
 1.752559999999981e-08  1.195240213320729e+00 
 1.754559999999981e-08  1.195240213320729e+00 
 1.756559999999981e-08  1.195240213320729e+00 
 1.758559999999981e-08  1.195240213320729e+00 
 1.760559999999981e-08  1.195240213320729e+00 
 1.762559999999981e-08  1.195240213320729e+00 
 1.764559999999981e-08  1.195240213320729e+00 
 1.766559999999981e-08  1.195240213320729e+00 
 1.768559999999981e-08  1.195240213320729e+00 
 1.770559999999981e-08  1.195240213320729e+00 
 1.772559999999981e-08  1.195240213320729e+00 
 1.774559999999981e-08  1.195240213320729e+00 
 1.776559999999981e-08  1.195240213320729e+00 
 1.778559999999981e-08  1.195240213320729e+00 
 1.780559999999981e-08  1.195240213320729e+00 
 1.782559999999981e-08  1.195240213320729e+00 
 1.784559999999981e-08  1.195240213320729e+00 
 1.786559999999981e-08  1.195240213320729e+00 
 1.788559999999981e-08  1.195240213320729e+00 
 1.790559999999980e-08  1.195240213320729e+00 
 1.792559999999980e-08  1.195240213320729e+00 
 1.794559999999980e-08  1.195240213320729e+00 
 1.796559999999980e-08  1.195240213320729e+00 
 1.798559999999980e-08  1.195240213320729e+00 
 1.800559999999980e-08  1.195240213320729e+00 
 1.802559999999980e-08  1.195240213320729e+00 
 1.804559999999980e-08  1.195240213320729e+00 
 1.806559999999980e-08  1.195240213320729e+00 
 1.808559999999980e-08  1.195240213320729e+00 
 1.810559999999980e-08  1.195240213320729e+00 
 1.812559999999980e-08  1.195240213320729e+00 
 1.814559999999980e-08  1.195240213320729e+00 
 1.816559999999980e-08  1.195240213320729e+00 
 1.818559999999980e-08  1.195240213320729e+00 
 1.820559999999980e-08  1.195240213320729e+00 
 1.822559999999980e-08  1.195240213320729e+00 
 1.824559999999980e-08  1.195240213320729e+00 
 1.826559999999980e-08  1.195240213320729e+00 
 1.828559999999980e-08  1.195240213320729e+00 
 1.830559999999980e-08  1.195240213320729e+00 
 1.832559999999979e-08  1.195240213320729e+00 
 1.834559999999979e-08  1.195240213320729e+00 
 1.836559999999979e-08  1.195240213320729e+00 
 1.838559999999979e-08  1.195240213320729e+00 
 1.840559999999979e-08  1.195240213320729e+00 
 1.842559999999979e-08  1.195240213320729e+00 
 1.844559999999979e-08  1.195240213320729e+00 
 1.846559999999979e-08  1.195240213320729e+00 
 1.848559999999979e-08  1.195240213320729e+00 
 1.850559999999979e-08  1.195240213320729e+00 
 1.852559999999979e-08  1.195240213320729e+00 
 1.854559999999979e-08  1.195240213320729e+00 
 1.856559999999979e-08  1.195240213320729e+00 
 1.858559999999979e-08  1.195240213320729e+00 
 1.860559999999979e-08  1.195240213320729e+00 
 1.862559999999979e-08  1.195240213320729e+00 
 1.864559999999979e-08  1.195240213320729e+00 
 1.866559999999979e-08  1.195240213320729e+00 
 1.868559999999979e-08  1.195240213320729e+00 
 1.870559999999979e-08  1.195240213320729e+00 
 1.872559999999978e-08  1.195240213320729e+00 
 1.874559999999978e-08  1.195240213320729e+00 
 1.876559999999978e-08  1.195240213320729e+00 
 1.878559999999978e-08  1.195240213320729e+00 
 1.880559999999978e-08  1.195240213320729e+00 
 1.882559999999978e-08  1.195240213320729e+00 
 1.884559999999978e-08  1.195240213320729e+00 
 1.886559999999978e-08  1.195240213320729e+00 
 1.888559999999978e-08  1.195240213320729e+00 
 1.890559999999978e-08  1.195240213320729e+00 
 1.892559999999978e-08  1.195240213320729e+00 
 1.894559999999978e-08  1.195240213320729e+00 
 1.896559999999978e-08  1.195240213320729e+00 
 1.898559999999978e-08  1.195240213320729e+00 
 1.900559999999978e-08  1.195240213320729e+00 
 1.902559999999978e-08  1.195240213320729e+00 
 1.904559999999978e-08  1.195240213320729e+00 
 1.906559999999978e-08  1.195240213320729e+00 
 1.908559999999978e-08  1.195240213320729e+00 
 1.910559999999978e-08  1.195240213320729e+00 
 1.912559999999978e-08  1.195240213320729e+00 
 1.914559999999977e-08  1.195240213320729e+00 
 1.916559999999977e-08  1.195240213320729e+00 
 1.918559999999977e-08  1.195240213320729e+00 
 1.920559999999977e-08  1.195240213320729e+00 
 1.922559999999977e-08  1.195240213320729e+00 
 1.924559999999977e-08  1.195240213320729e+00 
 1.926559999999977e-08  1.195240213320729e+00 
 1.928559999999977e-08  1.195240213320729e+00 
 1.930559999999977e-08  1.195240213320729e+00 
 1.932559999999977e-08  1.195240213320729e+00 
 1.934559999999977e-08  1.195240213320729e+00 
 1.936559999999977e-08  1.195240213320729e+00 
 1.938559999999977e-08  1.195240213320729e+00 
 1.940559999999977e-08  1.195240213320729e+00 
 1.942559999999977e-08  1.195240213320729e+00 
 1.944559999999977e-08  1.195240213320729e+00 
 1.946559999999977e-08  1.195240213320729e+00 
 1.948559999999977e-08  1.195240213320729e+00 
 1.950559999999977e-08  1.195240213320729e+00 
 1.952559999999977e-08  1.195240213320729e+00 
 1.954559999999977e-08  1.195240213320729e+00 
 1.956559999999976e-08  1.195240213320729e+00 
 1.958559999999976e-08  1.195240213320729e+00 
 1.960559999999976e-08  1.195240213320729e+00 
 1.962559999999976e-08  1.195240213320729e+00 
 1.964559999999976e-08  1.195240213320729e+00 
 1.966559999999976e-08  1.195240213320729e+00 
 1.968559999999976e-08  1.195240213320729e+00 
 1.970559999999976e-08  1.195240213320729e+00 
 1.972559999999976e-08  1.195240213320729e+00 
 1.974559999999976e-08  1.195240213320729e+00 
 1.976559999999976e-08  1.195240213320729e+00 
 1.978559999999976e-08  1.195240213320729e+00 
 1.980559999999976e-08  1.195240213320729e+00 
 1.982559999999976e-08  1.195240213320729e+00 
 1.984559999999976e-08  1.195240213320729e+00 
 1.986559999999976e-08  1.195240213320729e+00 
 1.988559999999976e-08  1.195240213320729e+00 
 1.990559999999976e-08  1.195240213320729e+00 
 1.992559999999976e-08  1.195240213320729e+00 
 1.994559999999976e-08  1.195240213320729e+00 
 1.996559999999975e-08  1.195240213320729e+00 
 1.998559999999975e-08  1.195240213320729e+00 
 2.000000000000000e-08  1.195240213320729e+00 
 2.000011602422422e-08  1.195240214148935e+00 
 2.000034807267267e-08  1.195240217382443e+00 
 2.000081216956956e-08  1.195240233316659e+00 
 2.000151516426392e-08  1.195240281336923e+00 
 2.000237996420474e-08  1.195240378872242e+00 
 2.000396286313987e-08  1.195240661991980e+00 
 2.000678699585979e-08  1.195241476836923e+00 
 2.001147100200448e-08  1.195243611385405e+00 
 2.001723868587919e-08  1.195247467697340e+00 
 2.002362207802722e-08  1.195253253242542e+00 
 2.003173282887996e-08  1.195262857517498e+00 
 2.003803200484508e-08  1.195271780365444e+00 
 2.004260040105680e-08  1.195278467445441e+00 
 2.004589820935643e-08  1.195282769026339e+00 
 2.004941746385242e-08  1.195285876634355e+00 
 2.005349151863129e-08  1.195285839682321e+00 
 2.005773056394978e-08  1.195279241439991e+00 
 2.006275487086288e-08  1.195259005045122e+00 
 2.006584811962122e-08  1.195238527571256e+00 
 2.006760378734929e-08  1.195224089429175e+00 
 2.006923968023987e-08  1.195209169919119e+00 
 2.007047383790968e-08  1.195197227188664e+00 
 2.007199863396613e-08  1.195181925949721e+00 
 2.007438593611757e-08  1.195157237887118e+00 
 2.007666579177042e-08  1.195133206338674e+00 
 2.007910218170443e-08  1.195107329191580e+00 
 2.008159838001219e-08  1.195080739575315e+00 
 2.008506067937679e-08  1.195043821233813e+00 
 2.008967613502303e-08  1.194994585974445e+00 
 2.009758046530395e-08  1.194910239679470e+00 
 2.010000000000000e-08  1.194884414610201e+00 
 2.010003959708470e-08  1.194883991881772e+00 
 2.010011879125409e-08  1.194883146322253e+00 
 2.010027717959287e-08  1.194881454630093e+00 
 2.010059395627042e-08  1.194878069241376e+00 
 2.010104128302145e-08  1.194873284938505e+00 
 2.010192934605683e-08  1.194863777873499e+00 
 2.010370547212761e-08  1.194844744494084e+00 
 2.010725772426916e-08  1.194806652978573e+00 
 2.011115486563098e-08  1.194764857285924e+00 
 2.011838463846981e-08  1.194687325208243e+00 
 2.013188770797579e-08  1.194542532831242e+00 
 2.015188770797579e-08  1.194328110048447e+00 
 2.017188770797579e-08  1.194113729989323e+00 
 2.019188770797579e-08  1.193899392796017e+00 
 2.021188770797579e-08  1.193685098417924e+00 
 2.023188770797579e-08  1.193470846886360e+00 
 2.025188770797579e-08  1.193256638163804e+00 
 2.027188770797578e-08  1.193042472263767e+00 
 2.029188770797578e-08  1.192828349160833e+00 
 2.031188770797578e-08  1.192614268859498e+00 
 2.033188770797578e-08  1.192400231340959e+00 
 2.035188770797578e-08  1.192186236604853e+00 
 2.037188770797578e-08  1.191972284635958e+00 
 2.039188770797578e-08  1.191758375431279e+00 
 2.041188770797578e-08  1.191544508977542e+00 
 2.043188770797578e-08  1.191330685270320e+00 
 2.045188770797578e-08  1.191116904297403e+00 
 2.047188770797578e-08  1.190903166053581e+00 
 2.049188770797578e-08  1.190689470527233e+00 
 2.051188770797578e-08  1.190475817712715e+00 
 2.053188770797578e-08  1.190262207598737e+00 
 2.055188770797578e-08  1.190048640179411e+00 
 2.057188770797578e-08  1.189835115443641e+00 
 2.059188770797578e-08  1.189621633385392e+00 
 2.061188770797578e-08  1.189408193993691e+00 
 2.063188770797578e-08  1.189194797262413e+00 
 2.065188770797578e-08  1.188981443180662e+00 
 2.067188770797578e-08  1.188768131742255e+00 
 2.069188770797577e-08  1.188554862936352e+00 
 2.071188770797577e-08  1.188341636756729e+00 
 2.073188770797577e-08  1.188128453192589e+00 
 2.075188770797577e-08  1.187915312237673e+00 
 2.077188770797577e-08  1.187702213881223e+00 
 2.079188770797577e-08  1.187489158116953e+00 
 2.081188770797577e-08  1.187276144934136e+00 
 2.083188770797577e-08  1.187063174326462e+00 
 2.085188770797577e-08  1.186850246283234e+00 
 2.087188770797577e-08  1.186637360798120e+00 
 2.089188770797577e-08  1.186424517860452e+00 
 2.091188770797577e-08  1.186211717463876e+00 
 2.093188770797577e-08  1.185998959597750e+00 
 2.095188770797577e-08  1.185786244255703e+00 
 2.097188770797577e-08  1.185573571427117e+00 
 2.099188770797577e-08  1.185360941105603e+00 
 2.101188770797577e-08  1.185148353280569e+00 
 2.103188770797577e-08  1.184935807945607e+00 
 2.105188770797577e-08  1.184723305090149e+00 
 2.107188770797577e-08  1.184510844707770e+00 
 2.109188770797576e-08  1.184298426787926e+00 
 2.111188770797576e-08  1.184086051324176e+00 
 2.113188770797576e-08  1.183873718305998e+00 
 2.115188770797576e-08  1.183661427726936e+00 
 2.117188770797576e-08  1.183449179576490e+00 
 2.119188770797576e-08  1.183236973848187e+00 
 2.121188770797576e-08  1.183024810531552e+00 
 2.123188770797576e-08  1.182812689620096e+00 
 2.125188770797576e-08  1.182600611103364e+00 
 2.127188770797576e-08  1.182388574974853e+00 
 2.129188770797576e-08  1.182176581224130e+00 
 2.131188770797576e-08  1.181964629844678e+00 
 2.133188770797576e-08  1.181752720826084e+00 
 2.135188770797576e-08  1.181540854161817e+00 
 2.137188770797576e-08  1.181329029841485e+00 
 2.139188770797576e-08  1.181117247858544e+00 
 2.141188770797576e-08  1.180905508202620e+00 
 2.143188770797576e-08  1.180693810867159e+00 
 2.145188770797576e-08  1.180482155841805e+00 
 2.147188770797576e-08  1.180270543119989e+00 
 2.149188770797576e-08  1.180058972691378e+00 
 2.151188770797575e-08  1.179847444549389e+00 
 2.153188770797575e-08  1.179635958683708e+00 
 2.155188770797575e-08  1.179424515087741e+00 
 2.157188770797575e-08  1.179213113751191e+00 
 2.159188770797575e-08  1.179001754667454e+00 
 2.161188770797575e-08  1.178790437826249e+00 
 2.163188770797575e-08  1.178579163220962e+00 
 2.165188770797575e-08  1.178367930841330e+00 
 2.167188770797575e-08  1.178156740680728e+00 
 2.169188770797575e-08  1.177945592728911e+00 
 2.171188770797575e-08  1.177734486979243e+00 
 2.173188770797575e-08  1.177523423421495e+00 
 2.175188770797575e-08  1.177312402049022e+00 
 2.177188770797575e-08  1.177101422851613e+00 
 2.179188770797575e-08  1.176890485822610e+00 
 2.181188770797575e-08  1.176679590951820e+00 
 2.183188770797575e-08  1.176468738232576e+00 
 2.185188770797575e-08  1.176257927654701e+00 
 2.187188770797575e-08  1.176047159211520e+00 
 2.189188770797575e-08  1.175836432892869e+00 
 2.191188770797575e-08  1.175625748692064e+00 
 2.193188770797574e-08  1.175415106598958e+00 
 2.195188770797574e-08  1.175204506606859e+00 
 2.197188770797574e-08  1.174993948705636e+00 
 2.199188770797574e-08  1.174783432888586e+00 
 2.201188770797574e-08  1.174572959145594e+00 
 2.203188770797574e-08  1.174362527469949e+00 
 2.205188770797574e-08  1.174152137851549e+00 
 2.207188770797574e-08  1.173941790283678e+00 
 2.209188770797574e-08  1.173731484756249e+00 
 2.211188770797574e-08  1.173521221262535e+00 
 2.213188770797574e-08  1.173310999792464e+00 
 2.215188770797574e-08  1.173100820339304e+00 
 2.217188770797574e-08  1.172890682892995e+00 
 2.219188770797574e-08  1.172680587446798e+00 
 2.221188770797574e-08  1.172470533990668e+00 
 2.223188770797574e-08  1.172260522517857e+00 
 2.225188770797574e-08  1.172050553018335e+00 
 2.227188770797574e-08  1.171840625485347e+00 
 2.229188770797574e-08  1.171630739908877e+00 
 2.231188770797574e-08  1.171420896282161e+00 
 2.233188770797574e-08  1.171211094595199e+00 
 2.235188770797573e-08  1.171001334841221e+00 
 2.237188770797573e-08  1.170791617010237e+00 
 2.239188770797573e-08  1.170581941095472e+00 
 2.241188770797573e-08  1.170372307086950e+00 
 2.243188770797573e-08  1.170162714977887e+00 
 2.245188770797573e-08  1.169953164758323e+00 
 2.247188770797573e-08  1.169743656421468e+00 
 2.249188770797573e-08  1.169534189957373e+00 
 2.251188770797573e-08  1.169324765359242e+00 
 2.253188770797573e-08  1.169115382617139e+00 
 2.255188770797573e-08  1.168906041724262e+00 
 2.257188770797573e-08  1.168696742670688e+00 
 2.259188770797573e-08  1.168487485449610e+00 
 2.261188770797573e-08  1.168278270051117e+00 
 2.263188770797573e-08  1.168069096468393e+00 
 2.265188770797573e-08  1.167859964691543e+00 
 2.267188770797573e-08  1.167650874713745e+00 
 2.269188770797573e-08  1.167441826525116e+00 
 2.271188770797573e-08  1.167232820118828e+00 
 2.273188770797573e-08  1.167023855485011e+00 
 2.275188770797572e-08  1.166814932616830e+00 
 2.277188770797572e-08  1.166606051504427e+00 
 2.279188770797572e-08  1.166397212140962e+00 
 2.281188770797572e-08  1.166188414516592e+00 
 2.283188770797572e-08  1.165979658624470e+00 
 2.285188770797572e-08  1.165770944454761e+00 
 2.287188770797572e-08  1.165562272000618e+00 
 2.289188770797572e-08  1.165353641252216e+00 
 2.291188770797572e-08  1.165145052202701e+00 
 2.293188770797572e-08  1.164936504842264e+00 
 2.295188770797572e-08  1.164727999164042e+00 
 2.297188770797572e-08  1.164519535158239e+00 
 2.299188770797572e-08  1.164311112817988e+00 
 2.301188770797572e-08  1.164102732133503e+00 
 2.303188770797572e-08  1.163894393097913e+00 
 2.305188770797572e-08  1.163686095701443e+00 
 2.307188770797572e-08  1.163477839937217e+00 
 2.309188770797572e-08  1.163269625795473e+00 
 2.311188770797572e-08  1.163061453269330e+00 
 2.313188770797572e-08  1.162853322349035e+00 
 2.315188770797572e-08  1.162645233027704e+00 
 2.317188770797571e-08  1.162437185295596e+00 
 2.319188770797571e-08  1.162229179145821e+00 
 2.321188770797571e-08  1.162021214568651e+00 
 2.323188770797571e-08  1.161813291557189e+00 
 2.325188770797571e-08  1.161605410101719e+00 
 2.327188770797571e-08  1.161397570195341e+00 
 2.329188770797571e-08  1.161189771828348e+00 
 2.331188770797571e-08  1.160982014993838e+00 
 2.333188770797571e-08  1.160774299682113e+00 
 2.335188770797571e-08  1.160566625886266e+00 
 2.337188770797571e-08  1.160358993596613e+00 
 2.339188770797571e-08  1.160151402806241e+00 
 2.341188770797571e-08  1.159943853505476e+00 
 2.343188770797571e-08  1.159736345687402e+00 
 2.345188770797571e-08  1.159528879342356e+00 
 2.347188770797571e-08  1.159321454463416e+00 
 2.349188770797571e-08  1.159114071040931e+00 
 2.351188770797571e-08  1.158906729067975e+00 
 2.353188770797571e-08  1.158699428534909e+00 
 2.355188770797571e-08  1.158492169434801e+00 
 2.357188770797571e-08  1.158284951758022e+00 
 2.359188770797570e-08  1.158077775497638e+00 
 2.361188770797570e-08  1.157870640644030e+00 
 2.363188770797570e-08  1.157663547190259e+00 
 2.365188770797570e-08  1.157456495126719e+00 
 2.367188770797570e-08  1.157249484446466e+00 
 2.369188770797570e-08  1.157042515139902e+00 
 2.371188770797570e-08  1.156835587200082e+00 
 2.373188770797570e-08  1.156628700617417e+00 
 2.375188770797570e-08  1.156421855384959e+00 
 2.377188770797570e-08  1.156215051493130e+00 
 2.379188770797570e-08  1.156008288934977e+00 
 2.381188770797570e-08  1.155801567700932e+00 
 2.383188770797570e-08  1.155594887784039e+00 
 2.385188770797570e-08  1.155388249174741e+00 
 2.387188770797570e-08  1.155181651866078e+00 
 2.389188770797570e-08  1.154975095848503e+00 
 2.391188770797570e-08  1.154768581115052e+00 
 2.393188770797570e-08  1.154562107656188e+00 
 2.395188770797570e-08  1.154355675464945e+00 
 2.397188770797570e-08  1.154149284531794e+00 
 2.399188770797569e-08  1.153942934849766e+00 
 2.401188770797569e-08  1.153736626409344e+00 
 2.403188770797569e-08  1.153530359203554e+00 
 2.405188770797569e-08  1.153324133222889e+00 
 2.407188770797569e-08  1.153117948460371e+00 
 2.409188770797569e-08  1.152911804906504e+00 
 2.411188770797569e-08  1.152705702554307e+00 
 2.413188770797569e-08  1.152499641394293e+00 
 2.415188770797569e-08  1.152293621419478e+00 
 2.417188770797569e-08  1.152087642620386e+00 
 2.419188770797569e-08  1.151881704990027e+00 
 2.421188770797569e-08  1.151675808518937e+00 
 2.423188770797569e-08  1.151469953200123e+00 
 2.425188770797569e-08  1.151264139024129e+00 
 2.427188770797569e-08  1.151058365983960e+00 
 2.429188770797569e-08  1.150852634070169e+00 
 2.431188770797569e-08  1.150646943275760e+00 
 2.433188770797569e-08  1.150441293591293e+00 
 2.435188770797569e-08  1.150235685009769e+00 
 2.437188770797569e-08  1.150030117521760e+00 
 2.439188770797569e-08  1.149824591120262e+00 
 2.441188770797568e-08  1.149619105795858e+00 
 2.443188770797568e-08  1.149413661541540e+00 
 2.445188770797568e-08  1.149208258347900e+00 
 2.447188770797568e-08  1.149002896207928e+00 
 2.449188770797568e-08  1.148797575112225e+00 
 2.451188770797568e-08  1.148592295053779e+00 
 2.453188770797568e-08  1.148387056023200e+00 
 2.455188770797568e-08  1.148181858013472e+00 
 2.457188770797568e-08  1.147976701015216e+00 
 2.459188770797568e-08  1.147771585021412e+00 
 2.461188770797568e-08  1.147566510022691e+00 
 2.463188770797568e-08  1.147361476012031e+00 
 2.465188770797568e-08  1.147156482980070e+00 
 2.467188770797568e-08  1.146951530919786e+00 
 2.469188770797568e-08  1.146746619821825e+00 
 2.471188770797568e-08  1.146541749679161e+00 
 2.473188770797568e-08  1.146336920482451e+00 
 2.475188770797568e-08  1.146132132224665e+00 
 2.477188770797568e-08  1.145927384896471e+00 
 2.479188770797568e-08  1.145722678490836e+00 
 2.481188770797568e-08  1.145518012998435e+00 
 2.483188770797567e-08  1.145313388412235e+00 
 2.485188770797567e-08  1.145108804722919e+00 
 2.487188770797567e-08  1.144904261923450e+00 
 2.489188770797567e-08  1.144699760004522e+00 
 2.491188770797567e-08  1.144495298959096e+00 
 2.493188770797567e-08  1.144290878777874e+00 
 2.495188770797567e-08  1.144086499453814e+00 
 2.497188770797567e-08  1.143882160977628e+00 
 2.499188770797567e-08  1.143677863342270e+00 
 2.501188770797567e-08  1.143473606538463e+00 
 2.503188770797567e-08  1.143269390559158e+00 
 2.505188770797567e-08  1.143065215395085e+00 
 2.507188770797567e-08  1.142861081039195e+00 
 2.509188770797567e-08  1.142656987482227e+00 
 2.511188770797567e-08  1.142452934717129e+00 
 2.513188770797567e-08  1.142248922734648e+00 
 2.515188770797567e-08  1.142044951527730e+00 
 2.517188770797567e-08  1.141841021087131e+00 
 2.519188770797567e-08  1.141637131405794e+00 
 2.521188770797567e-08  1.141433282474486e+00 
 2.523188770797567e-08  1.141229474286147e+00 
 2.525188770797566e-08  1.141025706831550e+00 
 2.527188770797566e-08  1.140821980103636e+00 
 2.529188770797566e-08  1.140618294093186e+00 
 2.531188770797566e-08  1.140414648793137e+00 
 2.533188770797566e-08  1.140211044194281e+00 
 2.535188770797566e-08  1.140007480289553e+00 
 2.537188770797566e-08  1.139803957069751e+00 
 2.539188770797566e-08  1.139600474527809e+00 
 2.541188770797566e-08  1.139397032654536e+00 
 2.543188770797566e-08  1.139193631442860e+00 
 2.545188770797566e-08  1.138990270883601e+00 
 2.547188770797566e-08  1.138786950969685e+00 
 2.549188770797566e-08  1.138583671691940e+00 
 2.551188770797566e-08  1.138380433043290e+00 
 2.553188770797566e-08  1.138177235014571e+00 
 2.555188770797566e-08  1.137974077598706e+00 
 2.557188770797566e-08  1.137770960786539e+00 
 2.559188770797566e-08  1.137567884570991e+00 
 2.561188770797566e-08  1.137364848942915e+00 
 2.563188770797566e-08  1.137161853895228e+00 
 2.565188770797565e-08  1.136958899418793e+00 
 2.567188770797565e-08  1.136755985506526e+00 
 2.569188770797565e-08  1.136553112149297e+00 
 2.571188770797565e-08  1.136350279340020e+00 
 2.573188770797565e-08  1.136147487069575e+00 
 2.575188770797565e-08  1.135944735330873e+00 
 2.577188770797565e-08  1.135742024114801e+00 
 2.579188770797565e-08  1.135539353414270e+00 
 2.581188770797565e-08  1.135336723220175e+00 
 2.583188770797565e-08  1.135134133525425e+00 
 2.585188770797565e-08  1.134931584320923e+00 
 2.587188770797565e-08  1.134729075599576e+00 
 2.589188770797565e-08  1.134526607352297e+00 
 2.591188770797565e-08  1.134324179571989e+00 
 2.593188770797565e-08  1.134121792249574e+00 
 2.595188770797565e-08  1.133919445377954e+00 
 2.597188770797565e-08  1.133717138948058e+00 
 2.599188770797565e-08  1.133514872952788e+00 
 2.601188770797565e-08  1.133312647383080e+00 
 2.603188770797565e-08  1.133110462231833e+00 
 2.605188770797565e-08  1.132908317489993e+00 
 2.607188770797564e-08  1.132706213150458e+00 
 2.609188770797564e-08  1.132504149204180e+00 
 2.611188770797564e-08  1.132302125644056e+00 
 2.613188770797564e-08  1.132100142461046e+00 
 2.615188770797564e-08  1.131898199648046e+00 
 2.617188770797564e-08  1.131696297196025e+00 
 2.619188770797564e-08  1.131494435097876e+00 
 2.621188770797564e-08  1.131292613344576e+00 
 2.623188770797564e-08  1.131090831929017e+00 
 2.625188770797564e-08  1.130889090842183e+00 
 2.627188770797564e-08  1.130687390076965e+00 
 2.629188770797564e-08  1.130485729624355e+00 
 2.631188770797564e-08  1.130284109477244e+00 
 2.633188770797564e-08  1.130082529626630e+00 
 2.635188770797564e-08  1.129880990065402e+00 
 2.637188770797564e-08  1.129679490784568e+00 
 2.639188770797564e-08  1.129478031777015e+00 
 2.641188770797564e-08  1.129276613033757e+00 
 2.643188770797564e-08  1.129075234547681e+00 
 2.645188770797564e-08  1.128873896309810e+00 
 2.647188770797564e-08  1.128672598313028e+00 
 2.649188770797563e-08  1.128471340548367e+00 
 2.651188770797563e-08  1.128270123008708e+00 
 2.653188770797563e-08  1.128068945685092e+00 
 2.655188770797563e-08  1.127867808570398e+00 
 2.657188770797563e-08  1.127666711655675e+00 
 2.659188770797563e-08  1.127465654933801e+00 
 2.661188770797563e-08  1.127264638395832e+00 
 2.663188770797563e-08  1.127063662034646e+00 
 2.665188770797563e-08  1.126862725841306e+00 
 2.667188770797563e-08  1.126661829808687e+00 
 2.669188770797563e-08  1.126460973927862e+00 
 2.671188770797563e-08  1.126260158191706e+00 
 2.673188770797563e-08  1.126059382591297e+00 
 2.675188770797563e-08  1.125858647119508e+00 
 2.677188770797563e-08  1.125657951767427e+00 
 2.679188770797563e-08  1.125457296527924e+00 
 2.681188770797563e-08  1.125256681392096e+00 
 2.683188770797563e-08  1.125056106352812e+00 
 2.685188770797563e-08  1.124855571401176e+00 
 2.687188770797563e-08  1.124655076530056e+00 
 2.689188770797562e-08  1.124454621730562e+00 
 2.691188770797562e-08  1.124254206995562e+00 
 2.693188770797562e-08  1.124053832316175e+00 
 2.695188770797562e-08  1.123853497685267e+00 
 2.697188770797562e-08  1.123653203093963e+00 
 2.699188770797562e-08  1.123452948535129e+00 
 2.701188770797562e-08  1.123252733999897e+00 
 2.703188770797562e-08  1.123052559481133e+00 
 2.705188770797562e-08  1.122852424969976e+00 
 2.707188770797562e-08  1.122652330459291e+00 
 2.709188770797562e-08  1.122452275940224e+00 
 2.711188770797562e-08  1.122252261405638e+00 
 2.713188770797562e-08  1.122052286846690e+00 
 2.715188770797562e-08  1.121852352256239e+00 
 2.717188770797562e-08  1.121652457625448e+00 
 2.719188770797562e-08  1.121452602947179e+00 
 2.721188770797562e-08  1.121252788212601e+00 
 2.723188770797562e-08  1.121053013414572e+00 
 2.725188770797562e-08  1.120853278544272e+00 
 2.727188770797562e-08  1.120653583594558e+00 
 2.729188770797562e-08  1.120453928556614e+00 
 2.731188770797561e-08  1.120254313423299e+00 
 2.733188770797561e-08  1.120054738185805e+00 
 2.735188770797561e-08  1.119855202836987e+00 
 2.737188770797561e-08  1.119655707368045e+00 
 2.739188770797561e-08  1.119456251771835e+00 
 2.741188770797561e-08  1.119256836039564e+00 
 2.743188770797561e-08  1.119057460164085e+00 
 2.745188770797561e-08  1.118858124136614e+00 
 2.747188770797561e-08  1.118658827950003e+00 
 2.749188770797561e-08  1.118459571595475e+00 
 2.751188770797561e-08  1.118260355065882e+00 
 2.753188770797561e-08  1.118061178352452e+00 
 2.755188770797561e-08  1.117862041448037e+00 
 2.757188770797561e-08  1.117662944343873e+00 
 2.759188770797561e-08  1.117463887032812e+00 
 2.761188770797561e-08  1.117264869506096e+00 
 2.763188770797561e-08  1.117065891756575e+00 
 2.765188770797561e-08  1.116866953775499e+00 
 2.767188770797561e-08  1.116668055555719e+00 
 2.769188770797561e-08  1.116469197088490e+00 
 2.771188770797561e-08  1.116270378366663e+00 
 2.773188770797560e-08  1.116071599381501e+00 
 2.775188770797560e-08  1.115872860125852e+00 
 2.777188770797560e-08  1.115674160590988e+00 
 2.779188770797560e-08  1.115475500769755e+00 
 2.781188770797560e-08  1.115276880653433e+00 
 2.783188770797560e-08  1.115078300234868e+00 
 2.785188770797560e-08  1.114879759505346e+00 
 2.787188770797560e-08  1.114681258457711e+00 
 2.789188770797560e-08  1.114482797083257e+00 
 2.791188770797560e-08  1.114284375374829e+00 
 2.793188770797560e-08  1.114085993323727e+00 
 2.795188770797560e-08  1.113887650922795e+00 
 2.797188770797560e-08  1.113689348163339e+00 
 2.799188770797560e-08  1.113491085038204e+00 
 2.801188770797560e-08  1.113292861538703e+00 
 2.803188770797560e-08  1.113094677657679e+00 
 2.805188770797560e-08  1.112896533386453e+00 
 2.807188770797560e-08  1.112698428717868e+00 
 2.809188770797560e-08  1.112500363643250e+00 
 2.811188770797560e-08  1.112302338155442e+00 
 2.813188770797560e-08  1.112104352245778e+00 
 2.815188770797559e-08  1.111906405907100e+00 
 2.817188770797559e-08  1.111708499130748e+00 
 2.819188770797559e-08  1.111510631909564e+00 
 2.821188770797559e-08  1.111312804234895e+00 
 2.823188770797559e-08  1.111115016099583e+00 
 2.825188770797559e-08  1.110917267494982e+00 
 2.827188770797559e-08  1.110719558413932e+00 
 2.829188770797559e-08  1.110521888847795e+00 
 2.831188770797559e-08  1.110324258789409e+00 
 2.833188770797559e-08  1.110126668230144e+00 
 2.835188770797559e-08  1.109929117162839e+00 
 2.837188770797559e-08  1.109731605578868e+00 
 2.839188770797559e-08  1.109534133471070e+00 
 2.841188770797559e-08  1.109336700830828e+00 
 2.843188770797559e-08  1.109139307650979e+00 
 2.845188770797559e-08  1.108941953922913e+00 
 2.847188770797559e-08  1.108744639639465e+00 
 2.849188770797559e-08  1.108547364792033e+00 
 2.851188770797559e-08  1.108350129373453e+00 
 2.853188770797559e-08  1.108152933375128e+00 
 2.855188770797558e-08  1.107955776789894e+00 
 2.857188770797558e-08  1.107758659609159e+00 
 2.859188770797558e-08  1.107561581825761e+00 
 2.861188770797558e-08  1.107364543431117e+00 
 2.863188770797558e-08  1.107167544418060e+00 
 2.865188770797558e-08  1.106970584778015e+00 
 2.867188770797558e-08  1.106773664503815e+00 
 2.869188770797558e-08  1.106576783586890e+00 
 2.871188770797558e-08  1.106379942020075e+00 
 2.873188770797558e-08  1.106183139794806e+00 
 2.875188770797558e-08  1.105986376903918e+00 
 2.877188770797558e-08  1.105789653338852e+00 
 2.879188770797558e-08  1.105592969092445e+00 
 2.881188770797558e-08  1.105396324156144e+00 
 2.883188770797558e-08  1.105199718522783e+00 
 2.885188770797558e-08  1.105003152183819e+00 
 2.887188770797558e-08  1.104806625132084e+00 
 2.889188770797558e-08  1.104610137359042e+00 
 2.891188770797558e-08  1.104413688857526e+00 
 2.893188770797558e-08  1.104217279619004e+00 
 2.895188770797558e-08  1.104020909636309e+00 
 2.897188770797557e-08  1.103824578900917e+00 
 2.899188770797557e-08  1.103628287405661e+00 
 2.901188770797557e-08  1.103432035142023e+00 
 2.903188770797557e-08  1.103235822102834e+00 
 2.905188770797557e-08  1.103039648279585e+00 
 2.907188770797557e-08  1.102843513665106e+00 
 2.909188770797557e-08  1.102647418250893e+00 
 2.911188770797557e-08  1.102451362029778e+00 
 2.913188770797557e-08  1.102255344993263e+00 
 2.915188770797557e-08  1.102059367134179e+00 
 2.917188770797557e-08  1.101863428444034e+00 
 2.919188770797557e-08  1.101667528915660e+00 
 2.921188770797557e-08  1.101471668540571e+00 
 2.923188770797557e-08  1.101275847311600e+00 
 2.925188770797557e-08  1.101080065220266e+00 
 2.927188770797557e-08  1.100884322259401e+00 
 2.929188770797557e-08  1.100688618420532e+00 
 2.931188770797557e-08  1.100492953696490e+00 
 2.933188770797557e-08  1.100297328078810e+00 
 2.935188770797557e-08  1.100101741560321e+00 
 2.937188770797557e-08  1.099906194132564e+00 
 2.939188770797556e-08  1.099710685788370e+00 
 2.941188770797556e-08  1.099515216519285e+00 
 2.943188770797556e-08  1.099319786318140e+00 
 2.945188770797556e-08  1.099124395176488e+00 
 2.947188770797556e-08  1.098929043087159e+00 
 2.949188770797556e-08  1.098733730041713e+00 
 2.951188770797556e-08  1.098538456032979e+00 
 2.953188770797556e-08  1.098343221052524e+00 
 2.955188770797556e-08  1.098148025093178e+00 
 2.957188770797556e-08  1.097952868146513e+00 
 2.959188770797556e-08  1.097757750205359e+00 
 2.961188770797556e-08  1.097562671261293e+00 
 2.963188770797556e-08  1.097367631307147e+00 
 2.965188770797556e-08  1.097172630334504e+00 
 2.967188770797556e-08  1.096977668336196e+00 
 2.969188770797556e-08  1.096782745303811e+00 
 2.971188770797556e-08  1.096587861230182e+00 
 2.973188770797556e-08  1.096393016106905e+00 
 2.975188770797556e-08  1.096198209926809e+00 
 2.977188770797556e-08  1.096003442681499e+00 
 2.979188770797555e-08  1.095808714363804e+00 
 2.981188770797556e-08  1.095614024965333e+00 
 2.983188770797556e-08  1.095419374478918e+00 
 2.985188770797556e-08  1.095224762896173e+00 
 2.987188770797557e-08  1.095030190209928e+00 
 2.989188770797557e-08  1.094835656411805e+00 
 2.991188770797557e-08  1.094641161494636e+00 
 2.993188770797557e-08  1.094446705450046e+00 
 2.995188770797558e-08  1.094252288270867e+00 
 2.997188770797558e-08  1.094057909948732e+00 
 2.999188770797558e-08  1.093863570476473e+00 
 3.001188770797559e-08  1.093669269845729e+00 
 3.003188770797559e-08  1.093475008049331e+00 
 3.005188770797559e-08  1.093280785078925e+00 
 3.007188770797559e-08  1.093086600927341e+00 
 3.009188770797560e-08  1.092892455586233e+00 
 3.011188770797560e-08  1.092698349048431e+00 
 3.013188770797560e-08  1.092504281305592e+00 
 3.015188770797561e-08  1.092310252350550e+00 
 3.017188770797561e-08  1.092116262174966e+00 
 3.019188770797561e-08  1.091922310771673e+00 
 3.021188770797561e-08  1.091728398132341e+00 
 3.023188770797562e-08  1.091534524249802e+00 
 3.025188770797562e-08  1.091340689115731e+00 
 3.027188770797562e-08  1.091146892722960e+00 
 3.029188770797563e-08  1.090953135063171e+00 
 3.031188770797563e-08  1.090759416129198e+00 
 3.033188770797563e-08  1.090565735912727e+00 
 3.035188770797563e-08  1.090372094406590e+00 
 3.037188770797564e-08  1.090178491602483e+00 
 3.039188770797564e-08  1.089984927493237e+00 
 3.041188770797564e-08  1.089791402070552e+00 
 3.043188770797565e-08  1.089597915327261e+00 
 3.045188770797565e-08  1.089404467255070e+00 
 3.047188770797565e-08  1.089211057846812e+00 
 3.049188770797565e-08  1.089017687094198e+00 
 3.051188770797566e-08  1.088824354990063e+00 
 3.053188770797566e-08  1.088631061526123e+00 
 3.055188770797566e-08  1.088437806695212e+00 
 3.057188770797567e-08  1.088244590489054e+00 
 3.059188770797567e-08  1.088051412900483e+00 
 3.061188770797567e-08  1.087858273921227e+00 
 3.063188770797567e-08  1.087665173544123e+00 
 3.065188770797568e-08  1.087472111760903e+00 
 3.067188770797568e-08  1.087279088564403e+00 
 3.069188770797568e-08  1.087086103946364e+00 
 3.071188770797568e-08  1.086893157899622e+00 
 3.073188770797569e-08  1.086700250415922e+00 
 3.075188770797569e-08  1.086507381488101e+00 
 3.077188770797569e-08  1.086314551107910e+00 
 3.079188770797570e-08  1.086121759268186e+00 
 3.081188770797570e-08  1.085929005960686e+00 
 3.083188770797570e-08  1.085736291178248e+00 
 3.085188770797570e-08  1.085543614912635e+00 
 3.087188770797571e-08  1.085350977156683e+00 
 3.089188770797571e-08  1.085158377902163e+00 
 3.091188770797571e-08  1.084965817141911e+00 
 3.093188770797572e-08  1.084773294867703e+00 
 3.095188770797572e-08  1.084580811072377e+00 
 3.097188770797572e-08  1.084388365747712e+00 
 3.099188770797572e-08  1.084195958886549e+00 
 3.101188770797573e-08  1.084003590480673e+00 
 3.103188770797573e-08  1.083811260522923e+00 
 3.105188770797573e-08  1.083618969005090e+00 
 3.107188770797574e-08  1.083426715920016e+00 
 3.109188770797574e-08  1.083234501259496e+00 
 3.111188770797574e-08  1.083042325016372e+00 
 3.113188770797574e-08  1.082850187182446e+00 
 3.115188770797575e-08  1.082658087750559e+00 
 3.117188770797575e-08  1.082466026712520e+00 
 3.119188770797575e-08  1.082274004061169e+00 
 3.121188770797576e-08  1.082082019788322e+00 
 3.123188770797576e-08  1.081890073886819e+00 
 3.125188770797576e-08  1.081698166348481e+00 
 3.127188770797576e-08  1.081506297166151e+00 
 3.129188770797577e-08  1.081314466331652e+00 
 3.131188770797577e-08  1.081122673837829e+00 
 3.133188770797577e-08  1.080930919676512e+00 
 3.135188770797578e-08  1.080739203840544e+00 
 3.137188770797578e-08  1.080547526321763e+00 
 3.139188770797578e-08  1.080355887113012e+00 
 3.141188770797578e-08  1.080164286206132e+00 
 3.143188770797579e-08  1.079972723593970e+00 
 3.145188770797579e-08  1.079781199268372e+00 
 3.147188770797579e-08  1.079589713222185e+00 
 3.149188770797580e-08  1.079398265447260e+00 
 3.151188770797580e-08  1.079206855936443e+00 
 3.153188770797580e-08  1.079015484681594e+00 
 3.155188770797580e-08  1.078824151675559e+00 
 3.157188770797581e-08  1.078632856910201e+00 
 3.159188770797581e-08  1.078441600378368e+00 
 3.161188770797581e-08  1.078250382071930e+00 
 3.163188770797581e-08  1.078059201983734e+00 
 3.165188770797582e-08  1.077868060105655e+00 
 3.167188770797582e-08  1.077676956430541e+00 
 3.169188770797582e-08  1.077485890950273e+00 
 3.171188770797583e-08  1.077294863657700e+00 
 3.173188770797583e-08  1.077103874544709e+00 
 3.175188770797583e-08  1.076912923604147e+00 
 3.177188770797583e-08  1.076722010827908e+00 
 3.179188770797584e-08  1.076531136208841e+00 
 3.181188770797584e-08  1.076340299738843e+00 
 3.183188770797584e-08  1.076149501410766e+00 
 3.185188770797585e-08  1.075958741216510e+00 
 3.187188770797585e-08  1.075768019148929e+00 
 3.189188770797585e-08  1.075577335199929e+00 
 3.191188770797585e-08  1.075386689362363e+00 
 3.193188770797586e-08  1.075196081628144e+00 
 3.195188770797586e-08  1.075005511990126e+00 
 3.197188770797586e-08  1.074814980440226e+00 
 3.199188770797587e-08  1.074624486971300e+00 
 3.201188770797587e-08  1.074434031575269e+00 
 3.203188770797587e-08  1.074243614244988e+00 
 3.205188770797587e-08  1.074053234972388e+00 
 3.207188770797588e-08  1.073862893750323e+00 
 3.209188770797588e-08  1.073672590570726e+00 
 3.211188770797588e-08  1.073482325426455e+00 
 3.213188770797589e-08  1.073292098309450e+00 
 3.215188770797589e-08  1.073101909212568e+00 
 3.217188770797589e-08  1.072911758127752e+00 
 3.219188770797589e-08  1.072721645047861e+00 
 3.221188770797590e-08  1.072531569964845e+00 
 3.223188770797590e-08  1.072341532871563e+00 
 3.225188770797590e-08  1.072151533759970e+00 
 3.227188770797591e-08  1.071961572622925e+00 
 3.229188770797591e-08  1.071771649452389e+00 
 3.231188770797591e-08  1.071581764241223e+00 
 3.233188770797591e-08  1.071391916981392e+00 
 3.235188770797592e-08  1.071202107665757e+00 
 3.237188770797592e-08  1.071012336286289e+00 
 3.239188770797592e-08  1.070822602835851e+00 
 3.241188770797593e-08  1.070632907306418e+00 
 3.243188770797593e-08  1.070443249690854e+00 
 3.245188770797593e-08  1.070253629981140e+00 
 3.247188770797593e-08  1.070064048170139e+00 
 3.249188770797594e-08  1.069874504249838e+00 
 3.251188770797594e-08  1.069684998213102e+00 
 3.253188770797594e-08  1.069495530051922e+00 
 3.255188770797594e-08  1.069306099759165e+00 
 3.257188770797595e-08  1.069116707326827e+00 
 3.259188770797595e-08  1.068927352747774e+00 
 3.261188770797595e-08  1.068738036014009e+00 
 3.263188770797596e-08  1.068548757118399e+00 
 3.265188770797596e-08  1.068359516052950e+00 
 3.267188770797596e-08  1.068170312810532e+00 
 3.269188770797596e-08  1.067981147383157e+00 
 3.271188770797597e-08  1.067792019763694e+00 
 3.273188770797597e-08  1.067602929944160e+00 
 3.275188770797597e-08  1.067413877917425e+00 
 3.277188770797598e-08  1.067224863675512e+00 
 3.279188770797598e-08  1.067035887211291e+00 
 3.281188770797598e-08  1.066846948516792e+00 
 3.283188770797598e-08  1.066658047584885e+00 
 3.285188770797599e-08  1.066469184407604e+00 
 3.287188770797599e-08  1.066280358977820e+00 
 3.289188770797599e-08  1.066091571287574e+00 
 3.291188770797600e-08  1.065902821329736e+00 
 3.293188770797600e-08  1.065714109096352e+00 
 3.295188770797600e-08  1.065525434580294e+00 
 3.297188770797600e-08  1.065336797773613e+00 
 3.299188770797601e-08  1.065148198669183e+00 
 3.301188770797601e-08  1.064959637259058e+00 
 3.303188770797601e-08  1.064771113536113e+00 
 3.305188770797602e-08  1.064582627492409e+00 
 3.307188770797602e-08  1.064394179120821e+00 
 3.309188770797602e-08  1.064205768413414e+00 
 3.311188770797602e-08  1.064017395363065e+00 
 3.313188770797603e-08  1.063829059961843e+00 
 3.315188770797603e-08  1.063640762202628e+00 
 3.317188770797603e-08  1.063452502077493e+00 
 3.319188770797604e-08  1.063264279579319e+00 
 3.321188770797604e-08  1.063076094700183e+00 
 3.323188770797604e-08  1.062887947432967e+00 
 3.325188770797604e-08  1.062699837769756e+00 
 3.327188770797605e-08  1.062511765703431e+00 
 3.329188770797605e-08  1.062323731226081e+00 
 3.331188770797605e-08  1.062135734330590e+00 
 3.333188770797606e-08  1.061947775009050e+00 
 3.335188770797606e-08  1.061759853254346e+00 
 3.337188770797606e-08  1.061571969058578e+00 
 3.339188770797606e-08  1.061384122414629e+00 
 3.341188770797607e-08  1.061196313314603e+00 
 3.343188770797607e-08  1.061008541751387e+00 
 3.345188770797607e-08  1.060820807717090e+00 
 3.347188770797607e-08  1.060633111204600e+00 
 3.349188770797608e-08  1.060445452206028e+00 
 3.351188770797608e-08  1.060257830714266e+00 
 3.353188770797608e-08  1.060070246721429e+00 
 3.355188770797609e-08  1.059882700220408e+00 
 3.357188770797609e-08  1.059695191203326e+00 
 3.359188770797609e-08  1.059507719663074e+00 
 3.361188770797609e-08  1.059320285591780e+00 
 3.363188770797610e-08  1.059132888982337e+00 
 3.365188770797610e-08  1.058945529826876e+00 
 3.367188770797610e-08  1.058758208118291e+00 
 3.369188770797611e-08  1.058570923848720e+00 
 3.371188770797611e-08  1.058383677011057e+00 
 3.373188770797611e-08  1.058196467597444e+00 
 3.375188770797611e-08  1.058009295600777e+00 
 3.377188770797612e-08  1.057822161013203e+00 
 3.379188770797612e-08  1.057635063827620e+00 
 3.381188770797612e-08  1.057448004036178e+00 
 3.383188770797613e-08  1.057260981631776e+00 
 3.385188770797613e-08  1.057073996606571e+00 
 3.387188770797613e-08  1.056887048953461e+00 
 3.389188770797613e-08  1.056700138664608e+00 
 3.391188770797614e-08  1.056513265732913e+00 
 3.393188770797614e-08  1.056326430150542e+00 
 3.395188770797614e-08  1.056139631910396e+00 
 3.397188770797615e-08  1.055952871004647e+00 
 3.399188770797615e-08  1.055766147426197e+00 
 3.401188770797615e-08  1.055579461167222e+00 
 3.403188770797615e-08  1.055392812220627e+00 
 3.405188770797616e-08  1.055206200578590e+00 
 3.407188770797616e-08  1.055019626234018e+00 
 3.409188770797616e-08  1.054833089179097e+00 
 3.411188770797617e-08  1.054646589406732e+00 
 3.413188770797617e-08  1.054460126909114e+00 
 3.415188770797617e-08  1.054273701679149e+00 
 3.417188770797617e-08  1.054087313709033e+00 
 3.419188770797618e-08  1.053900962991675e+00 
 3.421188770797618e-08  1.053714649519276e+00 
 3.423188770797618e-08  1.053528373284743e+00 
 3.425188770797619e-08  1.053342134280282e+00 
 3.427188770797619e-08  1.053155932498804e+00 
 3.429188770797619e-08  1.052969767932518e+00 
 3.431188770797619e-08  1.052783640574335e+00 
 3.433188770797620e-08  1.052597550416472e+00 
 3.435188770797620e-08  1.052411497451841e+00 
 3.437188770797620e-08  1.052225481672660e+00 
 3.439188770797620e-08  1.052039503071843e+00 
 3.441188770797621e-08  1.051853561641615e+00 
 3.443188770797621e-08  1.051667657374892e+00 
 3.445188770797621e-08  1.051481790263900e+00 
 3.447188770797622e-08  1.051295960301559e+00 
 3.449188770797622e-08  1.051110167480100e+00 
 3.451188770797622e-08  1.050924411792442e+00 
 3.453188770797622e-08  1.050738693230823e+00 
 3.455188770797623e-08  1.050553011788162e+00 
 3.457188770797623e-08  1.050367367456701e+00 
 3.459188770797623e-08  1.050181760229361e+00 
 3.461188770797624e-08  1.049996190098389e+00 
 3.463188770797624e-08  1.049810657056708e+00 
 3.465188770797624e-08  1.049625161096568e+00 
 3.467188770797624e-08  1.049439702210893e+00 
 3.469188770797625e-08  1.049254280391939e+00 
 3.471188770797625e-08  1.049068895632631e+00 
 3.473188770797625e-08  1.048883547925230e+00 
 3.475188770797626e-08  1.048698237262663e+00 
 3.477188770797626e-08  1.048512963637193e+00 
 3.479188770797626e-08  1.048327727041748e+00 
 3.481188770797626e-08  1.048142527468599e+00 
 3.483188770797627e-08  1.047957364910675e+00 
 3.485188770797627e-08  1.047772239360250e+00 
 3.487188770797627e-08  1.047587150810253e+00 
 3.489188770797628e-08  1.047402099252965e+00 
 3.491188770797628e-08  1.047217084681315e+00 
 3.493188770797628e-08  1.047032107087589e+00 
 3.495188770797628e-08  1.046847166464718e+00 
 3.497188770797629e-08  1.046662262804991e+00 
 3.499188770797629e-08  1.046477396101343e+00 
 3.501188770797629e-08  1.046292566346065e+00 
 3.503188770797630e-08  1.046107773532094e+00 
 3.505188770797630e-08  1.045923017651727e+00 
 3.507188770797630e-08  1.045738298697900e+00 
 3.509188770797630e-08  1.045553616662915e+00 
 3.511188770797631e-08  1.045368971539711e+00 
 3.513188770797631e-08  1.045184363320593e+00 
 3.515188770797631e-08  1.044999791998502e+00 
 3.517188770797632e-08  1.044815257565749e+00 
 3.519188770797632e-08  1.044630760015274e+00 
 3.521188770797632e-08  1.044446299339392e+00 
 3.523188770797632e-08  1.044261875531047e+00 
 3.525188770797633e-08  1.044077488582558e+00 
 3.527188770797633e-08  1.043893138486869e+00 
 3.529188770797633e-08  1.043708825236304e+00 
 3.531188770797633e-08  1.043524548823808e+00 
 3.533188770797634e-08  1.043340309241710e+00 
 3.535188770797634e-08  1.043156106482957e+00 
 3.537188770797634e-08  1.042971940539883e+00 
 3.539188770797635e-08  1.042787811405434e+00 
 3.541188770797635e-08  1.042603719071949e+00 
 3.543188770797635e-08  1.042419663532377e+00 
 3.545188770797635e-08  1.042235644779061e+00 
 3.547188770797636e-08  1.042051662804952e+00 
 3.549188770797636e-08  1.041867717602396e+00 
 3.551188770797636e-08  1.041683809164344e+00 
 3.553188770797637e-08  1.041499937483150e+00 
 3.555188770797637e-08  1.041316102551765e+00 
 3.557188770797637e-08  1.041132304362546e+00 
 3.559188770797637e-08  1.040948542908448e+00 
 3.561188770797638e-08  1.040764818181832e+00 
 3.563188770797638e-08  1.040581130175652e+00 
 3.565188770797638e-08  1.040397478882275e+00 
 3.567188770797639e-08  1.040213864294657e+00 
 3.569188770797639e-08  1.040030286405169e+00 
 3.571188770797639e-08  1.039846745206769e+00 
 3.573188770797639e-08  1.039663240691830e+00 
 3.575188770797640e-08  1.039479772853314e+00 
 3.577188770797640e-08  1.039296341683598e+00 
 3.579188770797640e-08  1.039112947175645e+00 
 3.581188770797641e-08  1.038929589321836e+00 
 3.583188770797641e-08  1.038746268115136e+00 
 3.585188770797641e-08  1.038562983547930e+00 
 3.587188770797641e-08  1.038379735613186e+00 
 3.589188770797642e-08  1.038196524303292e+00 
 3.591188770797642e-08  1.038013349611217e+00 
 3.593188770797642e-08  1.037830211529355e+00 
 3.595188770797643e-08  1.037647110050674e+00 
 3.597188770797643e-08  1.037464045167575e+00 
 3.599188770797643e-08  1.037281016873026e+00 
 3.601188770797643e-08  1.037098025159432e+00 
 3.603188770797644e-08  1.036915070019765e+00 
 3.605188770797644e-08  1.036732151446431e+00 
 3.607188770797644e-08  1.036549269432405e+00 
 3.609188770797645e-08  1.036366423970099e+00 
 3.611188770797645e-08  1.036183615052487e+00 
 3.613188770797645e-08  1.036000842671985e+00 
 3.615188770797645e-08  1.035818106821571e+00 
 3.617188770797646e-08  1.035635407493664e+00 
 3.619188770797646e-08  1.035452744681243e+00 
 3.621188770797646e-08  1.035270118376733e+00 
 3.623188770797646e-08  1.035087528573113e+00 
 3.625188770797647e-08  1.034904975262812e+00 
 3.627188770797647e-08  1.034722458438812e+00 
 3.629188770797647e-08  1.034539978093546e+00 
 3.631188770797648e-08  1.034357534219997e+00 
 3.633188770797648e-08  1.034175126810602e+00 
 3.635188770797648e-08  1.033992755858345e+00 
 3.637188770797648e-08  1.033810421355669e+00 
 3.639188770797649e-08  1.033628123295559e+00 
 3.641188770797649e-08  1.033445861670461e+00 
 3.643188770797649e-08  1.033263636473364e+00 
 3.645188770797650e-08  1.033081447696717e+00 
 3.647188770797650e-08  1.032899295333509e+00 
 3.649188770797650e-08  1.032717179376196e+00 
 3.651188770797650e-08  1.032535099817767e+00 
 3.653188770797651e-08  1.032353056650682e+00 
 3.655188770797651e-08  1.032171049867932e+00 
 3.657188770797651e-08  1.031989079461982e+00 
 3.659188770797652e-08  1.031807145425823e+00 
 3.661188770797652e-08  1.031625247751925e+00 
 3.663188770797652e-08  1.031443386433282e+00 
 3.665188770797652e-08  1.031261561462366e+00 
 3.667188770797653e-08  1.031079772832173e+00 
 3.669188770797653e-08  1.030898020535181e+00 
 3.671188770797653e-08  1.030716304564386e+00 
 3.673188770797654e-08  1.030534624912269e+00 
 3.675188770797654e-08  1.030352981571831e+00 
 3.677188770797654e-08  1.030171374535555e+00 
 3.679188770797654e-08  1.029989803796443e+00 
 3.681188770797655e-08  1.029808269346984e+00 
 3.683188770797655e-08  1.029626771180181e+00 
 3.685188770797655e-08  1.029445309288526e+00 
 3.687188770797656e-08  1.029263883665025e+00 
 3.689188770797656e-08  1.029082494302175e+00 
 3.691188770797656e-08  1.028901141192981e+00 
 3.693188770797656e-08  1.028719824329944e+00 
 3.695188770797657e-08  1.028538543706074e+00 
 3.697188770797657e-08  1.028357299313875e+00 
 3.699188770797657e-08  1.028176091146357e+00 
 3.701188770797658e-08  1.027994919196028e+00 
 3.703188770797658e-08  1.027813783455902e+00 
 3.705188770797658e-08  1.027632683918491e+00 
 3.707188770797658e-08  1.027451620576807e+00 
 3.709188770797659e-08  1.027270593423370e+00 
 3.711188770797659e-08  1.027089602451193e+00 
 3.713188770797659e-08  1.026908647652798e+00 
 3.715188770797659e-08  1.026727729021202e+00 
 3.717188770797660e-08  1.026546846548930e+00 
 3.719188770797660e-08  1.026366000229000e+00 
 3.721188770797660e-08  1.026185190053943e+00 
 3.723188770797661e-08  1.026004416016778e+00 
 3.725188770797661e-08  1.025823678110038e+00 
 3.727188770797661e-08  1.025642976326746e+00 
 3.729188770797661e-08  1.025462310659440e+00 
 3.731188770797662e-08  1.025281681101142e+00 
 3.733188770797662e-08  1.025101087644396e+00 
 3.735188770797662e-08  1.024920530282225e+00 
 3.737188770797663e-08  1.024740009007176e+00 
 3.739188770797663e-08  1.024559523812276e+00 
 3.741188770797663e-08  1.024379074690075e+00 
 3.743188770797663e-08  1.024198661633601e+00 
 3.745188770797664e-08  1.024018284635407e+00 
 3.747188770797664e-08  1.023837943688525e+00 
 3.749188770797664e-08  1.023657638785513e+00 
 3.751188770797665e-08  1.023477369919402e+00 
 3.753188770797665e-08  1.023297137082755e+00 
 3.755188770797665e-08  1.023116940268605e+00 
 3.757188770797665e-08  1.022936779469519e+00 
 3.759188770797666e-08  1.022756654678532e+00 
 3.761188770797666e-08  1.022576565888214e+00 
 3.763188770797666e-08  1.022396513091602e+00 
 3.765188770797667e-08  1.022216496281271e+00 
 3.767188770797667e-08  1.022036515450260e+00 
 3.769188770797667e-08  1.021856570591146e+00 
 3.771188770797667e-08  1.021676661696971e+00 
 3.773188770797668e-08  1.021496788760316e+00 
 3.775188770797668e-08  1.021316951774224e+00 
 3.777188770797668e-08  1.021137150731281e+00 
 3.779188770797669e-08  1.020957385624532e+00 
 3.781188770797669e-08  1.020777656446565e+00 
 3.783188770797669e-08  1.020597963190428e+00 
 3.785188770797669e-08  1.020418305848715e+00 
 3.787188770797670e-08  1.020238684414472e+00 
 3.789188770797670e-08  1.020059098880299e+00 
 3.791188770797670e-08  1.019879549239244e+00 
 3.793188770797671e-08  1.019700035483911e+00 
 3.795188770797671e-08  1.019520557607350e+00 
 3.797188770797671e-08  1.019341115602167e+00 
 3.799188770797671e-08  1.019161709461415e+00 
 3.801188770797672e-08  1.018982339177704e+00 
 3.803188770797672e-08  1.018803004744089e+00 
 3.805188770797672e-08  1.018623706153185e+00 
 3.807188770797672e-08  1.018444443398046e+00 
 3.809188770797673e-08  1.018265216471293e+00 
 3.811188770797673e-08  1.018086025365982e+00 
 3.813188770797673e-08  1.017906870074736e+00 
 3.815188770797674e-08  1.017727750590614e+00 
 3.817188770797674e-08  1.017548666906243e+00 
 3.819188770797674e-08  1.017369619014684e+00 
 3.821188770797674e-08  1.017190606908568e+00 
 3.823188770797675e-08  1.017011630580957e+00 
 3.825188770797675e-08  1.016832690024486e+00 
 3.827188770797675e-08  1.016653785232220e+00 
 3.829188770797676e-08  1.016474916196796e+00 
 3.831188770797676e-08  1.016296082911282e+00 
 3.833188770797676e-08  1.016117285368320e+00 
 3.835188770797676e-08  1.015938523560977e+00 
 3.837188770797677e-08  1.015759797481901e+00 
 3.839188770797677e-08  1.015581107124162e+00 
 3.841188770797677e-08  1.015402452480409e+00 
 3.843188770797678e-08  1.015223833543714e+00 
 3.845188770797678e-08  1.015045250306732e+00 
 3.847188770797678e-08  1.014866702762536e+00 
 3.849188770797678e-08  1.014688190903783e+00 
 3.851188770797679e-08  1.014509714723550e+00 
 3.853188770797679e-08  1.014331274214499e+00 
 3.855188770797679e-08  1.014152869369707e+00 
 3.857188770797680e-08  1.013974500181838e+00 
 3.859188770797680e-08  1.013796166643973e+00 
 3.861188770797680e-08  1.013617868748780e+00 
 3.863188770797680e-08  1.013439606489343e+00 
 3.865188770797681e-08  1.013261379858332e+00 
 3.867188770797681e-08  1.013083188848831e+00 
 3.869188770797681e-08  1.012905033453519e+00 
 3.871188770797682e-08  1.012726913665478e+00 
 3.873188770797682e-08  1.012548829477390e+00 
 3.875188770797682e-08  1.012370780882342e+00 
 3.877188770797682e-08  1.012192767873019e+00 
 3.879188770797683e-08  1.012014790442508e+00 
 3.881188770797683e-08  1.011836848583500e+00 
 3.883188770797683e-08  1.011658942289084e+00 
 3.885188770797684e-08  1.011481071551952e+00 
 3.887188770797684e-08  1.011303236365197e+00 
 3.889188770797684e-08  1.011125436721516e+00 
 3.891188770797684e-08  1.010947672614002e+00 
 3.893188770797685e-08  1.010769944035355e+00 
 3.895188770797685e-08  1.010592250978670e+00 
 3.897188770797685e-08  1.010414593436654e+00 
 3.899188770797685e-08  1.010236971402402e+00 
 3.901188770797686e-08  1.010059384868623e+00 
 3.903188770797686e-08  1.009881833828416e+00 
 3.905188770797686e-08  1.009704318274494e+00 
 3.907188770797687e-08  1.009526838199956e+00 
 3.909188770797687e-08  1.009349393597520e+00 
 3.911188770797687e-08  1.009171984460287e+00 
 3.913188770797687e-08  1.008994610780978e+00 
 3.915188770797688e-08  1.008817272552698e+00 
 3.917188770797688e-08  1.008639969768169e+00 
 3.919188770797688e-08  1.008462702420499e+00 
 3.921188770797689e-08  1.008285470502414e+00 
 3.923188770797689e-08  1.008108274007024e+00 
 3.925188770797689e-08  1.007931112927059e+00 
 3.927188770797689e-08  1.007753987255629e+00 
 3.929188770797690e-08  1.007576896985470e+00 
 3.931188770797690e-08  1.007399842109693e+00 
 3.933188770797690e-08  1.007222822621038e+00 
 3.935188770797691e-08  1.007045838512619e+00 
 3.937188770797691e-08  1.006868889777176e+00 
 3.939188770797691e-08  1.006691976407829e+00 
 3.941188770797691e-08  1.006515098397321e+00 
 3.943188770797692e-08  1.006338255738771e+00 
 3.945188770797692e-08  1.006161448424928e+00 
 3.947188770797692e-08  1.005984676448914e+00 
 3.949188770797693e-08  1.005807939803480e+00 
 3.951188770797693e-08  1.005631238481749e+00 
 3.953188770797693e-08  1.005454572476478e+00 
 3.955188770797693e-08  1.005277941780792e+00 
 3.957188770797694e-08  1.005101346387451e+00 
 3.959188770797694e-08  1.004924786289579e+00 
 3.961188770797694e-08  1.004748261479944e+00 
 3.963188770797695e-08  1.004571771951672e+00 
 3.965188770797695e-08  1.004395317697530e+00 
 3.967188770797695e-08  1.004218898710649e+00 
 3.969188770797695e-08  1.004042514983802e+00 
 3.971188770797696e-08  1.003866166510119e+00 
 3.973188770797696e-08  1.003689853282375e+00 
 3.975188770797696e-08  1.003513575293706e+00 
 3.977188770797697e-08  1.003337332536890e+00 
 3.979188770797697e-08  1.003161125005062e+00 
 3.981188770797697e-08  1.002984952691006e+00 
 3.983188770797697e-08  1.002808815587859e+00 
 3.985188770797698e-08  1.002632713688408e+00 
 3.987188770797698e-08  1.002456646985791e+00 
 3.989188770797698e-08  1.002280615472801e+00 
 3.991188770797698e-08  1.002104619142577e+00 
 3.993188770797699e-08  1.001928657987915e+00 
 3.995188770797699e-08  1.001752732001956e+00 
 3.997188770797699e-08  1.001576841177499e+00 
 3.999188770797700e-08  1.001400985507690e+00 
 4.001188770797700e-08  1.001225164985329e+00 
 4.003188770797700e-08  1.001049379603564e+00 
 4.005188770797700e-08  1.000873629355199e+00 
 4.007188770797701e-08  1.000697914233385e+00 
 4.009188770797701e-08  1.000522234230930e+00 
 4.011188770797701e-08  1.000346589340984e+00 
 4.013188770797702e-08  1.000170979556360e+00 
 4.015188770797702e-08  9.999954048702113e-01 
 4.017188770797702e-08  9.998198652753543e-01 
 4.019188770797702e-08  9.996443607649435e-01 
 4.021188770797703e-08  9.994688913317986e-01 
 4.023188770797703e-08  9.992934569690767e-01 
 4.025188770797703e-08  9.991180576696014e-01 
 4.027188770797704e-08  9.989426934265313e-01 
 4.029188770797704e-08  9.987673642326933e-01 
 4.031188770797704e-08  9.985920700812482e-01 
 4.033188770797704e-08  9.984168109650268e-01 
 4.035188770797705e-08  9.982415868771920e-01 
 4.037188770797705e-08  9.980663978105786e-01 
 4.039188770797705e-08  9.978912437583501e-01 
 4.041188770797706e-08  9.977161247133456e-01 
 4.043188770797706e-08  9.975410406687315e-01 
 4.045188770797706e-08  9.973659916173488e-01 
 4.047188770797706e-08  9.971909775523666e-01 
 4.049188770797707e-08  9.970159984666304e-01 
 4.051188770797707e-08  9.968410543533103e-01 
 4.053188770797707e-08  9.966661452052554e-01 
 4.055188770797708e-08  9.964912710156388e-01 
 4.057188770797708e-08  9.963164317773126e-01 
 4.059188770797708e-08  9.961416274834508e-01 
 4.061188770797708e-08  9.959668581269099e-01 
 4.063188770797709e-08  9.957921237008663e-01 
 4.065188770797709e-08  9.956174241981801e-01 
 4.067188770797709e-08  9.954427596120295e-01 
 4.069188770797710e-08  9.952681299352779e-01 
 4.071188770797710e-08  9.950935351611054e-01 
 4.073188770797710e-08  9.949189752823795e-01 
 4.075188770797710e-08  9.947444502922828e-01 
 4.077188770797711e-08  9.945699601836849e-01 
 4.079188770797711e-08  9.943955049497708e-01 
 4.081188770797711e-08  9.942210845834146e-01 
 4.083188770797711e-08  9.940466990778030e-01 
 4.085188770797712e-08  9.938723484258132e-01 
 4.087188770797712e-08  9.936980326206336e-01 
 4.089188770797712e-08  9.935237516551458e-01 
 4.091188770797713e-08  9.933495055225399e-01 
 4.093188770797713e-08  9.931752942157007e-01 
 4.095188770797713e-08  9.930011177278215e-01 
 4.097188770797713e-08  9.928269760517895e-01 
 4.099188770797714e-08  9.926528691807994e-01 
 4.101188770797714e-08  9.924787971077434e-01 
 4.103188770797714e-08  9.923047598258181e-01 
 4.105188770797715e-08  9.921307573279187e-01 
 4.107188770797715e-08  9.919567896072438e-01 
 4.109188770797715e-08  9.917828566566920e-01 
 4.111188770797715e-08  9.916089584694643e-01 
 4.113188770797716e-08  9.914350950384626e-01 
 4.115188770797716e-08  9.912612663568900e-01 
 4.117188770797716e-08  9.910874724176528e-01 
 4.119188770797717e-08  9.909137132139549e-01 
 4.121188770797717e-08  9.907399887387063e-01 
 4.123188770797717e-08  9.905662989851133e-01 
 4.125188770797717e-08  9.903926439460886e-01 
 4.127188770797718e-08  9.902190236148416e-01 
 4.129188770797718e-08  9.900454379842889e-01 
 4.131188770797718e-08  9.898718870476404e-01 
 4.133188770797719e-08  9.896983707978169e-01 
 4.135188770797719e-08  9.895248892280308e-01 
 4.137188770797719e-08  9.893514423312056e-01 
 4.139188770797719e-08  9.891780301005565e-01 
 4.141188770797720e-08  9.890046525290104e-01 
 4.143188770797720e-08  9.888313096097839e-01 
 4.145188770797720e-08  9.886580013358082e-01 
 4.147188770797721e-08  9.884847277003017e-01 
 4.149188770797721e-08  9.883114886961981e-01 
 4.151188770797721e-08  9.881382843167187e-01 
 4.153188770797721e-08  9.879651145548007e-01 
 4.155188770797722e-08  9.877919794036674e-01 
 4.157188770797722e-08  9.876188788562595e-01 
 4.159188770797722e-08  9.874458129058029e-01 
 4.161188770797723e-08  9.872727815452416e-01 
 4.163188770797723e-08  9.870997847678022e-01 
 4.165188770797723e-08  9.869268225664329e-01 
 4.167188770797723e-08  9.867538949343632e-01 
 4.169188770797724e-08  9.865810018645442e-01 
 4.171188770797724e-08  9.864081433502073e-01 
 4.173188770797724e-08  9.862353193843074e-01 
 4.175188770797724e-08  9.860625299600774e-01 
 4.177188770797725e-08  9.858897750704756e-01 
 4.179188770797725e-08  9.857170547087378e-01 
 4.181188770797725e-08  9.855443688678256e-01 
 4.183188770797726e-08  9.853717175409764e-01 
 4.185188770797726e-08  9.851991007211554e-01 
 4.187188770797726e-08  9.850265184016016e-01 
 4.189188770797726e-08  9.848539705752845e-01 
 4.191188770797727e-08  9.846814572354452e-01 
 4.193188770797727e-08  9.845089783750561e-01 
 4.195188770797727e-08  9.843365339873607e-01 
 4.197188770797728e-08  9.841641240653344e-01 
 4.199188770797728e-08  9.839917486022233e-01 
 4.201188770797728e-08  9.838194075910058e-01 
 4.203188770797728e-08  9.836471010249301e-01 
 4.205188770797729e-08  9.834748288969788e-01 
 4.207188770797729e-08  9.833025912004013e-01 
 4.209188770797729e-08  9.831303879281834e-01 
 4.211188770797730e-08  9.829582190735773e-01 
 4.213188770797730e-08  9.827860846295722e-01 
 4.215188770797730e-08  9.826139845894218e-01 
 4.217188770797730e-08  9.824419189461193e-01 
 4.219188770797731e-08  9.822698876929201e-01 
 4.221188770797731e-08  9.820978908228207e-01 
 4.223188770797731e-08  9.819259283290797e-01 
 4.225188770797732e-08  9.817540002046959e-01 
 4.227188770797732e-08  9.815821064429302e-01 
 4.229188770797732e-08  9.814102470367847e-01 
 4.231188770797732e-08  9.812384219795224e-01 
 4.233188770797733e-08  9.810666312641495e-01 
 4.235188770797733e-08  9.808948748839305e-01 
 4.237188770797733e-08  9.807231528318745e-01 
 4.239188770797734e-08  9.805514651012489e-01 
 4.241188770797734e-08  9.803798116850663e-01 
 4.243188770797734e-08  9.802081925765953e-01 
 4.245188770797734e-08  9.800366077688523e-01 
 4.247188770797735e-08  9.798650572551083e-01 
 4.249188770797735e-08  9.796935410283830e-01 
 4.251188770797735e-08  9.795220590819490e-01 
 4.253188770797736e-08  9.793506114088298e-01 
 4.255188770797736e-08  9.791791980023008e-01 
 4.257188770797736e-08  9.790078188553881e-01 
 4.259188770797736e-08  9.788364739613685e-01 
 4.261188770797737e-08  9.786651633132727e-01 
 4.263188770797737e-08  9.784938869043790e-01 
 4.265188770797737e-08  9.783226447277210e-01 
 4.267188770797737e-08  9.781514367765806e-01 
 4.269188770797738e-08  9.779802630439941e-01 
 4.271188770797738e-08  9.778091235232449e-01 
 4.273188770797738e-08  9.776380182073726e-01 
 4.275188770797739e-08  9.774669470896633e-01 
 4.277188770797739e-08  9.772959101631599e-01 
 4.279188770797739e-08  9.771249074211500e-01 
 4.281188770797739e-08  9.769539388566808e-01 
 4.283188770797740e-08  9.767830044630421e-01 
 4.285188770797740e-08  9.766121042332832e-01 
 4.287188770797740e-08  9.764412381606967e-01 
 4.289188770797741e-08  9.762704062383357e-01 
 4.291188770797741e-08  9.760996084594945e-01 
 4.293188770797741e-08  9.759288448172294e-01 
 4.295188770797741e-08  9.757581153048366e-01 
 4.297188770797742e-08  9.755874199153761e-01 
 4.299188770797742e-08  9.754167586421465e-01 
 4.301188770797742e-08  9.752461314782107e-01 
 4.303188770797743e-08  9.750755384168697e-01 
 4.305188770797743e-08  9.749049794511897e-01 
 4.307188770797743e-08  9.747344545744733e-01 
 4.309188770797743e-08  9.745639637797909e-01 
 4.311188770797744e-08  9.743935070604467e-01 
 4.313188770797744e-08  9.742230844095139e-01 
 4.315188770797744e-08  9.740526958202997e-01 
 4.317188770797745e-08  9.738823412858806e-01 
 4.319188770797745e-08  9.737120207995653e-01 
 4.321188770797745e-08  9.735417343544344e-01 
 4.323188770797745e-08  9.733714819437982e-01 
 4.325188770797746e-08  9.732012635607399e-01 
 4.327188770797746e-08  9.730310791985731e-01 
 4.329188770797746e-08  9.728609288503840e-01 
 4.331188770797747e-08  9.726908125094889e-01 
 4.333188770797747e-08  9.725207301689766e-01 
 4.335188770797747e-08  9.723506818221650e-01 
 4.337188770797747e-08  9.721806674621472e-01 
 4.339188770797748e-08  9.720106870822429e-01 
 4.341188770797748e-08  9.718407406755479e-01 
 4.343188770797748e-08  9.716708282353842e-01 
 4.345188770797749e-08  9.715009497548519e-01 
 4.347188770797749e-08  9.713311052272748e-01 
 4.349188770797749e-08  9.711612946457561e-01 
 4.351188770797749e-08  9.709915180036216e-01 
 4.353188770797750e-08  9.708217752939772e-01 
 4.355188770797750e-08  9.706520665101516e-01 
 4.357188770797750e-08  9.704823916452536e-01 
 4.359188770797750e-08  9.703127506926144e-01 
 4.361188770797751e-08  9.701431436453469e-01 
 4.363188770797751e-08  9.699735704967832e-01 
 4.365188770797751e-08  9.698040312400394e-01 
 4.367188770797752e-08  9.696345258684500e-01 
 4.369188770797752e-08  9.694650543751342e-01 
 4.371188770797752e-08  9.692956167534293e-01 
 4.373188770797752e-08  9.691262129964576e-01 
 4.375188770797753e-08  9.689568430975583e-01 
 4.377188770797753e-08  9.687875070498567e-01 
 4.379188770797753e-08  9.686182048466944e-01 
 4.381188770797754e-08  9.684489364812000e-01 
 4.383188770797754e-08  9.682797019467178e-01 
 4.385188770797754e-08  9.681105012363791e-01 
 4.387188770797754e-08  9.679413343435301e-01 
 4.389188770797755e-08  9.677722012613057e-01 
 4.391188770797755e-08  9.676031019830541e-01 
 4.393188770797755e-08  9.674340365019138e-01 
 4.395188770797756e-08  9.672650048112348e-01 
 4.397188770797756e-08  9.670960069041585e-01 
 4.399188770797756e-08  9.669270427740378e-01 
 4.401188770797756e-08  9.667581124140172e-01 
 4.403188770797757e-08  9.665892158174513e-01 
 4.405188770797757e-08  9.664203529774881e-01 
 4.407188770797757e-08  9.662515238874846e-01 
 4.409188770797758e-08  9.660827285405920e-01 
 4.411188770797758e-08  9.659139669301687e-01 
 4.413188770797758e-08  9.657452390493697e-01 
 4.415188770797758e-08  9.655765448915563e-01 
 4.417188770797759e-08  9.654078844498859e-01 
 4.419188770797759e-08  9.652392577177213e-01 
 4.421188770797759e-08  9.650706646882243e-01 
 4.423188770797760e-08  9.649021053547601e-01 
 4.425188770797760e-08  9.647335797104926e-01 
 4.427188770797760e-08  9.645650877487896e-01 
 4.429188770797760e-08  9.643966294628180e-01 
 4.431188770797761e-08  9.642282048459481e-01 
 4.433188770797761e-08  9.640598138913504e-01 
 4.435188770797761e-08  9.638914565923968e-01 
 4.437188770797762e-08  9.637231329422611e-01 
 4.439188770797762e-08  9.635548429343170e-01 
 4.441188770797762e-08  9.633865865617418e-01 
 4.443188770797762e-08  9.632183638179118e-01 
 4.445188770797763e-08  9.630501746960073e-01 
 4.447188770797763e-08  9.628820191894065e-01 
 4.449188770797763e-08  9.627138972912931e-01 
 4.451188770797763e-08  9.625458089950472e-01 
 4.453188770797764e-08  9.623777542938553e-01 
 4.455188770797764e-08  9.622097331811010e-01 
 4.457188770797764e-08  9.620417456499739e-01 
 4.459188770797765e-08  9.618737916938587e-01 
 4.461188770797765e-08  9.617058713059482e-01 
 4.463188770797765e-08  9.615379844796299e-01 
 4.465188770797765e-08  9.613701312081001e-01 
 4.467188770797766e-08  9.612023114847474e-01 
 4.469188770797766e-08  9.610345253027714e-01 
 4.471188770797766e-08  9.608667726555643e-01 
 4.473188770797767e-08  9.606990535363279e-01 
 4.475188770797767e-08  9.605313679384566e-01 
 4.477188770797767e-08  9.603637158551555e-01 
 4.479188770797767e-08  9.601960972798206e-01 
 4.481188770797768e-08  9.600285122056609e-01 
 4.483188770797768e-08  9.598609606260744e-01 
 4.485188770797768e-08  9.596934425342726e-01 
 4.487188770797769e-08  9.595259579236564e-01 
 4.489188770797769e-08  9.593585067874405e-01 
 4.491188770797769e-08  9.591910891190276e-01 
 4.493188770797769e-08  9.590237049116361e-01 
 4.495188770797770e-08  9.588563541586710e-01 
 4.497188770797770e-08  9.586890368533534e-01 
 4.499188770797770e-08  9.585217529890903e-01 
 4.501188770797771e-08  9.583545025591060e-01 
 4.503188770797771e-08  9.581872855568099e-01 
 4.505188770797771e-08  9.580201019754292e-01 
 4.507188770797771e-08  9.578529518083757e-01 
 4.509188770797772e-08  9.576858350488801e-01 
 4.511188770797772e-08  9.575187516903559e-01 
 4.513188770797772e-08  9.573517017260373e-01 
 4.515188770797773e-08  9.571846851493400e-01 
 4.517188770797773e-08  9.570177019535008e-01 
 4.519188770797773e-08  9.568507521319378e-01 
 4.521188770797773e-08  9.566838356778913e-01 
 4.523188770797774e-08  9.565169525847813e-01 
 4.525188770797774e-08  9.563501028458510e-01 
 4.527188770797774e-08  9.561832864545233e-01 
 4.529188770797775e-08  9.560165034040441e-01 
 4.531188770797775e-08  9.558497536878382e-01 
 4.533188770797775e-08  9.556830372991552e-01 
 4.535188770797775e-08  9.555163542314224e-01 
 4.537188770797776e-08  9.553497044778919e-01 
 4.539188770797776e-08  9.551830880319927e-01 
 4.541188770797776e-08  9.550165048869802e-01 
 4.543188770797776e-08  9.548499550362863e-01 
 4.545188770797777e-08  9.546834384731697e-01 
 4.547188770797777e-08  9.545169551910641e-01 
 4.549188770797777e-08  9.543505051832311e-01 
 4.551188770797778e-08  9.541840884431065e-01 
 4.553188770797778e-08  9.540177049639552e-01 
 4.555188770797778e-08  9.538513547392158e-01 
 4.557188770797778e-08  9.536850377621559e-01 
 4.559188770797779e-08  9.535187540262154e-01 
 4.561188770797779e-08  9.533525035246662e-01 
 4.563188770797779e-08  9.531862862509500e-01 
 4.565188770797780e-08  9.530201021983413e-01 
 4.567188770797780e-08  9.528539513602851e-01 
 4.569188770797780e-08  9.526878337300584e-01 
 4.571188770797780e-08  9.525217493011082e-01 
 4.573188770797781e-08  9.523556980667148e-01 
 4.575188770797781e-08  9.521896800203280e-01 
 4.577188770797781e-08  9.520236951552308e-01 
 4.579188770797782e-08  9.518577434648743e-01 
 4.581188770797782e-08  9.516918249425450e-01 
 4.583188770797782e-08  9.515259395816973e-01 
 4.585188770797782e-08  9.513600873756201e-01 
 4.587188770797783e-08  9.511942683177695e-01 
 4.589188770797783e-08  9.510284824014380e-01 
 4.591188770797783e-08  9.508627296200836e-01 
 4.593188770797784e-08  9.506970099670021e-01 
 4.595188770797784e-08  9.505313234356541e-01 
 4.597188770797784e-08  9.503656700193378e-01 
 4.599188770797784e-08  9.502000497115163e-01 
 4.601188770797785e-08  9.500344625054912e-01 
 4.603188770797785e-08  9.498689083947272e-01 
 4.605188770797785e-08  9.497033873725295e-01 
 4.607188770797786e-08  9.495378994323650e-01 
 4.609188770797786e-08  9.493724445675413e-01 
 4.611188770797786e-08  9.492070227715282e-01 
 4.613188770797786e-08  9.490416340376369e-01 
 4.615188770797787e-08  9.488762783593386e-01 
 4.617188770797787e-08  9.487109557299467e-01 
 4.619188770797787e-08  9.485456661429352e-01 
 4.621188770797788e-08  9.483804095916220e-01 
 4.623188770797788e-08  9.482151860694823e-01 
 4.625188770797788e-08  9.480499955698363e-01 
 4.627188770797788e-08  9.478848380861625e-01 
 4.629188770797789e-08  9.477197136117835e-01 
 4.631188770797789e-08  9.475546221401807e-01 
 4.633188770797789e-08  9.473895636646796e-01 
 4.635188770797789e-08  9.472245381787633e-01 
 4.637188770797790e-08  9.470595456757610e-01 
 4.639188770797790e-08  9.468945861491572e-01 
 4.641188770797790e-08  9.467296595922841e-01 
 4.643188770797791e-08  9.465647659986292e-01 
 4.645188770797791e-08  9.463999053615274e-01 
 4.647188770797791e-08  9.462350776744688e-01 
 4.649188770797791e-08  9.460702829307913e-01 
 4.651188770797792e-08  9.459055211239865e-01 
 4.653188770797792e-08  9.457407922473962e-01 
 4.655188770797792e-08  9.455760962945140e-01 
 4.657188770797793e-08  9.454114332586843e-01 
 4.659188770797793e-08  9.452468031334030e-01 
 4.661188770797793e-08  9.450822059120173e-01 
 4.663188770797793e-08  9.449176415880259e-01 
 4.665188770797794e-08  9.447531101547794e-01 
 4.667188770797794e-08  9.445886116057780e-01 
 4.669188770797794e-08  9.444241459343753e-01 
 4.671188770797795e-08  9.442597131340744e-01 
 4.673188770797795e-08  9.440953131982311e-01 
 4.675188770797795e-08  9.439309461203512e-01 
 4.677188770797795e-08  9.437666118937938e-01 
 4.679188770797796e-08  9.436023105120662e-01 
 4.681188770797796e-08  9.434380419685308e-01 
 4.683188770797796e-08  9.432738062566977e-01 
 4.685188770797797e-08  9.431096033699317e-01 
 4.687188770797797e-08  9.429454333017447e-01 
 4.689188770797797e-08  9.427812960455054e-01 
 4.691188770797797e-08  9.426171915947281e-01 
 4.693188770797798e-08  9.424531199427837e-01 
 4.695188770797798e-08  9.422890810831888e-01 
 4.697188770797798e-08  9.421250750093176e-01 
 4.699188770797799e-08  9.419611017146894e-01 
 4.701188770797799e-08  9.417971611926810e-01 
 4.703188770797799e-08  9.416332534368131e-01 
 4.705188770797799e-08  9.414693784404667e-01 
 4.707188770797800e-08  9.413055361971644e-01 
 4.709188770797800e-08  9.411417267002889e-01 
 4.711188770797800e-08  9.409779499433667e-01 
 4.713188770797801e-08  9.408142059197840e-01 
 4.715188770797801e-08  9.406504946230683e-01 
 4.717188770797801e-08  9.404868160466086e-01 
 4.719188770797801e-08  9.403231701839350e-01 
 4.721188770797802e-08  9.401595570284397e-01 
 4.723188770797802e-08  9.399959765736550e-01 
 4.725188770797802e-08  9.398324288129759e-01 
 4.727188770797802e-08  9.396689137399373e-01 
 4.729188770797803e-08  9.395054313479365e-01 
 4.731188770797803e-08  9.393419816305111e-01 
 4.733188770797803e-08  9.391785645810616e-01 
 4.735188770797804e-08  9.390151801931276e-01 
 4.737188770797804e-08  9.388518284601122e-01 
 4.739188770797804e-08  9.386885093755575e-01 
 4.741188770797804e-08  9.385252229328706e-01 
 4.743188770797805e-08  9.383619691255943e-01 
 4.745188770797805e-08  9.381987479471388e-01 
 4.747188770797805e-08  9.380355593910501e-01 
 4.749188770797806e-08  9.378724034507412e-01 
 4.751188770797806e-08  9.377092801197598e-01 
 4.753188770797806e-08  9.375461893915223e-01 
 4.755188770797806e-08  9.373831312595787e-01 
 4.757188770797807e-08  9.372201057173475e-01 
 4.759188770797807e-08  9.370571127583814e-01 
 4.761188770797807e-08  9.368941523761023e-01 
 4.763188770797808e-08  9.367312245640651e-01 
 4.765188770797808e-08  9.365683293156943e-01 
 4.767188770797808e-08  9.364054666245474e-01 
 4.769188770797808e-08  9.362426364840517e-01 
 4.771188770797809e-08  9.360798388877668e-01 
 4.773188770797809e-08  9.359170738291230e-01 
 4.775188770797809e-08  9.357543413016823e-01 
 4.777188770797810e-08  9.355916412988776e-01 
 4.779188770797810e-08  9.354289738142733e-01 
 4.781188770797810e-08  9.352663388413054e-01 
 4.783188770797810e-08  9.351037363735405e-01 
 4.785188770797811e-08  9.349411664044174e-01 
 4.787188770797811e-08  9.347786289275053e-01 
 4.789188770797811e-08  9.346161239362460e-01 
 4.791188770797812e-08  9.344536514242106e-01 
 4.793188770797812e-08  9.342912113848435e-01 
 4.795188770797812e-08  9.341288038117184e-01 
 4.797188770797812e-08  9.339664286982831e-01 
 4.799188770797813e-08  9.338040860381127e-01 
 4.801188770797813e-08  9.336417758246585e-01 
 4.803188770797813e-08  9.334794980514984e-01 
 4.805188770797814e-08  9.333172527120860e-01 
 4.807188770797814e-08  9.331550398000013e-01 
 4.809188770797814e-08  9.329928593087006e-01 
 4.811188770797814e-08  9.328307112317665e-01 
 4.813188770797815e-08  9.326685955626584e-01 
 4.815188770797815e-08  9.325065122949608e-01 
 4.817188770797815e-08  9.323444614221362e-01 
 4.819188770797815e-08  9.321824429377714e-01 
 4.821188770797816e-08  9.320204568353322e-01 
 4.823188770797816e-08  9.318585031084075e-01 
 4.825188770797816e-08  9.316965817504649e-01 
 4.827188770797817e-08  9.315346927550966e-01 
 4.829188770797817e-08  9.313728361157735e-01 
 4.831188770797817e-08  9.312110118260892e-01 
 4.833188770797817e-08  9.310492198795176e-01 
 4.835188770797818e-08  9.308874602696552e-01 
 4.837188770797818e-08  9.307257329899782e-01 
 4.839188770797818e-08  9.305640380340853e-01 
 4.841188770797819e-08  9.304023753954556e-01 
 4.843188770797819e-08  9.302407450676903e-01 
 4.845188770797819e-08  9.300791470442724e-01 
 4.847188770797819e-08  9.299175813188041e-01 
 4.849188770797820e-08  9.297560478847711e-01 
 4.851188770797820e-08  9.295945467357786e-01 
 4.853188770797820e-08  9.294330778653149e-01 
 4.855188770797821e-08  9.292716412669874e-01 
 4.857188770797821e-08  9.291102369342876e-01 
 4.859188770797821e-08  9.289488648608254e-01 
 4.861188770797821e-08  9.287875250400941e-01 
 4.863188770797822e-08  9.286262174657063e-01 
 4.865188770797822e-08  9.284649421311588e-01 
 4.867188770797822e-08  9.283036990300659e-01 
 4.869188770797823e-08  9.281424881559273e-01 
 4.871188770797823e-08  9.279813095023600e-01 
 4.873188770797823e-08  9.278201630628666e-01 
 4.875188770797823e-08  9.276590488310658e-01 
 4.877188770797824e-08  9.274979668004631e-01 
 4.879188770797824e-08  9.273369169646801e-01 
 4.881188770797824e-08  9.271758993172248e-01 
 4.883188770797825e-08  9.270149138517206e-01 
 4.885188770797825e-08  9.268539605616791e-01 
 4.887188770797825e-08  9.266930394407256e-01 
 4.889188770797825e-08  9.265321504823744e-01 
 4.891188770797826e-08  9.263712936802533e-01 
 4.893188770797826e-08  9.262104690278801e-01 
 4.895188770797826e-08  9.260496765188845e-01 
 4.897188770797827e-08  9.258889161467864e-01 
 4.899188770797827e-08  9.257281879052184e-01 
 4.901188770797827e-08  9.255674917877037e-01 
 4.903188770797827e-08  9.254068277878766e-01 
 4.905188770797828e-08  9.252461958992626e-01 
 4.907188770797828e-08  9.250855961154991e-01 
 4.909188770797828e-08  9.249250284301147e-01 
 4.911188770797828e-08  9.247644928367484e-01 
 4.913188770797829e-08  9.246039893289312e-01 
 4.915188770797829e-08  9.244435179003051e-01 
 4.917188770797829e-08  9.242830785444046e-01 
 4.919188770797830e-08  9.241226712548737e-01 
 4.921188770797830e-08  9.239622960252488e-01 
 4.923188770797830e-08  9.238019528491770e-01 
 4.925188770797830e-08  9.236416417201974e-01 
 4.927188770797831e-08  9.234813626319582e-01 
 4.929188770797831e-08  9.233211155780023e-01 
 4.931188770797831e-08  9.231609005519811e-01 
 4.933188770797832e-08  9.230007175474398e-01 
 4.935188770797832e-08  9.228405665580313e-01 
 4.937188770797832e-08  9.226804475773039e-01 
 4.939188770797832e-08  9.225203605989131e-01 
 4.941188770797833e-08  9.223603056164098e-01 
 4.943188770797833e-08  9.222002826234522e-01 
 4.945188770797833e-08  9.220402916135940e-01 
 4.947188770797834e-08  9.218803325804951e-01 
 4.949188770797834e-08  9.217204055177121e-01 
 4.951188770797834e-08  9.215605104189072e-01 
 4.953188770797834e-08  9.214006472776405e-01 
 4.955188770797835e-08  9.212408160875766e-01 
 4.957188770797835e-08  9.210810168422776e-01 
 4.959188770797835e-08  9.209212495354109e-01 
 4.961188770797836e-08  9.207615141605411e-01 
 4.963188770797836e-08  9.206018107113373e-01 
 4.965188770797836e-08  9.204421391813670e-01 
 4.967188770797836e-08  9.202824995643024e-01 
 4.969188770797837e-08  9.201228918537148e-01 
 4.971188770797837e-08  9.199633160432771e-01 
 4.973188770797837e-08  9.198037721265631e-01 
 4.975188770797838e-08  9.196442600972492e-01 
 4.977188770797838e-08  9.194847799489116e-01 
 4.979188770797838e-08  9.193253316752288e-01 
 4.981188770797838e-08  9.191659152697798e-01 
 4.983188770797839e-08  9.190065307262452e-01 
 4.985188770797839e-08  9.188471780382069e-01 
 4.987188770797839e-08  9.186878571993481e-01 
 4.989188770797840e-08  9.185285682032532e-01 
 4.991188770797840e-08  9.183693110436084e-01 
 4.993188770797840e-08  9.182100857140008e-01 
 4.995188770797840e-08  9.180508922081176e-01 
 4.997188770797841e-08  9.178917305195493e-01 
 4.999188770797841e-08  9.177326006419858e-01 
 5.001188770797841e-08  9.175735025690201e-01 
 5.003188770797841e-08  9.174144362943447e-01 
 5.005188770797842e-08  9.172554018115554e-01 
 5.007188770797842e-08  9.170963991143468e-01 
 5.009188770797842e-08  9.169374281963170e-01 
 5.011188770797843e-08  9.167784890511632e-01 
 5.013188770797843e-08  9.166195816724868e-01 
 5.015188770797843e-08  9.164607060539873e-01 
 5.017188770797843e-08  9.163018621892688e-01 
 5.019188770797844e-08  9.161430500720321e-01 
 5.021188770797844e-08  9.159842696958844e-01 
 5.023188770797844e-08  9.158255210545296e-01 
 5.025188770797845e-08  9.156668041415775e-01 
 5.027188770797845e-08  9.155081189507340e-01 
 5.029188770797845e-08  9.153494654756119e-01 
 5.031188770797845e-08  9.151908437099190e-01 
 5.033188770797846e-08  9.150322536472711e-01 
 5.035188770797846e-08  9.148736952813783e-01 
 5.037188770797846e-08  9.147151686058591e-01 
 5.039188770797847e-08  9.145566736144262e-01 
 5.041188770797847e-08  9.143982103007005e-01 
 5.043188770797847e-08  9.142397786583970e-01 
 5.045188770797847e-08  9.140813786811395e-01 
 5.047188770797848e-08  9.139230103626452e-01 
 5.049188770797848e-08  9.137646736965410e-01 
 5.051188770797848e-08  9.136063686765465e-01 
 5.053188770797849e-08  9.134480952962903e-01 
 5.055188770797849e-08  9.132898535494952e-01 
 5.057188770797849e-08  9.131316434297927e-01 
 5.059188770797849e-08  9.129734649309075e-01 
 5.061188770797850e-08  9.128153180464739e-01 
 5.063188770797850e-08  9.126572027702190e-01 
 5.065188770797850e-08  9.124991190957801e-01 
 5.067188770797851e-08  9.123410670168853e-01 
 5.069188770797851e-08  9.121830465271759e-01 
 5.071188770797851e-08  9.120250576203829e-01 
 5.073188770797851e-08  9.118671002901488e-01 
 5.075188770797852e-08  9.117091745302072e-01 
 5.077188770797852e-08  9.115512803342040e-01 
 5.079188770797852e-08  9.113934176958746e-01 
 5.081188770797853e-08  9.112355866088683e-01 
 5.083188770797853e-08  9.110777870669228e-01 
 5.085188770797853e-08  9.109200190636891e-01 
 5.087188770797853e-08  9.107622825929078e-01 
 5.089188770797854e-08  9.106045776482328e-01 
 5.091188770797854e-08  9.104469042234066e-01 
 5.093188770797854e-08  9.102892623120863e-01 
 5.095188770797854e-08  9.101316519080166e-01 
 5.097188770797855e-08  9.099740730048569e-01 
 5.099188770797855e-08  9.098165255963550e-01 
 5.101188770797855e-08  9.096590096761725e-01 
 5.103188770797856e-08  9.095015252380589e-01 
 5.105188770797856e-08  9.093440722756795e-01 
 5.107188770797856e-08  9.091866507827858e-01 
 5.109188770797856e-08  9.090292607530457e-01 
 5.111188770797857e-08  9.088719021802135e-01 
 5.113188770797857e-08  9.087145750579593e-01 
 5.115188770797857e-08  9.085572793800396e-01 
 5.117188770797858e-08  9.084000151401276e-01 
 5.119188770797858e-08  9.082427823319821e-01 
 5.121188770797858e-08  9.080855809492790e-01 
 5.123188770797858e-08  9.079284109857795e-01 
 5.125188770797859e-08  9.077712724351618e-01 
 5.127188770797859e-08  9.076141652911892e-01 
 5.129188770797859e-08  9.074570895475432e-01 
 5.131188770797860e-08  9.073000451979895e-01 
 5.133188770797860e-08  9.071430322362120e-01 
 5.135188770797860e-08  9.069860506559784e-01 
 5.137188770797860e-08  9.068291004509754e-01 
 5.139188770797861e-08  9.066721816149736e-01 
 5.141188770797861e-08  9.065152941416625e-01 
 5.143188770797861e-08  9.063584380248145e-01 
 5.145188770797862e-08  9.062016132581217e-01 
 5.147188770797862e-08  9.060448198353589e-01 
 5.149188770797862e-08  9.058880577502212e-01 
 5.151188770797862e-08  9.057313269964855e-01 
 5.153188770797863e-08  9.055746275678495e-01 
 5.155188770797863e-08  9.054179594580927e-01 
 5.157188770797863e-08  9.052613226609150e-01 
 5.159188770797864e-08  9.051047171700983e-01 
 5.161188770797864e-08  9.049481429793460e-01 
 5.163188770797864e-08  9.047916000824420e-01 
 5.165188770797864e-08  9.046350884730917e-01 
 5.167188770797865e-08  9.044786081450816e-01 
 5.169188770797865e-08  9.043221590921200e-01 
 5.171188770797865e-08  9.041657413079953e-01 
 5.173188770797866e-08  9.040093547864188e-01 
 5.175188770797866e-08  9.038529995211818e-01 
 5.177188770797866e-08  9.036966755059980e-01 
 5.179188770797866e-08  9.035403827346601e-01 
 5.181188770797867e-08  9.033841212008850e-01 
 5.183188770797867e-08  9.032278908984681e-01 
 5.185188770797867e-08  9.030716918211285e-01 
 5.187188770797867e-08  9.029155239626642e-01 
 5.189188770797868e-08  9.027593873167968e-01 
 5.191188770797868e-08  9.026032818773265e-01 
 5.193188770797868e-08  9.024472076379780e-01 
 5.195188770797869e-08  9.022911645925539e-01 
 5.197188770797869e-08  9.021351527347811e-01 
 5.199188770797869e-08  9.019791720584646e-01 
 5.201188770797869e-08  9.018232225573340e-01 
 5.203188770797870e-08  9.016673042251966e-01 
 5.205188770797870e-08  9.015114170557849e-01 
 5.207188770797870e-08  9.013555610429084e-01 
 5.209188770797871e-08  9.011997361803024e-01 
 5.211188770797871e-08  9.010439424617782e-01 
 5.213188770797871e-08  9.008881798810737e-01 
 5.215188770797871e-08  9.007324484320031e-01 
 5.217188770797872e-08  9.005767481083069e-01 
 5.219188770797872e-08  9.004210789038016e-01 
 5.221188770797872e-08  9.002654408122301e-01 
 5.223188770797873e-08  9.001098338274113e-01 
 5.225188770797873e-08  8.999542579430911e-01 
 5.227188770797873e-08  8.997987131530902e-01 
 5.229188770797873e-08  8.996431994511571e-01 
 5.231188770797874e-08  8.994877168311153e-01 
 5.233188770797874e-08  8.993322652867159e-01 
 5.235188770797874e-08  8.991768448117844e-01 
 5.237188770797875e-08  8.990214554000748e-01 
 5.239188770797875e-08  8.988660970454146e-01 
 5.241188770797875e-08  8.987107697415605e-01 
 5.243188770797875e-08  8.985554734823429e-01 
 5.245188770797876e-08  8.984002082615209e-01 
 5.247188770797876e-08  8.982449740729268e-01 
 5.249188770797876e-08  8.980897709103225e-01 
 5.251188770797877e-08  8.979345987675427e-01 
 5.253188770797877e-08  8.977794576383520e-01 
 5.255188770797877e-08  8.976243475165875e-01 
 5.257188770797877e-08  8.974692683960164e-01 
 5.259188770797878e-08  8.973142202704780e-01 
 5.261188770797878e-08  8.971592031337420e-01 
 5.263188770797878e-08  8.970042169796498e-01 
 5.265188770797879e-08  8.968492618019743e-01 
 5.267188770797879e-08  8.966943375945593e-01 
 5.269188770797879e-08  8.965394443511800e-01 
 5.271188770797879e-08  8.963845820656826e-01 
 5.273188770797880e-08  8.962297507318449e-01 
 5.275188770797880e-08  8.960749503435154e-01 
 5.277188770797880e-08  8.959201808944748e-01 
 5.279188770797880e-08  8.957654423785736e-01 
 5.281188770797881e-08  8.956107347895947e-01 
 5.283188770797881e-08  8.954560581213918e-01 
 5.285188770797881e-08  8.953014123677501e-01 
 5.287188770797882e-08  8.951467975225249e-01 
 5.289188770797882e-08  8.949922135795051e-01 
 5.291188770797882e-08  8.948376605325485e-01 
 5.293188770797882e-08  8.946831383754458e-01 
 5.295188770797883e-08  8.945286471020568e-01 
 5.297188770797883e-08  8.943741867061755e-01 
 5.299188770797883e-08  8.942197571816642e-01 
 5.301188770797884e-08  8.940653585223193e-01 
 5.303188770797884e-08  8.939109907220049e-01 
 5.305188770797884e-08  8.937566537745201e-01 
 5.307188770797884e-08  8.936023476737320e-01 
 5.309188770797885e-08  8.934480724134424e-01 
 5.311188770797885e-08  8.932938279875198e-01 
 5.313188770797885e-08  8.931396143897686e-01 
 5.315188770797886e-08  8.929854316140609e-01 
 5.317188770797886e-08  8.928312796542033e-01 
 5.319188770797886e-08  8.926771585040694e-01 
 5.321188770797886e-08  8.925230681574686e-01 
 5.323188770797887e-08  8.923690086082772e-01 
 5.325188770797887e-08  8.922149798503070e-01 
 5.327188770797887e-08  8.920609818774362e-01 
 5.329188770797888e-08  8.919070146834800e-01 
 5.331188770797888e-08  8.917530782623189e-01 
 5.333188770797888e-08  8.915991726077700e-01 
 5.335188770797888e-08  8.914452977137167e-01 
 5.337188770797889e-08  8.912914535739788e-01 
 5.339188770797889e-08  8.911376401824415e-01 
 5.341188770797889e-08  8.909838575329272e-01 
 5.343188770797890e-08  8.908301056193236e-01 
 5.345188770797890e-08  8.906763844354559e-01 
 5.347188770797890e-08  8.905226939752139e-01 
 5.349188770797890e-08  8.903690342324255e-01 
 5.351188770797891e-08  8.902154052009830e-01 
 5.353188770797891e-08  8.900618068747165e-01 
 5.355188770797891e-08  8.899082392475204e-01 
 5.357188770797892e-08  8.897547023132282e-01 
 5.359188770797892e-08  8.896011960657362e-01 
 5.361188770797892e-08  8.894477204988801e-01 
 5.363188770797892e-08  8.892942756065590e-01 
 5.365188770797893e-08  8.891408613826115e-01 
 5.367188770797893e-08  8.889874778209383e-01 
 5.369188770797893e-08  8.888341249153809e-01 
 5.371188770797893e-08  8.886808026598426e-01 
 5.373188770797894e-08  8.885275110481670e-01 
 5.375188770797894e-08  8.883742500742597e-01 
 5.377188770797894e-08  8.882210197319672e-01 
 5.379188770797895e-08  8.880678200151974e-01 
 5.381188770797895e-08  8.879146509177986e-01 
 5.383188770797895e-08  8.877615124336817e-01 
 5.385188770797895e-08  8.876084045566979e-01 
 5.387188770797896e-08  8.874553272807602e-01 
 5.389188770797896e-08  8.873022805997225e-01 
 5.391188770797896e-08  8.871492645074998e-01 
 5.393188770797897e-08  8.869962789979485e-01 
 5.395188770797897e-08  8.868433240649859e-01 
 5.397188770797897e-08  8.866903997024711e-01 
 5.399188770797897e-08  8.865375059043236e-01 
 5.401188770797898e-08  8.863846426644052e-01 
 5.403188770797898e-08  8.862318099766380e-01 
 5.405188770797898e-08  8.860790078348862e-01 
 5.407188770797899e-08  8.859262362330741e-01 
 5.409188770797899e-08  8.857734951650681e-01 
 5.411188770797899e-08  8.856207846247952e-01 
 5.413188770797899e-08  8.854681046061247e-01 
 5.415188770797900e-08  8.853154551029856e-01 
 5.417188770797900e-08  8.851628361092498e-01 
 5.419188770797900e-08  8.850102476188483e-01 
 5.421188770797901e-08  8.848576896256556e-01 
 5.423188770797901e-08  8.847051621236054e-01 
 5.425188770797901e-08  8.845526651065747e-01 
 5.427188770797901e-08  8.844001985684989e-01 
 5.429188770797902e-08  8.842477625032582e-01 
 5.431188770797902e-08  8.840953569047906e-01 
 5.433188770797902e-08  8.839429817669784e-01 
 5.435188770797903e-08  8.837906370837617e-01 
 5.437188770797903e-08  8.836383228490258e-01 
 5.439188770797903e-08  8.834860390567130e-01 
 5.441188770797903e-08  8.833337857007107e-01 
 5.443188770797904e-08  8.831815627749640e-01 
 5.445188770797904e-08  8.830293702733627e-01 
 5.447188770797904e-08  8.828772081898543e-01 
 5.449188770797905e-08  8.827250765183310e-01 
 5.451188770797905e-08  8.825729752527425e-01 
 5.453188770797905e-08  8.824209043869841e-01 
 5.455188770797905e-08  8.822688639150073e-01 
 5.457188770797906e-08  8.821168538307099e-01 
 5.459188770797906e-08  8.819648741280461e-01 
 5.461188770797906e-08  8.818129248009160e-01 
 5.463188770797906e-08  8.816610058432762e-01 
 5.465188770797907e-08  8.815091172490298e-01 
 5.467188770797907e-08  8.813572590121350e-01 
 5.469188770797907e-08  8.812054311264973e-01 
 5.471188770797908e-08  8.810536335860777e-01 
 5.473188770797908e-08  8.809018663847841e-01 
 5.475188770797908e-08  8.807501295165797e-01 
 5.477188770797908e-08  8.805984229753752e-01 
 5.479188770797909e-08  8.804467467551361e-01 
 5.481188770797909e-08  8.802951008497755e-01 
 5.483188770797909e-08  8.801434852532610e-01 
 5.485188770797910e-08  8.799918999595087e-01 
 5.487188770797910e-08  8.798403449624880e-01 
 5.489188770797910e-08  8.796888202561177e-01 
 5.491188770797910e-08  8.795373258343698e-01 
 5.493188770797911e-08  8.793858616911655e-01 
 5.495188770797911e-08  8.792344278204793e-01 
 5.497188770797911e-08  8.790830242162345e-01 
 5.499188770797912e-08  8.789316508724078e-01 
 5.501188770797912e-08  8.787803077829252e-01 
 5.503188770797912e-08  8.786289949417659e-01 
 5.505188770797912e-08  8.784777123428588e-01 
 5.507188770797913e-08  8.783264599801849e-01 
 5.509188770797913e-08  8.781752378476755e-01 
 5.511188770797913e-08  8.780240459393139e-01 
 5.513188770797914e-08  8.778728842490340e-01 
 5.515188770797914e-08  8.777217527708219e-01 
 5.517188770797914e-08  8.775706514986134e-01 
 5.519188770797914e-08  8.774195804263968e-01 
 5.521188770797915e-08  8.772685395481110e-01 
 5.523188770797915e-08  8.771175288577467e-01 
 5.525188770797915e-08  8.769665483492450e-01 
 5.527188770797916e-08  8.768155980165991e-01 
 5.529188770797916e-08  8.766646778537522e-01 
 5.531188770797916e-08  8.765137878546997e-01 
 5.533188770797916e-08  8.763629280133880e-01 
 5.535188770797917e-08  8.762120983238142e-01 
 5.537188770797917e-08  8.760612987799273e-01 
 5.539188770797917e-08  8.759105293757272e-01 
 5.541188770797918e-08  8.757597901051651e-01 
 5.543188770797918e-08  8.756090809622430e-01 
 5.545188770797918e-08  8.754584019409148e-01 
 5.547188770797918e-08  8.753077530351850e-01 
 5.549188770797919e-08  8.751571342390096e-01 
 5.551188770797919e-08  8.750065455463955e-01 
 5.553188770797919e-08  8.748559869513015e-01 
 5.555188770797919e-08  8.747054584477365e-01 
 5.557188770797920e-08  8.745549600296618e-01 
 5.559188770797920e-08  8.744044916910888e-01 
 5.561188770797920e-08  8.742540534259815e-01 
 5.563188770797921e-08  8.741036452283534e-01 
 5.565188770797921e-08  8.739532670921708e-01 
 5.567188770797921e-08  8.738029190114496e-01 
 5.569188770797921e-08  8.736526009801585e-01 
 5.571188770797922e-08  8.735023129923157e-01 
 5.573188770797922e-08  8.733520550418931e-01 
 5.575188770797922e-08  8.732018271229105e-01 
 5.577188770797923e-08  8.730516292293422e-01 
 5.579188770797923e-08  8.729014613552105e-01 
 5.581188770797923e-08  8.727513234944921e-01 
 5.583188770797923e-08  8.726012156412121e-01 
 5.585188770797924e-08  8.724511377893492e-01 
 5.587188770797924e-08  8.723010899329311e-01 
 5.589188770797924e-08  8.721510720659389e-01 
 5.591188770797925e-08  8.720010841824019e-01 
 5.593188770797925e-08  8.718511262763047e-01 
 5.595188770797925e-08  8.717011983416787e-01 
 5.597188770797925e-08  8.715513003725105e-01 
 5.599188770797926e-08  8.714014323628343e-01 
 5.601188770797926e-08  8.712515943066391e-01 
 5.603188770797926e-08  8.711017861979611e-01 
 5.605188770797927e-08  8.709520080307922e-01 
 5.607188770797927e-08  8.708022597991709e-01 
 5.609188770797927e-08  8.706525414970911e-01 
 5.611188770797927e-08  8.705028531185935e-01 
 5.613188770797928e-08  8.703531946576752e-01 
 5.615188770797928e-08  8.702035661083793e-01 
 5.617188770797928e-08  8.700539674647045e-01 
 5.619188770797929e-08  8.699043987206962e-01 
 5.621188770797929e-08  8.697548598703564e-01 
 5.623188770797929e-08  8.696053509077324e-01 
 5.625188770797929e-08  8.694558718268287e-01 
 5.627188770797930e-08  8.693064226216952e-01 
 5.629188770797930e-08  8.691570032863384e-01 
 5.631188770797930e-08  8.690076138148104e-01 
 5.633188770797931e-08  8.688582542011204e-01 
 5.635188770797931e-08  8.687089244393231e-01 
 5.637188770797931e-08  8.685596245234301e-01 
 5.639188770797931e-08  8.684103544474977e-01 
 5.641188770797932e-08  8.682611142055404e-01 
 5.643188770797932e-08  8.681119037916175e-01 
 5.645188770797932e-08  8.679627231997458e-01 
 5.647188770797932e-08  8.678135724239859e-01 
 5.649188770797933e-08  8.676644514583572e-01 
 5.651188770797933e-08  8.675153602969231e-01 
 5.653188770797933e-08  8.673662989337054e-01 
 5.655188770797934e-08  8.672172673627699e-01 
 5.657188770797934e-08  8.670682655781410e-01 
 5.659188770797934e-08  8.669192935738866e-01 
 5.661188770797934e-08  8.667703513440334e-01 
 5.663188770797935e-08  8.666214388826512e-01 
 5.665188770797935e-08  8.664725561837697e-01 
 5.667188770797935e-08  8.663237032414616e-01 
 5.669188770797936e-08  8.661748800497582e-01 
 5.671188770797936e-08  8.660260866027345e-01 
 5.673188770797936e-08  8.658773228944247e-01 
 5.675188770797936e-08  8.657285889189055e-01 
 5.677188770797937e-08  8.655798846702137e-01 
 5.679188770797937e-08  8.654312101424290e-01 
 5.681188770797937e-08  8.652825653295902e-01 
 5.683188770797938e-08  8.651339502257792e-01 
 5.685188770797938e-08  8.649853648250375e-01 
 5.687188770797938e-08  8.648368091214491e-01 
 5.689188770797938e-08  8.646882831090582e-01 
 5.691188770797939e-08  8.645397867819504e-01 
 5.693188770797939e-08  8.643913201341725e-01 
 5.695188770797939e-08  8.642428831598133e-01 
 5.697188770797940e-08  8.640944758529218e-01 
 5.699188770797940e-08  8.639460982075883e-01 
 5.701188770797940e-08  8.637977502178645e-01 
 5.703188770797940e-08  8.636494318778433e-01 
 5.705188770797941e-08  8.635011431815788e-01 
 5.707188770797941e-08  8.633528841231662e-01 
 5.709188770797941e-08  8.632046546966621e-01 
 5.711188770797942e-08  8.630564548961637e-01 
 5.713188770797942e-08  8.629082847157298e-01 
 5.715188770797942e-08  8.627601441494602e-01 
 5.717188770797942e-08  8.626120331914165e-01 
 5.719188770797943e-08  8.624639518357009e-01 
 5.721188770797943e-08  8.623159000763772e-01 
 5.723188770797943e-08  8.621678779075496e-01 
 5.725188770797944e-08  8.620198853232843e-01 
 5.727188770797944e-08  8.618719223176881e-01 
 5.729188770797944e-08  8.617239888848296e-01 
 5.731188770797944e-08  8.615760850188177e-01 
 5.733188770797945e-08  8.614282107137237e-01 
 5.735188770797945e-08  8.612803659636584e-01 
 5.737188770797945e-08  8.611325507626957e-01 
 5.739188770797945e-08  8.609847651049491e-01 
 5.741188770797946e-08  8.608370089844947e-01 
 5.743188770797946e-08  8.606892823954482e-01 
 5.745188770797946e-08  8.605415853318881e-01 
 5.747188770797947e-08  8.603939177879319e-01 
 5.749188770797947e-08  8.602462797576617e-01 
 5.751188770797947e-08  8.600986712351966e-01 
 5.753188770797947e-08  8.599510922146204e-01 
 5.755188770797948e-08  8.598035426900559e-01 
 5.757188770797948e-08  8.596560226555886e-01 
 5.759188770797948e-08  8.595085321053435e-01 
 5.761188770797949e-08  8.593610710334088e-01 
 5.763188770797949e-08  8.592136394339115e-01 
 5.765188770797949e-08  8.590662373009424e-01 
 5.767188770797949e-08  8.589188646286311e-01 
 5.769188770797950e-08  8.587715214110706e-01 
 5.771188770797950e-08  8.586242076423924e-01 
 5.773188770797950e-08  8.584769233166922e-01 
 5.775188770797951e-08  8.583296684281039e-01 
 5.777188770797951e-08  8.581824429707255e-01 
 5.779188770797951e-08  8.580352469386934e-01 
 5.781188770797951e-08  8.578880803261076e-01 
 5.783188770797952e-08  8.577409431271066e-01 
 5.785188770797952e-08  8.575938353357935e-01 
 5.787188770797952e-08  8.574467569463090e-01 
 5.789188770797953e-08  8.572997079527586e-01 
 5.791188770797953e-08  8.571526883492852e-01 
 5.793188770797953e-08  8.570056981299964e-01 
 5.795188770797953e-08  8.568587372890375e-01 
 5.797188770797954e-08  8.567118058205186e-01 
 5.799188770797954e-08  8.565649037185872e-01 
 5.801188770797954e-08  8.564180309773560e-01 
 5.803188770797955e-08  8.562711875909748e-01 
 5.805188770797955e-08  8.561243735535586e-01 
 5.807188770797955e-08  8.559775888592593e-01 
 5.809188770797955e-08  8.558308335021947e-01 
 5.811188770797956e-08  8.556841074765187e-01 
 5.813188770797956e-08  8.555374107763515e-01 
 5.815188770797956e-08  8.553907433958491e-01 
 5.817188770797957e-08  8.552441053291346e-01 
 5.819188770797957e-08  8.550974965703668e-01 
 5.821188770797957e-08  8.549509171136702e-01 
 5.823188770797957e-08  8.548043669532055e-01 
 5.825188770797958e-08  8.546578460831001e-01 
 5.827188770797958e-08  8.545113544975177e-01 
 5.829188770797958e-08  8.543648921905876e-01 
 5.831188770797958e-08  8.542184591564754e-01 
 5.833188770797959e-08  8.540720553893132e-01 
 5.835188770797959e-08  8.539256808832687e-01 
 5.837188770797959e-08  8.537793356324768e-01 
 5.839188770797960e-08  8.536330196311070e-01 
 5.841188770797960e-08  8.534867328732965e-01 
 5.843188770797960e-08  8.533404753532173e-01 
 5.845188770797960e-08  8.531942470650091e-01 
 5.847188770797961e-08  8.530480480028466e-01 
 5.849188770797961e-08  8.529018781608710e-01 
 5.851188770797961e-08  8.527557375332592e-01 
 5.853188770797962e-08  8.526096261141557e-01 
 5.855188770797962e-08  8.524635438977392e-01 
 5.857188770797962e-08  8.523174908781562e-01 
 5.859188770797962e-08  8.521714670495886e-01 
 5.861188770797963e-08  8.520254724061851e-01 
 5.863188770797963e-08  8.518795069421293e-01 
 5.865188770797963e-08  8.517335706515726e-01 
 5.867188770797964e-08  8.515876635287007e-01 
 5.869188770797964e-08  8.514417855676678e-01 
 5.871188770797964e-08  8.512959367626616e-01 
 5.873188770797964e-08  8.511501171078384e-01 
 5.875188770797965e-08  8.510043265973886e-01 
 5.877188770797965e-08  8.508585652254705e-01 
 5.879188770797965e-08  8.507128329862768e-01 
 5.881188770797966e-08  8.505671298739689e-01 
 5.883188770797966e-08  8.504214558827411e-01 
 5.885188770797966e-08  8.502758110067573e-01 
 5.887188770797966e-08  8.501301952402145e-01 
 5.889188770797967e-08  8.499846085772783e-01 
 5.891188770797967e-08  8.498390510121481e-01 
 5.893188770797967e-08  8.496935225389924e-01 
 5.895188770797968e-08  8.495480231520125e-01 
 5.897188770797968e-08  8.494025528453794e-01 
 5.899188770797968e-08  8.492571116132965e-01 
 5.901188770797968e-08  8.491116994499371e-01 
 5.903188770797969e-08  8.489663163495070e-01 
 5.905188770797969e-08  8.488209623061820e-01 
 5.907188770797969e-08  8.486756373141702e-01 
 5.909188770797970e-08  8.485303413676495e-01 
 5.911188770797970e-08  8.483850744608302e-01 
 5.913188770797970e-08  8.482398365878927e-01 
 5.915188770797970e-08  8.480946277430498e-01 
 5.917188770797971e-08  8.479494479204847e-01 
 5.919188770797971e-08  8.478042971144117e-01 
 5.921188770797971e-08  8.476591753190164e-01 
 5.923188770797971e-08  8.475140825285153e-01 
 5.925188770797972e-08  8.473690187370962e-01 
 5.927188770797972e-08  8.472239839389788e-01 
 5.929188770797972e-08  8.470789781283531e-01 
 5.931188770797973e-08  8.469340012994403e-01 
 5.933188770797973e-08  8.467890534464332e-01 
 5.935188770797973e-08  8.466441345635557e-01 
 5.937188770797973e-08  8.464992446450021e-01 
 5.939188770797974e-08  8.463543836849985e-01 
 5.941188770797974e-08  8.462095516777423e-01 
 5.943188770797974e-08  8.460647486174617e-01 
 5.945188770797975e-08  8.459199744983564e-01 
 5.947188770797975e-08  8.457752293146572e-01 
 5.949188770797975e-08  8.456305130605659e-01 
 5.951188770797975e-08  8.454858257303148e-01 
 5.953188770797976e-08  8.453411673181085e-01 
 5.955188770797976e-08  8.451965378181819e-01 
 5.957188770797976e-08  8.450519372247423e-01 
 5.959188770797977e-08  8.449073655320263e-01 
 5.961188770797976e-08  8.447628227342431e-01 
 5.963188770797976e-08  8.446183088256324e-01 
 5.965188770797975e-08  8.444738238004056e-01 
 5.967188770797975e-08  8.443293676528045e-01 
 5.969188770797975e-08  8.441849403770429e-01 
 5.971188770797974e-08  8.440405419673646e-01 
 5.973188770797974e-08  8.438961724179860e-01 
 5.975188770797974e-08  8.437518317231533e-01 
 5.977188770797973e-08  8.436075198770850e-01 
 5.979188770797973e-08  8.434632368740301e-01 
 5.981188770797972e-08  8.433189827082092e-01 
 5.983188770797972e-08  8.431747573738726e-01 
 5.985188770797972e-08  8.430305608652441e-01 
 5.987188770797971e-08  8.428863931765763e-01 
 5.989188770797971e-08  8.427422543020953e-01 
 5.991188770797971e-08  8.425981442360561e-01 
 5.993188770797970e-08  8.424540629726868e-01 
 5.995188770797970e-08  8.423100105062447e-01 
 5.997188770797969e-08  8.421659868309600e-01 
 5.999188770797969e-08  8.420219919410927e-01 
 6.001188770797969e-08  8.418780258308758e-01 
 6.003188770797968e-08  8.417340884945707e-01 
 6.005188770797968e-08  8.415901799264128e-01 
 6.007188770797967e-08  8.414463001206662e-01 
 6.009188770797967e-08  8.413024490715683e-01 
 6.011188770797967e-08  8.411586267733857e-01 
 6.013188770797966e-08  8.410148332203584e-01 
 6.015188770797966e-08  8.408710684067545e-01 
 6.017188770797966e-08  8.407273323268166e-01 
 6.019188770797965e-08  8.405836249748153e-01 
 6.021188770797965e-08  8.404399463449956e-01 
 6.023188770797964e-08  8.402962964316304e-01 
 6.025188770797964e-08  8.401526752289664e-01 
 6.027188770797964e-08  8.400090827312788e-01 
 6.029188770797963e-08  8.398655189328172e-01 
 6.031188770797963e-08  8.397219838278590e-01 
 6.033188770797963e-08  8.395784774106561e-01 
 6.035188770797962e-08  8.394349996754878e-01 
 6.037188770797962e-08  8.392915506166089e-01 
 6.039188770797961e-08  8.391481302283006e-01 
 6.041188770797961e-08  8.390047385048196e-01 
 6.043188770797961e-08  8.388613754404501e-01 
 6.045188770797960e-08  8.387180410294510e-01 
 6.047188770797960e-08  8.385747352661083e-01 
 6.049188770797960e-08  8.384314581446835e-01 
 6.051188770797959e-08  8.382882096594652e-01 
 6.053188770797959e-08  8.381449898047166e-01 
 6.055188770797958e-08  8.380017985747286e-01 
 6.057188770797958e-08  8.378586359637672e-01 
 6.059188770797958e-08  8.377155019661254e-01 
 6.061188770797957e-08  8.375723965760714e-01 
 6.063188770797957e-08  8.374293197879004e-01 
 6.065188770797956e-08  8.372862715958831e-01 
 6.067188770797956e-08  8.371432519943169e-01 
 6.069188770797956e-08  8.370002609774749e-01 
 6.071188770797955e-08  8.368572985396562e-01 
 6.073188770797955e-08  8.367143646751363e-01 
 6.075188770797955e-08  8.365714593782173e-01 
 6.077188770797954e-08  8.364285826431769e-01 
 6.079188770797954e-08  8.362857344643190e-01 
 6.081188770797953e-08  8.361429148359241e-01 
 6.083188770797953e-08  8.360001237522983e-01 
 6.085188770797953e-08  8.358573612077235e-01 
 6.087188770797952e-08  8.357146271965080e-01 
 6.089188770797952e-08  8.355719217129370e-01 
 6.091188770797952e-08  8.354292447513216e-01 
 6.093188770797951e-08  8.352865963059483e-01 
 6.095188770797951e-08  8.351439763711298e-01 
 6.097188770797950e-08  8.350013849411559e-01 
 6.099188770797950e-08  8.348588220103420e-01 
 6.101188770797950e-08  8.347162875729796e-01 
 6.103188770797949e-08  8.345737816233857e-01 
 6.105188770797949e-08  8.344313041558548e-01 
 6.107188770797949e-08  8.342888551647063e-01 
 6.109188770797948e-08  8.341464346442367e-01 
 6.111188770797948e-08  8.340040425887677e-01 
 6.113188770797947e-08  8.338616789925982e-01 
 6.115188770797947e-08  8.337193438500523e-01 
 6.117188770797947e-08  8.335770371554309e-01 
 6.119188770797946e-08  8.334347589030600e-01 
 6.121188770797946e-08  8.332925090872433e-01 
 6.123188770797945e-08  8.331502877023091e-01 
 6.125188770797945e-08  8.330080947425635e-01 
 6.127188770797945e-08  8.328659302023368e-01 
 6.129188770797944e-08  8.327237940759372e-01 
 6.131188770797944e-08  8.325816863576974e-01 
 6.133188770797944e-08  8.324396070419278e-01 
 6.135188770797943e-08  8.322975561229634e-01 
 6.137188770797943e-08  8.321555335951171e-01 
 6.139188770797942e-08  8.320135394527259e-01 
 6.141188770797942e-08  8.318715736901057e-01 
 6.143188770797942e-08  8.317296363015954e-01 
 6.145188770797941e-08  8.315877272815123e-01 
 6.147188770797941e-08  8.314458466241981e-01 
 6.149188770797941e-08  8.313039943239728e-01 
 6.151188770797940e-08  8.311621703751803e-01 
 6.153188770797940e-08  8.310203747721420e-01 
 6.155188770797939e-08  8.308786075092047e-01 
 6.157188770797939e-08  8.307368685806925e-01 
 6.159188770797939e-08  8.305951579809536e-01 
 6.161188770797938e-08  8.304534757043149e-01 
 6.163188770797938e-08  8.303118217451272e-01 
 6.165188770797938e-08  8.301701960977190e-01 
 6.167188770797937e-08  8.300285987564427e-01 
 6.169188770797937e-08  8.298870297156301e-01 
 6.171188770797936e-08  8.297454889696362e-01 
 6.173188770797936e-08  8.296039765127947e-01 
 6.175188770797936e-08  8.294624923394625e-01 
 6.177188770797935e-08  8.293210364439756e-01 
 6.179188770797935e-08  8.291796088206934e-01 
 6.181188770797934e-08  8.290382094639543e-01 
 6.183188770797934e-08  8.288968383681199e-01 
 6.185188770797934e-08  8.287554955275305e-01 
 6.187188770797933e-08  8.286141809365498e-01 
 6.189188770797933e-08  8.284728945895209e-01 
 6.191188770797933e-08  8.283316364808097e-01 
 6.193188770797932e-08  8.281904066047615e-01 
 6.195188770797932e-08  8.280492049557441e-01 
 6.197188770797931e-08  8.279080315281053e-01 
 6.199188770797931e-08  8.277668863162153e-01 
 6.201188770797931e-08  8.276257693144240e-01 
 6.203188770797930e-08  8.274846805171041e-01 
 6.205188770797930e-08  8.273436199186077e-01 
 6.207188770797930e-08  8.272025875133097e-01 
 6.209188770797929e-08  8.270615832955641e-01 
 6.211188770797929e-08  8.269206072597478e-01 
 6.213188770797928e-08  8.267796594002179e-01 
 6.215188770797928e-08  8.266387397113536e-01 
 6.217188770797928e-08  8.264978481875138e-01 
 6.219188770797927e-08  8.263569848230800e-01 
 6.221188770797927e-08  8.262161496124133e-01 
 6.223188770797927e-08  8.260753425498973e-01 
 6.225188770797926e-08  8.259345636298960e-01 
 6.227188770797926e-08  8.257938128467948e-01 
 6.229188770797925e-08  8.256530901949595e-01 
 6.231188770797925e-08  8.255123956687783e-01 
 6.233188770797925e-08  8.253717292626194e-01 
 6.235188770797924e-08  8.252310909708731e-01 
 6.237188770797924e-08  8.250904807879098e-01 
 6.239188770797924e-08  8.249498987081216e-01 
 6.241188770797923e-08  8.248093447258817e-01 
 6.243188770797923e-08  8.246688188355845e-01 
 6.245188770797922e-08  8.245283210316051e-01 
 6.247188770797922e-08  8.243878513083404e-01 
 6.249188770797922e-08  8.242474096601679e-01 
 6.251188770797921e-08  8.241069960814862e-01 
 6.253188770797921e-08  8.239666105666752e-01 
 6.255188770797920e-08  8.238262531101358e-01 
 6.257188770797920e-08  8.236859237062500e-01 
 6.259188770797920e-08  8.235456223494213e-01 
 6.261188770797919e-08  8.234053490340341e-01 
 6.263188770797919e-08  8.232651037544938e-01 
 6.265188770797919e-08  8.231248865051870e-01 
 6.267188770797918e-08  8.229846972805213e-01 
 6.269188770797918e-08  8.228445360748855e-01 
 6.271188770797917e-08  8.227044028826898e-01 
 6.273188770797917e-08  8.225642976983254e-01 
 6.275188770797917e-08  8.224242205162040e-01 
 6.277188770797916e-08  8.222841713307195e-01 
 6.279188770797916e-08  8.221441501362859e-01 
 6.281188770797916e-08  8.220041569272991e-01 
 6.283188770797915e-08  8.218641916981752e-01 
 6.285188770797915e-08  8.217242544433123e-01 
 6.287188770797914e-08  8.215843451571294e-01 
 6.289188770797914e-08  8.214444638340267e-01 
 6.291188770797914e-08  8.213046104684246e-01 
 6.293188770797913e-08  8.211647850547260e-01 
 6.295188770797913e-08  8.210249875873541e-01 
 6.297188770797913e-08  8.208852180607137e-01 
 6.299188770797912e-08  8.207454764692298e-01 
 6.301188770797912e-08  8.206057628073097e-01 
 6.303188770797911e-08  8.204660770693804e-01 
 6.305188770797911e-08  8.203264192498516e-01 
 6.307188770797911e-08  8.201867893431533e-01 
 6.309188770797910e-08  8.200471873436965e-01 
 6.311188770797910e-08  8.199076132459131e-01 
 6.313188770797909e-08  8.197680670442175e-01 
 6.315188770797909e-08  8.196285487330434e-01 
 6.317188770797909e-08  8.194890583068070e-01 
 6.319188770797908e-08  8.193495957599444e-01 
 6.321188770797908e-08  8.192101610868742e-01 
 6.323188770797908e-08  8.190707542820347e-01 
 6.325188770797907e-08  8.189313753398467e-01 
 6.327188770797907e-08  8.187920242547508e-01 
 6.329188770797906e-08  8.186527010211698e-01 
 6.331188770797906e-08  8.185134056335466e-01 
 6.333188770797906e-08  8.183741380863063e-01 
 6.335188770797905e-08  8.182348983738938e-01 
 6.337188770797905e-08  8.180956864907369e-01 
 6.339188770797905e-08  8.179565024312824e-01 
 6.341188770797904e-08  8.178173461899603e-01 
 6.343188770797904e-08  8.176782177612197e-01 
 6.345188770797903e-08  8.175391171394930e-01 
 6.347188770797903e-08  8.174000443192317e-01 
 6.349188770797903e-08  8.172609992948699e-01 
 6.351188770797902e-08  8.171219820608610e-01 
 6.353188770797902e-08  8.169829926116419e-01 
 6.355188770797902e-08  8.168440309416684e-01 
 6.357188770797901e-08  8.167050970453791e-01 
 6.359188770797901e-08  8.165661909172320e-01 
 6.361188770797900e-08  8.164273125516687e-01 
 6.363188770797900e-08  8.162884619431492e-01 
 6.365188770797900e-08  8.161496390861169e-01 
 6.367188770797899e-08  8.160108439750339e-01 
 6.369188770797899e-08  8.158720766043457e-01 
 6.371188770797898e-08  8.157333369685171e-01 
 6.373188770797898e-08  8.155946250619961e-01 
 6.375188770797898e-08  8.154559408792490e-01 
 6.377188770797897e-08  8.153172844147264e-01 
 6.379188770797897e-08  8.151786556628968e-01 
 6.381188770797897e-08  8.150400546182135e-01 
 6.383188770797896e-08  8.149014812751465e-01 
 6.385188770797896e-08  8.147629356281507e-01 
 6.387188770797895e-08  8.146244176716992e-01 
 6.389188770797895e-08  8.144859274002493e-01 
 6.391188770797895e-08  8.143474648082762e-01 
 6.393188770797894e-08  8.142090298902392e-01 
 6.395188770797894e-08  8.140706226406157e-01 
 6.397188770797894e-08  8.139322430538674e-01 
 6.399188770797893e-08  8.137938911244738e-01 
 6.401188770797893e-08  8.136555668468983e-01 
 6.403188770797892e-08  8.135172702156230e-01 
 6.405188770797892e-08  8.133790012251139e-01 
 6.407188770797892e-08  8.132407598698549e-01 
 6.409188770797891e-08  8.131025461443148e-01 
 6.411188770797891e-08  8.129643600429792e-01 
 6.413188770797891e-08  8.128262015603189e-01 
 6.415188770797890e-08  8.126880706908218e-01 
 6.417188770797890e-08  8.125499674289611e-01 
 6.419188770797889e-08  8.124118917692271e-01 
 6.421188770797889e-08  8.122738437060948e-01 
 6.423188770797889e-08  8.121358232340566e-01 
 6.425188770797888e-08  8.119978303475902e-01 
 6.427188770797888e-08  8.118598650411901e-01 
 6.429188770797887e-08  8.117219273093359e-01 
 6.431188770797887e-08  8.115840171465247e-01 
 6.433188770797887e-08  8.114461345472381e-01 
 6.435188770797886e-08  8.113082795059749e-01 
 6.437188770797886e-08  8.111704520172195e-01 
 6.439188770797886e-08  8.110326520754730e-01 
 6.441188770797885e-08  8.108948796752219e-01 
 6.443188770797885e-08  8.107571348109694e-01 
 6.445188770797884e-08  8.106194174772042e-01 
 6.447188770797884e-08  8.104817276684317e-01 
 6.449188770797884e-08  8.103440653791426e-01 
 6.451188770797883e-08  8.102064306038443e-01 
 6.453188770797883e-08  8.100688233370307e-01 
 6.455188770797883e-08  8.099312435732111e-01 
 6.457188770797882e-08  8.097936913068807e-01 
 6.459188770797882e-08  8.096561665325517e-01 
 6.461188770797881e-08  8.095186692447216e-01 
 6.463188770797881e-08  8.093811994379045e-01 
 6.465188770797881e-08  8.092437571066001e-01 
 6.467188770797880e-08  8.091063422453242e-01 
 6.469188770797880e-08  8.089689548485793e-01 
 6.471188770797880e-08  8.088315949108840e-01 
 6.473188770797879e-08  8.086942624267425e-01 
 6.475188770797879e-08  8.085569573906750e-01 
 6.477188770797878e-08  8.084196797971884e-01 
 6.479188770797878e-08  8.082824296408054e-01 
 6.481188770797878e-08  8.081452069160345e-01 
 6.483188770797877e-08  8.080080116174007e-01 
 6.485188770797877e-08  8.078708437394151e-01 
 6.487188770797876e-08  8.077337032766045e-01 
 6.489188770797876e-08  8.075965902234822e-01 
 6.491188770797876e-08  8.074595045745773e-01 
 6.493188770797875e-08  8.073224463244053e-01 
 6.495188770797875e-08  8.071854154674976e-01 
 6.497188770797875e-08  8.070484119983716e-01 
 6.499188770797874e-08  8.069114359115612e-01 
 6.501188770797874e-08  8.067744872015864e-01 
 6.503188770797873e-08  8.066375658629822e-01 
 6.505188770797873e-08  8.065006718902703e-01 
 6.507188770797873e-08  8.063638052779890e-01 
 6.509188770797872e-08  8.062269660206629e-01 
 6.511188770797872e-08  8.060901541128320e-01 
 6.513188770797872e-08  8.059533695490227e-01 
 6.515188770797871e-08  8.058166123237770e-01 
 6.517188770797871e-08  8.056798824316235e-01 
 6.519188770797870e-08  8.055431798671064e-01 
 6.521188770797870e-08  8.054065046247572e-01 
 6.523188770797870e-08  8.052698566991219e-01 
 6.525188770797869e-08  8.051332360847336e-01 
 6.527188770797869e-08  8.049966427761409e-01 
 6.529188770797869e-08  8.048600767678793e-01 
 6.531188770797868e-08  8.047235380544996e-01 
 6.533188770797868e-08  8.045870266305394e-01 
 6.535188770797867e-08  8.044505424905511e-01 
 6.537188770797867e-08  8.043140856290748e-01 
 6.539188770797867e-08  8.041776560406657e-01 
 6.541188770797866e-08  8.040412537198660e-01 
 6.543188770797866e-08  8.039048786612322e-01 
 6.545188770797865e-08  8.037685308593084e-01 
 6.547188770797865e-08  8.036322103086544e-01 
 6.549188770797865e-08  8.034959170038168e-01 
 6.551188770797864e-08  8.033596509393569e-01 
 6.553188770797864e-08  8.032234121098232e-01 
 6.555188770797864e-08  8.030872005097791e-01 
 6.557188770797863e-08  8.029510161337760e-01 
 6.559188770797863e-08  8.028148589763793e-01 
 6.561188770797862e-08  8.026787290321419e-01 
 6.563188770797862e-08  8.025426262956318e-01 
 6.565188770797862e-08  8.024065507614047e-01 
 6.567188770797861e-08  8.022705024240301e-01 
 6.569188770797861e-08  8.021344812780655e-01 
 6.571188770797861e-08  8.019984873180833e-01 
 6.573188770797860e-08  8.018625205386432e-01 
 6.575188770797860e-08  8.017265809343193e-01 
 6.577188770797859e-08  8.015906684996738e-01 
 6.579188770797859e-08  8.014547832292828e-01 
 6.581188770797859e-08  8.013189251177103e-01 
 6.583188770797858e-08  8.011830941595348e-01 
 6.585188770797858e-08  8.010472903493229e-01 
 6.587188770797858e-08  8.009115136816551e-01 
 6.589188770797857e-08  8.007757641511001e-01 
 6.591188770797857e-08  8.006400417522409e-01 
 6.593188770797856e-08  8.005043464796481e-01 
 6.595188770797856e-08  8.003686783279064e-01 
 6.597188770797856e-08  8.002330372915889e-01 
 6.599188770797855e-08  8.000974233652826e-01 
 6.601188770797855e-08  7.999618365435627e-01 
 6.603188770797855e-08  7.998262768210186e-01 
 6.605188770797854e-08  7.996907441922272e-01 
 6.607188770797854e-08  7.995552386517801e-01 
 6.609188770797853e-08  7.994197601942569e-01 
 6.611188770797853e-08  7.992843088142511e-01 
 6.613188770797853e-08  7.991488845063442e-01 
 6.615188770797852e-08  7.990134872651319e-01 
 6.617188770797852e-08  7.988781170851978e-01 
 6.619188770797851e-08  7.987427739611400e-01 
 6.621188770797851e-08  7.986074578875446e-01 
 6.623188770797851e-08  7.984721688590116e-01 
 6.625188770797850e-08  7.983369068701291e-01 
 6.627188770797850e-08  7.982016719154992e-01 
 6.629188770797850e-08  7.980664639897125e-01 
 6.631188770797849e-08  7.979312830873729e-01 
 6.633188770797849e-08  7.977961292030732e-01 
 6.635188770797848e-08  7.976610023314195e-01 
 6.637188770797848e-08  7.975259024670066e-01 
 6.639188770797848e-08  7.973908296044430e-01 
 6.641188770797847e-08  7.972557837383262e-01 
 6.643188770797847e-08  7.971207648632663e-01 
 6.645188770797847e-08  7.969857729738626e-01 
 6.647188770797846e-08  7.968508080647277e-01 
 6.649188770797846e-08  7.967158701304631e-01 
 6.651188770797845e-08  7.965809591656834e-01 
 6.653188770797845e-08  7.964460751649924e-01 
 6.655188770797845e-08  7.963112181230071e-01 
 6.657188770797844e-08  7.961763880343331e-01 
 6.659188770797844e-08  7.960415848935896e-01 
 6.661188770797844e-08  7.959068086953842e-01 
 6.663188770797843e-08  7.957720594343383e-01 
 6.665188770797843e-08  7.956373371050621e-01 
 6.667188770797842e-08  7.955026417021790e-01 
 6.669188770797842e-08  7.953679732203014e-01 
 6.671188770797842e-08  7.952333316540542e-01 
 6.673188770797841e-08  7.950987169980521e-01 
 6.675188770797841e-08  7.949641292469227e-01 
 6.677188770797840e-08  7.948295683952826e-01 
 6.679188770797840e-08  7.946950344377618e-01 
 6.681188770797840e-08  7.945605273689791e-01 
 6.683188770797839e-08  7.944260471835657e-01 
 6.685188770797839e-08  7.942915938761431e-01 
 6.687188770797839e-08  7.941571674413451e-01 
 6.689188770797838e-08  7.940227678737950e-01 
 6.691188770797838e-08  7.938883951681286e-01 
 6.693188770797837e-08  7.937540493189715e-01 
 6.695188770797837e-08  7.936197303209620e-01 
 6.697188770797837e-08  7.934854381687277e-01 
 6.699188770797836e-08  7.933511728569085e-01 
 6.701188770797836e-08  7.932169343801339e-01 
 6.703188770797836e-08  7.930827227330464e-01 
 6.705188770797835e-08  7.929485379102781e-01 
 6.707188770797835e-08  7.928143799064735e-01 
 6.709188770797834e-08  7.926802487162669e-01 
 6.711188770797834e-08  7.925461443343045e-01 
 6.713188770797834e-08  7.924120667552226e-01 
 6.715188770797833e-08  7.922780159736701e-01 
 6.717188770797833e-08  7.921439919842853e-01 
 6.719188770797833e-08  7.920099947817190e-01 
 6.721188770797832e-08  7.918760243606119e-01 
 6.723188770797832e-08  7.917420807156170e-01 
 6.725188770797831e-08  7.916081638413768e-01 
 6.727188770797831e-08  7.914742737325462e-01 
 6.729188770797831e-08  7.913404103837703e-01 
 6.731188770797830e-08  7.912065737897068e-01 
 6.733188770797830e-08  7.910727639450024e-01 
 6.735188770797829e-08  7.909389808443164e-01 
 6.737188770797829e-08  7.908052244822977e-01 
 6.739188770797829e-08  7.906714948536079e-01 
 6.741188770797828e-08  7.905377919528983e-01 
 6.743188770797828e-08  7.904041157748325e-01 
 6.745188770797828e-08  7.902704663140643e-01 
 6.747188770797827e-08  7.901368435652590e-01 
 6.749188770797827e-08  7.900032475230726e-01 
 6.751188770797826e-08  7.898696781821725e-01 
 6.753188770797826e-08  7.897361355372166e-01 
 6.755188770797826e-08  7.896026195828747e-01 
 6.757188770797825e-08  7.894691303138069e-01 
 6.759188770797825e-08  7.893356677246857e-01 
 6.761188770797825e-08  7.892022318101728e-01 
 6.763188770797824e-08  7.890688225649424e-01 
 6.765188770797824e-08  7.889354399836588e-01 
 6.767188770797823e-08  7.888020840609979e-01 
 6.769188770797823e-08  7.886687547916268e-01 
 6.771188770797823e-08  7.885354521702230e-01 
 6.773188770797822e-08  7.884021761914555e-01 
 6.775188770797822e-08  7.882689268500044e-01 
 6.777188770797822e-08  7.881357041405410e-01 
 6.779188770797821e-08  7.880025080577474e-01 
 6.781188770797821e-08  7.878693385962969e-01 
 6.783188770797820e-08  7.877361957508739e-01 
 6.785188770797820e-08  7.876030795161536e-01 
 6.787188770797820e-08  7.874699898868223e-01 
 6.789188770797819e-08  7.873369268575574e-01 
 6.791188770797819e-08  7.872038904230478e-01 
 6.793188770797818e-08  7.870708805779731e-01 
 6.795188770797818e-08  7.869378973170240e-01 
 6.797188770797818e-08  7.868049406348824e-01 
 6.799188770797817e-08  7.866720105262409e-01 
 6.801188770797817e-08  7.865391069857830e-01 
 6.803188770797817e-08  7.864062300082038e-01 
 6.805188770797816e-08  7.862733795881892e-01 
 6.807188770797816e-08  7.861405557204368e-01 
 6.809188770797815e-08  7.860077583996344e-01 
 6.811188770797815e-08  7.858749876204810e-01 
 6.813188770797815e-08  7.857422433776671e-01 
 6.815188770797814e-08  7.856095256658938e-01 
 6.817188770797814e-08  7.854768344798536e-01 
 6.819188770797814e-08  7.853441698142501e-01 
 6.821188770797813e-08  7.852115316637778e-01 
 6.823188770797813e-08  7.850789200231415e-01 
 6.825188770797812e-08  7.849463348870384e-01 
 6.827188770797812e-08  7.848137762501759e-01 
 6.829188770797812e-08  7.846812441072528e-01 
 6.831188770797811e-08  7.845487384529789e-01 
 6.833188770797811e-08  7.844162592820553e-01 
 6.835188770797811e-08  7.842838065891935e-01 
 6.837188770797810e-08  7.841513803690966e-01 
 6.839188770797810e-08  7.840189806164787e-01 
 6.841188770797809e-08  7.838866073260446e-01 
 6.843188770797809e-08  7.837542604925104e-01 
 6.845188770797809e-08  7.836219401105837e-01 
 6.847188770797808e-08  7.834896461749823e-01 
 6.849188770797808e-08  7.833573786804157e-01 
 6.851188770797807e-08  7.832251376216040e-01 
 6.853188770797807e-08  7.830929229932589e-01 
 6.855188770797807e-08  7.829607347901028e-01 
 6.857188770797806e-08  7.828285730068489e-01 
 6.859188770797806e-08  7.826964376382218e-01 
 6.861188770797806e-08  7.825643286789375e-01 
 6.863188770797805e-08  7.824322461237224e-01 
 6.865188770797805e-08  7.823001899672946e-01 
 6.867188770797804e-08  7.821681602043823e-01 
 6.869188770797804e-08  7.820361568297060e-01 
 6.871188770797804e-08  7.819041798379962e-01 
 6.873188770797803e-08  7.817722292239750e-01 
 6.875188770797803e-08  7.816403049823750e-01 
 6.877188770797803e-08  7.815084071079208e-01 
 6.879188770797802e-08  7.813765355953470e-01 
 6.881188770797802e-08  7.812446904393801e-01 
 6.883188770797801e-08  7.811128716347567e-01 
 6.885188770797801e-08  7.809810791762060e-01 
 6.887188770797801e-08  7.808493130584671e-01 
 6.889188770797800e-08  7.807175732762704e-01 
 6.891188770797800e-08  7.805858598243569e-01 
 6.893188770797800e-08  7.804541726974593e-01 
 6.895188770797799e-08  7.803225118903210e-01 
 6.897188770797799e-08  7.801908773976768e-01 
 6.899188770797798e-08  7.800592692142722e-01 
 6.901188770797798e-08  7.799276873348445e-01 
 6.903188770797798e-08  7.797961317541405e-01 
 6.905188770797797e-08  7.796646024668993e-01 
 6.907188770797797e-08  7.795330994678704e-01 
 6.909188770797796e-08  7.794016227517957e-01 
 6.911188770797796e-08  7.792701723134261e-01 
 6.913188770797796e-08  7.791387481475053e-01 
 6.915188770797795e-08  7.790073502487868e-01 
 6.917188770797795e-08  7.788759786120161e-01 
 6.919188770797795e-08  7.787446332319488e-01 
 6.921188770797794e-08  7.786133141033327e-01 
 6.923188770797794e-08  7.784820212209256e-01 
 6.925188770797793e-08  7.783507545794776e-01 
 6.927188770797793e-08  7.782195141737479e-01 
 6.929188770797793e-08  7.780882999984888e-01 
 6.931188770797792e-08  7.779571120484621e-01 
 6.933188770797792e-08  7.778259503184217e-01 
 6.935188770797792e-08  7.776948148031316e-01 
 6.937188770797791e-08  7.775637054973479e-01 
 6.939188770797791e-08  7.774326223958364e-01 
 6.941188770797790e-08  7.773015654933562e-01 
 6.943188770797790e-08  7.771705347846745e-01 
 6.945188770797790e-08  7.770395302645521e-01 
 6.947188770797789e-08  7.769085519277593e-01 
 6.949188770797789e-08  7.767775997690584e-01 
 6.951188770797789e-08  7.766466737832213e-01 
 6.953188770797788e-08  7.765157739650133e-01 
 6.955188770797788e-08  7.763849003092083e-01 
 6.957188770797787e-08  7.762540528105729e-01 
 6.959188770797787e-08  7.761232314638836e-01 
 6.961188770797787e-08  7.759924362639093e-01 
 6.963188770797786e-08  7.758616672054287e-01 
 6.965188770797786e-08  7.757309242832124e-01 
 6.967188770797785e-08  7.756002074920409e-01 
 6.969188770797785e-08  7.754695168266874e-01 
 6.971188770797785e-08  7.753388522819343e-01 
 6.973188770797784e-08  7.752082138525570e-01 
 6.975188770797784e-08  7.750776015333402e-01 
 6.977188770797784e-08  7.749470153190609e-01 
 6.979188770797783e-08  7.748164552045058e-01 
 6.981188770797783e-08  7.746859211844548e-01 
 6.983188770797782e-08  7.745554132536960e-01 
 6.985188770797782e-08  7.744249314070110e-01 
 6.987188770797782e-08  7.742944756391907e-01 
 6.989188770797781e-08  7.741640459450189e-01 
 6.991188770797781e-08  7.740336423192883e-01 
 6.993188770797781e-08  7.739032647567849e-01 
 6.995188770797780e-08  7.737729132523034e-01 
 6.997188770797780e-08  7.736425878006313e-01 
 6.999188770797779e-08  7.735122883965659e-01 
 7.001188770797779e-08  7.733820150348973e-01 
 7.003188770797779e-08  7.732517677104245e-01 
 7.005188770797778e-08  7.731215464179395e-01 
 7.007188770797778e-08  7.729913511522433e-01 
 7.009188770797778e-08  7.728611819081300e-01 
 7.011188770797777e-08  7.727310386804028e-01 
 7.013188770797777e-08  7.726009214638582e-01 
 7.015188770797776e-08  7.724708302533013e-01 
 7.017188770797776e-08  7.723407650435303e-01 
 7.019188770797776e-08  7.722107258293525e-01 
 7.021188770797775e-08  7.720807126055682e-01 
 7.023188770797775e-08  7.719507253669869e-01 
 7.025188770797775e-08  7.718207641084114e-01 
 7.027188770797774e-08  7.716908288246527e-01 
 7.029188770797774e-08  7.715609195105154e-01 
 7.031188770797773e-08  7.714310361608132e-01 
 7.033188770797773e-08  7.713011787703529e-01 
 7.035188770797773e-08  7.711713473339495e-01 
 7.037188770797772e-08  7.710415418464120e-01 
 7.039188770797772e-08  7.709117623025582e-01 
 7.041188770797771e-08  7.707820086971992e-01 
 7.043188770797771e-08  7.706522810251542e-01 
 7.045188770797771e-08  7.705225792812362e-01 
 7.047188770797770e-08  7.703929034602670e-01 
 7.049188770797770e-08  7.702632535570618e-01 
 7.051188770797770e-08  7.701336295664442e-01 
 7.053188770797769e-08  7.700040314832314e-01 
 7.055188770797769e-08  7.698744593022492e-01 
 7.057188770797768e-08  7.697449130183167e-01 
 7.059188770797768e-08  7.696153926262618e-01 
 7.061188770797768e-08  7.694858981209061e-01 
 7.063188770797767e-08  7.693564294970791e-01 
 7.065188770797767e-08  7.692269867496041e-01 
 7.067188770797767e-08  7.690975698733137e-01 
 7.069188770797766e-08  7.689681788630331e-01 
 7.071188770797766e-08  7.688388137135961e-01 
 7.073188770797765e-08  7.687094744198304e-01 
 7.075188770797765e-08  7.685801609765722e-01 
 7.077188770797765e-08  7.684508733786514e-01 
 7.079188770797764e-08  7.683216116209053e-01 
 7.081188770797764e-08  7.681923756981659e-01 
 7.083188770797764e-08  7.680631656052737e-01 
 7.085188770797763e-08  7.679339813370621e-01 
 7.087188770797763e-08  7.678048228883734e-01 
 7.089188770797762e-08  7.676756902540439e-01 
 7.091188770797762e-08  7.675465834289178e-01 
 7.093188770797762e-08  7.674175024078329e-01 
 7.095188770797761e-08  7.672884471856350e-01 
 7.097188770797761e-08  7.671594177571650e-01 
 7.099188770797760e-08  7.670304141172708e-01 
 7.101188770797760e-08  7.669014362607947e-01 
 7.103188770797760e-08  7.667724841825866e-01 
 7.105188770797759e-08  7.666435578774913e-01 
 7.107188770797759e-08  7.665146573403609e-01 
 7.109188770797759e-08  7.663857825660422e-01 
 7.111188770797758e-08  7.662569335493887e-01 
 7.113188770797758e-08  7.661281102852495e-01 
 7.115188770797757e-08  7.659993127684811e-01 
 7.117188770797757e-08  7.658705409939338e-01 
 7.119188770797757e-08  7.657417949564662e-01 
 7.121188770797756e-08  7.656130746509308e-01 
 7.123188770797756e-08  7.654843800721877e-01 
 7.125188770797756e-08  7.653557112150920e-01 
 7.127188770797755e-08  7.652270680745064e-01 
 7.129188770797755e-08  7.650984506452873e-01 
 7.131188770797754e-08  7.649698589222995e-01 
 7.133188770797754e-08  7.648412929004018e-01 
 7.135188770797754e-08  7.647127525744608e-01 
 7.137188770797753e-08  7.645842379393372e-01 
 7.139188770797753e-08  7.644557489899000e-01 
 7.141188770797753e-08  7.643272857210119e-01 
 7.143188770797752e-08  7.641988481275434e-01 
 7.145188770797752e-08  7.640704362043595e-01 
 7.147188770797751e-08  7.639420499463334e-01 
 7.149188770797751e-08  7.638136893483319e-01 
 7.151188770797751e-08  7.636853544052299e-01 
 7.153188770797750e-08  7.635570451118965e-01 
 7.155188770797750e-08  7.634287614632083e-01 
 7.157188770797749e-08  7.633005034540364e-01 
 7.159188770797749e-08  7.631722710792601e-01 
 7.161188770797749e-08  7.630440643337527e-01 
 7.163188770797748e-08  7.629158832123947e-01 
 7.165188770797748e-08  7.627877277100615e-01 
 7.167188770797748e-08  7.626595978216362e-01 
 7.169188770797747e-08  7.625314935419959e-01 
 7.171188770797747e-08  7.624034148660257e-01 
 7.173188770797746e-08  7.622753617886051e-01 
 7.175188770797746e-08  7.621473343046210e-01 
 7.177188770797746e-08  7.620193324089550e-01 
 7.179188770797745e-08  7.618913560964962e-01 
 7.181188770797745e-08  7.617634053621281e-01 
 7.183188770797745e-08  7.616354802007415e-01 
 7.185188770797744e-08  7.615075806072221e-01 
 7.187188770797744e-08  7.613797065764630e-01 
 7.189188770797743e-08  7.612518581033521e-01 
 7.191188770797743e-08  7.611240351827840e-01 
 7.193188770797743e-08  7.609962378096489e-01 
 7.195188770797742e-08  7.608684659788435e-01 
 7.197188770797742e-08  7.607407196852600e-01 
 7.199188770797742e-08  7.606129989237975e-01 
 7.201188770797741e-08  7.604853036893500e-01 
 7.203188770797741e-08  7.603576339768183e-01 
 7.205188770797740e-08  7.602299897810982e-01 
 7.207188770797740e-08  7.601023710970933e-01 
 7.209188770797740e-08  7.599747779197015e-01 
 7.211188770797739e-08  7.598472102438280e-01 
 7.213188770797739e-08  7.597196680643726e-01 
 7.215188770797738e-08  7.595921513762426e-01 
 7.217188770797738e-08  7.594646601743401e-01 
 7.219188770797738e-08  7.593371944535741e-01 
 7.221188770797737e-08  7.592097542088492e-01 
 7.223188770797737e-08  7.590823394350764e-01 
 7.225188770797737e-08  7.589549501271620e-01 
 7.227188770797736e-08  7.588275862800191e-01 
 7.229188770797736e-08  7.587002478885561e-01 
 7.231188770797735e-08  7.585729349476884e-01 
 7.233188770797735e-08  7.584456474523263e-01 
 7.235188770797735e-08  7.583183853973869e-01 
 7.237188770797734e-08  7.581911487777824e-01 
 7.239188770797734e-08  7.580639375884323e-01 
 7.241188770797734e-08  7.579367518242511e-01 
 7.243188770797733e-08  7.578095914801605e-01 
 7.245188770797733e-08  7.576824565510766e-01 
 7.247188770797732e-08  7.575553470319223e-01 
 7.249188770797732e-08  7.574282629176167e-01 
 7.251188770797732e-08  7.573012042030850e-01 
 7.253188770797731e-08  7.571741708832475e-01 
 7.255188770797731e-08  7.570471629530315e-01 
 7.257188770797731e-08  7.569201804073600e-01 
 7.259188770797730e-08  7.567932232411624e-01 
 7.261188770797730e-08  7.566662914493628e-01 
 7.263188770797729e-08  7.565393850268927e-01 
 7.265188770797729e-08  7.564125039686791e-01 
 7.267188770797729e-08  7.562856482696554e-01 
 7.269188770797728e-08  7.561588179247503e-01 
 7.271188770797728e-08  7.560320129288992e-01 
 7.273188770797727e-08  7.559052332770331e-01 
 7.275188770797727e-08  7.557784789640891e-01 
 7.277188770797727e-08  7.556517499850001e-01 
 7.279188770797726e-08  7.555250463347054e-01 
 7.281188770797726e-08  7.553983680081400e-01 
 7.283188770797726e-08  7.552717150002453e-01 
 7.285188770797725e-08  7.551450873059582e-01 
 7.287188770797725e-08  7.550184849202221e-01 
 7.289188770797724e-08  7.548919078379760e-01 
 7.291188770797724e-08  7.547653560541653e-01 
 7.293188770797724e-08  7.546388295637309e-01 
 7.295188770797723e-08  7.545123283616202e-01 
 7.297188770797723e-08  7.543858524427765e-01 
 7.299188770797723e-08  7.542594018021489e-01 
 7.301188770797722e-08  7.541329764346827e-01 
 7.303188770797722e-08  7.540065763353294e-01 
 7.305188770797721e-08  7.538802014990358e-01 
 7.307188770797721e-08  7.537538519207554e-01 
 7.309188770797721e-08  7.536275275954376e-01 
 7.311188770797720e-08  7.535012285180377e-01 
 7.313188770797720e-08  7.533749546835068e-01 
 7.315188770797720e-08  7.532487060868026e-01 
 7.317188770797719e-08  7.531224827228779e-01 
 7.319188770797719e-08  7.529962845866921e-01 
 7.321188770797718e-08  7.528701116732009e-01 
 7.323188770797718e-08  7.527439639773654e-01 
 7.325188770797718e-08  7.526178414941430e-01 
 7.327188770797717e-08  7.524917442184975e-01 
 7.329188770797717e-08  7.523656721453877e-01 
 7.331188770797716e-08  7.522396252697793e-01 
 7.333188770797716e-08  7.521136035866333e-01 
 7.335188770797716e-08  7.519876070909173e-01 
 7.337188770797715e-08  7.518616357775947e-01 
 7.339188770797715e-08  7.517356896416353e-01 
 7.341188770797715e-08  7.516097686780038e-01 
 7.343188770797714e-08  7.514838728816717e-01 
 7.345188770797714e-08  7.513580022476068e-01 
 7.347188770797713e-08  7.512321567707825e-01 
 7.349188770797713e-08  7.511063364461679e-01 
 7.351188770797713e-08  7.509805412687387e-01 
 7.353188770797712e-08  7.508547712334663e-01 
 7.355188770797712e-08  7.507290263353282e-01 
 7.357188770797712e-08  7.506033065692979e-01 
 7.359188770797711e-08  7.504776119303546e-01 
 7.361188770797711e-08  7.503519424134737e-01 
 7.363188770797710e-08  7.502262980136370e-01 
 7.365188770797710e-08  7.501006787258222e-01 
 7.367188770797710e-08  7.499750845450122e-01 
 7.369188770797709e-08  7.498495154661866e-01 
 7.371188770797709e-08  7.497239714843308e-01 
 7.373188770797709e-08  7.495984525944264e-01 
 7.375188770797708e-08  7.494729587914608e-01 
 7.377188770797708e-08  7.493474900704173e-01 
 7.379188770797707e-08  7.492220464262855e-01 
 7.381188770797707e-08  7.490966278540511e-01 
 7.383188770797707e-08  7.489712343487054e-01 
 7.385188770797706e-08  7.488458659052361e-01 
 7.387188770797706e-08  7.487205225186365e-01 
 7.389188770797705e-08  7.485952041838964e-01 
 7.391188770797705e-08  7.484699108960108e-01 
 7.393188770797705e-08  7.483446426499717e-01 
 7.395188770797704e-08  7.482193994407763e-01 
 7.397188770797704e-08  7.480941812634183e-01 
 7.399188770797704e-08  7.479689881128969e-01 
 7.401188770797703e-08  7.478438199842076e-01 
 7.403188770797703e-08  7.477186768723519e-01 
 7.405188770797702e-08  7.475935587723277e-01 
 7.407188770797702e-08  7.474684656791382e-01 
 7.409188770797702e-08  7.473433975877829e-01 
 7.411188770797701e-08  7.472183544932671e-01 
 7.413188770797701e-08  7.470933363905925e-01 
 7.415188770797701e-08  7.469683432747664e-01 
 7.417188770797700e-08  7.468433751407925e-01 
 7.419188770797700e-08  7.467184319836803e-01 
 7.421188770797699e-08  7.465935137984349e-01 
 7.423188770797699e-08  7.464686205800681e-01 
 7.425188770797699e-08  7.463437523235879e-01 
 7.427188770797698e-08  7.462189090240070e-01 
 7.429188770797698e-08  7.460940906763351e-01 
 7.431188770797698e-08  7.459692972755876e-01 
 7.433188770797697e-08  7.458445288167760e-01 
 7.435188770797697e-08  7.457197852949178e-01 
 7.437188770797696e-08  7.455950667050264e-01 
 7.439188770797696e-08  7.454703730421212e-01 
 7.441188770797696e-08  7.453457043012177e-01 
 7.443188770797695e-08  7.452210604773373e-01 
 7.445188770797695e-08  7.450964415654976e-01 
 7.447188770797695e-08  7.449718475607220e-01 
 7.449188770797694e-08  7.448472784580299e-01 
 7.451188770797694e-08  7.447227342524467e-01 
 7.453188770797693e-08  7.445982149389940e-01 
 7.455188770797693e-08  7.444737205126987e-01 
 7.457188770797693e-08  7.443492509685847e-01 
 7.459188770797692e-08  7.442248063016812e-01 
 7.461188770797692e-08  7.441003865070138e-01 
 7.463188770797691e-08  7.439759915796139e-01 
 7.465188770797691e-08  7.438516215145089e-01 
 7.467188770797691e-08  7.437272763067317e-01 
 7.469188770797690e-08  7.436029559513122e-01 
 7.471188770797690e-08  7.434786604432854e-01 
 7.473188770797690e-08  7.433543897776831e-01 
 7.475188770797689e-08  7.432301439495421e-01 
 7.477188770797689e-08  7.431059229538961e-01 
 7.479188770797688e-08  7.429817267857841e-01 
 7.481188770797688e-08  7.428575554402420e-01 
 7.483188770797688e-08  7.427334089123104e-01 
 7.485188770797687e-08  7.426092871970272e-01 
 7.487188770797687e-08  7.424851902894354e-01 
 7.489188770797687e-08  7.423611181845743e-01 
 7.491188770797686e-08  7.422370708774892e-01 
 7.493188770797686e-08  7.421130483632218e-01 
 7.495188770797685e-08  7.419890506368187e-01 
 7.497188770797685e-08  7.418650776933237e-01 
 7.499188770797685e-08  7.417411295277856e-01 
 7.501188770797684e-08  7.416172061352502e-01 
 7.503188770797684e-08  7.414933075107679e-01 
 7.505188770797684e-08  7.413694336493868e-01 
 7.507188770797683e-08  7.412455845461593e-01 
 7.509188770797683e-08  7.411217601961351e-01 
 7.511188770797682e-08  7.409979605943692e-01 
 7.513188770797682e-08  7.408741857359130e-01 
 7.515188770797682e-08  7.407504356158233e-01 
 7.517188770797681e-08  7.406267102291537e-01 
 7.519188770797681e-08  7.405030095709628e-01 
 7.521188770797680e-08  7.403793336363061e-01 
 7.523188770797680e-08  7.402556824202445e-01 
 7.525188770797680e-08  7.401320559178356e-01 
 7.527188770797679e-08  7.400084541241417e-01 
 7.529188770797679e-08  7.398848770342225e-01 
 7.531188770797679e-08  7.397613246431427e-01 
 7.533188770797678e-08  7.396377969459639e-01 
 7.535188770797678e-08  7.395142939377525e-01 
 7.537188770797677e-08  7.393908156135719e-01 
 7.539188770797677e-08  7.392673619684907e-01 
 7.541188770797677e-08  7.391439329975744e-01 
 7.543188770797676e-08  7.390205286958934e-01 
 7.545188770797676e-08  7.388971490585152e-01 
 7.547188770797676e-08  7.387737940805120e-01 
 7.549188770797675e-08  7.386504637569535e-01 
 7.551188770797675e-08  7.385271580829144e-01 
 7.553188770797674e-08  7.384038770534660e-01 
 7.555188770797674e-08  7.382806206636843e-01 
 7.557188770797674e-08  7.381573889086428e-01 
 7.559188770797673e-08  7.380341817834200e-01 
 7.561188770797673e-08  7.379109992830912e-01 
 7.563188770797673e-08  7.377878414027370e-01 
 7.565188770797672e-08  7.376647081374345e-01 
 7.567188770797672e-08  7.375415994822656e-01 
 7.569188770797671e-08  7.374185154323102e-01 
 7.571188770797671e-08  7.372954559826521e-01 
 7.573188770797671e-08  7.371724211283728e-01 
 7.575188770797670e-08  7.370494108645582e-01 
 7.577188770797670e-08  7.369264251862920e-01 
 7.579188770797669e-08  7.368034640886622e-01 
 7.581188770797669e-08  7.366805275667537e-01 
 7.583188770797669e-08  7.365576156156570e-01 
 7.585188770797668e-08  7.364347282304593e-01 
 7.587188770797668e-08  7.363118654062523e-01 
 7.589188770797668e-08  7.361890271381252e-01 
 7.591188770797667e-08  7.360662134211723e-01 
 7.593188770797667e-08  7.359434242504846e-01 
 7.595188770797666e-08  7.358206596211583e-01 
 7.597188770797666e-08  7.356979195282864e-01 
 7.599188770797666e-08  7.355752039669667e-01 
 7.601188770797665e-08  7.354525129322940e-01 
 7.603188770797665e-08  7.353298464193683e-01 
 7.605188770797665e-08  7.352072044232867e-01 
 7.607188770797664e-08  7.350845869391511e-01 
 7.609188770797664e-08  7.349619939620605e-01 
 7.611188770797663e-08  7.348394254871187e-01 
 7.613188770797663e-08  7.347168815094266e-01 
 7.615188770797663e-08  7.345943620240898e-01 
 7.617188770797662e-08  7.344718670262114e-01 
 7.619188770797662e-08  7.343493965108994e-01 
 7.621188770797662e-08  7.342269504732585e-01 
 7.623188770797661e-08  7.341045289083978e-01 
 7.625188770797661e-08  7.339821318114250e-01 
 7.627188770797660e-08  7.338597591774512e-01 
 7.629188770797660e-08  7.337374110015851e-01 
 7.631188770797660e-08  7.336150872789401e-01 
 7.633188770797659e-08  7.334927880046274e-01 
 7.635188770797659e-08  7.333705131737625e-01 
 7.637188770797658e-08  7.332482627814582e-01 
 7.639188770797658e-08  7.331260368228314e-01 
 7.641188770797658e-08  7.330038352929971e-01 
 7.643188770797657e-08  7.328816581870746e-01 
 7.645188770797657e-08  7.327595055001808e-01 
 7.647188770797657e-08  7.326373772274369e-01 
 7.649188770797656e-08  7.325152733639613e-01 
 7.651188770797656e-08  7.323931939048771e-01 
 7.653188770797655e-08  7.322711388453055e-01 
 7.655188770797655e-08  7.321491081803712e-01 
 7.657188770797655e-08  7.320271019051968e-01 
 7.659188770797654e-08  7.319051200149094e-01 
 7.661188770797654e-08  7.317831625046336e-01 
 7.663188770797654e-08  7.316612293694984e-01 
 7.665188770797653e-08  7.315393206046303e-01 
 7.667188770797653e-08  7.314174362051604e-01 
 7.669188770797652e-08  7.312955761662172e-01 
 7.671188770797652e-08  7.311737404829334e-01 
 7.673188770797652e-08  7.310519291504394e-01 
 7.675188770797651e-08  7.309301421638701e-01 
 7.677188770797651e-08  7.308083795183578e-01 
 7.679188770797651e-08  7.306866412090393e-01 
 7.681188770797650e-08  7.305649272310490e-01 
 7.683188770797650e-08  7.304432375795257e-01 
 7.685188770797649e-08  7.303215722496056e-01 
 7.687188770797649e-08  7.301999312364292e-01 
 7.689188770797649e-08  7.300783145351348e-01 
 7.691188770797648e-08  7.299567221408649e-01 
 7.693188770797648e-08  7.298351540487596e-01 
 7.695188770797647e-08  7.297136102539638e-01 
 7.697188770797647e-08  7.295920907516189e-01 
 7.699188770797647e-08  7.294705955368720e-01 
 7.701188770797646e-08  7.293491246048669e-01 
 7.703188770797646e-08  7.292276779507523e-01 
 7.705188770797646e-08  7.291062555696742e-01 
 7.707188770797645e-08  7.289848574567827e-01 
 7.709188770797645e-08  7.288634836072254e-01 
 7.711188770797644e-08  7.287421340161548e-01 
 7.713188770797644e-08  7.286208086787211e-01 
 7.715188770797644e-08  7.284995075900784e-01 
 7.717188770797643e-08  7.283782307453784e-01 
 7.719188770797643e-08  7.282569781397771e-01 
 7.721188770797643e-08  7.281357497684285e-01 
 7.723188770797642e-08  7.280145456264906e-01 
 7.725188770797642e-08  7.278933657091190e-01 
 7.727188770797641e-08  7.277722100114736e-01 
 7.729188770797641e-08  7.276510785287124e-01 
 7.731188770797641e-08  7.275299712559974e-01 
 7.733188770797640e-08  7.274088881884880e-01 
 7.735188770797640e-08  7.272878293213477e-01 
 7.737188770797640e-08  7.271667946497383e-01 
 7.739188770797639e-08  7.270457841688258e-01 
 7.741188770797639e-08  7.269247978737738e-01 
 7.743188770797638e-08  7.268038357597497e-01 
 7.745188770797638e-08  7.266828978219187e-01 
 7.747188770797638e-08  7.265619840554506e-01 
 7.749188770797637e-08  7.264410944555130e-01 
 7.751188770797637e-08  7.263202290172773e-01 
 7.753188770797636e-08  7.261993877359127e-01 
 7.755188770797636e-08  7.260785706065925e-01 
 7.757188770797636e-08  7.259577776244882e-01 
 7.759188770797635e-08  7.258370087847751e-01 
 7.761188770797635e-08  7.257162640826263e-01 
 7.763188770797635e-08  7.255955435132193e-01 
 7.765188770797634e-08  7.254748470717292e-01 
 7.767188770797634e-08  7.253541747533354e-01 
 7.769188770797633e-08  7.252335265532147e-01 
 7.771188770797633e-08  7.251129024665482e-01 
 7.773188770797633e-08  7.249923024885151e-01 
 7.775188770797632e-08  7.248717266142980e-01 
 7.777188770797632e-08  7.247511748390784e-01 
 7.779188770797632e-08  7.246306471580408e-01 
 7.781188770797631e-08  7.245101435663686e-01 
 7.783188770797631e-08  7.243896640592482e-01 
 7.785188770797630e-08  7.242692086318646e-01 
 7.787188770797630e-08  7.241487772794064e-01 
 7.789188770797630e-08  7.240283699970607e-01 
 7.791188770797629e-08  7.239079867800181e-01 
 7.793188770797629e-08  7.237876276234674e-01 
 7.795188770797629e-08  7.236672925226009e-01 
 7.797188770797628e-08  7.235469814726090e-01 
 7.799188770797628e-08  7.234266944686867e-01 
 7.801188770797627e-08  7.233064315060265e-01 
 7.803188770797627e-08  7.231861925798247e-01 
 7.805188770797627e-08  7.230659776852761e-01 
 7.807188770797626e-08  7.229457868175787e-01 
 7.809188770797626e-08  7.228256199719288e-01 
 7.811188770797626e-08  7.227054771435267e-01 
 7.813188770797625e-08  7.225853583275710e-01 
 7.815188770797625e-08  7.224652635192638e-01 
 7.817188770797624e-08  7.223451927138054e-01 
 7.819188770797624e-08  7.222251459063995e-01 
 7.821188770797624e-08  7.221051230922487e-01 
 7.823188770797623e-08  7.219851242665588e-01 
 7.825188770797623e-08  7.218651494245342e-01 
 7.827188770797622e-08  7.217451985613825e-01 
 7.829188770797622e-08  7.216252716723097e-01 
 7.831188770797622e-08  7.215053687525257e-01 
 7.833188770797621e-08  7.213854897972387e-01 
 7.835188770797621e-08  7.212656348016603e-01 
 7.837188770797621e-08  7.211458037609999e-01 
 7.839188770797620e-08  7.210259966704718e-01 
 7.841188770797620e-08  7.209062135252875e-01 
 7.843188770797619e-08  7.207864543206624e-01 
 7.845188770797619e-08  7.206667190518105e-01 
 7.847188770797619e-08  7.205470077139490e-01 
 7.849188770797618e-08  7.204273203022933e-01 
 7.851188770797618e-08  7.203076568120630e-01 
 7.853188770797618e-08  7.201880172384759e-01 
 7.855188770797617e-08  7.200684015767531e-01 
 7.857188770797617e-08  7.199488098221142e-01 
 7.859188770797616e-08  7.198292419697822e-01 
 7.861188770797616e-08  7.197096980149783e-01 
 7.863188770797616e-08  7.195901779529275e-01 
 7.865188770797615e-08  7.194706817788533e-01 
 7.867188770797615e-08  7.193512094879830e-01 
 7.869188770797615e-08  7.192317610755415e-01 
 7.871188770797614e-08  7.191123365367578e-01 
 7.873188770797614e-08  7.189929358668586e-01 
 7.875188770797613e-08  7.188735590610752e-01 
 7.877188770797613e-08  7.187542061146365e-01 
 7.879188770797613e-08  7.186348770227750e-01 
 7.881188770797612e-08  7.185155717807217e-01 
 7.883188770797612e-08  7.183962903837113e-01 
 7.885188770797611e-08  7.182770328269765e-01 
 7.887188770797611e-08  7.181577991057537e-01 
 7.889188770797611e-08  7.180385892152781e-01 
 7.891188770797610e-08  7.179194031507877e-01 
 7.893188770797610e-08  7.178002409075193e-01 
 7.895188770797610e-08  7.176811024807129e-01 
 7.897188770797609e-08  7.175619878656075e-01 
 7.899188770797609e-08  7.174428970574452e-01 
 7.901188770797608e-08  7.173238300514665e-01 
 7.903188770797608e-08  7.172047868429153e-01 
 7.905188770797608e-08  7.170857674270339e-01 
 7.907188770797607e-08  7.169667717990684e-01 
 7.909188770797607e-08  7.168477999542633e-01 
 7.911188770797607e-08  7.167288518878664e-01 
 7.913188770797606e-08  7.166099275951234e-01 
 7.915188770797606e-08  7.164910270712846e-01 
 7.917188770797605e-08  7.163721503115980e-01 
 7.919188770797605e-08  7.162532973113150e-01 
 7.921188770797605e-08  7.161344680656863e-01 
 7.923188770797604e-08  7.160156625699647e-01 
 7.925188770797604e-08  7.158968808194028e-01 
 7.927188770797604e-08  7.157781228092560e-01 
 7.929188770797603e-08  7.156593885347777e-01 
 7.931188770797603e-08  7.155406779912252e-01 
 7.933188770797602e-08  7.154219911738543e-01 
 7.935188770797602e-08  7.153033280779241e-01 
 7.937188770797602e-08  7.151846886986923e-01 
 7.939188770797601e-08  7.150660730314202e-01 
 7.941188770797601e-08  7.149474810713673e-01 
 7.943188770797600e-08  7.148289128137962e-01 
 7.945188770797600e-08  7.147103682539687e-01 
 7.947188770797600e-08  7.145918473871500e-01 
 7.949188770797599e-08  7.144733502086031e-01 
 7.951188770797599e-08  7.143548767135945e-01 
 7.953188770797599e-08  7.142364268973900e-01 
 7.955188770797598e-08  7.141180007552579e-01 
 7.957188770797598e-08  7.139995982824652e-01 
 7.959188770797597e-08  7.138812194742826e-01 
 7.961188770797597e-08  7.137628643259791e-01 
 7.963188770797597e-08  7.136445328328270e-01 
 7.965188770797596e-08  7.135262249900975e-01 
 7.967188770797596e-08  7.134079407930648e-01 
 7.969188770797596e-08  7.132896802370019e-01 
 7.971188770797595e-08  7.131714433171847e-01 
 7.973188770797595e-08  7.130532300288879e-01 
 7.975188770797594e-08  7.129350403673899e-01 
 7.977188770797594e-08  7.128168743279671e-01 
 7.979188770797594e-08  7.126987319058993e-01 
 7.981188770797593e-08  7.125806130964649e-01 
 7.983188770797593e-08  7.124625178949460e-01 
 7.985188770797593e-08  7.123444462966231e-01 
 7.987188770797592e-08  7.122263982967798e-01 
 7.989188770797592e-08  7.121083738906985e-01 
 7.991188770797591e-08  7.119903730736646e-01 
 7.993188770797591e-08  7.118723958409625e-01 
 7.995188770797591e-08  7.117544421878795e-01 
 7.997188770797590e-08  7.116365121097018e-01 
 7.999188770797590e-08  7.115186056017185e-01 
 8.001188770797589e-08  7.114007226592176e-01 
 8.003188770797589e-08  7.112828632774905e-01 
 8.005188770797589e-08  7.111650274518270e-01 
 8.007188770797588e-08  7.110472151775203e-01 
 8.009188770797588e-08  7.109294264498620e-01 
 8.011188770797588e-08  7.108116612641470e-01 
 8.013188770797587e-08  7.106939196156691e-01 
 8.015188770797587e-08  7.105762014997251e-01 
 8.017188770797586e-08  7.104585069116106e-01 
 8.019188770797586e-08  7.103408358466243e-01 
 8.021188770797586e-08  7.102231883000636e-01 
 8.023188770797585e-08  7.101055642672288e-01 
 8.025188770797585e-08  7.099879637434195e-01 
 8.027188770797585e-08  7.098703867239380e-01 
 8.029188770797584e-08  7.097528332040856e-01 
 8.031188770797584e-08  7.096353031791668e-01 
 8.033188770797583e-08  7.095177966444846e-01 
 8.035188770797583e-08  7.094003135953448e-01 
 8.037188770797583e-08  7.092828540270527e-01 
 8.039188770797582e-08  7.091654179349163e-01 
 8.041188770797582e-08  7.090480053142424e-01 
 8.043188770797582e-08  7.089306161603409e-01 
 8.045188770797581e-08  7.088132504685208e-01 
 8.047188770797581e-08  7.086959082340940e-01 
 8.049188770797580e-08  7.085785894523705e-01 
 8.051188770797580e-08  7.084612941186641e-01 
 8.053188770797580e-08  7.083440222282876e-01 
 8.055188770797579e-08  7.082267737765563e-01 
 8.057188770797579e-08  7.081095487587847e-01 
 8.059188770797578e-08  7.079923471702902e-01 
 8.061188770797578e-08  7.078751690063889e-01 
 8.063188770797578e-08  7.077580142624003e-01 
 8.065188770797577e-08  7.076408829336424e-01 
 8.067188770797577e-08  7.075237750154362e-01 
 8.069188770797577e-08  7.074066905031018e-01 
 8.071188770797576e-08  7.072896293919622e-01 
 8.073188770797576e-08  7.071725916773393e-01 
 8.075188770797575e-08  7.070555773545579e-01 
 8.077188770797575e-08  7.069385864189420e-01 
 8.079188770797575e-08  7.068216188658183e-01 
 8.081188770797574e-08  7.067046746905121e-01 
 8.083188770797574e-08  7.065877538883520e-01 
 8.085188770797574e-08  7.064708564546656e-01 
 8.087188770797573e-08  7.063539823847834e-01 
 8.089188770797573e-08  7.062371316740350e-01 
 8.091188770797572e-08  7.061203043177522e-01 
 8.093188770797572e-08  7.060035003112664e-01 
 8.095188770797572e-08  7.058867196499120e-01 
 8.097188770797571e-08  7.057699623290221e-01 
 8.099188770797571e-08  7.056532283439327e-01 
 8.101188770797571e-08  7.055365176899788e-01 
 8.103188770797570e-08  7.054198303624980e-01 
 8.105188770797570e-08  7.053031663568272e-01 
 8.107188770797569e-08  7.051865256683066e-01 
 8.109188770797569e-08  7.050699082922749e-01 
 8.111188770797569e-08  7.049533142240731e-01 
 8.113188770797568e-08  7.048367434590420e-01 
 8.115188770797568e-08  7.047201959925252e-01 
 8.117188770797567e-08  7.046036718198651e-01 
 8.119188770797567e-08  7.044871709364071e-01 
 8.121188770797567e-08  7.043706933374956e-01 
 8.123188770797566e-08  7.042542390184775e-01 
 8.125188770797566e-08  7.041378079746994e-01 
 8.127188770797566e-08  7.040214002015098e-01 
 8.129188770797565e-08  7.039050156942571e-01 
 8.131188770797565e-08  7.037886544482922e-01 
 8.133188770797564e-08  7.036723164589650e-01 
 8.135188770797564e-08  7.035560017216281e-01 
 8.137188770797564e-08  7.034397102316334e-01 
 8.139188770797563e-08  7.033234419843354e-01 
 8.141188770797563e-08  7.032071969750877e-01 
 8.143188770797563e-08  7.030909751992471e-01 
 8.145188770797562e-08  7.029747766521688e-01 
 8.147188770797562e-08  7.028586013292111e-01 
 8.149188770797561e-08  7.027424492257315e-01 
 8.151188770797561e-08  7.026263203370903e-01 
 8.153188770797561e-08  7.025102146586464e-01 
 8.155188770797560e-08  7.023941321857617e-01 
 8.157188770797560e-08  7.022780729137975e-01 
 8.159188770797560e-08  7.021620368381175e-01 
 8.161188770797559e-08  7.020460239540848e-01 
 8.163188770797559e-08  7.019300342570651e-01 
 8.165188770797558e-08  7.018140677424233e-01 
 8.167188770797558e-08  7.016981244055267e-01 
 8.169188770797558e-08  7.015822042417420e-01 
 8.171188770797557e-08  7.014663072464388e-01 
 8.173188770797557e-08  7.013504334149854e-01 
 8.175188770797556e-08  7.012345827427532e-01 
 8.177188770797556e-08  7.011187552251125e-01 
 8.179188770797556e-08  7.010029508574364e-01 
 8.181188770797555e-08  7.008871696350970e-01 
 8.183188770797555e-08  7.007714115534692e-01 
 8.185188770797555e-08  7.006556766079273e-01 
 8.187188770797554e-08  7.005399647938477e-01 
 8.189188770797554e-08  7.004242761066067e-01 
 8.191188770797553e-08  7.003086105415827e-01 
 8.193188770797553e-08  7.001929680941533e-01 
 8.195188770797553e-08  7.000773487596996e-01 
 8.197188770797552e-08  6.999617525336009e-01 
 8.199188770797552e-08  6.998461794112394e-01 
 8.201188770797552e-08  6.997306293879968e-01 
 8.203188770797551e-08  6.996151024592570e-01 
 8.205188770797551e-08  6.994995986204030e-01 
 8.207188770797550e-08  6.993841178668212e-01 
 8.209188770797550e-08  6.992686601938969e-01 
 8.211188770797550e-08  6.991532255970180e-01 
 8.213188770797549e-08  6.990378140715715e-01 
 8.215188770797549e-08  6.989224256129470e-01 
 8.217188770797549e-08  6.988070602165330e-01 
 8.219188770797548e-08  6.986917178777213e-01 
 8.221188770797548e-08  6.985763985919028e-01 
 8.223188770797547e-08  6.984611023544707e-01 
 8.225188770797547e-08  6.983458291608173e-01 
 8.227188770797547e-08  6.982305790063383e-01 
 8.229188770797546e-08  6.981153518864277e-01 
 8.231188770797546e-08  6.980001477964827e-01 
 8.233188770797546e-08  6.978849667318997e-01 
 8.235188770797545e-08  6.977698086880774e-01 
 8.237188770797545e-08  6.976546736604136e-01 
 8.239188770797544e-08  6.975395616443094e-01 
 8.241188770797544e-08  6.974244726351648e-01 
 8.243188770797544e-08  6.973094066283819e-01 
 8.245188770797543e-08  6.971943636193628e-01 
 8.247188770797543e-08  6.970793436035121e-01 
 8.249188770797542e-08  6.969643465762330e-01 
 8.251188770797542e-08  6.968493725329318e-01 
 8.253188770797542e-08  6.967344214690139e-01 
 8.255188770797541e-08  6.966194933798874e-01 
 8.257188770797541e-08  6.965045882609596e-01 
 8.259188770797541e-08  6.963897061076405e-01 
 8.261188770797540e-08  6.962748469153389e-01 
 8.263188770797540e-08  6.961600106794668e-01 
 8.265188770797539e-08  6.960451973954349e-01 
 8.267188770797539e-08  6.959304070586572e-01 
 8.269188770797539e-08  6.958156396645463e-01 
 8.271188770797538e-08  6.957008952085172e-01 
 8.273188770797538e-08  6.955861736859847e-01 
 8.275188770797538e-08  6.954714750923664e-01 
 8.277188770797537e-08  6.953567994230784e-01 
 8.279188770797537e-08  6.952421466735399e-01 
 8.281188770797536e-08  6.951275168391695e-01 
 8.283188770797536e-08  6.950129099153876e-01 
 8.285188770797536e-08  6.948983258976146e-01 
 8.287188770797535e-08  6.947837647812730e-01 
 8.289188770797535e-08  6.946692265617846e-01 
 8.291188770797535e-08  6.945547112345742e-01 
 8.293188770797534e-08  6.944402187950655e-01 
 8.295188770797534e-08  6.943257492386848e-01 
 8.297188770797533e-08  6.942113025608584e-01 
 8.299188770797533e-08  6.940968787570135e-01 
 8.301188770797533e-08  6.939824778225780e-01 
 8.303188770797532e-08  6.938680997529819e-01 
 8.305188770797532e-08  6.937537445436545e-01 
 8.307188770797531e-08  6.936394121900274e-01 
 8.309188770797531e-08  6.935251026875319e-01 
 8.311188770797531e-08  6.934108160316015e-01 
 8.313188770797530e-08  6.932965522176692e-01 
 8.315188770797530e-08  6.931823112411704e-01 
 8.317188770797530e-08  6.930680930975401e-01 
 8.319188770797529e-08  6.929538977822155e-01 
 8.321188770797529e-08  6.928397252906335e-01 
 8.323188770797528e-08  6.927255756182331e-01 
 8.325188770797528e-08  6.926114487604524e-01 
 8.327188770797528e-08  6.924973447127327e-01 
 8.329188770797527e-08  6.923832634705140e-01 
 8.331188770797527e-08  6.922692050292392e-01 
 8.333188770797527e-08  6.921551693843501e-01 
 8.335188770797526e-08  6.920411565312914e-01 
 8.337188770797526e-08  6.919271664655071e-01 
 8.339188770797525e-08  6.918131991824437e-01 
 8.341188770797525e-08  6.916992546775464e-01 
 8.343188770797525e-08  6.915853329462640e-01 
 8.345188770797524e-08  6.914714339840441e-01 
 8.347188770797524e-08  6.913575577863362e-01 
 8.349188770797524e-08  6.912437043485899e-01 
 8.351188770797523e-08  6.911298736662574e-01 
 8.353188770797523e-08  6.910160657347895e-01 
 8.355188770797522e-08  6.909022805496398e-01 
 8.357188770797522e-08  6.907885181062616e-01 
 8.359188770797522e-08  6.906747784001102e-01 
 8.361188770797521e-08  6.905610614266403e-01 
 8.363188770797521e-08  6.904473671813094e-01 
 8.365188770797520e-08  6.903336956595741e-01 
 8.367188770797520e-08  6.902200468568938e-01 
 8.369188770797520e-08  6.901064207687262e-01 
 8.371188770797519e-08  6.899928173905326e-01 
 8.373188770797519e-08  6.898792367177736e-01 
 8.375188770797519e-08  6.897656787459120e-01 
 8.377188770797518e-08  6.896521434704094e-01 
 8.379188770797518e-08  6.895386308867303e-01 
 8.381188770797517e-08  6.894251409903390e-01 
 8.383188770797517e-08  6.893116737767019e-01 
 8.385188770797517e-08  6.891982292412844e-01 
 8.387188770797516e-08  6.890848073795550e-01 
 8.389188770797516e-08  6.889714081869810e-01 
 8.391188770797516e-08  6.888580316590321e-01 
 8.393188770797515e-08  6.887446777911783e-01 
 8.395188770797515e-08  6.886313465788911e-01 
 8.397188770797514e-08  6.885180380176414e-01 
 8.399188770797514e-08  6.884047521029030e-01 
 8.401188770797514e-08  6.882914888301489e-01 
 8.403188770797513e-08  6.881782481948545e-01 
 8.405188770797513e-08  6.880650301924945e-01 
 8.407188770797513e-08  6.879518348185463e-01 
 8.409188770797512e-08  6.878386620684864e-01 
 8.411188770797512e-08  6.877255119377937e-01 
 8.413188770797511e-08  6.876123844219469e-01 
 8.415188770797511e-08  6.874992795164266e-01 
 8.417188770797511e-08  6.873861972167130e-01 
 8.419188770797510e-08  6.872731375182886e-01 
 8.421188770797510e-08  6.871601004166356e-01 
 8.423188770797509e-08  6.870470859072386e-01 
 8.425188770797509e-08  6.869340939855815e-01 
 8.427188770797509e-08  6.868211246471503e-01 
 8.429188770797508e-08  6.867081778874305e-01 
 8.431188770797508e-08  6.865952537019102e-01 
 8.433188770797508e-08  6.864823520860770e-01 
 8.435188770797507e-08  6.863694730354206e-01 
 8.437188770797507e-08  6.862566165454305e-01 
 8.439188770797506e-08  6.861437826115980e-01 
 8.441188770797506e-08  6.860309712294145e-01 
 8.443188770797506e-08  6.859181823943727e-01 
 8.445188770797505e-08  6.858054161019661e-01 
 8.447188770797505e-08  6.856926723476899e-01 
 8.449188770797505e-08  6.855799511270386e-01 
 8.451188770797504e-08  6.854672524355093e-01 
 8.453188770797504e-08  6.853545762685986e-01 
 8.455188770797503e-08  6.852419226218051e-01 
 8.457188770797503e-08  6.851292914906273e-01 
 8.459188770797503e-08  6.850166828705656e-01 
 8.461188770797502e-08  6.849040967571202e-01 
 8.463188770797502e-08  6.847915331457936e-01 
 8.465188770797502e-08  6.846789920320878e-01 
 8.467188770797501e-08  6.845664734115068e-01 
 8.469188770797501e-08  6.844539772795539e-01 
 8.471188770797500e-08  6.843415036317357e-01 
 8.473188770797500e-08  6.842290524635577e-01 
 8.475188770797500e-08  6.841166237705274e-01 
 8.477188770797499e-08  6.840042175481520e-01 
 8.479188770797499e-08  6.838918337919411e-01 
 8.481188770797498e-08  6.837794724974040e-01 
 8.483188770797498e-08  6.836671336600521e-01 
 8.485188770797498e-08  6.835548172753962e-01 
 8.487188770797497e-08  6.834425233389496e-01 
 8.489188770797497e-08  6.833302518462249e-01 
 8.491188770797497e-08  6.832180027927368e-01 
 8.493188770797496e-08  6.831057761739999e-01 
 8.495188770797496e-08  6.829935719855309e-01 
 8.497188770797495e-08  6.828813902228460e-01 
 8.499188770797495e-08  6.827692308814637e-01 
 8.501188770797495e-08  6.826570939569025e-01 
 8.503188770797494e-08  6.825449794446827e-01 
 8.505188770797494e-08  6.824328873403238e-01 
 8.507188770797494e-08  6.823208176393480e-01 
 8.509188770797493e-08  6.822087703372773e-01 
 8.511188770797493e-08  6.820967454296352e-01 
 8.513188770797492e-08  6.819847429119453e-01 
 8.515188770797492e-08  6.818727627797333e-01 
 8.517188770797492e-08  6.817608050285243e-01 
 8.519188770797491e-08  6.816488696538459e-01 
 8.521188770797491e-08  6.815369566512252e-01 
 8.523188770797491e-08  6.814250660161913e-01 
 8.525188770797490e-08  6.813131977442733e-01 
 8.527188770797490e-08  6.812013518310017e-01 
 8.529188770797489e-08  6.810895282719075e-01 
 8.531188770797489e-08  6.809777270625237e-01 
 8.533188770797489e-08  6.808659481983824e-01 
 8.535188770797488e-08  6.807541916750183e-01 
 8.537188770797488e-08  6.806424574879655e-01 
 8.539188770797487e-08  6.805307456327604e-01 
 8.541188770797487e-08  6.804190561049390e-01 
 8.543188770797487e-08  6.803073889000399e-01 
 8.545188770797486e-08  6.801957440136005e-01 
 8.547188770797486e-08  6.800841214411605e-01 
 8.549188770797486e-08  6.799725211782595e-01 
 8.551188770797485e-08  6.798609432204394e-01 
 8.553188770797485e-08  6.797493875632419e-01 
 8.555188770797484e-08  6.796378542022100e-01 
 8.557188770797484e-08  6.795263431328868e-01 
 8.559188770797484e-08  6.794148543508179e-01 
 8.561188770797483e-08  6.793033878515480e-01 
 8.563188770797483e-08  6.791919436306240e-01 
 8.565188770797483e-08  6.790805216835927e-01 
 8.567188770797482e-08  6.789691220060031e-01 
 8.569188770797482e-08  6.788577445934035e-01 
 8.571188770797481e-08  6.787463894413447e-01 
 8.573188770797481e-08  6.786350565453770e-01 
 8.575188770797481e-08  6.785237459010526e-01 
 8.577188770797480e-08  6.784124575039235e-01 
 8.579188770797480e-08  6.783011913495443e-01 
 8.581188770797480e-08  6.781899474334682e-01 
 8.583188770797479e-08  6.780787257512514e-01 
 8.585188770797479e-08  6.779675262984497e-01 
 8.587188770797478e-08  6.778563490706206e-01 
 8.589188770797478e-08  6.777451940633219e-01 
 8.591188770797478e-08  6.776340612721128e-01 
 8.593188770797477e-08  6.775229506925523e-01 
 8.595188770797477e-08  6.774118623202017e-01 
 8.597188770797477e-08  6.773007961506217e-01 
 8.599188770797476e-08  6.771897521793755e-01 
 8.601188770797476e-08  6.770787304020260e-01 
 8.603188770797475e-08  6.769677308141380e-01 
 8.605188770797475e-08  6.768567534112758e-01 
 8.607188770797475e-08  6.767457981890062e-01 
 8.609188770797474e-08  6.766348651428952e-01 
 8.611188770797474e-08  6.765239542685115e-01 
 8.613188770797473e-08  6.764130655614229e-01 
 8.615188770797473e-08  6.763021990171993e-01 
 8.617188770797473e-08  6.761913546314108e-01 
 8.619188770797472e-08  6.760805323996291e-01 
 8.621188770797472e-08  6.759697323174260e-01 
 8.623188770797472e-08  6.758589543803749e-01 
 8.625188770797471e-08  6.757481985840493e-01 
 8.627188770797471e-08  6.756374649240248e-01 
 8.629188770797470e-08  6.755267533958763e-01 
 8.631188770797470e-08  6.754160639951806e-01 
 8.633188770797470e-08  6.753053967175151e-01 
 8.635188770797469e-08  6.751947515584589e-01 
 8.637188770797469e-08  6.750841285135902e-01 
 8.639188770797469e-08  6.749735275784902e-01 
 8.641188770797468e-08  6.748629487487390e-01 
 8.643188770797468e-08  6.747523920199192e-01 
 8.645188770797467e-08  6.746418573876130e-01 
 8.647188770797467e-08  6.745313448474044e-01 
 8.649188770797467e-08  6.744208543948776e-01 
 8.651188770797466e-08  6.743103860256184e-01 
 8.653188770797466e-08  6.741999397352127e-01 
 8.655188770797466e-08  6.740895155192485e-01 
 8.657188770797465e-08  6.739791133733128e-01 
 8.659188770797465e-08  6.738687332929953e-01 
 8.661188770797464e-08  6.737583752738855e-01 
 8.663188770797464e-08  6.736480393115742e-01 
 8.665188770797464e-08  6.735377254016530e-01 
 8.667188770797463e-08  6.734274335397147e-01 
 8.669188770797463e-08  6.733171637213522e-01 
 8.671188770797462e-08  6.732069159421601e-01 
 8.673188770797462e-08  6.730966901977331e-01 
 8.675188770797462e-08  6.729864864836677e-01 
 8.677188770797461e-08  6.728763047955605e-01 
 8.679188770797461e-08  6.727661451290096e-01 
 8.681188770797461e-08  6.726560074796130e-01 
 8.683188770797460e-08  6.725458918429709e-01 
 8.685188770797460e-08  6.724357982146830e-01 
 8.687188770797459e-08  6.723257265903513e-01 
 8.689188770797459e-08  6.722156769655772e-01 
 8.691188770797459e-08  6.721056493359644e-01 
 8.693188770797458e-08  6.719956436971165e-01 
 8.695188770797458e-08  6.718856600446386e-01 
 8.697188770797458e-08  6.717756983741358e-01 
 8.699188770797457e-08  6.716657586812154e-01 
 8.701188770797457e-08  6.715558409614842e-01 
 8.703188770797456e-08  6.714459452105510e-01 
 8.705188770797456e-08  6.713360714240244e-01 
 8.707188770797456e-08  6.712262195975152e-01 
 8.709188770797455e-08  6.711163897266339e-01 
 8.711188770797455e-08  6.710065818069927e-01 
 8.713188770797455e-08  6.708967958342037e-01 
 8.715188770797454e-08  6.707870318038810e-01 
 8.717188770797454e-08  6.706772897116385e-01 
 8.719188770797453e-08  6.705675695530922e-01 
 8.721188770797453e-08  6.704578713238577e-01 
 8.723188770797453e-08  6.703481950195529e-01 
 8.725188770797452e-08  6.702385406357946e-01 
 8.727188770797452e-08  6.701289081682024e-01 
 8.729188770797451e-08  6.700192976123953e-01 
 8.731188770797451e-08  6.699097089639947e-01 
 8.733188770797451e-08  6.698001422186217e-01 
 8.735188770797450e-08  6.696905973718990e-01 
 8.737188770797450e-08  6.695810744194493e-01 
 8.739188770797450e-08  6.694715733568971e-01 
 8.741188770797449e-08  6.693620941798669e-01 
 8.743188770797449e-08  6.692526368839851e-01 
 8.745188770797448e-08  6.691432014648776e-01 
 8.747188770797448e-08  6.690337879181730e-01 
 8.749188770797448e-08  6.689243962394991e-01 
 8.751188770797447e-08  6.688150264244855e-01 
 8.753188770797447e-08  6.687056784687619e-01 
 8.755188770797447e-08  6.685963523679599e-01 
 8.757188770797446e-08  6.684870481177112e-01 
 8.759188770797446e-08  6.683777657136489e-01 
 8.761188770797445e-08  6.682685051514063e-01 
 8.763188770797445e-08  6.681592664266184e-01 
 8.765188770797445e-08  6.680500495349203e-01 
 8.767188770797444e-08  6.679408544719490e-01 
 8.769188770797444e-08  6.678316812333409e-01 
 8.771188770797444e-08  6.677225298147346e-01 
 8.773188770797443e-08  6.676134002117684e-01 
 8.775188770797443e-08  6.675042924200824e-01 
 8.777188770797442e-08  6.673952064353167e-01 
 8.779188770797442e-08  6.672861422531138e-01 
 8.781188770797442e-08  6.671770998691156e-01 
 8.783188770797441e-08  6.670680792789657e-01 
 8.785188770797441e-08  6.669590804783081e-01 
 8.787188770797440e-08  6.668501034627878e-01 
 8.789188770797440e-08  6.667411482280505e-01 
 8.791188770797440e-08  6.666322147697434e-01 
 8.793188770797439e-08  6.665233030835139e-01 
 8.795188770797439e-08  6.664144131650106e-01 
 8.797188770797439e-08  6.663055450098825e-01 
 8.799188770797438e-08  6.661966986137804e-01 
 8.801188770797438e-08  6.660878739723549e-01 
 8.803188770797437e-08  6.659790710812586e-01 
 8.805188770797437e-08  6.658702899361436e-01 
 8.807188770797437e-08  6.657615305326640e-01 
 8.809188770797436e-08  6.656527928664739e-01 
 8.811188770797436e-08  6.655440769332299e-01 
 8.813188770797436e-08  6.654353827285874e-01 
 8.815188770797435e-08  6.653267102482039e-01 
 8.817188770797435e-08  6.652180594877376e-01 
 8.819188770797434e-08  6.651094304428474e-01 
 8.821188770797434e-08  6.650008231091926e-01 
 8.823188770797434e-08  6.648922374824344e-01 
 8.825188770797433e-08  6.647836735582341e-01 
 8.827188770797433e-08  6.646751313322545e-01 
 8.829188770797433e-08  6.645666108001584e-01 
 8.831188770797432e-08  6.644581119576102e-01 
 8.833188770797432e-08  6.643496348002745e-01 
 8.835188770797431e-08  6.642411793238178e-01 
 8.837188770797431e-08  6.641327455239060e-01 
 8.839188770797431e-08  6.640243333962076e-01 
 8.841188770797430e-08  6.639159429363904e-01 
 8.843188770797430e-08  6.638075741401241e-01 
 8.845188770797429e-08  6.636992270030787e-01 
 8.847188770797429e-08  6.635909015209256e-01 
 8.849188770797429e-08  6.634825976893363e-01 
 8.851188770797428e-08  6.633743155039842e-01 
 8.853188770797428e-08  6.632660549605418e-01 
 8.855188770797428e-08  6.631578160546845e-01 
 8.857188770797427e-08  6.630495987820878e-01 
 8.859188770797427e-08  6.629414031384280e-01 
 8.861188770797426e-08  6.628332291193817e-01 
 8.863188770797426e-08  6.627250767206271e-01 
 8.865188770797426e-08  6.626169459378425e-01 
 8.867188770797425e-08  6.625088367667082e-01 
 8.869188770797425e-08  6.624007492029047e-01 
 8.871188770797425e-08  6.622926832421138e-01 
 8.873188770797424e-08  6.621846388800172e-01 
 8.875188770797424e-08  6.620766161122984e-01 
 8.877188770797423e-08  6.619686149346411e-01 
 8.879188770797423e-08  6.618606353427307e-01 
 8.881188770797423e-08  6.617526773322523e-01 
 8.883188770797422e-08  6.616447408988930e-01 
 8.885188770797422e-08  6.615368260383402e-01 
 8.887188770797422e-08  6.614289327462826e-01 
 8.889188770797421e-08  6.613210610184084e-01 
 8.891188770797421e-08  6.612132108504083e-01 
 8.893188770797420e-08  6.611053822379733e-01 
 8.895188770797420e-08  6.609975751767951e-01 
 8.897188770797420e-08  6.608897896625661e-01 
 8.899188770797419e-08  6.607820256909802e-01 
 8.901188770797419e-08  6.606742832577311e-01 
 8.903188770797418e-08  6.605665623585146e-01 
 8.905188770797418e-08  6.604588629890263e-01 
 8.907188770797418e-08  6.603511851449639e-01 
 8.909188770797417e-08  6.602435288220249e-01 
 8.911188770797417e-08  6.601358940159077e-01 
 8.913188770797417e-08  6.600282807223119e-01 
 8.915188770797416e-08  6.599206889369382e-01 
 8.917188770797416e-08  6.598131186554873e-01 
 8.919188770797415e-08  6.597055698736617e-01 
 8.921188770797415e-08  6.595980425871640e-01 
 8.923188770797415e-08  6.594905367916988e-01 
 8.925188770797414e-08  6.593830524829702e-01 
 8.927188770797414e-08  6.592755896566839e-01 
 8.929188770797414e-08  6.591681483085458e-01 
 8.931188770797413e-08  6.590607284342636e-01 
 8.933188770797413e-08  6.589533300295451e-01 
 8.935188770797412e-08  6.588459530901001e-01 
 8.937188770797412e-08  6.587385976116372e-01 
 8.939188770797412e-08  6.586312635898679e-01 
 8.941188770797411e-08  6.585239510205037e-01 
 8.943188770797411e-08  6.584166598992569e-01 
 8.945188770797411e-08  6.583093902218404e-01 
 8.947188770797410e-08  6.582021419839688e-01 
 8.949188770797410e-08  6.580949151813569e-01 
 8.951188770797409e-08  6.579877098097208e-01 
 8.953188770797409e-08  6.578805258647767e-01 
 8.955188770797409e-08  6.577733633422426e-01 
 8.957188770797408e-08  6.576662222378364e-01 
 8.959188770797408e-08  6.575591025472779e-01 
 8.961188770797407e-08  6.574520042662867e-01 
 8.963188770797407e-08  6.573449273905839e-01 
 8.965188770797407e-08  6.572378719158913e-01 
 8.967188770797406e-08  6.571308378379319e-01 
 8.969188770797406e-08  6.570238251524286e-01 
 8.971188770797406e-08  6.569168338551062e-01 
 8.973188770797405e-08  6.568098639416898e-01 
 8.975188770797405e-08  6.567029154079058e-01 
 8.977188770797404e-08  6.565959882494806e-01 
 8.979188770797404e-08  6.564890824621428e-01 
 8.981188770797404e-08  6.563821980416206e-01 
 8.983188770797403e-08  6.562753349836433e-01 
 8.985188770797403e-08  6.561684932839412e-01 
 8.987188770797403e-08  6.560616729382461e-01 
 8.989188770797402e-08  6.559548739422897e-01 
 8.991188770797402e-08  6.558480962918050e-01 
 8.993188770797401e-08  6.557413399825256e-01 
 8.995188770797401e-08  6.556346050101863e-01 
 8.997188770797401e-08  6.555278913705223e-01 
 8.999188770797400e-08  6.554211990592699e-01 
 9.001188770797400e-08  6.553145280721665e-01 
 9.003188770797400e-08  6.552078784049504e-01 
 9.005188770797399e-08  6.551012500533601e-01 
 9.007188770797399e-08  6.549946430131355e-01 
 9.009188770797398e-08  6.548880572800168e-01 
 9.011188770797398e-08  6.547814928497458e-01 
 9.013188770797398e-08  6.546749497180648e-01 
 9.015188770797397e-08  6.545684278807171e-01 
 9.017188770797397e-08  6.544619273334463e-01 
 9.019188770797397e-08  6.543554480719979e-01 
 9.021188770797396e-08  6.542489900921168e-01 
 9.023188770797396e-08  6.541425533895499e-01 
 9.025188770797395e-08  6.540361379600442e-01 
 9.027188770797395e-08  6.539297437993487e-01 
 9.029188770797395e-08  6.538233709032117e-01 
 9.031188770797394e-08  6.537170192673840e-01 
 9.033188770797394e-08  6.536106888876160e-01 
 9.035188770797393e-08  6.535043797596595e-01 
 9.037188770797393e-08  6.533980918792667e-01 
 9.039188770797393e-08  6.532918252421911e-01 
 9.041188770797392e-08  6.531855798441865e-01 
 9.043188770797392e-08  6.530793556810084e-01 
 9.045188770797392e-08  6.529731527484123e-01 
 9.047188770797391e-08  6.528669710421553e-01 
 9.049188770797391e-08  6.527608105579947e-01 
 9.051188770797390e-08  6.526546712916892e-01 
 9.053188770797390e-08  6.525485532389977e-01 
 9.055188770797390e-08  6.524424563956808e-01 
 9.057188770797389e-08  6.523363807574990e-01 
 9.059188770797389e-08  6.522303263202146e-01 
 9.061188770797389e-08  6.521242930795899e-01 
 9.063188770797388e-08  6.520182810313885e-01 
 9.065188770797388e-08  6.519122901713745e-01 
 9.067188770797387e-08  6.518063204953137e-01 
 9.069188770797387e-08  6.517003719989719e-01 
 9.071188770797387e-08  6.515944446781162e-01 
 9.073188770797386e-08  6.514885385285137e-01 
 9.075188770797386e-08  6.513826535459334e-01 
 9.077188770797386e-08  6.512767897261448e-01 
 9.079188770797385e-08  6.511709470649184e-01 
 9.081188770797385e-08  6.510651255580248e-01 
 9.083188770797384e-08  6.509593252012362e-01 
 9.085188770797384e-08  6.508535459903253e-01 
 9.087188770797384e-08  6.507477879210661e-01 
 9.089188770797383e-08  6.506420509892329e-01 
 9.091188770797383e-08  6.505363351906012e-01 
 9.093188770797382e-08  6.504306405209467e-01 
 9.095188770797382e-08  6.503249669760468e-01 
 9.097188770797382e-08  6.502193145516794e-01 
 9.099188770797381e-08  6.501136832436235e-01 
 9.101188770797381e-08  6.500080730476582e-01 
 9.103188770797381e-08  6.499024839595642e-01 
 9.105188770797380e-08  6.497969159751226e-01 
 9.107188770797380e-08  6.496913690901156e-01 
 9.109188770797379e-08  6.495858433003259e-01 
 9.111188770797379e-08  6.494803386015374e-01 
 9.113188770797379e-08  6.493748549895347e-01 
 9.115188770797378e-08  6.492693924601037e-01 
 9.117188770797378e-08  6.491639510090301e-01 
 9.119188770797378e-08  6.490585306321015e-01 
 9.121188770797377e-08  6.489531313251055e-01 
 9.123188770797377e-08  6.488477530838315e-01 
 9.125188770797376e-08  6.487423959040688e-01 
 9.127188770797376e-08  6.486370597816080e-01 
 9.129188770797376e-08  6.485317447122402e-01 
 9.131188770797375e-08  6.484264506917581e-01 
 9.133188770797375e-08  6.483211777159547e-01 
 9.135188770797375e-08  6.482159257806237e-01 
 9.137188770797374e-08  6.481106948815595e-01 
 9.139188770797374e-08  6.480054850145582e-01 
 9.141188770797373e-08  6.479002961754159e-01 
 9.143188770797373e-08  6.477951283599299e-01 
 9.145188770797373e-08  6.476899815638983e-01 
 9.147188770797372e-08  6.475848557831202e-01 
 9.149188770797372e-08  6.474797510133952e-01 
 9.151188770797371e-08  6.473746672505243e-01 
 9.153188770797371e-08  6.472696044903083e-01 
 9.155188770797371e-08  6.471645627285502e-01 
 9.157188770797370e-08  6.470595419610528e-01 
 9.159188770797370e-08  6.469545421836198e-01 
 9.161188770797370e-08  6.468495633920561e-01 
 9.163188770797369e-08  6.467446055821675e-01 
 9.165188770797369e-08  6.466396687497604e-01 
 9.167188770797368e-08  6.465347528906421e-01 
 9.169188770797368e-08  6.464298580006207e-01 
 9.171188770797368e-08  6.463249840755054e-01 
 9.173188770797367e-08  6.462201311111060e-01 
 9.175188770797367e-08  6.461152991032331e-01 
 9.177188770797367e-08  6.460104880476979e-01 
 9.179188770797366e-08  6.459056979403134e-01 
 9.181188770797366e-08  6.458009287768924e-01 
 9.183188770797365e-08  6.456961805532491e-01 
 9.185188770797365e-08  6.455914532651978e-01 
 9.187188770797365e-08  6.454867469085548e-01 
 9.189188770797364e-08  6.453820614791365e-01 
 9.191188770797364e-08  6.452773969727601e-01 
 9.193188770797364e-08  6.451727533852437e-01 
 9.195188770797363e-08  6.450681307124068e-01 
 9.197188770797363e-08  6.449635289500687e-01 
 9.199188770797362e-08  6.448589480940508e-01 
 9.201188770797362e-08  6.447543881401741e-01 
 9.203188770797362e-08  6.446498490842612e-01 
 9.205188770797361e-08  6.445453309221350e-01 
 9.207188770797361e-08  6.444408336496197e-01 
 9.209188770797360e-08  6.443363572625405e-01 
 9.211188770797360e-08  6.442319017567230e-01 
 9.213188770797360e-08  6.441274671279935e-01 
 9.215188770797359e-08  6.440230533721798e-01 
 9.217188770797359e-08  6.439186604851095e-01 
 9.219188770797359e-08  6.438142884626121e-01 
 9.221188770797358e-08  6.437099373005175e-01 
 9.223188770797358e-08  6.436056069946561e-01 
 9.225188770797357e-08  6.435012975408595e-01 
 9.227188770797357e-08  6.433970089349605e-01 
 9.229188770797357e-08  6.432927411727921e-01 
 9.231188770797356e-08  6.431884942501883e-01 
 9.233188770797356e-08  6.430842681629840e-01 
 9.235188770797356e-08  6.429800629070150e-01 
 9.237188770797355e-08  6.428758784781176e-01 
 9.239188770797355e-08  6.427717148721294e-01 
 9.241188770797354e-08  6.426675720848881e-01 
 9.243188770797354e-08  6.425634501122336e-01 
 9.245188770797354e-08  6.424593489500050e-01 
 9.247188770797353e-08  6.423552685940436e-01 
 9.249188770797353e-08  6.422512090401906e-01 
 9.251188770797353e-08  6.421471702842886e-01 
 9.253188770797352e-08  6.420431523221806e-01 
 9.255188770797352e-08  6.419391551497109e-01 
 9.257188770797351e-08  6.418351787627240e-01 
 9.259188770797351e-08  6.417312231570659e-01 
 9.261188770797351e-08  6.416272883285828e-01 
 9.263188770797350e-08  6.415233742731226e-01 
 9.265188770797350e-08  6.414194809865325e-01 
 9.267188770797349e-08  6.413156084646622e-01 
 9.269188770797349e-08  6.412117567033612e-01 
 9.271188770797349e-08  6.411079256984810e-01 
 9.273188770797348e-08  6.410041154458724e-01 
 9.275188770797348e-08  6.409003259413881e-01 
 9.277188770797348e-08  6.407965571808811e-01 
 9.279188770797347e-08  6.406928091602055e-01 
 9.281188770797347e-08  6.405890818752159e-01 
 9.283188770797346e-08  6.404853753217681e-01 
 9.285188770797346e-08  6.403816894957182e-01 
 9.287188770797346e-08  6.402780243929239e-01 
 9.289188770797345e-08  6.401743800092432e-01 
 9.291188770797345e-08  6.400707563405352e-01 
 9.293188770797345e-08  6.399671533826595e-01 
 9.295188770797344e-08  6.398635711314768e-01 
 9.297188770797344e-08  6.397600095828483e-01 
 9.299188770797343e-08  6.396564687326366e-01 
 9.301188770797343e-08  6.395529485767047e-01 
 9.303188770797343e-08  6.394494491109167e-01 
 9.305188770797342e-08  6.393459703311368e-01 
 9.307188770797342e-08  6.392425122332310e-01 
 9.309188770797342e-08  6.391390748130653e-01 
 9.311188770797341e-08  6.390356580665074e-01 
 9.313188770797341e-08  6.389322619894254e-01 
 9.315188770797340e-08  6.388288865776882e-01 
 9.317188770797340e-08  6.387255318271652e-01 
 9.319188770797340e-08  6.386221977337269e-01 
 9.321188770797339e-08  6.385188842932448e-01 
 9.323188770797339e-08  6.384155915015910e-01 
 9.325188770797338e-08  6.383123193546386e-01 
 9.327188770797338e-08  6.382090678482616e-01 
 9.329188770797338e-08  6.381058369783342e-01 
 9.331188770797337e-08  6.380026267407323e-01 
 9.333188770797337e-08  6.378994371313317e-01 
 9.335188770797337e-08  6.377962681460099e-01 
 9.337188770797336e-08  6.376931197806447e-01 
 9.339188770797336e-08  6.375899920311153e-01 
 9.341188770797335e-08  6.374868848933010e-01 
 9.343188770797335e-08  6.373837983630820e-01 
 9.345188770797335e-08  6.372807324363398e-01 
 9.347188770797334e-08  6.371776871089566e-01 
 9.349188770797334e-08  6.370746623768150e-01 
 9.351188770797334e-08  6.369716582357988e-01 
 9.353188770797333e-08  6.368686746817926e-01 
 9.355188770797333e-08  6.367657117106819e-01 
 9.357188770797332e-08  6.366627693183524e-01 
 9.359188770797332e-08  6.365598475006916e-01 
 9.361188770797332e-08  6.364569462535870e-01 
 9.363188770797331e-08  6.363540655729275e-01 
 9.365188770797331e-08  6.362512054546027e-01 
 9.367188770797331e-08  6.361483658945025e-01 
 9.369188770797330e-08  6.360455468885179e-01 
 9.371188770797330e-08  6.359427484325412e-01 
 9.373188770797329e-08  6.358399705224650e-01 
 9.375188770797329e-08  6.357372131541832e-01 
 9.377188770797329e-08  6.356344763235899e-01 
 9.379188770797328e-08  6.355317600265803e-01 
 9.381188770797328e-08  6.354290642590503e-01 
 9.383188770797327e-08  6.353263890168971e-01 
 9.385188770797327e-08  6.352237342960183e-01 
 9.387188770797327e-08  6.351211000923125e-01 
 9.389188770797326e-08  6.350184864016787e-01 
 9.391188770797326e-08  6.349158932200175e-01 
 9.393188770797326e-08  6.348133205432293e-01 
 9.395188770797325e-08  6.347107683672160e-01 
 9.397188770797325e-08  6.346082366878802e-01 
 9.399188770797324e-08  6.345057255011257e-01 
 9.401188770797324e-08  6.344032348028563e-01 
 9.403188770797324e-08  6.343007645889773e-01 
 9.405188770797323e-08  6.341983148553947e-01 
 9.407188770797323e-08  6.340958855980150e-01 
 9.409188770797323e-08  6.339934768127455e-01 
 9.411188770797322e-08  6.338910884954949e-01 
 9.413188770797322e-08  6.337887206421720e-01 
 9.415188770797321e-08  6.336863732486869e-01 
 9.417188770797321e-08  6.335840463109504e-01 
 9.419188770797321e-08  6.334817398248742e-01 
 9.421188770797320e-08  6.333794537863705e-01 
 9.423188770797320e-08  6.332771881913528e-01 
 9.425188770797320e-08  6.331749430357348e-01 
 9.427188770797319e-08  6.330727183154318e-01 
 9.429188770797319e-08  6.329705140263592e-01 
 9.431188770797318e-08  6.328683301644333e-01 
 9.433188770797318e-08  6.327661667255717e-01 
 9.435188770797318e-08  6.326640237056926e-01 
 9.437188770797317e-08  6.325619011007148e-01 
 9.439188770797317e-08  6.324597989065578e-01 
 9.441188770797317e-08  6.323577171191425e-01 
 9.443188770797316e-08  6.322556557343905e-01 
 9.445188770797316e-08  6.321536147482236e-01 
 9.447188770797315e-08  6.320515941565653e-01 
 9.449188770797315e-08  6.319495939553388e-01 
 9.451188770797315e-08  6.318476141404692e-01 
 9.453188770797314e-08  6.317456547078818e-01 
 9.455188770797314e-08  6.316437156535031e-01 
 9.457188770797313e-08  6.315417969732595e-01 
 9.459188770797313e-08  6.314398986630796e-01 
 9.461188770797313e-08  6.313380207188919e-01 
 9.463188770797312e-08  6.312361631366261e-01 
 9.465188770797312e-08  6.311343259122122e-01 
 9.467188770797312e-08  6.310325090415817e-01 
 9.469188770797311e-08  6.309307125206663e-01 
 9.471188770797311e-08  6.308289363453989e-01 
 9.473188770797310e-08  6.307271805117132e-01 
 9.475188770797310e-08  6.306254450155436e-01 
 9.477188770797310e-08  6.305237298528252e-01 
 9.479188770797309e-08  6.304220350194945e-01 
 9.481188770797309e-08  6.303203605114875e-01 
 9.483188770797309e-08  6.302187063247423e-01 
 9.485188770797308e-08  6.301170724551974e-01 
 9.487188770797308e-08  6.300154588987923e-01 
 9.489188770797307e-08  6.299138656514667e-01 
 9.491188770797307e-08  6.298122927091618e-01 
 9.493188770797307e-08  6.297107400678194e-01 
 9.495188770797306e-08  6.296092077233818e-01 
 9.497188770797306e-08  6.295076956717923e-01 
 9.499188770797306e-08  6.294062039089949e-01 
 9.501188770797305e-08  6.293047324309349e-01 
 9.503188770797305e-08  6.292032812335583e-01 
 9.505188770797304e-08  6.291018503128111e-01 
 9.507188770797304e-08  6.290004396646409e-01 
 9.509188770797304e-08  6.288990492849958e-01 
 9.511188770797303e-08  6.287976791698252e-01 
 9.513188770797303e-08  6.286963293150787e-01 
 9.515188770797302e-08  6.285949997167068e-01 
 9.517188770797302e-08  6.284936903706612e-01 
 9.519188770797302e-08  6.283924012728942e-01 
 9.521188770797301e-08  6.282911324193587e-01 
 9.523188770797301e-08  6.281898838060086e-01 
 9.525188770797301e-08  6.280886554287985e-01 
 9.527188770797300e-08  6.279874472836841e-01 
 9.529188770797300e-08  6.278862593666213e-01 
 9.531188770797299e-08  6.277850916735676e-01 
 9.533188770797299e-08  6.276839442004806e-01 
 9.535188770797299e-08  6.275828169433194e-01 
 9.537188770797298e-08  6.274817098980432e-01 
 9.539188770797298e-08  6.273806230606124e-01 
 9.541188770797298e-08  6.272795564269881e-01 
 9.543188770797297e-08  6.271785099931322e-01 
 9.545188770797297e-08  6.270774837550074e-01 
 9.547188770797296e-08  6.269764777085777e-01 
 9.549188770797296e-08  6.268754918498071e-01 
 9.551188770797296e-08  6.267745261746611e-01 
 9.553188770797295e-08  6.266735806791057e-01 
 9.555188770797295e-08  6.265726553591074e-01 
 9.557188770797295e-08  6.264717502106339e-01 
 9.559188770797294e-08  6.263708652296537e-01 
 9.561188770797294e-08  6.262700004121359e-01 
 9.563188770797293e-08  6.261691557540506e-01 
 9.565188770797293e-08  6.260683312513683e-01 
 9.567188770797293e-08  6.259675269000606e-01 
 9.569188770797292e-08  6.258667426961001e-01 
 9.571188770797292e-08  6.257659786354602e-01 
 9.573188770797291e-08  6.256652347141149e-01 
 9.575188770797291e-08  6.255645109280392e-01 
 9.577188770797291e-08  6.254638072732083e-01 
 9.579188770797290e-08  6.253631237455991e-01 
 9.581188770797290e-08  6.252624603411884e-01 
 9.583188770797290e-08  6.251618170559544e-01 
 9.585188770797289e-08  6.250611938858761e-01 
 9.587188770797289e-08  6.249605908269331e-01 
 9.589188770797288e-08  6.248600078751060e-01 
 9.591188770797288e-08  6.247594450263760e-01 
 9.593188770797288e-08  6.246589022767252e-01 
 9.595188770797287e-08  6.245583796221365e-01 
 9.597188770797287e-08  6.244578770585936e-01 
 9.599188770797287e-08  6.243573945820809e-01 
 9.601188770797286e-08  6.242569321885837e-01 
 9.603188770797286e-08  6.241564898740882e-01 
 9.605188770797285e-08  6.240560676345812e-01 
 9.607188770797285e-08  6.239556654660504e-01 
 9.609188770797285e-08  6.238552833644843e-01 
 9.611188770797284e-08  6.237549213258720e-01 
 9.613188770797284e-08  6.236545793462038e-01 
 9.615188770797284e-08  6.235542574214709e-01 
 9.617188770797283e-08  6.234539555476646e-01 
 9.619188770797283e-08  6.233536737207775e-01 
 9.621188770797282e-08  6.232534119368029e-01 
 9.623188770797282e-08  6.231531701917349e-01 
 9.625188770797282e-08  6.230529484815681e-01 
 9.627188770797281e-08  6.229527468022987e-01 
 9.629188770797281e-08  6.228525651499232e-01 
 9.631188770797280e-08  6.227524035204387e-01 
 9.633188770797280e-08  6.226522619098435e-01 
 9.635188770797280e-08  6.225521403141363e-01 
 9.637188770797279e-08  6.224520387293168e-01 
 9.639188770797279e-08  6.223519571513854e-01 
 9.641188770797279e-08  6.222518955763434e-01 
 9.643188770797278e-08  6.221518540001933e-01 
 9.645188770797278e-08  6.220518324189379e-01 
 9.647188770797277e-08  6.219518308285809e-01 
 9.649188770797277e-08  6.218518492251266e-01 
 9.651188770797277e-08  6.217518876045808e-01 
 9.653188770797276e-08  6.216519459629489e-01 
 9.655188770797276e-08  6.215520242962385e-01 
 9.657188770797276e-08  6.214521226004565e-01 
 9.659188770797275e-08  6.213522408716119e-01 
 9.661188770797275e-08  6.212523791057140e-01 
 9.663188770797274e-08  6.211525372987728e-01 
 9.665188770797274e-08  6.210527154467992e-01 
 9.667188770797274e-08  6.209529135458048e-01 
 9.669188770797273e-08  6.208531315918021e-01 
 9.671188770797273e-08  6.207533695808043e-01 
 9.673188770797273e-08  6.206536275088256e-01 
 9.675188770797272e-08  6.205539053718810e-01 
 9.677188770797272e-08  6.204542031659861e-01 
 9.679188770797271e-08  6.203545208871573e-01 
 9.681188770797271e-08  6.202548585314117e-01 
 9.683188770797271e-08  6.201552160947676e-01 
 9.685188770797270e-08  6.200555935732438e-01 
 9.687188770797270e-08  6.199559909628600e-01 
 9.689188770797269e-08  6.198564082596365e-01 
 9.691188770797269e-08  6.197568454595948e-01 
 9.693188770797269e-08  6.196573025587567e-01 
 9.695188770797268e-08  6.195577795531449e-01 
 9.697188770797268e-08  6.194582764387833e-01 
 9.699188770797268e-08  6.193587932116962e-01 
 9.701188770797267e-08  6.192593298679088e-01 
 9.703188770797267e-08  6.191598864034472e-01 
 9.705188770797266e-08  6.190604628143381e-01 
 9.707188770797266e-08  6.189610590966091e-01 
 9.709188770797266e-08  6.188616752462885e-01 
 9.711188770797265e-08  6.187623112594057e-01 
 9.713188770797265e-08  6.186629671319906e-01 
 9.715188770797265e-08  6.185636428600740e-01 
 9.717188770797264e-08  6.184643384396876e-01 
 9.719188770797264e-08  6.183650538668638e-01 
 9.721188770797263e-08  6.182657891376353e-01 
 9.723188770797263e-08  6.181665442480364e-01 
 9.725188770797263e-08  6.180673191941017e-01 
 9.727188770797262e-08  6.179681139718668e-01 
 9.729188770797262e-08  6.178689285773679e-01 
 9.731188770797262e-08  6.177697630066422e-01 
 9.733188770797261e-08  6.176706172557275e-01 
 9.735188770797261e-08  6.175714913206626e-01 
 9.737188770797260e-08  6.174723851974869e-01 
 9.739188770797260e-08  6.173732988822409e-01 
 9.741188770797260e-08  6.172742323709655e-01 
 9.743188770797259e-08  6.171751856597024e-01 
 9.745188770797259e-08  6.170761587444945e-01 
 9.747188770797258e-08  6.169771516213853e-01 
 9.749188770797258e-08  6.168781642864187e-01 
 9.751188770797258e-08  6.167791967356403e-01 
 9.753188770797257e-08  6.166802489650955e-01 
 9.755188770797257e-08  6.165813209708311e-01 
 9.757188770797257e-08  6.164824127488941e-01 
 9.759188770797256e-08  6.163835242953332e-01 
 9.761188770797256e-08  6.162846556061971e-01 
 9.763188770797255e-08  6.161858066775356e-01 
 9.765188770797255e-08  6.160869775053994e-01 
 9.767188770797255e-08  6.159881680858399e-01 
 9.769188770797254e-08  6.158893784149088e-01 
 9.771188770797254e-08  6.157906084886594e-01 
 9.773188770797254e-08  6.156918583031453e-01 
 9.775188770797253e-08  6.155931278544210e-01 
 9.777188770797253e-08  6.154944171385416e-01 
 9.779188770797252e-08  6.153957261515633e-01 
 9.781188770797252e-08  6.152970548895431e-01 
 9.783188770797252e-08  6.151984033485386e-01 
 9.785188770797251e-08  6.150997715246083e-01 
 9.787188770797251e-08  6.150011594138113e-01 
 9.789188770797251e-08  6.149025670122078e-01 
 9.791188770797250e-08  6.148039943158585e-01 
 9.793188770797250e-08  6.147054413208251e-01 
 9.795188770797249e-08  6.146069080231698e-01 
 9.797188770797249e-08  6.145083944189559e-01 
 9.799188770797249e-08  6.144099005042473e-01 
 9.801188770797248e-08  6.143114262751085e-01 
 9.803188770797248e-08  6.142129717276054e-01 
 9.805188770797248e-08  6.141145368578039e-01 
 9.807188770797247e-08  6.140161216617717e-01 
 9.809188770797247e-08  6.139177261355760e-01 
 9.811188770797246e-08  6.138193502752862e-01 
 9.813188770797246e-08  6.137209940769713e-01 
 9.815188770797246e-08  6.136226575367019e-01 
 9.817188770797245e-08  6.135243406505485e-01 
 9.819188770797245e-08  6.134260434145833e-01 
 9.821188770797244e-08  6.133277658248789e-01 
 9.823188770797244e-08  6.132295078775084e-01 
 9.825188770797244e-08  6.131312695685458e-01 
 9.827188770797243e-08  6.130330508940667e-01 
 9.829188770797243e-08  6.129348518501464e-01 
 9.831188770797243e-08  6.128366724328618e-01 
 9.833188770797242e-08  6.127385126382899e-01 
 9.835188770797242e-08  6.126403724625090e-01 
 9.837188770797241e-08  6.125422519015977e-01 
 9.839188770797241e-08  6.124441509516358e-01 
 9.841188770797241e-08  6.123460696087037e-01 
 9.843188770797240e-08  6.122480078688827e-01 
 9.845188770797240e-08  6.121499657282545e-01 
 9.847188770797240e-08  6.120519431829025e-01 
 9.849188770797239e-08  6.119539402289097e-01 
 9.851188770797239e-08  6.118559568623608e-01 
 9.853188770797238e-08  6.117579930793408e-01 
 9.855188770797238e-08  6.116600488759356e-01 
 9.857188770797238e-08  6.115621242482321e-01 
 9.859188770797237e-08  6.114642191923175e-01 
 9.861188770797237e-08  6.113663337042801e-01 
 9.863188770797237e-08  6.112684677802090e-01 
 9.865188770797236e-08  6.111706214161940e-01 
 9.867188770797236e-08  6.110727946083261e-01 
 9.869188770797235e-08  6.109749873526962e-01 
 9.871188770797235e-08  6.108771996453968e-01 
 9.873188770797235e-08  6.107794314825207e-01 
 9.875188770797234e-08  6.106816828601617e-01 
 9.877188770797234e-08  6.105839537744141e-01 
 9.879188770797233e-08  6.104862442213737e-01 
 9.881188770797233e-08  6.103885541971361e-01 
 9.883188770797233e-08  6.102908836977985e-01 
 9.885188770797232e-08  6.101932327194582e-01 
 9.887188770797232e-08  6.100956012582139e-01 
 9.889188770797232e-08  6.099979893101645e-01 
 9.891188770797231e-08  6.099003968714104e-01 
 9.893188770797231e-08  6.098028239380521e-01 
 9.895188770797230e-08  6.097052705061912e-01 
 9.897188770797230e-08  6.096077365719297e-01 
 9.899188770797230e-08  6.095102221313712e-01 
 9.901188770797229e-08  6.094127271806195e-01 
 9.903188770797229e-08  6.093152517157790e-01 
 9.905188770797229e-08  6.092177957329552e-01 
 9.907188770797228e-08  6.091203592282545e-01 
 9.909188770797228e-08  6.090229421977836e-01 
 9.911188770797227e-08  6.089255446376507e-01 
 9.913188770797227e-08  6.088281665439639e-01 
 9.915188770797227e-08  6.087308079128324e-01 
 9.917188770797226e-08  6.086334687403666e-01 
 9.919188770797226e-08  6.085361490226775e-01 
 9.921188770797226e-08  6.084388487558766e-01 
 9.923188770797225e-08  6.083415679360765e-01 
 9.925188770797225e-08  6.082443065593902e-01 
 9.927188770797224e-08  6.081470646219318e-01 
 9.929188770797224e-08  6.080498421198158e-01 
 9.931188770797224e-08  6.079526390491582e-01 
 9.933188770797223e-08  6.078554554060750e-01 
 9.935188770797223e-08  6.077582911866835e-01 
 9.937188770797222e-08  6.076611463871012e-01 
 9.939188770797222e-08  6.075640210034469e-01 
 9.941188770797222e-08  6.074669150318401e-01 
 9.943188770797221e-08  6.073698284684010e-01 
 9.945188770797221e-08  6.072727613092505e-01 
 9.947188770797221e-08  6.071757135505105e-01 
 9.949188770797220e-08  6.070786851883034e-01 
 9.951188770797220e-08  6.069816762187527e-01 
 9.953188770797219e-08  6.068846866379821e-01 
 9.955188770797219e-08  6.067877164421168e-01 
 9.957188770797219e-08  6.066907656272822e-01 
 9.959188770797218e-08  6.065938341896048e-01 
 9.961188770797218e-08  6.064969221252117e-01 
 9.963188770797218e-08  6.064000294302310e-01 
 9.965188770797217e-08  6.063031561007913e-01 
 9.967188770797217e-08  6.062063021330221e-01 
 9.969188770797216e-08  6.061094675230534e-01 
 9.971188770797216e-08  6.060126522670167e-01 
 9.973188770797216e-08  6.059158563610434e-01 
 9.975188770797215e-08  6.058190798012663e-01 
 9.977188770797215e-08  6.057223225838188e-01 
 9.979188770797215e-08  6.056255847048350e-01 
 9.981188770797214e-08  6.055288661604497e-01 
 9.983188770797214e-08  6.054321669467986e-01 
 9.985188770797213e-08  6.053354870600182e-01 
 9.987188770797213e-08  6.052388264962456e-01 
 9.989188770797213e-08  6.051421852516191e-01 
 9.991188770797212e-08  6.050455633222774e-01 
 9.993188770797212e-08  6.049489607043598e-01 
 9.995188770797211e-08  6.048523773940067e-01 
 9.997188770797211e-08  6.047558133873590e-01 
 9.999188770797211e-08  6.046592686805587e-01 
 1.000118877079721e-07  6.045627432697488e-01 
 1.000318877079721e-07  6.044662371510724e-01 
 1.000518877079721e-07  6.043697503206733e-01 
 1.000718877079721e-07  6.042732827746968e-01 
 1.000918877079721e-07  6.041768345092886e-01 
 1.001118877079721e-07  6.040804055205951e-01 
 1.001318877079721e-07  6.039839958047635e-01 
 1.001518877079721e-07  6.038876053579419e-01 
 1.001718877079721e-07  6.037912341762791e-01 
 1.001918877079721e-07  6.036948822559248e-01 
 1.002118877079721e-07  6.035985495930291e-01 
 1.002318877079721e-07  6.035022361837429e-01 
 1.002518877079721e-07  6.034059420242183e-01 
 1.002718877079721e-07  6.033096671106079e-01 
 1.002918877079721e-07  6.032134114390653e-01 
 1.003118877079720e-07  6.031171750057446e-01 
 1.003318877079720e-07  6.030209578068004e-01 
 1.003518877079720e-07  6.029247598383887e-01 
 1.003718877079720e-07  6.028285810966659e-01 
 1.003918877079720e-07  6.027324215777893e-01 
 1.004118877079720e-07  6.026362812779168e-01 
 1.004318877079720e-07  6.025401601932071e-01 
 1.004518877079720e-07  6.024440583198201e-01 
 1.004718877079720e-07  6.023479756539161e-01 
 1.004918877079720e-07  6.022519121916559e-01 
 1.005118877079720e-07  6.021558679292014e-01 
 1.005318877079720e-07  6.020598428627151e-01 
 1.005518877079720e-07  6.019638369883606e-01 
 1.005718877079720e-07  6.018678503023021e-01 
 1.005918877079720e-07  6.017718828007041e-01 
 1.006118877079720e-07  6.016759344797327e-01 
 1.006318877079720e-07  6.015800053355543e-01 
 1.006518877079720e-07  6.014840953643359e-01 
 1.006718877079720e-07  6.013882045622456e-01 
 1.006918877079720e-07  6.012923329254523e-01 
 1.007118877079720e-07  6.011964804501252e-01 
 1.007318877079720e-07  6.011006471324349e-01 
 1.007518877079720e-07  6.010048329685523e-01 
 1.007718877079720e-07  6.009090379546493e-01 
 1.007918877079720e-07  6.008132620868983e-01 
 1.008118877079720e-07  6.007175053614727e-01 
 1.008318877079719e-07  6.006217677745467e-01 
 1.008518877079719e-07  6.005260493222951e-01 
 1.008718877079719e-07  6.004303500008935e-01 
 1.008918877079719e-07  6.003346698065183e-01 
 1.009118877079719e-07  6.002390087353467e-01 
 1.009318877079719e-07  6.001433667835566e-01 
 1.009518877079719e-07  6.000477439473269e-01 
 1.009718877079719e-07  5.999521402228367e-01 
 1.009918877079719e-07  5.998565556062664e-01 
 1.010118877079719e-07  5.997609900937967e-01 
 1.010318877079719e-07  5.996654436816098e-01 
 1.010518877079719e-07  5.995699163658880e-01 
 1.010718877079719e-07  5.994744081428147e-01 
 1.010918877079719e-07  5.993789190085739e-01 
 1.011118877079719e-07  5.992834489593503e-01 
 1.011318877079719e-07  5.991879979913293e-01 
 1.011518877079719e-07  5.990925661006975e-01 
 1.011718877079719e-07  5.989971532836420e-01 
 1.011918877079719e-07  5.989017595363505e-01 
 1.012118877079719e-07  5.988063848550116e-01 
 1.012318877079719e-07  5.987110292358148e-01 
 1.012518877079719e-07  5.986156926749497e-01 
 1.012718877079719e-07  5.985203751686078e-01 
 1.012918877079719e-07  5.984250767129806e-01 
 1.013118877079719e-07  5.983297973042603e-01 
 1.013318877079719e-07  5.982345369386404e-01 
 1.013518877079718e-07  5.981392956123148e-01 
 1.013718877079718e-07  5.980440733214779e-01 
 1.013918877079718e-07  5.979488700623254e-01 
 1.014118877079718e-07  5.978536858310535e-01 
 1.014318877079718e-07  5.977585206238591e-01 
 1.014518877079718e-07  5.976633744369400e-01 
 1.014718877079718e-07  5.975682472664946e-01 
 1.014918877079718e-07  5.974731391087221e-01 
 1.015118877079718e-07  5.973780499598226e-01 
 1.015318877079718e-07  5.972829798159971e-01 
 1.015518877079718e-07  5.971879286734469e-01 
 1.015718877079718e-07  5.970928965283743e-01 
 1.015918877079718e-07  5.969978833769826e-01 
 1.016118877079718e-07  5.969028892154753e-01 
 1.016318877079718e-07  5.968079140400572e-01 
 1.016518877079718e-07  5.967129578469337e-01 
 1.016718877079718e-07  5.966180206323105e-01 
 1.016918877079718e-07  5.965231023923945e-01 
 1.017118877079718e-07  5.964282031233936e-01 
 1.017318877079718e-07  5.963333228215160e-01 
 1.017518877079718e-07  5.962384614829709e-01 
 1.017718877079718e-07  5.961436191039680e-01 
 1.017918877079718e-07  5.960487956807181e-01 
 1.018118877079718e-07  5.959539912094325e-01 
 1.018318877079718e-07  5.958592056863236e-01 
 1.018518877079718e-07  5.957644391076040e-01 
 1.018718877079718e-07  5.956696914694875e-01 
 1.018918877079717e-07  5.955749627681882e-01 
 1.019118877079717e-07  5.954802529999217e-01 
 1.019318877079717e-07  5.953855621609039e-01 
 1.019518877079717e-07  5.952908902473512e-01 
 1.019718877079717e-07  5.951962372554813e-01 
 1.019918877079717e-07  5.951016031815124e-01 
 1.020118877079717e-07  5.950069880216634e-01 
 1.020318877079717e-07  5.949123917721540e-01 
 1.020518877079717e-07  5.948178144292049e-01 
 1.020718877079717e-07  5.947232559890371e-01 
 1.020918877079717e-07  5.946287164478725e-01 
 1.021118877079717e-07  5.945341958019339e-01 
 1.021318877079717e-07  5.944396940474449e-01 
 1.021518877079717e-07  5.943452111806297e-01 
 1.021718877079717e-07  5.942507471977130e-01 
 1.021918877079717e-07  5.941563020949211e-01 
 1.022118877079717e-07  5.940618758684801e-01 
 1.022318877079717e-07  5.939674685146175e-01 
 1.022518877079717e-07  5.938730800295611e-01 
 1.022718877079717e-07  5.937787104095398e-01 
 1.022918877079717e-07  5.936843596507831e-01 
 1.023118877079717e-07  5.935900277495213e-01 
 1.023318877079717e-07  5.934957147019855e-01 
 1.023518877079717e-07  5.934014205044074e-01 
 1.023718877079717e-07  5.933071451530194e-01 
 1.023918877079717e-07  5.932128886440551e-01 
 1.024118877079716e-07  5.931186509737484e-01 
 1.024318877079716e-07  5.930244321383340e-01 
 1.024518877079716e-07  5.929302321340476e-01 
 1.024718877079716e-07  5.928360509571254e-01 
 1.024918877079716e-07  5.927418886038044e-01 
 1.025118877079716e-07  5.926477450703226e-01 
 1.025318877079716e-07  5.925536203529184e-01 
 1.025518877079716e-07  5.924595144478311e-01 
 1.025718877079716e-07  5.923654273513008e-01 
 1.025918877079716e-07  5.922713590595684e-01 
 1.026118877079716e-07  5.921773095688752e-01 
 1.026318877079716e-07  5.920832788754640e-01 
 1.026518877079716e-07  5.919892669755775e-01 
 1.026718877079716e-07  5.918952738654596e-01 
 1.026918877079716e-07  5.918012995413549e-01 
 1.027118877079716e-07  5.917073439995084e-01 
 1.027318877079716e-07  5.916134072361667e-01 
 1.027518877079716e-07  5.915194892475762e-01 
 1.027718877079716e-07  5.914255900299847e-01 
 1.027918877079716e-07  5.913317095796405e-01 
 1.028118877079716e-07  5.912378478927927e-01 
 1.028318877079716e-07  5.911440049656908e-01 
 1.028518877079716e-07  5.910501807945855e-01 
 1.028718877079716e-07  5.909563753757283e-01 
 1.028918877079716e-07  5.908625887053711e-01 
 1.029118877079716e-07  5.907688207797670e-01 
 1.029318877079715e-07  5.906750715951693e-01 
 1.029518877079715e-07  5.905813411478326e-01 
 1.029718877079715e-07  5.904876294340116e-01 
 1.029918877079715e-07  5.903939364499623e-01 
 1.030118877079715e-07  5.903002621919412e-01 
 1.030318877079715e-07  5.902066066562057e-01 
 1.030518877079715e-07  5.901129698390138e-01 
 1.030718877079715e-07  5.900193517366245e-01 
 1.030918877079715e-07  5.899257523452969e-01 
 1.031118877079715e-07  5.898321716612914e-01 
 1.031318877079715e-07  5.897386096808694e-01 
 1.031518877079715e-07  5.896450664002926e-01 
 1.031718877079715e-07  5.895515418158233e-01 
 1.031918877079715e-07  5.894580359237248e-01 
 1.032118877079715e-07  5.893645487202613e-01 
 1.032318877079715e-07  5.892710802016976e-01 
 1.032518877079715e-07  5.891776303642992e-01 
 1.032718877079715e-07  5.890841992043322e-01 
 1.032918877079715e-07  5.889907867180636e-01 
 1.033118877079715e-07  5.888973929017612e-01 
 1.033318877079715e-07  5.888040177516939e-01 
 1.033518877079715e-07  5.887106612641306e-01 
 1.033718877079715e-07  5.886173234353412e-01 
 1.033918877079715e-07  5.885240042615969e-01 
 1.034118877079715e-07  5.884307037391687e-01 
 1.034318877079715e-07  5.883374218643291e-01 
 1.034518877079715e-07  5.882441586333511e-01 
 1.034718877079714e-07  5.881509140425084e-01 
 1.034918877079714e-07  5.880576880880753e-01 
 1.035118877079714e-07  5.879644807663273e-01 
 1.035318877079714e-07  5.878712920735404e-01 
 1.035518877079714e-07  5.877781220059911e-01 
 1.035718877079714e-07  5.876849705599568e-01 
 1.035918877079714e-07  5.875918377317160e-01 
 1.036118877079714e-07  5.874987235175473e-01 
 1.036318877079714e-07  5.874056279137306e-01 
 1.036518877079714e-07  5.873125509165462e-01 
 1.036718877079714e-07  5.872194925222753e-01 
 1.036918877079714e-07  5.871264527271999e-01 
 1.037118877079714e-07  5.870334315276025e-01 
 1.037318877079714e-07  5.869404289197665e-01 
 1.037518877079714e-07  5.868474448999762e-01 
 1.037718877079714e-07  5.867544794645164e-01 
 1.037918877079714e-07  5.866615326096728e-01 
 1.038118877079714e-07  5.865686043317317e-01 
 1.038318877079714e-07  5.864756946269802e-01 
 1.038518877079714e-07  5.863828034917062e-01 
 1.038718877079714e-07  5.862899309221984e-01 
 1.038918877079714e-07  5.861970769147458e-01 
 1.039118877079714e-07  5.861042414656389e-01 
 1.039318877079714e-07  5.860114245711682e-01 
 1.039518877079714e-07  5.859186262276254e-01 
 1.039718877079714e-07  5.858258464313029e-01 
 1.039918877079713e-07  5.857330851784937e-01 
 1.040118877079713e-07  5.856403424654912e-01 
 1.040318877079713e-07  5.855476182885904e-01 
 1.040518877079713e-07  5.854549126440863e-01 
 1.040718877079713e-07  5.853622255282751e-01 
 1.040918877079713e-07  5.852695569374533e-01 
 1.041118877079713e-07  5.851769068679186e-01 
 1.041318877079713e-07  5.850842753159692e-01 
 1.041518877079713e-07  5.849916622779042e-01 
 1.041718877079713e-07  5.848990677500231e-01 
 1.041918877079713e-07  5.848064917286264e-01 
 1.042118877079713e-07  5.847139342100154e-01 
 1.042318877079713e-07  5.846213951904918e-01 
 1.042518877079713e-07  5.845288746663585e-01 
 1.042718877079713e-07  5.844363726339189e-01 
 1.042918877079713e-07  5.843438890894768e-01 
 1.043118877079713e-07  5.842514240293372e-01 
 1.043318877079713e-07  5.841589774498058e-01 
 1.043518877079713e-07  5.840665493471890e-01 
 1.043718877079713e-07  5.839741397177941e-01 
 1.043918877079713e-07  5.838817485579286e-01 
 1.044118877079713e-07  5.837893758639012e-01 
 1.044318877079713e-07  5.836970216320213e-01 
 1.044518877079713e-07  5.836046858585988e-01 
 1.044718877079713e-07  5.835123685399447e-01 
 1.044918877079713e-07  5.834200696723701e-01 
 1.045118877079713e-07  5.833277892521878e-01 
 1.045318877079712e-07  5.832355272757105e-01 
 1.045518877079712e-07  5.831432837392517e-01 
 1.045718877079712e-07  5.830510586391259e-01 
 1.045918877079712e-07  5.829588519716487e-01 
 1.046118877079712e-07  5.828666637331360e-01 
 1.046318877079712e-07  5.827744939199043e-01 
 1.046518877079712e-07  5.826823425282712e-01 
 1.046718877079712e-07  5.825902095545546e-01 
 1.046918877079712e-07  5.824980949950733e-01 
 1.047118877079712e-07  5.824059988461474e-01 
 1.047318877079712e-07  5.823139211040970e-01 
 1.047518877079712e-07  5.822218617652432e-01 
 1.047718877079712e-07  5.821298208259079e-01 
 1.047918877079712e-07  5.820377982824138e-01 
 1.048118877079712e-07  5.819457941310838e-01 
 1.048318877079712e-07  5.818538083682423e-01 
 1.048518877079712e-07  5.817618409902136e-01 
 1.048718877079712e-07  5.816698919933235e-01 
 1.048918877079712e-07  5.815779613738984e-01 
 1.049118877079712e-07  5.814860491282650e-01 
 1.049318877079712e-07  5.813941552527512e-01 
 1.049518877079712e-07  5.813022797436853e-01 
 1.049718877079712e-07  5.812104225973966e-01 
 1.049918877079712e-07  5.811185838102149e-01 
 1.050118877079712e-07  5.810267633784705e-01 
 1.050318877079712e-07  5.809349612984954e-01 
 1.050518877079711e-07  5.808431775666215e-01 
 1.050718877079711e-07  5.807514121791817e-01 
 1.050918877079711e-07  5.806596651325094e-01 
 1.051118877079711e-07  5.805679364229392e-01 
 1.051318877079711e-07  5.804762260468058e-01 
 1.051518877079711e-07  5.803845340004452e-01 
 1.051718877079711e-07  5.802928602801937e-01 
 1.051918877079711e-07  5.802012048823886e-01 
 1.052118877079711e-07  5.801095678033681e-01 
 1.052318877079711e-07  5.800179490394708e-01 
 1.052518877079711e-07  5.799263485870358e-01 
 1.052718877079711e-07  5.798347664424036e-01 
 1.052918877079711e-07  5.797432026019149e-01 
 1.053118877079711e-07  5.796516570619117e-01 
 1.053318877079711e-07  5.795601298187359e-01 
 1.053518877079711e-07  5.794686208687307e-01 
 1.053718877079711e-07  5.793771302082401e-01 
 1.053918877079711e-07  5.792856578336085e-01 
 1.054118877079711e-07  5.791942037411812e-01 
 1.054318877079711e-07  5.791027679273046e-01 
 1.054518877079711e-07  5.790113503883251e-01 
 1.054718877079711e-07  5.789199511205900e-01 
 1.054918877079711e-07  5.788285701204477e-01 
 1.055118877079711e-07  5.787372073842473e-01 
 1.055318877079711e-07  5.786458629083381e-01 
 1.055518877079711e-07  5.785545366890706e-01 
 1.055718877079710e-07  5.784632287227962e-01 
 1.055918877079710e-07  5.783719390058665e-01 
 1.056118877079710e-07  5.782806675346340e-01 
 1.056318877079710e-07  5.781894143054522e-01 
 1.056518877079710e-07  5.780981793146751e-01 
 1.056718877079710e-07  5.780069625586577e-01 
 1.056918877079710e-07  5.779157640337550e-01 
 1.057118877079710e-07  5.778245837363235e-01 
 1.057318877079710e-07  5.777334216627199e-01 
 1.057518877079710e-07  5.776422778093021e-01 
 1.057718877079710e-07  5.775511521724285e-01 
 1.057918877079710e-07  5.774600447484584e-01 
 1.058118877079710e-07  5.773689555337514e-01 
 1.058318877079710e-07  5.772778845246682e-01 
 1.058518877079710e-07  5.771868317175700e-01 
 1.058718877079710e-07  5.770957971088189e-01 
 1.058918877079710e-07  5.770047806947776e-01 
 1.059118877079710e-07  5.769137824718099e-01 
 1.059318877079710e-07  5.768228024362799e-01 
 1.059518877079710e-07  5.767318405845525e-01 
 1.059718877079710e-07  5.766408969129934e-01 
 1.059918877079710e-07  5.765499714179689e-01 
 1.060118877079710e-07  5.764590640958465e-01 
 1.060318877079710e-07  5.763681749429936e-01 
 1.060518877079710e-07  5.762773039557790e-01 
 1.060718877079710e-07  5.761864511305720e-01 
 1.060918877079710e-07  5.760956164637425e-01 
 1.061118877079709e-07  5.760047999516614e-01 
 1.061318877079709e-07  5.759140015907004e-01 
 1.061518877079709e-07  5.758232213772313e-01 
 1.061718877079709e-07  5.757324593076271e-01 
 1.061918877079709e-07  5.756417153782615e-01 
 1.062118877079709e-07  5.755509895855091e-01 
 1.062318877079709e-07  5.754602819257448e-01 
 1.062518877079709e-07  5.753695923953445e-01 
 1.062718877079709e-07  5.752789209906849e-01 
 1.062918877079709e-07  5.751882677081430e-01 
 1.063118877079709e-07  5.750976325440971e-01 
 1.063318877079709e-07  5.750070154949259e-01 
 1.063518877079709e-07  5.749164165570086e-01 
 1.063718877079709e-07  5.748258357267255e-01 
 1.063918877079709e-07  5.747352730004576e-01 
 1.064118877079709e-07  5.746447283745861e-01 
 1.064318877079709e-07  5.745542018454940e-01 
 1.064518877079709e-07  5.744636934095640e-01 
 1.064718877079709e-07  5.743732030631801e-01 
 1.064918877079709e-07  5.742827308027265e-01 
 1.065118877079709e-07  5.741922766245887e-01 
 1.065318877079709e-07  5.741018405251526e-01 
 1.065518877079709e-07  5.740114225008048e-01 
 1.065718877079709e-07  5.739210225479329e-01 
 1.065918877079709e-07  5.738306406629248e-01 
 1.066118877079709e-07  5.737402768421694e-01 
 1.066318877079708e-07  5.736499310820565e-01 
 1.066518877079708e-07  5.735596033789764e-01 
 1.066718877079708e-07  5.734692937293197e-01 
 1.066918877079708e-07  5.733790021294783e-01 
 1.067118877079708e-07  5.732887285758450e-01 
 1.067318877079708e-07  5.731984730648126e-01 
 1.067518877079708e-07  5.731082355927751e-01 
 1.067718877079708e-07  5.730180161561272e-01 
 1.067918877079708e-07  5.729278147512643e-01 
 1.068118877079708e-07  5.728376313745824e-01 
 1.068318877079708e-07  5.727474660224782e-01 
 1.068518877079708e-07  5.726573186913493e-01 
 1.068718877079708e-07  5.725671893775940e-01 
 1.068918877079708e-07  5.724770780776109e-01 
 1.069118877079708e-07  5.723869847877999e-01 
 1.069318877079708e-07  5.722969095045614e-01 
 1.069518877079708e-07  5.722068522242961e-01 
 1.069718877079708e-07  5.721168129434063e-01 
 1.069918877079708e-07  5.720267916582948e-01 
 1.070118877079708e-07  5.719367883653643e-01 
 1.070318877079708e-07  5.718468030610191e-01 
 1.070518877079708e-07  5.717568357416637e-01 
 1.070718877079708e-07  5.716668864037037e-01 
 1.070918877079708e-07  5.715769550435449e-01 
 1.071118877079708e-07  5.714870416575943e-01 
 1.071318877079708e-07  5.713971462422597e-01 
 1.071518877079707e-07  5.713072687939491e-01 
 1.071718877079707e-07  5.712174093090716e-01 
 1.071918877079707e-07  5.711275677840369e-01 
 1.072118877079707e-07  5.710377442152554e-01 
 1.072318877079707e-07  5.709479385991387e-01 
 1.072518877079707e-07  5.708581509320981e-01 
 1.072718877079707e-07  5.707683812105464e-01 
 1.072918877079707e-07  5.706786294308971e-01 
 1.073118877079707e-07  5.705888955895640e-01 
 1.073318877079707e-07  5.704991796829617e-01 
 1.073518877079707e-07  5.704094817075060e-01 
 1.073718877079707e-07  5.703198016596129e-01 
 1.073918877079707e-07  5.702301395356995e-01 
 1.074118877079707e-07  5.701404953321830e-01 
 1.074318877079707e-07  5.700508690454821e-01 
 1.074518877079707e-07  5.699612606720156e-01 
 1.074718877079707e-07  5.698716702082035e-01 
 1.074918877079707e-07  5.697820976504661e-01 
 1.075118877079707e-07  5.696925429952245e-01 
 1.075318877079707e-07  5.696030062389009e-01 
 1.075518877079707e-07  5.695134873779178e-01 
 1.075718877079707e-07  5.694239864086984e-01 
 1.075918877079707e-07  5.693345033276668e-01 
 1.076118877079707e-07  5.692450381312478e-01 
 1.076318877079707e-07  5.691555908158670e-01 
 1.076518877079707e-07  5.690661613779502e-01 
 1.076718877079707e-07  5.689767498139248e-01 
 1.076918877079706e-07  5.688873561202180e-01 
 1.077118877079706e-07  5.687979802932583e-01 
 1.077318877079706e-07  5.687086223294748e-01 
 1.077518877079706e-07  5.686192822252972e-01 
 1.077718877079706e-07  5.685299599771561e-01 
 1.077918877079706e-07  5.684406555814828e-01 
 1.078118877079706e-07  5.683513690347091e-01 
 1.078318877079706e-07  5.682621003332672e-01 
 1.078518877079706e-07  5.681728494735907e-01 
 1.078718877079706e-07  5.680836164521140e-01 
 1.078918877079706e-07  5.679944012652715e-01 
 1.079118877079706e-07  5.679052039094985e-01 
 1.079318877079706e-07  5.678160243812315e-01 
 1.079518877079706e-07  5.677268626769071e-01 
 1.079718877079706e-07  5.676377187929630e-01 
 1.079918877079706e-07  5.675485927258378e-01 
 1.080118877079706e-07  5.674594844719703e-01 
 1.080318877079706e-07  5.673703940278002e-01 
 1.080518877079706e-07  5.672813213897679e-01 
 1.080718877079706e-07  5.671922665543149e-01 
 1.080918877079706e-07  5.671032295178826e-01 
 1.081118877079706e-07  5.670142102769140e-01 
 1.081318877079706e-07  5.669252088278521e-01 
 1.081518877079706e-07  5.668362251671411e-01 
 1.081718877079706e-07  5.667472592912257e-01 
 1.081918877079706e-07  5.666583111965514e-01 
 1.082118877079705e-07  5.665693808795642e-01 
 1.082318877079705e-07  5.664804683367107e-01 
 1.082518877079705e-07  5.663915735644389e-01 
 1.082718877079705e-07  5.663026965591972e-01 
 1.082918877079705e-07  5.662138373174341e-01 
 1.083118877079705e-07  5.661249958355991e-01 
 1.083318877079705e-07  5.660361721101430e-01 
 1.083518877079705e-07  5.659473661375172e-01 
 1.083718877079705e-07  5.658585779141730e-01 
 1.083918877079705e-07  5.657698074365632e-01 
 1.084118877079705e-07  5.656810547011409e-01 
 1.084318877079705e-07  5.655923197043601e-01 
 1.084518877079705e-07  5.655036024426754e-01 
 1.084718877079705e-07  5.654149029125423e-01 
 1.084918877079705e-07  5.653262211104167e-01 
 1.085118877079705e-07  5.652375570327556e-01 
 1.085318877079705e-07  5.651489106760159e-01 
 1.085518877079705e-07  5.650602820366563e-01 
 1.085718877079705e-07  5.649716711111354e-01 
 1.085918877079705e-07  5.648830778959135e-01 
 1.086118877079705e-07  5.647945023874504e-01 
 1.086318877079705e-07  5.647059445822071e-01 
 1.086518877079705e-07  5.646174044766455e-01 
 1.086718877079705e-07  5.645288820672280e-01 
 1.086918877079705e-07  5.644403773504176e-01 
 1.087118877079705e-07  5.643518903226783e-01 
 1.087318877079705e-07  5.642634209804746e-01 
 1.087518877079704e-07  5.641749693202717e-01 
 1.087718877079704e-07  5.640865353385354e-01 
 1.087918877079704e-07  5.639981190317327e-01 
 1.088118877079704e-07  5.639097203963310e-01 
 1.088318877079704e-07  5.638213394287984e-01 
 1.088518877079704e-07  5.637329761256035e-01 
 1.088718877079704e-07  5.636446304832160e-01 
 1.088918877079704e-07  5.635563024981058e-01 
 1.089118877079704e-07  5.634679921667440e-01 
 1.089318877079704e-07  5.633796994856024e-01 
 1.089518877079704e-07  5.632914244511531e-01 
 1.089718877079704e-07  5.632031670598692e-01 
 1.089918877079704e-07  5.631149273082245e-01 
 1.090118877079704e-07  5.630267051926935e-01 
 1.090318877079704e-07  5.629385007097510e-01 
 1.090518877079704e-07  5.628503138558731e-01 
 1.090718877079704e-07  5.627621446275364e-01 
 1.090918877079704e-07  5.626739930212180e-01 
 1.091118877079704e-07  5.625858590333960e-01 
 1.091318877079704e-07  5.624977426605490e-01 
 1.091518877079704e-07  5.624096438991565e-01 
 1.091718877079704e-07  5.623215627456983e-01 
 1.091918877079704e-07  5.622334991966554e-01 
 1.092118877079704e-07  5.621454532485092e-01 
 1.092318877079704e-07  5.620574248977418e-01 
 1.092518877079704e-07  5.619694141408361e-01 
 1.092718877079703e-07  5.618814209742757e-01 
 1.092918877079703e-07  5.617934453945450e-01 
 1.093118877079703e-07  5.617054873981290e-01 
 1.093318877079703e-07  5.616175469815133e-01 
 1.093518877079703e-07  5.615296241411842e-01 
 1.093718877079703e-07  5.614417188736290e-01 
 1.093918877079703e-07  5.613538311753355e-01 
 1.094118877079703e-07  5.612659610427920e-01 
 1.094318877079703e-07  5.611781084724878e-01 
 1.094518877079703e-07  5.610902734609131e-01 
 1.094718877079703e-07  5.610024560045582e-01 
 1.094918877079703e-07  5.609146560999145e-01 
 1.095118877079703e-07  5.608268737434741e-01 
 1.095318877079703e-07  5.607391089317294e-01 
 1.095518877079703e-07  5.606513616611742e-01 
 1.095718877079703e-07  5.605636319283025e-01 
 1.095918877079703e-07  5.604759197296089e-01 
 1.096118877079703e-07  5.603882250615889e-01 
 1.096318877079703e-07  5.603005479207390e-01 
 1.096518877079703e-07  5.602128883035562e-01 
 1.096718877079703e-07  5.601252462065379e-01 
 1.096918877079703e-07  5.600376216261823e-01 
 1.097118877079703e-07  5.599500145589885e-01 
 1.097318877079703e-07  5.598624250014564e-01 
 1.097518877079703e-07  5.597748529500863e-01 
 1.097718877079703e-07  5.596872984013793e-01 
 1.097918877079702e-07  5.595997613518372e-01 
 1.098118877079702e-07  5.595122417979626e-01 
 1.098318877079702e-07  5.594247397362585e-01 
 1.098518877079702e-07  5.593372551632293e-01 
 1.098718877079702e-07  5.592497880753794e-01 
 1.098918877079702e-07  5.591623384692138e-01 
 1.099118877079702e-07  5.590749063412387e-01 
 1.099318877079702e-07  5.589874916879606e-01 
 1.099518877079702e-07  5.589000945058874e-01 
 1.099718877079702e-07  5.588127147915269e-01 
 1.099918877079702e-07  5.587253525413879e-01 
 1.100118877079702e-07  5.586380077519797e-01 
 1.100318877079702e-07  5.585506804198126e-01 
 1.100518877079702e-07  5.584633705413976e-01 
 1.100718877079702e-07  5.583760781132464e-01 
 1.100918877079702e-07  5.582888031318711e-01 
 1.101118877079702e-07  5.582015455937851e-01 
 1.101318877079702e-07  5.581143054955016e-01 
 1.101518877079702e-07  5.580270828335351e-01 
 1.101718877079702e-07  5.579398776044007e-01 
 1.101918877079702e-07  5.578526898046143e-01 
 1.102118877079702e-07  5.577655194306923e-01 
 1.102318877079702e-07  5.576783664791519e-01 
 1.102518877079702e-07  5.575912309465109e-01 
 1.102718877079702e-07  5.575041128292879e-01 
 1.102918877079702e-07  5.574170121240021e-01 
 1.103118877079702e-07  5.573299288271732e-01 
 1.103318877079701e-07  5.572428629353222e-01 
 1.103518877079701e-07  5.571558144449704e-01 
 1.103718877079701e-07  5.570687833526400e-01 
 1.103918877079701e-07  5.569817696548532e-01 
 1.104118877079701e-07  5.568947733481338e-01 
 1.104318877079701e-07  5.568077944290059e-01 
 1.104518877079701e-07  5.567208328939941e-01 
 1.104718877079701e-07  5.566338887396240e-01 
 1.104918877079701e-07  5.565469619624219e-01 
 1.105118877079701e-07  5.564600525589150e-01 
 1.105318877079701e-07  5.563731605256305e-01 
 1.105518877079701e-07  5.562862858590967e-01 
 1.105718877079701e-07  5.561994285558425e-01 
 1.105918877079701e-07  5.561125886123977e-01 
 1.106118877079701e-07  5.560257660252925e-01 
 1.106318877079701e-07  5.559389607910583e-01 
 1.106518877079701e-07  5.558521729062270e-01 
 1.106718877079701e-07  5.557654023673306e-01 
 1.106918877079701e-07  5.556786491709024e-01 
 1.107118877079701e-07  5.555919133134760e-01 
 1.107318877079701e-07  5.555051947915863e-01 
 1.107518877079701e-07  5.554184936017684e-01 
 1.107718877079701e-07  5.553318097405580e-01 
 1.107918877079701e-07  5.552451432044918e-01 
 1.108118877079701e-07  5.551584939901072e-01 
 1.108318877079701e-07  5.550718620939423e-01 
 1.108518877079700e-07  5.549852475125356e-01 
 1.108718877079700e-07  5.548986502424266e-01 
 1.108918877079700e-07  5.548120702801551e-01 
 1.109118877079700e-07  5.547255076222620e-01 
 1.109318877079700e-07  5.546389622652885e-01 
 1.109518877079700e-07  5.545524342057774e-01 
 1.109718877079700e-07  5.544659234402710e-01 
 1.109918877079700e-07  5.543794299653132e-01 
 1.110118877079700e-07  5.542929537774480e-01 
 1.110318877079700e-07  5.542064948732204e-01 
 1.110518877079700e-07  5.541200532491757e-01 
 1.110718877079700e-07  5.540336289018604e-01 
 1.110918877079700e-07  5.539472218278214e-01 
 1.111118877079700e-07  5.538608320236065e-01 
 1.111318877079700e-07  5.537744594857638e-01 
 1.111518877079700e-07  5.536881042108425e-01 
 1.111718877079700e-07  5.536017661953921e-01 
 1.111918877079700e-07  5.535154454359634e-01 
 1.112118877079700e-07  5.534291419291074e-01 
 1.112318877079700e-07  5.533428556713758e-01 
 1.112518877079700e-07  5.532565866593211e-01 
 1.112718877079700e-07  5.531703348894966e-01 
 1.112918877079700e-07  5.530841003584560e-01 
 1.113118877079700e-07  5.529978830627540e-01 
 1.113318877079700e-07  5.529116829989456e-01 
 1.113518877079700e-07  5.528255001635870e-01 
 1.113718877079699e-07  5.527393345532348e-01 
 1.113918877079699e-07  5.526531861644461e-01 
 1.114118877079699e-07  5.525670549937791e-01 
 1.114318877079699e-07  5.524809410377924e-01 
 1.114518877079699e-07  5.523948442930455e-01 
 1.114718877079699e-07  5.523087647560984e-01 
 1.114918877079699e-07  5.522227024235118e-01 
 1.115118877079699e-07  5.521366572918470e-01 
 1.115318877079699e-07  5.520506293576665e-01 
 1.115518877079699e-07  5.519646186175328e-01 
 1.115718877079699e-07  5.518786250680094e-01 
 1.115918877079699e-07  5.517926487056607e-01 
 1.116118877079699e-07  5.517066895270515e-01 
 1.116318877079699e-07  5.516207475287473e-01 
 1.116518877079699e-07  5.515348227073141e-01 
 1.116718877079699e-07  5.514489150593194e-01 
 1.116918877079699e-07  5.513630245813304e-01 
 1.117118877079699e-07  5.512771512699155e-01 
 1.117318877079699e-07  5.511912951216439e-01 
 1.117518877079699e-07  5.511054561330848e-01 
 1.117718877079699e-07  5.510196343008087e-01 
 1.117918877079699e-07  5.509338296213870e-01 
 1.118118877079699e-07  5.508480420913913e-01 
 1.118318877079699e-07  5.507622717073940e-01 
 1.118518877079699e-07  5.506765184659681e-01 
 1.118718877079699e-07  5.505907823636872e-01 
 1.118918877079699e-07  5.505050633971258e-01 
 1.119118877079698e-07  5.504193615628593e-01 
 1.119318877079698e-07  5.503336768574637e-01 
 1.119518877079698e-07  5.502480092775153e-01 
 1.119718877079698e-07  5.501623588195910e-01 
 1.119918877079698e-07  5.500767254802690e-01 
 1.120118877079698e-07  5.499911092561280e-01 
 1.120318877079698e-07  5.499055101437473e-01 
 1.120518877079698e-07  5.498199281397067e-01 
 1.120718877079698e-07  5.497343632405869e-01 
 1.120918877079698e-07  5.496488154429690e-01 
 1.121118877079698e-07  5.495632847434351e-01 
 1.121318877079698e-07  5.494777711385678e-01 
 1.121518877079698e-07  5.493922746249504e-01 
 1.121718877079698e-07  5.493067951991670e-01 
 1.121918877079698e-07  5.492213328578025e-01 
 1.122118877079698e-07  5.491358875974424e-01 
 1.122318877079698e-07  5.490504594146727e-01 
 1.122518877079698e-07  5.489650483060800e-01 
 1.122718877079698e-07  5.488796542682518e-01 
 1.122918877079698e-07  5.487942772977764e-01 
 1.123118877079698e-07  5.487089173912424e-01 
 1.123318877079698e-07  5.486235745452394e-01 
 1.123518877079698e-07  5.485382487563576e-01 
 1.123718877079698e-07  5.484529400211879e-01 
 1.123918877079698e-07  5.483676483363219e-01 
 1.124118877079698e-07  5.482823736983515e-01 
 1.124318877079697e-07  5.481971161038702e-01 
 1.124518877079697e-07  5.481118755494712e-01 
 1.124718877079697e-07  5.480266520317486e-01 
 1.124918877079697e-07  5.479414455472976e-01 
 1.125118877079697e-07  5.478562560927138e-01 
 1.125318877079697e-07  5.477710836645934e-01 
 1.125518877079697e-07  5.476859282595333e-01 
 1.125718877079697e-07  5.476007898741316e-01 
 1.125918877079697e-07  5.475156685049865e-01 
 1.126118877079697e-07  5.474305641486967e-01 
 1.126318877079697e-07  5.473454768018623e-01 
 1.126518877079697e-07  5.472604064610834e-01 
 1.126718877079697e-07  5.471753531229613e-01 
 1.126918877079697e-07  5.470903167840977e-01 
 1.127118877079697e-07  5.470052974410949e-01 
 1.127318877079697e-07  5.469202950905561e-01 
 1.127518877079697e-07  5.468353097290850e-01 
 1.127718877079697e-07  5.467503413532864e-01 
 1.127918877079697e-07  5.466653899597651e-01 
 1.128118877079697e-07  5.465804555451270e-01 
 1.128318877079697e-07  5.464955381059787e-01 
 1.128518877079697e-07  5.464106376389275e-01 
 1.128718877079697e-07  5.463257541405812e-01 
 1.128918877079697e-07  5.462408876075480e-01 
 1.129118877079697e-07  5.461560380364371e-01 
 1.129318877079697e-07  5.460712054238585e-01 
 1.129518877079697e-07  5.459863897664229e-01 
 1.129718877079696e-07  5.459015910607417e-01 
 1.129918877079696e-07  5.458168093034267e-01 
 1.130118877079696e-07  5.457320444910904e-01 
 1.130318877079696e-07  5.456472966203462e-01 
 1.130518877079696e-07  5.455625656878079e-01 
 1.130718877079696e-07  5.454778516900900e-01 
 1.130918877079696e-07  5.453931546238082e-01 
 1.131118877079696e-07  5.453084744855784e-01 
 1.131318877079696e-07  5.452238112720171e-01 
 1.131518877079696e-07  5.451391649797417e-01 
 1.131718877079696e-07  5.450545356053702e-01 
 1.131918877079696e-07  5.449699231455215e-01 
 1.132118877079696e-07  5.448853275968147e-01 
 1.132318877079696e-07  5.448007489558698e-01 
 1.132518877079696e-07  5.447161872193076e-01 
 1.132718877079696e-07  5.446316423837493e-01 
 1.132918877079696e-07  5.445471144458173e-01 
 1.133118877079696e-07  5.444626034021343e-01 
 1.133318877079696e-07  5.443781092493236e-01 
 1.133518877079696e-07  5.442936319840096e-01 
 1.133718877079696e-07  5.442091716028167e-01 
 1.133918877079696e-07  5.441247281023703e-01 
 1.134118877079696e-07  5.440403014792966e-01 
 1.134318877079696e-07  5.439558917302225e-01 
 1.134518877079696e-07  5.438714988517757e-01 
 1.134718877079696e-07  5.437871228405838e-01 
 1.134918877079695e-07  5.437027636932761e-01 
 1.135118877079695e-07  5.436184214064818e-01 
 1.135318877079695e-07  5.435340959768310e-01 
 1.135518877079695e-07  5.434497874009547e-01 
 1.135718877079695e-07  5.433654956754845e-01 
 1.135918877079695e-07  5.432812207970523e-01 
 1.136118877079695e-07  5.431969627622911e-01 
 1.136318877079695e-07  5.431127215678345e-01 
 1.136518877079695e-07  5.430284972103167e-01 
 1.136718877079695e-07  5.429442896863721e-01 
 1.136918877079695e-07  5.428600989926368e-01 
 1.137118877079695e-07  5.427759251257468e-01 
 1.137318877079695e-07  5.426917680823393e-01 
 1.137518877079695e-07  5.426076278590517e-01 
 1.137718877079695e-07  5.425235044525221e-01 
 1.137918877079695e-07  5.424393978593893e-01 
 1.138118877079695e-07  5.423553080762930e-01 
 1.138318877079695e-07  5.422712350998735e-01 
 1.138518877079695e-07  5.421871789267718e-01 
 1.138718877079695e-07  5.421031395536292e-01 
 1.138918877079695e-07  5.420191169770880e-01 
 1.139118877079695e-07  5.419351111937913e-01 
 1.139318877079695e-07  5.418511222003828e-01 
 1.139518877079695e-07  5.417671499935067e-01 
 1.139718877079695e-07  5.416831945698081e-01 
 1.139918877079695e-07  5.415992559259322e-01 
 1.140118877079694e-07  5.415153340585251e-01 
 1.140318877079694e-07  5.414314289642342e-01 
 1.140518877079694e-07  5.413475406397074e-01 
 1.140718877079694e-07  5.412636690815925e-01 
 1.140918877079694e-07  5.411798142865389e-01 
 1.141118877079694e-07  5.410959762511958e-01 
 1.141318877079694e-07  5.410121549722137e-01 
 1.141518877079694e-07  5.409283504462434e-01 
 1.141718877079694e-07  5.408445626699369e-01 
 1.141918877079694e-07  5.407607916399462e-01 
 1.142118877079694e-07  5.406770373529245e-01 
 1.142318877079694e-07  5.405932998055255e-01 
 1.142518877079694e-07  5.405095789944034e-01 
 1.142718877079694e-07  5.404258749162133e-01 
 1.142918877079694e-07  5.403421875676108e-01 
 1.143118877079694e-07  5.402585169452518e-01 
 1.143318877079694e-07  5.401748630457937e-01 
 1.143518877079694e-07  5.400912258658943e-01 
 1.143718877079694e-07  5.400076054022119e-01 
 1.143918877079694e-07  5.399240016514054e-01 
 1.144118877079694e-07  5.398404146101342e-01 
 1.144318877079694e-07  5.397568442750588e-01 
 1.144518877079694e-07  5.396732906428402e-01 
 1.144718877079694e-07  5.395897537101402e-01 
 1.144918877079694e-07  5.395062334736211e-01 
 1.145118877079694e-07  5.394227299299459e-01 
 1.145318877079694e-07  5.393392430757782e-01 
 1.145518877079693e-07  5.392557729077825e-01 
 1.145718877079693e-07  5.391723194226236e-01 
 1.145918877079693e-07  5.390888826169673e-01 
 1.146118877079693e-07  5.390054624874798e-01 
 1.146318877079693e-07  5.389220590308283e-01 
 1.146518877079693e-07  5.388386722436803e-01 
 1.146718877079693e-07  5.387553021227043e-01 
 1.146918877079693e-07  5.386719486645691e-01 
 1.147118877079693e-07  5.385886118659443e-01 
 1.147318877079693e-07  5.385052917235005e-01 
 1.147518877079693e-07  5.384219882339087e-01 
 1.147718877079693e-07  5.383387013938405e-01 
 1.147918877079693e-07  5.382554311999681e-01 
 1.148118877079693e-07  5.381721776489646e-01 
 1.148318877079693e-07  5.380889407375039e-01 
 1.148518877079693e-07  5.380057204622601e-01 
 1.148718877079693e-07  5.379225168199082e-01 
 1.148918877079693e-07  5.378393298071236e-01 
 1.149118877079693e-07  5.377561594205829e-01 
 1.149318877079693e-07  5.376730056569630e-01 
 1.149518877079693e-07  5.375898685129418e-01 
 1.149718877079693e-07  5.375067479851973e-01 
 1.149918877079693e-07  5.374236440704084e-01 
 1.150118877079693e-07  5.373405567652549e-01 
 1.150318877079693e-07  5.372574860664171e-01 
 1.150518877079693e-07  5.371744319705759e-01 
 1.150718877079692e-07  5.370913944744129e-01 
 1.150918877079692e-07  5.370083735746105e-01 
 1.151118877079692e-07  5.369253692678517e-01 
 1.151318877079692e-07  5.368423815508200e-01 
 1.151518877079692e-07  5.367594104201997e-01 
 1.151718877079692e-07  5.366764558726759e-01 
 1.151918877079692e-07  5.365935179049340e-01 
 1.152118877079692e-07  5.365105965136604e-01 
 1.152318877079692e-07  5.364276916955421e-01 
 1.152518877079692e-07  5.363448034472664e-01 
 1.152718877079692e-07  5.362619317655217e-01 
 1.152918877079692e-07  5.361790766469970e-01 
 1.153118877079692e-07  5.360962380883819e-01 
 1.153318877079692e-07  5.360134160863668e-01 
 1.153518877079692e-07  5.359306106376421e-01 
 1.153718877079692e-07  5.358478217388997e-01 
 1.153918877079692e-07  5.357650493868318e-01 
 1.154118877079692e-07  5.356822935781312e-01 
 1.154318877079692e-07  5.355995543094916e-01 
 1.154518877079692e-07  5.355168315776070e-01 
 1.154718877079692e-07  5.354341253791723e-01 
 1.154918877079692e-07  5.353514357108834e-01 
 1.155118877079692e-07  5.352687625694361e-01 
 1.155318877079692e-07  5.351861059515273e-01 
 1.155518877079692e-07  5.351034658538545e-01 
 1.155718877079692e-07  5.350208422731160e-01 
 1.155918877079691e-07  5.349382352060105e-01 
 1.156118877079691e-07  5.348556446492375e-01 
 1.156318877079691e-07  5.347730705994972e-01 
 1.156518877079691e-07  5.346905130534902e-01 
 1.156718877079691e-07  5.346079720079185e-01 
 1.156918877079691e-07  5.345254474594839e-01 
 1.157118877079691e-07  5.344429394048891e-01 
 1.157318877079691e-07  5.343604478408375e-01 
 1.157518877079691e-07  5.342779727640333e-01 
 1.157718877079691e-07  5.341955141711815e-01 
 1.157918877079691e-07  5.341130720589873e-01 
 1.158118877079691e-07  5.340306464241564e-01 
 1.158318877079691e-07  5.339482372633959e-01 
 1.158518877079691e-07  5.338658445734132e-01 
 1.158718877079691e-07  5.337834683509165e-01 
 1.158918877079691e-07  5.337011085926144e-01 
 1.159118877079691e-07  5.336187652952163e-01 
 1.159318877079691e-07  5.335364384554324e-01 
 1.159518877079691e-07  5.334541280699732e-01 
 1.159718877079691e-07  5.333718341355499e-01 
 1.159918877079691e-07  5.332895566488746e-01 
 1.160118877079691e-07  5.332072956066597e-01 
 1.160318877079691e-07  5.331250510056188e-01 
 1.160518877079691e-07  5.330428228424660e-01 
 1.160718877079691e-07  5.329606111139157e-01 
 1.160918877079691e-07  5.328784158166833e-01 
 1.161118877079691e-07  5.327962369474848e-01 
 1.161318877079690e-07  5.327140745030368e-01 
 1.161518877079690e-07  5.326319284800562e-01 
 1.161718877079690e-07  5.325497988752612e-01 
 1.161918877079690e-07  5.324676856853705e-01 
 1.162118877079690e-07  5.323855889071033e-01 
 1.162318877079690e-07  5.323035085371791e-01 
 1.162518877079690e-07  5.322214445723187e-01 
 1.162718877079690e-07  5.321393970092433e-01 
 1.162918877079690e-07  5.320573658446749e-01 
 1.163118877079690e-07  5.319753510753358e-01 
 1.163318877079690e-07  5.318933526979489e-01 
 1.163518877079690e-07  5.318113707092381e-01 
 1.163718877079690e-07  5.317294051059280e-01 
 1.163918877079690e-07  5.316474558847439e-01 
 1.164118877079690e-07  5.315655230424117e-01 
 1.164318877079690e-07  5.314836065756574e-01 
 1.164518877079690e-07  5.314017064812082e-01 
 1.164718877079690e-07  5.313198227557918e-01 
 1.164918877079690e-07  5.312379553961367e-01 
 1.165118877079690e-07  5.311561043989721e-01 
 1.165318877079690e-07  5.310742697610273e-01 
 1.165518877079690e-07  5.309924514790331e-01 
 1.165718877079690e-07  5.309106495497200e-01 
 1.165918877079690e-07  5.308288639698200e-01 
 1.166118877079690e-07  5.307470947360653e-01 
 1.166318877079690e-07  5.306653418451889e-01 
 1.166518877079689e-07  5.305836052939243e-01 
 1.166718877079689e-07  5.305018850790060e-01 
 1.166918877079689e-07  5.304201811971687e-01 
 1.167118877079689e-07  5.303384936451482e-01 
 1.167318877079689e-07  5.302568224196805e-01 
 1.167518877079689e-07  5.301751675175027e-01 
 1.167718877079689e-07  5.300935289353521e-01 
 1.167918877079689e-07  5.300119066699670e-01 
 1.168118877079689e-07  5.299303007180863e-01 
 1.168318877079689e-07  5.298487110764494e-01 
 1.168518877079689e-07  5.297671377417965e-01 
 1.168718877079689e-07  5.296855807108684e-01 
 1.168918877079689e-07  5.296040399804064e-01 
 1.169118877079689e-07  5.295225155471526e-01 
 1.169318877079689e-07  5.294410074078498e-01 
 1.169518877079689e-07  5.293595155592414e-01 
 1.169718877079689e-07  5.292780399980717e-01 
 1.169918877079689e-07  5.291965807210850e-01 
 1.170118877079689e-07  5.291151377250269e-01 
 1.170318877079689e-07  5.290337110066435e-01 
 1.170518877079689e-07  5.289523005626812e-01 
 1.170718877079689e-07  5.288709063898872e-01 
 1.170918877079689e-07  5.287895284850099e-01 
 1.171118877079689e-07  5.287081668447978e-01 
 1.171318877079689e-07  5.286268214659998e-01 
 1.171518877079689e-07  5.285454923453661e-01 
 1.171718877079689e-07  5.284641794796471e-01 
 1.171918877079688e-07  5.283828828655939e-01 
 1.172118877079688e-07  5.283016024999584e-01 
 1.172318877079688e-07  5.282203383794931e-01 
 1.172518877079688e-07  5.281390905009512e-01 
 1.172718877079688e-07  5.280578588610866e-01 
 1.172918877079688e-07  5.279766434566535e-01 
 1.173118877079688e-07  5.278954442844073e-01 
 1.173318877079688e-07  5.278142613411033e-01 
 1.173518877079688e-07  5.277330946234983e-01 
 1.173718877079688e-07  5.276519441283493e-01 
 1.173918877079688e-07  5.275708098524140e-01 
 1.174118877079688e-07  5.274896917924505e-01 
 1.174318877079688e-07  5.274085899452182e-01 
 1.174518877079688e-07  5.273275043074767e-01 
 1.174718877079688e-07  5.272464348759857e-01 
 1.174918877079688e-07  5.271653816475064e-01 
 1.175118877079688e-07  5.270843446188004e-01 
 1.175318877079688e-07  5.270033237866297e-01 
 1.175518877079688e-07  5.269223191477576e-01 
 1.175718877079688e-07  5.268413306989473e-01 
 1.175918877079688e-07  5.267603584369631e-01 
 1.176118877079688e-07  5.266794023585699e-01 
 1.176318877079688e-07  5.265984624605331e-01 
 1.176518877079688e-07  5.265175387396186e-01 
 1.176718877079688e-07  5.264366311925934e-01 
 1.176918877079688e-07  5.263557398162250e-01 
 1.177118877079687e-07  5.262748646072808e-01 
 1.177318877079687e-07  5.261940055625300e-01 
 1.177518877079687e-07  5.261131626787419e-01 
 1.177718877079687e-07  5.260323359526863e-01 
 1.177918877079687e-07  5.259515253811338e-01 
 1.178118877079687e-07  5.258707309608558e-01 
 1.178318877079687e-07  5.257899526886244e-01 
 1.178518877079687e-07  5.257091905612118e-01 
 1.178718877079687e-07  5.256284445753915e-01 
 1.178918877079687e-07  5.255477147279373e-01 
 1.179118877079687e-07  5.254670010156234e-01 
 1.179318877079687e-07  5.253863034352251e-01 
 1.179518877079687e-07  5.253056219835184e-01 
 1.179718877079687e-07  5.252249566572795e-01 
 1.179918877079687e-07  5.251443074532856e-01 
 1.180118877079687e-07  5.250636743683141e-01 
 1.180318877079687e-07  5.249830573991436e-01 
 1.180518877079687e-07  5.249024565425532e-01 
 1.180718877079687e-07  5.248218717953224e-01 
 1.180918877079687e-07  5.247413031542314e-01 
 1.181118877079687e-07  5.246607506160614e-01 
 1.181318877079687e-07  5.245802141775938e-01 
 1.181518877079687e-07  5.244996938356109e-01 
 1.181718877079687e-07  5.244191895868956e-01 
 1.181918877079687e-07  5.243387014282311e-01 
 1.182118877079687e-07  5.242582293564021e-01 
 1.182318877079686e-07  5.241777733681928e-01 
 1.182518877079686e-07  5.240973334603890e-01 
 1.182718877079686e-07  5.240169096297768e-01 
 1.182918877079686e-07  5.239365018731426e-01 
 1.183118877079686e-07  5.238561101872738e-01 
 1.183318877079686e-07  5.237757345689588e-01 
 1.183518877079686e-07  5.236953750149860e-01 
 1.183718877079686e-07  5.236150315221446e-01 
 1.183918877079686e-07  5.235347040872250e-01 
 1.184118877079686e-07  5.234543927070172e-01 
 1.184318877079686e-07  5.233740973783125e-01 
 1.184518877079686e-07  5.232938180979028e-01 
 1.184718877079686e-07  5.232135548625806e-01 
 1.184918877079686e-07  5.231333076691393e-01 
 1.185118877079686e-07  5.230530765143725e-01 
 1.185318877079686e-07  5.229728613950745e-01 
 1.185518877079686e-07  5.228926623080405e-01 
 1.185718877079686e-07  5.228124792500661e-01 
 1.185918877079686e-07  5.227323122179477e-01 
 1.186118877079686e-07  5.226521612084825e-01 
 1.186318877079686e-07  5.225720262184677e-01 
 1.186518877079686e-07  5.224919072447017e-01 
 1.186718877079686e-07  5.224118042839836e-01 
 1.186918877079686e-07  5.223317173331127e-01 
 1.187118877079686e-07  5.222516463888892e-01 
 1.187318877079686e-07  5.221715914481140e-01 
 1.187518877079686e-07  5.220915525075885e-01 
 1.187718877079685e-07  5.220115295641149e-01 
 1.187918877079685e-07  5.219315226144958e-01 
 1.188118877079685e-07  5.218515316555346e-01 
 1.188318877079685e-07  5.217715566840353e-01 
 1.188518877079685e-07  5.216915976968026e-01 
 1.188718877079685e-07  5.216116546906419e-01 
 1.188918877079685e-07  5.215317276623590e-01 
 1.189118877079685e-07  5.214518166087604e-01 
 1.189318877079685e-07  5.213719215266535e-01 
 1.189518877079685e-07  5.212920424128461e-01 
 1.189718877079685e-07  5.212121792641464e-01 
 1.189918877079685e-07  5.211323320773640e-01 
 1.190118877079685e-07  5.210525008493082e-01 
 1.190318877079685e-07  5.209726855767897e-01 
 1.190518877079685e-07  5.208928862566192e-01 
 1.190718877079685e-07  5.208131028856088e-01 
 1.190918877079685e-07  5.207333354605708e-01 
 1.191118877079685e-07  5.206535839783178e-01 
 1.191318877079685e-07  5.205738484356637e-01 
 1.191518877079685e-07  5.204941288294225e-01 
 1.191718877079685e-07  5.204144251564089e-01 
 1.191918877079685e-07  5.203347374134387e-01 
 1.192118877079685e-07  5.202550655973281e-01 
 1.192318877079685e-07  5.201754097048937e-01 
 1.192518877079685e-07  5.200957697329528e-01 
 1.192718877079685e-07  5.200161456783235e-01 
 1.192918877079684e-07  5.199365375378247e-01 
 1.193118877079684e-07  5.198569453082754e-01 
 1.193318877079684e-07  5.197773689864958e-01 
 1.193518877079684e-07  5.196978085693064e-01 
 1.193718877079684e-07  5.196182640535282e-01 
 1.193918877079684e-07  5.195387354359833e-01 
 1.194118877079684e-07  5.194592227134940e-01 
 1.194318877079684e-07  5.193797258828837e-01 
 1.194518877079684e-07  5.193002449409762e-01 
 1.194718877079684e-07  5.192207798845955e-01 
 1.194918877079684e-07  5.191413307105667e-01 
 1.195118877079684e-07  5.190618974157157e-01 
 1.195318877079684e-07  5.189824799968686e-01 
 1.195518877079684e-07  5.189030784508523e-01 
 1.195718877079684e-07  5.188236927744944e-01 
 1.195918877079684e-07  5.187443229646234e-01 
 1.196118877079684e-07  5.186649690180679e-01 
 1.196318877079684e-07  5.185856309316573e-01 
 1.196518877079684e-07  5.185063087022219e-01 
 1.196718877079684e-07  5.184270023265922e-01 
 1.196918877079684e-07  5.183477118015996e-01 
 1.197118877079684e-07  5.182684371240761e-01 
 1.197318877079684e-07  5.181891782908544e-01 
 1.197518877079684e-07  5.181099352987679e-01 
 1.197718877079684e-07  5.180307081446505e-01 
 1.197918877079684e-07  5.179514968253364e-01 
 1.198118877079683e-07  5.178723013376606e-01 
 1.198318877079683e-07  5.177931216784594e-01 
 1.198518877079683e-07  5.177139578445689e-01 
 1.198718877079683e-07  5.176348098328263e-01 
 1.198918877079683e-07  5.175556776400694e-01 
 1.199118877079683e-07  5.174765612631367e-01 
 1.199318877079683e-07  5.173974606988667e-01 
 1.199518877079683e-07  5.173183759440991e-01 
 1.199718877079683e-07  5.172393069956743e-01 
 1.199918877079683e-07  5.171602538504332e-01 
 1.200118877079683e-07  5.170812165052172e-01 
 1.200318877079683e-07  5.170021949568683e-01 
 1.200518877079683e-07  5.169231892022295e-01 
 1.200718877079683e-07  5.168441992381438e-01 
 1.200918877079683e-07  5.167652250614553e-01 
 1.201118877079683e-07  5.166862666690089e-01 
 1.201318877079683e-07  5.166073240576495e-01 
 1.201518877079683e-07  5.165283972242235e-01 
 1.201718877079683e-07  5.164494861655770e-01 
 1.201918877079683e-07  5.163705908785571e-01 
 1.202118877079683e-07  5.162917113600120e-01 
 1.202318877079683e-07  5.162128476067898e-01 
 1.202518877079683e-07  5.161339996157397e-01 
 1.202718877079683e-07  5.160551673837113e-01 
 1.202918877079683e-07  5.159763509075550e-01 
 1.203118877079683e-07  5.158975501841218e-01 
 1.203318877079683e-07  5.158187652102630e-01 
 1.203518877079682e-07  5.157399959828312e-01 
 1.203718877079682e-07  5.156612424986790e-01 
 1.203918877079682e-07  5.155825047546598e-01 
 1.204118877079682e-07  5.155037827476278e-01 
 1.204318877079682e-07  5.154250764744372e-01 
 1.204518877079682e-07  5.153463859319440e-01 
 1.204718877079682e-07  5.152677111170039e-01 
 1.204918877079682e-07  5.151890520264736e-01 
 1.205118877079682e-07  5.151104086572101e-01 
 1.205318877079682e-07  5.150317810060715e-01 
 1.205518877079682e-07  5.149531690699163e-01 
 1.205718877079682e-07  5.148745728456036e-01 
 1.205918877079682e-07  5.147959923299930e-01 
 1.206118877079682e-07  5.147174275199449e-01 
 1.206318877079682e-07  5.146388784123204e-01 
 1.206518877079682e-07  5.145603450039811e-01 
 1.206718877079682e-07  5.144818272917893e-01 
 1.206918877079682e-07  5.144033252726079e-01 
 1.207118877079682e-07  5.143248389433003e-01 
 1.207318877079682e-07  5.142463683007304e-01 
 1.207518877079682e-07  5.141679133417633e-01 
 1.207718877079682e-07  5.140894740632641e-01 
 1.207918877079682e-07  5.140110504620992e-01 
 1.208118877079682e-07  5.139326425351349e-01 
 1.208318877079682e-07  5.138542502792388e-01 
 1.208518877079682e-07  5.137758736912785e-01 
 1.208718877079681e-07  5.136975127681226e-01 
 1.208918877079681e-07  5.136191675066401e-01 
 1.209118877079681e-07  5.135408379037008e-01 
 1.209318877079681e-07  5.134625239561752e-01 
 1.209518877079681e-07  5.133842256609343e-01 
 1.209718877079681e-07  5.133059430148500e-01 
 1.209918877079681e-07  5.132276760147941e-01 
 1.210118877079681e-07  5.131494246576398e-01 
 1.210318877079681e-07  5.130711889402605e-01 
 1.210518877079681e-07  5.129929688595304e-01 
 1.210718877079681e-07  5.129147644123241e-01 
 1.210918877079681e-07  5.128365755955171e-01 
 1.211118877079681e-07  5.127584024059857e-01 
 1.211318877079681e-07  5.126802448406063e-01 
 1.211518877079681e-07  5.126021028962561e-01 
 1.211718877079681e-07  5.125239765698129e-01 
 1.211918877079681e-07  5.124458658581553e-01 
 1.212118877079681e-07  5.123677707581628e-01 
 1.212318877079681e-07  5.122896912667148e-01 
 1.212518877079681e-07  5.122116273806915e-01 
 1.212718877079681e-07  5.121335790969743e-01 
 1.212918877079681e-07  5.120555464124446e-01 
 1.213118877079681e-07  5.119775293239847e-01 
 1.213318877079681e-07  5.118995278284776e-01 
 1.213518877079681e-07  5.118215419228066e-01 
 1.213718877079681e-07  5.117435716038561e-01 
 1.213918877079681e-07  5.116656168685106e-01 
 1.214118877079680e-07  5.115876777136555e-01 
 1.214318877079680e-07  5.115097541361769e-01 
 1.214518877079680e-07  5.114318461329614e-01 
 1.214718877079680e-07  5.113539537008963e-01 
 1.214918877079680e-07  5.112760768368694e-01 
 1.215118877079680e-07  5.111982155377690e-01 
 1.215318877079680e-07  5.111203698004845e-01 
 1.215518877079680e-07  5.110425396219056e-01 
 1.215718877079680e-07  5.109647249989222e-01 
 1.215918877079680e-07  5.108869259284257e-01 
 1.216118877079680e-07  5.108091424073077e-01 
 1.216318877079680e-07  5.107313744324603e-01 
 1.216518877079680e-07  5.106536220007762e-01 
 1.216718877079680e-07  5.105758851091491e-01 
 1.216918877079680e-07  5.104981637544729e-01 
 1.217118877079680e-07  5.104204579336423e-01 
 1.217318877079680e-07  5.103427676435528e-01 
 1.217518877079680e-07  5.102650928811001e-01 
 1.217718877079680e-07  5.101874336431808e-01 
 1.217918877079680e-07  5.101097899266921e-01 
 1.218118877079680e-07  5.100321617285321e-01 
 1.218318877079680e-07  5.099545490455988e-01 
 1.218518877079680e-07  5.098769518747911e-01 
 1.218718877079680e-07  5.097993702130091e-01 
 1.218918877079680e-07  5.097218040571528e-01 
 1.219118877079680e-07  5.096442534041232e-01 
 1.219318877079679e-07  5.095667182508221e-01 
 1.219518877079679e-07  5.094891985941513e-01 
 1.219718877079679e-07  5.094116944310138e-01 
 1.219918877079679e-07  5.093342057583125e-01 
 1.220118877079679e-07  5.092567325729516e-01 
 1.220318877079679e-07  5.091792748718358e-01 
 1.220518877079679e-07  5.091018326518705e-01 
 1.220718877079679e-07  5.090244059099612e-01 
 1.220918877079679e-07  5.089469946430145e-01 
 1.221118877079679e-07  5.088695988479376e-01 
 1.221318877079679e-07  5.087922185216380e-01 
 1.221518877079679e-07  5.087148536610242e-01 
 1.221718877079679e-07  5.086375042630050e-01 
 1.221918877079679e-07  5.085601703244902e-01 
 1.222118877079679e-07  5.084828518423895e-01 
 1.222318877079679e-07  5.084055488136141e-01 
 1.222518877079679e-07  5.083282612350752e-01 
 1.222718877079679e-07  5.082509891036853e-01 
 1.222918877079679e-07  5.081737324163565e-01 
 1.223118877079679e-07  5.080964911700023e-01 
 1.223318877079679e-07  5.080192653615364e-01 
 1.223518877079679e-07  5.079420549878734e-01 
 1.223718877079679e-07  5.078648600459285e-01 
 1.223918877079679e-07  5.077876805326174e-01 
 1.224118877079679e-07  5.077105164448562e-01 
 1.224318877079679e-07  5.076333677795620e-01 
 1.224518877079678e-07  5.075562345336524e-01 
 1.224718877079678e-07  5.074791167040458e-01 
 1.224918877079678e-07  5.074020142876607e-01 
 1.225118877079678e-07  5.073249272814165e-01 
 1.225318877079678e-07  5.072478556822335e-01 
 1.225518877079678e-07  5.071707994870321e-01 
 1.225718877079678e-07  5.070937586927339e-01 
 1.225918877079678e-07  5.070167332962607e-01 
 1.226118877079678e-07  5.069397232945347e-01 
 1.226318877079678e-07  5.068627286844792e-01 
 1.226518877079678e-07  5.067857494630180e-01 
 1.226718877079678e-07  5.067087856270753e-01 
 1.226918877079678e-07  5.066318371735764e-01 
 1.227118877079678e-07  5.065549040994466e-01 
 1.227318877079678e-07  5.064779864016120e-01 
 1.227518877079678e-07  5.064010840769997e-01 
 1.227718877079678e-07  5.063241971225367e-01 
 1.227918877079678e-07  5.062473255351512e-01 
 1.228118877079678e-07  5.061704693117719e-01 
 1.228318877079678e-07  5.060936284493281e-01 
 1.228518877079678e-07  5.060168029447497e-01 
 1.228718877079678e-07  5.059399927949672e-01 
 1.228918877079678e-07  5.058631979969115e-01 
 1.229118877079678e-07  5.057864185475146e-01 
 1.229318877079678e-07  5.057096544437085e-01 
 1.229518877079678e-07  5.056329056824265e-01 
 1.229718877079678e-07  5.055561722606019e-01 
 1.229918877079677e-07  5.054794541751690e-01 
 1.230118877079677e-07  5.054027514230627e-01 
 1.230318877079677e-07  5.053260640012180e-01 
 1.230518877079677e-07  5.052493919065714e-01 
 1.230718877079677e-07  5.051727351360591e-01 
 1.230918877079677e-07  5.050960936866183e-01 
 1.231118877079677e-07  5.050194675551870e-01 
 1.231318877079677e-07  5.049428567387038e-01 
 1.231518877079677e-07  5.048662612341077e-01 
 1.231718877079677e-07  5.047896810383382e-01 
 1.231918877079677e-07  5.047131161483357e-01 
 1.232118877079677e-07  5.046365665610411e-01 
 1.232318877079677e-07  5.045600322733960e-01 
 1.232518877079677e-07  5.044835132823422e-01 
 1.232718877079677e-07  5.044070095848227e-01 
 1.232918877079677e-07  5.043305211777807e-01 
 1.233118877079677e-07  5.042540480581603e-01 
 1.233318877079677e-07  5.041775902229060e-01 
 1.233518877079677e-07  5.041011476689631e-01 
 1.233718877079677e-07  5.040247203932771e-01 
 1.233918877079677e-07  5.039483083927948e-01 
 1.234118877079677e-07  5.038719116644630e-01 
 1.234318877079677e-07  5.037955302052292e-01 
 1.234518877079677e-07  5.037191640120418e-01 
 1.234718877079677e-07  5.036428130818497e-01 
 1.234918877079677e-07  5.035664774116021e-01 
 1.235118877079676e-07  5.034901569982492e-01 
 1.235318877079676e-07  5.034138518387417e-01 
 1.235518877079676e-07  5.033375619300307e-01 
 1.235718877079676e-07  5.032612872690683e-01 
 1.235918877079676e-07  5.031850278528069e-01 
 1.236118877079676e-07  5.031087836781999e-01 
 1.236318877079676e-07  5.030325547422005e-01 
 1.236518877079676e-07  5.029563410417632e-01 
 1.236718877079676e-07  5.028801425738433e-01 
 1.236918877079676e-07  5.028039593353958e-01 
 1.237118877079676e-07  5.027277913233771e-01 
 1.237318877079676e-07  5.026516385347440e-01 
 1.237518877079676e-07  5.025755009664539e-01 
 1.237718877079676e-07  5.024993786154647e-01 
 1.237918877079676e-07  5.024232714787350e-01 
 1.238118877079676e-07  5.023471795532241e-01 
 1.238318877079676e-07  5.022711028358913e-01 
 1.238518877079676e-07  5.021950413236973e-01 
 1.238718877079676e-07  5.021189950136032e-01 
 1.238918877079676e-07  5.020429639025706e-01 
 1.239118877079676e-07  5.019669479875618e-01 
 1.239318877079676e-07  5.018909472655396e-01 
 1.239518877079676e-07  5.018149617334674e-01 
 1.239718877079676e-07  5.017389913883092e-01 
 1.239918877079676e-07  5.016630362270298e-01 
 1.240118877079676e-07  5.015870962465943e-01 
 1.240318877079676e-07  5.015111714439687e-01 
 1.240518877079675e-07  5.014352618161195e-01 
 1.240718877079675e-07  5.013593673600136e-01 
 1.240918877079675e-07  5.012834880726187e-01 
 1.241118877079675e-07  5.012076239509032e-01 
 1.241318877079675e-07  5.011317749918360e-01 
 1.241518877079675e-07  5.010559411923867e-01 
 1.241718877079675e-07  5.009801225495252e-01 
 1.241918877079675e-07  5.009043190602221e-01 
 1.242118877079675e-07  5.008285307214490e-01 
 1.242318877079675e-07  5.007527575301776e-01 
 1.242518877079675e-07  5.006769994833807e-01 
 1.242718877079675e-07  5.006012565780313e-01 
 1.242918877079675e-07  5.005255288111031e-01 
 1.243118877079675e-07  5.004498161795705e-01 
 1.243318877079675e-07  5.003741186804087e-01 
 1.243518877079675e-07  5.002984363105928e-01 
 1.243718877079675e-07  5.002227690670989e-01 
 1.243918877079675e-07  5.001471169469044e-01 
 1.244118877079675e-07  5.000714799469864e-01 
 1.244318877079675e-07  4.999958580643227e-01 
 1.244518877079675e-07  4.999202512958920e-01 
 1.244718877079675e-07  4.998446596386734e-01 
 1.244918877079675e-07  4.997690830896466e-01 
 1.245118877079675e-07  4.996935216457922e-01 
 1.245318877079675e-07  4.996179753040911e-01 
 1.245518877079675e-07  4.995424440615248e-01 
 1.245718877079674e-07  4.994669279150757e-01 
 1.245918877079674e-07  4.993914268617265e-01 
 1.246118877079674e-07  4.993159408984605e-01 
 1.246318877079674e-07  4.992404700222619e-01 
 1.246518877079674e-07  4.991650142301151e-01 
 1.246718877079674e-07  4.990895735190056e-01 
 1.246918877079674e-07  4.990141478859191e-01 
 1.247118877079674e-07  4.989387373278421e-01 
 1.247318877079674e-07  4.988633418417613e-01 
 1.247518877079674e-07  4.987879614246645e-01 
 1.247718877079674e-07  4.987125960735400e-01 
 1.247918877079674e-07  4.986372457853766e-01 
 1.248118877079674e-07  4.985619105571634e-01 
 1.248318877079674e-07  4.984865903858909e-01 
 1.248518877079674e-07  4.984112852685497e-01 
 1.248718877079674e-07  4.983359952021307e-01 
 1.248918877079674e-07  4.982607201836261e-01 
 1.249118877079674e-07  4.981854602100282e-01 
 1.249318877079674e-07  4.981102152783300e-01 
 1.249518877079674e-07  4.980349853855250e-01 
 1.249718877079674e-07  4.979597705286076e-01 
 1.249918877079674e-07  4.978845707045726e-01 
 1.250118877079674e-07  4.978093859104157e-01 
 1.250318877079674e-07  4.977342161431325e-01 
 1.250518877079674e-07  4.976590613997198e-01 
 1.250718877079674e-07  4.975839216771749e-01 
 1.250918877079673e-07  4.975087969724957e-01 
 1.251118877079673e-07  4.974336872826806e-01 
 1.251318877079673e-07  4.973585926047286e-01 
 1.251518877079673e-07  4.972835129356394e-01 
 1.251718877079673e-07  4.972084482724133e-01 
 1.251918877079673e-07  4.971333986120510e-01 
 1.252118877079673e-07  4.970583639515540e-01 
 1.252318877079673e-07  4.969833442879243e-01 
 1.252518877079673e-07  4.969083396181646e-01 
 1.252718877079673e-07  4.968333499392779e-01 
 1.252918877079673e-07  4.967583752482682e-01 
 1.253118877079673e-07  4.966834155421401e-01 
 1.253318877079673e-07  4.966084708178984e-01 
 1.253518877079673e-07  4.965335410725489e-01 
 1.253718877079673e-07  4.964586263030979e-01 
 1.253918877079673e-07  4.963837265065519e-01 
 1.254118877079673e-07  4.963088416799186e-01 
 1.254318877079673e-07  4.962339718202060e-01 
 1.254518877079673e-07  4.961591169244224e-01 
 1.254718877079673e-07  4.960842769895776e-01 
 1.254918877079673e-07  4.960094520126809e-01 
 1.255118877079673e-07  4.959346419907429e-01 
 1.255318877079673e-07  4.958598469207748e-01 
 1.255518877079673e-07  4.957850667997882e-01 
 1.255718877079673e-07  4.957103016247950e-01 
 1.255918877079673e-07  4.956355513928082e-01 
 1.256118877079673e-07  4.955608161008414e-01 
 1.256318877079672e-07  4.954860957459081e-01 
 1.256518877079672e-07  4.954113903250233e-01 
 1.256718877079672e-07  4.953366998352019e-01 
 1.256918877079672e-07  4.952620242734600e-01 
 1.257118877079672e-07  4.951873636368138e-01 
 1.257318877079672e-07  4.951127179222805e-01 
 1.257518877079672e-07  4.950380871268772e-01 
 1.257718877079672e-07  4.949634712476225e-01 
 1.257918877079672e-07  4.948888702815352e-01 
 1.258118877079672e-07  4.948142842256343e-01 
 1.258318877079672e-07  4.947397130769403e-01 
 1.258518877079672e-07  4.946651568324733e-01 
 1.258718877079672e-07  4.945906154892546e-01 
 1.258918877079672e-07  4.945160890443059e-01 
 1.259118877079672e-07  4.944415774946498e-01 
 1.259318877079672e-07  4.943670808373090e-01 
 1.259518877079672e-07  4.942925990693070e-01 
 1.259718877079672e-07  4.942181321876680e-01 
 1.259918877079672e-07  4.941436801894167e-01 
 1.260118877079672e-07  4.940692430715784e-01 
 1.260318877079672e-07  4.939948208311792e-01 
 1.260518877079672e-07  4.939204134652455e-01 
 1.260718877079672e-07  4.938460209708043e-01 
 1.260918877079672e-07  4.937716433448833e-01 
 1.261118877079672e-07  4.936972805845108e-01 
 1.261318877079672e-07  4.936229326867158e-01 
 1.261518877079671e-07  4.935485996485279e-01 
 1.261718877079671e-07  4.934742814669770e-01 
 1.261918877079671e-07  4.933999781390936e-01 
 1.262118877079671e-07  4.933256896619094e-01 
 1.262318877079671e-07  4.932514160324558e-01 
 1.262518877079671e-07  4.931771572477655e-01 
 1.262718877079671e-07  4.931029133048714e-01 
 1.262918877079671e-07  4.930286842008071e-01 
 1.263118877079671e-07  4.929544699326070e-01 
 1.263318877079671e-07  4.928802704973058e-01 
 1.263518877079671e-07  4.928060858919389e-01 
 1.263718877079671e-07  4.927319161135426e-01 
 1.263918877079671e-07  4.926577611591530e-01 
 1.264118877079671e-07  4.925836210258077e-01 
 1.264318877079671e-07  4.925094957105443e-01 
 1.264518877079671e-07  4.924353852104011e-01 
 1.264718877079671e-07  4.923612895224174e-01 
 1.264918877079671e-07  4.922872086436324e-01 
 1.265118877079671e-07  4.922131425710863e-01 
 1.265318877079671e-07  4.921390913018199e-01 
 1.265518877079671e-07  4.920650548328743e-01 
 1.265718877079671e-07  4.919910331612918e-01 
 1.265918877079671e-07  4.919170262841147e-01 
 1.266118877079671e-07  4.918430341983862e-01 
 1.266318877079671e-07  4.917690569011499e-01 
 1.266518877079671e-07  4.916950943894502e-01 
 1.266718877079670e-07  4.916211466603320e-01 
 1.266918877079670e-07  4.915472137108405e-01 
 1.267118877079670e-07  4.914732955380220e-01 
 1.267318877079670e-07  4.913993921389231e-01 
 1.267518877079670e-07  4.913255035105912e-01 
 1.267718877079670e-07  4.912516296500739e-01 
 1.267918877079670e-07  4.911777705544196e-01 
 1.268118877079670e-07  4.911039262206772e-01 
 1.268318877079670e-07  4.910300966458967e-01 
 1.268518877079670e-07  4.909562818271280e-01 
 1.268718877079670e-07  4.908824817614221e-01 
 1.268918877079670e-07  4.908086964458301e-01 
 1.269118877079670e-07  4.907349258774042e-01 
 1.269318877079670e-07  4.906611700531966e-01 
 1.269518877079670e-07  4.905874289702609e-01 
 1.269718877079670e-07  4.905137026256504e-01 
 1.269918877079670e-07  4.904399910164197e-01 
 1.270118877079670e-07  4.903662941396235e-01 
 1.270318877079670e-07  4.902926119923174e-01 
 1.270518877079670e-07  4.902189445715575e-01 
 1.270718877079670e-07  4.901452918744004e-01 
 1.270918877079670e-07  4.900716538979033e-01 
 1.271118877079670e-07  4.899980306391243e-01 
 1.271318877079670e-07  4.899244220951217e-01 
 1.271518877079670e-07  4.898508282629543e-01 
 1.271718877079670e-07  4.897772491396820e-01 
 1.271918877079670e-07  4.897036847223650e-01 
 1.272118877079669e-07  4.896301350080640e-01 
 1.272318877079669e-07  4.895565999938401e-01 
 1.272518877079669e-07  4.894830796767555e-01 
 1.272718877079669e-07  4.894095740538728e-01 
 1.272918877079669e-07  4.893360831222551e-01 
 1.273118877079669e-07  4.892626068789659e-01 
 1.273318877079669e-07  4.891891453210698e-01 
 1.273518877079669e-07  4.891156984456316e-01 
 1.273718877079669e-07  4.890422662497168e-01 
 1.273918877079669e-07  4.889688487303913e-01 
 1.274118877079669e-07  4.888954458847218e-01 
 1.274318877079669e-07  4.888220577097757e-01 
 1.274518877079669e-07  4.887486842026207e-01 
 1.274718877079669e-07  4.886753253603253e-01 
 1.274918877079669e-07  4.886019811799585e-01 
 1.275118877079669e-07  4.885286516585899e-01 
 1.275318877079669e-07  4.884553367932896e-01 
 1.275518877079669e-07  4.883820365811283e-01 
 1.275718877079669e-07  4.883087510191773e-01 
 1.275918877079669e-07  4.882354801045086e-01 
 1.276118877079669e-07  4.881622238341947e-01 
 1.276318877079669e-07  4.880889822053088e-01 
 1.276518877079669e-07  4.880157552149245e-01 
 1.276718877079669e-07  4.879425428601158e-01 
 1.276918877079669e-07  4.878693451379578e-01 
 1.277118877079669e-07  4.877961620455259e-01 
 1.277318877079668e-07  4.877229935798963e-01 
 1.277518877079668e-07  4.876498397381456e-01 
 1.277718877079668e-07  4.875767005173509e-01 
 1.277918877079668e-07  4.875035759145898e-01 
 1.278118877079668e-07  4.874304659269407e-01 
 1.278318877079668e-07  4.873573705514826e-01 
 1.278518877079668e-07  4.872842897852950e-01 
 1.278718877079668e-07  4.872112236254579e-01 
 1.278918877079668e-07  4.871381720690522e-01 
 1.279118877079668e-07  4.870651351131591e-01 
 1.279318877079668e-07  4.869921127548606e-01 
 1.279518877079668e-07  4.869191049912390e-01 
 1.279718877079668e-07  4.868461118193772e-01 
 1.279918877079668e-07  4.867731332363591e-01 
 1.280118877079668e-07  4.867001692392686e-01 
 1.280318877079668e-07  4.866272198251904e-01 
 1.280518877079668e-07  4.865542849912098e-01 
 1.280718877079668e-07  4.864813647344132e-01 
 1.280918877079668e-07  4.864084590518870e-01 
 1.281118877079668e-07  4.863355679407182e-01 
 1.281318877079668e-07  4.862626913979944e-01 
 1.281518877079668e-07  4.861898294208041e-01 
 1.281718877079668e-07  4.861169820062358e-01 
 1.281918877079668e-07  4.860441491513791e-01 
 1.282118877079668e-07  4.859713308533242e-01 
 1.282318877079668e-07  4.858985271091614e-01 
 1.282518877079668e-07  4.858257379159823e-01 
 1.282718877079667e-07  4.857529632708782e-01 
 1.282918877079667e-07  4.856802031709414e-01 
 1.283118877079667e-07  4.856074576132650e-01 
 1.283318877079667e-07  4.855347265949425e-01 
 1.283518877079667e-07  4.854620101130681e-01 
 1.283718877079667e-07  4.853893081647363e-01 
 1.283918877079667e-07  4.853166207470425e-01 
 1.284118877079667e-07  4.852439478570823e-01 
 1.284318877079667e-07  4.851712894919524e-01 
 1.284518877079667e-07  4.850986456487494e-01 
 1.284718877079667e-07  4.850260163245711e-01 
 1.284918877079667e-07  4.849534015165155e-01 
 1.285118877079667e-07  4.848808012216815e-01 
 1.285318877079667e-07  4.848082154371682e-01 
 1.285518877079667e-07  4.847356441600757e-01 
 1.285718877079667e-07  4.846630873875044e-01 
 1.285918877079667e-07  4.845905451165552e-01 
 1.286118877079667e-07  4.845180173443300e-01 
 1.286318877079667e-07  4.844455040679307e-01 
 1.286518877079667e-07  4.843730052844605e-01 
 1.286718877079667e-07  4.843005209910225e-01 
 1.286918877079667e-07  4.842280511847205e-01 
 1.287118877079667e-07  4.841555958626591e-01 
 1.287318877079667e-07  4.840831550219434e-01 
 1.287518877079667e-07  4.840107286596790e-01 
 1.287718877079667e-07  4.839383167729723e-01 
 1.287918877079666e-07  4.838659193589301e-01 
 1.288118877079666e-07  4.837935364146599e-01 
 1.288318877079666e-07  4.837211679372696e-01 
 1.288518877079666e-07  4.836488139238675e-01 
 1.288718877079666e-07  4.835764743715631e-01 
 1.288918877079666e-07  4.835041492774660e-01 
 1.289118877079666e-07  4.834318386386866e-01 
 1.289318877079666e-07  4.833595424523356e-01 
 1.289518877079666e-07  4.832872607155245e-01 
 1.289718877079666e-07  4.832149934253655e-01 
 1.289918877079666e-07  4.831427405789710e-01 
 1.290118877079666e-07  4.830705021734542e-01 
 1.290318877079666e-07  4.829982782059289e-01 
 1.290518877079666e-07  4.829260686735096e-01 
 1.290718877079666e-07  4.828538735733110e-01 
 1.290918877079666e-07  4.827816929024486e-01 
 1.291118877079666e-07  4.827095266580387e-01 
 1.291318877079666e-07  4.826373748371978e-01 
 1.291518877079666e-07  4.825652374370432e-01 
 1.291718877079666e-07  4.824931144546922e-01 
 1.291918877079666e-07  4.824210058872637e-01 
 1.292118877079666e-07  4.823489117318766e-01 
 1.292318877079666e-07  4.822768319856504e-01 
 1.292518877079666e-07  4.822047666457050e-01 
 1.292718877079666e-07  4.821327157091612e-01 
 1.292918877079666e-07  4.820606791731404e-01 
 1.293118877079665e-07  4.819886570347642e-01 
 1.293318877079665e-07  4.819166492911551e-01 
 1.293518877079665e-07  4.818446559394362e-01 
 1.293718877079665e-07  4.817726769767308e-01 
 1.293918877079665e-07  4.817007124001634e-01 
 1.294118877079665e-07  4.816287622068583e-01 
 1.294318877079665e-07  4.815568263939411e-01 
 1.294518877079665e-07  4.814849049585376e-01 
 1.294718877079665e-07  4.814129978977741e-01 
 1.294918877079665e-07  4.813411052087775e-01 
 1.295118877079665e-07  4.812692268886756e-01 
 1.295318877079665e-07  4.811973629345963e-01 
 1.295518877079665e-07  4.811255133436683e-01 
 1.295718877079665e-07  4.810536781130212e-01 
 1.295918877079665e-07  4.809818572397848e-01 
 1.296118877079665e-07  4.809100507210897e-01 
 1.296318877079665e-07  4.808382585540668e-01 
 1.296518877079665e-07  4.807664807358474e-01 
 1.296718877079665e-07  4.806947172635638e-01 
 1.296918877079665e-07  4.806229681343488e-01 
 1.297118877079665e-07  4.805512333453356e-01 
 1.297318877079665e-07  4.804795128936584e-01 
 1.297518877079665e-07  4.804078067764514e-01 
 1.297718877079665e-07  4.803361149908497e-01 
 1.297918877079665e-07  4.802644375339889e-01 
 1.298118877079665e-07  4.801927744030051e-01 
 1.298318877079665e-07  4.801211255950350e-01 
 1.298518877079664e-07  4.800494911072161e-01 
 1.298718877079664e-07  4.799778709366864e-01 
 1.298918877079664e-07  4.799062650805841e-01 
 1.299118877079664e-07  4.798346735360483e-01 
 1.299318877079664e-07  4.797630963002184e-01 
 1.299518877079664e-07  4.796915333702349e-01 
 1.299718877079664e-07  4.796199847432385e-01 
 1.299918877079664e-07  4.795484504163705e-01 
 1.300118877079664e-07  4.794769303867727e-01 
 1.300318877079664e-07  4.794054246515875e-01 
 1.300518877079664e-07  4.793339332079581e-01 
 1.300718877079664e-07  4.792624560530282e-01 
 1.300918877079664e-07  4.791909931839419e-01 
 1.301118877079664e-07  4.791195445978438e-01 
 1.301318877079664e-07  4.790481102918792e-01 
 1.301518877079664e-07  4.789766902631942e-01 
 1.301718877079664e-07  4.789052845089352e-01 
 1.301918877079664e-07  4.788338930262492e-01 
 1.302118877079664e-07  4.787625158122837e-01 
 1.302318877079664e-07  4.786911528641870e-01 
 1.302518877079664e-07  4.786198041791077e-01 
 1.302718877079664e-07  4.785484697541955e-01 
 1.302918877079664e-07  4.784771495865999e-01 
 1.303118877079664e-07  4.784058436734715e-01 
 1.303318877079664e-07  4.783345520119611e-01 
 1.303518877079664e-07  4.782632745992205e-01 
 1.303718877079663e-07  4.781920114324018e-01 
 1.303918877079663e-07  4.781207625086577e-01 
 1.304118877079663e-07  4.780495278251416e-01 
 1.304318877079663e-07  4.779783073790073e-01 
 1.304518877079663e-07  4.779071011674090e-01 
 1.304718877079663e-07  4.778359091875021e-01 
 1.304918877079663e-07  4.777647314364420e-01 
 1.305118877079663e-07  4.776935679113849e-01 
 1.305318877079663e-07  4.776224186094875e-01 
 1.305518877079663e-07  4.775512835279069e-01 
 1.305718877079663e-07  4.774801626638012e-01 
 1.305918877079663e-07  4.774090560143288e-01 
 1.306118877079663e-07  4.773379635766486e-01 
 1.306318877079663e-07  4.772668853479201e-01 
 1.306518877079663e-07  4.771958213253033e-01 
 1.306718877079663e-07  4.771247715059591e-01 
 1.306918877079663e-07  4.770537358870487e-01 
 1.307118877079663e-07  4.769827144657339e-01 
 1.307318877079663e-07  4.769117072391770e-01 
 1.307518877079663e-07  4.768407142045409e-01 
 1.307718877079663e-07  4.767697353589893e-01 
 1.307918877079663e-07  4.766987706996861e-01 
 1.308118877079663e-07  4.766278202237962e-01 
 1.308318877079663e-07  4.765568839284846e-01 
 1.308518877079663e-07  4.764859618109172e-01 
 1.308718877079663e-07  4.764150538682605e-01 
 1.308918877079662e-07  4.763441600976814e-01 
 1.309118877079662e-07  4.762732804963470e-01 
 1.309318877079662e-07  4.762024150614257e-01 
 1.309518877079662e-07  4.761315637900862e-01 
 1.309718877079662e-07  4.760607266794974e-01 
 1.309918877079662e-07  4.759899037268290e-01 
 1.310118877079662e-07  4.759190949292515e-01 
 1.310318877079662e-07  4.758483002839359e-01 
 1.310518877079662e-07  4.757775197880534e-01 
 1.310718877079662e-07  4.757067534387761e-01 
 1.310918877079662e-07  4.756360012332767e-01 
 1.311118877079662e-07  4.755652631687282e-01 
 1.311318877079662e-07  4.754945392423041e-01 
 1.311518877079662e-07  4.754238294511791e-01 
 1.311718877079662e-07  4.753531337925280e-01 
 1.311918877079662e-07  4.752824522635259e-01 
 1.312118877079662e-07  4.752117848613488e-01 
 1.312318877079662e-07  4.751411315831734e-01 
 1.312518877079662e-07  4.750704924261769e-01 
 1.312718877079662e-07  4.749998673875367e-01 
 1.312918877079662e-07  4.749292564644312e-01 
 1.313118877079662e-07  4.748586596540393e-01 
 1.313318877079662e-07  4.747880769535400e-01 
 1.313518877079662e-07  4.747175083601131e-01 
 1.313718877079662e-07  4.746469538709395e-01 
 1.313918877079662e-07  4.745764134832002e-01 
 1.314118877079662e-07  4.745058871940767e-01 
 1.314318877079661e-07  4.744353750007511e-01 
 1.314518877079661e-07  4.743648769004064e-01 
 1.314718877079661e-07  4.742943928902255e-01 
 1.314918877079661e-07  4.742239229673923e-01 
 1.315118877079661e-07  4.741534671290916e-01 
 1.315318877079661e-07  4.740830253725081e-01 
 1.315518877079661e-07  4.740125976948275e-01 
 1.315718877079661e-07  4.739421840932359e-01 
 1.315918877079661e-07  4.738717845649198e-01 
 1.316118877079661e-07  4.738013991070663e-01 
 1.316318877079661e-07  4.737310277168635e-01 
 1.316518877079661e-07  4.736606703914998e-01 
 1.316718877079661e-07  4.735903271281637e-01 
 1.316918877079661e-07  4.735199979240453e-01 
 1.317118877079661e-07  4.734496827763344e-01 
 1.317318877079661e-07  4.733793816822212e-01 
 1.317518877079661e-07  4.733090946388973e-01 
 1.317718877079661e-07  4.732388216435544e-01 
 1.317918877079661e-07  4.731685626933846e-01 
 1.318118877079661e-07  4.730983177855809e-01 
 1.318318877079661e-07  4.730280869173366e-01 
 1.318518877079661e-07  4.729578700858457e-01 
 1.318718877079661e-07  4.728876672883027e-01 
 1.318918877079661e-07  4.728174785219028e-01 
 1.319118877079661e-07  4.727473037838417e-01 
 1.319318877079661e-07  4.726771430713155e-01 
 1.319518877079660e-07  4.726069963815209e-01 
 1.319718877079660e-07  4.725368637116555e-01 
 1.319918877079660e-07  4.724667450589171e-01 
 1.320118877079660e-07  4.723966404205038e-01 
 1.320318877079660e-07  4.723265497936149e-01 
 1.320518877079660e-07  4.722564731754500e-01 
 1.320718877079660e-07  4.721864105632093e-01 
 1.320918877079660e-07  4.721163619540933e-01 
 1.321118877079660e-07  4.720463273453033e-01 
 1.321318877079660e-07  4.719763067340414e-01 
 1.321518877079660e-07  4.719063001175097e-01 
 1.321718877079660e-07  4.718363074929111e-01 
 1.321918877079660e-07  4.717663288574493e-01 
 1.322118877079660e-07  4.716963642083282e-01 
 1.322318877079660e-07  4.716264135427523e-01 
 1.322518877079660e-07  4.715564768579269e-01 
 1.322718877079660e-07  4.714865541510577e-01 
 1.322918877079660e-07  4.714166454193513e-01 
 1.323118877079660e-07  4.713467506600141e-01 
 1.323318877079660e-07  4.712768698702536e-01 
 1.323518877079660e-07  4.712070030472779e-01 
 1.323718877079660e-07  4.711371501882954e-01 
 1.323918877079660e-07  4.710673112905150e-01 
 1.324118877079660e-07  4.709974863511467e-01 
 1.324318877079660e-07  4.709276753674005e-01 
 1.324518877079660e-07  4.708578783364873e-01 
 1.324718877079660e-07  4.707880952556183e-01 
 1.324918877079659e-07  4.707183261220051e-01 
 1.325118877079659e-07  4.706485709328605e-01 
 1.325318877079659e-07  4.705788296853973e-01 
 1.325518877079659e-07  4.705091023768291e-01 
 1.325718877079659e-07  4.704393890043700e-01 
 1.325918877079659e-07  4.703696895652347e-01 
 1.326118877079659e-07  4.703000040566382e-01 
 1.326318877079659e-07  4.702303324757962e-01 
 1.326518877079659e-07  4.701606748199255e-01 
 1.326718877079659e-07  4.700910310862425e-01 
 1.326918877079659e-07  4.700214012719648e-01 
 1.327118877079659e-07  4.699517853743102e-01 
 1.327318877079659e-07  4.698821833904974e-01 
 1.327518877079659e-07  4.698125953177457e-01 
 1.327718877079659e-07  4.697430211532746e-01 
 1.327918877079659e-07  4.696734608943043e-01 
 1.328118877079659e-07  4.696039145380554e-01 
 1.328318877079659e-07  4.695343820817495e-01 
 1.328518877079659e-07  4.694648635226083e-01 
 1.328718877079659e-07  4.693953588578543e-01 
 1.328918877079659e-07  4.693258680847103e-01 
 1.329118877079659e-07  4.692563912004000e-01 
 1.329318877079659e-07  4.691869282021479e-01 
 1.329518877079659e-07  4.691174790871780e-01 
 1.329718877079659e-07  4.690480438527157e-01 
 1.329918877079659e-07  4.689786224959869e-01 
 1.330118877079658e-07  4.689092150142181e-01 
 1.330318877079658e-07  4.688398214046357e-01 
 1.330518877079658e-07  4.687704416644674e-01 
 1.330718877079658e-07  4.687010757909411e-01 
 1.330918877079658e-07  4.686317237812851e-01 
 1.331118877079658e-07  4.685623856327291e-01 
 1.331318877079658e-07  4.684930613425022e-01 
 1.331518877079658e-07  4.684237509078348e-01 
 1.331718877079658e-07  4.683544543259576e-01 
 1.331918877079658e-07  4.682851715941019e-01 
 1.332118877079658e-07  4.682159027094995e-01 
 1.332318877079658e-07  4.681466476693831e-01 
 1.332518877079658e-07  4.680774064709855e-01 
 1.332718877079658e-07  4.680081791115401e-01 
 1.332918877079658e-07  4.679389655882808e-01 
 1.333118877079658e-07  4.678697658984424e-01 
 1.333318877079658e-07  4.678005800392604e-01 
 1.333518877079658e-07  4.677314080079699e-01 
 1.333718877079658e-07  4.676622498018075e-01 
 1.333918877079658e-07  4.675931054180102e-01 
 1.334118877079658e-07  4.675239748538154e-01 
 1.334318877079658e-07  4.674548581064609e-01 
 1.334518877079658e-07  4.673857551731849e-01 
 1.334718877079658e-07  4.673166660512267e-01 
 1.334918877079658e-07  4.672475907378260e-01 
 1.335118877079658e-07  4.671785292302228e-01 
 1.335318877079657e-07  4.671094815256578e-01 
 1.335518877079657e-07  4.670404476213720e-01 
 1.335718877079657e-07  4.669714275146076e-01 
 1.335918877079657e-07  4.669024212026069e-01 
 1.336118877079657e-07  4.668334286826126e-01 
 1.336318877079657e-07  4.667644499518681e-01 
 1.336518877079657e-07  4.666954850076176e-01 
 1.336718877079657e-07  4.666265338471057e-01 
 1.336918877079657e-07  4.665575964675775e-01 
 1.337118877079657e-07  4.664886728662784e-01 
 1.337318877079657e-07  4.664197630404546e-01 
 1.337518877079657e-07  4.663508669873532e-01 
 1.337718877079657e-07  4.662819847042212e-01 
 1.337918877079657e-07  4.662131161883064e-01 
 1.338118877079657e-07  4.661442614368575e-01 
 1.338318877079657e-07  4.660754204471232e-01 
 1.338518877079657e-07  4.660065932163530e-01 
 1.338718877079657e-07  4.659377797417972e-01 
 1.338918877079657e-07  4.658689800207064e-01 
 1.339118877079657e-07  4.658001940503316e-01 
 1.339318877079657e-07  4.657314218279245e-01 
 1.339518877079657e-07  4.656626633507374e-01 
 1.339718877079657e-07  4.655939186160231e-01 
 1.339918877079657e-07  4.655251876210350e-01 
 1.340118877079657e-07  4.654564703630268e-01 
 1.340318877079657e-07  4.653877668392530e-01 
 1.340518877079657e-07  4.653190770469688e-01 
 1.340718877079656e-07  4.652504009834296e-01 
 1.340918877079656e-07  4.651817386458915e-01 
 1.341118877079656e-07  4.651130900316111e-01 
 1.341318877079656e-07  4.650444551378458e-01 
 1.341518877079656e-07  4.649758339618530e-01 
 1.341718877079656e-07  4.649072265008914e-01 
 1.341918877079656e-07  4.648386327522194e-01 
 1.342118877079656e-07  4.647700527130965e-01 
 1.342318877079656e-07  4.647014863807827e-01 
 1.342518877079656e-07  4.646329337525386e-01 
 1.342718877079656e-07  4.645643948256250e-01 
 1.342918877079656e-07  4.644958695973037e-01 
 1.343118877079656e-07  4.644273580648366e-01 
 1.343318877079656e-07  4.643588602254864e-01 
 1.343518877079656e-07  4.642903760765165e-01 
 1.343718877079656e-07  4.642219056151904e-01 
 1.343918877079656e-07  4.641534488387726e-01 
 1.344118877079656e-07  4.640850057445280e-01 
 1.344318877079656e-07  4.640165763297219e-01 
 1.344518877079656e-07  4.639481605916203e-01 
 1.344718877079656e-07  4.638797585274895e-01 
 1.344918877079656e-07  4.638113701345966e-01 
 1.345118877079656e-07  4.637429954102096e-01 
 1.345318877079656e-07  4.636746343515964e-01 
 1.345518877079656e-07  4.636062869560255e-01 
 1.345718877079656e-07  4.635379532207660e-01 
 1.345918877079655e-07  4.634696331430879e-01 
 1.346118877079655e-07  4.634013267202615e-01 
 1.346318877079655e-07  4.633330339495575e-01 
 1.346518877079655e-07  4.632647548282477e-01 
 1.346718877079655e-07  4.631964893536038e-01 
 1.346918877079655e-07  4.631282375228982e-01 
 1.347118877079655e-07  4.630599993334041e-01 
 1.347318877079655e-07  4.629917747823950e-01 
 1.347518877079655e-07  4.629235638671452e-01 
 1.347718877079655e-07  4.628553665849292e-01 
 1.347918877079655e-07  4.627871829330222e-01 
 1.348118877079655e-07  4.627190129087002e-01 
 1.348318877079655e-07  4.626508565092392e-01 
 1.348518877079655e-07  4.625827137319162e-01 
 1.348718877079655e-07  4.625145845740086e-01 
 1.348918877079655e-07  4.624464690327946e-01 
 1.349118877079655e-07  4.623783671055522e-01 
 1.349318877079655e-07  4.623102787895609e-01 
 1.349518877079655e-07  4.622422040821000e-01 
 1.349718877079655e-07  4.621741429804497e-01 
 1.349918877079655e-07  4.621060954818907e-01 
 1.350118877079655e-07  4.620380615837040e-01 
 1.350318877079655e-07  4.619700412831715e-01 
 1.350518877079655e-07  4.619020345775754e-01 
 1.350718877079655e-07  4.618340414641987e-01 
 1.350918877079655e-07  4.617660619403246e-01 
 1.351118877079654e-07  4.616980960032372e-01 
 1.351318877079654e-07  4.616301436502210e-01 
 1.351518877079654e-07  4.615622048785610e-01 
 1.351718877079654e-07  4.614942796855425e-01 
 1.351918877079654e-07  4.614263680684517e-01 
 1.352118877079654e-07  4.613584700245754e-01 
 1.352318877079654e-07  4.612905855512008e-01 
 1.352518877079654e-07  4.612227146456154e-01 
 1.352718877079654e-07  4.611548573051075e-01 
 1.352918877079654e-07  4.610870135269658e-01 
 1.353118877079654e-07  4.610191833084799e-01 
 1.353318877079654e-07  4.609513666469396e-01 
 1.353518877079654e-07  4.608835635396354e-01 
 1.353718877079654e-07  4.608157739838581e-01 
 1.353918877079654e-07  4.607479979768992e-01 
 1.354118877079654e-07  4.606802355160510e-01 
 1.354318877079654e-07  4.606124865986058e-01 
 1.354518877079654e-07  4.605447512218570e-01 
 1.354718877079654e-07  4.604770293830980e-01 
 1.354918877079654e-07  4.604093210796232e-01 
 1.355118877079654e-07  4.603416263087274e-01 
 1.355318877079654e-07  4.602739450677057e-01 
 1.355518877079654e-07  4.602062773538544e-01 
 1.355718877079654e-07  4.601386231644695e-01 
 1.355918877079654e-07  4.600709824968480e-01 
 1.356118877079654e-07  4.600033553482873e-01 
 1.356318877079654e-07  4.599357417160856e-01 
 1.356518877079653e-07  4.598681415975411e-01 
 1.356718877079653e-07  4.598005549899531e-01 
 1.356918877079653e-07  4.597329818906211e-01 
 1.357118877079653e-07  4.596654222968454e-01 
 1.357318877079653e-07  4.595978762059265e-01 
 1.357518877079653e-07  4.595303436151659e-01 
 1.357718877079653e-07  4.594628245218654e-01 
 1.357918877079653e-07  4.593953189233271e-01 
 1.358118877079653e-07  4.593278268168540e-01 
 1.358318877079653e-07  4.592603481997493e-01 
 1.358518877079653e-07  4.591928830693173e-01 
 1.358718877079653e-07  4.591254314228621e-01 
 1.358918877079653e-07  4.590579932576889e-01 
 1.359118877079653e-07  4.589905685711030e-01 
 1.359318877079653e-07  4.589231573604109e-01 
 1.359518877079653e-07  4.588557596229190e-01 
 1.359718877079653e-07  4.587883753559345e-01 
 1.359918877079653e-07  4.587210045567651e-01 
 1.360118877079653e-07  4.586536472227192e-01 
 1.360318877079653e-07  4.585863033511054e-01 
 1.360518877079653e-07  4.585189729392333e-01 
 1.360718877079653e-07  4.584516559844124e-01 
 1.360918877079653e-07  4.583843524839533e-01 
 1.361118877079653e-07  4.583170624351668e-01 
 1.361318877079653e-07  4.582497858353645e-01 
 1.361518877079653e-07  4.581825226818582e-01 
 1.361718877079652e-07  4.581152729719606e-01 
 1.361918877079652e-07  4.580480367029848e-01 
 1.362118877079652e-07  4.579808138722442e-01 
 1.362318877079652e-07  4.579136044770531e-01 
 1.362518877079652e-07  4.578464085147262e-01 
 1.362718877079652e-07  4.577792259825788e-01 
 1.362918877079652e-07  4.577120568779265e-01 
 1.363118877079652e-07  4.576449011980860e-01 
 1.363318877079652e-07  4.575777589403739e-01 
 1.363518877079652e-07  4.575106301021075e-01 
 1.363718877079652e-07  4.574435146806046e-01 
 1.363918877079652e-07  4.573764126731839e-01 
 1.364118877079652e-07  4.573093240771641e-01 
 1.364318877079652e-07  4.572422488898649e-01 
 1.364518877079652e-07  4.571751871086064e-01 
 1.364718877079652e-07  4.571081387307094e-01 
 1.364918877079652e-07  4.570411037534944e-01 
 1.365118877079652e-07  4.569740821742836e-01 
 1.365318877079652e-07  4.569070739903990e-01 
 1.365518877079652e-07  4.568400791991635e-01 
 1.365718877079652e-07  4.567730977979001e-01 
 1.365918877079652e-07  4.567061297839327e-01 
 1.366118877079652e-07  4.566391751545857e-01 
 1.366318877079652e-07  4.565722339071838e-01 
 1.366518877079652e-07  4.565053060390524e-01 
 1.366718877079652e-07  4.564383915475178e-01 
 1.366918877079652e-07  4.563714904299063e-01 
 1.367118877079651e-07  4.563046026835448e-01 
 1.367318877079651e-07  4.562377283057608e-01 
 1.367518877079651e-07  4.561708672938825e-01 
 1.367718877079651e-07  4.561040196452384e-01 
 1.367918877079651e-07  4.560371853571579e-01 
 1.368118877079651e-07  4.559703644269708e-01 
 1.368318877079651e-07  4.559035568520070e-01 
 1.368518877079651e-07  4.558367626295972e-01 
 1.368718877079651e-07  4.557699817570727e-01 
 1.368918877079651e-07  4.557032142317654e-01 
 1.369118877079651e-07  4.556364600510076e-01 
 1.369318877079651e-07  4.555697192121323e-01 
 1.369518877079651e-07  4.555029917124730e-01 
 1.369718877079651e-07  4.554362775493633e-01 
 1.369918877079651e-07  4.553695767201378e-01 
 1.370118877079651e-07  4.553028892221316e-01 
 1.370318877079651e-07  4.552362150526803e-01 
 1.370518877079651e-07  4.551695542091199e-01 
 1.370718877079651e-07  4.551029066887869e-01 
 1.370918877079651e-07  4.550362724890185e-01 
 1.371118877079651e-07  4.549696516071522e-01 
 1.371318877079651e-07  4.549030440405268e-01 
 1.371518877079651e-07  4.548364497864806e-01 
 1.371718877079651e-07  4.547698688423529e-01 
 1.371918877079651e-07  4.547033012054834e-01 
 1.372118877079651e-07  4.546367468732128e-01 
 1.372318877079650e-07  4.545702058428816e-01 
 1.372518877079650e-07  4.545036781118313e-01 
 1.372718877079650e-07  4.544371636774039e-01 
 1.372918877079650e-07  4.543706625369417e-01 
 1.373118877079650e-07  4.543041746877880e-01 
 1.373318877079650e-07  4.542377001272859e-01 
 1.373518877079650e-07  4.541712388527798e-01 
 1.373718877079650e-07  4.541047908616141e-01 
 1.373918877079650e-07  4.540383561511339e-01 
 1.374118877079650e-07  4.539719347186850e-01 
 1.374318877079650e-07  4.539055265616135e-01 
 1.374518877079650e-07  4.538391316772660e-01 
 1.374718877079650e-07  4.537727500629899e-01 
 1.374918877079650e-07  4.537063817161329e-01 
 1.375118877079650e-07  4.536400266340433e-01 
 1.375318877079650e-07  4.535736848140700e-01 
 1.375518877079650e-07  4.535073562535622e-01 
 1.375718877079650e-07  4.534410409498699e-01 
 1.375918877079650e-07  4.533747389003436e-01 
 1.376118877079650e-07  4.533084501023339e-01 
 1.376318877079650e-07  4.532421745531926e-01 
 1.376518877079650e-07  4.531759122502717e-01 
 1.376718877079650e-07  4.531096631909236e-01 
 1.376918877079650e-07  4.530434273725013e-01 
 1.377118877079650e-07  4.529772047923585e-01 
 1.377318877079650e-07  4.529109954478495e-01 
 1.377518877079649e-07  4.528447993363287e-01 
 1.377718877079649e-07  4.527786164551513e-01 
 1.377918877079649e-07  4.527124468016730e-01 
 1.378118877079649e-07  4.526462903732502e-01 
 1.378318877079649e-07  4.525801471672394e-01 
 1.378518877079649e-07  4.525140171809981e-01 
 1.378718877079649e-07  4.524479004118840e-01 
 1.378918877079649e-07  4.523817968572556e-01 
 1.379118877079649e-07  4.523157065144718e-01 
 1.379318877079649e-07  4.522496293808919e-01 
 1.379518877079649e-07  4.521835654538756e-01 
 1.379718877079649e-07  4.521175147307835e-01 
 1.379918877079649e-07  4.520514772089767e-01 
 1.380118877079649e-07  4.519854528858167e-01 
 1.380318877079649e-07  4.519194417586655e-01 
 1.380518877079649e-07  4.518534438248857e-01 
 1.380718877079649e-07  4.517874590818405e-01 
 1.380918877079649e-07  4.517214875268935e-01 
 1.381118877079649e-07  4.516555291574086e-01 
 1.381318877079649e-07  4.515895839707506e-01 
 1.381518877079649e-07  4.515236519642846e-01 
 1.381718877079649e-07  4.514577331353765e-01 
 1.381918877079649e-07  4.513918274813926e-01 
 1.382118877079649e-07  4.513259349996996e-01 
 1.382318877079649e-07  4.512600556876648e-01 
 1.382518877079649e-07  4.511941895426561e-01 
 1.382718877079649e-07  4.511283365620419e-01 
 1.382918877079648e-07  4.510624967431908e-01 
 1.383118877079648e-07  4.509966700834726e-01 
 1.383318877079648e-07  4.509308565802569e-01 
 1.383518877079648e-07  4.508650562309145e-01 
 1.383718877079648e-07  4.507992690328161e-01 
 1.383918877079648e-07  4.507334949833334e-01 
 1.384118877079648e-07  4.506677340798383e-01 
 1.384318877079648e-07  4.506019863197035e-01 
 1.384518877079648e-07  4.505362517003019e-01 
 1.384718877079648e-07  4.504705302190072e-01 
 1.384918877079648e-07  4.504048218731936e-01 
 1.385118877079648e-07  4.503391266602357e-01 
 1.385318877079648e-07  4.502734445775088e-01 
 1.385518877079648e-07  4.502077756223886e-01 
 1.385718877079648e-07  4.501421197922512e-01 
 1.385918877079648e-07  4.500764770844735e-01 
 1.386118877079648e-07  4.500108474964328e-01 
 1.386318877079648e-07  4.499452310255068e-01 
 1.386518877079648e-07  4.498796276690739e-01 
 1.386718877079648e-07  4.498140374245130e-01 
 1.386918877079648e-07  4.497484602892036e-01 
 1.387118877079648e-07  4.496828962605253e-01 
 1.387318877079648e-07  4.496173453358587e-01 
 1.387518877079648e-07  4.495518075125846e-01 
 1.387718877079648e-07  4.494862827880847e-01 
 1.387918877079648e-07  4.494207711597409e-01 
 1.388118877079647e-07  4.493552726249357e-01 
 1.388318877079647e-07  4.492897871810521e-01 
 1.388518877079647e-07  4.492243148254739e-01 
 1.388718877079647e-07  4.491588555555850e-01 
 1.388918877079647e-07  4.490934093687701e-01 
 1.389118877079647e-07  4.490279762624144e-01 
 1.389318877079647e-07  4.489625562339036e-01 
 1.389518877079647e-07  4.488971492806237e-01 
 1.389718877079647e-07  4.488317553999614e-01 
 1.389918877079647e-07  4.487663745893040e-01 
 1.390118877079647e-07  4.487010068460393e-01 
 1.390318877079647e-07  4.486356521675554e-01 
 1.390518877079647e-07  4.485703105512412e-01 
 1.390718877079647e-07  4.485049819944861e-01 
 1.390918877079647e-07  4.484396664946799e-01 
 1.391118877079647e-07  4.483743640492129e-01 
 1.391318877079647e-07  4.483090746554761e-01 
 1.391518877079647e-07  4.482437983108609e-01 
 1.391718877079647e-07  4.481785350127592e-01 
 1.391918877079647e-07  4.481132847585633e-01 
 1.392118877079647e-07  4.480480475456664e-01 
 1.392318877079647e-07  4.479828233714618e-01 
 1.392518877079647e-07  4.479176122333435e-01 
 1.392718877079647e-07  4.478524141287060e-01 
 1.392918877079647e-07  4.477872290549445e-01 
 1.393118877079647e-07  4.477220570094547e-01 
 1.393318877079646e-07  4.476568979896325e-01 
 1.393518877079646e-07  4.475917519928745e-01 
 1.393718877079646e-07  4.475266190165780e-01 
 1.393918877079646e-07  4.474614990581405e-01 
 1.394118877079646e-07  4.473963921149601e-01 
 1.394318877079646e-07  4.473312981844358e-01 
 1.394518877079646e-07  4.472662172639665e-01 
 1.394718877079646e-07  4.472011493509521e-01 
 1.394918877079646e-07  4.471360944427927e-01 
 1.395118877079646e-07  4.470710525368893e-01 
 1.395318877079646e-07  4.470060236306430e-01 
 1.395518877079646e-07  4.469410077214557e-01 
 1.395718877079646e-07  4.468760048067296e-01 
 1.395918877079646e-07  4.468110148838678e-01 
 1.396118877079646e-07  4.467460379502736e-01 
 1.396318877079646e-07  4.466810740033509e-01 
 1.396518877079646e-07  4.466161230405040e-01 
 1.396718877079646e-07  4.465511850591377e-01 
 1.396918877079646e-07  4.464862600566576e-01 
 1.397118877079646e-07  4.464213480304697e-01 
 1.397318877079646e-07  4.463564489779805e-01 
 1.397518877079646e-07  4.462915628965970e-01 
 1.397718877079646e-07  4.462266897837267e-01 
 1.397918877079646e-07  4.461618296367776e-01 
 1.398118877079646e-07  4.460969824531583e-01 
 1.398318877079646e-07  4.460321482302778e-01 
 1.398518877079646e-07  4.459673269655457e-01 
 1.398718877079645e-07  4.459025186563722e-01 
 1.398918877079645e-07  4.458377233001678e-01 
 1.399118877079645e-07  4.457729408943436e-01 
 1.399318877079645e-07  4.457081714363115e-01 
 1.399518877079645e-07  4.456434149234837e-01 
 1.399718877079645e-07  4.455786713532728e-01 
 1.399918877079645e-07  4.455139407230919e-01 
 1.400118877079645e-07  4.454492230303548e-01 
 1.400318877079645e-07  4.453845182724757e-01 
 1.400518877079645e-07  4.453198264468693e-01 
 1.400718877079645e-07  4.452551475509511e-01 
 1.400918877079645e-07  4.451904815821368e-01 
 1.401118877079645e-07  4.451258285378427e-01 
 1.401318877079645e-07  4.450611884154854e-01 
 1.401518877079645e-07  4.449965612124826e-01 
 1.401718877079645e-07  4.449319469262521e-01 
 1.401918877079645e-07  4.448673455542123e-01 
 1.402118877079645e-07  4.448027570937820e-01 
 1.402318877079645e-07  4.447381815423807e-01 
 1.402518877079645e-07  4.446736188974282e-01 
 1.402718877079645e-07  4.446090691563448e-01 
 1.402918877079645e-07  4.445445323165517e-01 
 1.403118877079645e-07  4.444800083754704e-01 
 1.403318877079645e-07  4.444154973305228e-01 
 1.403518877079645e-07  4.443509991791313e-01 
 1.403718877079645e-07  4.442865139187191e-01 
 1.403918877079644e-07  4.442220415467097e-01 
 1.404118877079644e-07  4.441575820605271e-01 
 1.404318877079644e-07  4.440931354575959e-01 
 1.404518877079644e-07  4.440287017353411e-01 
 1.404718877079644e-07  4.439642808911883e-01 
 1.404918877079644e-07  4.438998729225635e-01 
 1.405118877079644e-07  4.438354778268936e-01 
 1.405318877079644e-07  4.437710956016058e-01 
 1.405518877079644e-07  4.437067262441275e-01 
 1.405718877079644e-07  4.436423697518868e-01 
 1.405918877079644e-07  4.435780261223126e-01 
 1.406118877079644e-07  4.435136953528341e-01 
 1.406318877079644e-07  4.434493774408806e-01 
 1.406518877079644e-07  4.433850723838827e-01 
 1.406718877079644e-07  4.433207801792712e-01 
 1.406918877079644e-07  4.432565008244772e-01 
 1.407118877079644e-07  4.431922343169323e-01 
 1.407318877079644e-07  4.431279806540691e-01 
 1.407518877079644e-07  4.430637398333202e-01 
 1.407718877079644e-07  4.429995118521188e-01 
 1.407918877079644e-07  4.429352967078990e-01 
 1.408118877079644e-07  4.428710943980950e-01 
 1.408318877079644e-07  4.428069049201415e-01 
 1.408518877079644e-07  4.427427282714739e-01 
 1.408718877079644e-07  4.426785644495284e-01 
 1.408918877079644e-07  4.426144134517409e-01 
 1.409118877079644e-07  4.425502752755484e-01 
 1.409318877079643e-07  4.424861499183883e-01 
 1.409518877079643e-07  4.424220373776985e-01 
 1.409718877079643e-07  4.423579376509176e-01 
 1.409918877079643e-07  4.422938507354847e-01 
 1.410118877079643e-07  4.422297766288391e-01 
 1.410318877079643e-07  4.421657153284205e-01 
 1.410518877079643e-07  4.421016668316696e-01 
 1.410718877079643e-07  4.420376311360273e-01 
 1.410918877079643e-07  4.419736082389352e-01 
 1.411118877079643e-07  4.419095981378353e-01 
 1.411318877079643e-07  4.418456008301699e-01 
 1.411518877079643e-07  4.417816163133820e-01 
 1.411718877079643e-07  4.417176445849154e-01 
 1.411918877079643e-07  4.416536856422141e-01 
 1.412118877079643e-07  4.415897394827228e-01 
 1.412318877079643e-07  4.415258061038864e-01 
 1.412518877079643e-07  4.414618855031504e-01 
 1.412718877079643e-07  4.413979776779609e-01 
 1.412918877079643e-07  4.413340826257646e-01 
 1.413118877079643e-07  4.412702003440088e-01 
 1.413318877079643e-07  4.412063308301408e-01 
 1.413518877079643e-07  4.411424740816089e-01 
 1.413718877079643e-07  4.410786300958617e-01 
 1.413918877079643e-07  4.410147988703484e-01 
 1.414118877079643e-07  4.409509804025186e-01 
 1.414318877079643e-07  4.408871746898225e-01 
 1.414518877079642e-07  4.408233817297108e-01 
 1.414718877079642e-07  4.407596015196346e-01 
 1.414918877079642e-07  4.406958340570458e-01 
 1.415118877079642e-07  4.406320793393965e-01 
 1.415318877079642e-07  4.405683373641395e-01 
 1.415518877079642e-07  4.405046081287278e-01 
 1.415718877079642e-07  4.404408916306154e-01 
 1.415918877079642e-07  4.403771878672565e-01 
 1.416118877079642e-07  4.403134968361059e-01 
 1.416318877079642e-07  4.402498185346186e-01 
 1.416518877079642e-07  4.401861529602506e-01 
 1.416718877079642e-07  4.401225001104579e-01 
 1.416918877079642e-07  4.400588599826976e-01 
 1.417118877079642e-07  4.399952325744270e-01 
 1.417318877079642e-07  4.399316178831038e-01 
 1.417518877079642e-07  4.398680159061865e-01 
 1.417718877079642e-07  4.398044266411336e-01 
 1.417918877079642e-07  4.397408500854046e-01 
 1.418118877079642e-07  4.396772862364595e-01 
 1.418318877079642e-07  4.396137350917583e-01 
 1.418518877079642e-07  4.395501966487621e-01 
 1.418718877079642e-07  4.394866709049322e-01 
 1.418918877079642e-07  4.394231578577306e-01 
 1.419118877079642e-07  4.393596575046194e-01 
 1.419318877079642e-07  4.392961698430616e-01 
 1.419518877079642e-07  4.392326948705207e-01 
 1.419718877079641e-07  4.391692325844607e-01 
 1.419918877079641e-07  4.391057829823459e-01 
 1.420118877079641e-07  4.390423460616411e-01 
 1.420318877079641e-07  4.389789218198117e-01 
 1.420518877079641e-07  4.389155102543238e-01 
 1.420718877079641e-07  4.388521113626437e-01 
 1.420918877079641e-07  4.387887251422384e-01 
 1.421118877079641e-07  4.387253515905751e-01 
 1.421318877079641e-07  4.386619907051220e-01 
 1.421518877079641e-07  4.385986424833476e-01 
 1.421718877079641e-07  4.385353069227209e-01 
 1.421918877079641e-07  4.384719840207111e-01 
 1.422118877079641e-07  4.384086737747883e-01 
 1.422318877079641e-07  4.383453761824229e-01 
 1.422518877079641e-07  4.382820912410861e-01 
 1.422718877079641e-07  4.382188189482495e-01 
 1.422918877079641e-07  4.381555593013847e-01 
 1.423118877079641e-07  4.380923122979646e-01 
 1.423318877079641e-07  4.380290779354620e-01 
 1.423518877079641e-07  4.379658562113503e-01 
 1.423718877079641e-07  4.379026471231035e-01 
 1.423918877079641e-07  4.378394506681962e-01 
 1.424118877079641e-07  4.377762668441037e-01 
 1.424318877079641e-07  4.377130956483011e-01 
 1.424518877079641e-07  4.376499370782648e-01 
 1.424718877079641e-07  4.375867911314713e-01 
 1.424918877079641e-07  4.375236578053974e-01 
 1.425118877079640e-07  4.374605370975208e-01 
 1.425318877079640e-07  4.373974290053195e-01 
 1.425518877079640e-07  4.373343335262721e-01 
 1.425718877079640e-07  4.372712506578577e-01 
 1.425918877079640e-07  4.372081803975558e-01 
 1.426118877079640e-07  4.371451227428463e-01 
 1.426318877079640e-07  4.370820776912100e-01 
 1.426518877079640e-07  4.370190452401281e-01 
 1.426718877079640e-07  4.369560253870820e-01 
 1.426918877079640e-07  4.368930181295537e-01 
 1.427118877079640e-07  4.368300234650260e-01 
 1.427318877079640e-07  4.367670413909819e-01 
 1.427518877079640e-07  4.367040719049048e-01 
 1.427718877079640e-07  4.366411150042790e-01 
 1.427918877079640e-07  4.365781706865893e-01 
 1.428118877079640e-07  4.365152389493204e-01 
 1.428318877079640e-07  4.364523197899580e-01 
 1.428518877079640e-07  4.363894132059883e-01 
 1.428718877079640e-07  4.363265191948979e-01 
 1.428918877079640e-07  4.362636377541739e-01 
 1.429118877079640e-07  4.362007688813039e-01 
 1.429318877079640e-07  4.361379125737760e-01 
 1.429518877079640e-07  4.360750688290788e-01 
 1.429718877079640e-07  4.360122376447016e-01 
 1.429918877079640e-07  4.359494190181338e-01 
 1.430118877079640e-07  4.358866129468658e-01 
 1.430318877079639e-07  4.358238194283880e-01 
 1.430518877079639e-07  4.357610384601915e-01 
 1.430718877079639e-07  4.356982700397679e-01 
 1.430918877079639e-07  4.356355141646093e-01 
 1.431118877079639e-07  4.355727708322086e-01 
 1.431318877079639e-07  4.355100400400586e-01 
 1.431518877079639e-07  4.354473217856533e-01 
 1.431718877079639e-07  4.353846160664865e-01 
 1.431918877079639e-07  4.353219228800532e-01 
 1.432118877079639e-07  4.352592422238482e-01 
 1.432318877079639e-07  4.351965740953671e-01 
 1.432518877079639e-07  4.351339184921061e-01 
 1.432718877079639e-07  4.350712754115619e-01 
 1.432918877079639e-07  4.350086448512316e-01 
 1.433118877079639e-07  4.349460268086130e-01 
 1.433318877079639e-07  4.348834212812043e-01 
 1.433518877079639e-07  4.348208282665037e-01 
 1.433718877079639e-07  4.347582477620107e-01 
 1.433918877079639e-07  4.346956797652248e-01 
 1.434118877079639e-07  4.346331242736463e-01 
 1.434318877079639e-07  4.345705812847756e-01 
 1.434518877079639e-07  4.345080507961140e-01 
 1.434718877079639e-07  4.344455328051632e-01 
 1.434918877079639e-07  4.343830273094251e-01 
 1.435118877079639e-07  4.343205343064025e-01 
 1.435318877079639e-07  4.342580537935984e-01 
 1.435518877079638e-07  4.341955857685164e-01 
 1.435718877079638e-07  4.341331302286608e-01 
 1.435918877079638e-07  4.340706871715363e-01 
 1.436118877079638e-07  4.340082565946478e-01 
 1.436318877079638e-07  4.339458384955011e-01 
 1.436518877079638e-07  4.338834328716022e-01 
 1.436718877079638e-07  4.338210397204578e-01 
 1.436918877079638e-07  4.337586590395749e-01 
 1.437118877079638e-07  4.336962908264614e-01 
 1.437318877079638e-07  4.336339350786251e-01 
 1.437518877079638e-07  4.335715917935748e-01 
 1.437718877079638e-07  4.335092609688196e-01 
 1.437918877079638e-07  4.334469426018691e-01 
 1.438118877079638e-07  4.333846366902332e-01 
 1.438318877079638e-07  4.333223432314229e-01 
 1.438518877079638e-07  4.332600622229490e-01 
 1.438718877079638e-07  4.331977936623232e-01 
 1.438918877079638e-07  4.331355375470577e-01 
 1.439118877079638e-07  4.330732938746650e-01 
 1.439318877079638e-07  4.330110626426583e-01 
 1.439518877079638e-07  4.329488438485510e-01 
 1.439718877079638e-07  4.328866374898574e-01 
 1.439918877079638e-07  4.328244435640919e-01 
 1.440118877079638e-07  4.327622620687696e-01 
 1.440318877079638e-07  4.327000930014063e-01 
 1.440518877079638e-07  4.326379363595177e-01 
 1.440718877079638e-07  4.325757921406206e-01 
 1.440918877079637e-07  4.325136603422322e-01 
 1.441118877079637e-07  4.324515409618698e-01 
 1.441318877079637e-07  4.323894339970515e-01 
 1.441518877079637e-07  4.323273394452961e-01 
 1.441718877079637e-07  4.322652573041225e-01 
 1.441918877079637e-07  4.322031875710501e-01 
 1.442118877079637e-07  4.321411302435991e-01 
 1.442318877079637e-07  4.320790853192901e-01 
 1.442518877079637e-07  4.320170527956440e-01 
 1.442718877079637e-07  4.319550326701824e-01 
 1.442918877079637e-07  4.318930249404273e-01 
 1.443118877079637e-07  4.318310296039013e-01 
 1.443318877079637e-07  4.317690466581273e-01 
 1.443518877079637e-07  4.317070761006288e-01 
 1.443718877079637e-07  4.316451179289298e-01 
 1.443918877079637e-07  4.315831721405550e-01 
 1.444118877079637e-07  4.315212387330292e-01 
 1.444318877079637e-07  4.314593177038780e-01 
 1.444518877079637e-07  4.313974090506272e-01 
 1.444718877079637e-07  4.313355127708037e-01 
 1.444918877079637e-07  4.312736288619340e-01 
 1.445118877079637e-07  4.312117573215458e-01 
 1.445318877079637e-07  4.311498981471672e-01 
 1.445518877079637e-07  4.310880513363265e-01 
 1.445718877079637e-07  4.310262168865526e-01 
 1.445918877079637e-07  4.309643947953750e-01 
 1.446118877079636e-07  4.309025850603236e-01 
 1.446318877079636e-07  4.308407876789287e-01 
 1.446518877079636e-07  4.307790026487214e-01 
 1.446718877079636e-07  4.307172299672331e-01 
 1.446918877079636e-07  4.306554696319957e-01 
 1.447118877079636e-07  4.305937216405417e-01 
 1.447318877079636e-07  4.305319859904040e-01 
 1.447518877079636e-07  4.304702626791158e-01 
 1.447718877079636e-07  4.304085517042110e-01 
 1.447918877079636e-07  4.303468530632242e-01 
 1.448118877079636e-07  4.302851667536902e-01 
 1.448318877079636e-07  4.302234927731443e-01 
 1.448518877079636e-07  4.301618311191223e-01 
 1.448718877079636e-07  4.301001817891606e-01 
 1.448918877079636e-07  4.300385447807961e-01 
 1.449118877079636e-07  4.299769200915660e-01 
 1.449318877079636e-07  4.299153077190082e-01 
 1.449518877079636e-07  4.298537076606612e-01 
 1.449718877079636e-07  4.297921199140636e-01 
 1.449918877079636e-07  4.297305444767548e-01 
 1.450118877079636e-07  4.296689813462745e-01 
 1.450318877079636e-07  4.296074305201629e-01 
 1.450518877079636e-07  4.295458919959609e-01 
 1.450718877079636e-07  4.294843657712098e-01 
 1.450918877079636e-07  4.294228518434513e-01 
 1.451118877079636e-07  4.293613502102277e-01 
 1.451318877079636e-07  4.292998608690818e-01 
 1.451518877079635e-07  4.292383838175569e-01 
 1.451718877079635e-07  4.291769190531965e-01 
 1.451918877079635e-07  4.291154665735449e-01 
 1.452118877079635e-07  4.290540263761468e-01 
 1.452318877079635e-07  4.289925984585475e-01 
 1.452518877079635e-07  4.289311828182925e-01 
 1.452718877079635e-07  4.288697794529279e-01 
 1.452918877079635e-07  4.288083883600007e-01 
 1.453118877079635e-07  4.287470095370579e-01 
 1.453318877079635e-07  4.286856429816470e-01 
 1.453518877079635e-07  4.286242886913164e-01 
 1.453718877079635e-07  4.285629466636146e-01 
 1.453918877079635e-07  4.285016168960909e-01 
 1.454118877079635e-07  4.284402993862947e-01 
 1.454318877079635e-07  4.283789941317762e-01 
 1.454518877079635e-07  4.283177011300858e-01 
 1.454718877079635e-07  4.282564203787747e-01 
 1.454918877079635e-07  4.281951518753946e-01 
 1.455118877079635e-07  4.281338956174974e-01 
 1.455318877079635e-07  4.280726516026355e-01 
 1.455518877079635e-07  4.280114198283622e-01 
 1.455718877079635e-07  4.279502002922309e-01 
 1.455918877079635e-07  4.278889929917958e-01 
 1.456118877079635e-07  4.278277979246112e-01 
 1.456318877079635e-07  4.277666150882321e-01 
 1.456518877079635e-07  4.277054444802141e-01 
 1.456718877079634e-07  4.276442860981131e-01 
 1.456918877079634e-07  4.275831399394854e-01 
 1.457118877079634e-07  4.275220060018882e-01 
 1.457318877079634e-07  4.274608842828787e-01 
 1.457518877079634e-07  4.273997747800151e-01 
 1.457718877079634e-07  4.273386774908556e-01 
 1.457918877079634e-07  4.272775924129592e-01 
 1.458118877079634e-07  4.272165195438853e-01 
 1.458318877079634e-07  4.271554588811937e-01 
 1.458518877079634e-07  4.270944104224447e-01 
 1.458718877079634e-07  4.270333741651994e-01 
 1.458918877079634e-07  4.269723501070189e-01 
 1.459118877079634e-07  4.269113382454652e-01 
 1.459318877079634e-07  4.268503385781004e-01 
 1.459518877079634e-07  4.267893511024873e-01 
 1.459718877079634e-07  4.267283758161893e-01 
 1.459918877079634e-07  4.266674127167703e-01 
 1.460118877079634e-07  4.266064618017943e-01 
 1.460318877079634e-07  4.265455230688263e-01 
 1.460518877079634e-07  4.264845965154315e-01 
 1.460718877079634e-07  4.264236821391754e-01 
 1.460918877079634e-07  4.263627799376243e-01 
 1.461118877079634e-07  4.263018899083449e-01 
 1.461318877079634e-07  4.262410120489044e-01 
 1.461518877079634e-07  4.261801463568705e-01 
 1.461718877079634e-07  4.261192928298113e-01 
 1.461918877079633e-07  4.260584514652954e-01 
 1.462118877079633e-07  4.259976222608919e-01 
 1.462318877079633e-07  4.259368052141705e-01 
 1.462518877079633e-07  4.258760003227013e-01 
 1.462718877079633e-07  4.258152075840549e-01 
 1.462918877079633e-07  4.257544269958023e-01 
 1.463118877079633e-07  4.256936585555151e-01 
 1.463318877079633e-07  4.256329022607652e-01 
 1.463518877079633e-07  4.255721581091253e-01 
 1.463718877079633e-07  4.255114260981683e-01 
 1.463918877079633e-07  4.254507062254679e-01 
 1.464118877079633e-07  4.253899984885981e-01 
 1.464318877079633e-07  4.253293028851330e-01 
 1.464518877079633e-07  4.252686194126475e-01 
 1.464718877079633e-07  4.252079480687173e-01 
 1.464918877079633e-07  4.251472888509182e-01 
 1.465118877079633e-07  4.250866417568268e-01 
 1.465318877079633e-07  4.250260067840200e-01 
 1.465518877079633e-07  4.249653839300749e-01 
 1.465718877079633e-07  4.249047731925695e-01 
 1.465918877079633e-07  4.248441745690820e-01 
 1.466118877079633e-07  4.247835880571914e-01 
 1.466318877079633e-07  4.247230136544767e-01 
 1.466518877079633e-07  4.246624513585179e-01 
 1.466718877079633e-07  4.246019011668954e-01 
 1.466918877079633e-07  4.245413630771900e-01 
 1.467118877079633e-07  4.244808370869826e-01 
 1.467318877079632e-07  4.244203231938552e-01 
 1.467518877079632e-07  4.243598213953900e-01 
 1.467718877079632e-07  4.242993316891697e-01 
 1.467918877079632e-07  4.242388540727774e-01 
 1.468118877079632e-07  4.241783885437966e-01 
 1.468318877079632e-07  4.241179350998115e-01 
 1.468518877079632e-07  4.240574937384069e-01 
 1.468718877079632e-07  4.239970644571678e-01 
 1.468918877079632e-07  4.239366472536800e-01 
 1.469118877079632e-07  4.238762421255292e-01 
 1.469318877079632e-07  4.238158490703021e-01 
 1.469518877079632e-07  4.237554680855858e-01 
 1.469718877079632e-07  4.236950991689677e-01 
 1.469918877079632e-07  4.236347423180361e-01 
 1.470118877079632e-07  4.235743975303791e-01 
 1.470318877079632e-07  4.235140648035858e-01 
 1.470518877079632e-07  4.234537441352457e-01 
 1.470718877079632e-07  4.233934355229487e-01 
 1.470918877079632e-07  4.233331389642852e-01 
 1.471118877079632e-07  4.232728544568460e-01 
 1.471318877079632e-07  4.232125819982225e-01 
 1.471518877079632e-07  4.231523215860068e-01 
 1.471718877079632e-07  4.230920732177911e-01 
 1.471918877079632e-07  4.230318368911681e-01 
 1.472118877079632e-07  4.229716126037312e-01 
 1.472318877079632e-07  4.229114003530742e-01 
 1.472518877079631e-07  4.228512001367911e-01 
 1.472718877079631e-07  4.227910119524769e-01 
 1.472918877079631e-07  4.227308357977269e-01 
 1.473118877079631e-07  4.226706716701366e-01 
 1.473318877079631e-07  4.226105195673021e-01 
 1.473518877079631e-07  4.225503794868202e-01 
 1.473718877079631e-07  4.224902514262882e-01 
 1.473918877079631e-07  4.224301353833035e-01 
 1.474118877079631e-07  4.223700313554645e-01 
 1.474318877079631e-07  4.223099393403694e-01 
 1.474518877079631e-07  4.222498593356173e-01 
 1.474718877079631e-07  4.221897913388079e-01 
 1.474918877079631e-07  4.221297353475412e-01 
 1.475118877079631e-07  4.220696913594176e-01 
 1.475318877079631e-07  4.220096593720382e-01 
 1.475518877079631e-07  4.219496393830045e-01 
 1.475718877079631e-07  4.218896313899183e-01 
 1.475918877079631e-07  4.218296353903822e-01 
 1.476118877079631e-07  4.217696513819989e-01 
 1.476318877079631e-07  4.217096793623720e-01 
 1.476518877079631e-07  4.216497193291052e-01 
 1.476718877079631e-07  4.215897712798028e-01 
 1.476918877079631e-07  4.215298352120698e-01 
 1.477118877079631e-07  4.214699111235113e-01 
 1.477318877079631e-07  4.214099990117333e-01 
 1.477518877079631e-07  4.213500988743418e-01 
 1.477718877079630e-07  4.212902107089435e-01 
 1.477918877079630e-07  4.212303345131456e-01 
 1.478118877079630e-07  4.211704702845561e-01 
 1.478318877079630e-07  4.211106180207829e-01 
 1.478518877079630e-07  4.210507777194347e-01 
 1.478718877079630e-07  4.209909493781208e-01 
 1.478918877079630e-07  4.209311329944505e-01 
 1.479118877079630e-07  4.208713285660342e-01 
 1.479318877079630e-07  4.208115360904821e-01 
 1.479518877079630e-07  4.207517555654053e-01 
 1.479718877079630e-07  4.206919869884155e-01 
 1.479918877079630e-07  4.206322303571247e-01 
 1.480118877079630e-07  4.205724856691452e-01 
 1.480318877079630e-07  4.205127529220901e-01 
 1.480518877079630e-07  4.204530321135726e-01 
 1.480718877079630e-07  4.203933232412067e-01 
 1.480918877079630e-07  4.203336263026069e-01 
 1.481118877079630e-07  4.202739412953879e-01 
 1.481318877079630e-07  4.202142682171651e-01 
 1.481518877079630e-07  4.201546070655541e-01 
 1.481718877079630e-07  4.200949578381714e-01 
 1.481918877079630e-07  4.200353205326336e-01 
 1.482118877079630e-07  4.199756951465582e-01 
 1.482318877079630e-07  4.199160816775626e-01 
 1.482518877079630e-07  4.198564801232651e-01 
 1.482718877079630e-07  4.197968904812842e-01 
 1.482918877079630e-07  4.197373127492393e-01 
 1.483118877079629e-07  4.196777469247499e-01 
 1.483318877079629e-07  4.196181930054361e-01 
 1.483518877079629e-07  4.195586509889185e-01 
 1.483718877079629e-07  4.194991208728180e-01 
 1.483918877079629e-07  4.194396026547561e-01 
 1.484118877079629e-07  4.193800963323551e-01 
 1.484318877079629e-07  4.193206019032372e-01 
 1.484518877079629e-07  4.192611193650255e-01 
 1.484718877079629e-07  4.192016487153433e-01 
 1.484918877079629e-07  4.191421899518146e-01 
 1.485118877079629e-07  4.190827430720634e-01 
 1.485318877079629e-07  4.190233080737149e-01 
 1.485518877079629e-07  4.189638849543944e-01 
 1.485718877079629e-07  4.189044737117276e-01 
 1.485918877079629e-07  4.188450743433408e-01 
 1.486118877079629e-07  4.187856868468606e-01 
 1.486318877079629e-07  4.187263112199144e-01 
 1.486518877079629e-07  4.186669474601299e-01 
 1.486718877079629e-07  4.186075955651350e-01 
 1.486918877079629e-07  4.185482555325585e-01 
 1.487118877079629e-07  4.184889273600295e-01 
 1.487318877079629e-07  4.184296110451776e-01 
 1.487518877079629e-07  4.183703065856329e-01 
 1.487718877079629e-07  4.183110139790259e-01 
 1.487918877079629e-07  4.182517332229875e-01 
 1.488118877079629e-07  4.181924643151493e-01 
 1.488318877079628e-07  4.181332072531430e-01 
 1.488518877079628e-07  4.180739620346013e-01 
 1.488718877079628e-07  4.180147286571571e-01 
 1.488918877079628e-07  4.179555071184437e-01 
 1.489118877079628e-07  4.178962974160949e-01 
 1.489318877079628e-07  4.178370995477450e-01 
 1.489518877079628e-07  4.177779135110289e-01 
 1.489718877079628e-07  4.177187393035819e-01 
 1.489918877079628e-07  4.176595769230396e-01 
 1.490118877079628e-07  4.176004263670381e-01 
 1.490318877079628e-07  4.175412876332144e-01 
 1.490518877079628e-07  4.174821607192052e-01 
 1.490718877079628e-07  4.174230456226485e-01 
 1.490918877079628e-07  4.173639423411823e-01 
 1.491118877079628e-07  4.173048508724452e-01 
 1.491318877079628e-07  4.172457712140760e-01 
 1.491518877079628e-07  4.171867033637146e-01 
 1.491718877079628e-07  4.171276473190006e-01 
 1.491918877079628e-07  4.170686030775746e-01 
 1.492118877079628e-07  4.170095706370776e-01 
 1.492318877079628e-07  4.169505499951510e-01 
 1.492518877079628e-07  4.168915411494366e-01 
 1.492718877079628e-07  4.168325440975768e-01 
 1.492918877079628e-07  4.167735588372144e-01 
 1.493118877079628e-07  4.167145853659927e-01 
 1.493318877079628e-07  4.166556236815553e-01 
 1.493518877079628e-07  4.165966737815466e-01 
 1.493718877079627e-07  4.165377356636111e-01 
 1.493918877079627e-07  4.164788093253943e-01 
 1.494118877079627e-07  4.164198947645417e-01 
 1.494318877079627e-07  4.163609919786991e-01 
 1.494518877079627e-07  4.163021009655133e-01 
 1.494718877079627e-07  4.162432217226315e-01 
 1.494918877079627e-07  4.161843542477011e-01 
 1.495118877079627e-07  4.161254985383701e-01 
 1.495318877079627e-07  4.160666545922868e-01 
 1.495518877079627e-07  4.160078224071003e-01 
 1.495718877079627e-07  4.159490019804600e-01 
 1.495918877079627e-07  4.158901933100158e-01 
 1.496118877079627e-07  4.158313963934180e-01 
 1.496318877079627e-07  4.157726112283173e-01 
 1.496518877079627e-07  4.157138378123649e-01 
 1.496718877079627e-07  4.156550761432129e-01 
 1.496918877079627e-07  4.155963262185133e-01 
 1.497118877079627e-07  4.155375880359187e-01 
 1.497318877079627e-07  4.154788615930823e-01 
 1.497518877079627e-07  4.154201468876578e-01 
 1.497718877079627e-07  4.153614439172994e-01 
 1.497918877079627e-07  4.153027526796615e-01 
 1.498118877079627e-07  4.152440731723991e-01 
 1.498318877079627e-07  4.151854053931678e-01 
 1.498518877079627e-07  4.151267493396236e-01 
 1.498718877079627e-07  4.150681050094228e-01 
 1.498918877079626e-07  4.150094724002223e-01 
 1.499118877079626e-07  4.149508515096797e-01 
 1.499318877079626e-07  4.148922423354526e-01 
 1.499518877079626e-07  4.148336448751993e-01 
 1.499718877079626e-07  4.147750591265786e-01 
 1.499918877079626e-07  4.147164850872498e-01 
 1.500118877079626e-07  4.146579227548728e-01 
 1.500318877079626e-07  4.145993721271076e-01 
 1.500518877079626e-07  4.145408332016148e-01 
 1.500718877079626e-07  4.144823059760555e-01 
 1.500918877079626e-07  4.144237904480914e-01 
 1.501118877079626e-07  4.143652866153844e-01 
 1.501318877079626e-07  4.143067944755972e-01 
 1.501518877079626e-07  4.142483140263927e-01 
 1.501718877079626e-07  4.141898452654343e-01 
 1.501918877079626e-07  4.141313881903861e-01 
 1.502118877079626e-07  4.140729427989123e-01 
 1.502318877079626e-07  4.140145090886778e-01 
 1.502518877079626e-07  4.139560870573480e-01 
 1.502718877079626e-07  4.138976767025885e-01 
 1.502918877079626e-07  4.138392780220658e-01 
 1.503118877079626e-07  4.137808910134464e-01 
 1.503318877079626e-07  4.137225156743978e-01 
 1.503518877079626e-07  4.136641520025874e-01 
 1.503718877079626e-07  4.136057999956831e-01 
 1.503918877079626e-07  4.135474596513538e-01 
 1.504118877079625e-07  4.134891309672684e-01 
 1.504318877079625e-07  4.134308139410966e-01 
 1.504518877079625e-07  4.133725085705083e-01 
 1.504718877079625e-07  4.133142148531737e-01 
 1.504918877079625e-07  4.132559327867641e-01 
 1.505118877079625e-07  4.131976623689507e-01 
 1.505318877079625e-07  4.131394035974054e-01 
 1.505518877079625e-07  4.130811564698004e-01 
 1.505718877079625e-07  4.130229209838086e-01 
 1.505918877079625e-07  4.129646971371029e-01 
 1.506118877079625e-07  4.129064849273575e-01 
 1.506318877079625e-07  4.128482843522464e-01 
 1.506518877079625e-07  4.127900954094441e-01 
 1.506718877079625e-07  4.127319180966257e-01 
 1.506918877079625e-07  4.126737524114669e-01 
 1.507118877079625e-07  4.126155983516437e-01 
 1.507318877079625e-07  4.125574559148328e-01 
 1.507518877079625e-07  4.124993250987107e-01 
 1.507718877079625e-07  4.124412059009550e-01 
 1.507918877079625e-07  4.123830983192435e-01 
 1.508118877079625e-07  4.123250023512547e-01 
 1.508318877079625e-07  4.122669179946676e-01 
 1.508518877079625e-07  4.122088452471612e-01 
 1.508718877079625e-07  4.121507841064154e-01 
 1.508918877079625e-07  4.120927345701104e-01 
 1.509118877079625e-07  4.120346966359268e-01 
 1.509318877079625e-07  4.119766703015457e-01 
 1.509518877079624e-07  4.119186555646486e-01 
 1.509718877079624e-07  4.118606524229177e-01 
 1.509918877079624e-07  4.118026608740356e-01 
 1.510118877079624e-07  4.117446809156850e-01 
 1.510318877079624e-07  4.116867125455496e-01 
 1.510518877079624e-07  4.116287557613133e-01 
 1.510718877079624e-07  4.115708105606604e-01 
 1.510918877079624e-07  4.115128769412756e-01 
 1.511118877079624e-07  4.114549549008444e-01 
 1.511318877079624e-07  4.113970444370524e-01 
 1.511518877079624e-07  4.113391455475861e-01 
 1.511718877079624e-07  4.112812582301321e-01 
 1.511918877079624e-07  4.112233824823774e-01 
 1.512118877079624e-07  4.111655183020096e-01 
 1.512318877079624e-07  4.111076656867169e-01 
 1.512518877079624e-07  4.110498246341878e-01 
 1.512718877079624e-07  4.109919951421113e-01 
 1.512918877079624e-07  4.109341772081769e-01 
 1.513118877079624e-07  4.108763708300745e-01 
 1.513318877079624e-07  4.108185760054946e-01 
 1.513518877079624e-07  4.107607927321277e-01 
 1.513718877079624e-07  4.107030210076653e-01 
 1.513918877079624e-07  4.106452608297992e-01 
 1.514118877079624e-07  4.105875121962216e-01 
 1.514318877079624e-07  4.105297751046252e-01 
 1.514518877079624e-07  4.104720495527033e-01 
 1.514718877079623e-07  4.104143355381495e-01 
 1.514918877079623e-07  4.103566330586576e-01 
 1.515118877079623e-07  4.102989421119221e-01 
 1.515318877079623e-07  4.102412626956384e-01 
 1.515518877079623e-07  4.101835948075017e-01 
 1.515718877079623e-07  4.101259384452079e-01 
 1.515918877079623e-07  4.100682936064535e-01 
 1.516118877079623e-07  4.100106602889353e-01 
 1.516318877079623e-07  4.099530384903505e-01 
 1.516518877079623e-07  4.098954282083970e-01 
 1.516718877079623e-07  4.098378294407729e-01 
 1.516918877079623e-07  4.097802421851769e-01 
 1.517118877079623e-07  4.097226664393080e-01 
 1.517318877079623e-07  4.096651022008660e-01 
 1.517518877079623e-07  4.096075494675511e-01 
 1.517718877079623e-07  4.095500082370637e-01 
 1.517918877079623e-07  4.094924785071046e-01 
 1.518118877079623e-07  4.094349602753753e-01 
 1.518318877079623e-07  4.093774535395777e-01 
 1.518518877079623e-07  4.093199582974143e-01 
 1.518718877079623e-07  4.092624745465878e-01 
 1.518918877079623e-07  4.092050022848015e-01 
 1.519118877079623e-07  4.091475415097592e-01 
 1.519318877079623e-07  4.090900922191651e-01 
 1.519518877079623e-07  4.090326544107237e-01 
 1.519718877079623e-07  4.089752280821400e-01 
 1.519918877079622e-07  4.089178132311199e-01 
 1.520118877079622e-07  4.088604098553693e-01 
 1.520318877079622e-07  4.088030179525945e-01 
 1.520518877079622e-07  4.087456375205026e-01 
 1.520718877079622e-07  4.086882685568010e-01 
 1.520918877079622e-07  4.086309110591977e-01 
 1.521118877079622e-07  4.085735650254008e-01 
 1.521318877079622e-07  4.085162304531192e-01 
 1.521518877079622e-07  4.084589073400622e-01 
 1.521718877079622e-07  4.084015956839394e-01 
 1.521918877079622e-07  4.083442954824609e-01 
 1.522118877079622e-07  4.082870067333375e-01 
 1.522318877079622e-07  4.082297294342799e-01 
 1.522518877079622e-07  4.081724635829999e-01 
 1.522718877079622e-07  4.081152091772093e-01 
 1.522918877079622e-07  4.080579662146208e-01 
 1.523118877079622e-07  4.080007346929471e-01 
 1.523318877079622e-07  4.079435146099015e-01 
 1.523518877079622e-07  4.078863059631979e-01 
 1.523718877079622e-07  4.078291087505507e-01 
 1.523918877079622e-07  4.077719229696743e-01 
 1.524118877079622e-07  4.077147486182842e-01 
 1.524318877079622e-07  4.076575856940960e-01 
 1.524518877079622e-07  4.076004341948257e-01 
 1.524718877079622e-07  4.075432941181898e-01 
 1.524918877079622e-07  4.074861654619054e-01 
 1.525118877079622e-07  4.074290482236898e-01 
 1.525318877079621e-07  4.073719424012611e-01 
 1.525518877079621e-07  4.073148479923377e-01 
 1.525718877079621e-07  4.072577649946385e-01 
 1.525918877079621e-07  4.072006934058826e-01 
 1.526118877079621e-07  4.071436332237897e-01 
 1.526318877079621e-07  4.070865844460800e-01 
 1.526518877079621e-07  4.070295470704742e-01 
 1.526718877079621e-07  4.069725210946933e-01 
 1.526918877079621e-07  4.069155065164592e-01 
 1.527118877079621e-07  4.068585033334937e-01 
 1.527318877079621e-07  4.068015115435192e-01 
 1.527518877079621e-07  4.067445311442588e-01 
 1.527718877079621e-07  4.066875621334358e-01 
 1.527918877079621e-07  4.066306045087741e-01 
 1.528118877079621e-07  4.065736582679980e-01 
 1.528318877079621e-07  4.065167234088322e-01 
 1.528518877079621e-07  4.064597999290018e-01 
 1.528718877079621e-07  4.064028878262327e-01 
 1.528918877079621e-07  4.063459870982509e-01 
 1.529118877079621e-07  4.062890977427829e-01 
 1.529318877079621e-07  4.062322197575556e-01 
 1.529518877079621e-07  4.061753531402968e-01 
 1.529718877079621e-07  4.061184978887342e-01 
 1.529918877079621e-07  4.060616540005963e-01 
 1.530118877079621e-07  4.060048214736118e-01 
 1.530318877079621e-07  4.059480003055101e-01 
 1.530518877079620e-07  4.058911904940209e-01 
 1.530718877079620e-07  4.058343920368744e-01 
 1.530918877079620e-07  4.057776049318014e-01 
 1.531118877079620e-07  4.057208291765330e-01 
 1.531318877079620e-07  4.056640647688005e-01 
 1.531518877079620e-07  4.056073117063362e-01 
 1.531718877079620e-07  4.055505699868726e-01 
 1.531918877079620e-07  4.054938396081423e-01 
 1.532118877079620e-07  4.054371205678788e-01 
 1.532318877079620e-07  4.053804128638159e-01 
 1.532518877079620e-07  4.053237164936881e-01 
 1.532718877079620e-07  4.052670314552300e-01 
 1.532918877079620e-07  4.052103577461768e-01 
 1.533118877079620e-07  4.051536953642642e-01 
 1.533318877079620e-07  4.050970443072280e-01 
 1.533518877079620e-07  4.050404045728052e-01 
 1.533718877079620e-07  4.049837761587324e-01 
 1.533918877079620e-07  4.049271590627472e-01 
 1.534118877079620e-07  4.048705532825875e-01 
 1.534318877079620e-07  4.048139588159917e-01 
 1.534518877079620e-07  4.047573756606985e-01 
 1.534718877079620e-07  4.047008038144472e-01 
 1.534918877079620e-07  4.046442432749774e-01 
 1.535118877079620e-07  4.045876940400295e-01 
 1.535318877079620e-07  4.045311561073440e-01 
 1.535518877079620e-07  4.044746294746619e-01 
 1.535718877079620e-07  4.044181141397248e-01 
 1.535918877079619e-07  4.043616101002747e-01 
 1.536118877079619e-07  4.043051173540539e-01 
 1.536318877079619e-07  4.042486358988053e-01 
 1.536518877079619e-07  4.041921657322723e-01 
 1.536718877079619e-07  4.041357068521986e-01 
 1.536918877079619e-07  4.040792592563285e-01 
 1.537118877079619e-07  4.040228229424065e-01 
 1.537318877079619e-07  4.039663979081779e-01 
 1.537518877079619e-07  4.039099841513882e-01 
 1.537718877079619e-07  4.038535816697835e-01 
 1.537918877079619e-07  4.037971904611101e-01 
 1.538118877079619e-07  4.037408105231151e-01 
 1.538318877079619e-07  4.036844418535458e-01 
 1.538518877079619e-07  4.036280844501500e-01 
 1.538718877079619e-07  4.035717383106761e-01 
 1.538918877079619e-07  4.035154034328728e-01 
 1.539118877079619e-07  4.034590798144893e-01 
 1.539318877079619e-07  4.034027674532751e-01 
 1.539518877079619e-07  4.033464663469801e-01 
 1.539718877079619e-07  4.032901764933551e-01 
 1.539918877079619e-07  4.032338978901512e-01 
 1.540118877079619e-07  4.031776305351195e-01 
 1.540318877079619e-07  4.031213744260120e-01 
 1.540518877079619e-07  4.030651295605810e-01 
 1.540718877079619e-07  4.030088959365793e-01 
 1.540918877079619e-07  4.029526735517603e-01 
 1.541118877079618e-07  4.028964624038776e-01 
 1.541318877079618e-07  4.028402624906849e-01 
 1.541518877079618e-07  4.027840738099372e-01 
 1.541718877079618e-07  4.027278963593897e-01 
 1.541918877079618e-07  4.026717301367974e-01 
 1.542118877079618e-07  4.026155751399164e-01 
 1.542318877079618e-07  4.025594313665031e-01 
 1.542518877079618e-07  4.025032988143143e-01 
 1.542718877079618e-07  4.024471774811073e-01 
 1.542918877079618e-07  4.023910673646396e-01 
 1.543118877079618e-07  4.023349684626695e-01 
 1.543318877079618e-07  4.022788807729558e-01 
 1.543518877079618e-07  4.022228042932575e-01 
 1.543718877079618e-07  4.021667390213337e-01 
 1.543918877079618e-07  4.021106849549446e-01 
 1.544118877079618e-07  4.020546420918506e-01 
 1.544318877079618e-07  4.019986104298126e-01 
 1.544518877079618e-07  4.019425899665919e-01 
 1.544718877079618e-07  4.018865806999503e-01 
 1.544918877079618e-07  4.018305826276498e-01 
 1.545118877079618e-07  4.017745957474530e-01 
 1.545318877079618e-07  4.017186200571231e-01 
 1.545518877079618e-07  4.016626555544238e-01 
 1.545718877079618e-07  4.016067022371187e-01 
 1.545918877079618e-07  4.015507601029725e-01 
 1.546118877079618e-07  4.014948291497500e-01 
 1.546318877079617e-07  4.014389093752164e-01 
 1.546518877079617e-07  4.013830007771376e-01 
 1.546718877079617e-07  4.013271033532799e-01 
 1.546918877079617e-07  4.012712171014097e-01 
 1.547118877079617e-07  4.012153420192943e-01 
 1.547318877079617e-07  4.011594781047013e-01 
 1.547518877079617e-07  4.011036253553984e-01 
 1.547718877079617e-07  4.010477837691542e-01 
 1.547918877079617e-07  4.009919533437376e-01 
 1.548118877079617e-07  4.009361340769179e-01 
 1.548318877079617e-07  4.008803259664648e-01 
 1.548518877079617e-07  4.008245290101486e-01 
 1.548718877079617e-07  4.007687432057400e-01 
 1.548918877079617e-07  4.007129685510101e-01 
 1.549118877079617e-07  4.006572050437306e-01 
 1.549318877079617e-07  4.006014526816732e-01 
 1.549518877079617e-07  4.005457114626107e-01 
 1.549718877079617e-07  4.004899813843158e-01 
 1.549918877079617e-07  4.004342624445618e-01 
 1.550118877079617e-07  4.003785546411227e-01 
 1.550318877079617e-07  4.003228579717724e-01 
 1.550518877079617e-07  4.002671724342857e-01 
 1.550718877079617e-07  4.002114980264378e-01 
 1.550918877079617e-07  4.001558347460042e-01 
 1.551118877079617e-07  4.001001825907611e-01 
 1.551318877079617e-07  4.000445415584848e-01 
 1.551518877079617e-07  3.999889116469522e-01 
 1.551718877079616e-07  3.999332928539406e-01 
 1.551918877079616e-07  3.998776851772279e-01 
 1.552118877079616e-07  3.998220886145921e-01 
 1.552318877079616e-07  3.997665031638121e-01 
 1.552518877079616e-07  3.997109288226670e-01 
 1.552718877079616e-07  3.996553655889363e-01 
 1.552918877079616e-07  3.995998134604001e-01 
 1.553118877079616e-07  3.995442724348387e-01 
 1.553318877079616e-07  3.994887425100331e-01 
 1.553518877079616e-07  3.994332236837646e-01 
 1.553718877079616e-07  3.993777159538150e-01 
 1.553918877079616e-07  3.993222193179665e-01 
 1.554118877079616e-07  3.992667337740018e-01 
 1.554318877079616e-07  3.992112593197039e-01 
 1.554518877079616e-07  3.991557959528564e-01 
 1.554718877079616e-07  3.991003436712435e-01 
 1.554918877079616e-07  3.990449024726496e-01 
 1.555118877079616e-07  3.989894723548593e-01 
 1.555318877079616e-07  3.989340533156581e-01 
 1.555518877079616e-07  3.988786453528319e-01 
 1.555718877079616e-07  3.988232484641667e-01 
 1.555918877079616e-07  3.987678626474493e-01 
 1.556118877079616e-07  3.987124879004667e-01 
 1.556318877079616e-07  3.986571242210064e-01 
 1.556518877079616e-07  3.986017716068564e-01 
 1.556718877079616e-07  3.985464300558054e-01 
 1.556918877079615e-07  3.984910995656420e-01 
 1.557118877079615e-07  3.984357801341555e-01 
 1.557318877079615e-07  3.983804717591357e-01 
 1.557518877079615e-07  3.983251744383725e-01 
 1.557718877079615e-07  3.982698881696569e-01 
 1.557918877079615e-07  3.982146129507799e-01 
 1.558118877079615e-07  3.981593487795330e-01 
 1.558318877079615e-07  3.981040956537082e-01 
 1.558518877079615e-07  3.980488535710979e-01 
 1.558718877079615e-07  3.979936225294948e-01 
 1.558918877079615e-07  3.979384025266923e-01 
 1.559118877079615e-07  3.978831935604840e-01 
 1.559318877079615e-07  3.978279956286642e-01 
 1.559518877079615e-07  3.977728087290276e-01 
 1.559718877079615e-07  3.977176328593690e-01 
 1.559918877079615e-07  3.976624680174840e-01 
 1.560118877079615e-07  3.976073142011686e-01 
 1.560318877079615e-07  3.975521714082189e-01 
 1.560518877079615e-07  3.974970396364320e-01 
 1.560718877079615e-07  3.974419188836051e-01 
 1.560918877079615e-07  3.973868091475359e-01 
 1.561118877079615e-07  3.973317104260224e-01 
 1.561318877079615e-07  3.972766227168632e-01 
 1.561518877079615e-07  3.972215460178571e-01 
 1.561718877079615e-07  3.971664803268038e-01 
 1.561918877079615e-07  3.971114256415030e-01 
 1.562118877079614e-07  3.970563819597552e-01 
 1.562318877079614e-07  3.970013492793613e-01 
 1.562518877079614e-07  3.969463275981223e-01 
 1.562718877079614e-07  3.968913169138397e-01 
 1.562918877079614e-07  3.968363172243158e-01 
 1.563118877079614e-07  3.967813285273533e-01 
 1.563318877079614e-07  3.967263508207549e-01 
 1.563518877079614e-07  3.966713841023239e-01 
 1.563718877079614e-07  3.966164283698645e-01 
 1.563918877079614e-07  3.965614836211807e-01 
 1.564118877079614e-07  3.965065498540773e-01 
 1.564318877079614e-07  3.964516270663593e-01 
 1.564518877079614e-07  3.963967152558326e-01 
 1.564718877079614e-07  3.963418144203031e-01 
 1.564918877079614e-07  3.962869245575771e-01 
 1.565118877079614e-07  3.962320456654619e-01 
 1.565318877079614e-07  3.961771777417646e-01 
 1.565518877079614e-07  3.961223207842930e-01 
 1.565718877079614e-07  3.960674747908554e-01 
 1.565918877079614e-07  3.960126397592602e-01 
 1.566118877079614e-07  3.959578156873168e-01 
 1.566318877079614e-07  3.959030025728346e-01 
 1.566518877079614e-07  3.958482004136236e-01 
 1.566718877079614e-07  3.957934092074943e-01 
 1.566918877079614e-07  3.957386289522574e-01 
 1.567118877079614e-07  3.956838596457244e-01 
 1.567318877079614e-07  3.956291012857069e-01 
 1.567518877079613e-07  3.955743538700171e-01 
 1.567718877079613e-07  3.955196173964675e-01 
 1.567918877079613e-07  3.954648918628710e-01 
 1.568118877079613e-07  3.954101772670414e-01 
 1.568318877079613e-07  3.953554736067926e-01 
 1.568518877079613e-07  3.953007808799389e-01 
 1.568718877079613e-07  3.952460990842949e-01 
 1.568918877079613e-07  3.951914282176759e-01 
 1.569118877079613e-07  3.951367682778976e-01 
 1.569318877079613e-07  3.950821192627761e-01 
 1.569518877079613e-07  3.950274811701280e-01 
 1.569718877079613e-07  3.949728539977702e-01 
 1.569918877079613e-07  3.949182377435203e-01 
 1.570118877079613e-07  3.948636324051960e-01 
 1.570318877079613e-07  3.948090379806156e-01 
 1.570518877079613e-07  3.947544544675978e-01 
 1.570718877079613e-07  3.946998818639616e-01 
 1.570918877079613e-07  3.946453201675268e-01 
 1.571118877079613e-07  3.945907693761133e-01 
 1.571318877079613e-07  3.945362294875415e-01 
 1.571518877079613e-07  3.944817004996323e-01 
 1.571718877079613e-07  3.944271824102071e-01 
 1.571918877079613e-07  3.943726752170879e-01 
 1.572118877079613e-07  3.943181789180965e-01 
 1.572318877079613e-07  3.942636935110558e-01 
 1.572518877079613e-07  3.942092189937887e-01 
 1.572718877079612e-07  3.941547553641188e-01 
 1.572918877079612e-07  3.941003026198700e-01 
 1.573118877079612e-07  3.940458607588668e-01 
 1.573318877079612e-07  3.939914297789340e-01 
 1.573518877079612e-07  3.939370096778968e-01 
 1.573718877079612e-07  3.938826004535806e-01 
 1.573918877079612e-07  3.938282021038119e-01 
 1.574118877079612e-07  3.937738146264171e-01 
 1.574318877079612e-07  3.937194380192233e-01 
 1.574518877079612e-07  3.936650722800578e-01 
 1.574718877079612e-07  3.936107174067484e-01 
 1.574918877079612e-07  3.935563733971233e-01 
 1.575118877079612e-07  3.935020402490115e-01 
 1.575318877079612e-07  3.934477179602420e-01 
 1.575518877079612e-07  3.933934065286443e-01 
 1.575718877079612e-07  3.933391059520487e-01 
 1.575918877079612e-07  3.932848162282854e-01 
 1.576118877079612e-07  3.932305373551854e-01 
 1.576318877079612e-07  3.931762693305801e-01 
 1.576518877079612e-07  3.931220121523012e-01 
 1.576718877079612e-07  3.930677658181809e-01 
 1.576918877079612e-07  3.930135303260519e-01 
 1.577118877079612e-07  3.929593056737470e-01 
 1.577318877079612e-07  3.929050918590998e-01 
 1.577518877079612e-07  3.928508888799442e-01 
 1.577718877079612e-07  3.927966967341146e-01 
 1.577918877079612e-07  3.927425154194458e-01 
 1.578118877079611e-07  3.926883449337730e-01 
 1.578318877079611e-07  3.926341852749319e-01 
 1.578518877079611e-07  3.925800364407585e-01 
 1.578718877079611e-07  3.925258984290894e-01 
 1.578918877079611e-07  3.924717712377614e-01 
 1.579118877079611e-07  3.924176548646122e-01 
 1.579318877079611e-07  3.923635493074793e-01 
 1.579518877079611e-07  3.923094545642010e-01 
 1.579718877079611e-07  3.922553706326161e-01 
 1.579918877079611e-07  3.922012975105637e-01 
 1.580118877079611e-07  3.921472351958831e-01 
 1.580318877079611e-07  3.920931836864145e-01 
 1.580518877079611e-07  3.920391429799983e-01 
 1.580718877079611e-07  3.919851130744756e-01 
 1.580918877079611e-07  3.919310939676873e-01 
 1.581118877079611e-07  3.918770856574751e-01 
 1.581318877079611e-07  3.918230881416814e-01 
 1.581518877079611e-07  3.917691014181485e-01 
 1.581718877079611e-07  3.917151254847194e-01 
 1.581918877079611e-07  3.916611603392375e-01 
 1.582118877079611e-07  3.916072059795469e-01 
 1.582318877079611e-07  3.915532624034919e-01 
 1.582518877079611e-07  3.914993296089169e-01 
 1.582718877079611e-07  3.914454075936674e-01 
 1.582918877079611e-07  3.913914963555887e-01 
 1.583118877079611e-07  3.913375958925270e-01 
 1.583318877079610e-07  3.912837062023287e-01 
 1.583518877079610e-07  3.912298272828408e-01 
 1.583718877079610e-07  3.911759591319103e-01 
 1.583918877079610e-07  3.911221017473850e-01 
 1.584118877079610e-07  3.910682551271131e-01 
 1.584318877079610e-07  3.910144192689430e-01 
 1.584518877079610e-07  3.909605941707242e-01 
 1.584718877079610e-07  3.909067798303059e-01 
 1.584918877079610e-07  3.908529762455379e-01 
 1.585118877079610e-07  3.907991834142707e-01 
 1.585318877079610e-07  3.907454013343549e-01 
 1.585518877079610e-07  3.906916300036417e-01 
 1.585718877079610e-07  3.906378694199826e-01 
 1.585918877079610e-07  3.905841195812300e-01 
 1.586118877079610e-07  3.905303804852361e-01 
 1.586318877079610e-07  3.904766521298538e-01 
 1.586518877079610e-07  3.904229345129364e-01 
 1.586718877079610e-07  3.903692276323376e-01 
 1.586918877079610e-07  3.903155314859116e-01 
 1.587118877079610e-07  3.902618460715132e-01 
 1.587318877079610e-07  3.902081713869974e-01 
 1.587518877079610e-07  3.901545074302195e-01 
 1.587718877079610e-07  3.901008541990353e-01 
 1.587918877079610e-07  3.900472116913014e-01 
 1.588118877079610e-07  3.899935799048743e-01 
 1.588318877079610e-07  3.899399588376112e-01 
 1.588518877079609e-07  3.898863484873699e-01 
 1.588718877079609e-07  3.898327488520083e-01 
 1.588918877079609e-07  3.897791599293848e-01 
 1.589118877079609e-07  3.897255817173584e-01 
 1.589318877079609e-07  3.896720142137884e-01 
 1.589518877079609e-07  3.896184574165347e-01 
 1.589718877079609e-07  3.895649113234572e-01 
 1.589918877079609e-07  3.895113759324166e-01 
 1.590118877079609e-07  3.894578512412739e-01 
 1.590318877079609e-07  3.894043372478904e-01 
 1.590518877079609e-07  3.893508339501285e-01 
 1.590718877079609e-07  3.892973413458501e-01 
 1.590918877079609e-07  3.892438594329179e-01 
 1.591118877079609e-07  3.891903882091954e-01 
 1.591318877079609e-07  3.891369276725459e-01 
 1.591518877079609e-07  3.890834778208334e-01 
 1.591718877079609e-07  3.890300386519225e-01 
 1.591918877079609e-07  3.889766101636782e-01 
 1.592118877079609e-07  3.889231923539655e-01 
 1.592318877079609e-07  3.888697852206502e-01 
 1.592518877079609e-07  3.888163887615985e-01 
 1.592718877079609e-07  3.887630029746769e-01 
 1.592918877079609e-07  3.887096278577525e-01 
 1.593118877079609e-07  3.886562634086927e-01 
 1.593318877079609e-07  3.886029096253656e-01 
 1.593518877079609e-07  3.885495665056391e-01 
 1.593718877079609e-07  3.884962340473820e-01 
 1.593918877079608e-07  3.884429122484637e-01 
 1.594118877079608e-07  3.883896011067535e-01 
 1.594318877079608e-07  3.883363006201214e-01 
 1.594518877079608e-07  3.882830107864379e-01 
 1.594718877079608e-07  3.882297316035739e-01 
 1.594918877079608e-07  3.881764630694005e-01 
 1.595118877079608e-07  3.881232051817894e-01 
 1.595318877079608e-07  3.880699579386129e-01 
 1.595518877079608e-07  3.880167213377433e-01 
 1.595718877079608e-07  3.879634953770538e-01 
 1.595918877079608e-07  3.879102800544176e-01 
 1.596118877079608e-07  3.878570753677086e-01 
 1.596318877079608e-07  3.878038813148011e-01 
 1.596518877079608e-07  3.877506978935699e-01 
 1.596718877079608e-07  3.876975251018898e-01 
 1.596918877079608e-07  3.876443629376363e-01 
 1.597118877079608e-07  3.875912113986854e-01 
 1.597318877079608e-07  3.875380704829135e-01 
 1.597518877079608e-07  3.874849401881974e-01 
 1.597718877079608e-07  3.874318205124144e-01 
 1.597918877079608e-07  3.873787114534420e-01 
 1.598118877079608e-07  3.873256130091583e-01 
 1.598318877079608e-07  3.872725251774419e-01 
 1.598518877079608e-07  3.872194479561715e-01 
 1.598718877079608e-07  3.871663813432265e-01 
 1.598918877079608e-07  3.871133253364868e-01 
 1.599118877079607e-07  3.870602799338325e-01 
 1.599318877079607e-07  3.870072451331441e-01 
 1.599518877079607e-07  3.869542209323028e-01 
 1.599718877079607e-07  3.869012073291900e-01 
 1.599918877079607e-07  3.868482043216875e-01 
 1.600118877079607e-07  3.867952119076778e-01 
 1.600318877079607e-07  3.867422300850435e-01 
 1.600518877079607e-07  3.866892588516677e-01 
 1.600718877079607e-07  3.866362982054339e-01 
 1.600918877079607e-07  3.865833481442262e-01 
 1.601118877079607e-07  3.865304086659290e-01 
 1.601318877079607e-07  3.864774797684271e-01 
 1.601518877079607e-07  3.864245614496059e-01 
 1.601718877079607e-07  3.863716537073509e-01 
 1.601918877079607e-07  3.863187565395483e-01 
 1.602118877079607e-07  3.862658699440846e-01 
 1.602318877079607e-07  3.862129939188467e-01 
 1.602518877079607e-07  3.861601284617220e-01 
 1.602718877079607e-07  3.861072735705984e-01 
 1.602918877079607e-07  3.860544292433640e-01 
 1.603118877079607e-07  3.860015954779074e-01 
 1.603318877079607e-07  3.859487722721178e-01 
 1.603518877079607e-07  3.858959596238847e-01 
 1.603718877079607e-07  3.858431575310978e-01 
 1.603918877079607e-07  3.857903659916475e-01 
 1.604118877079607e-07  3.857375850034246e-01 
 1.604318877079606e-07  3.856848145643204e-01 
 1.604518877079606e-07  3.856320546722264e-01 
 1.604718877079606e-07  3.855793053250346e-01 
 1.604918877079606e-07  3.855265665206374e-01 
 1.605118877079606e-07  3.854738382569278e-01 
 1.605318877079606e-07  3.854211205317989e-01 
 1.605518877079606e-07  3.853684133431444e-01 
 1.605718877079606e-07  3.853157166888586e-01 
 1.605918877079606e-07  3.852630305668358e-01 
 1.606118877079606e-07  3.852103549749710e-01 
 1.606318877079606e-07  3.851576899111595e-01 
 1.606518877079606e-07  3.851050353732974e-01 
 1.606718877079606e-07  3.850523913592809e-01 
 1.606918877079606e-07  3.849997578670066e-01 
 1.607118877079606e-07  3.849471348943714e-01 
 1.607318877079606e-07  3.848945224392729e-01 
 1.607518877079606e-07  3.848419204996088e-01 
 1.607718877079606e-07  3.847893290732775e-01 
 1.607918877079606e-07  3.847367481581779e-01 
 1.608118877079606e-07  3.846841777522093e-01 
 1.608318877079606e-07  3.846316178532710e-01 
 1.608518877079606e-07  3.845790684592630e-01 
 1.608718877079606e-07  3.845265295680859e-01 
 1.608918877079606e-07  3.844740011776402e-01 
 1.609118877079606e-07  3.844214832858276e-01 
 1.609318877079606e-07  3.843689758905496e-01 
 1.609518877079606e-07  3.843164789897083e-01 
 1.609718877079605e-07  3.842639925812061e-01 
 1.609918877079605e-07  3.842115166629461e-01 
 1.610118877079605e-07  3.841590512328317e-01 
 1.610318877079605e-07  3.841065962887666e-01 
 1.610518877079605e-07  3.840541518286550e-01 
 1.610718877079605e-07  3.840017178504016e-01 
 1.610918877079605e-07  3.839492943519114e-01 
 1.611118877079605e-07  3.838968813310898e-01 
 1.611318877079605e-07  3.838444787858426e-01 
 1.611518877079605e-07  3.837920867140763e-01 
 1.611718877079605e-07  3.837397051136972e-01 
 1.611918877079605e-07  3.836873339826127e-01 
 1.612118877079605e-07  3.836349733187303e-01 
 1.612318877079605e-07  3.835826231199580e-01 
 1.612518877079605e-07  3.835302833842041e-01 
 1.612718877079605e-07  3.834779541093776e-01 
 1.612918877079605e-07  3.834256352933877e-01 
 1.613118877079605e-07  3.833733269341439e-01 
 1.613318877079605e-07  3.833210290295563e-01 
 1.613518877079605e-07  3.832687415775353e-01 
 1.613718877079605e-07  3.832164645759918e-01 
 1.613918877079605e-07  3.831641980228372e-01 
 1.614118877079605e-07  3.831119419159833e-01 
 1.614318877079605e-07  3.830596962533420e-01 
 1.614518877079605e-07  3.830074610328260e-01 
 1.614718877079605e-07  3.829552362523482e-01 
 1.614918877079604e-07  3.829030219098222e-01 
 1.615118877079604e-07  3.828508180031615e-01 
 1.615318877079604e-07  3.827986245302806e-01 
 1.615518877079604e-07  3.827464414890939e-01 
 1.615718877079604e-07  3.826942688775167e-01 
 1.615918877079604e-07  3.826421066934644e-01 
 1.616118877079604e-07  3.825899549348526e-01 
 1.616318877079604e-07  3.825378135995980e-01 
 1.616518877079604e-07  3.824856826856173e-01 
 1.616718877079604e-07  3.824335621908276e-01 
 1.616918877079604e-07  3.823814521131463e-01 
 1.617118877079604e-07  3.823293524504916e-01 
 1.617318877079604e-07  3.822772632007817e-01 
 1.617518877079604e-07  3.822251843619354e-01 
 1.617718877079604e-07  3.821731159318720e-01 
 1.617918877079604e-07  3.821210579085110e-01 
 1.618118877079604e-07  3.820690102897727e-01 
 1.618318877079604e-07  3.820169730735776e-01 
 1.618518877079604e-07  3.819649462578464e-01 
 1.618718877079604e-07  3.819129298405004e-01 
 1.618918877079604e-07  3.818609238194614e-01 
 1.619118877079604e-07  3.818089281926516e-01 
 1.619318877079604e-07  3.817569429579935e-01 
 1.619518877079604e-07  3.817049681134099e-01 
 1.619718877079604e-07  3.816530036568243e-01 
 1.619918877079604e-07  3.816010495861604e-01 
 1.620118877079604e-07  3.815491058993425e-01 
 1.620318877079603e-07  3.814971725942953e-01 
 1.620518877079603e-07  3.814452496689439e-01 
 1.620718877079603e-07  3.813933371212136e-01 
 1.620918877079603e-07  3.813414349490303e-01 
 1.621118877079603e-07  3.812895431503202e-01 
 1.621318877079603e-07  3.812376617230100e-01 
 1.621518877079603e-07  3.811857906650269e-01 
 1.621718877079603e-07  3.811339299742984e-01 
 1.621918877079603e-07  3.810820796487523e-01 
 1.622118877079603e-07  3.810302396863172e-01 
 1.622318877079603e-07  3.809784100849218e-01 
 1.622518877079603e-07  3.809265908424954e-01 
 1.622718877079603e-07  3.808747819569673e-01 
 1.622918877079603e-07  3.808229834262677e-01 
 1.623118877079603e-07  3.807711952483270e-01 
 1.623318877079603e-07  3.807194174210759e-01 
 1.623518877079603e-07  3.806676499424458e-01 
 1.623718877079603e-07  3.806158928103682e-01 
 1.623918877079603e-07  3.805641460227753e-01 
 1.624118877079603e-07  3.805124095775997e-01 
 1.624318877079603e-07  3.804606834727741e-01 
 1.624518877079603e-07  3.804089677062321e-01 
 1.624718877079603e-07  3.803572622759072e-01 
 1.624918877079603e-07  3.803055671797336e-01 
 1.625118877079603e-07  3.802538824156459e-01 
 1.625318877079603e-07  3.802022079815791e-01 
 1.625518877079602e-07  3.801505438754684e-01 
 1.625718877079602e-07  3.800988900952496e-01 
 1.625918877079602e-07  3.800472466388591e-01 
 1.626118877079602e-07  3.799956135042334e-01 
 1.626318877079602e-07  3.799439906893096e-01 
 1.626518877079602e-07  3.798923781920249e-01 
 1.626718877079602e-07  3.798407760103175e-01 
 1.626918877079602e-07  3.797891841421255e-01 
 1.627118877079602e-07  3.797376025853877e-01 
 1.627318877079602e-07  3.796860313380431e-01 
 1.627518877079602e-07  3.796344703980311e-01 
 1.627718877079602e-07  3.795829197632916e-01 
 1.627918877079602e-07  3.795313794317651e-01 
 1.628118877079602e-07  3.794798494013923e-01 
 1.628318877079602e-07  3.794283296701144e-01 
 1.628518877079602e-07  3.793768202358728e-01 
 1.628718877079602e-07  3.793253210966097e-01 
 1.628918877079602e-07  3.792738322502673e-01 
 1.629118877079602e-07  3.792223536947885e-01 
 1.629318877079602e-07  3.791708854281163e-01 
 1.629518877079602e-07  3.791194274481945e-01 
 1.629718877079602e-07  3.790679797529671e-01 
 1.629918877079602e-07  3.790165423403786e-01 
 1.630118877079602e-07  3.789651152083739e-01 
 1.630318877079602e-07  3.789136983548981e-01 
 1.630518877079602e-07  3.788622917778970e-01 
 1.630718877079601e-07  3.788108954753165e-01 
 1.630918877079601e-07  3.787595094451032e-01 
 1.631118877079601e-07  3.787081336852040e-01 
 1.631318877079601e-07  3.786567681935663e-01 
 1.631518877079601e-07  3.786054129681377e-01 
 1.631718877079601e-07  3.785540680068665e-01 
 1.631918877079601e-07  3.785027333077011e-01 
 1.632118877079601e-07  3.784514088685904e-01 
 1.632318877079601e-07  3.784000946874837e-01 
 1.632518877079601e-07  3.783487907623310e-01 
 1.632718877079601e-07  3.782974970910825e-01 
 1.632918877079601e-07  3.782462136716887e-01 
 1.633118877079601e-07  3.781949405021007e-01 
 1.633318877079601e-07  3.781436775802698e-01 
 1.633518877079601e-07  3.780924249041479e-01 
 1.633718877079601e-07  3.780411824716871e-01 
 1.633918877079601e-07  3.779899502808401e-01 
 1.634118877079601e-07  3.779387283295600e-01 
 1.634318877079601e-07  3.778875166158004e-01 
 1.634518877079601e-07  3.778363151375150e-01 
 1.634718877079601e-07  3.777851238926581e-01 
 1.634918877079601e-07  3.777339428791843e-01 
 1.635118877079601e-07  3.776827720950486e-01 
 1.635318877079601e-07  3.776316115382068e-01 
 1.635518877079601e-07  3.775804612066147e-01 
 1.635718877079601e-07  3.775293210982287e-01 
 1.635918877079601e-07  3.774781912110053e-01 
 1.636118877079600e-07  3.774270715429019e-01 
 1.636318877079600e-07  3.773759620918760e-01 
 1.636518877079600e-07  3.773248628558853e-01 
 1.636718877079600e-07  3.772737738328885e-01 
 1.636918877079600e-07  3.772226950208442e-01 
 1.637118877079600e-07  3.771716264177114e-01 
 1.637318877079600e-07  3.771205680214499e-01 
 1.637518877079600e-07  3.770695198300198e-01 
 1.637718877079600e-07  3.770184818413814e-01 
 1.637918877079600e-07  3.769674540534955e-01 
 1.638118877079600e-07  3.769164364643233e-01 
 1.638318877079600e-07  3.768654290718265e-01 
 1.638518877079600e-07  3.768144318739671e-01 
 1.638718877079600e-07  3.767634448687074e-01 
 1.638918877079600e-07  3.767124680540104e-01 
 1.639118877079600e-07  3.766615014278393e-01 
 1.639318877079600e-07  3.766105449881578e-01 
 1.639518877079600e-07  3.765595987329299e-01 
 1.639718877079600e-07  3.765086626601201e-01 
 1.639918877079600e-07  3.764577367676932e-01 
 1.640118877079600e-07  3.764068210536146e-01 
 1.640318877079600e-07  3.763559155158500e-01 
 1.640518877079600e-07  3.763050201523657e-01 
 1.640718877079600e-07  3.762541349611279e-01 
 1.640918877079600e-07  3.762032599401035e-01 
 1.641118877079600e-07  3.761523950872599e-01 
 1.641318877079599e-07  3.761015404005648e-01 
 1.641518877079599e-07  3.760506958779866e-01 
 1.641718877079599e-07  3.759998615174936e-01 
 1.641918877079599e-07  3.759490373170548e-01 
 1.642118877079599e-07  3.758982232746395e-01 
 1.642318877079599e-07  3.758474193882174e-01 
 1.642518877079599e-07  3.757966256557588e-01 
 1.642718877079599e-07  3.757458420752343e-01 
 1.642918877079599e-07  3.756950686446148e-01 
 1.643118877079599e-07  3.756443053618717e-01 
 1.643318877079599e-07  3.755935522249766e-01 
 1.643518877079599e-07  3.755428092319019e-01 
 1.643718877079599e-07  3.754920763806203e-01 
 1.643918877079599e-07  3.754413536691045e-01 
 1.644118877079599e-07  3.753906410953282e-01 
 1.644318877079599e-07  3.753399386572650e-01 
 1.644518877079599e-07  3.752892463528891e-01 
 1.644718877079599e-07  3.752385641801753e-01 
 1.644918877079599e-07  3.751878921370985e-01 
 1.645118877079599e-07  3.751372302216343e-01 
 1.645318877079599e-07  3.750865784317584e-01 
 1.645518877079599e-07  3.750359367654471e-01 
 1.645718877079599e-07  3.749853052206769e-01 
 1.645918877079599e-07  3.749346837954247e-01 
 1.646118877079599e-07  3.748840724876684e-01 
 1.646318877079599e-07  3.748334712953856e-01 
 1.646518877079598e-07  3.747828802165546e-01 
 1.646718877079598e-07  3.747322992491541e-01 
 1.646918877079598e-07  3.746817283911633e-01 
 1.647118877079598e-07  3.746311676405615e-01 
 1.647318877079598e-07  3.745806169953288e-01 
 1.647518877079598e-07  3.745300764534452e-01 
 1.647718877079598e-07  3.744795460128913e-01 
 1.647918877079598e-07  3.744290256716484e-01 
 1.648118877079598e-07  3.743785154276980e-01 
 1.648318877079598e-07  3.743280152790220e-01 
 1.648518877079598e-07  3.742775252236026e-01 
 1.648718877079598e-07  3.742270452594225e-01 
 1.648918877079598e-07  3.741765753844649e-01 
 1.649118877079598e-07  3.741261155967133e-01 
 1.649318877079598e-07  3.740756658941516e-01 
 1.649518877079598e-07  3.740252262747640e-01 
 1.649718877079598e-07  3.739747967365352e-01 
 1.649918877079598e-07  3.739243772774506e-01 
 1.650118877079598e-07  3.738739678954955e-01 
 1.650318877079598e-07  3.738235685886560e-01 
 1.650518877079598e-07  3.737731793549183e-01 
 1.650718877079598e-07  3.737228001922689e-01 
 1.650918877079598e-07  3.736724310986954e-01 
 1.651118877079598e-07  3.736220720721852e-01 
 1.651318877079598e-07  3.735717231107260e-01 
 1.651518877079598e-07  3.735213842123062e-01 
 1.651718877079598e-07  3.734710553749147e-01 
 1.651918877079597e-07  3.734207365965406e-01 
 1.652118877079597e-07  3.733704278751735e-01 
 1.652318877079597e-07  3.733201292088032e-01 
 1.652518877079597e-07  3.732698405954201e-01 
 1.652718877079597e-07  3.732195620330150e-01 
 1.652918877079597e-07  3.731692935195791e-01 
 1.653118877079597e-07  3.731190350531038e-01 
 1.653318877079597e-07  3.730687866315812e-01 
 1.653518877079597e-07  3.730185482530035e-01 
 1.653718877079597e-07  3.729683199153635e-01 
 1.653918877079597e-07  3.729181016166545e-01 
 1.654118877079597e-07  3.728678933548698e-01 
 1.654318877079597e-07  3.728176951280035e-01 
 1.654518877079597e-07  3.727675069340500e-01 
 1.654718877079597e-07  3.727173287710042e-01 
 1.654918877079597e-07  3.726671606368612e-01 
 1.655118877079597e-07  3.726170025296165e-01 
 1.655318877079597e-07  3.725668544472659e-01 
 1.655518877079597e-07  3.725167163878060e-01 
 1.655718877079597e-07  3.724665883492335e-01 
 1.655918877079597e-07  3.724164703295455e-01 
 1.656118877079597e-07  3.723663623267395e-01 
 1.656318877079597e-07  3.723162643388135e-01 
 1.656518877079597e-07  3.722661763637662e-01 
 1.656718877079597e-07  3.722160983995960e-01 
 1.656918877079597e-07  3.721660304443024e-01 
 1.657118877079596e-07  3.721159724958847e-01 
 1.657318877079596e-07  3.720659245523429e-01 
 1.657518877079596e-07  3.720158866116774e-01 
 1.657718877079596e-07  3.719658586718890e-01 
 1.657918877079596e-07  3.719158407309788e-01 
 1.658118877079596e-07  3.718658327869485e-01 
 1.658318877079596e-07  3.718158348377997e-01 
 1.658518877079596e-07  3.717658468815351e-01 
 1.658718877079596e-07  3.717158689161574e-01 
 1.658918877079596e-07  3.716659009396697e-01 
 1.659118877079596e-07  3.716159429500757e-01 
 1.659318877079596e-07  3.715659949453793e-01 
 1.659518877079596e-07  3.715160569235847e-01 
 1.659718877079596e-07  3.714661288826968e-01 
 1.659918877079596e-07  3.714162108207208e-01 
 1.660118877079596e-07  3.713663027356623e-01 
 1.660318877079596e-07  3.713164046255272e-01 
 1.660518877079596e-07  3.712665164883217e-01 
 1.660718877079596e-07  3.712166383220526e-01 
 1.660918877079596e-07  3.711667701247271e-01 
 1.661118877079596e-07  3.711169118943527e-01 
 1.661318877079596e-07  3.710670636289374e-01 
 1.661518877079596e-07  3.710172253264895e-01 
 1.661718877079596e-07  3.709673969850178e-01 
 1.661918877079596e-07  3.709175786025317e-01 
 1.662118877079596e-07  3.708677701770404e-01 
 1.662318877079596e-07  3.708179717065538e-01 
 1.662518877079595e-07  3.707681831890824e-01 
 1.662718877079595e-07  3.707184046226368e-01 
 1.662918877079595e-07  3.706686360052283e-01 
 1.663118877079595e-07  3.706188773348682e-01 
 1.663318877079595e-07  3.705691286095686e-01 
 1.663518877079595e-07  3.705193898273419e-01 
 1.663718877079595e-07  3.704696609862007e-01 
 1.663918877079595e-07  3.704199420841580e-01 
 1.664118877079595e-07  3.703702331192274e-01 
 1.664318877079595e-07  3.703205340894228e-01 
 1.664518877079595e-07  3.702708449927586e-01 
 1.664718877079595e-07  3.702211658272495e-01 
 1.664918877079595e-07  3.701714965909104e-01 
 1.665118877079595e-07  3.701218372817570e-01 
 1.665318877079595e-07  3.700721878978052e-01 
 1.665518877079595e-07  3.700225484370714e-01 
 1.665718877079595e-07  3.699729188975721e-01 
 1.665918877079595e-07  3.699232992773242e-01 
 1.666118877079595e-07  3.698736895743454e-01 
 1.666318877079595e-07  3.698240897866535e-01 
 1.666518877079595e-07  3.697744999122669e-01 
 1.666718877079595e-07  3.697249199492042e-01 
 1.666918877079595e-07  3.696753498954846e-01 
 1.667118877079595e-07  3.696257897491275e-01 
 1.667318877079595e-07  3.695762395081526e-01 
 1.667518877079595e-07  3.695266991705802e-01 
 1.667718877079594e-07  3.694771687344311e-01 
 1.667918877079594e-07  3.694276481977262e-01 
 1.668118877079594e-07  3.693781375584870e-01 
 1.668318877079594e-07  3.693286368147353e-01 
 1.668518877079594e-07  3.692791459644933e-01 
 1.668718877079594e-07  3.692296650057836e-01 
 1.668918877079594e-07  3.691801939366292e-01 
 1.669118877079594e-07  3.691307327550536e-01 
 1.669318877079594e-07  3.690812814590808e-01 
 1.669518877079594e-07  3.690318400467348e-01 
 1.669718877079594e-07  3.689824085160401e-01 
 1.669918877079594e-07  3.689329868650219e-01 
 1.670118877079594e-07  3.688835750917054e-01 
 1.670318877079594e-07  3.688341731941166e-01 
 1.670518877079594e-07  3.687847811702815e-01 
 1.670718877079594e-07  3.687353990182268e-01 
 1.670918877079594e-07  3.686860267359793e-01 
 1.671118877079594e-07  3.686366643215666e-01 
 1.671318877079594e-07  3.685873117730163e-01 
 1.671518877079594e-07  3.685379690883565e-01 
 1.671718877079594e-07  3.684886362656159e-01 
 1.671918877079594e-07  3.684393133028234e-01 
 1.672118877079594e-07  3.683900001980082e-01 
 1.672318877079594e-07  3.683406969492000e-01 
 1.672518877079594e-07  3.682914035544291e-01 
 1.672718877079594e-07  3.682421200117260e-01 
 1.672918877079593e-07  3.681928463191215e-01 
 1.673118877079593e-07  3.681435824746471e-01 
 1.673318877079593e-07  3.680943284763344e-01 
 1.673518877079593e-07  3.680450843222156e-01 
 1.673718877079593e-07  3.679958500103229e-01 
 1.673918877079593e-07  3.679466255386894e-01 
 1.674118877079593e-07  3.678974109053482e-01 
 1.674318877079593e-07  3.678482061083329e-01 
 1.674518877079593e-07  3.677990111456777e-01 
 1.674718877079593e-07  3.677498260154171e-01 
 1.674918877079593e-07  3.677006507155858e-01 
 1.675118877079593e-07  3.676514852442192e-01 
 1.675318877079593e-07  3.676023295993529e-01 
 1.675518877079593e-07  3.675531837790227e-01 
 1.675718877079593e-07  3.675040477812652e-01 
 1.675918877079593e-07  3.674549216041171e-01 
 1.676118877079593e-07  3.674058052456156e-01 
 1.676318877079593e-07  3.673566987037984e-01 
 1.676518877079593e-07  3.673076019767034e-01 
 1.676718877079593e-07  3.672585150623691e-01 
 1.676918877079593e-07  3.672094379588342e-01 
 1.677118877079593e-07  3.671603706641377e-01 
 1.677318877079593e-07  3.671113131763193e-01 
 1.677518877079593e-07  3.670622654934191e-01 
 1.677718877079593e-07  3.670132276134770e-01 
 1.677918877079593e-07  3.669641995345342e-01 
 1.678118877079593e-07  3.669151812546316e-01 
 1.678318877079592e-07  3.668661727718104e-01 
 1.678518877079592e-07  3.668171740841131e-01 
 1.678718877079592e-07  3.667681851895816e-01 
 1.678918877079592e-07  3.667192060862585e-01 
 1.679118877079592e-07  3.666702367721871e-01 
 1.679318877079592e-07  3.666212772454108e-01 
 1.679518877079592e-07  3.665723275039734e-01 
 1.679718877079592e-07  3.665233875459193e-01 
 1.679918877079592e-07  3.664744573692930e-01 
 1.680118877079592e-07  3.664255369721395e-01 
 1.680318877079592e-07  3.663766263525043e-01 
 1.680518877079592e-07  3.663277255084332e-01 
 1.680718877079592e-07  3.662788344379723e-01 
 1.680918877079592e-07  3.662299531391683e-01 
 1.681118877079592e-07  3.661810816100682e-01 
 1.681318877079592e-07  3.661322198487192e-01 
 1.681518877079592e-07  3.660833678531694e-01 
 1.681718877079592e-07  3.660345256214667e-01 
 1.681918877079592e-07  3.659856931516596e-01 
 1.682118877079592e-07  3.659368704417972e-01 
 1.682318877079592e-07  3.658880574899286e-01 
 1.682518877079592e-07  3.658392542941036e-01 
 1.682718877079592e-07  3.657904608523723e-01 
 1.682918877079592e-07  3.657416771627852e-01 
 1.683118877079592e-07  3.656929032233932e-01 
 1.683318877079592e-07  3.656441390322476e-01 
 1.683518877079591e-07  3.655953845874000e-01 
 1.683718877079591e-07  3.655466398869025e-01 
 1.683918877079591e-07  3.654979049288075e-01 
 1.684118877079591e-07  3.654491797111679e-01 
 1.684318877079591e-07  3.654004642320369e-01 
 1.684518877079591e-07  3.653517584894680e-01 
 1.684718877079591e-07  3.653030624815154e-01 
 1.684918877079591e-07  3.652543762062332e-01 
 1.685118877079591e-07  3.652056996616763e-01 
 1.685318877079591e-07  3.651570328458999e-01 
 1.685518877079591e-07  3.651083757569595e-01 
 1.685718877079591e-07  3.650597283929111e-01 
 1.685918877079591e-07  3.650110907518109e-01 
 1.686118877079591e-07  3.649624628317158e-01 
 1.686318877079591e-07  3.649138446306827e-01 
 1.686518877079591e-07  3.648652361467691e-01 
 1.686718877079591e-07  3.648166373780331e-01 
 1.686918877079591e-07  3.647680483225327e-01 
 1.687118877079591e-07  3.647194689783267e-01 
 1.687318877079591e-07  3.646708993434741e-01 
 1.687518877079591e-07  3.646223394160346e-01 
 1.687718877079591e-07  3.645737891940676e-01 
 1.687918877079591e-07  3.645252486756335e-01 
 1.688118877079591e-07  3.644767178587929e-01 
 1.688318877079591e-07  3.644281967416066e-01 
 1.688518877079591e-07  3.643796853221363e-01 
 1.688718877079590e-07  3.643311835984437e-01 
 1.688918877079590e-07  3.642826915685907e-01 
 1.689118877079590e-07  3.642342092306400e-01 
 1.689318877079590e-07  3.641857365826546e-01 
 1.689518877079590e-07  3.641372736226978e-01 
 1.689718877079590e-07  3.640888203488331e-01 
 1.689918877079590e-07  3.640403767591245e-01 
 1.690118877079590e-07  3.639919428516366e-01 
 1.690318877079590e-07  3.639435186244344e-01 
 1.690518877079590e-07  3.638951040755832e-01 
 1.690718877079590e-07  3.638466992031484e-01 
 1.690918877079590e-07  3.637983040051961e-01 
 1.691118877079590e-07  3.637499184797925e-01 
 1.691318877079590e-07  3.637015426250047e-01 
 1.691518877079590e-07  3.636531764388999e-01 
 1.691718877079590e-07  3.636048199195453e-01 
 1.691918877079590e-07  3.635564730650089e-01 
 1.692118877079590e-07  3.635081358733593e-01 
 1.692318877079590e-07  3.634598083426652e-01 
 1.692518877079590e-07  3.634114904709957e-01 
 1.692718877079590e-07  3.633631822564203e-01 
 1.692918877079590e-07  3.633148836970087e-01 
 1.693118877079590e-07  3.632665947908312e-01 
 1.693318877079590e-07  3.632183155359584e-01 
 1.693518877079590e-07  3.631700459304614e-01 
 1.693718877079590e-07  3.631217859724117e-01 
 1.693918877079590e-07  3.630735356598810e-01 
 1.694118877079589e-07  3.630252949909415e-01 
 1.694318877079589e-07  3.629770639636660e-01 
 1.694518877079589e-07  3.629288425761272e-01 
 1.694718877079589e-07  3.628806308263985e-01 
 1.694918877079589e-07  3.628324287125536e-01 
 1.695118877079589e-07  3.627842362326666e-01 
 1.695318877079589e-07  3.627360533848122e-01 
 1.695518877079589e-07  3.626878801670652e-01 
 1.695718877079589e-07  3.626397165775007e-01 
 1.695918877079589e-07  3.625915626141945e-01 
 1.696118877079589e-07  3.625434182752226e-01 
 1.696318877079589e-07  3.624952835586615e-01 
 1.696518877079589e-07  3.624471584625878e-01 
 1.696718877079589e-07  3.623990429850789e-01 
 1.696918877079589e-07  3.623509371242124e-01 
 1.697118877079589e-07  3.623028408780663e-01 
 1.697318877079589e-07  3.622547542447188e-01 
 1.697518877079589e-07  3.622066772222486e-01 
 1.697718877079589e-07  3.621586098087348e-01 
 1.697918877079589e-07  3.621105520022569e-01 
 1.698118877079589e-07  3.620625038008951e-01 
 1.698318877079589e-07  3.620144652027293e-01 
 1.698518877079589e-07  3.619664362058401e-01 
 1.698718877079589e-07  3.619184168083088e-01 
 1.698918877079589e-07  3.618704070082167e-01 
 1.699118877079589e-07  3.618224068036456e-01 
 1.699318877079588e-07  3.617744161926779e-01 
 1.699518877079588e-07  3.617264351733959e-01 
 1.699718877079588e-07  3.616784637438826e-01 
 1.699918877079588e-07  3.616305019022215e-01 
 1.700118877079588e-07  3.615825496464959e-01 
 1.700318877079588e-07  3.615346069747902e-01 
 1.700518877079588e-07  3.614866738851890e-01 
 1.700718877079588e-07  3.614387503757768e-01 
 1.700918877079588e-07  3.613908364446392e-01 
 1.701118877079588e-07  3.613429320898616e-01 
 1.701318877079588e-07  3.612950373095301e-01 
 1.701518877079588e-07  3.612471521017310e-01 
 1.701718877079588e-07  3.611992764645512e-01 
 1.701918877079588e-07  3.611514103960779e-01 
 1.702118877079588e-07  3.611035538943986e-01 
 1.702318877079588e-07  3.610557069576012e-01 
 1.702518877079588e-07  3.610078695837740e-01 
 1.702718877079588e-07  3.609600417710055e-01 
 1.702918877079588e-07  3.609122235173852e-01 
 1.703118877079588e-07  3.608644148210022e-01 
 1.703318877079588e-07  3.608166156799465e-01 
 1.703518877079588e-07  3.607688260923084e-01 
 1.703718877079588e-07  3.607210460561782e-01 
 1.703918877079588e-07  3.606732755696470e-01 
 1.704118877079588e-07  3.606255146308062e-01 
 1.704318877079588e-07  3.605777632377475e-01 
 1.704518877079588e-07  3.605300213885632e-01 
 1.704718877079587e-07  3.604822890813456e-01 
 1.704918877079587e-07  3.604345663141877e-01 
 1.705118877079587e-07  3.603868530851827e-01 
 1.705318877079587e-07  3.603391493924243e-01 
 1.705518877079587e-07  3.602914552340066e-01 
 1.705718877079587e-07  3.602437706080239e-01 
 1.705918877079587e-07  3.601960955125709e-01 
 1.706118877079587e-07  3.601484299457429e-01 
 1.706318877079587e-07  3.601007739056355e-01 
 1.706518877079587e-07  3.600531273903446e-01 
 1.706718877079587e-07  3.600054903979665e-01 
 1.706918877079587e-07  3.599578629265979e-01 
 1.707118877079587e-07  3.599102449743358e-01 
 1.707318877079587e-07  3.598626365392777e-01 
 1.707518877079587e-07  3.598150376195214e-01 
 1.707718877079587e-07  3.597674482131652e-01 
 1.707918877079587e-07  3.597198683183078e-01 
 1.708118877079587e-07  3.596722979330479e-01 
 1.708318877079587e-07  3.596247370554849e-01 
 1.708518877079587e-07  3.595771856837187e-01 
 1.708718877079587e-07  3.595296438158494e-01 
 1.708918877079587e-07  3.594821114499775e-01 
 1.709118877079587e-07  3.594345885842039e-01 
 1.709318877079587e-07  3.593870752166297e-01 
 1.709518877079587e-07  3.593395713453565e-01 
 1.709718877079587e-07  3.592920769684864e-01 
 1.709918877079586e-07  3.592445920841218e-01 
 1.710118877079586e-07  3.591971166903655e-01 
 1.710318877079586e-07  3.591496507853207e-01 
 1.710518877079586e-07  3.591021943670909e-01 
 1.710718877079586e-07  3.590547474337799e-01 
 1.710918877079586e-07  3.590073099834920e-01 
 1.711118877079586e-07  3.589598820143320e-01 
 1.711318877079586e-07  3.589124635244050e-01 
 1.711518877079586e-07  3.588650545118161e-01 
 1.711718877079586e-07  3.588176549746714e-01 
 1.711918877079586e-07  3.587702649110770e-01 
 1.712118877079586e-07  3.587228843191395e-01 
 1.712318877079586e-07  3.586755131969656e-01 
 1.712518877079586e-07  3.586281515426630e-01 
 1.712718877079586e-07  3.585807993543391e-01 
 1.712918877079586e-07  3.585334566301019e-01 
 1.713118877079586e-07  3.584861233680602e-01 
 1.713318877079586e-07  3.584387995663227e-01 
 1.713518877079586e-07  3.583914852229986e-01 
 1.713718877079586e-07  3.583441803361974e-01 
 1.713918877079586e-07  3.582968849040292e-01 
 1.714118877079586e-07  3.582495989246043e-01 
 1.714318877079586e-07  3.582023223960333e-01 
 1.714518877079586e-07  3.581550553164273e-01 
 1.714718877079586e-07  3.581077976838978e-01 
 1.714918877079586e-07  3.580605494965569e-01 
 1.715118877079585e-07  3.580133107525165e-01 
 1.715318877079585e-07  3.579660814498893e-01 
 1.715518877079585e-07  3.579188615867884e-01 
 1.715718877079585e-07  3.578716511613270e-01 
 1.715918877079585e-07  3.578244501716191e-01 
 1.716118877079585e-07  3.577772586157786e-01 
 1.716318877079585e-07  3.577300764919200e-01 
 1.716518877079585e-07  3.576829037981583e-01 
 1.716718877079585e-07  3.576357405326086e-01 
 1.716918877079585e-07  3.575885866933866e-01 
 1.717118877079585e-07  3.575414422786083e-01 
 1.717318877079585e-07  3.574943072863900e-01 
 1.717518877079585e-07  3.574471817148484e-01 
 1.717718877079585e-07  3.574000655621007e-01 
 1.717918877079585e-07  3.573529588262646e-01 
 1.718118877079585e-07  3.573058615054576e-01 
 1.718318877079585e-07  3.572587735977982e-01 
 1.718518877079585e-07  3.572116951014050e-01 
 1.718718877079585e-07  3.571646260143970e-01 
 1.718918877079585e-07  3.571175663348937e-01 
 1.719118877079585e-07  3.570705160610145e-01 
 1.719318877079585e-07  3.570234751908799e-01 
 1.719518877079585e-07  3.569764437226102e-01 
 1.719718877079585e-07  3.569294216543264e-01 
 1.719918877079585e-07  3.568824089841498e-01 
 1.720118877079585e-07  3.568354057102021e-01 
 1.720318877079585e-07  3.567884118306051e-01 
 1.720518877079584e-07  3.567414273434815e-01 
 1.720718877079584e-07  3.566944522469537e-01 
 1.720918877079584e-07  3.566474865391450e-01 
 1.721118877079584e-07  3.566005302181790e-01 
 1.721318877079584e-07  3.565535832821794e-01 
 1.721518877079584e-07  3.565066457292705e-01 
 1.721718877079584e-07  3.564597175575772e-01 
 1.721918877079584e-07  3.564127987652242e-01 
 1.722118877079584e-07  3.563658893503372e-01 
 1.722318877079584e-07  3.563189893110417e-01 
 1.722518877079584e-07  3.562720986454639e-01 
 1.722718877079584e-07  3.562252173517303e-01 
 1.722918877079584e-07  3.561783454279679e-01 
 1.723118877079584e-07  3.561314828723038e-01 
 1.723318877079584e-07  3.560846296828659e-01 
 1.723518877079584e-07  3.560377858577820e-01 
 1.723718877079584e-07  3.559909513951804e-01 
 1.723918877079584e-07  3.559441262931901e-01 
 1.724118877079584e-07  3.558973105499401e-01 
 1.724318877079584e-07  3.558505041635600e-01 
 1.724518877079584e-07  3.558037071321793e-01 
 1.724718877079584e-07  3.557569194539286e-01 
 1.724918877079584e-07  3.557101411269386e-01 
 1.725118877079584e-07  3.556633721493402e-01 
 1.725318877079584e-07  3.556166125192649e-01 
 1.725518877079584e-07  3.555698622348441e-01 
 1.725718877079583e-07  3.555231212942102e-01 
 1.725918877079583e-07  3.554763896954958e-01 
 1.726118877079583e-07  3.554296674368336e-01 
 1.726318877079583e-07  3.553829545163568e-01 
 1.726518877079583e-07  3.553362509321990e-01 
 1.726718877079583e-07  3.552895566824943e-01 
 1.726918877079583e-07  3.552428717653770e-01 
 1.727118877079583e-07  3.551961961789819e-01 
 1.727318877079583e-07  3.551495299214441e-01 
 1.727518877079583e-07  3.551028729908988e-01 
 1.727718877079583e-07  3.550562253854822e-01 
 1.727918877079583e-07  3.550095871033305e-01 
 1.728118877079583e-07  3.549629581425801e-01 
 1.728318877079583e-07  3.549163385013680e-01 
 1.728518877079583e-07  3.548697281778317e-01 
 1.728718877079583e-07  3.548231271701090e-01 
 1.728918877079583e-07  3.547765354763378e-01 
 1.729118877079583e-07  3.547299530946564e-01 
 1.729318877079583e-07  3.546833800232038e-01 
 1.729518877079583e-07  3.546368162601193e-01 
 1.729718877079583e-07  3.545902618035424e-01 
 1.729918877079583e-07  3.545437166516131e-01 
 1.730118877079583e-07  3.544971808024716e-01 
 1.730318877079583e-07  3.544506542542586e-01 
 1.730518877079583e-07  3.544041370051154e-01 
 1.730718877079583e-07  3.543576290531831e-01 
 1.730918877079582e-07  3.543111303966037e-01 
 1.731118877079582e-07  3.542646410335193e-01 
 1.731318877079582e-07  3.542181609620726e-01 
 1.731518877079582e-07  3.541716901804065e-01 
 1.731718877079582e-07  3.541252286866640e-01 
 1.731918877079582e-07  3.540787764789889e-01 
 1.732118877079582e-07  3.540323335555252e-01 
 1.732318877079582e-07  3.539858999144173e-01 
 1.732518877079582e-07  3.539394755538101e-01 
 1.732718877079582e-07  3.538930604718487e-01 
 1.732918877079582e-07  3.538466546666786e-01 
 1.733118877079582e-07  3.538002581364459e-01 
 1.733318877079582e-07  3.537538708792966e-01 
 1.733518877079582e-07  3.537074928933772e-01 
 1.733718877079582e-07  3.536611241768349e-01 
 1.733918877079582e-07  3.536147647278171e-01 
 1.734118877079582e-07  3.535684145444716e-01 
 1.734318877079582e-07  3.535220736249464e-01 
 1.734518877079582e-07  3.534757419673901e-01 
 1.734718877079582e-07  3.534294195699514e-01 
 1.734918877079582e-07  3.533831064307795e-01 
 1.735118877079582e-07  3.533368025480241e-01 
 1.735318877079582e-07  3.532905079198350e-01 
 1.735518877079582e-07  3.532442225443626e-01 
 1.735718877079582e-07  3.531979464197574e-01 
 1.735918877079582e-07  3.531516795441709e-01 
 1.736118877079582e-07  3.531054219157544e-01 
 1.736318877079581e-07  3.530591735326596e-01 
 1.736518877079581e-07  3.530129343930387e-01 
 1.736718877079581e-07  3.529667044950441e-01 
 1.736918877079581e-07  3.529204838368289e-01 
 1.737118877079581e-07  3.528742724165465e-01 
 1.737318877079581e-07  3.528280702323503e-01 
 1.737518877079581e-07  3.527818772823945e-01 
 1.737718877079581e-07  3.527356935648334e-01 
 1.737918877079581e-07  3.526895190778217e-01 
 1.738118877079581e-07  3.526433538195146e-01 
 1.738318877079581e-07  3.525971977880676e-01 
 1.738518877079581e-07  3.525510509816365e-01 
 1.738718877079581e-07  3.525049133983775e-01 
 1.738918877079581e-07  3.524587850364474e-01 
 1.739118877079581e-07  3.524126658940030e-01 
 1.739318877079581e-07  3.523665559692017e-01 
 1.739518877079581e-07  3.523204552602013e-01 
 1.739718877079581e-07  3.522743637651598e-01 
 1.739918877079581e-07  3.522282814822357e-01 
 1.740118877079581e-07  3.521822084095876e-01 
 1.740318877079581e-07  3.521361445453749e-01 
 1.740518877079581e-07  3.520900898877572e-01 
 1.740718877079581e-07  3.520440444348943e-01 
 1.740918877079581e-07  3.519980081849465e-01 
 1.741118877079581e-07  3.519519811360743e-01 
 1.741318877079581e-07  3.519059632864389e-01 
 1.741518877079580e-07  3.518599546342017e-01 
 1.741718877079580e-07  3.518139551775243e-01 
 1.741918877079580e-07  3.517679649145691e-01 
 1.742118877079580e-07  3.517219838434982e-01 
 1.742318877079580e-07  3.516760119624747e-01 
 1.742518877079580e-07  3.516300492696618e-01 
 1.742718877079580e-07  3.515840957632231e-01 
 1.742918877079580e-07  3.515381514413225e-01 
 1.743118877079580e-07  3.514922163021243e-01 
 1.743318877079580e-07  3.514462903437933e-01 
 1.743518877079580e-07  3.514003735644946e-01 
 1.743718877079580e-07  3.513544659623935e-01 
 1.743918877079580e-07  3.513085675356558e-01 
 1.744118877079580e-07  3.512626782824476e-01 
 1.744318877079580e-07  3.512167982009355e-01 
 1.744518877079580e-07  3.511709272892864e-01 
 1.744718877079580e-07  3.511250655456676e-01 
 1.744918877079580e-07  3.510792129682465e-01 
 1.745118877079580e-07  3.510333695551914e-01 
 1.745318877079580e-07  3.509875353046706e-01 
 1.745518877079580e-07  3.509417102148527e-01 
 1.745718877079580e-07  3.508958942839068e-01 
 1.745918877079580e-07  3.508500875100024e-01 
 1.746118877079580e-07  3.508042898913093e-01 
 1.746318877079580e-07  3.507585014259977e-01 
 1.746518877079580e-07  3.507127221122382e-01 
 1.746718877079580e-07  3.506669519482015e-01 
 1.746918877079579e-07  3.506211909320591e-01 
 1.747118877079579e-07  3.505754390619825e-01 
 1.747318877079579e-07  3.505296963361439e-01 
 1.747518877079579e-07  3.504839627527157e-01 
 1.747718877079579e-07  3.504382383098705e-01 
 1.747918877079579e-07  3.503925230057814e-01 
 1.748118877079579e-07  3.503468168386219e-01 
 1.748318877079579e-07  3.503011198065658e-01 
 1.748518877079579e-07  3.502554319077872e-01 
 1.748718877079579e-07  3.502097531404610e-01 
 1.748918877079579e-07  3.501640835027619e-01 
 1.749118877079579e-07  3.501184229928652e-01 
 1.749318877079579e-07  3.500727716089466e-01 
 1.749518877079579e-07  3.500271293491823e-01 
 1.749718877079579e-07  3.499814962117486e-01 
 1.749918877079579e-07  3.499358721948222e-01 
 1.750118877079579e-07  3.498902572965802e-01 
 1.750318877079579e-07  3.498446515152003e-01 
 1.750518877079579e-07  3.497990548488600e-01 
 1.750718877079579e-07  3.497534672957376e-01 
 1.750918877079579e-07  3.497078888540116e-01 
 1.751118877079579e-07  3.496623195218611e-01 
 1.751318877079579e-07  3.496167592974656e-01 
 1.751518877079579e-07  3.495712081790044e-01 
 1.751718877079579e-07  3.495256661646579e-01 
 1.751918877079579e-07  3.494801332526063e-01 
 1.752118877079578e-07  3.494346094410304e-01 
 1.752318877079578e-07  3.493890947281112e-01 
 1.752518877079578e-07  3.493435891120303e-01 
 1.752718877079578e-07  3.492980925909696e-01 
 1.752918877079578e-07  3.492526051631114e-01 
 1.753118877079578e-07  3.492071268266381e-01 
 1.753318877079578e-07  3.491616575797326e-01 
 1.753518877079578e-07  3.491161974205781e-01 
 1.753718877079578e-07  3.490707463473585e-01 
 1.753918877079578e-07  3.490253043582578e-01 
 1.754118877079578e-07  3.489798714514604e-01 
 1.754318877079578e-07  3.489344476251510e-01 
 1.754518877079578e-07  3.488890328775148e-01 
 1.754718877079578e-07  3.488436272067370e-01 
 1.754918877079578e-07  3.487982306110040e-01 
 1.755118877079578e-07  3.487528430885016e-01 
 1.755318877079578e-07  3.487074646374165e-01 
 1.755518877079578e-07  3.486620952559356e-01 
 1.755718877079578e-07  3.486167349422460e-01 
 1.755918877079578e-07  3.485713836945357e-01 
 1.756118877079578e-07  3.485260415109925e-01 
 1.756318877079578e-07  3.484807083898050e-01 
 1.756518877079578e-07  3.484353843291617e-01 
 1.756718877079578e-07  3.483900693272519e-01 
 1.756918877079578e-07  3.483447633822648e-01 
 1.757118877079578e-07  3.482994664923904e-01 
 1.757318877079577e-07  3.482541786558189e-01 
 1.757518877079577e-07  3.482088998707411e-01 
 1.757718877079577e-07  3.481636301353476e-01 
 1.757918877079577e-07  3.481183694478297e-01 
 1.758118877079577e-07  3.480731178063791e-01 
 1.758318877079577e-07  3.480278752091877e-01 
 1.758518877079577e-07  3.479826416544480e-01 
 1.758718877079577e-07  3.479374171403526e-01 
 1.758918877079577e-07  3.478922016650948e-01 
 1.759118877079577e-07  3.478469952268678e-01 
 1.759318877079577e-07  3.478017978238654e-01 
 1.759518877079577e-07  3.477566094542821e-01 
 1.759718877079577e-07  3.477114301163120e-01 
 1.759918877079577e-07  3.476662598081502e-01 
 1.760118877079577e-07  3.476210985279922e-01 
 1.760318877079577e-07  3.475759462740332e-01 
 1.760518877079577e-07  3.475308030444693e-01 
 1.760718877079577e-07  3.474856688374968e-01 
 1.760918877079577e-07  3.474405436513124e-01 
 1.761118877079577e-07  3.473954274841133e-01 
 1.761318877079577e-07  3.473503203340968e-01 
 1.761518877079577e-07  3.473052221994605e-01 
 1.761718877079577e-07  3.472601330784028e-01 
 1.761918877079577e-07  3.472150529691221e-01 
 1.762118877079577e-07  3.471699818698172e-01 
 1.762318877079577e-07  3.471249197786874e-01 
 1.762518877079577e-07  3.470798666939323e-01 
 1.762718877079576e-07  3.470348226137520e-01 
 1.762918877079576e-07  3.469897875363464e-01 
 1.763118877079576e-07  3.469447614599164e-01 
 1.763318877079576e-07  3.468997443826628e-01 
 1.763518877079576e-07  3.468547363027870e-01 
 1.763718877079576e-07  3.468097372184910e-01 
 1.763918877079576e-07  3.467647471279766e-01 
 1.764118877079576e-07  3.467197660294464e-01 
 1.764318877079576e-07  3.466747939211032e-01 
 1.764518877079576e-07  3.466298308011503e-01 
 1.764718877079576e-07  3.465848766677911e-01 
 1.764918877079576e-07  3.465399315192293e-01 
 1.765118877079576e-07  3.464949953536695e-01 
 1.765318877079576e-07  3.464500681693160e-01 
 1.765518877079576e-07  3.464051499643740e-01 
 1.765718877079576e-07  3.463602407370487e-01 
 1.765918877079576e-07  3.463153404855458e-01 
 1.766118877079576e-07  3.462704492080712e-01 
 1.766318877079576e-07  3.462255669028315e-01 
 1.766518877079576e-07  3.461806935680334e-01 
 1.766718877079576e-07  3.461358292018840e-01 
 1.766918877079576e-07  3.460909738025907e-01 
 1.767118877079576e-07  3.460461273683614e-01 
 1.767318877079576e-07  3.460012898974043e-01 
 1.767518877079576e-07  3.459564613879279e-01 
 1.767718877079576e-07  3.459116418381412e-01 
 1.767918877079575e-07  3.458668312462535e-01 
 1.768118877079575e-07  3.458220296104743e-01 
 1.768318877079575e-07  3.457772369290135e-01 
 1.768518877079575e-07  3.457324532000817e-01 
 1.768718877079575e-07  3.456876784218894e-01 
 1.768918877079575e-07  3.456429125926477e-01 
 1.769118877079575e-07  3.455981557105681e-01 
 1.769318877079575e-07  3.455534077738622e-01 
 1.769518877079575e-07  3.455086687807422e-01 
 1.769718877079575e-07  3.454639387294205e-01 
 1.769918877079575e-07  3.454192176181100e-01 
 1.770118877079575e-07  3.453745054450241e-01 
 1.770318877079575e-07  3.453298022083761e-01 
 1.770518877079575e-07  3.452851079063798e-01 
 1.770718877079575e-07  3.452404225372499e-01 
 1.770918877079575e-07  3.451957460992007e-01 
 1.771118877079575e-07  3.451510785904472e-01 
 1.771318877079575e-07  3.451064200092049e-01 
 1.771518877079575e-07  3.450617703536895e-01 
 1.771718877079575e-07  3.450171296221168e-01 
 1.771918877079575e-07  3.449724978127034e-01 
 1.772118877079575e-07  3.449278749236659e-01 
 1.772318877079575e-07  3.448832609532216e-01 
 1.772518877079575e-07  3.448386558995879e-01 
 1.772718877079575e-07  3.447940597609826e-01 
 1.772918877079575e-07  3.447494725356240e-01 
 1.773118877079574e-07  3.447048942217307e-01 
 1.773318877079574e-07  3.446603248175215e-01 
 1.773518877079574e-07  3.446157643212157e-01 
 1.773718877079574e-07  3.445712127310328e-01 
 1.773918877079574e-07  3.445266700451929e-01 
 1.774118877079574e-07  3.444821362619161e-01 
 1.774318877079574e-07  3.444376113794232e-01 
 1.774518877079574e-07  3.443930953959354e-01 
 1.774718877079574e-07  3.443485883096740e-01 
 1.774918877079574e-07  3.443040901188605e-01 
 1.775118877079574e-07  3.442596008217173e-01 
 1.775318877079574e-07  3.442151204164669e-01 
 1.775518877079574e-07  3.441706489013319e-01 
 1.775718877079574e-07  3.441261862745356e-01 
 1.775918877079574e-07  3.440817325343016e-01 
 1.776118877079574e-07  3.440372876788536e-01 
 1.776318877079574e-07  3.439928517064159e-01 
 1.776518877079574e-07  3.439484246152131e-01 
 1.776718877079574e-07  3.439040064034701e-01 
 1.776918877079574e-07  3.438595970694122e-01 
 1.777118877079574e-07  3.438151966112652e-01 
 1.777318877079574e-07  3.437708050272550e-01 
 1.777518877079574e-07  3.437264223156080e-01 
 1.777718877079574e-07  3.436820484745507e-01 
 1.777918877079574e-07  3.436376835023104e-01 
 1.778118877079574e-07  3.435933273971145e-01 
 1.778318877079574e-07  3.435489801571909e-01 
 1.778518877079573e-07  3.435046417807675e-01 
 1.778718877079573e-07  3.434603122660729e-01 
 1.778918877079573e-07  3.434159916113360e-01 
 1.779118877079573e-07  3.433716798147858e-01 
 1.779318877079573e-07  3.433273768746520e-01 
 1.779518877079573e-07  3.432830827891645e-01 
 1.779718877079573e-07  3.432387975565535e-01 
 1.779918877079573e-07  3.431945211750497e-01 
 1.780118877079573e-07  3.431502536428841e-01 
 1.780318877079573e-07  3.431059949582879e-01 
 1.780518877079573e-07  3.430617451194929e-01 
 1.780718877079573e-07  3.430175041247309e-01 
 1.780918877079573e-07  3.429732719722345e-01 
 1.781118877079573e-07  3.429290486602363e-01 
 1.781318877079573e-07  3.428848341869694e-01 
 1.781518877079573e-07  3.428406285506672e-01 
 1.781718877079573e-07  3.427964317495635e-01 
 1.781918877079573e-07  3.427522437818928e-01 
 1.782118877079573e-07  3.427080646458892e-01 
 1.782318877079573e-07  3.426638943397878e-01 
 1.782518877079573e-07  3.426197328618235e-01 
 1.782718877079573e-07  3.425755802102320e-01 
 1.782918877079573e-07  3.425314363832491e-01 
 1.783118877079573e-07  3.424873013791113e-01 
 1.783318877079573e-07  3.424431751960552e-01 
 1.783518877079573e-07  3.423990578323178e-01 
 1.783718877079572e-07  3.423549492861361e-01 
 1.783918877079572e-07  3.423108495557481e-01 
 1.784118877079572e-07  3.422667586393917e-01 
 1.784318877079572e-07  3.422226765353051e-01 
 1.784518877079572e-07  3.421786032417273e-01 
 1.784718877079572e-07  3.421345387568972e-01 
 1.784918877079572e-07  3.420904830790544e-01 
 1.785118877079572e-07  3.420464362064385e-01 
 1.785318877079572e-07  3.420023981372898e-01 
 1.785518877079572e-07  3.419583688698486e-01 
 1.785718877079572e-07  3.419143484023559e-01 
 1.785918877079572e-07  3.418703367330528e-01 
 1.786118877079572e-07  3.418263338601810e-01 
 1.786318877079572e-07  3.417823397819822e-01 
 1.786518877079572e-07  3.417383544966989e-01 
 1.786718877079572e-07  3.416943780025735e-01 
 1.786918877079572e-07  3.416504102978488e-01 
 1.787118877079572e-07  3.416064513807682e-01 
 1.787318877079572e-07  3.415625012495756e-01 
 1.787518877079572e-07  3.415185599025148e-01 
 1.787718877079572e-07  3.414746273378302e-01 
 1.787918877079572e-07  3.414307035537664e-01 
 1.788118877079572e-07  3.413867885485687e-01 
 1.788318877079572e-07  3.413428823204823e-01 
 1.788518877079572e-07  3.412989848677530e-01 
 1.788718877079572e-07  3.412550961886268e-01 
 1.788918877079572e-07  3.412112162813503e-01 
 1.789118877079571e-07  3.411673451441703e-01 
 1.789318877079571e-07  3.411234827753339e-01 
 1.789518877079571e-07  3.410796291730885e-01 
 1.789718877079571e-07  3.410357843356820e-01 
 1.789918877079571e-07  3.409919482613628e-01 
 1.790118877079571e-07  3.409481209483793e-01 
 1.790318877079571e-07  3.409043023949805e-01 
 1.790518877079571e-07  3.408604925994156e-01 
 1.790718877079571e-07  3.408166915599343e-01 
 1.790918877079571e-07  3.407728992747865e-01 
 1.791118877079571e-07  3.407291157422225e-01 
 1.791318877079571e-07  3.406853409604927e-01 
 1.791518877079571e-07  3.406415749278484e-01 
 1.791718877079571e-07  3.405978176425410e-01 
 1.791918877079571e-07  3.405540691028222e-01 
 1.792118877079571e-07  3.405103293069439e-01 
 1.792318877079571e-07  3.404665982531585e-01 
 1.792518877079571e-07  3.404228759397188e-01 
 1.792718877079571e-07  3.403791623648779e-01 
 1.792918877079571e-07  3.403354575268895e-01 
 1.793118877079571e-07  3.402917614240071e-01 
 1.793318877079571e-07  3.402480740544849e-01 
 1.793518877079571e-07  3.402043954165775e-01 
 1.793718877079571e-07  3.401607255085397e-01 
 1.793918877079571e-07  3.401170643286265e-01 
 1.794118877079571e-07  3.400734118750938e-01 
 1.794318877079570e-07  3.400297681461972e-01 
 1.794518877079570e-07  3.399861331401931e-01 
 1.794718877079570e-07  3.399425068553382e-01 
 1.794918877079570e-07  3.398988892898893e-01 
 1.795118877079570e-07  3.398552804421036e-01 
 1.795318877079570e-07  3.398116803102387e-01 
 1.795518877079570e-07  3.397680888925528e-01 
 1.795718877079570e-07  3.397245061873042e-01 
 1.795918877079570e-07  3.396809321927514e-01 
 1.796118877079570e-07  3.396373669071533e-01 
 1.796318877079570e-07  3.395938103287697e-01 
 1.796518877079570e-07  3.395502624558603e-01 
 1.796718877079570e-07  3.395067232866851e-01 
 1.796918877079570e-07  3.394631928195042e-01 
 1.797118877079570e-07  3.394196710525785e-01 
 1.797318877079570e-07  3.393761579841694e-01 
 1.797518877079570e-07  3.393326536125382e-01 
 1.797718877079570e-07  3.392891579359466e-01 
 1.797918877079570e-07  3.392456709526570e-01 
 1.798118877079570e-07  3.392021926609318e-01 
 1.798318877079570e-07  3.391587230590338e-01 
 1.798518877079570e-07  3.391152621452262e-01 
 1.798718877079570e-07  3.390718099177726e-01 
 1.798918877079570e-07  3.390283663749369e-01 
 1.799118877079570e-07  3.389849315149832e-01 
 1.799318877079570e-07  3.389415053361762e-01 
 1.799518877079569e-07  3.388980878367809e-01 
 1.799718877079569e-07  3.388546790150625e-01 
 1.799918877079569e-07  3.388112788692866e-01 
 1.800118877079569e-07  3.387678873977193e-01 
 1.800318877079569e-07  3.387245045986267e-01 
 1.800518877079569e-07  3.386811304702756e-01 
 1.800718877079569e-07  3.386377650109330e-01 
 1.800918877079569e-07  3.385944082188662e-01 
 1.801118877079569e-07  3.385510600923431e-01 
 1.801318877079569e-07  3.385077206296318e-01 
 1.801518877079569e-07  3.384643898290005e-01 
 1.801718877079569e-07  3.384210676887179e-01 
 1.801918877079569e-07  3.383777542070531e-01 
 1.802118877079569e-07  3.383344493822757e-01 
 1.802318877079569e-07  3.382911532126554e-01 
 1.802518877079569e-07  3.382478656964624e-01 
 1.802718877079569e-07  3.382045868319670e-01 
 1.802918877079569e-07  3.381613166174401e-01 
 1.803118877079569e-07  3.381180550511530e-01 
 1.803318877079569e-07  3.380748021313770e-01 
 1.803518877079569e-07  3.380315578563841e-01 
 1.803718877079569e-07  3.379883222244464e-01 
 1.803918877079569e-07  3.379450952338366e-01 
 1.804118877079569e-07  3.379018768828275e-01 
 1.804318877079569e-07  3.378586671696924e-01 
 1.804518877079569e-07  3.378154660927048e-01 
 1.804718877079569e-07  3.377722736501386e-01 
 1.804918877079568e-07  3.377290898402682e-01 
 1.805118877079568e-07  3.376859146613682e-01 
 1.805318877079568e-07  3.376427481117135e-01 
 1.805518877079568e-07  3.375995901895794e-01 
 1.805718877079568e-07  3.375564408932414e-01 
 1.805918877079568e-07  3.375133002209758e-01 
 1.806118877079568e-07  3.374701681710587e-01 
 1.806318877079568e-07  3.374270447417670e-01 
 1.806518877079568e-07  3.373839299313778e-01 
 1.806718877079568e-07  3.373408237381683e-01 
 1.806918877079568e-07  3.372977261604161e-01 
 1.807118877079568e-07  3.372546371963994e-01 
 1.807318877079568e-07  3.372115568443966e-01 
 1.807518877079568e-07  3.371684851026866e-01 
 1.807718877079568e-07  3.371254219695483e-01 
 1.807918877079568e-07  3.370823674432611e-01 
 1.808118877079568e-07  3.370393215221050e-01 
 1.808318877079568e-07  3.369962842043600e-01 
 1.808518877079568e-07  3.369532554883066e-01 
 1.808718877079568e-07  3.369102353722255e-01 
 1.808918877079568e-07  3.368672238543978e-01 
 1.809118877079568e-07  3.368242209331053e-01 
 1.809318877079568e-07  3.367812266066296e-01 
 1.809518877079568e-07  3.367382408732529e-01 
 1.809718877079568e-07  3.366952637312579e-01 
 1.809918877079568e-07  3.366522951789274e-01 
 1.810118877079567e-07  3.366093352145447e-01 
 1.810318877079567e-07  3.365663838363933e-01 
 1.810518877079567e-07  3.365234410427571e-01 
 1.810718877079567e-07  3.364805068319203e-01 
 1.810918877079567e-07  3.364375812021677e-01 
 1.811118877079567e-07  3.363946641517839e-01 
 1.811318877079567e-07  3.363517556790542e-01 
 1.811518877079567e-07  3.363088557822644e-01 
 1.811718877079567e-07  3.362659644597005e-01 
 1.811918877079567e-07  3.362230817096487e-01 
 1.812118877079567e-07  3.361802075303956e-01 
 1.812318877079567e-07  3.361373419202283e-01 
 1.812518877079567e-07  3.360944848774343e-01 
 1.812718877079567e-07  3.360516364003010e-01 
 1.812918877079567e-07  3.360087964871164e-01 
 1.813118877079567e-07  3.359659651361689e-01 
 1.813318877079567e-07  3.359231423457473e-01 
 1.813518877079567e-07  3.358803281141406e-01 
 1.813718877079567e-07  3.358375224396383e-01 
 1.813918877079567e-07  3.357947253205298e-01 
 1.814118877079567e-07  3.357519367551055e-01 
 1.814318877079567e-07  3.357091567416557e-01 
 1.814518877079567e-07  3.356663852784711e-01 
 1.814718877079567e-07  3.356236223638427e-01 
 1.814918877079567e-07  3.355808679960622e-01 
 1.815118877079567e-07  3.355381221734213e-01 
 1.815318877079566e-07  3.354953848942121e-01 
 1.815518877079566e-07  3.354526561567268e-01 
 1.815718877079566e-07  3.354099359592585e-01 
 1.815918877079566e-07  3.353672243001002e-01 
 1.816118877079566e-07  3.353245211775454e-01 
 1.816318877079566e-07  3.352818265898880e-01 
 1.816518877079566e-07  3.352391405354222e-01 
 1.816718877079566e-07  3.351964630124424e-01 
 1.816918877079566e-07  3.351537940192437e-01 
 1.817118877079566e-07  3.351111335541210e-01 
 1.817318877079566e-07  3.350684816153697e-01 
 1.817518877079566e-07  3.350258382012860e-01 
 1.817718877079566e-07  3.349832033101659e-01 
 1.817918877079566e-07  3.349405769403062e-01 
 1.818118877079566e-07  3.348979590900037e-01 
 1.818318877079566e-07  3.348553497575553e-01 
 1.818518877079566e-07  3.348127489412589e-01 
 1.818718877079566e-07  3.347701566394123e-01 
 1.818918877079566e-07  3.347275728503138e-01 
 1.819118877079566e-07  3.346849975722622e-01 
 1.819318877079566e-07  3.346424308035561e-01 
 1.819518877079566e-07  3.345998725424948e-01 
 1.819718877079566e-07  3.345573227873780e-01 
 1.819918877079566e-07  3.345147815365057e-01 
 1.820118877079566e-07  3.344722487881781e-01 
 1.820318877079566e-07  3.344297245406960e-01 
 1.820518877079566e-07  3.343872087923601e-01 
 1.820718877079565e-07  3.343447015414719e-01 
 1.820918877079565e-07  3.343022027863331e-01 
 1.821118877079565e-07  3.342597125252457e-01 
 1.821318877079565e-07  3.342172307565119e-01 
 1.821518877079565e-07  3.341747574784342e-01 
 1.821718877079565e-07  3.341322926893158e-01 
 1.821918877079565e-07  3.340898363874600e-01 
 1.822118877079565e-07  3.340473885711707e-01 
 1.822318877079565e-07  3.340049492387517e-01 
 1.822518877079565e-07  3.339625183885074e-01 
 1.822718877079565e-07  3.339200960187427e-01 
 1.822918877079565e-07  3.338776821277624e-01 
 1.823118877079565e-07  3.338352767138719e-01 
 1.823318877079565e-07  3.337928797753770e-01 
 1.823518877079565e-07  3.337504913105839e-01 
 1.823718877079565e-07  3.337081113177987e-01 
 1.823918877079565e-07  3.336657397953282e-01 
 1.824118877079565e-07  3.336233767414795e-01 
 1.824318877079565e-07  3.335810221545600e-01 
 1.824518877079565e-07  3.335386760328777e-01 
 1.824718877079565e-07  3.334963383747403e-01 
 1.824918877079565e-07  3.334540091784564e-01 
 1.825118877079565e-07  3.334116884423348e-01 
 1.825318877079565e-07  3.333693761646846e-01 
 1.825518877079565e-07  3.333270723438154e-01 
 1.825718877079565e-07  3.332847769780365e-01 
 1.825918877079564e-07  3.332424900656584e-01 
 1.826118877079564e-07  3.332002116049915e-01 
 1.826318877079564e-07  3.331579415943466e-01 
 1.826518877079564e-07  3.331156800320347e-01 
 1.826718877079564e-07  3.330734269163674e-01 
 1.826918877079564e-07  3.330311822456566e-01 
 1.827118877079564e-07  3.329889460182142e-01 
 1.827318877079564e-07  3.329467182323527e-01 
 1.827518877079564e-07  3.329044988863850e-01 
 1.827718877079564e-07  3.328622879786243e-01 
 1.827918877079564e-07  3.328200855073841e-01 
 1.828118877079564e-07  3.327778914709781e-01 
 1.828318877079564e-07  3.327357058677206e-01 
 1.828518877079564e-07  3.326935286959258e-01 
 1.828718877079564e-07  3.326513599539089e-01 
 1.828918877079564e-07  3.326091996399849e-01 
 1.829118877079564e-07  3.325670477524694e-01 
 1.829318877079564e-07  3.325249042896781e-01 
 1.829518877079564e-07  3.324827692499274e-01 
 1.829718877079564e-07  3.324406426315337e-01 
 1.829918877079564e-07  3.323985244328139e-01 
 1.830118877079564e-07  3.323564146520849e-01 
 1.830318877079564e-07  3.323143132876645e-01 
 1.830518877079564e-07  3.322722203378708e-01 
 1.830718877079564e-07  3.322301358010218e-01 
 1.830918877079564e-07  3.321880596754360e-01 
 1.831118877079564e-07  3.321459919594323e-01 
 1.831318877079563e-07  3.321039326513298e-01 
 1.831518877079563e-07  3.320618817494481e-01 
 1.831718877079563e-07  3.320198392521070e-01 
 1.831918877079563e-07  3.319778051576271e-01 
 1.832118877079563e-07  3.319357794643287e-01 
 1.832318877079563e-07  3.318937621705326e-01 
 1.832518877079563e-07  3.318517532745601e-01 
 1.832718877079563e-07  3.318097527747328e-01 
 1.832918877079563e-07  3.317677606693726e-01 
 1.833118877079563e-07  3.317257769568018e-01 
 1.833318877079563e-07  3.316838016353429e-01 
 1.833518877079563e-07  3.316418347033187e-01 
 1.833718877079563e-07  3.315998761590524e-01 
 1.833918877079563e-07  3.315579260008677e-01 
 1.834118877079563e-07  3.315159842270886e-01 
 1.834318877079563e-07  3.314740508360390e-01 
 1.834518877079563e-07  3.314321258260439e-01 
 1.834718877079563e-07  3.313902091954280e-01 
 1.834918877079563e-07  3.313483009425167e-01 
 1.835118877079563e-07  3.313064010656355e-01 
 1.835318877079563e-07  3.312645095631102e-01 
 1.835518877079563e-07  3.312226264332671e-01 
 1.835718877079563e-07  3.311807516744328e-01 
 1.835918877079563e-07  3.311388852849343e-01 
 1.836118877079563e-07  3.310970272630988e-01 
 1.836318877079563e-07  3.310551776072538e-01 
 1.836518877079562e-07  3.310133363157275e-01 
 1.836718877079562e-07  3.309715033868478e-01 
 1.836918877079562e-07  3.309296788189435e-01 
 1.837118877079562e-07  3.308878626103435e-01 
 1.837318877079562e-07  3.308460547593771e-01 
 1.837518877079562e-07  3.308042552643738e-01 
 1.837718877079562e-07  3.307624641236637e-01 
 1.837918877079562e-07  3.307206813355768e-01 
 1.838118877079562e-07  3.306789068984439e-01 
 1.838318877079562e-07  3.306371408105957e-01 
 1.838518877079562e-07  3.305953830703637e-01 
 1.838718877079562e-07  3.305536336760795e-01 
 1.838918877079562e-07  3.305118926260750e-01 
 1.839118877079562e-07  3.304701599186823e-01 
 1.839318877079562e-07  3.304284355522342e-01 
 1.839518877079562e-07  3.303867195250634e-01 
 1.839718877079562e-07  3.303450118355035e-01 
 1.839918877079562e-07  3.303033124818877e-01 
 1.840118877079562e-07  3.302616214625502e-01 
 1.840318877079562e-07  3.302199387758252e-01 
 1.840518877079562e-07  3.301782644200472e-01 
 1.840718877079562e-07  3.301365983935513e-01 
 1.840918877079562e-07  3.300949406946727e-01 
 1.841118877079562e-07  3.300532913217469e-01 
 1.841318877079562e-07  3.300116502731099e-01 
 1.841518877079562e-07  3.299700175470981e-01 
 1.841718877079561e-07  3.299283931420479e-01 
 1.841918877079561e-07  3.298867770562962e-01 
 1.842118877079561e-07  3.298451692881803e-01 
 1.842318877079561e-07  3.298035698360376e-01 
 1.842518877079561e-07  3.297619786982064e-01 
 1.842718877079561e-07  3.297203958730249e-01 
 1.842918877079561e-07  3.296788213588314e-01 
 1.843118877079561e-07  3.296372551539650e-01 
 1.843318877079561e-07  3.295956972567652e-01 
 1.843518877079561e-07  3.295541476655713e-01 
 1.843718877079561e-07  3.295126063787230e-01 
 1.843918877079561e-07  3.294710733945609e-01 
 1.844118877079561e-07  3.294295487114254e-01 
 1.844318877079561e-07  3.293880323276574e-01 
 1.844518877079561e-07  3.293465242415983e-01 
 1.844718877079561e-07  3.293050244515895e-01 
 1.844918877079561e-07  3.292635329559729e-01 
 1.845118877079561e-07  3.292220497530910e-01 
 1.845318877079561e-07  3.291805748412861e-01 
 1.845518877079561e-07  3.291391082189011e-01 
 1.845718877079561e-07  3.290976498842793e-01 
 1.845918877079561e-07  3.290561998357643e-01 
 1.846118877079561e-07  3.290147580716999e-01 
 1.846318877079561e-07  3.289733245904305e-01 
 1.846518877079561e-07  3.289318993903005e-01 
 1.846718877079561e-07  3.288904824696548e-01 
 1.846918877079561e-07  3.288490738268386e-01 
 1.847118877079560e-07  3.288076734601975e-01 
 1.847318877079560e-07  3.287662813680773e-01 
 1.847518877079560e-07  3.287248975488243e-01 
 1.847718877079560e-07  3.286835220007848e-01 
 1.847918877079560e-07  3.286421547223058e-01 
 1.848118877079560e-07  3.286007957117348e-01 
 1.848318877079560e-07  3.285594449674190e-01 
 1.848518877079560e-07  3.285181024877064e-01 
 1.848718877079560e-07  3.284767682709450e-01 
 1.848918877079560e-07  3.284354423154835e-01 
 1.849118877079560e-07  3.283941246196707e-01 
 1.849318877079560e-07  3.283528151818556e-01 
 1.849518877079560e-07  3.283115140003879e-01 
 1.849718877079560e-07  3.282702210736174e-01 
 1.849918877079560e-07  3.282289363998943e-01 
 1.850118877079560e-07  3.281876599775693e-01 
 1.850318877079560e-07  3.281463918049929e-01 
 1.850518877079560e-07  3.281051318805164e-01 
 1.850718877079560e-07  3.280638802024911e-01 
 1.850918877079560e-07  3.280226367692690e-01 
 1.851118877079560e-07  3.279814015792022e-01 
 1.851318877079560e-07  3.279401746306431e-01 
 1.851518877079560e-07  3.278989559219446e-01 
 1.851718877079560e-07  3.278577454514598e-01 
 1.851918877079560e-07  3.278165432175422e-01 
 1.852118877079560e-07  3.277753492185456e-01 
 1.852318877079559e-07  3.277341634528242e-01 
 1.852518877079559e-07  3.276929859187323e-01 
 1.852718877079559e-07  3.276518166146247e-01 
 1.852918877079559e-07  3.276106555388565e-01 
 1.853118877079559e-07  3.275695026897833e-01 
 1.853318877079559e-07  3.275283580657606e-01 
 1.853518877079559e-07  3.274872216651446e-01 
 1.853718877079559e-07  3.274460934862916e-01 
 1.853918877079559e-07  3.274049735275586e-01 
 1.854118877079559e-07  3.273638617873027e-01 
 1.854318877079559e-07  3.273227582638812e-01 
 1.854518877079559e-07  3.272816629556518e-01 
 1.854718877079559e-07  3.272405758609724e-01 
 1.854918877079559e-07  3.271994969782017e-01 
 1.855118877079559e-07  3.271584263056981e-01 
 1.855318877079559e-07  3.271173638418210e-01 
 1.855518877079559e-07  3.270763095849296e-01 
 1.855718877079559e-07  3.270352635333836e-01 
 1.855918877079559e-07  3.269942256855430e-01 
 1.856118877079559e-07  3.269531960397682e-01 
 1.856318877079559e-07  3.269121745944200e-01 
 1.856518877079559e-07  3.268711613478593e-01 
 1.856718877079559e-07  3.268301562984475e-01 
 1.856918877079559e-07  3.267891594445462e-01 
 1.857118877079559e-07  3.267481707845173e-01 
 1.857318877079559e-07  3.267071903167234e-01 
 1.857518877079558e-07  3.266662180395269e-01 
 1.857718877079558e-07  3.266252539512909e-01 
 1.857918877079558e-07  3.265842980503786e-01 
 1.858118877079558e-07  3.265433503351537e-01 
 1.858318877079558e-07  3.265024108039802e-01 
 1.858518877079558e-07  3.264614794552224e-01 
 1.858718877079558e-07  3.264205562872449e-01 
 1.858918877079558e-07  3.263796412984126e-01 
 1.859118877079558e-07  3.263387344870909e-01 
 1.859318877079558e-07  3.262978358516452e-01 
 1.859518877079558e-07  3.262569453904415e-01 
 1.859718877079558e-07  3.262160631018461e-01 
 1.859918877079558e-07  3.261751889842256e-01 
 1.860118877079558e-07  3.261343230359467e-01 
 1.860318877079558e-07  3.260934652553767e-01 
 1.860518877079558e-07  3.260526156408832e-01 
 1.860718877079558e-07  3.260117741908340e-01 
 1.860918877079558e-07  3.259709409035975e-01 
 1.861118877079558e-07  3.259301157775422e-01 
 1.861318877079558e-07  3.258892988110369e-01 
 1.861518877079558e-07  3.258484900024508e-01 
 1.861718877079558e-07  3.258076893501534e-01 
 1.861918877079558e-07  3.257668968525143e-01 
 1.862118877079558e-07  3.257261125079039e-01 
 1.862318877079558e-07  3.256853363146927e-01 
 1.862518877079558e-07  3.256445682712513e-01 
 1.862718877079558e-07  3.256038083759512e-01 
 1.862918877079557e-07  3.255630566271636e-01 
 1.863118877079557e-07  3.255223130232603e-01 
 1.863318877079557e-07  3.254815775626136e-01 
 1.863518877079557e-07  3.254408502435958e-01 
 1.863718877079557e-07  3.254001310645797e-01 
 1.863918877079557e-07  3.253594200239383e-01 
 1.864118877079557e-07  3.253187171200453e-01 
 1.864318877079557e-07  3.252780223512743e-01 
 1.864518877079557e-07  3.252373357159993e-01 
 1.864718877079557e-07  3.251966572125946e-01 
 1.864918877079557e-07  3.251559868394350e-01 
 1.865118877079557e-07  3.251153245948957e-01 
 1.865318877079557e-07  3.250746704773519e-01 
 1.865518877079557e-07  3.250340244851794e-01 
 1.865718877079557e-07  3.249933866167540e-01 
 1.865918877079557e-07  3.249527568704523e-01 
 1.866118877079557e-07  3.249121352446509e-01 
 1.866318877079557e-07  3.248715217377267e-01 
 1.866518877079557e-07  3.248309163480570e-01 
 1.866718877079557e-07  3.247903190740195e-01 
 1.866918877079557e-07  3.247497299139920e-01 
 1.867118877079557e-07  3.247091488663530e-01 
 1.867318877079557e-07  3.246685759294810e-01 
 1.867518877079557e-07  3.246280111017549e-01 
 1.867718877079557e-07  3.245874543815540e-01 
 1.867918877079557e-07  3.245469057672581e-01 
 1.868118877079556e-07  3.245063652572470e-01 
 1.868318877079556e-07  3.244658328499007e-01 
 1.868518877079556e-07  3.244253085436000e-01 
 1.868718877079556e-07  3.243847923367257e-01 
 1.868918877079556e-07  3.243442842276589e-01 
 1.869118877079556e-07  3.243037842147812e-01 
 1.869318877079556e-07  3.242632922964745e-01 
 1.869518877079556e-07  3.242228084711209e-01 
 1.869718877079556e-07  3.241823327371029e-01 
 1.869918877079556e-07  3.241418650928033e-01 
 1.870118877079556e-07  3.241014055366053e-01 
 1.870318877079556e-07  3.240609540668923e-01 
 1.870518877079556e-07  3.240205106820482e-01 
 1.870718877079556e-07  3.239800753804571e-01 
 1.870918877079556e-07  3.239396481605035e-01 
 1.871118877079556e-07  3.238992290205719e-01 
 1.871318877079556e-07  3.238588179590475e-01 
 1.871518877079556e-07  3.238184149743157e-01 
 1.871718877079556e-07  3.237780200647623e-01 
 1.871918877079556e-07  3.237376332287734e-01 
 1.872118877079556e-07  3.236972544647351e-01 
 1.872318877079556e-07  3.236568837710344e-01 
 1.872518877079556e-07  3.236165211460580e-01 
 1.872718877079556e-07  3.235761665881935e-01 
 1.872918877079556e-07  3.235358200958284e-01 
 1.873118877079556e-07  3.234954816673508e-01 
 1.873318877079556e-07  3.234551513011489e-01 
 1.873518877079555e-07  3.234148289956115e-01 
 1.873718877079555e-07  3.233745147491274e-01 
 1.873918877079555e-07  3.233342085600858e-01 
 1.874118877079555e-07  3.232939104268766e-01 
 1.874318877079555e-07  3.232536203478893e-01 
 1.874518877079555e-07  3.232133383215143e-01 
 1.874718877079555e-07  3.231730643461421e-01 
 1.874918877079555e-07  3.231327984201638e-01 
 1.875118877079555e-07  3.230925405419707e-01 
 1.875318877079555e-07  3.230522907099540e-01 
 1.875518877079555e-07  3.230120489225056e-01 
 1.875718877079555e-07  3.229718151780178e-01 
 1.875918877079555e-07  3.229315894748829e-01 
 1.876118877079555e-07  3.228913718114939e-01 
 1.876318877079555e-07  3.228511621862437e-01 
 1.876518877079555e-07  3.228109605975259e-01 
 1.876718877079555e-07  3.227707670437344e-01 
 1.876918877079555e-07  3.227305815232630e-01 
 1.877118877079555e-07  3.226904040345063e-01 
 1.877318877079555e-07  3.226502345758591e-01 
 1.877518877079555e-07  3.226100731457162e-01 
 1.877718877079555e-07  3.225699197424732e-01 
 1.877918877079555e-07  3.225297743645256e-01 
 1.878118877079555e-07  3.224896370102695e-01 
 1.878318877079555e-07  3.224495076781014e-01 
 1.878518877079555e-07  3.224093863664179e-01 
 1.878718877079554e-07  3.223692730736158e-01 
 1.878918877079554e-07  3.223291677980926e-01 
 1.879118877079554e-07  3.222890705382458e-01 
 1.879318877079554e-07  3.222489812924734e-01 
 1.879518877079554e-07  3.222089000591736e-01 
 1.879718877079554e-07  3.221688268367451e-01 
 1.879918877079554e-07  3.221287616235866e-01 
 1.880118877079554e-07  3.220887044180974e-01 
 1.880318877079554e-07  3.220486552186773e-01 
 1.880518877079554e-07  3.220086140237258e-01 
 1.880718877079554e-07  3.219685808316433e-01 
 1.880918877079554e-07  3.219285556408302e-01 
 1.881118877079554e-07  3.218885384496873e-01 
 1.881318877079554e-07  3.218485292566159e-01 
 1.881518877079554e-07  3.218085280600173e-01 
 1.881718877079554e-07  3.217685348582932e-01 
 1.881918877079554e-07  3.217285496498459e-01 
 1.882118877079554e-07  3.216885724330777e-01 
 1.882318877079554e-07  3.216486032063913e-01 
 1.882518877079554e-07  3.216086419681898e-01 
 1.882718877079554e-07  3.215686887168765e-01 
 1.882918877079554e-07  3.215287434508554e-01 
 1.883118877079554e-07  3.214888061685303e-01 
 1.883318877079554e-07  3.214488768683055e-01 
 1.883518877079554e-07  3.214089555485857e-01 
 1.883718877079554e-07  3.213690422077757e-01 
 1.883918877079553e-07  3.213291368442812e-01 
 1.884118877079553e-07  3.212892394565075e-01 
 1.884318877079553e-07  3.212493500428604e-01 
 1.884518877079553e-07  3.212094686017464e-01 
 1.884718877079553e-07  3.211695951315721e-01 
 1.884918877079553e-07  3.211297296307443e-01 
 1.885118877079553e-07  3.210898720976699e-01 
 1.885318877079553e-07  3.210500225307568e-01 
 1.885518877079553e-07  3.210101809284127e-01 
 1.885718877079553e-07  3.209703472890458e-01 
 1.885918877079553e-07  3.209305216110646e-01 
 1.886118877079553e-07  3.208907038928777e-01 
 1.886318877079553e-07  3.208508941328944e-01 
 1.886518877079553e-07  3.208110923295240e-01 
 1.886718877079553e-07  3.207712984811764e-01 
 1.886918877079553e-07  3.207315125862616e-01 
 1.887118877079553e-07  3.206917346431900e-01 
 1.887318877079553e-07  3.206519646503721e-01 
 1.887518877079553e-07  3.206122026062191e-01 
 1.887718877079553e-07  3.205724485091423e-01 
 1.887918877079553e-07  3.205327023575534e-01 
 1.888118877079553e-07  3.204929641498644e-01 
 1.888318877079553e-07  3.204532338844874e-01 
 1.888518877079553e-07  3.204135115598352e-01 
 1.888718877079553e-07  3.203737971743206e-01 
 1.888918877079553e-07  3.203340907263569e-01 
 1.889118877079553e-07  3.202943922143576e-01 
 1.889318877079552e-07  3.202547016367366e-01 
 1.889518877079552e-07  3.202150189919081e-01 
 1.889718877079552e-07  3.201753442782866e-01 
 1.889918877079552e-07  3.201356774942868e-01 
 1.890118877079552e-07  3.200960186383239e-01 
 1.890318877079552e-07  3.200563677088135e-01 
 1.890518877079552e-07  3.200167247041712e-01 
 1.890718877079552e-07  3.199770896228133e-01 
 1.890918877079552e-07  3.199374624631560e-01 
 1.891118877079552e-07  3.198978432236161e-01 
 1.891318877079552e-07  3.198582319026106e-01 
 1.891518877079552e-07  3.198186284985569e-01 
 1.891718877079552e-07  3.197790330098727e-01 
 1.891918877079552e-07  3.197394454349761e-01 
 1.892118877079552e-07  3.196998657722852e-01 
 1.892318877079552e-07  3.196602940202186e-01 
 1.892518877079552e-07  3.196207301771952e-01 
 1.892718877079552e-07  3.195811742416344e-01 
 1.892918877079552e-07  3.195416262119559e-01 
 1.893118877079552e-07  3.195020860865794e-01 
 1.893318877079552e-07  3.194625538639251e-01 
 1.893518877079552e-07  3.194230295424135e-01 
 1.893718877079552e-07  3.193835131204654e-01 
 1.893918877079552e-07  3.193440045965020e-01 
 1.894118877079552e-07  3.193045039689448e-01 
 1.894318877079552e-07  3.192650112362157e-01 
 1.894518877079551e-07  3.192255263967366e-01 
 1.894718877079551e-07  3.191860494489299e-01 
 1.894918877079551e-07  3.191465803912183e-01 
 1.895118877079551e-07  3.191071192220250e-01 
 1.895318877079551e-07  3.190676659397731e-01 
 1.895518877079551e-07  3.190282205428865e-01 
 1.895718877079551e-07  3.189887830297892e-01 
 1.895918877079551e-07  3.189493533989055e-01 
 1.896118877079551e-07  3.189099316486598e-01 
 1.896318877079551e-07  3.188705177774773e-01 
 1.896518877079551e-07  3.188311117837830e-01 
 1.896718877079551e-07  3.187917136660025e-01 
 1.896918877079551e-07  3.187523234225617e-01 
 1.897118877079551e-07  3.187129410518869e-01 
 1.897318877079551e-07  3.186735665524045e-01 
 1.897518877079551e-07  3.186341999225414e-01 
 1.897718877079551e-07  3.185948411607248e-01 
 1.897918877079551e-07  3.185554902653820e-01 
 1.898118877079551e-07  3.185161472349406e-01 
 1.898318877079551e-07  3.184768120678290e-01 
 1.898518877079551e-07  3.184374847624756e-01 
 1.898718877079551e-07  3.183981653173090e-01 
 1.898918877079551e-07  3.183588537307581e-01 
 1.899118877079551e-07  3.183195500012523e-01 
 1.899318877079551e-07  3.182802541272213e-01 
 1.899518877079551e-07  3.182409661070950e-01 
 1.899718877079550e-07  3.182016859393037e-01 
 1.899918877079550e-07  3.181624136222780e-01 
 1.900118877079550e-07  3.181231491544486e-01 
 1.900318877079550e-07  3.180838925342469e-01 
 1.900518877079550e-07  3.180446437601044e-01 
 1.900718877079550e-07  3.180054028304530e-01 
 1.900918877079550e-07  3.179661697437248e-01 
 1.901118877079550e-07  3.179269444983522e-01 
 1.901318877079550e-07  3.178877270927681e-01 
 1.901518877079550e-07  3.178485175254055e-01 
 1.901718877079550e-07  3.178093157946978e-01 
 1.901918877079550e-07  3.177701218990789e-01 
 1.902118877079550e-07  3.177309358369826e-01 
 1.902318877079550e-07  3.176917576068434e-01 
 1.902518877079550e-07  3.176525872070959e-01 
 1.902718877079550e-07  3.176134246361751e-01 
 1.902918877079550e-07  3.175742698925163e-01 
 1.903118877079550e-07  3.175351229745550e-01 
 1.903318877079550e-07  3.174959838807274e-01 
 1.903518877079550e-07  3.174568526094693e-01 
 1.903718877079550e-07  3.174177291592175e-01 
 1.903918877079550e-07  3.173786135284088e-01 
 1.904118877079550e-07  3.173395057154804e-01 
 1.904318877079550e-07  3.173004057188698e-01 
 1.904518877079550e-07  3.172613135370145e-01 
 1.904718877079550e-07  3.172222291683529e-01 
 1.904918877079550e-07  3.171831526113232e-01 
 1.905118877079549e-07  3.171440838643642e-01 
 1.905318877079549e-07  3.171050229259149e-01 
 1.905518877079549e-07  3.170659697944149e-01 
 1.905718877079549e-07  3.170269244683036e-01 
 1.905918877079549e-07  3.169878869460211e-01 
 1.906118877079549e-07  3.169488572260075e-01 
 1.906318877079549e-07  3.169098353067035e-01 
 1.906518877079549e-07  3.168708211865501e-01 
 1.906718877079549e-07  3.168318148639885e-01 
 1.906918877079549e-07  3.167928163374602e-01 
 1.907118877079549e-07  3.167538256054069e-01 
 1.907318877079549e-07  3.167148426662708e-01 
 1.907518877079549e-07  3.166758675184944e-01 
 1.907718877079549e-07  3.166369001605204e-01 
 1.907918877079549e-07  3.165979405907920e-01 
 1.908118877079549e-07  3.165589888077526e-01 
 1.908318877079549e-07  3.165200448098459e-01 
 1.908518877079549e-07  3.164811085955158e-01 
 1.908718877079549e-07  3.164421801632067e-01 
 1.908918877079549e-07  3.164032595113633e-01 
 1.909118877079549e-07  3.163643466384305e-01 
 1.909318877079549e-07  3.163254415428537e-01 
 1.909518877079549e-07  3.162865442230782e-01 
 1.909718877079549e-07  3.162476546775501e-01 
 1.909918877079549e-07  3.162087729047155e-01 
 1.910118877079549e-07  3.161698989030209e-01 
 1.910318877079548e-07  3.161310326709131e-01 
 1.910518877079548e-07  3.160921742068393e-01 
 1.910718877079548e-07  3.160533235092469e-01 
 1.910918877079548e-07  3.160144805765837e-01 
 1.911118877079548e-07  3.159756454072975e-01 
 1.911318877079548e-07  3.159368179998369e-01 
 1.911518877079548e-07  3.158979983526506e-01 
 1.911718877079548e-07  3.158591864641875e-01 
 1.911918877079548e-07  3.158203823328970e-01 
 1.912118877079548e-07  3.157815859572285e-01 
 1.912318877079548e-07  3.157427973356322e-01 
 1.912518877079548e-07  3.157040164665582e-01 
 1.912718877079548e-07  3.156652433484568e-01 
 1.912918877079548e-07  3.156264779797792e-01 
 1.913118877079548e-07  3.155877203589764e-01 
 1.913318877079548e-07  3.155489704844998e-01 
 1.913518877079548e-07  3.155102283548012e-01 
 1.913718877079548e-07  3.154714939683327e-01 
 1.913918877079548e-07  3.154327673235468e-01 
 1.914118877079548e-07  3.153940484188961e-01 
 1.914318877079548e-07  3.153553372528335e-01 
 1.914518877079548e-07  3.153166338238126e-01 
 1.914718877079548e-07  3.152779381302869e-01 
 1.914918877079548e-07  3.152392501707103e-01 
 1.915118877079548e-07  3.152005699435370e-01 
 1.915318877079548e-07  3.151618974472217e-01 
 1.915518877079548e-07  3.151232326802190e-01 
 1.915718877079547e-07  3.150845756409844e-01 
 1.915918877079547e-07  3.150459263279731e-01 
 1.916118877079547e-07  3.150072847396411e-01 
 1.916318877079547e-07  3.149686508744445e-01 
 1.916518877079547e-07  3.149300247308395e-01 
 1.916718877079547e-07  3.148914063072830e-01 
 1.916918877079547e-07  3.148527956022321e-01 
 1.917118877079547e-07  3.148141926141440e-01 
 1.917318877079547e-07  3.147755973414764e-01 
 1.917518877079547e-07  3.147370097826872e-01 
 1.917718877079547e-07  3.146984299362346e-01 
 1.917918877079547e-07  3.146598578005773e-01 
 1.918118877079547e-07  3.146212933741739e-01 
 1.918318877079547e-07  3.145827366554840e-01 
 1.918518877079547e-07  3.145441876429668e-01 
 1.918718877079547e-07  3.145056463350822e-01 
 1.918918877079547e-07  3.144671127302903e-01 
 1.919118877079547e-07  3.144285868270514e-01 
 1.919318877079547e-07  3.143900686238264e-01 
 1.919518877079547e-07  3.143515581190763e-01 
 1.919718877079547e-07  3.143130553112625e-01 
 1.919918877079547e-07  3.142745601988466e-01 
 1.920118877079547e-07  3.142360727802904e-01 
 1.920318877079547e-07  3.141975930540561e-01 
 1.920518877079547e-07  3.141591210186067e-01 
 1.920718877079547e-07  3.141206566724047e-01 
 1.920918877079546e-07  3.140822000139135e-01 
 1.921118877079546e-07  3.140437510415964e-01 
 1.921318877079546e-07  3.140053097539172e-01 
 1.921518877079546e-07  3.139668761493400e-01 
 1.921718877079546e-07  3.139284502263294e-01 
 1.921918877079546e-07  3.138900319833501e-01 
 1.922118877079546e-07  3.138516214188669e-01 
 1.922318877079546e-07  3.138132185313452e-01 
 1.922518877079546e-07  3.137748233192507e-01 
 1.922718877079546e-07  3.137364357810494e-01 
 1.922918877079546e-07  3.136980559152074e-01 
 1.923118877079546e-07  3.136596837201914e-01 
 1.923318877079546e-07  3.136213191944682e-01 
 1.923518877079546e-07  3.135829623365049e-01 
 1.923718877079546e-07  3.135446131447691e-01 
 1.923918877079546e-07  3.135062716177285e-01 
 1.924118877079546e-07  3.134679377538512e-01 
 1.924318877079546e-07  3.134296115516058e-01 
 1.924518877079546e-07  3.133912930094609e-01 
 1.924718877079546e-07  3.133529821258852e-01 
 1.924918877079546e-07  3.133146788993483e-01 
 1.925118877079546e-07  3.132763833283197e-01 
 1.925318877079546e-07  3.132380954112695e-01 
 1.925518877079546e-07  3.131998151466678e-01 
 1.925718877079546e-07  3.131615425329852e-01 
 1.925918877079546e-07  3.131232775686925e-01 
 1.926118877079545e-07  3.130850202522608e-01 
 1.926318877079545e-07  3.130467705821616e-01 
 1.926518877079545e-07  3.130085285568666e-01 
 1.926718877079545e-07  3.129702941748478e-01 
 1.926918877079545e-07  3.129320674345778e-01 
 1.927118877079545e-07  3.128938483345292e-01 
 1.927318877079545e-07  3.128556368731750e-01 
 1.927518877079545e-07  3.128174330489885e-01 
 1.927718877079545e-07  3.127792368604431e-01 
 1.927918877079545e-07  3.127410483060128e-01 
 1.928118877079545e-07  3.127028673841718e-01 
 1.928318877079545e-07  3.126646940933946e-01 
 1.928518877079545e-07  3.126265284321561e-01 
 1.928718877079545e-07  3.125883703989313e-01 
 1.928918877079545e-07  3.125502199921958e-01 
 1.929118877079545e-07  3.125120772104252e-01 
 1.929318877079545e-07  3.124739420520954e-01 
 1.929518877079545e-07  3.124358145156830e-01 
 1.929718877079545e-07  3.123976945996645e-01 
 1.929918877079545e-07  3.123595823025169e-01 
 1.930118877079545e-07  3.123214776227173e-01 
 1.930318877079545e-07  3.122833805587433e-01 
 1.930518877079545e-07  3.122452911090729e-01 
 1.930718877079545e-07  3.122072092721841e-01 
 1.930918877079545e-07  3.121691350465554e-01 
 1.931118877079545e-07  3.121310684306657e-01 
 1.931318877079545e-07  3.120930094229939e-01 
 1.931518877079544e-07  3.120549580220195e-01 
 1.931718877079544e-07  3.120169142262220e-01 
 1.931918877079544e-07  3.119788780340814e-01 
 1.932118877079544e-07  3.119408494440783e-01 
 1.932318877079544e-07  3.119028284546931e-01 
 1.932518877079544e-07  3.118648150644068e-01 
 1.932718877079544e-07  3.118268092717003e-01 
 1.932918877079544e-07  3.117888110750553e-01 
 1.933118877079544e-07  3.117508204729537e-01 
 1.933318877079544e-07  3.117128374638776e-01 
 1.933518877079544e-07  3.116748620463092e-01 
 1.933718877079544e-07  3.116368942187313e-01 
 1.933918877079544e-07  3.115989339796271e-01 
 1.934118877079544e-07  3.115609813274797e-01 
 1.934318877079544e-07  3.115230362607728e-01 
 1.934518877079544e-07  3.114850987779904e-01 
 1.934718877079544e-07  3.114471688776166e-01 
 1.934918877079544e-07  3.114092465581361e-01 
 1.935118877079544e-07  3.113713318180336e-01 
 1.935318877079544e-07  3.113334246557942e-01 
 1.935518877079544e-07  3.112955250699035e-01 
 1.935718877079544e-07  3.112576330588471e-01 
 1.935918877079544e-07  3.112197486211112e-01 
 1.936118877079544e-07  3.111818717551821e-01 
 1.936318877079544e-07  3.111440024595465e-01 
 1.936518877079544e-07  3.111061407326913e-01 
 1.936718877079543e-07  3.110682865731036e-01 
 1.936918877079543e-07  3.110304399792712e-01 
 1.937118877079543e-07  3.109926009496818e-01 
 1.937318877079543e-07  3.109547694828236e-01 
 1.937518877079543e-07  3.109169455771852e-01 
 1.937718877079543e-07  3.108791292312553e-01 
 1.937918877079543e-07  3.108413204435227e-01 
 1.938118877079543e-07  3.108035192124771e-01 
 1.938318877079543e-07  3.107657255366083e-01 
 1.938518877079543e-07  3.107279394144060e-01 
 1.938718877079543e-07  3.106901608443605e-01 
 1.938918877079543e-07  3.106523898249625e-01 
 1.939118877079543e-07  3.106146263547027e-01 
 1.939318877079543e-07  3.105768704320724e-01 
 1.939518877079543e-07  3.105391220555632e-01 
 1.939718877079543e-07  3.105013812236667e-01 
 1.939918877079543e-07  3.104636479348751e-01 
 1.940118877079543e-07  3.104259221876809e-01 
 1.940318877079543e-07  3.103882039805765e-01 
 1.940518877079543e-07  3.103504933120550e-01 
 1.940718877079543e-07  3.103127901806098e-01 
 1.940918877079543e-07  3.102750945847343e-01 
 1.941118877079543e-07  3.102374065229227e-01 
 1.941318877079543e-07  3.101997259936690e-01 
 1.941518877079543e-07  3.101620529954678e-01 
 1.941718877079543e-07  3.101243875268138e-01 
 1.941918877079542e-07  3.100867295862020e-01 
 1.942118877079542e-07  3.100490791721281e-01 
 1.942318877079542e-07  3.100114362830876e-01 
 1.942518877079542e-07  3.099738009175766e-01 
 1.942718877079542e-07  3.099361730740914e-01 
 1.942918877079542e-07  3.098985527511285e-01 
 1.943118877079542e-07  3.098609399471848e-01 
 1.943318877079542e-07  3.098233346607575e-01 
 1.943518877079542e-07  3.097857368903442e-01 
 1.943718877079542e-07  3.097481466344427e-01 
 1.943918877079542e-07  3.097105638915511e-01 
 1.944118877079542e-07  3.096729886601677e-01 
 1.944318877079542e-07  3.096354209387912e-01 
 1.944518877079542e-07  3.095978607259208e-01 
 1.944718877079542e-07  3.095603080200557e-01 
 1.944918877079542e-07  3.095227628196954e-01 
 1.945118877079542e-07  3.094852251233399e-01 
 1.945318877079542e-07  3.094476949294895e-01 
 1.945518877079542e-07  3.094101722366446e-01 
 1.945718877079542e-07  3.093726570433060e-01 
 1.945918877079542e-07  3.093351493479748e-01 
 1.946118877079542e-07  3.092976491491525e-01 
 1.946318877079542e-07  3.092601564453407e-01 
 1.946518877079542e-07  3.092226712350414e-01 
 1.946718877079542e-07  3.091851935167570e-01 
 1.946918877079542e-07  3.091477232889900e-01 
 1.947118877079542e-07  3.091102605502434e-01 
 1.947318877079541e-07  3.090728052990203e-01 
 1.947518877079541e-07  3.090353575338241e-01 
 1.947718877079541e-07  3.089979172531588e-01 
 1.947918877079541e-07  3.089604844555286e-01 
 1.948118877079541e-07  3.089230591394378e-01 
 1.948318877079541e-07  3.088856413033909e-01 
 1.948518877079541e-07  3.088482309458929e-01 
 1.948718877079541e-07  3.088108280654493e-01 
 1.948918877079541e-07  3.087734326605656e-01 
 1.949118877079541e-07  3.087360447297476e-01 
 1.949318877079541e-07  3.086986642715018e-01 
 1.949518877079541e-07  3.086612912843344e-01 
 1.949718877079541e-07  3.086239257667523e-01 
 1.949918877079541e-07  3.085865677172626e-01 
 1.950118877079541e-07  3.085492171343726e-01 
 1.950318877079541e-07  3.085118740165900e-01 
 1.950518877079541e-07  3.084745383624227e-01 
 1.950718877079541e-07  3.084372101703791e-01 
 1.950918877079541e-07  3.083998894389678e-01 
 1.951118877079541e-07  3.083625761666977e-01 
 1.951318877079541e-07  3.083252703520777e-01 
 1.951518877079541e-07  3.082879719936175e-01 
 1.951718877079541e-07  3.082506810898269e-01 
 1.951918877079541e-07  3.082133976392160e-01 
 1.952118877079541e-07  3.081761216402950e-01 
 1.952318877079541e-07  3.081388530915746e-01 
 1.952518877079540e-07  3.081015919915657e-01 
 1.952718877079540e-07  3.080643383387798e-01 
 1.952918877079540e-07  3.080270921317282e-01 
 1.953118877079540e-07  3.079898533689229e-01 
 1.953318877079540e-07  3.079526220488759e-01 
 1.953518877079540e-07  3.079153981700998e-01 
 1.953718877079540e-07  3.078781817311072e-01 
 1.953918877079540e-07  3.078409727304114e-01 
 1.954118877079540e-07  3.078037711665256e-01 
 1.954318877079540e-07  3.077665770379633e-01 
 1.954518877079540e-07  3.077293903432387e-01 
 1.954718877079540e-07  3.076922110808657e-01 
 1.954918877079540e-07  3.076550392493589e-01 
 1.955118877079540e-07  3.076178748472334e-01 
 1.955318877079540e-07  3.075807178730041e-01 
 1.955518877079540e-07  3.075435683251864e-01 
 1.955718877079540e-07  3.075064262022961e-01 
 1.955918877079540e-07  3.074692915028490e-01 
 1.956118877079540e-07  3.074321642253617e-01 
 1.956318877079540e-07  3.073950443683509e-01 
 1.956518877079540e-07  3.073579319303330e-01 
 1.956718877079540e-07  3.073208269098255e-01 
 1.956918877079540e-07  3.072837293053460e-01 
 1.957118877079540e-07  3.072466391154122e-01 
 1.957318877079540e-07  3.072095563385421e-01 
 1.957518877079540e-07  3.071724809732541e-01 
 1.957718877079540e-07  3.071354130180670e-01 
 1.957918877079539e-07  3.070983524714996e-01 
 1.958118877079539e-07  3.070612993320713e-01 
 1.958318877079539e-07  3.070242535983015e-01 
 1.958518877079539e-07  3.069872152687103e-01 
 1.958718877079539e-07  3.069501843418178e-01 
 1.958918877079539e-07  3.069131608161442e-01 
 1.959118877079539e-07  3.068761446902106e-01 
 1.959318877079539e-07  3.068391359625379e-01 
 1.959518877079539e-07  3.068021346316472e-01 
 1.959718877079539e-07  3.067651406960605e-01 
 1.959918877079539e-07  3.067281541542997e-01 
 1.960118877079539e-07  3.066911750048869e-01 
 1.960318877079539e-07  3.066542032463446e-01 
 1.960518877079539e-07  3.066172388771957e-01 
 1.960718877079539e-07  3.065802818959634e-01 
 1.960918877079539e-07  3.065433323011709e-01 
 1.961118877079539e-07  3.065063900913418e-01 
 1.961318877079539e-07  3.064694552650004e-01 
 1.961518877079539e-07  3.064325278206708e-01 
 1.961718877079539e-07  3.063956077568778e-01 
 1.961918877079539e-07  3.063586950721460e-01 
 1.962118877079539e-07  3.063217897650007e-01 
 1.962318877079539e-07  3.062848918339675e-01 
 1.962518877079539e-07  3.062480012775721e-01 
 1.962718877079539e-07  3.062111180943404e-01 
 1.962918877079539e-07  3.061742422827990e-01 
 1.963118877079538e-07  3.061373738414744e-01 
 1.963318877079538e-07  3.061005127688935e-01 
 1.963518877079538e-07  3.060636590635837e-01 
 1.963718877079538e-07  3.060268127240725e-01 
 1.963918877079538e-07  3.059899737488875e-01 
 1.964118877079538e-07  3.059531421365571e-01 
 1.964318877079538e-07  3.059163178856096e-01 
 1.964518877079538e-07  3.058795009945737e-01 
 1.964718877079538e-07  3.058426914619785e-01 
 1.964918877079538e-07  3.058058892863532e-01 
 1.965118877079538e-07  3.057690944662274e-01 
 1.965318877079538e-07  3.057323070001309e-01 
 1.965518877079538e-07  3.056955268865941e-01 
 1.965718877079538e-07  3.056587541241474e-01 
 1.965918877079538e-07  3.056219887113215e-01 
 1.966118877079538e-07  3.055852306466475e-01 
 1.966318877079538e-07  3.055484799286567e-01 
 1.966518877079538e-07  3.055117365558809e-01 
 1.966718877079538e-07  3.054750005268519e-01 
 1.966918877079538e-07  3.054382718401019e-01 
 1.967118877079538e-07  3.054015504941636e-01 
 1.967318877079538e-07  3.053648364875696e-01 
 1.967518877079538e-07  3.053281298188533e-01 
 1.967718877079538e-07  3.052914304865478e-01 
 1.967918877079538e-07  3.052547384891869e-01 
 1.968118877079538e-07  3.052180538253048e-01 
 1.968318877079537e-07  3.051813764934356e-01 
 1.968518877079537e-07  3.051447064921139e-01 
 1.968718877079537e-07  3.051080438198746e-01 
 1.968918877079537e-07  3.050713884752528e-01 
 1.969118877079537e-07  3.050347404567841e-01 
 1.969318877079537e-07  3.049980997630041e-01 
 1.969518877079537e-07  3.049614663924490e-01 
 1.969718877079537e-07  3.049248403436550e-01 
 1.969918877079537e-07  3.048882216151588e-01 
 1.970118877079537e-07  3.048516102054973e-01 
 1.970318877079537e-07  3.048150061132079e-01 
 1.970518877079537e-07  3.047784093368278e-01 
 1.970718877079537e-07  3.047418198748948e-01 
 1.970918877079537e-07  3.047052377259473e-01 
 1.971118877079537e-07  3.046686628885234e-01 
 1.971318877079537e-07  3.046320953611619e-01 
 1.971518877079537e-07  3.045955351424017e-01 
 1.971718877079537e-07  3.045589822307820e-01 
 1.971918877079537e-07  3.045224366248426e-01 
 1.972118877079537e-07  3.044858983231232e-01 
 1.972318877079537e-07  3.044493673241639e-01 
 1.972518877079537e-07  3.044128436265052e-01 
 1.972718877079537e-07  3.043763272286878e-01 
 1.972918877079537e-07  3.043398181292526e-01 
 1.973118877079537e-07  3.043033163267411e-01 
 1.973318877079537e-07  3.042668218196948e-01 
 1.973518877079537e-07  3.042303346066556e-01 
 1.973718877079536e-07  3.041938546861656e-01 
 1.973918877079536e-07  3.041573820567674e-01 
 1.974118877079536e-07  3.041209167170036e-01 
 1.974318877079536e-07  3.040844586654175e-01 
 1.974518877079536e-07  3.040480079005520e-01 
 1.974718877079536e-07  3.040115644209511e-01 
 1.974918877079536e-07  3.039751282251586e-01 
 1.975118877079536e-07  3.039386993117188e-01 
 1.975318877079536e-07  3.039022776791762e-01 
 1.975518877079536e-07  3.038658633260755e-01 
 1.975718877079536e-07  3.038294562509619e-01 
 1.975918877079536e-07  3.037930564523806e-01 
 1.976118877079536e-07  3.037566639288774e-01 
 1.976318877079536e-07  3.037202786789983e-01 
 1.976518877079536e-07  3.036839007012895e-01 
 1.976718877079536e-07  3.036475299942976e-01 
 1.976918877079536e-07  3.036111665565692e-01 
 1.977118877079536e-07  3.035748103866516e-01 
 1.977318877079536e-07  3.035384614830923e-01 
 1.977518877079536e-07  3.035021198444389e-01 
 1.977718877079536e-07  3.034657854692394e-01 
 1.977918877079536e-07  3.034294583560421e-01 
 1.978118877079536e-07  3.033931385033956e-01 
 1.978318877079536e-07  3.033568259098487e-01 
 1.978518877079536e-07  3.033205205739506e-01 
 1.978718877079536e-07  3.032842224942507e-01 
 1.978918877079535e-07  3.032479316692987e-01 
 1.979118877079535e-07  3.032116480976446e-01 
 1.979318877079535e-07  3.031753717778388e-01 
 1.979518877079535e-07  3.031391027084320e-01 
 1.979718877079535e-07  3.031028408879751e-01 
 1.979918877079535e-07  3.030665863150190e-01 
 1.980118877079535e-07  3.030303389881153e-01 
 1.980318877079535e-07  3.029940989058160e-01 
 1.980518877079535e-07  3.029578660666728e-01 
 1.980718877079535e-07  3.029216404692381e-01 
 1.980918877079535e-07  3.028854221120647e-01 
 1.981118877079535e-07  3.028492109937055e-01 
 1.981318877079535e-07  3.028130071127137e-01 
 1.981518877079535e-07  3.027768104676427e-01 
 1.981718877079535e-07  3.027406210570464e-01 
 1.981918877079535e-07  3.027044388794787e-01 
 1.982118877079535e-07  3.026682639334940e-01 
 1.982318877079535e-07  3.026320962176471e-01 
 1.982518877079535e-07  3.025959357304930e-01 
 1.982718877079535e-07  3.025597824705866e-01 
 1.982918877079535e-07  3.025236364364838e-01 
 1.983118877079535e-07  3.024874976267402e-01 
 1.983318877079535e-07  3.024513660399118e-01 
 1.983518877079535e-07  3.024152416745551e-01 
 1.983718877079535e-07  3.023791245292269e-01 
 1.983918877079535e-07  3.023430146024840e-01 
 1.984118877079534e-07  3.023069118928837e-01 
 1.984318877079534e-07  3.022708163989836e-01 
 1.984518877079534e-07  3.022347281193414e-01 
 1.984718877079534e-07  3.021986470525153e-01 
 1.984918877079534e-07  3.021625731970637e-01 
 1.985118877079534e-07  3.021265065515454e-01 
 1.985318877079534e-07  3.020904471145192e-01 
 1.985518877079534e-07  3.020543948845443e-01 
 1.985718877079534e-07  3.020183498601804e-01 
 1.985918877079534e-07  3.019823120399874e-01 
 1.986118877079534e-07  3.019462814225255e-01 
 1.986318877079534e-07  3.019102580063549e-01 
 1.986518877079534e-07  3.018742417900363e-01 
 1.986718877079534e-07  3.018382327721308e-01 
 1.986918877079534e-07  3.018022309511997e-01 
 1.987118877079534e-07  3.017662363258046e-01 
 1.987318877079534e-07  3.017302488945073e-01 
 1.987518877079534e-07  3.016942686558698e-01 
 1.987718877079534e-07  3.016582956084546e-01 
 1.987918877079534e-07  3.016223297508246e-01 
 1.988118877079534e-07  3.015863710815427e-01 
 1.988318877079534e-07  3.015504195991723e-01 
 1.988518877079534e-07  3.015144753022768e-01 
 1.988718877079534e-07  3.014785381894202e-01 
 1.988918877079534e-07  3.014426082591666e-01 
 1.989118877079534e-07  3.014066855100804e-01 
 1.989318877079534e-07  3.013707699407264e-01 
 1.989518877079533e-07  3.013348615496697e-01 
 1.989718877079533e-07  3.012989603354753e-01 
 1.989918877079533e-07  3.012630662967091e-01 
 1.990118877079533e-07  3.012271794319368e-01 
 1.990318877079533e-07  3.011912997397247e-01 
 1.990518877079533e-07  3.011554272186391e-01 
 1.990718877079533e-07  3.011195618672470e-01 
 1.990918877079533e-07  3.010837036841150e-01 
 1.991118877079533e-07  3.010478526678106e-01 
 1.991318877079533e-07  3.010120088169017e-01 
 1.991518877079533e-07  3.009761721299558e-01 
 1.991718877079533e-07  3.009403426055411e-01 
 1.991918877079533e-07  3.009045202422263e-01 
 1.992118877079533e-07  3.008687050385800e-01 
 1.992318877079533e-07  3.008328969931712e-01 
 1.992518877079533e-07  3.007970961045692e-01 
 1.992718877079533e-07  3.007613023713437e-01 
 1.992918877079533e-07  3.007255157920644e-01 
 1.993118877079533e-07  3.006897363653017e-01 
 1.993318877079533e-07  3.006539640896260e-01 
 1.993518877079533e-07  3.006181989636079e-01 
 1.993718877079533e-07  3.005824409858184e-01 
 1.993918877079533e-07  3.005466901548289e-01 
 1.994118877079533e-07  3.005109464692110e-01 
 1.994318877079533e-07  3.004752099275366e-01 
 1.994518877079533e-07  3.004394805283780e-01 
 1.994718877079532e-07  3.004037582703075e-01 
 1.994918877079532e-07  3.003680431518978e-01 
 1.995118877079532e-07  3.003323351717220e-01 
 1.995318877079532e-07  3.002966343283534e-01 
 1.995518877079532e-07  3.002609406203656e-01 
 1.995718877079532e-07  3.002252540463325e-01 
 1.995918877079532e-07  3.001895746048283e-01 
 1.996118877079532e-07  3.001539022944273e-01 
 1.996318877079532e-07  3.001182371137044e-01 
 1.996518877079532e-07  3.000825790612345e-01 
 1.996718877079532e-07  3.000469281355929e-01 
 1.996918877079532e-07  3.000112843353554e-01 
 1.997118877079532e-07  2.999756476590977e-01 
 1.997318877079532e-07  2.999400181053958e-01 
 1.997518877079532e-07  2.999043956728264e-01 
 1.997718877079532e-07  2.998687803599662e-01 
 1.997918877079532e-07  2.998331721653922e-01 
 1.998118877079532e-07  2.997975710876818e-01 
 1.998318877079532e-07  2.997619771254123e-01 
 1.998518877079532e-07  2.997263902771617e-01 
 1.998718877079532e-07  2.996908105415081e-01 
 1.998918877079532e-07  2.996552379170301e-01 
 1.999118877079532e-07  2.996196724023063e-01 
 1.999318877079532e-07  2.995841139959156e-01 
 1.999518877079532e-07  2.995485626964375e-01 
 1.999718877079532e-07  2.995130185024515e-01 
 1.999918877079532e-07  2.994774814125373e-01 
 2.000118877079531e-07  2.994419514252752e-01 
 2.000318877079531e-07  2.994064285392458e-01 
 2.000518877079531e-07  2.993709127530295e-01 
 2.000718877079531e-07  2.993354040652074e-01 
 2.000918877079531e-07  2.992999024743607e-01 
 2.001118877079531e-07  2.992644079790709e-01 
 2.001318877079531e-07  2.992289205779201e-01 
 2.001518877079531e-07  2.991934402694904e-01 
 2.001718877079531e-07  2.991579670523639e-01 
 2.001918877079531e-07  2.991225009251235e-01 
 2.002118877079531e-07  2.990870418863523e-01 
 2.002318877079531e-07  2.990515899346334e-01 
 2.002518877079531e-07  2.990161450685502e-01 
 2.002718877079531e-07  2.989807072866867e-01 
 2.002918877079531e-07  2.989452765876272e-01 
 2.003118877079531e-07  2.989098529699557e-01 
 2.003318877079531e-07  2.988744364322570e-01 
 2.003518877079531e-07  2.988390269731162e-01 
 2.003718877079531e-07  2.988036245911184e-01 
 2.003918877079531e-07  2.987682292848491e-01 
 2.004118877079531e-07  2.987328410528943e-01 
 2.004318877079531e-07  2.986974598938398e-01 
 2.004518877079531e-07  2.986620858062722e-01 
 2.004718877079531e-07  2.986267187887781e-01 
 2.004918877079531e-07  2.985913588399444e-01 
 2.005118877079531e-07  2.985560059583582e-01 
 2.005318877079530e-07  2.985206601426071e-01 
 2.005518877079530e-07  2.984853213912790e-01 
 2.005718877079530e-07  2.984499897029618e-01 
 2.005918877079530e-07  2.984146650762438e-01 
 2.006118877079530e-07  2.983793475097138e-01 
 2.006318877079530e-07  2.983440370019605e-01 
 2.006518877079530e-07  2.983087335515733e-01 
 2.006718877079530e-07  2.982734371571418e-01 
 2.006918877079530e-07  2.982381478172555e-01 
 2.007118877079530e-07  2.982028655305045e-01 
 2.007318877079530e-07  2.981675902954792e-01 
 2.007518877079530e-07  2.981323221107701e-01 
 2.007718877079530e-07  2.980970609749679e-01 
 2.007918877079530e-07  2.980618068866641e-01 
 2.008118877079530e-07  2.980265598444499e-01 
 2.008318877079530e-07  2.979913198469171e-01 
 2.008518877079530e-07  2.979560868926579e-01 
 2.008718877079530e-07  2.979208609802644e-01 
 2.008918877079530e-07  2.978856421083293e-01 
 2.009118877079530e-07  2.978504302754452e-01 
 2.009318877079530e-07  2.978152254802054e-01 
 2.009518877079530e-07  2.977800277212034e-01 
 2.009718877079530e-07  2.977448369970327e-01 
 2.009918877079530e-07  2.977096533062875e-01 
 2.010118877079530e-07  2.976744766475618e-01 
 2.010318877079530e-07  2.976393070194505e-01 
 2.010518877079529e-07  2.976041444205481e-01 
 2.010718877079529e-07  2.975689888494498e-01 
 2.010918877079529e-07  2.975338403047511e-01 
 2.011118877079529e-07  2.974986987850473e-01 
 2.011318877079529e-07  2.974635642889347e-01 
 2.011518877079529e-07  2.974284368150095e-01 
 2.011718877079529e-07  2.973933163618681e-01 
 2.011918877079529e-07  2.973582029281073e-01 
 2.012118877079529e-07  2.973230965123241e-01 
 2.012318877079529e-07  2.972879971131160e-01 
 2.012518877079529e-07  2.972529047290804e-01 
 2.012718877079529e-07  2.972178193588154e-01 
 2.012918877079529e-07  2.971827410009191e-01 
 2.013118877079529e-07  2.971476696539900e-01 
 2.013318877079529e-07  2.971126053166268e-01 
 2.013518877079529e-07  2.970775479874286e-01 
 2.013718877079529e-07  2.970424976649947e-01 
 2.013918877079529e-07  2.970074543479247e-01 
 2.014118877079529e-07  2.969724180348185e-01 
 2.014318877079529e-07  2.969373887242761e-01 
 2.014518877079529e-07  2.969023664148979e-01 
 2.014718877079529e-07  2.968673511052847e-01 
 2.014918877079529e-07  2.968323427940376e-01 
 2.015118877079529e-07  2.967973414797578e-01 
 2.015318877079529e-07  2.967623471610468e-01 
 2.015518877079529e-07  2.967273598365064e-01 
 2.015718877079529e-07  2.966923795047388e-01 
 2.015918877079528e-07  2.966574061643464e-01 
 2.016118877079528e-07  2.966224398139316e-01 
 2.016318877079528e-07  2.965874804520975e-01 
 2.016518877079528e-07  2.965525280774474e-01 
 2.016718877079528e-07  2.965175826885848e-01 
 2.016918877079528e-07  2.964826442841135e-01 
 2.017118877079528e-07  2.964477128626374e-01 
 2.017318877079528e-07  2.964127884227609e-01 
 2.017518877079528e-07  2.963778709630887e-01 
 2.017718877079528e-07  2.963429604822255e-01 
 2.017918877079528e-07  2.963080569787767e-01 
 2.018118877079528e-07  2.962731604513476e-01 
 2.018318877079528e-07  2.962382708985441e-01 
 2.018518877079528e-07  2.962033883189721e-01 
 2.018718877079528e-07  2.961685127112378e-01 
 2.018918877079528e-07  2.961336440739479e-01 
 2.019118877079528e-07  2.960987824057093e-01 
 2.019318877079528e-07  2.960639277051290e-01 
 2.019518877079528e-07  2.960290799708142e-01 
 2.019718877079528e-07  2.959942392013730e-01 
 2.019918877079528e-07  2.959594053954132e-01 
 2.020118877079528e-07  2.959245785515429e-01 
 2.020318877079528e-07  2.958897586683708e-01 
 2.020518877079528e-07  2.958549457445057e-01 
 2.020718877079528e-07  2.958201397785564e-01 
 2.020918877079528e-07  2.957853407691325e-01 
 2.021118877079527e-07  2.957505487148436e-01 
 2.021318877079527e-07  2.957157636142997e-01 
 2.021518877079527e-07  2.956809854661109e-01 
 2.021718877079527e-07  2.956462142688876e-01 
 2.021918877079527e-07  2.956114500212406e-01 
 2.022118877079527e-07  2.955766927217807e-01 
 2.022318877079527e-07  2.955419423691195e-01 
 2.022518877079527e-07  2.955071989618683e-01 
 2.022718877079527e-07  2.954724624986392e-01 
 2.022918877079527e-07  2.954377329780442e-01 
 2.023118877079527e-07  2.954030103986958e-01 
 2.023318877079527e-07  2.953682947592066e-01 
 2.023518877079527e-07  2.953335860581895e-01 
 2.023718877079527e-07  2.952988842942578e-01 
 2.023918877079527e-07  2.952641894660250e-01 
 2.024118877079527e-07  2.952295015721049e-01 
 2.024318877079527e-07  2.951948206111116e-01 
 2.024518877079527e-07  2.951601465816596e-01 
 2.024718877079527e-07  2.951254794823632e-01 
 2.024918877079527e-07  2.950908193118374e-01 
 2.025118877079527e-07  2.950561660686977e-01 
 2.025318877079527e-07  2.950215197515590e-01 
 2.025518877079527e-07  2.949868803590373e-01 
 2.025718877079527e-07  2.949522478897486e-01 
 2.025918877079527e-07  2.949176223423093e-01 
 2.026118877079527e-07  2.948830037153358e-01 
 2.026318877079526e-07  2.948483920074449e-01 
 2.026518877079526e-07  2.948137872172538e-01 
 2.026718877079526e-07  2.947791893433798e-01 
 2.026918877079526e-07  2.947445983844407e-01 
 2.027118877079526e-07  2.947100143390545e-01 
 2.027318877079526e-07  2.946754372058392e-01 
 2.027518877079526e-07  2.946408669834134e-01 
 2.027718877079526e-07  2.946063036703959e-01 
 2.027918877079526e-07  2.945717472654057e-01 
 2.028118877079526e-07  2.945371977670622e-01 
 2.028318877079526e-07  2.945026551739848e-01 
 2.028518877079526e-07  2.944681194847936e-01 
 2.028718877079526e-07  2.944335906981085e-01 
 2.028918877079526e-07  2.943990688125501e-01 
 2.029118877079526e-07  2.943645538267392e-01 
 2.029318877079526e-07  2.943300457392966e-01 
 2.029518877079526e-07  2.942955445488436e-01 
 2.029718877079526e-07  2.942610502540017e-01 
 2.029918877079526e-07  2.942265628533927e-01 
 2.030118877079526e-07  2.941920823456387e-01 
 2.030318877079526e-07  2.941576087293620e-01 
 2.030518877079526e-07  2.941231420031853e-01 
 2.030718877079526e-07  2.940886821657316e-01 
 2.030918877079526e-07  2.940542292156240e-01 
 2.031118877079526e-07  2.940197831514859e-01 
 2.031318877079526e-07  2.939853439719410e-01 
 2.031518877079526e-07  2.939509116756134e-01 
 2.031718877079525e-07  2.939164862611273e-01 
 2.031918877079525e-07  2.938820677271073e-01 
 2.032118877079525e-07  2.938476560721783e-01 
 2.032318877079525e-07  2.938132512949653e-01 
 2.032518877079525e-07  2.937788533940937e-01 
 2.032718877079525e-07  2.937444623681891e-01 
 2.032918877079525e-07  2.937100782158775e-01 
 2.033118877079525e-07  2.936757009357851e-01 
 2.033318877079525e-07  2.936413305265385e-01 
 2.033518877079525e-07  2.936069669867643e-01 
 2.033718877079525e-07  2.935726103150895e-01 
 2.033918877079525e-07  2.935382605101414e-01 
 2.034118877079525e-07  2.935039175705478e-01 
 2.034318877079525e-07  2.934695814949363e-01 
 2.034518877079525e-07  2.934352522819352e-01 
 2.034718877079525e-07  2.934009299301726e-01 
 2.034918877079525e-07  2.933666144382775e-01 
 2.035118877079525e-07  2.933323058048787e-01 
 2.035318877079525e-07  2.932980040286053e-01 
 2.035518877079525e-07  2.932637091080870e-01 
 2.035718877079525e-07  2.932294210419536e-01 
 2.035918877079525e-07  2.931951398288350e-01 
 2.036118877079525e-07  2.931608654673618e-01 
 2.036318877079525e-07  2.931265979561641e-01 
 2.036518877079525e-07  2.930923372938731e-01 
 2.036718877079525e-07  2.930580834791197e-01 
 2.036918877079524e-07  2.930238365105355e-01 
 2.037118877079524e-07  2.929895963867522e-01 
 2.037318877079524e-07  2.929553631064018e-01 
 2.037518877079524e-07  2.929211366681164e-01 
 2.037718877079524e-07  2.928869170705284e-01 
 2.037918877079524e-07  2.928527043122708e-01 
 2.038118877079524e-07  2.928184983919766e-01 
 2.038318877079524e-07  2.927842993082790e-01 
 2.038518877079524e-07  2.927501070598119e-01 
 2.038718877079524e-07  2.927159216452089e-01 
 2.038918877079524e-07  2.926817430631042e-01 
 2.039118877079524e-07  2.926475713121323e-01 
 2.039318877079524e-07  2.926134063909278e-01 
 2.039518877079524e-07  2.925792482981256e-01 
 2.039718877079524e-07  2.925450970323610e-01 
 2.039918877079524e-07  2.925109525922696e-01 
 2.040118877079524e-07  2.924768149764871e-01 
 2.040318877079524e-07  2.924426841836495e-01 
 2.040518877079524e-07  2.924085602123933e-01 
 2.040718877079524e-07  2.923744430613548e-01 
 2.040918877079524e-07  2.923403327291711e-01 
 2.041118877079524e-07  2.923062292144794e-01 
 2.041318877079524e-07  2.922721325159169e-01 
 2.041518877079524e-07  2.922380426321215e-01 
 2.041718877079524e-07  2.922039595617310e-01 
 2.041918877079524e-07  2.921698833033837e-01 
 2.042118877079524e-07  2.921358138557181e-01 
 2.042318877079523e-07  2.921017512173730e-01 
 2.042518877079523e-07  2.920676953869874e-01 
 2.042718877079523e-07  2.920336463632007e-01 
 2.042918877079523e-07  2.919996041446525e-01 
 2.043118877079523e-07  2.919655687299825e-01 
 2.043318877079523e-07  2.919315401178310e-01 
 2.043518877079523e-07  2.918975183068384e-01 
 2.043718877079523e-07  2.918635032956453e-01 
 2.043918877079523e-07  2.918294950828926e-01 
 2.044118877079523e-07  2.917954936672216e-01 
 2.044318877079523e-07  2.917614990472739e-01 
 2.044518877079523e-07  2.917275112216912e-01 
 2.044718877079523e-07  2.916935301891155e-01 
 2.044918877079523e-07  2.916595559481891e-01 
 2.045118877079523e-07  2.916255884975545e-01 
 2.045318877079523e-07  2.915916278358547e-01 
 2.045518877079523e-07  2.915576739617328e-01 
 2.045718877079523e-07  2.915237268738322e-01 
 2.045918877079523e-07  2.914897865707965e-01 
 2.046118877079523e-07  2.914558530512698e-01 
 2.046318877079523e-07  2.914219263138961e-01 
 2.046518877079523e-07  2.913880063573200e-01 
 2.046718877079523e-07  2.913540931801861e-01 
 2.046918877079523e-07  2.913201867811395e-01 
 2.047118877079523e-07  2.912862871588257e-01 
 2.047318877079523e-07  2.912523943118900e-01 
 2.047518877079522e-07  2.912185082389783e-01 
 2.047718877079522e-07  2.911846289387368e-01 
 2.047918877079522e-07  2.911507564098118e-01 
 2.048118877079522e-07  2.911168906508499e-01 
 2.048318877079522e-07  2.910830316604981e-01 
 2.048518877079522e-07  2.910491794374035e-01 
 2.048718877079522e-07  2.910153339802136e-01 
 2.048918877079522e-07  2.909814952875761e-01 
 2.049118877079522e-07  2.909476633581390e-01 
 2.049318877079522e-07  2.909138381905506e-01 
 2.049518877079522e-07  2.908800197834595e-01 
 2.049718877079522e-07  2.908462081355144e-01 
 2.049918877079522e-07  2.908124032453644e-01 
 2.050118877079522e-07  2.907786051116589e-01 
 2.050318877079522e-07  2.907448137330474e-01 
 2.050518877079522e-07  2.907110291081800e-01 
 2.050718877079522e-07  2.906772512357066e-01 
 2.050918877079522e-07  2.906434801142777e-01 
 2.051118877079522e-07  2.906097157425441e-01 
 2.051318877079522e-07  2.905759581191567e-01 
 2.051518877079522e-07  2.905422072427669e-01 
 2.051718877079522e-07  2.905084631120259e-01 
 2.051918877079522e-07  2.904747257255857e-01 
 2.052118877079522e-07  2.904409950820984e-01 
 2.052318877079522e-07  2.904072711802160e-01 
 2.052518877079522e-07  2.903735540185913e-01 
 2.052718877079521e-07  2.903398435958771e-01 
 2.052918877079521e-07  2.903061399107265e-01 
 2.053118877079521e-07  2.902724429617929e-01 
 2.053318877079521e-07  2.902387527477301e-01 
 2.053518877079521e-07  2.902050692671919e-01 
 2.053718877079521e-07  2.901713925188326e-01 
 2.053918877079521e-07  2.901377225013065e-01 
 2.054118877079521e-07  2.901040592132685e-01 
 2.054318877079521e-07  2.900704026533735e-01 
 2.054518877079521e-07  2.900367528202769e-01 
 2.054718877079521e-07  2.900031097126342e-01 
 2.054918877079521e-07  2.899694733291010e-01 
 2.055118877079521e-07  2.899358436683336e-01 
 2.055318877079521e-07  2.899022207289882e-01 
 2.055518877079521e-07  2.898686045097215e-01 
 2.055718877079521e-07  2.898349950091905e-01 
 2.055918877079521e-07  2.898013922260523e-01 
 2.056118877079521e-07  2.897677961589641e-01 
 2.056318877079521e-07  2.897342068065838e-01 
 2.056518877079521e-07  2.897006241675694e-01 
 2.056718877079521e-07  2.896670482405790e-01 
 2.056918877079521e-07  2.896334790242712e-01 
 2.057118877079521e-07  2.895999165173047e-01 
 2.057318877079521e-07  2.895663607183384e-01 
 2.057518877079521e-07  2.895328116260318e-01 
 2.057718877079521e-07  2.894992692390445e-01 
 2.057918877079521e-07  2.894657335560361e-01 
 2.058118877079520e-07  2.894322045756669e-01 
 2.058318877079520e-07  2.893986822965971e-01 
 2.058518877079520e-07  2.893651667174875e-01 
 2.058718877079520e-07  2.893316578369990e-01 
 2.058918877079520e-07  2.892981556537927e-01 
 2.059118877079520e-07  2.892646601665302e-01 
 2.059318877079520e-07  2.892311713738731e-01 
 2.059518877079520e-07  2.891976892744832e-01 
 2.059718877079520e-07  2.891642138670230e-01 
 2.059918877079520e-07  2.891307451501549e-01 
 2.060118877079520e-07  2.890972831225417e-01 
 2.060318877079520e-07  2.890638277828464e-01 
 2.060518877079520e-07  2.890303791297324e-01 
 2.060718877079520e-07  2.889969371618631e-01 
 2.060918877079520e-07  2.889635018779027e-01 
 2.061118877079520e-07  2.889300732765150e-01 
 2.061318877079520e-07  2.888966513563645e-01 
 2.061518877079520e-07  2.888632361161158e-01 
 2.061718877079520e-07  2.888298275544338e-01 
 2.061918877079520e-07  2.887964256699837e-01 
 2.062118877079520e-07  2.887630304614311e-01 
 2.062318877079520e-07  2.887296419274415e-01 
 2.062518877079520e-07  2.886962600666810e-01 
 2.062718877079520e-07  2.886628848778160e-01 
 2.062918877079520e-07  2.886295163595128e-01 
 2.063118877079520e-07  2.885961545104382e-01 
 2.063318877079519e-07  2.885627993292591e-01 
 2.063518877079519e-07  2.885294508146431e-01 
 2.063718877079519e-07  2.884961089652576e-01 
 2.063918877079519e-07  2.884627737797706e-01 
 2.064118877079519e-07  2.884294452568500e-01 
 2.064318877079519e-07  2.883961233951645e-01 
 2.064518877079519e-07  2.883628081933823e-01 
 2.064718877079519e-07  2.883294996501727e-01 
 2.064918877079519e-07  2.882961977642048e-01 
 2.065118877079519e-07  2.882629025341480e-01 
 2.065318877079519e-07  2.882296139586721e-01 
 2.065518877079519e-07  2.881963320364468e-01 
 2.065718877079519e-07  2.881630567661426e-01 
 2.065918877079519e-07  2.881297881464299e-01 
 2.066118877079519e-07  2.880965261759795e-01 
 2.066318877079519e-07  2.880632708534625e-01 
 2.066518877079519e-07  2.880300221775501e-01 
 2.066718877079519e-07  2.879967801469140e-01 
 2.066918877079519e-07  2.879635447602259e-01 
 2.067118877079519e-07  2.879303160161579e-01 
 2.067318877079519e-07  2.878970939133824e-01 
 2.067518877079519e-07  2.878638784505722e-01 
 2.067718877079519e-07  2.878306696263999e-01 
 2.067918877079519e-07  2.877974674395388e-01 
 2.068118877079519e-07  2.877642718886624e-01 
 2.068318877079519e-07  2.877310829724444e-01 
 2.068518877079518e-07  2.876979006895587e-01 
 2.068718877079518e-07  2.876647250386796e-01 
 2.068918877079518e-07  2.876315560184814e-01 
 2.069118877079518e-07  2.875983936276391e-01 
 2.069318877079518e-07  2.875652378648273e-01 
 2.069518877079518e-07  2.875320887287216e-01 
 2.069718877079518e-07  2.874989462179975e-01 
 2.069918877079518e-07  2.874658103313309e-01 
 2.070118877079518e-07  2.874326810673978e-01 
 2.070318877079518e-07  2.873995584248746e-01 
 2.070518877079518e-07  2.873664424024378e-01 
 2.070718877079518e-07  2.873333329987643e-01 
 2.070918877079518e-07  2.873002302125313e-01 
 2.071118877079518e-07  2.872671340424161e-01 
 2.071318877079518e-07  2.872340444870964e-01 
 2.071518877079518e-07  2.872009615452502e-01 
 2.071718877079518e-07  2.871678852155556e-01 
 2.071918877079518e-07  2.871348154966911e-01 
 2.072118877079518e-07  2.871017523873353e-01 
 2.072318877079518e-07  2.870686958861673e-01 
 2.072518877079518e-07  2.870356459918665e-01 
 2.072718877079518e-07  2.870026027031122e-01 
 2.072918877079518e-07  2.869695660185843e-01 
 2.073118877079518e-07  2.869365359369628e-01 
 2.073318877079518e-07  2.869035124569279e-01 
 2.073518877079518e-07  2.868704955771603e-01 
 2.073718877079518e-07  2.868374852963408e-01 
 2.073918877079517e-07  2.868044816131503e-01 
 2.074118877079517e-07  2.867714845262704e-01 
 2.074318877079517e-07  2.867384940343827e-01 
 2.074518877079517e-07  2.867055101361690e-01 
 2.074718877079517e-07  2.866725328303116e-01 
 2.074918877079517e-07  2.866395621154927e-01 
 2.075118877079517e-07  2.866065979903951e-01 
 2.075318877079517e-07  2.865736404537018e-01 
 2.075518877079517e-07  2.865406895040959e-01 
 2.075718877079517e-07  2.865077451402609e-01 
 2.075918877079517e-07  2.864748073608807e-01 
 2.076118877079517e-07  2.864418761646388e-01 
 2.076318877079517e-07  2.864089515502199e-01 
 2.076518877079517e-07  2.863760335163083e-01 
 2.076718877079517e-07  2.863431220615889e-01 
 2.076918877079517e-07  2.863102171847467e-01 
 2.077118877079517e-07  2.862773188844670e-01 
 2.077318877079517e-07  2.862444271594355e-01 
 2.077518877079517e-07  2.862115420083379e-01 
 2.077718877079517e-07  2.861786634298603e-01 
 2.077918877079517e-07  2.861457914226890e-01 
 2.078118877079517e-07  2.861129259855107e-01 
 2.078318877079517e-07  2.860800671170123e-01 
 2.078518877079517e-07  2.860472148158811e-01 
 2.078718877079517e-07  2.860143690808042e-01 
 2.078918877079517e-07  2.859815299104694e-01 
 2.079118877079516e-07  2.859486973035645e-01 
 2.079318877079516e-07  2.859158712587779e-01 
 2.079518877079516e-07  2.858830517747979e-01 
 2.079718877079516e-07  2.858502388503134e-01 
 2.079918877079516e-07  2.858174324840132e-01 
 2.080118877079516e-07  2.857846326745866e-01 
 2.080318877079516e-07  2.857518394207233e-01 
 2.080518877079516e-07  2.857190527211129e-01 
 2.080718877079516e-07  2.856862725744452e-01 
 2.080918877079516e-07  2.856534989794109e-01 
 2.081118877079516e-07  2.856207319347003e-01 
 2.081318877079516e-07  2.855879714390043e-01 
 2.081518877079516e-07  2.855552174910139e-01 
 2.081718877079516e-07  2.855224700894205e-01 
 2.081918877079516e-07  2.854897292329157e-01 
 2.082118877079516e-07  2.854569949201914e-01 
 2.082318877079516e-07  2.854242671499396e-01 
 2.082518877079516e-07  2.853915459208528e-01 
 2.082718877079516e-07  2.853588312316236e-01 
 2.082918877079516e-07  2.853261230809449e-01 
 2.083118877079516e-07  2.852934214675099e-01 
 2.083318877079516e-07  2.852607263900120e-01 
 2.083518877079516e-07  2.852280378471449e-01 
 2.083718877079516e-07  2.851953558376025e-01 
 2.083918877079516e-07  2.851626803600791e-01 
 2.084118877079516e-07  2.851300114132692e-01 
 2.084318877079516e-07  2.850973489958675e-01 
 2.084518877079515e-07  2.850646931065688e-01 
 2.084718877079515e-07  2.850320437440685e-01 
 2.084918877079515e-07  2.849994009070621e-01 
 2.085118877079515e-07  2.849667645942455e-01 
 2.085318877079515e-07  2.849341348043145e-01 
 2.085518877079515e-07  2.849015115359656e-01 
 2.085718877079515e-07  2.848688947878953e-01 
 2.085918877079515e-07  2.848362845588004e-01 
 2.086118877079515e-07  2.848036808473781e-01 
 2.086318877079515e-07  2.847710836523255e-01 
 2.086518877079515e-07  2.847384929723404e-01 
 2.086718877079515e-07  2.847059088061205e-01 
 2.086918877079515e-07  2.846733311523640e-01 
 2.087118877079515e-07  2.846407600097693e-01 
 2.087318877079515e-07  2.846081953770351e-01 
 2.087518877079515e-07  2.845756372528603e-01 
 2.087718877079515e-07  2.845430856359440e-01 
 2.087918877079515e-07  2.845105405249855e-01 
 2.088118877079515e-07  2.844780019186847e-01 
 2.088318877079515e-07  2.844454698157414e-01 
 2.088518877079515e-07  2.844129442148559e-01 
 2.088718877079515e-07  2.843804251147285e-01 
 2.088918877079515e-07  2.843479125140599e-01 
 2.089118877079515e-07  2.843154064115513e-01 
 2.089318877079515e-07  2.842829068059040e-01 
 2.089518877079515e-07  2.842504136958191e-01 
 2.089718877079514e-07  2.842179270799987e-01 
 2.089918877079514e-07  2.841854469571446e-01 
 2.090118877079514e-07  2.841529733259593e-01 
 2.090318877079514e-07  2.841205061851453e-01 
 2.090518877079514e-07  2.840880455334052e-01 
 2.090718877079514e-07  2.840555913694424e-01 
 2.090918877079514e-07  2.840231436919598e-01 
 2.091118877079514e-07  2.839907024996612e-01 
 2.091318877079514e-07  2.839582677912503e-01 
 2.091518877079514e-07  2.839258395654314e-01 
 2.091718877079514e-07  2.838934178209087e-01 
 2.091918877079514e-07  2.838610025563870e-01 
 2.092118877079514e-07  2.838285937705710e-01 
 2.092318877079514e-07  2.837961914621658e-01 
 2.092518877079514e-07  2.837637956298769e-01 
 2.092718877079514e-07  2.837314062724098e-01 
 2.092918877079514e-07  2.836990233884704e-01 
 2.093118877079514e-07  2.836666469767651e-01 
 2.093318877079514e-07  2.836342770360001e-01 
 2.093518877079514e-07  2.836019135648822e-01 
 2.093718877079514e-07  2.835695565621182e-01 
 2.093918877079514e-07  2.835372060264155e-01 
 2.094118877079514e-07  2.835048619564815e-01 
 2.094318877079514e-07  2.834725243510238e-01 
 2.094518877079514e-07  2.834401932087503e-01 
 2.094718877079514e-07  2.834078685283694e-01 
 2.094918877079513e-07  2.833755503085896e-01 
 2.095118877079513e-07  2.833432385481197e-01 
 2.095318877079513e-07  2.833109332456685e-01 
 2.095518877079513e-07  2.832786343999453e-01 
 2.095718877079513e-07  2.832463420096597e-01 
 2.095918877079513e-07  2.832140560735215e-01 
 2.096118877079513e-07  2.831817765902407e-01 
 2.096318877079513e-07  2.831495035585276e-01 
 2.096518877079513e-07  2.831172369770927e-01 
 2.096718877079513e-07  2.830849768446469e-01 
 2.096918877079513e-07  2.830527231599011e-01 
 2.097118877079513e-07  2.830204759215668e-01 
 2.097318877079513e-07  2.829882351283555e-01 
 2.097518877079513e-07  2.829560007789791e-01 
 2.097718877079513e-07  2.829237728721497e-01 
 2.097918877079513e-07  2.828915514065796e-01 
 2.098118877079513e-07  2.828593363809815e-01 
 2.098318877079513e-07  2.828271277940682e-01 
 2.098518877079513e-07  2.827949256445528e-01 
 2.098718877079513e-07  2.827627299311487e-01 
 2.098918877079513e-07  2.827305406525694e-01 
 2.099118877079513e-07  2.826983578075290e-01 
 2.099318877079513e-07  2.826661813947416e-01 
 2.099518877079513e-07  2.826340114129217e-01 
 2.099718877079513e-07  2.826018478607839e-01 
 2.099918877079513e-07  2.825696907370431e-01 
 2.100118877079513e-07  2.825375400404145e-01 
 2.100318877079512e-07  2.825053957696135e-01 
 2.100518877079512e-07  2.824732579233559e-01 
 2.100718877079512e-07  2.824411265003574e-01 
 2.100918877079512e-07  2.824090014993344e-01 
 2.101118877079512e-07  2.823768829190035e-01 
 2.101318877079512e-07  2.823447707580813e-01 
 2.101518877079512e-07  2.823126650152847e-01 
 2.101718877079512e-07  2.822805656893311e-01 
 2.101918877079512e-07  2.822484727789378e-01 
 2.102118877079512e-07  2.822163862828226e-01 
 2.102318877079512e-07  2.821843061997035e-01 
 2.102518877079512e-07  2.821522325282989e-01 
 2.102718877079512e-07  2.821201652673271e-01 
 2.102918877079512e-07  2.820881044155071e-01 
 2.103118877079512e-07  2.820560499715577e-01 
 2.103318877079512e-07  2.820240019341984e-01 
 2.103518877079512e-07  2.819919603021487e-01 
 2.103718877079512e-07  2.819599250741283e-01 
 2.103918877079512e-07  2.819278962488572e-01 
 2.104118877079512e-07  2.818958738250559e-01 
 2.104318877079512e-07  2.818638578014449e-01 
 2.104518877079512e-07  2.818318481767450e-01 
 2.104718877079512e-07  2.817998449496774e-01 
 2.104918877079512e-07  2.817678481189630e-01 
 2.105118877079512e-07  2.817358576833239e-01 
 2.105318877079512e-07  2.817038736414816e-01 
 2.105518877079511e-07  2.816718959921583e-01 
 2.105718877079511e-07  2.816399247340765e-01 
 2.105918877079511e-07  2.816079598659587e-01 
 2.106118877079511e-07  2.815760013865276e-01 
 2.106318877079511e-07  2.815440492945065e-01 
 2.106518877079511e-07  2.815121035886189e-01 
 2.106718877079511e-07  2.814801642675884e-01 
 2.106918877079511e-07  2.814482313301385e-01 
 2.107118877079511e-07  2.814163047749937e-01 
 2.107318877079511e-07  2.813843846008783e-01 
 2.107518877079511e-07  2.813524708065170e-01 
 2.107718877079511e-07  2.813205633906346e-01 
 2.107918877079511e-07  2.812886623519563e-01 
 2.108118877079511e-07  2.812567676892075e-01 
 2.108318877079511e-07  2.812248794011140e-01 
 2.108518877079511e-07  2.811929974864015e-01 
 2.108718877079511e-07  2.811611219437963e-01 
 2.108918877079511e-07  2.811292527720249e-01 
 2.109118877079511e-07  2.810973899698139e-01 
 2.109318877079511e-07  2.810655335358904e-01 
 2.109518877079511e-07  2.810336834689814e-01 
 2.109718877079511e-07  2.810018397678143e-01 
 2.109918877079511e-07  2.809700024311170e-01 
 2.110118877079511e-07  2.809381714576172e-01 
 2.110318877079511e-07  2.809063468460434e-01 
 2.110518877079511e-07  2.808745285951240e-01 
 2.110718877079510e-07  2.808427167035877e-01 
 2.110918877079510e-07  2.808109111701634e-01 
 2.111118877079510e-07  2.807791119935804e-01 
 2.111318877079510e-07  2.807473191725682e-01 
 2.111518877079510e-07  2.807155327058566e-01 
 2.111718877079510e-07  2.806837525921755e-01 
 2.111918877079510e-07  2.806519788302552e-01 
 2.112118877079510e-07  2.806202114188260e-01 
 2.112318877079510e-07  2.805884503566187e-01 
 2.112518877079510e-07  2.805566956423646e-01 
 2.112718877079510e-07  2.805249472747947e-01 
 2.112918877079510e-07  2.804932052526405e-01 
 2.113118877079510e-07  2.804614695746339e-01 
 2.113318877079510e-07  2.804297402395069e-01 
 2.113518877079510e-07  2.803980172459917e-01 
 2.113718877079510e-07  2.803663005928210e-01 
 2.113918877079510e-07  2.803345902787274e-01 
 2.114118877079510e-07  2.803028863024440e-01 
 2.114318877079510e-07  2.802711886627042e-01 
 2.114518877079510e-07  2.802394973582414e-01 
 2.114718877079510e-07  2.802078123877893e-01 
 2.114918877079510e-07  2.801761337500821e-01 
 2.115118877079510e-07  2.801444614438541e-01 
 2.115318877079510e-07  2.801127954678398e-01 
 2.115518877079510e-07  2.800811358207739e-01 
 2.115718877079510e-07  2.800494825013917e-01 
 2.115918877079510e-07  2.800178355084283e-01 
 2.116118877079509e-07  2.799861948406195e-01 
 2.116318877079509e-07  2.799545604967009e-01 
 2.116518877079509e-07  2.799229324754086e-01 
 2.116718877079509e-07  2.798913107754790e-01 
 2.116918877079509e-07  2.798596953956487e-01 
 2.117118877079509e-07  2.798280863346544e-01 
 2.117318877079509e-07  2.797964835912333e-01 
 2.117518877079509e-07  2.797648871641227e-01 
 2.117718877079509e-07  2.797332970520601e-01 
 2.117918877079509e-07  2.797017132537835e-01 
 2.118118877079509e-07  2.796701357680310e-01 
 2.118318877079509e-07  2.796385645935407e-01 
 2.118518877079509e-07  2.796069997290514e-01 
 2.118718877079509e-07  2.795754411733019e-01 
 2.118918877079509e-07  2.795438889250313e-01 
 2.119118877079509e-07  2.795123429829789e-01 
 2.119318877079509e-07  2.794808033458843e-01 
 2.119518877079509e-07  2.794492700124874e-01 
 2.119718877079509e-07  2.794177429815282e-01 
 2.119918877079509e-07  2.793862222517471e-01 
 2.120118877079509e-07  2.793547078218848e-01 
 2.120318877079509e-07  2.793231996906823e-01 
 2.120518877079509e-07  2.792916978568804e-01 
 2.120718877079509e-07  2.792602023192207e-01 
 2.120918877079509e-07  2.792287130764446e-01 
 2.121118877079509e-07  2.791972301272940e-01 
 2.121318877079508e-07  2.791657534705111e-01 
 2.121518877079508e-07  2.791342831048385e-01 
 2.121718877079508e-07  2.791028190290184e-01 
 2.121918877079508e-07  2.790713612417940e-01 
 2.122118877079508e-07  2.790399097419082e-01 
 2.122318877079508e-07  2.790084645281045e-01 
 2.122518877079508e-07  2.789770255991265e-01 
 2.122718877079508e-07  2.789455929537180e-01 
 2.122918877079508e-07  2.789141665906233e-01 
 2.123118877079508e-07  2.788827465085868e-01 
 2.123318877079508e-07  2.788513327063528e-01 
 2.123518877079508e-07  2.788199251826664e-01 
 2.123718877079508e-07  2.787885239362727e-01 
 2.123918877079508e-07  2.787571289659171e-01 
 2.124118877079508e-07  2.787257402703454e-01 
 2.124318877079508e-07  2.786943578483032e-01 
 2.124518877079508e-07  2.786629816985368e-01 
 2.124718877079508e-07  2.786316118197926e-01 
 2.124918877079508e-07  2.786002482108171e-01 
 2.125118877079508e-07  2.785688908703572e-01 
 2.125318877079508e-07  2.785375397971602e-01 
 2.125518877079508e-07  2.785061949899734e-01 
 2.125718877079508e-07  2.784748564475445e-01 
 2.125918877079508e-07  2.784435241686213e-01 
 2.126118877079508e-07  2.784121981519520e-01 
 2.126318877079508e-07  2.783808783962848e-01 
 2.126518877079508e-07  2.783495649003686e-01 
 2.126718877079507e-07  2.783182576629522e-01 
 2.126918877079507e-07  2.782869566827847e-01 
 2.127118877079507e-07  2.782556619586155e-01 
 2.127318877079507e-07  2.782243734891942e-01 
 2.127518877079507e-07  2.781930912732709e-01 
 2.127718877079507e-07  2.781618153095956e-01 
 2.127918877079507e-07  2.781305455969186e-01 
 2.128118877079507e-07  2.780992821339906e-01 
 2.128318877079507e-07  2.780680249195625e-01 
 2.128518877079507e-07  2.780367739523854e-01 
 2.128718877079507e-07  2.780055292312107e-01 
 2.128918877079507e-07  2.779742907547900e-01 
 2.129118877079507e-07  2.779430585218753e-01 
 2.129318877079507e-07  2.779118325312188e-01 
 2.129518877079507e-07  2.778806127815727e-01 
 2.129718877079507e-07  2.778493992716897e-01 
 2.129918877079507e-07  2.778181920003227e-01 
 2.130118877079507e-07  2.777869909662248e-01 
 2.130318877079507e-07  2.777557961681494e-01 
 2.130518877079507e-07  2.777246076048501e-01 
 2.130718877079507e-07  2.776934252750808e-01 
 2.130918877079507e-07  2.776622491775957e-01 
 2.131118877079507e-07  2.776310793111492e-01 
 2.131318877079507e-07  2.775999156744957e-01 
 2.131518877079507e-07  2.775687582663903e-01 
 2.131718877079507e-07  2.775376070855880e-01 
 2.131918877079506e-07  2.775064621308443e-01 
 2.132118877079506e-07  2.774753234009147e-01 
 2.132318877079506e-07  2.774441908945552e-01 
 2.132518877079506e-07  2.774130646105218e-01 
 2.132718877079506e-07  2.773819445475710e-01 
 2.132918877079506e-07  2.773508307044593e-01 
 2.133118877079506e-07  2.773197230799435e-01 
 2.133318877079506e-07  2.772886216727810e-01 
 2.133518877079506e-07  2.772575264817287e-01 
 2.133718877079506e-07  2.772264375055446e-01 
 2.133918877079506e-07  2.771953547429865e-01 
 2.134118877079506e-07  2.771642781928125e-01 
 2.134318877079506e-07  2.771332078537809e-01 
 2.134518877079506e-07  2.771021437246503e-01 
 2.134718877079506e-07  2.770710858041795e-01 
 2.134918877079506e-07  2.770400340911278e-01 
 2.135118877079506e-07  2.770089885842544e-01 
 2.135318877079506e-07  2.769779492823188e-01 
 2.135518877079506e-07  2.769469161840810e-01 
 2.135718877079506e-07  2.769158892883012e-01 
 2.135918877079506e-07  2.768848685937395e-01 
 2.136118877079506e-07  2.768538540991566e-01 
 2.136318877079506e-07  2.768228458033133e-01 
 2.136518877079506e-07  2.767918437049707e-01 
 2.136718877079506e-07  2.767608478028901e-01 
 2.136918877079506e-07  2.767298580958331e-01 
 2.137118877079505e-07  2.766988745825616e-01 
 2.137318877079505e-07  2.766678972618377e-01 
 2.137518877079505e-07  2.766369261324236e-01 
 2.137718877079505e-07  2.766059611930818e-01 
 2.137918877079505e-07  2.765750024425752e-01 
 2.138118877079505e-07  2.765440498796670e-01 
 2.138318877079505e-07  2.765131035031202e-01 
 2.138518877079505e-07  2.764821633116988e-01 
 2.138718877079505e-07  2.764512293041663e-01 
 2.138918877079505e-07  2.764203014792867e-01 
 2.139118877079505e-07  2.763893798358245e-01 
 2.139318877079505e-07  2.763584643725441e-01 
 2.139518877079505e-07  2.763275550882104e-01 
 2.139718877079505e-07  2.762966519815884e-01 
 2.139918877079505e-07  2.762657550514434e-01 
 2.140118877079505e-07  2.762348642965408e-01 
 2.140318877079505e-07  2.762039797156465e-01 
 2.140518877079505e-07  2.761731013075265e-01 
 2.140718877079505e-07  2.761422290709470e-01 
 2.140918877079505e-07  2.761113630046746e-01 
 2.141118877079505e-07  2.760805031074762e-01 
 2.141318877079505e-07  2.760496493781187e-01 
 2.141518877079505e-07  2.760188018153691e-01 
 2.141718877079505e-07  2.759879604179953e-01 
 2.141918877079505e-07  2.759571251847649e-01 
 2.142118877079505e-07  2.759262961144458e-01 
 2.142318877079505e-07  2.758954732058064e-01 
 2.142518877079504e-07  2.758646564576152e-01 
 2.142718877079504e-07  2.758338458686407e-01 
 2.142918877079504e-07  2.758030414376522e-01 
 2.143118877079504e-07  2.757722431634188e-01 
 2.143318877079504e-07  2.757414510447099e-01 
 2.143518877079504e-07  2.757106650802952e-01 
 2.143718877079504e-07  2.756798852689448e-01 
 2.143918877079504e-07  2.756491116094290e-01 
 2.144118877079504e-07  2.756183441005179e-01 
 2.144318877079504e-07  2.755875827409824e-01 
 2.144518877079504e-07  2.755568275295937e-01 
 2.144718877079504e-07  2.755260784651226e-01 
 2.144918877079504e-07  2.754953355463408e-01 
 2.145118877079504e-07  2.754645987720197e-01 
 2.145318877079504e-07  2.754338681409314e-01 
 2.145518877079504e-07  2.754031436518482e-01 
 2.145718877079504e-07  2.753724253035424e-01 
 2.145918877079504e-07  2.753417130947867e-01 
 2.146118877079504e-07  2.753110070243540e-01 
 2.146318877079504e-07  2.752803070910175e-01 
 2.146518877079504e-07  2.752496132935504e-01 
 2.146718877079504e-07  2.752189256307266e-01 
 2.146918877079504e-07  2.751882441013200e-01 
 2.147118877079504e-07  2.751575687041046e-01 
 2.147318877079504e-07  2.751268994378548e-01 
 2.147518877079504e-07  2.750962363013453e-01 
 2.147718877079503e-07  2.750655792933509e-01 
 2.147918877079503e-07  2.750349284126467e-01 
 2.148118877079503e-07  2.750042836580081e-01 
 2.148318877079503e-07  2.749736450282109e-01 
 2.148518877079503e-07  2.749430125220307e-01 
 2.148718877079503e-07  2.749123861382436e-01 
 2.148918877079503e-07  2.748817658756260e-01 
 2.149118877079503e-07  2.748511517329545e-01 
 2.149318877079503e-07  2.748205437090060e-01 
 2.149518877079503e-07  2.747899418025575e-01 
 2.149718877079503e-07  2.747593460123863e-01 
 2.149918877079503e-07  2.747287563372701e-01 
 2.150118877079503e-07  2.746981727759865e-01 
 2.150318877079503e-07  2.746675953273138e-01 
 2.150518877079503e-07  2.746370239900301e-01 
 2.150718877079503e-07  2.746064587629140e-01 
 2.150918877079503e-07  2.745758996447443e-01 
 2.151118877079503e-07  2.745453466343000e-01 
 2.151318877079503e-07  2.745147997303604e-01 
 2.151518877079503e-07  2.744842589317050e-01 
 2.151718877079503e-07  2.744537242371136e-01 
 2.151918877079503e-07  2.744231956453661e-01 
 2.152118877079503e-07  2.743926731552428e-01 
 2.152318877079503e-07  2.743621567655243e-01 
 2.152518877079503e-07  2.743316464749911e-01 
 2.152718877079503e-07  2.743011422824245e-01 
 2.152918877079502e-07  2.742706441866056e-01 
 2.153118877079502e-07  2.742401521863158e-01 
 2.153318877079502e-07  2.742096662803367e-01 
 2.153518877079502e-07  2.741791864674505e-01 
 2.153718877079502e-07  2.741487127464393e-01 
 2.153918877079502e-07  2.741182451160855e-01 
 2.154118877079502e-07  2.740877835751718e-01 
 2.154318877079502e-07  2.740573281224812e-01 
 2.154518877079502e-07  2.740268787567968e-01 
 2.154718877079502e-07  2.739964354769021e-01 
 2.154918877079502e-07  2.739659982815807e-01 
 2.155118877079502e-07  2.739355671696165e-01 
 2.155318877079502e-07  2.739051421397936e-01 
 2.155518877079502e-07  2.738747231908964e-01 
 2.155718877079502e-07  2.738443103217096e-01 
 2.155918877079502e-07  2.738139035310180e-01 
 2.156118877079502e-07  2.737835028176067e-01 
 2.156318877079502e-07  2.737531081802613e-01 
 2.156518877079502e-07  2.737227196177672e-01 
 2.156718877079502e-07  2.736923371289101e-01 
 2.156918877079502e-07  2.736619607124762e-01 
 2.157118877079502e-07  2.736315903672520e-01 
 2.157318877079502e-07  2.736012260920239e-01 
 2.157518877079502e-07  2.735708678855788e-01 
 2.157718877079502e-07  2.735405157467037e-01 
 2.157918877079502e-07  2.735101696741859e-01 
 2.158118877079502e-07  2.734798296668129e-01 
 2.158318877079501e-07  2.734494957233726e-01 
 2.158518877079501e-07  2.734191678426529e-01 
 2.158718877079501e-07  2.733888460234422e-01 
 2.158918877079501e-07  2.733585302645289e-01 
 2.159118877079501e-07  2.733282205647018e-01 
 2.159318877079501e-07  2.732979169227500e-01 
 2.159518877079501e-07  2.732676193374626e-01 
 2.159718877079501e-07  2.732373278076292e-01 
 2.159918877079501e-07  2.732070423320394e-01 
 2.160118877079501e-07  2.731767629094831e-01 
 2.160318877079501e-07  2.731464895387507e-01 
 2.160518877079501e-07  2.731162222186325e-01 
 2.160718877079501e-07  2.730859609479193e-01 
 2.160918877079501e-07  2.730557057254020e-01 
 2.161118877079501e-07  2.730254565498717e-01 
 2.161318877079501e-07  2.729952134201199e-01 
 2.161518877079501e-07  2.729649763349382e-01 
 2.161718877079501e-07  2.729347452931185e-01 
 2.161918877079501e-07  2.729045202934529e-01 
 2.162118877079501e-07  2.728743013347339e-01 
 2.162318877079501e-07  2.728440884157540e-01 
 2.162518877079501e-07  2.728138815353061e-01 
 2.162718877079501e-07  2.727836806921834e-01 
 2.162918877079501e-07  2.727534858851791e-01 
 2.163118877079501e-07  2.727232971130868e-01 
 2.163318877079501e-07  2.726931143747006e-01 
 2.163518877079500e-07  2.726629376688141e-01 
 2.163718877079500e-07  2.726327669942220e-01 
 2.163918877079500e-07  2.726026023497186e-01 
 2.164118877079500e-07  2.725724437340988e-01 
 2.164318877079500e-07  2.725422911461576e-01 
 2.164518877079500e-07  2.725121445846904e-01 
 2.164718877079500e-07  2.724820040484924e-01 
 2.164918877079500e-07  2.724518695363597e-01 
 2.165118877079500e-07  2.724217410470882e-01 
 2.165318877079500e-07  2.723916185794740e-01 
 2.165518877079500e-07  2.723615021323138e-01 
 2.165718877079500e-07  2.723313917044042e-01 
 2.165918877079500e-07  2.723012872945421e-01 
 2.166118877079500e-07  2.722711889015247e-01 
 2.166318877079500e-07  2.722410965241496e-01 
 2.166518877079500e-07  2.722110101612143e-01 
 2.166718877079500e-07  2.721809298115168e-01 
 2.166918877079500e-07  2.721508554738551e-01 
 2.167118877079500e-07  2.721207871470278e-01 
 2.167318877079500e-07  2.720907248298335e-01 
 2.167518877079500e-07  2.720606685210711e-01 
 2.167718877079500e-07  2.720306182195396e-01 
 2.167918877079500e-07  2.720005739240385e-01 
 2.168118877079500e-07  2.719705356333673e-01 
 2.168318877079500e-07  2.719405033463258e-01 
 2.168518877079500e-07  2.719104770617142e-01 
 2.168718877079500e-07  2.718804567783327e-01 
 2.168918877079499e-07  2.718504424949820e-01 
 2.169118877079499e-07  2.718204342104629e-01 
 2.169318877079499e-07  2.717904319235762e-01 
 2.169518877079499e-07  2.717604356331235e-01 
 2.169718877079499e-07  2.717304453379062e-01 
 2.169918877079499e-07  2.717004610367260e-01 
 2.170118877079499e-07  2.716704827283848e-01 
 2.170318877079499e-07  2.716405104116850e-01 
 2.170518877079499e-07  2.716105440854291e-01 
 2.170718877079499e-07  2.715805837484196e-01 
 2.170918877079499e-07  2.715506293994597e-01 
 2.171118877079499e-07  2.715206810373524e-01 
 2.171318877079499e-07  2.714907386609013e-01 
 2.171518877079499e-07  2.714608022689101e-01 
 2.171718877079499e-07  2.714308718601824e-01 
 2.171918877079499e-07  2.714009474335227e-01 
 2.172118877079499e-07  2.713710289877352e-01 
 2.172318877079499e-07  2.713411165216245e-01 
 2.172518877079499e-07  2.713112100339956e-01 
 2.172718877079499e-07  2.712813095236534e-01 
 2.172918877079499e-07  2.712514149894035e-01 
 2.173118877079499e-07  2.712215264300514e-01 
 2.173318877079499e-07  2.711916438444029e-01 
 2.173518877079499e-07  2.711617672312640e-01 
 2.173718877079499e-07  2.711318965894411e-01 
 2.173918877079499e-07  2.711020319177407e-01 
 2.174118877079498e-07  2.710721732149695e-01 
 2.174318877079498e-07  2.710423204799346e-01 
 2.174518877079498e-07  2.710124737114433e-01 
 2.174718877079498e-07  2.709826329083029e-01 
 2.174918877079498e-07  2.709527980693214e-01 
 2.175118877079498e-07  2.709229691933067e-01 
 2.175318877079498e-07  2.708931462790669e-01 
 2.175518877079498e-07  2.708633293254102e-01 
 2.175718877079498e-07  2.708335183311458e-01 
 2.175918877079498e-07  2.708037132950823e-01 
 2.176118877079498e-07  2.707739142160290e-01 
 2.176318877079498e-07  2.707441210927951e-01 
 2.176518877079498e-07  2.707143339241903e-01 
 2.176718877079498e-07  2.706845527090246e-01 
 2.176918877079498e-07  2.706547774461082e-01 
 2.177118877079498e-07  2.706250081342512e-01 
 2.177318877079498e-07  2.705952447722643e-01 
 2.177518877079498e-07  2.705654873589584e-01 
 2.177718877079498e-07  2.705357358931444e-01 
 2.177918877079498e-07  2.705059903736337e-01 
 2.178118877079498e-07  2.704762507992377e-01 
 2.178318877079498e-07  2.704465171687683e-01 
 2.178518877079498e-07  2.704167894810376e-01 
 2.178718877079498e-07  2.703870677348578e-01 
 2.178918877079498e-07  2.703573519290412e-01 
 2.179118877079498e-07  2.703276420624006e-01 
 2.179318877079497e-07  2.702979381337490e-01 
 2.179518877079497e-07  2.702682401418998e-01 
 2.179718877079497e-07  2.702385480856663e-01 
 2.179918877079497e-07  2.702088619638620e-01 
 2.180118877079497e-07  2.701791817753009e-01 
 2.180318877079497e-07  2.701495075187972e-01 
 2.180518877079497e-07  2.701198391931653e-01 
 2.180718877079497e-07  2.700901767972198e-01 
 2.180918877079497e-07  2.700605203297755e-01 
 2.181118877079497e-07  2.700308697896474e-01 
 2.181318877079497e-07  2.700012251756511e-01 
 2.181518877079497e-07  2.699715864866020e-01 
 2.181718877079497e-07  2.699419537213160e-01 
 2.181918877079497e-07  2.699123268786090e-01 
 2.182118877079497e-07  2.698827059572974e-01 
 2.182318877079497e-07  2.698530909561977e-01 
 2.182518877079497e-07  2.698234818741266e-01 
 2.182718877079497e-07  2.697938787099013e-01 
 2.182918877079497e-07  2.697642814623387e-01 
 2.183118877079497e-07  2.697346901302564e-01 
 2.183318877079497e-07  2.697051047124721e-01 
 2.183518877079497e-07  2.696755252078037e-01 
 2.183718877079497e-07  2.696459516150695e-01 
 2.183918877079497e-07  2.696163839330878e-01 
 2.184118877079497e-07  2.695868221606773e-01 
 2.184318877079497e-07  2.695572662966567e-01 
 2.184518877079497e-07  2.695277163398453e-01 
 2.184718877079496e-07  2.694981722890625e-01 
 2.184918877079496e-07  2.694686341431277e-01 
 2.185118877079496e-07  2.694391019008607e-01 
 2.185318877079496e-07  2.694095755610818e-01 
 2.185518877079496e-07  2.693800551226112e-01 
 2.185718877079496e-07  2.693505405842694e-01 
 2.185918877079496e-07  2.693210319448772e-01 
 2.186118877079496e-07  2.692915292032554e-01 
 2.186318877079496e-07  2.692620323582255e-01 
 2.186518877079496e-07  2.692325414086089e-01 
 2.186718877079496e-07  2.692030563532272e-01 
 2.186918877079496e-07  2.691735771909025e-01 
 2.187118877079496e-07  2.691441039204567e-01 
 2.187318877079496e-07  2.691146365407125e-01 
 2.187518877079496e-07  2.690851750504925e-01 
 2.187718877079496e-07  2.690557194486196e-01 
 2.187918877079496e-07  2.690262697339166e-01 
 2.188118877079496e-07  2.689968259052073e-01 
 2.188318877079496e-07  2.689673879613152e-01 
 2.188518877079496e-07  2.689379559010640e-01 
 2.188718877079496e-07  2.689085297232778e-01 
 2.188918877079496e-07  2.688791094267808e-01 
 2.189118877079496e-07  2.688496950103977e-01 
 2.189318877079496e-07  2.688202864729531e-01 
 2.189518877079496e-07  2.687908838132723e-01 
 2.189718877079496e-07  2.687614870301802e-01 
 2.189918877079495e-07  2.687320961225023e-01 
 2.190118877079495e-07  2.687027110890645e-01 
 2.190318877079495e-07  2.686733319286927e-01 
 2.190518877079495e-07  2.686439586402130e-01 
 2.190718877079495e-07  2.686145912224518e-01 
 2.190918877079495e-07  2.685852296742357e-01 
 2.191118877079495e-07  2.685558739943917e-01 
 2.191318877079495e-07  2.685265241817468e-01 
 2.191518877079495e-07  2.684971802351284e-01 
 2.191718877079495e-07  2.684678421533641e-01 
 2.191918877079495e-07  2.684385099352817e-01 
 2.192118877079495e-07  2.684091835797094e-01 
 2.192318877079495e-07  2.683798630854752e-01 
 2.192518877079495e-07  2.683505484514078e-01 
 2.192718877079495e-07  2.683212396763359e-01 
 2.192918877079495e-07  2.682919367590886e-01 
 2.193118877079495e-07  2.682626396984951e-01 
 2.193318877079495e-07  2.682333484933848e-01 
 2.193518877079495e-07  2.682040631425872e-01 
 2.193718877079495e-07  2.681747836449323e-01 
 2.193918877079495e-07  2.681455099992503e-01 
 2.194118877079495e-07  2.681162422043717e-01 
 2.194318877079495e-07  2.680869802591271e-01 
 2.194518877079495e-07  2.680577241623474e-01 
 2.194718877079495e-07  2.680284739128636e-01 
 2.194918877079495e-07  2.679992295095069e-01 
 2.195118877079494e-07  2.679699909511092e-01 
 2.195318877079494e-07  2.679407582365019e-01 
 2.195518877079494e-07  2.679115313645171e-01 
 2.195718877079494e-07  2.678823103339872e-01 
 2.195918877079494e-07  2.678530951437448e-01 
 2.196118877079494e-07  2.678238857926225e-01 
 2.196318877079494e-07  2.677946822794532e-01 
 2.196518877079494e-07  2.677654846030702e-01 
 2.196718877079494e-07  2.677362927623069e-01 
 2.196918877079494e-07  2.677071067559968e-01 
 2.197118877079494e-07  2.676779265829740e-01 
 2.197318877079494e-07  2.676487522420725e-01 
 2.197518877079494e-07  2.676195837321266e-01 
 2.197718877079494e-07  2.675904210519711e-01 
 2.197918877079494e-07  2.675612642004407e-01 
 2.198118877079494e-07  2.675321131763705e-01 
 2.198318877079494e-07  2.675029679785957e-01 
 2.198518877079494e-07  2.674738286059519e-01 
 2.198718877079494e-07  2.674446950572747e-01 
 2.198918877079494e-07  2.674155673314003e-01 
 2.199118877079494e-07  2.673864454271648e-01 
 2.199318877079494e-07  2.673573293434048e-01 
 2.199518877079494e-07  2.673282190789569e-01 
 2.199718877079494e-07  2.672991146326580e-01 
 2.199918877079494e-07  2.672700160033452e-01 
 2.200000000000000e-07  2.672582148323910e-01 
