 time                   v(n0)                 
 0.000000000000000e+00  1.216544135505607e-01 
 2.000000000000000e-13  1.216544135505607e-01 
 4.000000000000000e-13  1.216544135505607e-01 
 8.000000000000000e-13  1.216544135505607e-01 
 1.600000000000000e-12  1.216544135505607e-01 
 3.200000000000000e-12  1.216544135505608e-01 
 6.400000000000000e-12  1.216544135505608e-01 
 1.280000000000000e-11  1.216544135505608e-01 
 2.560000000000000e-11  1.216544135505607e-01 
 4.560000000000000e-11  1.216544135505608e-01 
 6.560000000000000e-11  1.216544135505608e-01 
 8.559999999999999e-11  1.216544135505608e-01 
 1.056000000000000e-10  1.216544135505609e-01 
 1.256000000000000e-10  1.216544135505609e-01 
 1.456000000000000e-10  1.216544135505609e-01 
 1.656000000000000e-10  1.216544135505609e-01 
 1.856000000000000e-10  1.216544135505610e-01 
 2.056000000000000e-10  1.216544135505610e-01 
 2.256000000000000e-10  1.216544135505611e-01 
 2.456000000000000e-10  1.216544135505611e-01 
 2.656000000000000e-10  1.216544135505611e-01 
 2.856000000000000e-10  1.216544135505611e-01 
 3.056000000000000e-10  1.216544135505611e-01 
 3.255999999999999e-10  1.216544135505611e-01 
 3.455999999999999e-10  1.216544135505611e-01 
 3.655999999999999e-10  1.216544135505611e-01 
 3.855999999999999e-10  1.216544135505611e-01 
 4.055999999999999e-10  1.216544135505611e-01 
 4.255999999999999e-10  1.216544135505611e-01 
 4.455999999999998e-10  1.216544135505611e-01 
 4.655999999999998e-10  1.216544135505611e-01 
 4.855999999999999e-10  1.216544135505612e-01 
 5.055999999999999e-10  1.216544135505612e-01 
 5.255999999999999e-10  1.216544135505612e-01 
 5.456000000000000e-10  1.216544135505612e-01 
 5.656000000000000e-10  1.216544135505613e-01 
 5.856000000000000e-10  1.216544135505613e-01 
 6.056000000000001e-10  1.216544135505613e-01 
 6.256000000000001e-10  1.216544135505614e-01 
 6.456000000000001e-10  1.216544135505614e-01 
 6.656000000000002e-10  1.216544135505615e-01 
 6.856000000000002e-10  1.216544135505615e-01 
 7.056000000000002e-10  1.216544135505615e-01 
 7.256000000000003e-10  1.216544135505615e-01 
 7.456000000000003e-10  1.216544135505615e-01 
 7.656000000000003e-10  1.216544135505615e-01 
 7.856000000000004e-10  1.216544135505615e-01 
 8.056000000000004e-10  1.216544135505615e-01 
 8.256000000000004e-10  1.216544135505615e-01 
 8.456000000000005e-10  1.216544135505615e-01 
 8.656000000000005e-10  1.216544135505615e-01 
 8.856000000000005e-10  1.216544135505615e-01 
 9.056000000000006e-10  1.216544135505615e-01 
 9.256000000000006e-10  1.216544135505615e-01 
 9.456000000000005e-10  1.216544135505615e-01 
 9.656000000000005e-10  1.216544135505615e-01 
 9.856000000000004e-10  1.216544135505615e-01 
 1.005600000000000e-09  1.216544135505615e-01 
 1.025600000000000e-09  1.216544135505615e-01 
 1.045600000000000e-09  1.216544135505615e-01 
 1.065600000000000e-09  1.216544135505615e-01 
 1.085600000000000e-09  1.216544135505615e-01 
 1.105600000000000e-09  1.216544135505615e-01 
 1.125600000000000e-09  1.216544135505615e-01 
 1.145600000000000e-09  1.216544135505615e-01 
 1.165600000000000e-09  1.216544135505615e-01 
 1.185600000000000e-09  1.216544135505615e-01 
 1.205600000000000e-09  1.216544135505615e-01 
 1.225600000000000e-09  1.216544135505615e-01 
 1.245600000000000e-09  1.216544135505615e-01 
 1.265599999999999e-09  1.216544135505615e-01 
 1.285599999999999e-09  1.216544135505615e-01 
 1.305599999999999e-09  1.216544135505615e-01 
 1.325599999999999e-09  1.216544135505615e-01 
 1.345599999999999e-09  1.216544135505615e-01 
 1.365599999999999e-09  1.216544135505615e-01 
 1.385599999999999e-09  1.216544135505615e-01 
 1.405599999999999e-09  1.216544135505615e-01 
 1.425599999999999e-09  1.216544135505615e-01 
 1.445599999999999e-09  1.216544135505615e-01 
 1.465599999999999e-09  1.216544135505615e-01 
 1.485599999999999e-09  1.216544135505615e-01 
 1.505599999999999e-09  1.216544135505615e-01 
 1.525599999999999e-09  1.216544135505615e-01 
 1.545599999999998e-09  1.216544135505615e-01 
 1.565599999999998e-09  1.216544135505615e-01 
 1.585599999999998e-09  1.216544135505615e-01 
 1.605599999999998e-09  1.216544135505615e-01 
 1.625599999999998e-09  1.216544135505615e-01 
 1.645599999999998e-09  1.216544135505615e-01 
 1.665599999999998e-09  1.216544135505615e-01 
 1.685599999999998e-09  1.216544135505615e-01 
 1.705599999999998e-09  1.216544135505615e-01 
 1.725599999999998e-09  1.216544135505615e-01 
 1.745599999999998e-09  1.216544135505615e-01 
 1.765599999999998e-09  1.216544135505615e-01 
 1.785599999999998e-09  1.216544135505615e-01 
 1.805599999999998e-09  1.216544135505615e-01 
 1.825599999999998e-09  1.216544135505615e-01 
 1.845599999999997e-09  1.216544135505615e-01 
 1.865599999999997e-09  1.216544135505615e-01 
 1.885599999999997e-09  1.216544135505615e-01 
 1.905599999999997e-09  1.216544135505615e-01 
 1.925599999999997e-09  1.216544135505615e-01 
 1.945599999999997e-09  1.216544135505615e-01 
 1.965599999999997e-09  1.216544135505615e-01 
 1.985599999999997e-09  1.216544135505615e-01 
 2.005599999999997e-09  1.216544135505615e-01 
 2.025599999999997e-09  1.216544135505615e-01 
 2.045599999999997e-09  1.216544135505615e-01 
 2.065599999999997e-09  1.216544135505615e-01 
 2.085599999999997e-09  1.216544135505615e-01 
 2.105599999999997e-09  1.216544135505615e-01 
 2.125599999999996e-09  1.216544135505615e-01 
 2.145599999999996e-09  1.216544135505615e-01 
 2.165599999999996e-09  1.216544135505615e-01 
 2.185599999999996e-09  1.216544135505615e-01 
 2.205599999999996e-09  1.216544135505615e-01 
 2.225599999999996e-09  1.216544135505615e-01 
 2.245599999999996e-09  1.216544135505615e-01 
 2.265599999999996e-09  1.216544135505615e-01 
 2.285599999999996e-09  1.216544135505615e-01 
 2.305599999999996e-09  1.216544135505615e-01 
 2.325599999999996e-09  1.216544135505615e-01 
 2.345599999999996e-09  1.216544135505615e-01 
 2.365599999999996e-09  1.216544135505615e-01 
 2.385599999999996e-09  1.216544135505615e-01 
 2.405599999999995e-09  1.216544135505615e-01 
 2.425599999999995e-09  1.216544135505615e-01 
 2.445599999999995e-09  1.216544135505615e-01 
 2.465599999999995e-09  1.216544135505615e-01 
 2.485599999999995e-09  1.216544135505615e-01 
 2.505599999999995e-09  1.216544135505615e-01 
 2.525599999999995e-09  1.216544135505615e-01 
 2.545599999999995e-09  1.216544135505615e-01 
 2.565599999999995e-09  1.216544135505615e-01 
 2.585599999999995e-09  1.216544135505615e-01 
 2.605599999999995e-09  1.216544135505615e-01 
 2.625599999999995e-09  1.216544135505615e-01 
 2.645599999999995e-09  1.216544135505615e-01 
 2.665599999999995e-09  1.216544135505615e-01 
 2.685599999999995e-09  1.216544135505615e-01 
 2.705599999999994e-09  1.216544135505615e-01 
 2.725599999999994e-09  1.216544135505615e-01 
 2.745599999999994e-09  1.216544135505615e-01 
 2.765599999999994e-09  1.216544135505615e-01 
 2.785599999999994e-09  1.216544135505615e-01 
 2.805599999999994e-09  1.216544135505615e-01 
 2.825599999999994e-09  1.216544135505615e-01 
 2.845599999999994e-09  1.216544135505615e-01 
 2.865599999999994e-09  1.216544135505615e-01 
 2.885599999999994e-09  1.216544135505615e-01 
 2.905599999999994e-09  1.216544135505615e-01 
 2.925599999999994e-09  1.216544135505615e-01 
 2.945599999999994e-09  1.216544135505615e-01 
 2.965599999999994e-09  1.216544135505615e-01 
 2.985599999999993e-09  1.216544135505615e-01 
 3.005599999999993e-09  1.216544135505615e-01 
 3.025599999999993e-09  1.216544135505615e-01 
 3.045599999999993e-09  1.216544135505615e-01 
 3.065599999999993e-09  1.216544135505615e-01 
 3.085599999999993e-09  1.216544135505615e-01 
 3.105599999999993e-09  1.216544135505615e-01 
 3.125599999999993e-09  1.216544135505615e-01 
 3.145599999999993e-09  1.216544135505615e-01 
 3.165599999999993e-09  1.216544135505615e-01 
 3.185599999999993e-09  1.216544135505615e-01 
 3.205599999999993e-09  1.216544135505615e-01 
 3.225599999999993e-09  1.216544135505615e-01 
 3.245599999999993e-09  1.216544135505615e-01 
 3.265599999999993e-09  1.216544135505615e-01 
 3.285599999999992e-09  1.216544135505615e-01 
 3.305599999999992e-09  1.216544135505615e-01 
 3.325599999999992e-09  1.216544135505615e-01 
 3.345599999999992e-09  1.216544135505615e-01 
 3.365599999999992e-09  1.216544135505615e-01 
 3.385599999999992e-09  1.216544135505615e-01 
 3.405599999999992e-09  1.216544135505615e-01 
 3.425599999999992e-09  1.216544135505615e-01 
 3.445599999999992e-09  1.216544135505615e-01 
 3.465599999999992e-09  1.216544135505615e-01 
 3.485599999999992e-09  1.216544135505615e-01 
 3.505599999999992e-09  1.216544135505615e-01 
 3.525599999999992e-09  1.216544135505615e-01 
 3.545599999999992e-09  1.216544135505615e-01 
 3.565599999999991e-09  1.216544135505615e-01 
 3.585599999999991e-09  1.216544135505615e-01 
 3.605599999999991e-09  1.216544135505615e-01 
 3.625599999999991e-09  1.216544135505615e-01 
 3.645599999999991e-09  1.216544135505615e-01 
 3.665599999999991e-09  1.216544135505615e-01 
 3.685599999999991e-09  1.216544135505615e-01 
 3.705599999999991e-09  1.216544135505615e-01 
 3.725599999999991e-09  1.216544135505615e-01 
 3.745599999999992e-09  1.216544135505615e-01 
 3.765599999999992e-09  1.216544135505615e-01 
 3.785599999999992e-09  1.216544135505615e-01 
 3.805599999999993e-09  1.216544135505615e-01 
 3.825599999999993e-09  1.216544135505615e-01 
 3.845599999999993e-09  1.216544135505615e-01 
 3.865599999999994e-09  1.216544135505615e-01 
 3.885599999999994e-09  1.216544135505615e-01 
 3.905599999999994e-09  1.216544135505615e-01 
 3.925599999999995e-09  1.216544135505615e-01 
 3.945599999999995e-09  1.216544135505615e-01 
 3.965599999999995e-09  1.216544135505615e-01 
 3.985599999999996e-09  1.216544135505615e-01 
 4.005599999999996e-09  1.216544135505615e-01 
 4.025599999999997e-09  1.216544135505615e-01 
 4.045599999999997e-09  1.216544135505615e-01 
 4.065599999999997e-09  1.216544135505615e-01 
 4.085599999999998e-09  1.216544135505615e-01 
 4.105599999999998e-09  1.216544135505615e-01 
 4.125599999999998e-09  1.216544135505615e-01 
 4.145599999999999e-09  1.216544135505615e-01 
 4.165599999999999e-09  1.216544135505615e-01 
 4.185599999999999e-09  1.216544135505615e-01 
 4.205600000000000e-09  1.216544135505615e-01 
 4.225600000000000e-09  1.216544135505615e-01 
 4.245600000000000e-09  1.216544135505615e-01 
 4.265600000000001e-09  1.216544135505615e-01 
 4.285600000000001e-09  1.216544135505615e-01 
 4.305600000000001e-09  1.216544135505615e-01 
 4.325600000000002e-09  1.216544135505615e-01 
 4.345600000000002e-09  1.216544135505615e-01 
 4.365600000000002e-09  1.216544135505615e-01 
 4.385600000000003e-09  1.216544135505615e-01 
 4.405600000000003e-09  1.216544135505615e-01 
 4.425600000000003e-09  1.216544135505615e-01 
 4.445600000000004e-09  1.216544135505615e-01 
 4.465600000000004e-09  1.216544135505615e-01 
 4.485600000000004e-09  1.216544135505615e-01 
 4.505600000000005e-09  1.216544135505615e-01 
 4.525600000000005e-09  1.216544135505615e-01 
 4.545600000000005e-09  1.216544135505615e-01 
 4.565600000000006e-09  1.216544135505615e-01 
 4.585600000000006e-09  1.216544135505615e-01 
 4.605600000000007e-09  1.216544135505615e-01 
 4.625600000000007e-09  1.216544135505615e-01 
 4.645600000000007e-09  1.216544135505615e-01 
 4.665600000000008e-09  1.216544135505615e-01 
 4.685600000000008e-09  1.216544135505615e-01 
 4.705600000000008e-09  1.216544135505615e-01 
 4.725600000000009e-09  1.216544135505615e-01 
 4.745600000000009e-09  1.216544135505615e-01 
 4.765600000000009e-09  1.216544135505615e-01 
 4.785600000000010e-09  1.216544135505615e-01 
 4.805600000000010e-09  1.216544135505615e-01 
 4.825600000000010e-09  1.216544135505615e-01 
 4.845600000000011e-09  1.216544135505615e-01 
 4.865600000000011e-09  1.216544135505615e-01 
 4.885600000000011e-09  1.216544135505615e-01 
 4.905600000000012e-09  1.216544135505615e-01 
 4.925600000000012e-09  1.216544135505615e-01 
 4.945600000000012e-09  1.216544135505615e-01 
 4.965600000000013e-09  1.216544135505615e-01 
 4.985600000000013e-09  1.216544135505615e-01 
 5.005600000000013e-09  1.216544135505615e-01 
 5.025600000000014e-09  1.216544135505615e-01 
 5.045600000000014e-09  1.216544135505615e-01 
 5.065600000000014e-09  1.216544135505615e-01 
 5.085600000000015e-09  1.216544135505615e-01 
 5.105600000000015e-09  1.216544135505615e-01 
 5.125600000000015e-09  1.216544135505615e-01 
 5.145600000000016e-09  1.216544135505615e-01 
 5.165600000000016e-09  1.216544135505615e-01 
 5.185600000000017e-09  1.216544135505615e-01 
 5.205600000000017e-09  1.216544135505615e-01 
 5.225600000000017e-09  1.216544135505615e-01 
 5.245600000000018e-09  1.216544135505615e-01 
 5.265600000000018e-09  1.216544135505615e-01 
 5.285600000000018e-09  1.216544135505615e-01 
 5.305600000000019e-09  1.216544135505615e-01 
 5.325600000000019e-09  1.216544135505615e-01 
 5.345600000000019e-09  1.216544135505615e-01 
 5.365600000000020e-09  1.216544135505615e-01 
 5.385600000000020e-09  1.216544135505615e-01 
 5.405600000000020e-09  1.216544135505615e-01 
 5.425600000000021e-09  1.216544135505615e-01 
 5.445600000000021e-09  1.216544135505615e-01 
 5.465600000000021e-09  1.216544135505615e-01 
 5.485600000000022e-09  1.216544135505615e-01 
 5.505600000000022e-09  1.216544135505615e-01 
 5.525600000000022e-09  1.216544135505615e-01 
 5.545600000000023e-09  1.216544135505615e-01 
 5.565600000000023e-09  1.216544135505615e-01 
 5.585600000000023e-09  1.216544135505615e-01 
 5.605600000000024e-09  1.216544135505615e-01 
 5.625600000000024e-09  1.216544135505615e-01 
 5.645600000000024e-09  1.216544135505615e-01 
 5.665600000000025e-09  1.216544135505615e-01 
 5.685600000000025e-09  1.216544135505615e-01 
 5.705600000000025e-09  1.216544135505615e-01 
 5.725600000000026e-09  1.216544135505615e-01 
 5.745600000000026e-09  1.216544135505615e-01 
 5.765600000000026e-09  1.216544135505615e-01 
 5.785600000000027e-09  1.216544135505615e-01 
 5.805600000000027e-09  1.216544135505615e-01 
 5.825600000000028e-09  1.216544135505615e-01 
 5.845600000000028e-09  1.216544135505615e-01 
 5.865600000000028e-09  1.216544135505615e-01 
 5.885600000000029e-09  1.216544135505615e-01 
 5.905600000000029e-09  1.216544135505615e-01 
 5.925600000000029e-09  1.216544135505615e-01 
 5.945600000000030e-09  1.216544135505615e-01 
 5.965600000000030e-09  1.216544135505615e-01 
 5.985600000000030e-09  1.216544135505615e-01 
 6.005600000000031e-09  1.216544135505615e-01 
 6.025600000000031e-09  1.216544135505615e-01 
 6.045600000000031e-09  1.216544135505615e-01 
 6.065600000000032e-09  1.216544135505615e-01 
 6.085600000000032e-09  1.216544135505615e-01 
 6.105600000000032e-09  1.216544135505615e-01 
 6.125600000000033e-09  1.216544135505615e-01 
 6.145600000000033e-09  1.216544135505615e-01 
 6.165600000000033e-09  1.216544135505615e-01 
 6.185600000000034e-09  1.216544135505615e-01 
 6.205600000000034e-09  1.216544135505615e-01 
 6.225600000000034e-09  1.216544135505615e-01 
 6.245600000000035e-09  1.216544135505615e-01 
 6.265600000000035e-09  1.216544135505615e-01 
 6.285600000000035e-09  1.216544135505615e-01 
 6.305600000000036e-09  1.216544135505615e-01 
 6.325600000000036e-09  1.216544135505615e-01 
 6.345600000000036e-09  1.216544135505615e-01 
 6.365600000000037e-09  1.216544135505615e-01 
 6.385600000000037e-09  1.216544135505615e-01 
 6.405600000000038e-09  1.216544135505615e-01 
 6.425600000000038e-09  1.216544135505615e-01 
 6.445600000000038e-09  1.216544135505615e-01 
 6.465600000000039e-09  1.216544135505615e-01 
 6.485600000000039e-09  1.216544135505615e-01 
 6.505600000000039e-09  1.216544135505615e-01 
 6.525600000000040e-09  1.216544135505615e-01 
 6.545600000000040e-09  1.216544135505615e-01 
 6.565600000000040e-09  1.216544135505615e-01 
 6.585600000000041e-09  1.216544135505615e-01 
 6.605600000000041e-09  1.216544135505615e-01 
 6.625600000000041e-09  1.216544135505615e-01 
 6.645600000000042e-09  1.216544135505615e-01 
 6.665600000000042e-09  1.216544135505615e-01 
 6.685600000000042e-09  1.216544135505615e-01 
 6.705600000000043e-09  1.216544135505615e-01 
 6.725600000000043e-09  1.216544135505615e-01 
 6.745600000000043e-09  1.216544135505615e-01 
 6.765600000000044e-09  1.216544135505615e-01 
 6.785600000000044e-09  1.216544135505615e-01 
 6.805600000000044e-09  1.216544135505615e-01 
 6.825600000000045e-09  1.216544135505615e-01 
 6.845600000000045e-09  1.216544135505615e-01 
 6.865600000000045e-09  1.216544135505615e-01 
 6.885600000000046e-09  1.216544135505615e-01 
 6.905600000000046e-09  1.216544135505615e-01 
 6.925600000000046e-09  1.216544135505615e-01 
 6.945600000000047e-09  1.216544135505615e-01 
 6.965600000000047e-09  1.216544135505615e-01 
 6.985600000000048e-09  1.216544135505615e-01 
 7.005600000000048e-09  1.216544135505615e-01 
 7.025600000000048e-09  1.216544135505615e-01 
 7.045600000000049e-09  1.216544135505615e-01 
 7.065600000000049e-09  1.216544135505615e-01 
 7.085600000000049e-09  1.216544135505615e-01 
 7.105600000000050e-09  1.216544135505615e-01 
 7.125600000000050e-09  1.216544135505615e-01 
 7.145600000000050e-09  1.216544135505615e-01 
 7.165600000000051e-09  1.216544135505615e-01 
 7.185600000000051e-09  1.216544135505615e-01 
 7.205600000000051e-09  1.216544135505615e-01 
 7.225600000000052e-09  1.216544135505615e-01 
 7.245600000000052e-09  1.216544135505615e-01 
 7.265600000000052e-09  1.216544135505615e-01 
 7.285600000000053e-09  1.216544135505615e-01 
 7.305600000000053e-09  1.216544135505615e-01 
 7.325600000000053e-09  1.216544135505615e-01 
 7.345600000000054e-09  1.216544135505615e-01 
 7.365600000000054e-09  1.216544135505615e-01 
 7.385600000000054e-09  1.216544135505615e-01 
 7.405600000000055e-09  1.216544135505615e-01 
 7.425600000000055e-09  1.216544135505615e-01 
 7.445600000000055e-09  1.216544135505615e-01 
 7.465600000000055e-09  1.216544135505615e-01 
 7.485600000000054e-09  1.216544135505615e-01 
 7.505600000000054e-09  1.216544135505615e-01 
 7.525600000000054e-09  1.216544135505615e-01 
 7.545600000000053e-09  1.216544135505615e-01 
 7.565600000000053e-09  1.216544135505615e-01 
 7.585600000000052e-09  1.216544135505615e-01 
 7.605600000000052e-09  1.216544135505615e-01 
 7.625600000000051e-09  1.216544135505615e-01 
 7.645600000000051e-09  1.216544135505615e-01 
 7.665600000000050e-09  1.216544135505615e-01 
 7.685600000000050e-09  1.216544135505615e-01 
 7.705600000000049e-09  1.216544135505615e-01 
 7.725600000000049e-09  1.216544135505615e-01 
 7.745600000000048e-09  1.216544135505615e-01 
 7.765600000000048e-09  1.216544135505615e-01 
 7.785600000000047e-09  1.216544135505615e-01 
 7.805600000000047e-09  1.216544135505615e-01 
 7.825600000000046e-09  1.216544135505615e-01 
 7.845600000000046e-09  1.216544135505615e-01 
 7.865600000000045e-09  1.216544135505615e-01 
 7.885600000000045e-09  1.216544135505615e-01 
 7.905600000000044e-09  1.216544135505615e-01 
 7.925600000000044e-09  1.216544135505615e-01 
 7.945600000000043e-09  1.216544135505615e-01 
 7.965600000000043e-09  1.216544135505615e-01 
 7.985600000000042e-09  1.216544135505615e-01 
 8.005600000000042e-09  1.216544135505615e-01 
 8.025600000000041e-09  1.216544135505615e-01 
 8.045600000000041e-09  1.216544135505615e-01 
 8.065600000000040e-09  1.216544135505615e-01 
 8.085600000000040e-09  1.216544135505615e-01 
 8.105600000000040e-09  1.216544135505615e-01 
 8.125600000000039e-09  1.216544135505615e-01 
 8.145600000000039e-09  1.216544135505615e-01 
 8.165600000000038e-09  1.216544135505615e-01 
 8.185600000000038e-09  1.216544135505615e-01 
 8.205600000000037e-09  1.216544135505615e-01 
 8.225600000000037e-09  1.216544135505615e-01 
 8.245600000000036e-09  1.216544135505615e-01 
 8.265600000000036e-09  1.216544135505615e-01 
 8.285600000000035e-09  1.216544135505615e-01 
 8.305600000000035e-09  1.216544135505615e-01 
 8.325600000000034e-09  1.216544135505615e-01 
 8.345600000000034e-09  1.216544135505615e-01 
 8.365600000000033e-09  1.216544135505615e-01 
 8.385600000000033e-09  1.216544135505615e-01 
 8.405600000000032e-09  1.216544135505615e-01 
 8.425600000000032e-09  1.216544135505615e-01 
 8.445600000000031e-09  1.216544135505615e-01 
 8.465600000000031e-09  1.216544135505615e-01 
 8.485600000000030e-09  1.216544135505615e-01 
 8.505600000000030e-09  1.216544135505615e-01 
 8.525600000000029e-09  1.216544135505615e-01 
 8.545600000000029e-09  1.216544135505615e-01 
 8.565600000000028e-09  1.216544135505615e-01 
 8.585600000000028e-09  1.216544135505615e-01 
 8.605600000000027e-09  1.216544135505615e-01 
 8.625600000000027e-09  1.216544135505615e-01 
 8.645600000000026e-09  1.216544135505615e-01 
 8.665600000000026e-09  1.216544135505615e-01 
 8.685600000000026e-09  1.216544135505615e-01 
 8.705600000000025e-09  1.216544135505615e-01 
 8.725600000000025e-09  1.216544135505615e-01 
 8.745600000000024e-09  1.216544135505615e-01 
 8.765600000000024e-09  1.216544135505615e-01 
 8.785600000000023e-09  1.216544135505615e-01 
 8.805600000000023e-09  1.216544135505615e-01 
 8.825600000000022e-09  1.216544135505615e-01 
 8.845600000000022e-09  1.216544135505615e-01 
 8.865600000000021e-09  1.216544135505615e-01 
 8.885600000000021e-09  1.216544135505615e-01 
 8.905600000000020e-09  1.216544135505615e-01 
 8.925600000000020e-09  1.216544135505615e-01 
 8.945600000000019e-09  1.216544135505615e-01 
 8.965600000000019e-09  1.216544135505615e-01 
 8.985600000000018e-09  1.216544135505615e-01 
 9.005600000000018e-09  1.216544135505615e-01 
 9.025600000000017e-09  1.216544135505615e-01 
 9.045600000000017e-09  1.216544135505615e-01 
 9.065600000000016e-09  1.216544135505615e-01 
 9.085600000000016e-09  1.216544135505615e-01 
 9.105600000000015e-09  1.216544135505615e-01 
 9.125600000000015e-09  1.216544135505615e-01 
 9.145600000000014e-09  1.216544135505615e-01 
 9.165600000000014e-09  1.216544135505615e-01 
 9.185600000000013e-09  1.216544135505615e-01 
 9.205600000000013e-09  1.216544135505615e-01 
 9.225600000000012e-09  1.216544135505615e-01 
 9.245600000000012e-09  1.216544135505615e-01 
 9.265600000000012e-09  1.216544135505615e-01 
 9.285600000000011e-09  1.216544135505615e-01 
 9.305600000000011e-09  1.216544135505615e-01 
 9.325600000000010e-09  1.216544135505615e-01 
 9.345600000000010e-09  1.216544135505615e-01 
 9.365600000000009e-09  1.216544135505615e-01 
 9.385600000000009e-09  1.216544135505615e-01 
 9.405600000000008e-09  1.216544135505615e-01 
 9.425600000000008e-09  1.216544135505615e-01 
 9.445600000000007e-09  1.216544135505615e-01 
 9.465600000000007e-09  1.216544135505615e-01 
 9.485600000000006e-09  1.216544135505615e-01 
 9.505600000000006e-09  1.216544135505615e-01 
 9.525600000000005e-09  1.216544135505615e-01 
 9.545600000000005e-09  1.216544135505615e-01 
 9.565600000000004e-09  1.216544135505615e-01 
 9.585600000000004e-09  1.216544135505615e-01 
 9.605600000000003e-09  1.216544135505615e-01 
 9.625600000000003e-09  1.216544135505615e-01 
 9.645600000000002e-09  1.216544135505615e-01 
 9.665600000000002e-09  1.216544135505615e-01 
 9.685600000000001e-09  1.216544135505615e-01 
 9.705600000000001e-09  1.216544135505615e-01 
 9.725600000000000e-09  1.216544135505615e-01 
 9.745600000000000e-09  1.216544135505615e-01 
 9.765599999999999e-09  1.216544135505615e-01 
 9.785599999999999e-09  1.216544135505615e-01 
 9.805599999999998e-09  1.216544135505615e-01 
 9.825599999999998e-09  1.216544135505615e-01 
 9.845599999999998e-09  1.216544135505615e-01 
 9.865599999999997e-09  1.216544135505615e-01 
 9.885599999999997e-09  1.216544135505615e-01 
 9.905599999999996e-09  1.216544135505615e-01 
 9.925599999999996e-09  1.216544135505615e-01 
 9.945599999999995e-09  1.216544135505615e-01 
 9.965599999999995e-09  1.216544135505615e-01 
 9.985599999999994e-09  1.216544135505615e-01 
 1.000559999999999e-08  1.216544135505615e-01 
 1.002559999999999e-08  1.216544135505615e-01 
 1.004559999999999e-08  1.216544135505615e-01 
 1.006559999999999e-08  1.216544135505615e-01 
 1.008559999999999e-08  1.216544135505615e-01 
 1.010559999999999e-08  1.216544135505615e-01 
 1.012559999999999e-08  1.216544135505615e-01 
 1.014559999999999e-08  1.216544135505615e-01 
 1.016559999999999e-08  1.216544135505615e-01 
 1.018559999999999e-08  1.216544135505615e-01 
 1.020559999999999e-08  1.216544135505615e-01 
 1.022559999999999e-08  1.216544135505615e-01 
 1.024559999999999e-08  1.216544135505615e-01 
 1.026559999999999e-08  1.216544135505615e-01 
 1.028559999999999e-08  1.216544135505615e-01 
 1.030559999999999e-08  1.216544135505615e-01 
 1.032559999999999e-08  1.216544135505615e-01 
 1.034559999999999e-08  1.216544135505615e-01 
 1.036559999999998e-08  1.216544135505615e-01 
 1.038559999999998e-08  1.216544135505615e-01 
 1.040559999999998e-08  1.216544135505615e-01 
 1.042559999999998e-08  1.216544135505615e-01 
 1.044559999999998e-08  1.216544135505615e-01 
 1.046559999999998e-08  1.216544135505615e-01 
 1.048559999999998e-08  1.216544135505615e-01 
 1.050559999999998e-08  1.216544135505615e-01 
 1.052559999999998e-08  1.216544135505615e-01 
 1.054559999999998e-08  1.216544135505615e-01 
 1.056559999999998e-08  1.216544135505615e-01 
 1.058559999999998e-08  1.216544135505615e-01 
 1.060559999999998e-08  1.216544135505615e-01 
 1.062559999999998e-08  1.216544135505615e-01 
 1.064559999999998e-08  1.216544135505615e-01 
 1.066559999999998e-08  1.216544135505615e-01 
 1.068559999999998e-08  1.216544135505615e-01 
 1.070559999999998e-08  1.216544135505615e-01 
 1.072559999999998e-08  1.216544135505615e-01 
 1.074559999999998e-08  1.216544135505615e-01 
 1.076559999999998e-08  1.216544135505615e-01 
 1.078559999999997e-08  1.216544135505615e-01 
 1.080559999999997e-08  1.216544135505615e-01 
 1.082559999999997e-08  1.216544135505615e-01 
 1.084559999999997e-08  1.216544135505615e-01 
 1.086559999999997e-08  1.216544135505615e-01 
 1.088559999999997e-08  1.216544135505615e-01 
 1.090559999999997e-08  1.216544135505615e-01 
 1.092559999999997e-08  1.216544135505615e-01 
 1.094559999999997e-08  1.216544135505615e-01 
 1.096559999999997e-08  1.216544135505615e-01 
 1.098559999999997e-08  1.216544135505615e-01 
 1.100559999999997e-08  1.216544135505615e-01 
 1.102559999999997e-08  1.216544135505615e-01 
 1.104559999999997e-08  1.216544135505615e-01 
 1.106559999999997e-08  1.216544135505615e-01 
 1.108559999999997e-08  1.216544135505615e-01 
 1.110559999999997e-08  1.216544135505615e-01 
 1.112559999999997e-08  1.216544135505615e-01 
 1.114559999999997e-08  1.216544135505615e-01 
 1.116559999999997e-08  1.216544135505615e-01 
 1.118559999999997e-08  1.216544135505615e-01 
 1.120559999999996e-08  1.216544135505615e-01 
 1.122559999999996e-08  1.216544135505615e-01 
 1.124559999999996e-08  1.216544135505615e-01 
 1.126559999999996e-08  1.216544135505615e-01 
 1.128559999999996e-08  1.216544135505615e-01 
 1.130559999999996e-08  1.216544135505615e-01 
 1.132559999999996e-08  1.216544135505615e-01 
 1.134559999999996e-08  1.216544135505615e-01 
 1.136559999999996e-08  1.216544135505615e-01 
 1.138559999999996e-08  1.216544135505615e-01 
 1.140559999999996e-08  1.216544135505615e-01 
 1.142559999999996e-08  1.216544135505615e-01 
 1.144559999999996e-08  1.216544135505615e-01 
 1.146559999999996e-08  1.216544135505615e-01 
 1.148559999999996e-08  1.216544135505615e-01 
 1.150559999999996e-08  1.216544135505615e-01 
 1.152559999999996e-08  1.216544135505615e-01 
 1.154559999999996e-08  1.216544135505615e-01 
 1.156559999999996e-08  1.216544135505615e-01 
 1.158559999999996e-08  1.216544135505615e-01 
 1.160559999999996e-08  1.216544135505615e-01 
 1.162559999999995e-08  1.216544135505615e-01 
 1.164559999999995e-08  1.216544135505615e-01 
 1.166559999999995e-08  1.216544135505615e-01 
 1.168559999999995e-08  1.216544135505615e-01 
 1.170559999999995e-08  1.216544135505615e-01 
 1.172559999999995e-08  1.216544135505615e-01 
 1.174559999999995e-08  1.216544135505615e-01 
 1.176559999999995e-08  1.216544135505615e-01 
 1.178559999999995e-08  1.216544135505615e-01 
 1.180559999999995e-08  1.216544135505615e-01 
 1.182559999999995e-08  1.216544135505615e-01 
 1.184559999999995e-08  1.216544135505615e-01 
 1.186559999999995e-08  1.216544135505615e-01 
 1.188559999999995e-08  1.216544135505615e-01 
 1.190559999999995e-08  1.216544135505615e-01 
 1.192559999999995e-08  1.216544135505615e-01 
 1.194559999999995e-08  1.216544135505615e-01 
 1.196559999999995e-08  1.216544135505615e-01 
 1.198559999999995e-08  1.216544135505615e-01 
 1.200559999999995e-08  1.216544135505615e-01 
 1.202559999999994e-08  1.216544135505615e-01 
 1.204559999999994e-08  1.216544135505615e-01 
 1.206559999999994e-08  1.216544135505615e-01 
 1.208559999999994e-08  1.216544135505615e-01 
 1.210559999999994e-08  1.216544135505615e-01 
 1.212559999999994e-08  1.216544135505615e-01 
 1.214559999999994e-08  1.216544135505615e-01 
 1.216559999999994e-08  1.216544135505615e-01 
 1.218559999999994e-08  1.216544135505615e-01 
 1.220559999999994e-08  1.216544135505615e-01 
 1.222559999999994e-08  1.216544135505615e-01 
 1.224559999999994e-08  1.216544135505615e-01 
 1.226559999999994e-08  1.216544135505615e-01 
 1.228559999999994e-08  1.216544135505615e-01 
 1.230559999999994e-08  1.216544135505615e-01 
 1.232559999999994e-08  1.216544135505615e-01 
 1.234559999999994e-08  1.216544135505615e-01 
 1.236559999999994e-08  1.216544135505615e-01 
 1.238559999999994e-08  1.216544135505615e-01 
 1.240559999999994e-08  1.216544135505615e-01 
 1.242559999999994e-08  1.216544135505615e-01 
 1.244559999999993e-08  1.216544135505615e-01 
 1.246559999999993e-08  1.216544135505615e-01 
 1.248559999999993e-08  1.216544135505615e-01 
 1.250559999999993e-08  1.216544135505615e-01 
 1.252559999999993e-08  1.216544135505615e-01 
 1.254559999999993e-08  1.216544135505615e-01 
 1.256559999999993e-08  1.216544135505615e-01 
 1.258559999999993e-08  1.216544135505615e-01 
 1.260559999999993e-08  1.216544135505615e-01 
 1.262559999999993e-08  1.216544135505615e-01 
 1.264559999999993e-08  1.216544135505615e-01 
 1.266559999999993e-08  1.216544135505615e-01 
 1.268559999999993e-08  1.216544135505615e-01 
 1.270559999999993e-08  1.216544135505615e-01 
 1.272559999999993e-08  1.216544135505615e-01 
 1.274559999999993e-08  1.216544135505615e-01 
 1.276559999999993e-08  1.216544135505615e-01 
 1.278559999999993e-08  1.216544135505615e-01 
 1.280559999999993e-08  1.216544135505615e-01 
 1.282559999999993e-08  1.216544135505615e-01 
 1.284559999999993e-08  1.216544135505615e-01 
 1.286559999999992e-08  1.216544135505615e-01 
 1.288559999999992e-08  1.216544135505615e-01 
 1.290559999999992e-08  1.216544135505615e-01 
 1.292559999999992e-08  1.216544135505615e-01 
 1.294559999999992e-08  1.216544135505615e-01 
 1.296559999999992e-08  1.216544135505615e-01 
 1.298559999999992e-08  1.216544135505615e-01 
 1.300559999999992e-08  1.216544135505615e-01 
 1.302559999999992e-08  1.216544135505615e-01 
 1.304559999999992e-08  1.216544135505615e-01 
 1.306559999999992e-08  1.216544135505615e-01 
 1.308559999999992e-08  1.216544135505615e-01 
 1.310559999999992e-08  1.216544135505615e-01 
 1.312559999999992e-08  1.216544135505615e-01 
 1.314559999999992e-08  1.216544135505615e-01 
 1.316559999999992e-08  1.216544135505615e-01 
 1.318559999999992e-08  1.216544135505615e-01 
 1.320559999999992e-08  1.216544135505615e-01 
 1.322559999999992e-08  1.216544135505615e-01 
 1.324559999999992e-08  1.216544135505615e-01 
 1.326559999999991e-08  1.216544135505615e-01 
 1.328559999999991e-08  1.216544135505615e-01 
 1.330559999999991e-08  1.216544135505615e-01 
 1.332559999999991e-08  1.216544135505615e-01 
 1.334559999999991e-08  1.216544135505615e-01 
 1.336559999999991e-08  1.216544135505615e-01 
 1.338559999999991e-08  1.216544135505615e-01 
 1.340559999999991e-08  1.216544135505615e-01 
 1.342559999999991e-08  1.216544135505615e-01 
 1.344559999999991e-08  1.216544135505615e-01 
 1.346559999999991e-08  1.216544135505615e-01 
 1.348559999999991e-08  1.216544135505615e-01 
 1.350559999999991e-08  1.216544135505615e-01 
 1.352559999999991e-08  1.216544135505615e-01 
 1.354559999999991e-08  1.216544135505615e-01 
 1.356559999999991e-08  1.216544135505615e-01 
 1.358559999999991e-08  1.216544135505615e-01 
 1.360559999999991e-08  1.216544135505615e-01 
 1.362559999999991e-08  1.216544135505615e-01 
 1.364559999999991e-08  1.216544135505615e-01 
 1.366559999999991e-08  1.216544135505615e-01 
 1.368559999999990e-08  1.216544135505615e-01 
 1.370559999999990e-08  1.216544135505615e-01 
 1.372559999999990e-08  1.216544135505615e-01 
 1.374559999999990e-08  1.216544135505615e-01 
 1.376559999999990e-08  1.216544135505615e-01 
 1.378559999999990e-08  1.216544135505615e-01 
 1.380559999999990e-08  1.216544135505615e-01 
 1.382559999999990e-08  1.216544135505615e-01 
 1.384559999999990e-08  1.216544135505615e-01 
 1.386559999999990e-08  1.216544135505615e-01 
 1.388559999999990e-08  1.216544135505615e-01 
 1.390559999999990e-08  1.216544135505615e-01 
 1.392559999999990e-08  1.216544135505615e-01 
 1.394559999999990e-08  1.216544135505615e-01 
 1.396559999999990e-08  1.216544135505615e-01 
 1.398559999999990e-08  1.216544135505615e-01 
 1.400559999999990e-08  1.216544135505615e-01 
 1.402559999999990e-08  1.216544135505615e-01 
 1.404559999999990e-08  1.216544135505615e-01 
 1.406559999999990e-08  1.216544135505615e-01 
 1.408559999999990e-08  1.216544135505615e-01 
 1.410559999999989e-08  1.216544135505615e-01 
 1.412559999999989e-08  1.216544135505615e-01 
 1.414559999999989e-08  1.216544135505615e-01 
 1.416559999999989e-08  1.216544135505615e-01 
 1.418559999999989e-08  1.216544135505615e-01 
 1.420559999999989e-08  1.216544135505615e-01 
 1.422559999999989e-08  1.216544135505615e-01 
 1.424559999999989e-08  1.216544135505615e-01 
 1.426559999999989e-08  1.216544135505615e-01 
 1.428559999999989e-08  1.216544135505615e-01 
 1.430559999999989e-08  1.216544135505615e-01 
 1.432559999999989e-08  1.216544135505615e-01 
 1.434559999999989e-08  1.216544135505615e-01 
 1.436559999999989e-08  1.216544135505615e-01 
 1.438559999999989e-08  1.216544135505615e-01 
 1.440559999999989e-08  1.216544135505615e-01 
 1.442559999999989e-08  1.216544135505615e-01 
 1.444559999999989e-08  1.216544135505615e-01 
 1.446559999999989e-08  1.216544135505615e-01 
 1.448559999999989e-08  1.216544135505615e-01 
 1.450559999999989e-08  1.216544135505615e-01 
 1.452559999999988e-08  1.216544135505615e-01 
 1.454559999999988e-08  1.216544135505615e-01 
 1.456559999999988e-08  1.216544135505615e-01 
 1.458559999999988e-08  1.216544135505615e-01 
 1.460559999999988e-08  1.216544135505615e-01 
 1.462559999999988e-08  1.216544135505615e-01 
 1.464559999999988e-08  1.216544135505615e-01 
 1.466559999999988e-08  1.216544135505615e-01 
 1.468559999999988e-08  1.216544135505615e-01 
 1.470559999999988e-08  1.216544135505615e-01 
 1.472559999999988e-08  1.216544135505615e-01 
 1.474559999999988e-08  1.216544135505615e-01 
 1.476559999999988e-08  1.216544135505615e-01 
 1.478559999999988e-08  1.216544135505615e-01 
 1.480559999999988e-08  1.216544135505615e-01 
 1.482559999999988e-08  1.216544135505615e-01 
 1.484559999999988e-08  1.216544135505615e-01 
 1.486559999999988e-08  1.216544135505615e-01 
 1.488559999999988e-08  1.216544135505615e-01 
 1.490559999999988e-08  1.216544135505615e-01 
 1.492559999999988e-08  1.216544135505615e-01 
 1.494559999999988e-08  1.216544135505615e-01 
 1.496559999999988e-08  1.216544135505615e-01 
 1.498559999999988e-08  1.216544135505615e-01 
 1.500559999999987e-08  1.216544135505615e-01 
 1.502559999999987e-08  1.216544135505615e-01 
 1.504559999999987e-08  1.216544135505615e-01 
 1.506559999999987e-08  1.216544135505615e-01 
 1.508559999999987e-08  1.216544135505615e-01 
 1.510559999999987e-08  1.216544135505615e-01 
 1.512559999999987e-08  1.216544135505615e-01 
 1.514559999999987e-08  1.216544135505615e-01 
 1.516559999999987e-08  1.216544135505615e-01 
 1.518559999999987e-08  1.216544135505615e-01 
 1.520559999999987e-08  1.216544135505615e-01 
 1.522559999999987e-08  1.216544135505615e-01 
 1.524559999999987e-08  1.216544135505615e-01 
 1.526559999999987e-08  1.216544135505615e-01 
 1.528559999999987e-08  1.216544135505615e-01 
 1.530559999999987e-08  1.216544135505615e-01 
 1.532559999999987e-08  1.216544135505615e-01 
 1.534559999999987e-08  1.216544135505615e-01 
 1.536559999999987e-08  1.216544135505615e-01 
 1.538559999999987e-08  1.216544135505615e-01 
 1.540559999999986e-08  1.216544135505615e-01 
 1.542559999999986e-08  1.216544135505615e-01 
 1.544559999999986e-08  1.216544135505615e-01 
 1.546559999999986e-08  1.216544135505615e-01 
 1.548559999999986e-08  1.216544135505615e-01 
 1.550559999999986e-08  1.216544135505615e-01 
 1.552559999999986e-08  1.216544135505615e-01 
 1.554559999999986e-08  1.216544135505615e-01 
 1.556559999999986e-08  1.216544135505615e-01 
 1.558559999999986e-08  1.216544135505615e-01 
 1.560559999999986e-08  1.216544135505615e-01 
 1.562559999999986e-08  1.216544135505615e-01 
 1.564559999999986e-08  1.216544135505615e-01 
 1.566559999999986e-08  1.216544135505615e-01 
 1.568559999999986e-08  1.216544135505615e-01 
 1.570559999999986e-08  1.216544135505615e-01 
 1.572559999999986e-08  1.216544135505615e-01 
 1.574559999999986e-08  1.216544135505615e-01 
 1.576559999999986e-08  1.216544135505615e-01 
 1.578559999999986e-08  1.216544135505615e-01 
 1.580559999999986e-08  1.216544135505615e-01 
 1.582559999999985e-08  1.216544135505615e-01 
 1.584559999999985e-08  1.216544135505615e-01 
 1.586559999999985e-08  1.216544135505615e-01 
 1.588559999999985e-08  1.216544135505615e-01 
 1.590559999999985e-08  1.216544135505615e-01 
 1.592559999999985e-08  1.216544135505615e-01 
 1.594559999999985e-08  1.216544135505615e-01 
 1.596559999999985e-08  1.216544135505615e-01 
 1.598559999999985e-08  1.216544135505615e-01 
 1.600559999999985e-08  1.216544135505615e-01 
 1.602559999999985e-08  1.216544135505615e-01 
 1.604559999999985e-08  1.216544135505615e-01 
 1.606559999999985e-08  1.216544135505615e-01 
 1.608559999999985e-08  1.216544135505615e-01 
 1.610559999999985e-08  1.216544135505615e-01 
 1.612559999999985e-08  1.216544135505615e-01 
 1.614559999999985e-08  1.216544135505615e-01 
 1.616559999999985e-08  1.216544135505615e-01 
 1.618559999999985e-08  1.216544135505615e-01 
 1.620559999999985e-08  1.216544135505615e-01 
 1.622559999999985e-08  1.216544135505615e-01 
 1.624559999999984e-08  1.216544135505615e-01 
 1.626559999999984e-08  1.216544135505615e-01 
 1.628559999999984e-08  1.216544135505615e-01 
 1.630559999999984e-08  1.216544135505615e-01 
 1.632559999999984e-08  1.216544135505615e-01 
 1.634559999999984e-08  1.216544135505615e-01 
 1.636559999999984e-08  1.216544135505615e-01 
 1.638559999999984e-08  1.216544135505615e-01 
 1.640559999999984e-08  1.216544135505615e-01 
 1.642559999999984e-08  1.216544135505615e-01 
 1.644559999999984e-08  1.216544135505615e-01 
 1.646559999999984e-08  1.216544135505615e-01 
 1.648559999999984e-08  1.216544135505615e-01 
 1.650559999999984e-08  1.216544135505615e-01 
 1.652559999999984e-08  1.216544135505615e-01 
 1.654559999999984e-08  1.216544135505615e-01 
 1.656559999999984e-08  1.216544135505615e-01 
 1.658559999999984e-08  1.216544135505615e-01 
 1.660559999999984e-08  1.216544135505615e-01 
 1.662559999999984e-08  1.216544135505615e-01 
 1.664559999999984e-08  1.216544135505615e-01 
 1.666559999999983e-08  1.216544135505615e-01 
 1.668559999999983e-08  1.216544135505615e-01 
 1.670559999999983e-08  1.216544135505615e-01 
 1.672559999999983e-08  1.216544135505615e-01 
 1.674559999999983e-08  1.216544135505615e-01 
 1.676559999999983e-08  1.216544135505615e-01 
 1.678559999999983e-08  1.216544135505615e-01 
 1.680559999999983e-08  1.216544135505615e-01 
 1.682559999999983e-08  1.216544135505615e-01 
 1.684559999999983e-08  1.216544135505615e-01 
 1.686559999999983e-08  1.216544135505615e-01 
 1.688559999999983e-08  1.216544135505615e-01 
 1.690559999999983e-08  1.216544135505615e-01 
 1.692559999999983e-08  1.216544135505615e-01 
 1.694559999999983e-08  1.216544135505615e-01 
 1.696559999999983e-08  1.216544135505615e-01 
 1.698559999999983e-08  1.216544135505615e-01 
 1.700559999999983e-08  1.216544135505615e-01 
 1.702559999999983e-08  1.216544135505615e-01 
 1.704559999999983e-08  1.216544135505615e-01 
 1.706559999999982e-08  1.216544135505615e-01 
 1.708559999999982e-08  1.216544135505615e-01 
 1.710559999999982e-08  1.216544135505615e-01 
 1.712559999999982e-08  1.216544135505615e-01 
 1.714559999999982e-08  1.216544135505615e-01 
 1.716559999999982e-08  1.216544135505615e-01 
 1.718559999999982e-08  1.216544135505615e-01 
 1.720559999999982e-08  1.216544135505615e-01 
 1.722559999999982e-08  1.216544135505615e-01 
 1.724559999999982e-08  1.216544135505615e-01 
 1.726559999999982e-08  1.216544135505615e-01 
 1.728559999999982e-08  1.216544135505615e-01 
 1.730559999999982e-08  1.216544135505615e-01 
 1.732559999999982e-08  1.216544135505615e-01 
 1.734559999999982e-08  1.216544135505615e-01 
 1.736559999999982e-08  1.216544135505615e-01 
 1.738559999999982e-08  1.216544135505615e-01 
 1.740559999999982e-08  1.216544135505615e-01 
 1.742559999999982e-08  1.216544135505615e-01 
 1.744559999999982e-08  1.216544135505615e-01 
 1.746559999999982e-08  1.216544135505615e-01 
 1.748559999999981e-08  1.216544135505615e-01 
 1.750559999999981e-08  1.216544135505615e-01 
 1.752559999999981e-08  1.216544135505615e-01 
 1.754559999999981e-08  1.216544135505615e-01 
 1.756559999999981e-08  1.216544135505615e-01 
 1.758559999999981e-08  1.216544135505615e-01 
 1.760559999999981e-08  1.216544135505615e-01 
 1.762559999999981e-08  1.216544135505615e-01 
 1.764559999999981e-08  1.216544135505615e-01 
 1.766559999999981e-08  1.216544135505615e-01 
 1.768559999999981e-08  1.216544135505615e-01 
 1.770559999999981e-08  1.216544135505615e-01 
 1.772559999999981e-08  1.216544135505615e-01 
 1.774559999999981e-08  1.216544135505615e-01 
 1.776559999999981e-08  1.216544135505615e-01 
 1.778559999999981e-08  1.216544135505615e-01 
 1.780559999999981e-08  1.216544135505615e-01 
 1.782559999999981e-08  1.216544135505615e-01 
 1.784559999999981e-08  1.216544135505615e-01 
 1.786559999999981e-08  1.216544135505615e-01 
 1.788559999999981e-08  1.216544135505615e-01 
 1.790559999999980e-08  1.216544135505615e-01 
 1.792559999999980e-08  1.216544135505615e-01 
 1.794559999999980e-08  1.216544135505615e-01 
 1.796559999999980e-08  1.216544135505615e-01 
 1.798559999999980e-08  1.216544135505615e-01 
 1.800559999999980e-08  1.216544135505615e-01 
 1.802559999999980e-08  1.216544135505615e-01 
 1.804559999999980e-08  1.216544135505615e-01 
 1.806559999999980e-08  1.216544135505615e-01 
 1.808559999999980e-08  1.216544135505615e-01 
 1.810559999999980e-08  1.216544135505615e-01 
 1.812559999999980e-08  1.216544135505615e-01 
 1.814559999999980e-08  1.216544135505615e-01 
 1.816559999999980e-08  1.216544135505615e-01 
 1.818559999999980e-08  1.216544135505615e-01 
 1.820559999999980e-08  1.216544135505615e-01 
 1.822559999999980e-08  1.216544135505615e-01 
 1.824559999999980e-08  1.216544135505615e-01 
 1.826559999999980e-08  1.216544135505615e-01 
 1.828559999999980e-08  1.216544135505615e-01 
 1.830559999999980e-08  1.216544135505615e-01 
 1.832559999999979e-08  1.216544135505615e-01 
 1.834559999999979e-08  1.216544135505615e-01 
 1.836559999999979e-08  1.216544135505615e-01 
 1.838559999999979e-08  1.216544135505615e-01 
 1.840559999999979e-08  1.216544135505615e-01 
 1.842559999999979e-08  1.216544135505615e-01 
 1.844559999999979e-08  1.216544135505615e-01 
 1.846559999999979e-08  1.216544135505615e-01 
 1.848559999999979e-08  1.216544135505615e-01 
 1.850559999999979e-08  1.216544135505615e-01 
 1.852559999999979e-08  1.216544135505615e-01 
 1.854559999999979e-08  1.216544135505615e-01 
 1.856559999999979e-08  1.216544135505615e-01 
 1.858559999999979e-08  1.216544135505615e-01 
 1.860559999999979e-08  1.216544135505615e-01 
 1.862559999999979e-08  1.216544135505615e-01 
 1.864559999999979e-08  1.216544135505615e-01 
 1.866559999999979e-08  1.216544135505615e-01 
 1.868559999999979e-08  1.216544135505615e-01 
 1.870559999999979e-08  1.216544135505615e-01 
 1.872559999999978e-08  1.216544135505615e-01 
 1.874559999999978e-08  1.216544135505615e-01 
 1.876559999999978e-08  1.216544135505615e-01 
 1.878559999999978e-08  1.216544135505615e-01 
 1.880559999999978e-08  1.216544135505615e-01 
 1.882559999999978e-08  1.216544135505615e-01 
 1.884559999999978e-08  1.216544135505615e-01 
 1.886559999999978e-08  1.216544135505615e-01 
 1.888559999999978e-08  1.216544135505615e-01 
 1.890559999999978e-08  1.216544135505615e-01 
 1.892559999999978e-08  1.216544135505615e-01 
 1.894559999999978e-08  1.216544135505615e-01 
 1.896559999999978e-08  1.216544135505615e-01 
 1.898559999999978e-08  1.216544135505615e-01 
 1.900559999999978e-08  1.216544135505615e-01 
 1.902559999999978e-08  1.216544135505615e-01 
 1.904559999999978e-08  1.216544135505615e-01 
 1.906559999999978e-08  1.216544135505615e-01 
 1.908559999999978e-08  1.216544135505615e-01 
 1.910559999999978e-08  1.216544135505615e-01 
 1.912559999999978e-08  1.216544135505615e-01 
 1.914559999999977e-08  1.216544135505615e-01 
 1.916559999999977e-08  1.216544135505615e-01 
 1.918559999999977e-08  1.216544135505615e-01 
 1.920559999999977e-08  1.216544135505615e-01 
 1.922559999999977e-08  1.216544135505615e-01 
 1.924559999999977e-08  1.216544135505615e-01 
 1.926559999999977e-08  1.216544135505615e-01 
 1.928559999999977e-08  1.216544135505615e-01 
 1.930559999999977e-08  1.216544135505615e-01 
 1.932559999999977e-08  1.216544135505615e-01 
 1.934559999999977e-08  1.216544135505615e-01 
 1.936559999999977e-08  1.216544135505615e-01 
 1.938559999999977e-08  1.216544135505615e-01 
 1.940559999999977e-08  1.216544135505615e-01 
 1.942559999999977e-08  1.216544135505615e-01 
 1.944559999999977e-08  1.216544135505615e-01 
 1.946559999999977e-08  1.216544135505615e-01 
 1.948559999999977e-08  1.216544135505615e-01 
 1.950559999999977e-08  1.216544135505615e-01 
 1.952559999999977e-08  1.216544135505615e-01 
 1.954559999999977e-08  1.216544135505615e-01 
 1.956559999999976e-08  1.216544135505615e-01 
 1.958559999999976e-08  1.216544135505615e-01 
 1.960559999999976e-08  1.216544135505615e-01 
 1.962559999999976e-08  1.216544135505615e-01 
 1.964559999999976e-08  1.216544135505615e-01 
 1.966559999999976e-08  1.216544135505615e-01 
 1.968559999999976e-08  1.216544135505615e-01 
 1.970559999999976e-08  1.216544135505615e-01 
 1.972559999999976e-08  1.216544135505615e-01 
 1.974559999999976e-08  1.216544135505615e-01 
 1.976559999999976e-08  1.216544135505615e-01 
 1.978559999999976e-08  1.216544135505615e-01 
 1.980559999999976e-08  1.216544135505615e-01 
 1.982559999999976e-08  1.216544135505615e-01 
 1.984559999999976e-08  1.216544135505615e-01 
 1.986559999999976e-08  1.216544135505615e-01 
 1.988559999999976e-08  1.216544135505615e-01 
 1.990559999999976e-08  1.216544135505615e-01 
 1.992559999999976e-08  1.216544135505615e-01 
 1.994559999999976e-08  1.216544135505615e-01 
 1.996559999999975e-08  1.216544135505615e-01 
 1.998559999999975e-08  1.216544135505615e-01 
 2.000000000000000e-08  1.216544135505615e-01 
 2.000002494937910e-08  1.216544101372295e-01 
 2.000007484813731e-08  1.216543966584195e-01 
 2.000017464565371e-08  1.216543364563755e-01 
 2.000037424068652e-08  1.216541165432575e-01 
 2.000068701455634e-08  1.216535587075412e-01 
 2.000114028808313e-08  1.216523807527632e-01 
 2.000185996061504e-08  1.216498811555623e-01 
 2.000296161667598e-08  1.216451985757018e-01 
 2.000428465309865e-08  1.216389283167539e-01 
 2.000615452005924e-08  1.216296206591535e-01 
 2.000889751940335e-08  1.216155473524035e-01 
 2.001380516041641e-08  1.215895119525710e-01 
 2.001849890866372e-08  1.215637836249612e-01 
 2.002270644895795e-08  1.215403885252524e-01 
 2.002738847117162e-08  1.215146961402091e-01 
 2.003174959182969e-08  1.214919997651062e-01 
 2.003706522325958e-08  1.214691403435978e-01 
 2.003892438451498e-08  1.214634309992049e-01 
 2.004156726306092e-08  1.214606876102627e-01 
 2.004363089025539e-08  1.214656049422969e-01 
 2.004595447584699e-08  1.214838064426789e-01 
 2.004839872584681e-08  1.215256628725602e-01 
 2.005117213209391e-08  1.216156826932698e-01 
 2.005367962481229e-08  1.217514241082433e-01 
 2.005510202178748e-08  1.218578962779559e-01 
 2.005643792996248e-08  1.219817809882631e-01 
 2.005811871541705e-08  1.221747219562537e-01 
 2.005963912432613e-08  1.223870034829694e-01 
 2.006136908716896e-08  1.226729529744147e-01 
 2.006326519155124e-08  1.230398928417490e-01 
 2.006616427810421e-08  1.237055846730170e-01 
 2.006993404899051e-08  1.247531825770581e-01 
 2.007444698199003e-08  1.262677240354643e-01 
 2.007858736305569e-08  1.279013558456894e-01 
 2.008234711309242e-08  1.295875958752290e-01 
 2.008593090423757e-08  1.313806533763360e-01 
 2.008984391433629e-08  1.335590421245770e-01 
 2.009369737933580e-08  1.359479235944515e-01 
 2.009785169366300e-08  1.388193448582081e-01 
 2.010000000000000e-08  1.404316547159962e-01 
 2.010001714924797e-08  1.404448891393470e-01 
 2.010005144774392e-08  1.404713718028205e-01 
 2.010012004473580e-08  1.405244180721432e-01 
 2.010025723871958e-08  1.406308208242014e-01 
 2.010053162668712e-08  1.408448073903841e-01 
 2.010087768175175e-08  1.411168349385844e-01 
 2.010141099367703e-08  1.415405233565422e-01 
 2.010218655113810e-08  1.421657646353915e-01 
 2.010352395477829e-08  1.432671401677914e-01 
 2.010498537560046e-08  1.445010135779768e-01 
 2.010724208595577e-08  1.464597588791491e-01 
 2.010947748327875e-08  1.484546901896683e-01 
 2.011217088063277e-08  1.509170130771150e-01 
 2.011480718043988e-08  1.533778174587489e-01 
 2.011787823921952e-08  1.562942474924560e-01 
 2.012122237936988e-08  1.595175571340020e-01 
 2.012511594873281e-08  1.633166935498322e-01 
 2.012945294002859e-08  1.675894999667707e-01 
 2.013443527015105e-08  1.725313763941307e-01 
 2.013943009041496e-08  1.775045393731291e-01 
 2.014469748257939e-08  1.827551099527281e-01 
 2.015025098383210e-08  1.882860686869834e-01 
 2.015648763934544e-08  1.944811903502303e-01 
 2.016340627088863e-08  2.013247181059211e-01 
 2.017141066682362e-08  2.091959673263437e-01 
 2.018068697231213e-08  2.182489882468023e-01 
 2.019192100877422e-08  2.291077779478120e-01 
 2.020584248262603e-08  2.424011200882851e-01 
 2.022410728759439e-08  2.595673676102943e-01 
 2.024410728759439e-08  2.780108519841263e-01 
 2.026410728759439e-08  2.960909491797382e-01 
 2.028410728759439e-08  3.138146856434790e-01 
 2.030410728759439e-08  3.311890663122484e-01 
 2.032410728759439e-08  3.482209740840845e-01 
 2.034410728759439e-08  3.649171588725849e-01 
 2.036410728759439e-08  3.812842375429950e-01 
 2.038410728759439e-08  3.973286969490898e-01 
 2.040410728759439e-08  4.130568957796941e-01 
 2.042410728759439e-08  4.284750677374747e-01 
 2.044410728759439e-08  4.435893233580047e-01 
 2.046410728759439e-08  4.584056530624496e-01 
 2.048410728759439e-08  4.729299289140725e-01 
 2.050410728759439e-08  4.871679075441798e-01 
 2.052410728759439e-08  5.011252318480476e-01 
 2.054410728759439e-08  5.148074337888385e-01 
 2.056410728759439e-08  5.282199360353099e-01 
 2.058410728759439e-08  5.413680546485312e-01 
 2.060410728759439e-08  5.542570006634874e-01 
 2.062410728759438e-08  5.668918826633796e-01 
 2.064410728759438e-08  5.792777083070338e-01 
 2.066410728759438e-08  5.914193867954790e-01 
 2.068410728759438e-08  6.033217303469501e-01 
 2.070410728759438e-08  6.149894565602744e-01 
 2.072410728759438e-08  6.264271898391361e-01 
 2.074410728759438e-08  6.376394636567017e-01 
 2.076410728759438e-08  6.486307219307091e-01 
 2.078410728759438e-08  6.594053211935891e-01 
 2.080410728759438e-08  6.699675319198866e-01 
 2.082410728759438e-08  6.803215406059715e-01 
 2.084410728759438e-08  6.904714510512409e-01 
 2.086410728759438e-08  7.004212863513460e-01 
 2.088410728759438e-08  7.101749901345829e-01 
 2.090410728759438e-08  7.197364284723939e-01 
 2.092410728759438e-08  7.291093910723081e-01 
 2.094410728759438e-08  7.382975931093210e-01 
 2.096410728759438e-08  7.473046763767111e-01 
 2.098410728759438e-08  7.561342110417391e-01 
 2.100410728759438e-08  7.647896967556342e-01 
 2.102410728759437e-08  7.732745643369022e-01 
 2.104410728759437e-08  7.815921768417450e-01 
 2.106410728759437e-08  7.897458311781158e-01 
 2.108410728759437e-08  7.977387591378092e-01 
 2.110410728759437e-08  8.055741289442635e-01 
 2.112410728759437e-08  8.132550462475224e-01 
 2.114410728759437e-08  8.207845556086477e-01 
 2.116410728759437e-08  8.281656414587324e-01 
 2.118410728759437e-08  8.354012295226574e-01 
 2.120410728759437e-08  8.424941877433049e-01 
 2.122410728759437e-08  8.494473276472619e-01 
 2.124410728759437e-08  8.562634052353642e-01 
 2.126410728759437e-08  8.629451222928345e-01 
 2.128410728759437e-08  8.694951272472498e-01 
 2.130410728759437e-08  8.759160164254928e-01 
 2.132410728759437e-08  8.822103348802091e-01 
 2.134410728759437e-08  8.883805775958464e-01 
 2.136410728759437e-08  8.944291902846390e-01 
 2.138410728759437e-08  9.003585705438912e-01 
 2.140410728759437e-08  9.061710686225219e-01 
 2.142410728759437e-08  9.118689885316535e-01 
 2.144410728759436e-08  9.174545887826993e-01 
 2.146410728759436e-08  9.229300834532390e-01 
 2.148410728759436e-08  9.282976428976086e-01 
 2.150410728759436e-08  9.335593947699488e-01 
 2.152410728759436e-08  9.387174247082354e-01 
 2.154410728759436e-08  9.437737773162995e-01 
 2.156410728759436e-08  9.487304568222097e-01 
 2.158410728759436e-08  9.535894280209858e-01 
 2.160410728759436e-08  9.583526169082176e-01 
 2.162410728759436e-08  9.630219115851144e-01 
 2.164410728759436e-08  9.675991628682186e-01 
 2.166410728759436e-08  9.720861851583776e-01 
 2.168410728759436e-08  9.764847570273720e-01 
 2.170410728759436e-08  9.807966220522905e-01 
 2.172410728759436e-08  9.850234893799249e-01 
 2.174410728759436e-08  9.891670345279733e-01 
 2.176410728759436e-08  9.932288999279681e-01 
 2.178410728759436e-08  9.972106956946934e-01 
 2.180410728759436e-08  1.001114000148406e+00 
 2.182410728759436e-08  1.004940360553779e+00 
 2.184410728759436e-08  1.008691293622156e+00 
 2.186410728759435e-08  1.012368286221276e+00 
 2.188410728759435e-08  1.015972795858273e+00 
 2.190410728759435e-08  1.019506251361386e+00 
 2.192410728759435e-08  1.022970053344398e+00 
 2.194410728759435e-08  1.026365574861477e+00 
 2.196410728759435e-08  1.029694161853728e+00 
 2.198410728759435e-08  1.032957133778263e+00 
 2.200410728759435e-08  1.036155784037512e+00 
 2.202410728759435e-08  1.039291380583578e+00 
 2.204410728759435e-08  1.042365166330938e+00 
 2.206410728759435e-08  1.045378359737086e+00 
 2.208410728759435e-08  1.048332155199230e+00 
 2.210410728759435e-08  1.051227723612187e+00 
 2.212410728759435e-08  1.054066212749668e+00 
 2.214410728759435e-08  1.056848747800343e+00 
 2.216410728759435e-08  1.059576431734288e+00 
 2.218410728759435e-08  1.062250345818099e+00 
 2.220410728759435e-08  1.064871549967048e+00 
 2.222410728759435e-08  1.067441083240097e+00 
 2.224410728759435e-08  1.069959964178290e+00 
 2.226410728759435e-08  1.072429191280479e+00 
 2.228410728759434e-08  1.074849743328465e+00 
 2.230410728759434e-08  1.077222579844207e+00 
 2.232410728759434e-08  1.079548641402216e+00 
 2.234410728759434e-08  1.081828850068987e+00 
 2.236410728759434e-08  1.084064109703117e+00 
 2.238410728759434e-08  1.086255306377677e+00 
 2.240410728759434e-08  1.088403308668519e+00 
 2.242410728759434e-08  1.090508968060271e+00 
 2.244410728759434e-08  1.092573119223271e+00 
 2.246410728759434e-08  1.094596580403840e+00 
 2.248410728759434e-08  1.096580153690277e+00 
 2.250410728759434e-08  1.098524625388039e+00 
 2.252410728759434e-08  1.100430766275206e+00 
 2.254410728759434e-08  1.102299331963166e+00 
 2.256410728759434e-08  1.104131063141960e+00 
 2.258410728759434e-08  1.105926685927041e+00 
 2.260410728759434e-08  1.107686912094883e+00 
 2.262410728759434e-08  1.109412439416374e+00 
 2.264410728759434e-08  1.111103951883054e+00 
 2.266410728759434e-08  1.112762120027668e+00 
 2.268410728759433e-08  1.114387601141402e+00 
 2.270410728759433e-08  1.115981039582101e+00 
 2.272410728759433e-08  1.117543066982841e+00 
 2.274410728759433e-08  1.119074302548304e+00 
 2.276410728759433e-08  1.120575353255018e+00 
 2.278410728759433e-08  1.122046814136362e+00 
 2.280410728759433e-08  1.123489268474788e+00 
 2.282410728759433e-08  1.124903288075898e+00 
 2.284410728759433e-08  1.126289433452972e+00 
 2.286410728759433e-08  1.127648254090538e+00 
 2.288410728759433e-08  1.128980288621504e+00 
 2.290410728759433e-08  1.130286065080636e+00 
 2.292410728759433e-08  1.131566101074573e+00 
 2.294410728759433e-08  1.132820904025621e+00 
 2.296410728759433e-08  1.134050971334923e+00 
 2.298410728759433e-08  1.135256790616937e+00 
 2.300410728759433e-08  1.136438839856040e+00 
 2.302410728759433e-08  1.137597587632055e+00 
 2.304410728759433e-08  1.138733493270536e+00 
 2.306410728759433e-08  1.139847007059697e+00 
 2.308410728759433e-08  1.140938570394632e+00 
 2.310410728759432e-08  1.142008615985969e+00 
 2.312410728759432e-08  1.143057567998265e+00 
 2.314410728759432e-08  1.144085842250720e+00 
 2.316410728759432e-08  1.145093846349960e+00 
 2.318410728759432e-08  1.146081979883124e+00 
 2.320410728759432e-08  1.147050634545262e+00 
 2.322410728759432e-08  1.148000194325084e+00 
 2.324410728759432e-08  1.148931035627183e+00 
 2.326410728759432e-08  1.149843527450737e+00 
 2.328410728759432e-08  1.150738031506763e+00 
 2.330410728759432e-08  1.151614902390035e+00 
 2.332410728759432e-08  1.152474487691568e+00 
 2.334410728759432e-08  1.153317128164026e+00 
 2.336410728759432e-08  1.154143157829612e+00 
 2.338410728759432e-08  1.154952904139217e+00 
 2.340410728759432e-08  1.155746688075905e+00 
 2.342410728759432e-08  1.156524824308040e+00 
 2.344410728759432e-08  1.157287621288549e+00 
 2.346410728759432e-08  1.158035381402249e+00 
 2.348410728759432e-08  1.158768401061053e+00 
 2.350410728759432e-08  1.159486970845734e+00 
 2.352410728759431e-08  1.160191375597230e+00 
 2.354410728759431e-08  1.160881894553053e+00 
 2.356410728759431e-08  1.161558801434852e+00 
 2.358410728759431e-08  1.162222364579676e+00 
 2.360410728759431e-08  1.162872847023939e+00 
 2.362410728759431e-08  1.163510506629741e+00 
 2.364410728759431e-08  1.164135596165375e+00 
 2.366410728759431e-08  1.164748363426893e+00 
 2.368410728759431e-08  1.165349051315296e+00 
 2.370410728759431e-08  1.165937897953530e+00 
 2.372410728759431e-08  1.166515136760487e+00 
 2.374410728759431e-08  1.167080996563609e+00 
 2.376410728759431e-08  1.167635701669831e+00 
 2.378410728759431e-08  1.168179471973947e+00 
 2.380410728759431e-08  1.168712523026632e+00 
 2.382410728759431e-08  1.169235066138737e+00 
 2.384410728759431e-08  1.169747308446490e+00 
 2.386410728759431e-08  1.170249453011880e+00 
 2.388410728759431e-08  1.170741698885160e+00 
 2.390410728759431e-08  1.171224241201466e+00 
 2.392410728759430e-08  1.171697271240724e+00 
 2.394410728759430e-08  1.172160976520651e+00 
 2.396410728759430e-08  1.172615540854172e+00 
 2.398410728759430e-08  1.173061144438943e+00 
 2.400410728759430e-08  1.173497963912377e+00 
 2.402410728759430e-08  1.173926172437818e+00 
 2.404410728759430e-08  1.174345939757271e+00 
 2.406410728759430e-08  1.174757432274362e+00 
 2.408410728759430e-08  1.175160813104867e+00 
 2.410410728759430e-08  1.175556242156570e+00 
 2.412410728759430e-08  1.175943876177680e+00 
 2.414410728759430e-08  1.176323868833714e+00 
 2.416410728759430e-08  1.176696370753886e+00 
 2.418410728759430e-08  1.177061529605122e+00 
 2.420410728759430e-08  1.177419490136504e+00 
 2.422410728759430e-08  1.177770394250532e+00 
 2.424410728759430e-08  1.178114381045699e+00 
 2.426410728759430e-08  1.178451586885101e+00 
 2.428410728759430e-08  1.178782145437225e+00 
 2.430410728759430e-08  1.179106187742001e+00 
 2.432410728759430e-08  1.179423842249879e+00 
 2.434410728759429e-08  1.179735234885422e+00 
 2.436410728759429e-08  1.180040489084737e+00 
 2.438410728759429e-08  1.180339725856710e+00 
 2.440410728759429e-08  1.180633063818850e+00 
 2.442410728759429e-08  1.180920619256254e+00 
 2.444410728759429e-08  1.181202506155937e+00 
 2.446410728759429e-08  1.181478836263606e+00 
 2.448410728759429e-08  1.181749719116543e+00 
 2.450410728759429e-08  1.182015262098271e+00 
 2.452410728759429e-08  1.182275570470041e+00 
 2.454410728759429e-08  1.182530747423475e+00 
 2.456410728759429e-08  1.182780894110716e+00 
 2.458410728759429e-08  1.183026109695125e+00 
 2.460410728759429e-08  1.183266491380145e+00 
 2.462410728759429e-08  1.183502134458124e+00 
 2.464410728759429e-08  1.183733132337948e+00 
 2.466410728759429e-08  1.183959576592067e+00 
 2.468410728759429e-08  1.184181556982939e+00 
 2.470410728759429e-08  1.184399161508325e+00 
 2.472410728759429e-08  1.184612476426603e+00 
 2.474410728759429e-08  1.184821586300388e+00 
 2.476410728759428e-08  1.185026574020765e+00 
 2.478410728759428e-08  1.185227520849303e+00 
 2.480410728759428e-08  1.185424506441244e+00 
 2.482410728759428e-08  1.185617608885969e+00 
 2.484410728759428e-08  1.185806904729196e+00 
 2.486410728759428e-08  1.185992469011952e+00 
 2.488410728759428e-08  1.186174375291814e+00 
 2.490410728759428e-08  1.186352695680455e+00 
 2.492410728759428e-08  1.186527500863961e+00 
 2.494410728759428e-08  1.186698860139001e+00 
 2.496410728759428e-08  1.186866841432267e+00 
 2.498410728759428e-08  1.187031511335308e+00 
 2.500410728759428e-08  1.187192935123141e+00 
 2.502410728759428e-08  1.187351176787801e+00 
 2.504410728759428e-08  1.187506299056139e+00 
 2.506410728759428e-08  1.187658363422151e+00 
 2.508410728759428e-08  1.187807430163998e+00 
 2.510410728759428e-08  1.187953558375151e+00 
 2.512410728759428e-08  1.188096805980669e+00 
 2.514410728759428e-08  1.188237229767210e+00 
 2.516410728759428e-08  1.188374885398592e+00 
 2.518410728759427e-08  1.188509827444704e+00 
 2.520410728759427e-08  1.188642109396395e+00 
 2.522410728759427e-08  1.188771783693327e+00 
 2.524410728759427e-08  1.188898901738203e+00 
 2.526410728759427e-08  1.189023513923614e+00 
 2.528410728759427e-08  1.189145669645634e+00 
 2.530410728759427e-08  1.189265417329693e+00 
 2.532410728759427e-08  1.189382804443573e+00 
 2.534410728759427e-08  1.189497877522329e+00 
 2.536410728759427e-08  1.189610682180726e+00 
 2.538410728759427e-08  1.189721263137245e+00 
 2.540410728759427e-08  1.189829664225964e+00 
 2.542410728759427e-08  1.189935928419704e+00 
 2.544410728759427e-08  1.190040097841375e+00 
 2.546410728759427e-08  1.190142213786277e+00 
 2.548410728759427e-08  1.190242316732951e+00 
 2.550410728759427e-08  1.190340446364665e+00 
 2.552410728759427e-08  1.190436641579778e+00 
 2.554410728759427e-08  1.190530940512457e+00 
 2.556410728759427e-08  1.190623380542567e+00 
 2.558410728759426e-08  1.190713998315643e+00 
 2.560410728759426e-08  1.190802829752335e+00 
 2.562410728759426e-08  1.190889910067655e+00 
 2.564410728759426e-08  1.190975273780005e+00 
 2.566410728759426e-08  1.191058954729718e+00 
 2.568410728759426e-08  1.191140986087684e+00 
 2.570410728759426e-08  1.191221400373221e+00 
 2.572410728759426e-08  1.191300229462312e+00 
 2.574410728759426e-08  1.191377504604828e+00 
 2.576410728759426e-08  1.191453256432392e+00 
 2.578410728759426e-08  1.191527514974986e+00 
 2.580410728759426e-08  1.191600309668451e+00 
 2.582410728759426e-08  1.191671669370495e+00 
 2.584410728759426e-08  1.191741622367858e+00 
 2.586410728759426e-08  1.191810196391742e+00 
 2.588410728759426e-08  1.191877418624640e+00 
 2.590410728759426e-08  1.191943315715219e+00 
 2.592410728759426e-08  1.192007913784837e+00 
 2.594410728759426e-08  1.192071238441887e+00 
 2.596410728759426e-08  1.192133314788010e+00 
 2.598410728759426e-08  1.192194167431925e+00 
 2.600410728759425e-08  1.192253820495367e+00 
 2.602410728759425e-08  1.192312297626437e+00 
 2.604410728759425e-08  1.192369622005223e+00 
 2.606410728759425e-08  1.192425816356655e+00 
 2.608410728759425e-08  1.192480902955923e+00 
 2.610410728759425e-08  1.192534903640853e+00 
 2.612410728759425e-08  1.192587839817065e+00 
 2.614410728759425e-08  1.192639732469927e+00 
 2.616410728759425e-08  1.192690602169438e+00 
 2.618410728759425e-08  1.192740469081760e+00 
 2.620410728759425e-08  1.192789352973886e+00 
 2.622410728759425e-08  1.192837273224760e+00 
 2.624410728759425e-08  1.192884248829719e+00 
 2.626410728759425e-08  1.192930298411217e+00 
 2.628410728759425e-08  1.192975440223060e+00 
 2.630410728759425e-08  1.193019692160745e+00 
 2.632410728759425e-08  1.193063071765492e+00 
 2.634410728759425e-08  1.193105596234219e+00 
 2.636410728759425e-08  1.193147282423378e+00 
 2.638410728759425e-08  1.193188146858583e+00 
 2.640410728759425e-08  1.193228205738254e+00 
 2.642410728759424e-08  1.193267474942886e+00 
 2.644410728759424e-08  1.193305970038548e+00 
 2.646410728759424e-08  1.193343706285817e+00 
 2.648410728759424e-08  1.193380698643097e+00 
 2.650410728759424e-08  1.193416961775259e+00 
 2.652410728759424e-08  1.193452510056768e+00 
 2.654410728759424e-08  1.193487357580021e+00 
 2.656410728759424e-08  1.193521518158337e+00 
 2.658410728759424e-08  1.193555005333995e+00 
 2.660410728759424e-08  1.193587832381072e+00 
 2.662410728759424e-08  1.193620012313210e+00 
 2.664410728759424e-08  1.193651557886300e+00 
 2.666410728759424e-08  1.193682481605954e+00 
 2.668410728759424e-08  1.193712795730102e+00 
 2.670410728759424e-08  1.193742512276197e+00 
 2.672410728759424e-08  1.193771643023651e+00 
 2.674410728759424e-08  1.193800199520793e+00 
 2.676410728759424e-08  1.193828193087191e+00 
 2.678410728759424e-08  1.193855634820371e+00 
 2.680410728759424e-08  1.193882535598015e+00 
 2.682410728759423e-08  1.193908906084429e+00 
 2.684410728759423e-08  1.193934756732649e+00 
 2.686410728759423e-08  1.193960097790687e+00 
 2.688410728759423e-08  1.193984939303518e+00 
 2.690410728759423e-08  1.194009291119115e+00 
 2.692410728759423e-08  1.194033162890322e+00 
 2.694410728759423e-08  1.194056564080676e+00 
 2.696410728759423e-08  1.194079503966196e+00 
 2.698410728759423e-08  1.194101991641000e+00 
 2.700410728759423e-08  1.194124036018993e+00 
 2.702410728759423e-08  1.194145645839281e+00 
 2.704410728759423e-08  1.194166829667787e+00 
 2.706410728759423e-08  1.194187595902478e+00 
 2.708410728759423e-08  1.194207952774884e+00 
 2.710410728759423e-08  1.194227908355146e+00 
 2.712410728759423e-08  1.194247470553452e+00 
 2.714410728759423e-08  1.194266647124913e+00 
 2.716410728759423e-08  1.194285445670921e+00 
 2.718410728759423e-08  1.194303873643855e+00 
 2.720410728759423e-08  1.194321938348365e+00 
 2.722410728759423e-08  1.194339646945917e+00 
 2.724410728759422e-08  1.194357006456001e+00 
 2.726410728759422e-08  1.194374023760526e+00 
 2.728410728759422e-08  1.194390705604959e+00 
 2.730410728759422e-08  1.194407058602559e+00 
 2.732410728759422e-08  1.194423089235467e+00 
 2.734410728759422e-08  1.194438803858785e+00 
 2.736410728759422e-08  1.194454208701602e+00 
 2.738410728759422e-08  1.194469309870942e+00 
 2.740410728759422e-08  1.194484113352724e+00 
 2.742410728759422e-08  1.194498625015576e+00 
 2.744410728759422e-08  1.194512850611738e+00 
 2.746410728759422e-08  1.194526795780747e+00 
 2.748410728759422e-08  1.194540466050290e+00 
 2.750410728759422e-08  1.194553866839757e+00 
 2.752410728759422e-08  1.194567003461044e+00 
 2.754410728759422e-08  1.194579881121988e+00 
 2.756410728759422e-08  1.194592504927121e+00 
 2.758410728759422e-08  1.194604879880984e+00 
 2.760410728759422e-08  1.194617010888839e+00 
 2.762410728759422e-08  1.194628902759868e+00 
 2.764410728759422e-08  1.194640560207842e+00 
 2.766410728759421e-08  1.194651987854209e+00 
 2.768410728759421e-08  1.194663190228724e+00 
 2.770410728759421e-08  1.194674171772433e+00 
 2.772410728759421e-08  1.194684936838257e+00 
 2.774410728759421e-08  1.194695489693880e+00 
 2.776410728759421e-08  1.194705834522294e+00 
 2.778410728759421e-08  1.194715975424588e+00 
 2.780410728759421e-08  1.194725916420458e+00 
 2.782410728759421e-08  1.194735661450903e+00 
 2.784410728759421e-08  1.194745214378698e+00 
 2.786410728759421e-08  1.194754578990999e+00 
 2.788410728759421e-08  1.194763758999788e+00 
 2.790410728759421e-08  1.194772758044382e+00 
 2.792410728759421e-08  1.194781579691855e+00 
 2.794410728759421e-08  1.194790227439462e+00 
 2.796410728759421e-08  1.194798704715021e+00 
 2.798410728759421e-08  1.194807014879268e+00 
 2.800410728759421e-08  1.194815161226209e+00 
 2.802410728759421e-08  1.194823146985388e+00 
 2.804410728759421e-08  1.194830975322217e+00 
 2.806410728759421e-08  1.194838649340173e+00 
 2.808410728759420e-08  1.194846172081097e+00 
 2.810410728759420e-08  1.194853546527316e+00 
 2.812410728759420e-08  1.194860775601926e+00 
 2.814410728759420e-08  1.194867862170834e+00 
 2.816410728759420e-08  1.194874809043021e+00 
 2.818410728759420e-08  1.194881618972525e+00 
 2.820410728759420e-08  1.194888294658668e+00 
 2.822410728759420e-08  1.194894838747979e+00 
 2.824410728759420e-08  1.194901253834406e+00 
 2.826410728759420e-08  1.194907542461165e+00 
 2.828410728759420e-08  1.194913707120943e+00 
 2.830410728759420e-08  1.194919750257679e+00 
 2.832410728759420e-08  1.194925674266748e+00 
 2.834410728759420e-08  1.194931481496690e+00 
 2.836410728759420e-08  1.194937174249368e+00 
 2.838410728759420e-08  1.194942754781643e+00 
 2.840410728759420e-08  1.194948225305517e+00 
 2.842410728759420e-08  1.194953587989754e+00 
 2.844410728759420e-08  1.194958844960003e+00 
 2.846410728759420e-08  1.194963998300366e+00 
 2.848410728759419e-08  1.194969050053513e+00 
 2.850410728759419e-08  1.194974002222189e+00 
 2.852410728759419e-08  1.194978856769323e+00 
 2.854410728759419e-08  1.194983615619480e+00 
 2.856410728759419e-08  1.194988280658960e+00 
 2.858410728759419e-08  1.194992853737201e+00 
 2.860410728759419e-08  1.194997336666865e+00 
 2.862410728759419e-08  1.195001731225195e+00 
 2.864410728759419e-08  1.195006039154089e+00 
 2.866410728759419e-08  1.195010262161415e+00 
 2.868410728759419e-08  1.195014401921070e+00 
 2.870410728759419e-08  1.195018460074253e+00 
 2.872410728759419e-08  1.195022438229515e+00 
 2.874410728759419e-08  1.195026337963989e+00 
 2.876410728759419e-08  1.195030160823432e+00 
 2.878410728759419e-08  1.195033908323411e+00 
 2.880410728759419e-08  1.195037581949339e+00 
 2.882410728759419e-08  1.195041183157624e+00 
 2.884410728759419e-08  1.195044713375689e+00 
 2.886410728759419e-08  1.195048174003090e+00 
 2.888410728759419e-08  1.195051566411524e+00 
 2.890410728759418e-08  1.195054891945915e+00 
 2.892410728759418e-08  1.195058151924413e+00 
 2.894410728759418e-08  1.195061347639441e+00 
 2.896410728759418e-08  1.195064480357690e+00 
 2.898410728759418e-08  1.195067551321131e+00 
 2.900410728759418e-08  1.195070561747007e+00 
 2.902410728759418e-08  1.195073512828807e+00 
 2.904410728759418e-08  1.195076405736253e+00 
 2.906410728759418e-08  1.195079241616249e+00 
 2.908410728759418e-08  1.195082021592851e+00 
 2.910410728759418e-08  1.195084746768192e+00 
 2.912410728759418e-08  1.195087418222447e+00 
 2.914410728759418e-08  1.195090037014727e+00 
 2.916410728759418e-08  1.195092604183038e+00 
 2.918410728759418e-08  1.195095120745146e+00 
 2.920410728759418e-08  1.195097587698538e+00 
 2.922410728759418e-08  1.195100006021249e+00 
 2.924410728759418e-08  1.195102376671827e+00 
 2.926410728759418e-08  1.195104700590127e+00 
 2.928410728759418e-08  1.195106978697275e+00 
 2.930410728759418e-08  1.195109211896443e+00 
 2.932410728759417e-08  1.195111401072794e+00 
 2.934410728759417e-08  1.195113547094244e+00 
 2.936410728759417e-08  1.195115650811403e+00 
 2.938410728759417e-08  1.195117713058305e+00 
 2.940410728759417e-08  1.195119734652354e+00 
 2.942410728759417e-08  1.195121716395027e+00 
 2.944410728759417e-08  1.195123659071818e+00 
 2.946410728759417e-08  1.195125563452917e+00 
 2.948410728759417e-08  1.195127430293154e+00 
 2.950410728759417e-08  1.195129260332655e+00 
 2.952410728759417e-08  1.195131054296780e+00 
 2.954410728759417e-08  1.195132812896765e+00 
 2.956410728759417e-08  1.195134536829654e+00 
 2.958410728759417e-08  1.195136226778919e+00 
 2.960410728759417e-08  1.195137883414392e+00 
 2.962410728759417e-08  1.195139507392864e+00 
 2.964410728759417e-08  1.195141099358018e+00 
 2.966410728759417e-08  1.195142659941009e+00 
 2.968410728759417e-08  1.195144189760390e+00 
 2.970410728759417e-08  1.195145689422678e+00 
 2.972410728759417e-08  1.195147159522279e+00 
 2.974410728759416e-08  1.195148600642034e+00 
 2.976410728759416e-08  1.195150013353145e+00 
 2.978410728759416e-08  1.195151398215701e+00 
 2.980410728759417e-08  1.195152755778605e+00 
 2.982410728759417e-08  1.195154086580082e+00 
 2.984410728759417e-08  1.195155391147606e+00 
 2.986410728759417e-08  1.195156669998395e+00 
 2.988410728759418e-08  1.195157923639329e+00 
 2.990410728759418e-08  1.195159152567436e+00 
 2.992410728759418e-08  1.195160357269808e+00 
 2.994410728759419e-08  1.195161538224071e+00 
 2.996410728759419e-08  1.195162695898303e+00 
 2.998410728759419e-08  1.195163830751484e+00 
 3.000410728759419e-08  1.195164943233419e+00 
 3.002410728759420e-08  1.195166033785173e+00 
 3.004410728759420e-08  1.195167102838991e+00 
 3.006410728759420e-08  1.195168150818720e+00 
 3.008410728759421e-08  1.195169178139729e+00 
 3.010410728759421e-08  1.195170185209322e+00 
 3.012410728759421e-08  1.195171172426653e+00 
 3.014410728759421e-08  1.195172140183126e+00 
 3.016410728759422e-08  1.195173088862311e+00 
 3.018410728759422e-08  1.195174018840334e+00 
 3.020410728759422e-08  1.195174930485793e+00 
 3.022410728759423e-08  1.195175824160131e+00 
 3.024410728759423e-08  1.195176700217555e+00 
 3.026410728759423e-08  1.195177559005399e+00 
 3.028410728759423e-08  1.195178400864043e+00 
 3.030410728759424e-08  1.195179226127262e+00 
 3.032410728759424e-08  1.195180035122148e+00 
 3.034410728759424e-08  1.195180828169448e+00 
 3.036410728759425e-08  1.195181605583484e+00 
 3.038410728759425e-08  1.195182367672482e+00 
 3.040410728759425e-08  1.195183114738494e+00 
 3.042410728759425e-08  1.195183847077715e+00 
 3.044410728759426e-08  1.195184564980403e+00 
 3.046410728759426e-08  1.195185268731192e+00 
 3.048410728759426e-08  1.195185958609009e+00 
 3.050410728759427e-08  1.195186634887377e+00 
 3.052410728759427e-08  1.195187297834335e+00 
 3.054410728759427e-08  1.195187947712727e+00 
 3.056410728759427e-08  1.195188584780128e+00 
 3.058410728759428e-08  1.195189209289123e+00 
 3.060410728759428e-08  1.195189821487233e+00 
 3.062410728759428e-08  1.195190421617181e+00 
 3.064410728759429e-08  1.195191009916824e+00 
 3.066410728759429e-08  1.195191586619413e+00 
 3.068410728759429e-08  1.195192151953517e+00 
 3.070410728759429e-08  1.195192706143284e+00 
 3.072410728759430e-08  1.195193249408360e+00 
 3.074410728759430e-08  1.195193781964141e+00 
 3.076410728759430e-08  1.195194304021700e+00 
 3.078410728759430e-08  1.195194815788025e+00 
 3.080410728759431e-08  1.195195317465947e+00 
 3.082410728759431e-08  1.195195809254376e+00 
 3.084410728759431e-08  1.195196291348224e+00 
 3.086410728759432e-08  1.195196763938637e+00 
 3.088410728759432e-08  1.195197227212918e+00 
 3.090410728759432e-08  1.195197681354751e+00 
 3.092410728759432e-08  1.195198126544127e+00 
 3.094410728759433e-08  1.195198562957560e+00 
 3.096410728759433e-08  1.195198990768014e+00 
 3.098410728759433e-08  1.195199410145113e+00 
 3.100410728759434e-08  1.195199821255069e+00 
 3.102410728759434e-08  1.195200224260884e+00 
 3.104410728759434e-08  1.195200619322281e+00 
 3.106410728759434e-08  1.195201006595899e+00 
 3.108410728759435e-08  1.195201386235227e+00 
 3.110410728759435e-08  1.195201758390790e+00 
 3.112410728759435e-08  1.195202123210082e+00 
 3.114410728759436e-08  1.195202480837754e+00 
 3.116410728759436e-08  1.195202831415544e+00 
 3.118410728759436e-08  1.195203175082454e+00 
 3.120410728759436e-08  1.195203511974688e+00 
 3.122410728759437e-08  1.195203842225823e+00 
 3.124410728759437e-08  1.195204165966746e+00 
 3.126410728759437e-08  1.195204483325820e+00 
 3.128410728759438e-08  1.195204794428821e+00 
 3.130410728759438e-08  1.195205099399103e+00 
 3.132410728759438e-08  1.195205398357531e+00 
 3.134410728759438e-08  1.195205691422644e+00 
 3.136410728759439e-08  1.195205978710589e+00 
 3.138410728759439e-08  1.195206260335277e+00 
 3.140410728759439e-08  1.195206536408321e+00 
 3.142410728759440e-08  1.195206807039185e+00 
 3.144410728759440e-08  1.195207072335126e+00 
 3.146410728759440e-08  1.195207332401335e+00 
 3.148410728759440e-08  1.195207587340880e+00 
 3.150410728759441e-08  1.195207837254847e+00 
 3.152410728759441e-08  1.195208082242280e+00 
 3.154410728759441e-08  1.195208322400319e+00 
 3.156410728759442e-08  1.195208557824142e+00 
 3.158410728759442e-08  1.195208788607098e+00 
 3.160410728759442e-08  1.195209014840647e+00 
 3.162410728759442e-08  1.195209236614495e+00 
 3.164410728759443e-08  1.195209454016533e+00 
 3.166410728759443e-08  1.195209667132963e+00 
 3.168410728759443e-08  1.195209876048246e+00 
 3.170410728759443e-08  1.195210080845220e+00 
 3.172410728759444e-08  1.195210281605046e+00 
 3.174410728759444e-08  1.195210478407331e+00 
 3.176410728759444e-08  1.195210671330067e+00 
 3.178410728759445e-08  1.195210860449752e+00 
 3.180410728759445e-08  1.195211045841335e+00 
 3.182410728759445e-08  1.195211227578328e+00 
 3.184410728759445e-08  1.195211405732753e+00 
 3.186410728759446e-08  1.195211580375253e+00 
 3.188410728759446e-08  1.195211751575039e+00 
 3.190410728759446e-08  1.195211919399994e+00 
 3.192410728759447e-08  1.195212083916628e+00 
 3.194410728759447e-08  1.195212245190177e+00 
 3.196410728759447e-08  1.195212403284551e+00 
 3.198410728759447e-08  1.195212558262441e+00 
 3.200410728759448e-08  1.195212710185263e+00 
 3.202410728759448e-08  1.195212859113258e+00 
 3.204410728759448e-08  1.195213005105447e+00 
 3.206410728759449e-08  1.195213148219719e+00 
 3.208410728759449e-08  1.195213288512790e+00 
 3.210410728759449e-08  1.195213426040290e+00 
 3.212410728759449e-08  1.195213560856720e+00 
 3.214410728759450e-08  1.195213693015539e+00 
 3.216410728759450e-08  1.195213822569120e+00 
 3.218410728759450e-08  1.195213949568837e+00 
 3.220410728759451e-08  1.195214074065016e+00 
 3.222410728759451e-08  1.195214196107026e+00 
 3.224410728759451e-08  1.195214315743229e+00 
 3.226410728759451e-08  1.195214433021067e+00 
 3.228410728759452e-08  1.195214547987015e+00 
 3.230410728759452e-08  1.195214660686662e+00 
 3.232410728759452e-08  1.195214771164667e+00 
 3.234410728759453e-08  1.195214879464841e+00 
 3.236410728759453e-08  1.195214985630101e+00 
 3.238410728759453e-08  1.195215089702546e+00 
 3.240410728759453e-08  1.195215191723417e+00 
 3.242410728759454e-08  1.195215291733170e+00 
 3.244410728759454e-08  1.195215389771438e+00 
 3.246410728759454e-08  1.195215485877097e+00 
 3.248410728759455e-08  1.195215580088230e+00 
 3.250410728759455e-08  1.195215672442199e+00 
 3.252410728759455e-08  1.195215762975599e+00 
 3.254410728759455e-08  1.195215851724332e+00 
 3.256410728759456e-08  1.195215938723566e+00 
 3.258410728759456e-08  1.195216024007802e+00 
 3.260410728759456e-08  1.195216107610835e+00 
 3.262410728759456e-08  1.195216189565818e+00 
 3.264410728759457e-08  1.195216269905226e+00 
 3.266410728759457e-08  1.195216348660921e+00 
 3.268410728759457e-08  1.195216425864108e+00 
 3.270410728759458e-08  1.195216501545405e+00 
 3.272410728759458e-08  1.195216575734801e+00 
 3.274410728759458e-08  1.195216648461716e+00 
 3.276410728759458e-08  1.195216719754970e+00 
 3.278410728759459e-08  1.195216789642834e+00 
 3.280410728759459e-08  1.195216858153004e+00 
 3.282410728759459e-08  1.195216925312646e+00 
 3.284410728759460e-08  1.195216991148373e+00 
 3.286410728759460e-08  1.195217055686294e+00 
 3.288410728759460e-08  1.195217118951983e+00 
 3.290410728759460e-08  1.195217180970528e+00 
 3.292410728759461e-08  1.195217241766505e+00 
 3.294410728759461e-08  1.195217301364024e+00 
 3.296410728759461e-08  1.195217359786699e+00 
 3.298410728759462e-08  1.195217417057700e+00 
 3.300410728759462e-08  1.195217473199721e+00 
 3.302410728759462e-08  1.195217528235026e+00 
 3.304410728759462e-08  1.195217582185423e+00 
 3.306410728759463e-08  1.195217635072307e+00 
 3.308410728759463e-08  1.195217686916634e+00 
 3.310410728759463e-08  1.195217737738965e+00 
 3.312410728759464e-08  1.195217787559437e+00 
 3.314410728759464e-08  1.195217836397809e+00 
 3.316410728759464e-08  1.195217884273433e+00 
 3.318410728759464e-08  1.195217931205295e+00 
 3.320410728759465e-08  1.195217977211990e+00 
 3.322410728759465e-08  1.195218022311766e+00 
 3.324410728759465e-08  1.195218066522492e+00 
 3.326410728759466e-08  1.195218109861701e+00 
 3.328410728759466e-08  1.195218152346567e+00 
 3.330410728759466e-08  1.195218193993938e+00 
 3.332410728759466e-08  1.195218234820315e+00 
 3.334410728759467e-08  1.195218274841891e+00 
 3.336410728759467e-08  1.195218314074524e+00 
 3.338410728759467e-08  1.195218352533773e+00 
 3.340410728759468e-08  1.195218390234875e+00 
 3.342410728759468e-08  1.195218427192784e+00 
 3.344410728759468e-08  1.195218463422142e+00 
 3.346410728759468e-08  1.195218498937320e+00 
 3.348410728759469e-08  1.195218533752388e+00 
 3.350410728759469e-08  1.195218567881155e+00 
 3.352410728759469e-08  1.195218601337143e+00 
 3.354410728759469e-08  1.195218634133620e+00 
 3.356410728759470e-08  1.195218666283581e+00 
 3.358410728759470e-08  1.195218697799777e+00 
 3.360410728759470e-08  1.195218728694696e+00 
 3.362410728759471e-08  1.195218758980590e+00 
 3.364410728759471e-08  1.195218788669459e+00 
 3.366410728759471e-08  1.195218817773078e+00 
 3.368410728759471e-08  1.195218846302978e+00 
 3.370410728759472e-08  1.195218874270475e+00 
 3.372410728759472e-08  1.195218901686649e+00 
 3.374410728759472e-08  1.195218928562375e+00 
 3.376410728759473e-08  1.195218954908300e+00 
 3.378410728759473e-08  1.195218980734874e+00 
 3.380410728759473e-08  1.195219006052329e+00 
 3.382410728759473e-08  1.195219030870708e+00 
 3.384410728759474e-08  1.195219055199843e+00 
 3.386410728759474e-08  1.195219079049382e+00 
 3.388410728759474e-08  1.195219102428777e+00 
 3.390410728759475e-08  1.195219125347298e+00 
 3.392410728759475e-08  1.195219147814028e+00 
 3.394410728759475e-08  1.195219169837877e+00 
 3.396410728759475e-08  1.195219191427569e+00 
 3.398410728759476e-08  1.195219212591669e+00 
 3.400410728759476e-08  1.195219233338562e+00 
 3.402410728759476e-08  1.195219253676476e+00 
 3.404410728759477e-08  1.195219273613470e+00 
 3.406410728759477e-08  1.195219293157451e+00 
 3.408410728759477e-08  1.195219312316160e+00 
 3.410410728759477e-08  1.195219331097199e+00 
 3.412410728759478e-08  1.195219349508007e+00 
 3.414410728759478e-08  1.195219367555888e+00 
 3.416410728759478e-08  1.195219385247990e+00 
 3.418410728759479e-08  1.195219402591334e+00 
 3.420410728759479e-08  1.195219419592788e+00 
 3.422410728759479e-08  1.195219436259098e+00 
 3.424410728759479e-08  1.195219452596863e+00 
 3.426410728759480e-08  1.195219468612567e+00 
 3.428410728759480e-08  1.195219484312552e+00 
 3.430410728759480e-08  1.195219499703049e+00 
 3.432410728759481e-08  1.195219514790152e+00 
 3.434410728759481e-08  1.195219529579847e+00 
 3.436410728759481e-08  1.195219544077993e+00 
 3.438410728759481e-08  1.195219558290340e+00 
 3.440410728759482e-08  1.195219572222520e+00 
 3.442410728759482e-08  1.195219585880058e+00 
 3.444410728759482e-08  1.195219599268365e+00 
 3.446410728759482e-08  1.195219612392752e+00 
 3.448410728759483e-08  1.195219625258418e+00 
 3.450410728759483e-08  1.195219637870467e+00 
 3.452410728759483e-08  1.195219650233894e+00 
 3.454410728759484e-08  1.195219662353604e+00 
 3.456410728759484e-08  1.195219674234398e+00 
 3.458410728759484e-08  1.195219685880990e+00 
 3.460410728759484e-08  1.195219697297992e+00 
 3.462410728759485e-08  1.195219708489933e+00 
 3.464410728759485e-08  1.195219719461248e+00 
 3.466410728759485e-08  1.195219730216288e+00 
 3.468410728759486e-08  1.195219740759314e+00 
 3.470410728759486e-08  1.195219751094509e+00 
 3.472410728759486e-08  1.195219761225965e+00 
 3.474410728759486e-08  1.195219771157702e+00 
 3.476410728759487e-08  1.195219780893655e+00 
 3.478410728759487e-08  1.195219790437685e+00 
 3.480410728759487e-08  1.195219799793575e+00 
 3.482410728759488e-08  1.195219808965034e+00 
 3.484410728759488e-08  1.195219817955696e+00 
 3.486410728759488e-08  1.195219826769128e+00 
 3.488410728759488e-08  1.195219835408820e+00 
 3.490410728759489e-08  1.195219843878201e+00 
 3.492410728759489e-08  1.195219852180625e+00 
 3.494410728759489e-08  1.195219860319386e+00 
 3.496410728759490e-08  1.195219868297706e+00 
 3.498410728759490e-08  1.195219876118752e+00 
 3.500410728759490e-08  1.195219883785622e+00 
 3.502410728759490e-08  1.195219891301357e+00 
 3.504410728759491e-08  1.195219898668934e+00 
 3.506410728759491e-08  1.195219905891276e+00 
 3.508410728759491e-08  1.195219912971244e+00 
 3.510410728759492e-08  1.195219919911647e+00 
 3.512410728759492e-08  1.195219926715233e+00 
 3.514410728759492e-08  1.195219933384702e+00 
 3.516410728759492e-08  1.195219939922696e+00 
 3.518410728759493e-08  1.195219946331808e+00 
 3.520410728759493e-08  1.195219952614577e+00 
 3.522410728759493e-08  1.195219958773496e+00 
 3.524410728759494e-08  1.195219964811003e+00 
 3.526410728759494e-08  1.195219970729494e+00 
 3.528410728759494e-08  1.195219976531315e+00 
 3.530410728759494e-08  1.195219982218766e+00 
 3.532410728759495e-08  1.195219987794100e+00 
 3.534410728759495e-08  1.195219993259529e+00 
 3.536410728759495e-08  1.195219998617217e+00 
 3.538410728759495e-08  1.195220003869292e+00 
 3.540410728759496e-08  1.195220009017831e+00 
 3.542410728759496e-08  1.195220014064879e+00 
 3.544410728759496e-08  1.195220019012435e+00 
 3.546410728759497e-08  1.195220023862460e+00 
 3.548410728759497e-08  1.195220028616878e+00 
 3.550410728759497e-08  1.195220033277573e+00 
 3.552410728759497e-08  1.195220037846391e+00 
 3.554410728759498e-08  1.195220042325146e+00 
 3.556410728759498e-08  1.195220046715611e+00 
 3.558410728759498e-08  1.195220051019528e+00 
 3.560410728759499e-08  1.195220055238601e+00 
 3.562410728759499e-08  1.195220059374506e+00 
 3.564410728759499e-08  1.195220063428879e+00 
 3.566410728759499e-08  1.195220067403329e+00 
 3.568410728759500e-08  1.195220071299431e+00 
 3.570410728759500e-08  1.195220075118730e+00 
 3.572410728759500e-08  1.195220078862739e+00 
 3.574410728759501e-08  1.195220082532944e+00 
 3.576410728759501e-08  1.195220086130797e+00 
 3.578410728759501e-08  1.195220089657727e+00 
 3.580410728759501e-08  1.195220093115130e+00 
 3.582410728759502e-08  1.195220096504379e+00 
 3.584410728759502e-08  1.195220099826816e+00 
 3.586410728759502e-08  1.195220103083759e+00 
 3.588410728759503e-08  1.195220106276497e+00 
 3.590410728759503e-08  1.195220109406298e+00 
 3.592410728759503e-08  1.195220112474400e+00 
 3.594410728759503e-08  1.195220115482023e+00 
 3.596410728759504e-08  1.195220118430356e+00 
 3.598410728759504e-08  1.195220121320569e+00 
 3.600410728759504e-08  1.195220124153807e+00 
 3.602410728759505e-08  1.195220126931194e+00 
 3.604410728759505e-08  1.195220129653831e+00 
 3.606410728759505e-08  1.195220132322798e+00 
 3.608410728759505e-08  1.195220134939150e+00 
 3.610410728759506e-08  1.195220137503928e+00 
 3.612410728759506e-08  1.195220140018146e+00 
 3.614410728759506e-08  1.195220142482802e+00 
 3.616410728759507e-08  1.195220144898872e+00 
 3.618410728759507e-08  1.195220147267314e+00 
 3.620410728759507e-08  1.195220149589068e+00 
 3.622410728759507e-08  1.195220151865053e+00 
 3.624410728759508e-08  1.195220154096173e+00 
 3.626410728759508e-08  1.195220156283311e+00 
 3.628410728759508e-08  1.195220158427333e+00 
 3.630410728759508e-08  1.195220160529091e+00 
 3.632410728759509e-08  1.195220162589416e+00 
 3.634410728759509e-08  1.195220164609128e+00 
 3.636410728759509e-08  1.195220166589025e+00 
 3.638410728759510e-08  1.195220168529893e+00 
 3.640410728759510e-08  1.195220170432500e+00 
 3.642410728759510e-08  1.195220172297601e+00 
 3.644410728759510e-08  1.195220174125936e+00 
 3.646410728759511e-08  1.195220175918229e+00 
 3.648410728759511e-08  1.195220177675191e+00 
 3.650410728759511e-08  1.195220179397518e+00 
 3.652410728759512e-08  1.195220181085893e+00 
 3.654410728759512e-08  1.195220182740986e+00 
 3.656410728759512e-08  1.195220184363451e+00 
 3.658410728759512e-08  1.195220185953934e+00 
 3.660410728759513e-08  1.195220187513063e+00 
 3.662410728759513e-08  1.195220189041458e+00 
 3.664410728759513e-08  1.195220190539723e+00 
 3.666410728759514e-08  1.195220192008454e+00 
 3.668410728759514e-08  1.195220193448231e+00 
 3.670410728759514e-08  1.195220194859627e+00 
 3.672410728759514e-08  1.195220196243199e+00 
 3.674410728759515e-08  1.195220197599497e+00 
 3.676410728759515e-08  1.195220198929059e+00 
 3.678410728759515e-08  1.195220200232413e+00 
 3.680410728759516e-08  1.195220201510072e+00 
 3.682410728759516e-08  1.195220202762546e+00 
 3.684410728759516e-08  1.195220203990330e+00 
 3.686410728759516e-08  1.195220205193910e+00 
 3.688410728759517e-08  1.195220206373765e+00 
 3.690410728759517e-08  1.195220207530361e+00 
 3.692410728759517e-08  1.195220208664157e+00 
 3.694410728759518e-08  1.195220209775603e+00 
 3.696410728759518e-08  1.195220210865138e+00 
 3.698410728759518e-08  1.195220211933196e+00 
 3.700410728759518e-08  1.195220212980199e+00 
 3.702410728759519e-08  1.195220214006564e+00 
 3.704410728759519e-08  1.195220215012695e+00 
 3.706410728759519e-08  1.195220215998993e+00 
 3.708410728759520e-08  1.195220216965848e+00 
 3.710410728759520e-08  1.195220217913644e+00 
 3.712410728759520e-08  1.195220218842756e+00 
 3.714410728759520e-08  1.195220219753553e+00 
 3.716410728759521e-08  1.195220220646394e+00 
 3.718410728759521e-08  1.195220221521636e+00 
 3.720410728759521e-08  1.195220222379624e+00 
 3.722410728759521e-08  1.195220223220698e+00 
 3.724410728759522e-08  1.195220224045192e+00 
 3.726410728759522e-08  1.195220224853433e+00 
 3.728410728759522e-08  1.195220225645741e+00 
 3.730410728759523e-08  1.195220226422432e+00 
 3.732410728759523e-08  1.195220227183811e+00 
 3.734410728759523e-08  1.195220227930182e+00 
 3.736410728759523e-08  1.195220228661839e+00 
 3.738410728759524e-08  1.195220229379072e+00 
 3.740410728759524e-08  1.195220230082167e+00 
 3.742410728759524e-08  1.195220230771403e+00 
 3.744410728759525e-08  1.195220231447051e+00 
 3.746410728759525e-08  1.195220232109380e+00 
 3.748410728759525e-08  1.195220232758653e+00 
 3.750410728759525e-08  1.195220233395127e+00 
 3.752410728759526e-08  1.195220234019054e+00 
 3.754410728759526e-08  1.195220234630682e+00 
 3.756410728759526e-08  1.195220235230253e+00 
 3.758410728759527e-08  1.195220235818005e+00 
 3.760410728759527e-08  1.195220236394171e+00 
 3.762410728759527e-08  1.195220236958978e+00 
 3.764410728759527e-08  1.195220237512652e+00 
 3.766410728759528e-08  1.195220238055411e+00 
 3.768410728759528e-08  1.195220238587471e+00 
 3.770410728759528e-08  1.195220239109042e+00 
 3.772410728759529e-08  1.195220239620332e+00 
 3.774410728759529e-08  1.195220240121543e+00 
 3.776410728759529e-08  1.195220240612873e+00 
 3.778410728759529e-08  1.195220241094517e+00 
 3.780410728759530e-08  1.195220241566668e+00 
 3.782410728759530e-08  1.195220242029511e+00 
 3.784410728759530e-08  1.195220242483229e+00 
 3.786410728759531e-08  1.195220242928004e+00 
 3.788410728759531e-08  1.195220243364011e+00 
 3.790410728759531e-08  1.195220243791423e+00 
 3.792410728759531e-08  1.195220244210409e+00 
 3.794410728759532e-08  1.195220244621136e+00 
 3.796410728759532e-08  1.195220245023766e+00 
 3.798410728759532e-08  1.195220245418460e+00 
 3.800410728759533e-08  1.195220245805373e+00 
 3.802410728759533e-08  1.195220246184658e+00 
 3.804410728759533e-08  1.195220246556467e+00 
 3.806410728759533e-08  1.195220246920946e+00 
 3.808410728759534e-08  1.195220247278240e+00 
 3.810410728759534e-08  1.195220247628492e+00 
 3.812410728759534e-08  1.195220247971839e+00 
 3.814410728759534e-08  1.195220248308417e+00 
 3.816410728759535e-08  1.195220248638361e+00 
 3.818410728759535e-08  1.195220248961800e+00 
 3.820410728759535e-08  1.195220249278864e+00 
 3.822410728759536e-08  1.195220249589678e+00 
 3.824410728759536e-08  1.195220249894364e+00 
 3.826410728759536e-08  1.195220250193044e+00 
 3.828410728759536e-08  1.195220250485837e+00 
 3.830410728759537e-08  1.195220250772857e+00 
 3.832410728759537e-08  1.195220251054220e+00 
 3.834410728759537e-08  1.195220251330036e+00 
 3.836410728759538e-08  1.195220251600414e+00 
 3.838410728759538e-08  1.195220251865463e+00 
 3.840410728759538e-08  1.195220252125287e+00 
 3.842410728759538e-08  1.195220252379990e+00 
 3.844410728759539e-08  1.195220252629670e+00 
 3.846410728759539e-08  1.195220252874430e+00 
 3.848410728759539e-08  1.195220253114364e+00 
 3.850410728759540e-08  1.195220253349569e+00 
 3.852410728759540e-08  1.195220253580137e+00 
 3.854410728759540e-08  1.195220253806160e+00 
 3.856410728759540e-08  1.195220254027728e+00 
 3.858410728759541e-08  1.195220254244928e+00 
 3.860410728759541e-08  1.195220254457845e+00 
 3.862410728759541e-08  1.195220254666566e+00 
 3.864410728759542e-08  1.195220254871173e+00 
 3.866410728759542e-08  1.195220255071746e+00 
 3.868410728759542e-08  1.195220255268365e+00 
 3.870410728759542e-08  1.195220255461108e+00 
 3.872410728759543e-08  1.195220255650051e+00 
 3.874410728759543e-08  1.195220255835270e+00 
 3.876410728759543e-08  1.195220256016838e+00 
 3.878410728759544e-08  1.195220256194826e+00 
 3.880410728759544e-08  1.195220256369305e+00 
 3.882410728759544e-08  1.195220256540345e+00 
 3.884410728759544e-08  1.195220256708014e+00 
 3.886410728759545e-08  1.195220256872377e+00 
 3.888410728759545e-08  1.195220257033500e+00 
 3.890410728759545e-08  1.195220257191447e+00 
 3.892410728759546e-08  1.195220257346280e+00 
 3.894410728759546e-08  1.195220257498062e+00 
 3.896410728759546e-08  1.195220257646851e+00 
 3.898410728759546e-08  1.195220257792707e+00 
 3.900410728759547e-08  1.195220257935687e+00 
 3.902410728759547e-08  1.195220258075849e+00 
 3.904410728759547e-08  1.195220258213249e+00 
 3.906410728759547e-08  1.195220258347939e+00 
 3.908410728759548e-08  1.195220258479975e+00 
 3.910410728759548e-08  1.195220258609408e+00 
 3.912410728759548e-08  1.195220258736289e+00 
 3.914410728759549e-08  1.195220258860670e+00 
 3.916410728759549e-08  1.195220258982598e+00 
 3.918410728759549e-08  1.195220259102123e+00 
 3.920410728759549e-08  1.195220259219292e+00 
 3.922410728759550e-08  1.195220259334151e+00 
 3.924410728759550e-08  1.195220259446745e+00 
 3.926410728759550e-08  1.195220259557120e+00 
 3.928410728759551e-08  1.195220259665319e+00 
 3.930410728759551e-08  1.195220259771386e+00 
 3.932410728759551e-08  1.195220259875361e+00 
 3.934410728759551e-08  1.195220259977287e+00 
 3.936410728759552e-08  1.195220260077203e+00 
 3.938410728759552e-08  1.195220260175151e+00 
 3.940410728759552e-08  1.195220260271167e+00 
 3.942410728759553e-08  1.195220260365290e+00 
 3.944410728759553e-08  1.195220260457558e+00 
 3.946410728759553e-08  1.195220260548007e+00 
 3.948410728759553e-08  1.195220260636673e+00 
 3.950410728759554e-08  1.195220260723591e+00 
 3.952410728759554e-08  1.195220260808796e+00 
 3.954410728759554e-08  1.195220260892321e+00 
 3.956410728759555e-08  1.195220260974200e+00 
 3.958410728759555e-08  1.195220261054464e+00 
 3.960410728759555e-08  1.195220261133146e+00 
 3.962410728759555e-08  1.195220261210277e+00 
 3.964410728759556e-08  1.195220261285888e+00 
 3.966410728759556e-08  1.195220261360008e+00 
 3.968410728759556e-08  1.195220261432668e+00 
 3.970410728759557e-08  1.195220261503895e+00 
 3.972410728759557e-08  1.195220261573718e+00 
 3.974410728759557e-08  1.195220261642164e+00 
 3.976410728759557e-08  1.195220261709261e+00 
 3.978410728759558e-08  1.195220261775036e+00 
 3.980410728759558e-08  1.195220261839514e+00 
 3.982410728759558e-08  1.195220261902720e+00 
 3.984410728759559e-08  1.195220261964681e+00 
 3.986410728759559e-08  1.195220262025421e+00 
 3.988410728759559e-08  1.195220262084963e+00 
 3.990410728759559e-08  1.195220262143331e+00 
 3.992410728759560e-08  1.195220262200549e+00 
 3.994410728759560e-08  1.195220262256639e+00 
 3.996410728759560e-08  1.195220262311623e+00 
 3.998410728759560e-08  1.195220262365523e+00 
 4.000410728759561e-08  1.195220262418362e+00 
 4.002410728759561e-08  1.195220262470158e+00 
 4.004410728759561e-08  1.195220262520933e+00 
 4.006410728759562e-08  1.195220262570707e+00 
 4.008410728759562e-08  1.195220262619500e+00 
 4.010410728759562e-08  1.195220262667331e+00 
 4.012410728759562e-08  1.195220262714219e+00 
 4.014410728759563e-08  1.195220262760183e+00 
 4.016410728759563e-08  1.195220262805241e+00 
 4.018410728759563e-08  1.195220262849411e+00 
 4.020410728759564e-08  1.195220262892709e+00 
 4.022410728759564e-08  1.195220262935154e+00 
 4.024410728759564e-08  1.195220262976762e+00 
 4.026410728759564e-08  1.195220263017550e+00 
 4.028410728759565e-08  1.195220263057535e+00 
 4.030410728759565e-08  1.195220263096730e+00 
 4.032410728759565e-08  1.195220263135154e+00 
 4.034410728759566e-08  1.195220263172820e+00 
 4.036410728759566e-08  1.195220263209744e+00 
 4.038410728759566e-08  1.195220263245940e+00 
 4.040410728759566e-08  1.195220263281422e+00 
 4.042410728759567e-08  1.195220263316204e+00 
 4.044410728759567e-08  1.195220263350301e+00 
 4.046410728759567e-08  1.195220263383726e+00 
 4.048410728759568e-08  1.195220263416492e+00 
 4.050410728759568e-08  1.195220263448612e+00 
 4.052410728759568e-08  1.195220263480099e+00 
 4.054410728759568e-08  1.195220263510965e+00 
 4.056410728759569e-08  1.195220263541223e+00 
 4.058410728759569e-08  1.195220263570884e+00 
 4.060410728759569e-08  1.195220263599960e+00 
 4.062410728759570e-08  1.195220263628464e+00 
 4.064410728759570e-08  1.195220263656405e+00 
 4.066410728759570e-08  1.195220263683796e+00 
 4.068410728759570e-08  1.195220263710647e+00 
 4.070410728759571e-08  1.195220263736968e+00 
 4.072410728759571e-08  1.195220263762771e+00 
 4.074410728759571e-08  1.195220263788064e+00 
 4.076410728759572e-08  1.195220263812860e+00 
 4.078410728759572e-08  1.195220263837166e+00 
 4.080410728759572e-08  1.195220263860994e+00 
 4.082410728759572e-08  1.195220263884352e+00 
 4.084410728759573e-08  1.195220263907249e+00 
 4.086410728759573e-08  1.195220263929695e+00 
 4.088410728759573e-08  1.195220263951698e+00 
 4.090410728759573e-08  1.195220263973268e+00 
 4.092410728759574e-08  1.195220263994412e+00 
 4.094410728759574e-08  1.195220264015140e+00 
 4.096410728759574e-08  1.195220264035459e+00 
 4.098410728759575e-08  1.195220264055378e+00 
 4.100410728759575e-08  1.195220264074904e+00 
 4.102410728759575e-08  1.195220264094044e+00 
 4.104410728759575e-08  1.195220264112808e+00 
 4.106410728759576e-08  1.195220264131202e+00 
 4.108410728759576e-08  1.195220264149234e+00 
 4.110410728759576e-08  1.195220264166909e+00 
 4.112410728759577e-08  1.195220264184237e+00 
 4.114410728759577e-08  1.195220264201223e+00 
 4.116410728759577e-08  1.195220264217874e+00 
 4.118410728759577e-08  1.195220264234196e+00 
 4.120410728759578e-08  1.195220264250197e+00 
 4.122410728759578e-08  1.195220264265882e+00 
 4.124410728759578e-08  1.195220264281259e+00 
 4.126410728759579e-08  1.195220264296332e+00 
 4.128410728759579e-08  1.195220264311109e+00 
 4.130410728759579e-08  1.195220264325594e+00 
 4.132410728759579e-08  1.195220264339793e+00 
 4.134410728759580e-08  1.195220264353713e+00 
 4.136410728759580e-08  1.195220264367358e+00 
 4.138410728759580e-08  1.195220264380734e+00 
 4.140410728759581e-08  1.195220264393846e+00 
 4.142410728759581e-08  1.195220264406700e+00 
 4.144410728759581e-08  1.195220264419300e+00 
 4.146410728759581e-08  1.195220264431652e+00 
 4.148410728759582e-08  1.195220264443760e+00 
 4.150410728759582e-08  1.195220264455630e+00 
 4.152410728759582e-08  1.195220264467265e+00 
 4.154410728759583e-08  1.195220264478672e+00 
 4.156410728759583e-08  1.195220264489853e+00 
 4.158410728759583e-08  1.195220264500814e+00 
 4.160410728759583e-08  1.195220264511559e+00 
 4.162410728759584e-08  1.195220264522093e+00 
 4.164410728759584e-08  1.195220264532418e+00 
 4.166410728759584e-08  1.195220264542541e+00 
 4.168410728759585e-08  1.195220264552464e+00 
 4.170410728759585e-08  1.195220264562190e+00 
 4.172410728759585e-08  1.195220264571726e+00 
 4.174410728759585e-08  1.195220264581073e+00 
 4.176410728759586e-08  1.195220264590236e+00 
 4.178410728759586e-08  1.195220264599218e+00 
 4.180410728759586e-08  1.195220264608024e+00 
 4.182410728759586e-08  1.195220264616655e+00 
 4.184410728759587e-08  1.195220264625117e+00 
 4.186410728759587e-08  1.195220264633411e+00 
 4.188410728759587e-08  1.195220264641542e+00 
 4.190410728759588e-08  1.195220264649513e+00 
 4.192410728759588e-08  1.195220264657327e+00 
 4.194410728759588e-08  1.195220264664987e+00 
 4.196410728759588e-08  1.195220264672495e+00 
 4.198410728759589e-08  1.195220264679856e+00 
 4.200410728759589e-08  1.195220264687072e+00 
 4.202410728759589e-08  1.195220264694145e+00 
 4.204410728759590e-08  1.195220264701079e+00 
 4.206410728759590e-08  1.195220264707876e+00 
 4.208410728759590e-08  1.195220264714539e+00 
 4.210410728759590e-08  1.195220264721071e+00 
 4.212410728759591e-08  1.195220264727475e+00 
 4.214410728759591e-08  1.195220264733752e+00 
 4.216410728759591e-08  1.195220264739905e+00 
 4.218410728759592e-08  1.195220264745937e+00 
 4.220410728759592e-08  1.195220264751850e+00 
 4.222410728759592e-08  1.195220264757647e+00 
 4.224410728759592e-08  1.195220264763329e+00 
 4.226410728759593e-08  1.195220264768900e+00 
 4.228410728759593e-08  1.195220264774360e+00 
 4.230410728759593e-08  1.195220264779713e+00 
 4.232410728759594e-08  1.195220264784960e+00 
 4.234410728759594e-08  1.195220264790104e+00 
 4.236410728759594e-08  1.195220264795147e+00 
 4.238410728759594e-08  1.195220264800090e+00 
 4.240410728759595e-08  1.195220264804935e+00 
 4.242410728759595e-08  1.195220264809685e+00 
 4.244410728759595e-08  1.195220264814342e+00 
 4.246410728759596e-08  1.195220264818906e+00 
 4.248410728759596e-08  1.195220264823381e+00 
 4.250410728759596e-08  1.195220264827767e+00 
 4.252410728759596e-08  1.195220264832066e+00 
 4.254410728759597e-08  1.195220264836281e+00 
 4.256410728759597e-08  1.195220264840414e+00 
 4.258410728759597e-08  1.195220264844464e+00 
 4.260410728759598e-08  1.195220264848435e+00 
 4.262410728759598e-08  1.195220264852327e+00 
 4.264410728759598e-08  1.195220264856143e+00 
 4.266410728759598e-08  1.195220264859884e+00 
 4.268410728759599e-08  1.195220264863551e+00 
 4.270410728759599e-08  1.195220264867146e+00 
 4.272410728759599e-08  1.195220264870670e+00 
 4.274410728759599e-08  1.195220264874124e+00 
 4.276410728759600e-08  1.195220264877510e+00 
 4.278410728759600e-08  1.195220264880829e+00 
 4.280410728759600e-08  1.195220264884083e+00 
 4.282410728759601e-08  1.195220264887272e+00 
 4.284410728759601e-08  1.195220264890399e+00 
 4.286410728759601e-08  1.195220264893464e+00 
 4.288410728759601e-08  1.195220264896469e+00 
 4.290410728759602e-08  1.195220264899415e+00 
 4.292410728759602e-08  1.195220264902302e+00 
 4.294410728759602e-08  1.195220264905133e+00 
 4.296410728759603e-08  1.195220264907908e+00 
 4.298410728759603e-08  1.195220264910628e+00 
 4.300410728759603e-08  1.195220264913294e+00 
 4.302410728759603e-08  1.195220264915908e+00 
 4.304410728759604e-08  1.195220264918470e+00 
 4.306410728759604e-08  1.195220264920981e+00 
 4.308410728759604e-08  1.195220264923443e+00 
 4.310410728759605e-08  1.195220264925857e+00 
 4.312410728759605e-08  1.195220264928223e+00 
 4.314410728759605e-08  1.195220264930542e+00 
 4.316410728759605e-08  1.195220264932816e+00 
 4.318410728759606e-08  1.195220264935045e+00 
 4.320410728759606e-08  1.195220264937229e+00 
 4.322410728759606e-08  1.195220264939371e+00 
 4.324410728759607e-08  1.195220264941471e+00 
 4.326410728759607e-08  1.195220264943529e+00 
 4.328410728759607e-08  1.195220264945547e+00 
 4.330410728759607e-08  1.195220264947525e+00 
 4.332410728759608e-08  1.195220264949464e+00 
 4.334410728759608e-08  1.195220264951364e+00 
 4.336410728759608e-08  1.195220264953227e+00 
 4.338410728759609e-08  1.195220264955054e+00 
 4.340410728759609e-08  1.195220264956844e+00 
 4.342410728759609e-08  1.195220264958599e+00 
 4.344410728759609e-08  1.195220264960319e+00 
 4.346410728759610e-08  1.195220264962006e+00 
 4.348410728759610e-08  1.195220264963659e+00 
 4.350410728759610e-08  1.195220264965280e+00 
 4.352410728759611e-08  1.195220264966869e+00 
 4.354410728759611e-08  1.195220264968427e+00 
 4.356410728759611e-08  1.195220264969954e+00 
 4.358410728759611e-08  1.195220264971450e+00 
 4.360410728759612e-08  1.195220264972917e+00 
 4.362410728759612e-08  1.195220264974355e+00 
 4.364410728759612e-08  1.195220264975765e+00 
 4.366410728759612e-08  1.195220264977147e+00 
 4.368410728759613e-08  1.195220264978502e+00 
 4.370410728759613e-08  1.195220264979831e+00 
 4.372410728759613e-08  1.195220264981133e+00 
 4.374410728759614e-08  1.195220264982410e+00 
 4.376410728759614e-08  1.195220264983661e+00 
 4.378410728759614e-08  1.195220264984888e+00 
 4.380410728759614e-08  1.195220264986090e+00 
 4.382410728759615e-08  1.195220264987269e+00 
 4.384410728759615e-08  1.195220264988425e+00 
 4.386410728759615e-08  1.195220264989557e+00 
 4.388410728759616e-08  1.195220264990668e+00 
 4.390410728759616e-08  1.195220264991756e+00 
 4.392410728759616e-08  1.195220264992824e+00 
 4.394410728759616e-08  1.195220264993870e+00 
 4.396410728759617e-08  1.195220264994896e+00 
 4.398410728759617e-08  1.195220264995901e+00 
 4.400410728759617e-08  1.195220264996886e+00 
 4.402410728759618e-08  1.195220264997851e+00 
 4.404410728759618e-08  1.195220264998798e+00 
 4.406410728759618e-08  1.195220264999727e+00 
 4.408410728759618e-08  1.195220265000636e+00 
 4.410410728759619e-08  1.195220265001528e+00 
 4.412410728759619e-08  1.195220265002403e+00 
 4.414410728759619e-08  1.195220265003260e+00 
 4.416410728759620e-08  1.195220265004100e+00 
 4.418410728759620e-08  1.195220265004924e+00 
 4.420410728759620e-08  1.195220265005731e+00 
 4.422410728759620e-08  1.195220265006523e+00 
 4.424410728759621e-08  1.195220265007299e+00 
 4.426410728759621e-08  1.195220265008059e+00 
 4.428410728759621e-08  1.195220265008805e+00 
 4.430410728759622e-08  1.195220265009536e+00 
 4.432410728759622e-08  1.195220265010252e+00 
 4.434410728759622e-08  1.195220265010955e+00 
 4.436410728759622e-08  1.195220265011643e+00 
 4.438410728759623e-08  1.195220265012318e+00 
 4.440410728759623e-08  1.195220265012979e+00 
 4.442410728759623e-08  1.195220265013628e+00 
 4.444410728759624e-08  1.195220265014264e+00 
 4.446410728759624e-08  1.195220265014887e+00 
 4.448410728759624e-08  1.195220265015498e+00 
 4.450410728759624e-08  1.195220265016097e+00 
 4.452410728759625e-08  1.195220265016684e+00 
 4.454410728759625e-08  1.195220265017260e+00 
 4.456410728759625e-08  1.195220265017825e+00 
 4.458410728759625e-08  1.195220265018378e+00 
 4.460410728759626e-08  1.195220265018920e+00 
 4.462410728759626e-08  1.195220265019451e+00 
 4.464410728759626e-08  1.195220265019972e+00 
 4.466410728759627e-08  1.195220265020483e+00 
 4.468410728759627e-08  1.195220265020984e+00 
 4.470410728759627e-08  1.195220265021474e+00 
 4.472410728759627e-08  1.195220265021955e+00 
 4.474410728759628e-08  1.195220265022427e+00 
 4.476410728759628e-08  1.195220265022889e+00 
 4.478410728759628e-08  1.195220265023342e+00 
 4.480410728759629e-08  1.195220265023786e+00 
 4.482410728759629e-08  1.195220265024222e+00 
 4.484410728759629e-08  1.195220265024649e+00 
 4.486410728759629e-08  1.195220265025068e+00 
 4.488410728759630e-08  1.195220265025478e+00 
 4.490410728759630e-08  1.195220265025881e+00 
 4.492410728759630e-08  1.195220265026275e+00 
 4.494410728759631e-08  1.195220265026662e+00 
 4.496410728759631e-08  1.195220265027040e+00 
 4.498410728759631e-08  1.195220265027412e+00 
 4.500410728759631e-08  1.195220265027776e+00 
 4.502410728759632e-08  1.195220265028133e+00 
 4.504410728759632e-08  1.195220265028483e+00 
 4.506410728759632e-08  1.195220265028826e+00 
 4.508410728759633e-08  1.195220265029162e+00 
 4.510410728759633e-08  1.195220265029492e+00 
 4.512410728759633e-08  1.195220265029815e+00 
 4.514410728759633e-08  1.195220265030131e+00 
 4.516410728759634e-08  1.195220265030441e+00 
 4.518410728759634e-08  1.195220265030746e+00 
 4.520410728759634e-08  1.195220265031044e+00 
 4.522410728759635e-08  1.195220265031337e+00 
 4.524410728759635e-08  1.195220265031624e+00 
 4.526410728759635e-08  1.195220265031905e+00 
 4.528410728759635e-08  1.195220265032181e+00 
 4.530410728759636e-08  1.195220265032451e+00 
 4.532410728759636e-08  1.195220265032716e+00 
 4.534410728759636e-08  1.195220265032976e+00 
 4.536410728759637e-08  1.195220265033231e+00 
 4.538410728759637e-08  1.195220265033480e+00 
 4.540410728759637e-08  1.195220265033725e+00 
 4.542410728759637e-08  1.195220265033965e+00 
 4.544410728759638e-08  1.195220265034200e+00 
 4.546410728759638e-08  1.195220265034430e+00 
 4.548410728759638e-08  1.195220265034656e+00 
 4.550410728759638e-08  1.195220265034877e+00 
 4.552410728759639e-08  1.195220265035093e+00 
 4.554410728759639e-08  1.195220265035306e+00 
 4.556410728759639e-08  1.195220265035515e+00 
 4.558410728759640e-08  1.195220265035719e+00 
 4.560410728759640e-08  1.195220265035920e+00 
 4.562410728759640e-08  1.195220265036116e+00 
 4.564410728759640e-08  1.195220265036309e+00 
 4.566410728759641e-08  1.195220265036497e+00 
 4.568410728759641e-08  1.195220265036682e+00 
 4.570410728759641e-08  1.195220265036863e+00 
 4.572410728759642e-08  1.195220265037040e+00 
 4.574410728759642e-08  1.195220265037215e+00 
 4.576410728759642e-08  1.195220265037386e+00 
 4.578410728759642e-08  1.195220265037553e+00 
 4.580410728759643e-08  1.195220265037718e+00 
 4.582410728759643e-08  1.195220265037879e+00 
 4.584410728759643e-08  1.195220265038037e+00 
 4.586410728759644e-08  1.195220265038192e+00 
 4.588410728759644e-08  1.195220265038344e+00 
 4.590410728759644e-08  1.195220265038492e+00 
 4.592410728759644e-08  1.195220265038637e+00 
 4.594410728759645e-08  1.195220265038780e+00 
 4.596410728759645e-08  1.195220265038919e+00 
 4.598410728759645e-08  1.195220265039056e+00 
 4.600410728759646e-08  1.195220265039190e+00 
 4.602410728759646e-08  1.195220265039322e+00 
 4.604410728759646e-08  1.195220265039451e+00 
 4.606410728759646e-08  1.195220265039578e+00 
 4.608410728759647e-08  1.195220265039702e+00 
 4.610410728759647e-08  1.195220265039824e+00 
 4.612410728759647e-08  1.195220265039944e+00 
 4.614410728759648e-08  1.195220265040061e+00 
 4.616410728759648e-08  1.195220265040176e+00 
 4.618410728759648e-08  1.195220265040288e+00 
 4.620410728759648e-08  1.195220265040398e+00 
 4.622410728759649e-08  1.195220265040506e+00 
 4.624410728759649e-08  1.195220265040612e+00 
 4.626410728759649e-08  1.195220265040716e+00 
 4.628410728759650e-08  1.195220265040818e+00 
 4.630410728759650e-08  1.195220265040918e+00 
 4.632410728759650e-08  1.195220265041016e+00 
 4.634410728759650e-08  1.195220265041112e+00 
 4.636410728759651e-08  1.195220265041206e+00 
 4.638410728759651e-08  1.195220265041298e+00 
 4.640410728759651e-08  1.195220265041388e+00 
 4.642410728759651e-08  1.195220265041477e+00 
 4.644410728759652e-08  1.195220265041564e+00 
 4.646410728759652e-08  1.195220265041649e+00 
 4.648410728759652e-08  1.195220265041732e+00 
 4.650410728759653e-08  1.195220265041814e+00 
 4.652410728759653e-08  1.195220265041894e+00 
 4.654410728759653e-08  1.195220265041972e+00 
 4.656410728759653e-08  1.195220265042049e+00 
 4.658410728759654e-08  1.195220265042125e+00 
 4.660410728759654e-08  1.195220265042199e+00 
 4.662410728759654e-08  1.195220265042271e+00 
 4.664410728759655e-08  1.195220265042342e+00 
 4.666410728759655e-08  1.195220265042412e+00 
 4.668410728759655e-08  1.195220265042480e+00 
 4.670410728759655e-08  1.195220265042547e+00 
 4.672410728759656e-08  1.195220265042612e+00 
 4.674410728759656e-08  1.195220265042677e+00 
 4.676410728759656e-08  1.195220265042740e+00 
 4.678410728759657e-08  1.195220265042802e+00 
 4.680410728759657e-08  1.195220265042863e+00 
 4.682410728759657e-08  1.195220265042922e+00 
 4.684410728759657e-08  1.195220265042981e+00 
 4.686410728759658e-08  1.195220265043038e+00 
 4.688410728759658e-08  1.195220265043094e+00 
 4.690410728759658e-08  1.195220265043149e+00 
 4.692410728759659e-08  1.195220265043203e+00 
 4.694410728759659e-08  1.195220265043257e+00 
 4.696410728759659e-08  1.195220265043309e+00 
 4.698410728759659e-08  1.195220265043360e+00 
 4.700410728759660e-08  1.195220265043410e+00 
 4.702410728759660e-08  1.195220265043458e+00 
 4.704410728759660e-08  1.195220265043506e+00 
 4.706410728759661e-08  1.195220265043553e+00 
 4.708410728759661e-08  1.195220265043599e+00 
 4.710410728759661e-08  1.195220265043643e+00 
 4.712410728759661e-08  1.195220265043687e+00 
 4.714410728759662e-08  1.195220265043731e+00 
 4.716410728759662e-08  1.195220265043774e+00 
 4.718410728759662e-08  1.195220265043815e+00 
 4.720410728759663e-08  1.195220265043856e+00 
 4.722410728759663e-08  1.195220265043896e+00 
 4.724410728759663e-08  1.195220265043935e+00 
 4.726410728759663e-08  1.195220265043974e+00 
 4.728410728759664e-08  1.195220265044012e+00 
 4.730410728759664e-08  1.195220265044048e+00 
 4.732410728759664e-08  1.195220265044084e+00 
 4.734410728759664e-08  1.195220265044120e+00 
 4.736410728759665e-08  1.195220265044155e+00 
 4.738410728759665e-08  1.195220265044189e+00 
 4.740410728759665e-08  1.195220265044223e+00 
 4.742410728759666e-08  1.195220265044256e+00 
 4.744410728759666e-08  1.195220265044288e+00 
 4.746410728759666e-08  1.195220265044319e+00 
 4.748410728759666e-08  1.195220265044350e+00 
 4.750410728759667e-08  1.195220265044380e+00 
 4.752410728759667e-08  1.195220265044410e+00 
 4.754410728759667e-08  1.195220265044439e+00 
 4.756410728759668e-08  1.195220265044467e+00 
 4.758410728759668e-08  1.195220265044495e+00 
 4.760410728759668e-08  1.195220265044522e+00 
 4.762410728759668e-08  1.195220265044549e+00 
 4.764410728759669e-08  1.195220265044575e+00 
 4.766410728759669e-08  1.195220265044601e+00 
 4.768410728759669e-08  1.195220265044626e+00 
 4.770410728759670e-08  1.195220265044651e+00 
 4.772410728759670e-08  1.195220265044675e+00 
 4.774410728759670e-08  1.195220265044699e+00 
 4.776410728759670e-08  1.195220265044723e+00 
 4.778410728759671e-08  1.195220265044746e+00 
 4.780410728759671e-08  1.195220265044768e+00 
 4.782410728759671e-08  1.195220265044791e+00 
 4.784410728759672e-08  1.195220265044812e+00 
 4.786410728759672e-08  1.195220265044833e+00 
 4.788410728759672e-08  1.195220265044854e+00 
 4.790410728759672e-08  1.195220265044874e+00 
 4.792410728759673e-08  1.195220265044894e+00 
 4.794410728759673e-08  1.195220265044914e+00 
 4.796410728759673e-08  1.195220265044932e+00 
 4.798410728759674e-08  1.195220265044951e+00 
 4.800410728759674e-08  1.195220265044969e+00 
 4.802410728759674e-08  1.195220265044987e+00 
 4.804410728759674e-08  1.195220265045005e+00 
 4.806410728759675e-08  1.195220265045022e+00 
 4.808410728759675e-08  1.195220265045039e+00 
 4.810410728759675e-08  1.195220265045056e+00 
 4.812410728759676e-08  1.195220265045072e+00 
 4.814410728759676e-08  1.195220265045088e+00 
 4.816410728759676e-08  1.195220265045103e+00 
 4.818410728759676e-08  1.195220265045119e+00 
 4.820410728759677e-08  1.195220265045134e+00 
 4.822410728759677e-08  1.195220265045149e+00 
 4.824410728759677e-08  1.195220265045164e+00 
 4.826410728759677e-08  1.195220265045178e+00 
 4.828410728759678e-08  1.195220265045192e+00 
 4.830410728759678e-08  1.195220265045206e+00 
 4.832410728759678e-08  1.195220265045219e+00 
 4.834410728759679e-08  1.195220265045232e+00 
 4.836410728759679e-08  1.195220265045245e+00 
 4.838410728759679e-08  1.195220265045258e+00 
 4.840410728759679e-08  1.195220265045270e+00 
 4.842410728759680e-08  1.195220265045283e+00 
 4.844410728759680e-08  1.195220265045295e+00 
 4.846410728759680e-08  1.195220265045307e+00 
 4.848410728759681e-08  1.195220265045318e+00 
 4.850410728759681e-08  1.195220265045329e+00 
 4.852410728759681e-08  1.195220265045341e+00 
 4.854410728759681e-08  1.195220265045352e+00 
 4.856410728759682e-08  1.195220265045362e+00 
 4.858410728759682e-08  1.195220265045373e+00 
 4.860410728759682e-08  1.195220265045383e+00 
 4.862410728759683e-08  1.195220265045393e+00 
 4.864410728759683e-08  1.195220265045402e+00 
 4.866410728759683e-08  1.195220265045412e+00 
 4.868410728759683e-08  1.195220265045422e+00 
 4.870410728759684e-08  1.195220265045431e+00 
 4.872410728759684e-08  1.195220265045440e+00 
 4.874410728759684e-08  1.195220265045449e+00 
 4.876410728759685e-08  1.195220265045458e+00 
 4.878410728759685e-08  1.195220265045466e+00 
 4.880410728759685e-08  1.195220265045474e+00 
 4.882410728759685e-08  1.195220265045482e+00 
 4.884410728759686e-08  1.195220265045490e+00 
 4.886410728759686e-08  1.195220265045497e+00 
 4.888410728759686e-08  1.195220265045505e+00 
 4.890410728759687e-08  1.195220265045512e+00 
 4.892410728759687e-08  1.195220265045519e+00 
 4.894410728759687e-08  1.195220265045527e+00 
 4.896410728759687e-08  1.195220265045534e+00 
 4.898410728759688e-08  1.195220265045541e+00 
 4.900410728759688e-08  1.195220265045548e+00 
 4.902410728759688e-08  1.195220265045555e+00 
 4.904410728759689e-08  1.195220265045562e+00 
 4.906410728759689e-08  1.195220265045568e+00 
 4.908410728759689e-08  1.195220265045575e+00 
 4.910410728759689e-08  1.195220265045581e+00 
 4.912410728759690e-08  1.195220265045587e+00 
 4.914410728759690e-08  1.195220265045593e+00 
 4.916410728759690e-08  1.195220265045599e+00 
 4.918410728759690e-08  1.195220265045605e+00 
 4.920410728759691e-08  1.195220265045611e+00 
 4.922410728759691e-08  1.195220265045616e+00 
 4.924410728759691e-08  1.195220265045621e+00 
 4.926410728759692e-08  1.195220265045626e+00 
 4.928410728759692e-08  1.195220265045631e+00 
 4.930410728759692e-08  1.195220265045636e+00 
 4.932410728759692e-08  1.195220265045641e+00 
 4.934410728759693e-08  1.195220265045646e+00 
 4.936410728759693e-08  1.195220265045651e+00 
 4.938410728759693e-08  1.195220265045656e+00 
 4.940410728759694e-08  1.195220265045660e+00 
 4.942410728759694e-08  1.195220265045665e+00 
 4.944410728759694e-08  1.195220265045669e+00 
 4.946410728759694e-08  1.195220265045673e+00 
 4.948410728759695e-08  1.195220265045677e+00 
 4.950410728759695e-08  1.195220265045681e+00 
 4.952410728759695e-08  1.195220265045685e+00 
 4.954410728759696e-08  1.195220265045689e+00 
 4.956410728759696e-08  1.195220265045692e+00 
 4.958410728759696e-08  1.195220265045696e+00 
 4.960410728759696e-08  1.195220265045700e+00 
 4.962410728759697e-08  1.195220265045704e+00 
 4.964410728759697e-08  1.195220265045708e+00 
 4.966410728759697e-08  1.195220265045711e+00 
 4.968410728759698e-08  1.195220265045715e+00 
 4.970410728759698e-08  1.195220265045718e+00 
 4.972410728759698e-08  1.195220265045722e+00 
 4.974410728759698e-08  1.195220265045724e+00 
 4.976410728759699e-08  1.195220265045728e+00 
 4.978410728759699e-08  1.195220265045731e+00 
 4.980410728759699e-08  1.195220265045734e+00 
 4.982410728759700e-08  1.195220265045737e+00 
 4.984410728759700e-08  1.195220265045740e+00 
 4.986410728759700e-08  1.195220265045742e+00 
 4.988410728759700e-08  1.195220265045746e+00 
 4.990410728759701e-08  1.195220265045748e+00 
 4.992410728759701e-08  1.195220265045752e+00 
 4.994410728759701e-08  1.195220265045754e+00 
 4.996410728759702e-08  1.195220265045757e+00 
 4.998410728759702e-08  1.195220265045760e+00 
 5.000410728759702e-08  1.195220265045762e+00 
 5.002410728759702e-08  1.195220265045765e+00 
 5.004410728759703e-08  1.195220265045767e+00 
 5.006410728759703e-08  1.195220265045769e+00 
 5.008410728759703e-08  1.195220265045771e+00 
 5.010410728759703e-08  1.195220265045773e+00 
 5.012410728759704e-08  1.195220265045776e+00 
 5.014410728759704e-08  1.195220265045778e+00 
 5.016410728759704e-08  1.195220265045781e+00 
 5.018410728759705e-08  1.195220265045783e+00 
 5.020410728759705e-08  1.195220265045785e+00 
 5.022410728759705e-08  1.195220265045787e+00 
 5.024410728759705e-08  1.195220265045789e+00 
 5.026410728759706e-08  1.195220265045791e+00 
 5.028410728759706e-08  1.195220265045793e+00 
 5.030410728759706e-08  1.195220265045795e+00 
 5.032410728759707e-08  1.195220265045796e+00 
 5.034410728759707e-08  1.195220265045798e+00 
 5.036410728759707e-08  1.195220265045801e+00 
 5.038410728759707e-08  1.195220265045802e+00 
 5.040410728759708e-08  1.195220265045804e+00 
 5.042410728759708e-08  1.195220265045806e+00 
 5.044410728759708e-08  1.195220265045807e+00 
 5.046410728759709e-08  1.195220265045809e+00 
 5.048410728759709e-08  1.195220265045810e+00 
 5.050410728759709e-08  1.195220265045811e+00 
 5.052410728759709e-08  1.195220265045813e+00 
 5.054410728759710e-08  1.195220265045814e+00 
 5.056410728759710e-08  1.195220265045815e+00 
 5.058410728759710e-08  1.195220265045817e+00 
 5.060410728759711e-08  1.195220265045819e+00 
 5.062410728759711e-08  1.195220265045820e+00 
 5.064410728759711e-08  1.195220265045822e+00 
 5.066410728759711e-08  1.195220265045824e+00 
 5.068410728759712e-08  1.195220265045825e+00 
 5.070410728759712e-08  1.195220265045827e+00 
 5.072410728759712e-08  1.195220265045828e+00 
 5.074410728759713e-08  1.195220265045829e+00 
 5.076410728759713e-08  1.195220265045831e+00 
 5.078410728759713e-08  1.195220265045832e+00 
 5.080410728759713e-08  1.195220265045833e+00 
 5.082410728759714e-08  1.195220265045835e+00 
 5.084410728759714e-08  1.195220265045836e+00 
 5.086410728759714e-08  1.195220265045837e+00 
 5.088410728759715e-08  1.195220265045838e+00 
 5.090410728759715e-08  1.195220265045839e+00 
 5.092410728759715e-08  1.195220265045839e+00 
 5.094410728759715e-08  1.195220265045840e+00 
 5.096410728759716e-08  1.195220265045841e+00 
 5.098410728759716e-08  1.195220265045842e+00 
 5.100410728759716e-08  1.195220265045842e+00 
 5.102410728759716e-08  1.195220265045843e+00 
 5.104410728759717e-08  1.195220265045843e+00 
 5.106410728759717e-08  1.195220265045844e+00 
 5.108410728759717e-08  1.195220265045845e+00 
 5.110410728759718e-08  1.195220265045846e+00 
 5.112410728759718e-08  1.195220265045846e+00 
 5.114410728759718e-08  1.195220265045847e+00 
 5.116410728759718e-08  1.195220265045848e+00 
 5.118410728759719e-08  1.195220265045849e+00 
 5.120410728759719e-08  1.195220265045849e+00 
 5.122410728759719e-08  1.195220265045850e+00 
 5.124410728759720e-08  1.195220265045850e+00 
 5.126410728759720e-08  1.195220265045851e+00 
 5.128410728759720e-08  1.195220265045851e+00 
 5.130410728759720e-08  1.195220265045852e+00 
 5.132410728759721e-08  1.195220265045853e+00 
 5.134410728759721e-08  1.195220265045853e+00 
 5.136410728759721e-08  1.195220265045854e+00 
 5.138410728759722e-08  1.195220265045854e+00 
 5.140410728759722e-08  1.195220265045854e+00 
 5.142410728759722e-08  1.195220265045855e+00 
 5.144410728759722e-08  1.195220265045855e+00 
 5.146410728759723e-08  1.195220265045856e+00 
 5.148410728759723e-08  1.195220265045856e+00 
 5.150410728759723e-08  1.195220265045857e+00 
 5.152410728759724e-08  1.195220265045857e+00 
 5.154410728759724e-08  1.195220265045858e+00 
 5.156410728759724e-08  1.195220265045858e+00 
 5.158410728759724e-08  1.195220265045858e+00 
 5.160410728759725e-08  1.195220265045859e+00 
 5.162410728759725e-08  1.195220265045859e+00 
 5.164410728759725e-08  1.195220265045860e+00 
 5.166410728759726e-08  1.195220265045861e+00 
 5.168410728759726e-08  1.195220265045862e+00 
 5.170410728759726e-08  1.195220265045862e+00 
 5.172410728759726e-08  1.195220265045863e+00 
 5.174410728759727e-08  1.195220265045864e+00 
 5.176410728759727e-08  1.195220265045865e+00 
 5.178410728759727e-08  1.195220265045865e+00 
 5.180410728759728e-08  1.195220265045866e+00 
 5.182410728759728e-08  1.195220265045867e+00 
 5.184410728759728e-08  1.195220265045867e+00 
 5.186410728759728e-08  1.195220265045867e+00 
 5.188410728759729e-08  1.195220265045868e+00 
 5.190410728759729e-08  1.195220265045869e+00 
 5.192410728759729e-08  1.195220265045869e+00 
 5.194410728759729e-08  1.195220265045870e+00 
 5.196410728759730e-08  1.195220265045871e+00 
 5.198410728759730e-08  1.195220265045871e+00 
 5.200410728759730e-08  1.195220265045871e+00 
 5.202410728759731e-08  1.195220265045871e+00 
 5.204410728759731e-08  1.195220265045872e+00 
 5.206410728759731e-08  1.195220265045873e+00 
 5.208410728759731e-08  1.195220265045873e+00 
 5.210410728759732e-08  1.195220265045873e+00 
 5.212410728759732e-08  1.195220265045874e+00 
 5.214410728759732e-08  1.195220265045874e+00 
 5.216410728759733e-08  1.195220265045875e+00 
 5.218410728759733e-08  1.195220265045875e+00 
 5.220410728759733e-08  1.195220265045875e+00 
 5.222410728759733e-08  1.195220265045876e+00 
 5.224410728759734e-08  1.195220265045877e+00 
 5.226410728759734e-08  1.195220265045877e+00 
 5.228410728759734e-08  1.195220265045877e+00 
 5.230410728759735e-08  1.195220265045877e+00 
 5.232410728759735e-08  1.195220265045878e+00 
 5.234410728759735e-08  1.195220265045878e+00 
 5.236410728759735e-08  1.195220265045879e+00 
 5.238410728759736e-08  1.195220265045879e+00 
 5.240410728759736e-08  1.195220265045879e+00 
 5.242410728759736e-08  1.195220265045879e+00 
 5.244410728759737e-08  1.195220265045880e+00 
 5.246410728759737e-08  1.195220265045880e+00 
 5.248410728759737e-08  1.195220265045881e+00 
 5.250410728759737e-08  1.195220265045881e+00 
 5.252410728759738e-08  1.195220265045881e+00 
 5.254410728759738e-08  1.195220265045882e+00 
 5.256410728759738e-08  1.195220265045882e+00 
 5.258410728759739e-08  1.195220265045882e+00 
 5.260410728759739e-08  1.195220265045881e+00 
 5.262410728759739e-08  1.195220265045882e+00 
 5.264410728759739e-08  1.195220265045882e+00 
 5.266410728759740e-08  1.195220265045882e+00 
 5.268410728759740e-08  1.195220265045881e+00 
 5.270410728759740e-08  1.195220265045882e+00 
 5.272410728759741e-08  1.195220265045882e+00 
 5.274410728759741e-08  1.195220265045882e+00 
 5.276410728759741e-08  1.195220265045881e+00 
 5.278410728759741e-08  1.195220265045882e+00 
 5.280410728759742e-08  1.195220265045882e+00 
 5.282410728759742e-08  1.195220265045882e+00 
 5.284410728759742e-08  1.195220265045881e+00 
 5.286410728759742e-08  1.195220265045882e+00 
 5.288410728759743e-08  1.195220265045882e+00 
 5.290410728759743e-08  1.195220265045882e+00 
 5.292410728759743e-08  1.195220265045881e+00 
 5.294410728759744e-08  1.195220265045882e+00 
 5.296410728759744e-08  1.195220265045882e+00 
 5.298410728759744e-08  1.195220265045882e+00 
 5.300410728759744e-08  1.195220265045881e+00 
 5.302410728759745e-08  1.195220265045882e+00 
 5.304410728759745e-08  1.195220265045882e+00 
 5.306410728759745e-08  1.195220265045882e+00 
 5.308410728759746e-08  1.195220265045881e+00 
 5.310410728759746e-08  1.195220265045882e+00 
 5.312410728759746e-08  1.195220265045882e+00 
 5.314410728759746e-08  1.195220265045882e+00 
 5.316410728759747e-08  1.195220265045881e+00 
 5.318410728759747e-08  1.195220265045882e+00 
 5.320410728759747e-08  1.195220265045882e+00 
 5.322410728759748e-08  1.195220265045882e+00 
 5.324410728759748e-08  1.195220265045881e+00 
 5.326410728759748e-08  1.195220265045882e+00 
 5.328410728759748e-08  1.195220265045882e+00 
 5.330410728759749e-08  1.195220265045882e+00 
 5.332410728759749e-08  1.195220265045881e+00 
 5.334410728759749e-08  1.195220265045882e+00 
 5.336410728759750e-08  1.195220265045882e+00 
 5.338410728759750e-08  1.195220265045882e+00 
 5.340410728759750e-08  1.195220265045881e+00 
 5.342410728759750e-08  1.195220265045882e+00 
 5.344410728759751e-08  1.195220265045882e+00 
 5.346410728759751e-08  1.195220265045882e+00 
 5.348410728759751e-08  1.195220265045881e+00 
 5.350410728759752e-08  1.195220265045882e+00 
 5.352410728759752e-08  1.195220265045882e+00 
 5.354410728759752e-08  1.195220265045882e+00 
 5.356410728759752e-08  1.195220265045881e+00 
 5.358410728759753e-08  1.195220265045882e+00 
 5.360410728759753e-08  1.195220265045882e+00 
 5.362410728759753e-08  1.195220265045882e+00 
 5.364410728759754e-08  1.195220265045881e+00 
 5.366410728759754e-08  1.195220265045882e+00 
 5.368410728759754e-08  1.195220265045882e+00 
 5.370410728759754e-08  1.195220265045882e+00 
 5.372410728759755e-08  1.195220265045881e+00 
 5.374410728759755e-08  1.195220265045882e+00 
 5.376410728759755e-08  1.195220265045882e+00 
 5.378410728759755e-08  1.195220265045882e+00 
 5.380410728759756e-08  1.195220265045881e+00 
 5.382410728759756e-08  1.195220265045882e+00 
 5.384410728759756e-08  1.195220265045882e+00 
 5.386410728759757e-08  1.195220265045882e+00 
 5.388410728759757e-08  1.195220265045881e+00 
 5.390410728759757e-08  1.195220265045882e+00 
 5.392410728759757e-08  1.195220265045882e+00 
 5.394410728759758e-08  1.195220265045882e+00 
 5.396410728759758e-08  1.195220265045881e+00 
 5.398410728759758e-08  1.195220265045882e+00 
 5.400410728759759e-08  1.195220265045882e+00 
 5.402410728759759e-08  1.195220265045882e+00 
 5.404410728759759e-08  1.195220265045881e+00 
 5.406410728759759e-08  1.195220265045882e+00 
 5.408410728759760e-08  1.195220265045882e+00 
 5.410410728759760e-08  1.195220265045882e+00 
 5.412410728759760e-08  1.195220265045881e+00 
 5.414410728759761e-08  1.195220265045882e+00 
 5.416410728759761e-08  1.195220265045882e+00 
 5.418410728759761e-08  1.195220265045882e+00 
 5.420410728759761e-08  1.195220265045881e+00 
 5.422410728759762e-08  1.195220265045882e+00 
 5.424410728759762e-08  1.195220265045882e+00 
 5.426410728759762e-08  1.195220265045882e+00 
 5.428410728759763e-08  1.195220265045881e+00 
 5.430410728759763e-08  1.195220265045882e+00 
 5.432410728759763e-08  1.195220265045882e+00 
 5.434410728759763e-08  1.195220265045882e+00 
 5.436410728759764e-08  1.195220265045881e+00 
 5.438410728759764e-08  1.195220265045882e+00 
 5.440410728759764e-08  1.195220265045882e+00 
 5.442410728759765e-08  1.195220265045882e+00 
 5.444410728759765e-08  1.195220265045881e+00 
 5.446410728759765e-08  1.195220265045882e+00 
 5.448410728759765e-08  1.195220265045882e+00 
 5.450410728759766e-08  1.195220265045882e+00 
 5.452410728759766e-08  1.195220265045881e+00 
 5.454410728759766e-08  1.195220265045882e+00 
 5.456410728759767e-08  1.195220265045882e+00 
 5.458410728759767e-08  1.195220265045882e+00 
 5.460410728759767e-08  1.195220265045881e+00 
 5.462410728759767e-08  1.195220265045882e+00 
 5.464410728759768e-08  1.195220265045882e+00 
 5.466410728759768e-08  1.195220265045882e+00 
 5.468410728759768e-08  1.195220265045881e+00 
 5.470410728759768e-08  1.195220265045882e+00 
 5.472410728759769e-08  1.195220265045882e+00 
 5.474410728759769e-08  1.195220265045882e+00 
 5.476410728759769e-08  1.195220265045881e+00 
 5.478410728759770e-08  1.195220265045882e+00 
 5.480410728759770e-08  1.195220265045882e+00 
 5.482410728759770e-08  1.195220265045882e+00 
 5.484410728759770e-08  1.195220265045881e+00 
 5.486410728759771e-08  1.195220265045882e+00 
 5.488410728759771e-08  1.195220265045882e+00 
 5.490410728759771e-08  1.195220265045882e+00 
 5.492410728759772e-08  1.195220265045881e+00 
 5.494410728759772e-08  1.195220265045882e+00 
 5.496410728759772e-08  1.195220265045882e+00 
 5.498410728759772e-08  1.195220265045882e+00 
 5.500410728759773e-08  1.195220265045881e+00 
 5.502410728759773e-08  1.195220265045882e+00 
 5.504410728759773e-08  1.195220265045882e+00 
 5.506410728759774e-08  1.195220265045882e+00 
 5.508410728759774e-08  1.195220265045881e+00 
 5.510410728759774e-08  1.195220265045882e+00 
 5.512410728759774e-08  1.195220265045882e+00 
 5.514410728759775e-08  1.195220265045882e+00 
 5.516410728759775e-08  1.195220265045881e+00 
 5.518410728759775e-08  1.195220265045882e+00 
 5.520410728759776e-08  1.195220265045882e+00 
 5.522410728759776e-08  1.195220265045882e+00 
 5.524410728759776e-08  1.195220265045881e+00 
 5.526410728759776e-08  1.195220265045882e+00 
 5.528410728759777e-08  1.195220265045882e+00 
 5.530410728759777e-08  1.195220265045882e+00 
 5.532410728759777e-08  1.195220265045881e+00 
 5.534410728759778e-08  1.195220265045882e+00 
 5.536410728759778e-08  1.195220265045882e+00 
 5.538410728759778e-08  1.195220265045882e+00 
 5.540410728759778e-08  1.195220265045881e+00 
 5.542410728759779e-08  1.195220265045882e+00 
 5.544410728759779e-08  1.195220265045882e+00 
 5.546410728759779e-08  1.195220265045882e+00 
 5.548410728759780e-08  1.195220265045881e+00 
 5.550410728759780e-08  1.195220265045882e+00 
 5.552410728759780e-08  1.195220265045882e+00 
 5.554410728759780e-08  1.195220265045882e+00 
 5.556410728759781e-08  1.195220265045881e+00 
 5.558410728759781e-08  1.195220265045882e+00 
 5.560410728759781e-08  1.195220265045882e+00 
 5.562410728759781e-08  1.195220265045882e+00 
 5.564410728759782e-08  1.195220265045881e+00 
 5.566410728759782e-08  1.195220265045882e+00 
 5.568410728759782e-08  1.195220265045882e+00 
 5.570410728759783e-08  1.195220265045882e+00 
 5.572410728759783e-08  1.195220265045881e+00 
 5.574410728759783e-08  1.195220265045882e+00 
 5.576410728759783e-08  1.195220265045882e+00 
 5.578410728759784e-08  1.195220265045882e+00 
 5.580410728759784e-08  1.195220265045881e+00 
 5.582410728759784e-08  1.195220265045882e+00 
 5.584410728759785e-08  1.195220265045882e+00 
 5.586410728759785e-08  1.195220265045882e+00 
 5.588410728759785e-08  1.195220265045881e+00 
 5.590410728759785e-08  1.195220265045882e+00 
 5.592410728759786e-08  1.195220265045882e+00 
 5.594410728759786e-08  1.195220265045882e+00 
 5.596410728759786e-08  1.195220265045881e+00 
 5.598410728759787e-08  1.195220265045882e+00 
 5.600410728759787e-08  1.195220265045882e+00 
 5.602410728759787e-08  1.195220265045882e+00 
 5.604410728759787e-08  1.195220265045881e+00 
 5.606410728759788e-08  1.195220265045882e+00 
 5.608410728759788e-08  1.195220265045882e+00 
 5.610410728759788e-08  1.195220265045882e+00 
 5.612410728759789e-08  1.195220265045881e+00 
 5.614410728759789e-08  1.195220265045882e+00 
 5.616410728759789e-08  1.195220265045882e+00 
 5.618410728759789e-08  1.195220265045882e+00 
 5.620410728759790e-08  1.195220265045881e+00 
 5.622410728759790e-08  1.195220265045882e+00 
 5.624410728759790e-08  1.195220265045882e+00 
 5.626410728759791e-08  1.195220265045882e+00 
 5.628410728759791e-08  1.195220265045881e+00 
 5.630410728759791e-08  1.195220265045882e+00 
 5.632410728759791e-08  1.195220265045882e+00 
 5.634410728759792e-08  1.195220265045882e+00 
 5.636410728759792e-08  1.195220265045881e+00 
 5.638410728759792e-08  1.195220265045882e+00 
 5.640410728759793e-08  1.195220265045882e+00 
 5.642410728759793e-08  1.195220265045882e+00 
 5.644410728759793e-08  1.195220265045881e+00 
 5.646410728759793e-08  1.195220265045882e+00 
 5.648410728759794e-08  1.195220265045882e+00 
 5.650410728759794e-08  1.195220265045882e+00 
 5.652410728759794e-08  1.195220265045881e+00 
 5.654410728759794e-08  1.195220265045882e+00 
 5.656410728759795e-08  1.195220265045882e+00 
 5.658410728759795e-08  1.195220265045882e+00 
 5.660410728759795e-08  1.195220265045881e+00 
 5.662410728759796e-08  1.195220265045882e+00 
 5.664410728759796e-08  1.195220265045882e+00 
 5.666410728759796e-08  1.195220265045882e+00 
 5.668410728759796e-08  1.195220265045881e+00 
 5.670410728759797e-08  1.195220265045882e+00 
 5.672410728759797e-08  1.195220265045882e+00 
 5.674410728759797e-08  1.195220265045882e+00 
 5.676410728759798e-08  1.195220265045881e+00 
 5.678410728759798e-08  1.195220265045882e+00 
 5.680410728759798e-08  1.195220265045882e+00 
 5.682410728759798e-08  1.195220265045882e+00 
 5.684410728759799e-08  1.195220265045881e+00 
 5.686410728759799e-08  1.195220265045882e+00 
 5.688410728759799e-08  1.195220265045882e+00 
 5.690410728759800e-08  1.195220265045882e+00 
 5.692410728759800e-08  1.195220265045881e+00 
 5.694410728759800e-08  1.195220265045882e+00 
 5.696410728759800e-08  1.195220265045882e+00 
 5.698410728759801e-08  1.195220265045882e+00 
 5.700410728759801e-08  1.195220265045881e+00 
 5.702410728759801e-08  1.195220265045882e+00 
 5.704410728759802e-08  1.195220265045882e+00 
 5.706410728759802e-08  1.195220265045882e+00 
 5.708410728759802e-08  1.195220265045881e+00 
 5.710410728759802e-08  1.195220265045882e+00 
 5.712410728759803e-08  1.195220265045882e+00 
 5.714410728759803e-08  1.195220265045882e+00 
 5.716410728759803e-08  1.195220265045881e+00 
 5.718410728759804e-08  1.195220265045882e+00 
 5.720410728759804e-08  1.195220265045882e+00 
 5.722410728759804e-08  1.195220265045882e+00 
 5.724410728759804e-08  1.195220265045881e+00 
 5.726410728759805e-08  1.195220265045882e+00 
 5.728410728759805e-08  1.195220265045882e+00 
 5.730410728759805e-08  1.195220265045882e+00 
 5.732410728759806e-08  1.195220265045881e+00 
 5.734410728759806e-08  1.195220265045882e+00 
 5.736410728759806e-08  1.195220265045882e+00 
 5.738410728759806e-08  1.195220265045882e+00 
 5.740410728759807e-08  1.195220265045881e+00 
 5.742410728759807e-08  1.195220265045882e+00 
 5.744410728759807e-08  1.195220265045882e+00 
 5.746410728759807e-08  1.195220265045882e+00 
 5.748410728759808e-08  1.195220265045881e+00 
 5.750410728759808e-08  1.195220265045882e+00 
 5.752410728759808e-08  1.195220265045882e+00 
 5.754410728759809e-08  1.195220265045882e+00 
 5.756410728759809e-08  1.195220265045881e+00 
 5.758410728759809e-08  1.195220265045882e+00 
 5.760410728759809e-08  1.195220265045882e+00 
 5.762410728759810e-08  1.195220265045882e+00 
 5.764410728759810e-08  1.195220265045881e+00 
 5.766410728759810e-08  1.195220265045882e+00 
 5.768410728759811e-08  1.195220265045882e+00 
 5.770410728759811e-08  1.195220265045882e+00 
 5.772410728759811e-08  1.195220265045881e+00 
 5.774410728759811e-08  1.195220265045882e+00 
 5.776410728759812e-08  1.195220265045882e+00 
 5.778410728759812e-08  1.195220265045882e+00 
 5.780410728759812e-08  1.195220265045881e+00 
 5.782410728759813e-08  1.195220265045882e+00 
 5.784410728759813e-08  1.195220265045882e+00 
 5.786410728759813e-08  1.195220265045882e+00 
 5.788410728759813e-08  1.195220265045881e+00 
 5.790410728759814e-08  1.195220265045882e+00 
 5.792410728759814e-08  1.195220265045882e+00 
 5.794410728759814e-08  1.195220265045882e+00 
 5.796410728759815e-08  1.195220265045881e+00 
 5.798410728759815e-08  1.195220265045882e+00 
 5.800410728759815e-08  1.195220265045882e+00 
 5.802410728759815e-08  1.195220265045882e+00 
 5.804410728759816e-08  1.195220265045881e+00 
 5.806410728759816e-08  1.195220265045882e+00 
 5.808410728759816e-08  1.195220265045882e+00 
 5.810410728759817e-08  1.195220265045882e+00 
 5.812410728759817e-08  1.195220265045881e+00 
 5.814410728759817e-08  1.195220265045882e+00 
 5.816410728759817e-08  1.195220265045882e+00 
 5.818410728759818e-08  1.195220265045882e+00 
 5.820410728759818e-08  1.195220265045881e+00 
 5.822410728759818e-08  1.195220265045882e+00 
 5.824410728759819e-08  1.195220265045882e+00 
 5.826410728759819e-08  1.195220265045882e+00 
 5.828410728759819e-08  1.195220265045881e+00 
 5.830410728759819e-08  1.195220265045882e+00 
 5.832410728759820e-08  1.195220265045882e+00 
 5.834410728759820e-08  1.195220265045882e+00 
 5.836410728759820e-08  1.195220265045881e+00 
 5.838410728759820e-08  1.195220265045882e+00 
 5.840410728759821e-08  1.195220265045882e+00 
 5.842410728759821e-08  1.195220265045882e+00 
 5.844410728759821e-08  1.195220265045881e+00 
 5.846410728759822e-08  1.195220265045882e+00 
 5.848410728759822e-08  1.195220265045882e+00 
 5.850410728759822e-08  1.195220265045882e+00 
 5.852410728759822e-08  1.195220265045881e+00 
 5.854410728759823e-08  1.195220265045882e+00 
 5.856410728759823e-08  1.195220265045882e+00 
 5.858410728759823e-08  1.195220265045882e+00 
 5.860410728759824e-08  1.195220265045881e+00 
 5.862410728759824e-08  1.195220265045882e+00 
 5.864410728759824e-08  1.195220265045882e+00 
 5.866410728759824e-08  1.195220265045882e+00 
 5.868410728759825e-08  1.195220265045881e+00 
 5.870410728759825e-08  1.195220265045882e+00 
 5.872410728759825e-08  1.195220265045882e+00 
 5.874410728759826e-08  1.195220265045882e+00 
 5.876410728759826e-08  1.195220265045881e+00 
 5.878410728759826e-08  1.195220265045882e+00 
 5.880410728759826e-08  1.195220265045882e+00 
 5.882410728759827e-08  1.195220265045882e+00 
 5.884410728759827e-08  1.195220265045881e+00 
 5.886410728759827e-08  1.195220265045882e+00 
 5.888410728759828e-08  1.195220265045882e+00 
 5.890410728759828e-08  1.195220265045882e+00 
 5.892410728759828e-08  1.195220265045881e+00 
 5.894410728759828e-08  1.195220265045882e+00 
 5.896410728759829e-08  1.195220265045882e+00 
 5.898410728759829e-08  1.195220265045882e+00 
 5.900410728759829e-08  1.195220265045881e+00 
 5.902410728759830e-08  1.195220265045882e+00 
 5.904410728759830e-08  1.195220265045882e+00 
 5.906410728759830e-08  1.195220265045882e+00 
 5.908410728759830e-08  1.195220265045881e+00 
 5.910410728759831e-08  1.195220265045882e+00 
 5.912410728759831e-08  1.195220265045882e+00 
 5.914410728759831e-08  1.195220265045882e+00 
 5.916410728759832e-08  1.195220265045881e+00 
 5.918410728759832e-08  1.195220265045882e+00 
 5.920410728759832e-08  1.195220265045882e+00 
 5.922410728759832e-08  1.195220265045882e+00 
 5.924410728759833e-08  1.195220265045881e+00 
 5.926410728759833e-08  1.195220265045882e+00 
 5.928410728759833e-08  1.195220265045882e+00 
 5.930410728759833e-08  1.195220265045882e+00 
 5.932410728759834e-08  1.195220265045881e+00 
 5.934410728759834e-08  1.195220265045882e+00 
 5.936410728759834e-08  1.195220265045882e+00 
 5.938410728759835e-08  1.195220265045882e+00 
 5.940410728759835e-08  1.195220265045881e+00 
 5.942410728759835e-08  1.195220265045882e+00 
 5.944410728759835e-08  1.195220265045882e+00 
 5.946410728759836e-08  1.195220265045882e+00 
 5.948410728759836e-08  1.195220265045881e+00 
 5.950410728759836e-08  1.195220265045882e+00 
 5.952410728759837e-08  1.195220265045882e+00 
 5.954410728759837e-08  1.195220265045882e+00 
 5.956410728759837e-08  1.195220265045881e+00 
 5.958410728759837e-08  1.195220265045882e+00 
 5.960410728759838e-08  1.195220265045882e+00 
 5.962410728759837e-08  1.195220265045882e+00 
 5.964410728759837e-08  1.195220265045881e+00 
 5.966410728759837e-08  1.195220265045882e+00 
 5.968410728759836e-08  1.195220265045882e+00 
 5.970410728759836e-08  1.195220265045882e+00 
 5.972410728759835e-08  1.195220265045881e+00 
 5.974410728759835e-08  1.195220265045882e+00 
 5.976410728759835e-08  1.195220265045882e+00 
 5.978410728759834e-08  1.195220265045882e+00 
 5.980410728759834e-08  1.195220265045881e+00 
 5.982410728759834e-08  1.195220265045882e+00 
 5.984410728759833e-08  1.195220265045882e+00 
 5.986410728759833e-08  1.195220265045882e+00 
 5.988410728759832e-08  1.195220265045881e+00 
 5.990410728759832e-08  1.195220265045882e+00 
 5.992410728759832e-08  1.195220265045882e+00 
 5.994410728759831e-08  1.195220265045882e+00 
 5.996410728759831e-08  1.195220265045881e+00 
 5.998410728759831e-08  1.195220265045882e+00 
 6.000410728759830e-08  1.195220265045882e+00 
 6.002410728759830e-08  1.195220265045882e+00 
 6.004410728759829e-08  1.195220265045881e+00 
 6.006410728759829e-08  1.195220265045882e+00 
 6.008410728759829e-08  1.195220265045882e+00 
 6.010410728759828e-08  1.195220265045882e+00 
 6.012410728759828e-08  1.195220265045881e+00 
 6.014410728759827e-08  1.195220265045882e+00 
 6.016410728759827e-08  1.195220265045882e+00 
 6.018410728759827e-08  1.195220265045882e+00 
 6.020410728759826e-08  1.195220265045881e+00 
 6.022410728759826e-08  1.195220265045882e+00 
 6.024410728759826e-08  1.195220265045882e+00 
 6.026410728759825e-08  1.195220265045882e+00 
 6.028410728759825e-08  1.195220265045881e+00 
 6.030410728759824e-08  1.195220265045882e+00 
 6.032410728759824e-08  1.195220265045882e+00 
 6.034410728759824e-08  1.195220265045882e+00 
 6.036410728759823e-08  1.195220265045881e+00 
 6.038410728759823e-08  1.195220265045882e+00 
 6.040410728759823e-08  1.195220265045882e+00 
 6.042410728759822e-08  1.195220265045882e+00 
 6.044410728759822e-08  1.195220265045881e+00 
 6.046410728759821e-08  1.195220265045882e+00 
 6.048410728759821e-08  1.195220265045882e+00 
 6.050410728759821e-08  1.195220265045882e+00 
 6.052410728759820e-08  1.195220265045881e+00 
 6.054410728759820e-08  1.195220265045882e+00 
 6.056410728759820e-08  1.195220265045882e+00 
 6.058410728759819e-08  1.195220265045882e+00 
 6.060410728759819e-08  1.195220265045881e+00 
 6.062410728759818e-08  1.195220265045882e+00 
 6.064410728759818e-08  1.195220265045882e+00 
 6.066410728759818e-08  1.195220265045882e+00 
 6.068410728759817e-08  1.195220265045881e+00 
 6.070410728759817e-08  1.195220265045882e+00 
 6.072410728759816e-08  1.195220265045882e+00 
 6.074410728759816e-08  1.195220265045882e+00 
 6.076410728759816e-08  1.195220265045881e+00 
 6.078410728759815e-08  1.195220265045882e+00 
 6.080410728759815e-08  1.195220265045882e+00 
 6.082410728759815e-08  1.195220265045882e+00 
 6.084410728759814e-08  1.195220265045881e+00 
 6.086410728759814e-08  1.195220265045882e+00 
 6.088410728759813e-08  1.195220265045882e+00 
 6.090410728759813e-08  1.195220265045882e+00 
 6.092410728759813e-08  1.195220265045881e+00 
 6.094410728759812e-08  1.195220265045882e+00 
 6.096410728759812e-08  1.195220265045882e+00 
 6.098410728759812e-08  1.195220265045882e+00 
 6.100410728759811e-08  1.195220265045881e+00 
 6.102410728759811e-08  1.195220265045882e+00 
 6.104410728759810e-08  1.195220265045882e+00 
 6.106410728759810e-08  1.195220265045882e+00 
 6.108410728759810e-08  1.195220265045881e+00 
 6.110410728759809e-08  1.195220265045882e+00 
 6.112410728759809e-08  1.195220265045882e+00 
 6.114410728759809e-08  1.195220265045882e+00 
 6.116410728759808e-08  1.195220265045881e+00 
 6.118410728759808e-08  1.195220265045882e+00 
 6.120410728759807e-08  1.195220265045882e+00 
 6.122410728759807e-08  1.195220265045882e+00 
 6.124410728759807e-08  1.195220265045881e+00 
 6.126410728759806e-08  1.195220265045882e+00 
 6.128410728759806e-08  1.195220265045882e+00 
 6.130410728759805e-08  1.195220265045882e+00 
 6.132410728759805e-08  1.195220265045881e+00 
 6.134410728759805e-08  1.195220265045882e+00 
 6.136410728759804e-08  1.195220265045882e+00 
 6.138410728759804e-08  1.195220265045882e+00 
 6.140410728759804e-08  1.195220265045881e+00 
 6.142410728759803e-08  1.195220265045882e+00 
 6.144410728759803e-08  1.195220265045882e+00 
 6.146410728759802e-08  1.195220265045882e+00 
 6.148410728759802e-08  1.195220265045881e+00 
 6.150410728759802e-08  1.195220265045882e+00 
 6.152410728759801e-08  1.195220265045882e+00 
 6.154410728759801e-08  1.195220265045882e+00 
 6.156410728759801e-08  1.195220265045881e+00 
 6.158410728759800e-08  1.195220265045882e+00 
 6.160410728759800e-08  1.195220265045882e+00 
 6.162410728759799e-08  1.195220265045882e+00 
 6.164410728759799e-08  1.195220265045881e+00 
 6.166410728759799e-08  1.195220265045882e+00 
 6.168410728759798e-08  1.195220265045882e+00 
 6.170410728759798e-08  1.195220265045882e+00 
 6.172410728759798e-08  1.195220265045881e+00 
 6.174410728759797e-08  1.195220265045882e+00 
 6.176410728759797e-08  1.195220265045882e+00 
 6.178410728759796e-08  1.195220265045882e+00 
 6.180410728759796e-08  1.195220265045881e+00 
 6.182410728759796e-08  1.195220265045882e+00 
 6.184410728759795e-08  1.195220265045882e+00 
 6.186410728759795e-08  1.195220265045882e+00 
 6.188410728759795e-08  1.195220265045881e+00 
 6.190410728759794e-08  1.195220265045882e+00 
 6.192410728759794e-08  1.195220265045882e+00 
 6.194410728759793e-08  1.195220265045882e+00 
 6.196410728759793e-08  1.195220265045881e+00 
 6.198410728759793e-08  1.195220265045882e+00 
 6.200410728759792e-08  1.195220265045882e+00 
 6.202410728759792e-08  1.195220265045882e+00 
 6.204410728759791e-08  1.195220265045881e+00 
 6.206410728759791e-08  1.195220265045882e+00 
 6.208410728759791e-08  1.195220265045882e+00 
 6.210410728759790e-08  1.195220265045882e+00 
 6.212410728759790e-08  1.195220265045881e+00 
 6.214410728759790e-08  1.195220265045882e+00 
 6.216410728759789e-08  1.195220265045882e+00 
 6.218410728759789e-08  1.195220265045882e+00 
 6.220410728759788e-08  1.195220265045881e+00 
 6.222410728759788e-08  1.195220265045882e+00 
 6.224410728759788e-08  1.195220265045882e+00 
 6.226410728759787e-08  1.195220265045882e+00 
 6.228410728759787e-08  1.195220265045881e+00 
 6.230410728759787e-08  1.195220265045882e+00 
 6.232410728759786e-08  1.195220265045882e+00 
 6.234410728759786e-08  1.195220265045882e+00 
 6.236410728759785e-08  1.195220265045881e+00 
 6.238410728759785e-08  1.195220265045882e+00 
 6.240410728759785e-08  1.195220265045882e+00 
 6.242410728759784e-08  1.195220265045882e+00 
 6.244410728759784e-08  1.195220265045881e+00 
 6.246410728759784e-08  1.195220265045882e+00 
 6.248410728759783e-08  1.195220265045882e+00 
 6.250410728759783e-08  1.195220265045882e+00 
 6.252410728759782e-08  1.195220265045881e+00 
 6.254410728759782e-08  1.195220265045882e+00 
 6.256410728759782e-08  1.195220265045882e+00 
 6.258410728759781e-08  1.195220265045882e+00 
 6.260410728759781e-08  1.195220265045881e+00 
 6.262410728759780e-08  1.195220265045882e+00 
 6.264410728759780e-08  1.195220265045882e+00 
 6.266410728759780e-08  1.195220265045882e+00 
 6.268410728759779e-08  1.195220265045881e+00 
 6.270410728759779e-08  1.195220265045882e+00 
 6.272410728759779e-08  1.195220265045882e+00 
 6.274410728759778e-08  1.195220265045882e+00 
 6.276410728759778e-08  1.195220265045881e+00 
 6.278410728759777e-08  1.195220265045882e+00 
 6.280410728759777e-08  1.195220265045882e+00 
 6.282410728759777e-08  1.195220265045882e+00 
 6.284410728759776e-08  1.195220265045881e+00 
 6.286410728759776e-08  1.195220265045882e+00 
 6.288410728759776e-08  1.195220265045882e+00 
 6.290410728759775e-08  1.195220265045882e+00 
 6.292410728759775e-08  1.195220265045881e+00 
 6.294410728759774e-08  1.195220265045882e+00 
 6.296410728759774e-08  1.195220265045882e+00 
 6.298410728759774e-08  1.195220265045882e+00 
 6.300410728759773e-08  1.195220265045881e+00 
 6.302410728759773e-08  1.195220265045882e+00 
 6.304410728759773e-08  1.195220265045882e+00 
 6.306410728759772e-08  1.195220265045882e+00 
 6.308410728759772e-08  1.195220265045881e+00 
 6.310410728759771e-08  1.195220265045882e+00 
 6.312410728759771e-08  1.195220265045882e+00 
 6.314410728759771e-08  1.195220265045882e+00 
 6.316410728759770e-08  1.195220265045881e+00 
 6.318410728759770e-08  1.195220265045882e+00 
 6.320410728759769e-08  1.195220265045882e+00 
 6.322410728759769e-08  1.195220265045882e+00 
 6.324410728759769e-08  1.195220265045881e+00 
 6.326410728759768e-08  1.195220265045882e+00 
 6.328410728759768e-08  1.195220265045882e+00 
 6.330410728759768e-08  1.195220265045882e+00 
 6.332410728759767e-08  1.195220265045881e+00 
 6.334410728759767e-08  1.195220265045882e+00 
 6.336410728759766e-08  1.195220265045882e+00 
 6.338410728759766e-08  1.195220265045882e+00 
 6.340410728759766e-08  1.195220265045881e+00 
 6.342410728759765e-08  1.195220265045882e+00 
 6.344410728759765e-08  1.195220265045882e+00 
 6.346410728759765e-08  1.195220265045882e+00 
 6.348410728759764e-08  1.195220265045881e+00 
 6.350410728759764e-08  1.195220265045882e+00 
 6.352410728759763e-08  1.195220265045882e+00 
 6.354410728759763e-08  1.195220265045882e+00 
 6.356410728759763e-08  1.195220265045881e+00 
 6.358410728759762e-08  1.195220265045882e+00 
 6.360410728759762e-08  1.195220265045882e+00 
 6.362410728759762e-08  1.195220265045882e+00 
 6.364410728759761e-08  1.195220265045881e+00 
 6.366410728759761e-08  1.195220265045882e+00 
 6.368410728759760e-08  1.195220265045882e+00 
 6.370410728759760e-08  1.195220265045882e+00 
 6.372410728759760e-08  1.195220265045881e+00 
 6.374410728759759e-08  1.195220265045882e+00 
 6.376410728759759e-08  1.195220265045882e+00 
 6.378410728759758e-08  1.195220265045882e+00 
 6.380410728759758e-08  1.195220265045881e+00 
 6.382410728759758e-08  1.195220265045882e+00 
 6.384410728759757e-08  1.195220265045882e+00 
 6.386410728759757e-08  1.195220265045882e+00 
 6.388410728759757e-08  1.195220265045881e+00 
 6.390410728759756e-08  1.195220265045882e+00 
 6.392410728759756e-08  1.195220265045882e+00 
 6.394410728759755e-08  1.195220265045882e+00 
 6.396410728759755e-08  1.195220265045881e+00 
 6.398410728759755e-08  1.195220265045882e+00 
 6.400410728759754e-08  1.195220265045882e+00 
 6.402410728759754e-08  1.195220265045882e+00 
 6.404410728759754e-08  1.195220265045881e+00 
 6.406410728759753e-08  1.195220265045882e+00 
 6.408410728759753e-08  1.195220265045882e+00 
 6.410410728759752e-08  1.195220265045882e+00 
 6.412410728759752e-08  1.195220265045881e+00 
 6.414410728759752e-08  1.195220265045882e+00 
 6.416410728759751e-08  1.195220265045882e+00 
 6.418410728759751e-08  1.195220265045882e+00 
 6.420410728759751e-08  1.195220265045881e+00 
 6.422410728759750e-08  1.195220265045882e+00 
 6.424410728759750e-08  1.195220265045882e+00 
 6.426410728759749e-08  1.195220265045882e+00 
 6.428410728759749e-08  1.195220265045881e+00 
 6.430410728759749e-08  1.195220265045882e+00 
 6.432410728759748e-08  1.195220265045882e+00 
 6.434410728759748e-08  1.195220265045882e+00 
 6.436410728759747e-08  1.195220265045881e+00 
 6.438410728759747e-08  1.195220265045882e+00 
 6.440410728759747e-08  1.195220265045882e+00 
 6.442410728759746e-08  1.195220265045882e+00 
 6.444410728759746e-08  1.195220265045881e+00 
 6.446410728759746e-08  1.195220265045882e+00 
 6.448410728759745e-08  1.195220265045882e+00 
 6.450410728759745e-08  1.195220265045882e+00 
 6.452410728759744e-08  1.195220265045881e+00 
 6.454410728759744e-08  1.195220265045882e+00 
 6.456410728759744e-08  1.195220265045882e+00 
 6.458410728759743e-08  1.195220265045882e+00 
 6.460410728759743e-08  1.195220265045881e+00 
 6.462410728759743e-08  1.195220265045882e+00 
 6.464410728759742e-08  1.195220265045882e+00 
 6.466410728759742e-08  1.195220265045882e+00 
 6.468410728759741e-08  1.195220265045881e+00 
 6.470410728759741e-08  1.195220265045882e+00 
 6.472410728759741e-08  1.195220265045882e+00 
 6.474410728759740e-08  1.195220265045882e+00 
 6.476410728759740e-08  1.195220265045881e+00 
 6.478410728759740e-08  1.195220265045882e+00 
 6.480410728759739e-08  1.195220265045882e+00 
 6.482410728759739e-08  1.195220265045882e+00 
 6.484410728759738e-08  1.195220265045881e+00 
 6.486410728759738e-08  1.195220265045882e+00 
 6.488410728759738e-08  1.195220265045882e+00 
 6.490410728759737e-08  1.195220265045882e+00 
 6.492410728759737e-08  1.195220265045881e+00 
 6.494410728759736e-08  1.195220265045882e+00 
 6.496410728759736e-08  1.195220265045882e+00 
 6.498410728759736e-08  1.195220265045882e+00 
 6.500410728759735e-08  1.195220265045881e+00 
 6.502410728759735e-08  1.195220265045882e+00 
 6.504410728759735e-08  1.195220265045882e+00 
 6.506410728759734e-08  1.195220265045882e+00 
 6.508410728759734e-08  1.195220265045881e+00 
 6.510410728759733e-08  1.195220265045882e+00 
 6.512410728759733e-08  1.195220265045882e+00 
 6.514410728759733e-08  1.195220265045882e+00 
 6.516410728759732e-08  1.195220265045881e+00 
 6.518410728759732e-08  1.195220265045882e+00 
 6.520410728759732e-08  1.195220265045882e+00 
 6.522410728759731e-08  1.195220265045882e+00 
 6.524410728759731e-08  1.195220265045881e+00 
 6.526410728759730e-08  1.195220265045882e+00 
 6.528410728759730e-08  1.195220265045882e+00 
 6.530410728759730e-08  1.195220265045882e+00 
 6.532410728759729e-08  1.195220265045881e+00 
 6.534410728759729e-08  1.195220265045882e+00 
 6.536410728759729e-08  1.195220265045882e+00 
 6.538410728759728e-08  1.195220265045882e+00 
 6.540410728759728e-08  1.195220265045881e+00 
 6.542410728759727e-08  1.195220265045882e+00 
 6.544410728759727e-08  1.195220265045882e+00 
 6.546410728759727e-08  1.195220265045882e+00 
 6.548410728759726e-08  1.195220265045881e+00 
 6.550410728759726e-08  1.195220265045882e+00 
 6.552410728759725e-08  1.195220265045882e+00 
 6.554410728759725e-08  1.195220265045882e+00 
 6.556410728759725e-08  1.195220265045881e+00 
 6.558410728759724e-08  1.195220265045882e+00 
 6.560410728759724e-08  1.195220265045882e+00 
 6.562410728759724e-08  1.195220265045882e+00 
 6.564410728759723e-08  1.195220265045881e+00 
 6.566410728759723e-08  1.195220265045882e+00 
 6.568410728759722e-08  1.195220265045882e+00 
 6.570410728759722e-08  1.195220265045882e+00 
 6.572410728759722e-08  1.195220265045881e+00 
 6.574410728759721e-08  1.195220265045882e+00 
 6.576410728759721e-08  1.195220265045882e+00 
 6.578410728759721e-08  1.195220265045882e+00 
 6.580410728759720e-08  1.195220265045881e+00 
 6.582410728759720e-08  1.195220265045882e+00 
 6.584410728759719e-08  1.195220265045882e+00 
 6.586410728759719e-08  1.195220265045882e+00 
 6.588410728759719e-08  1.195220265045881e+00 
 6.590410728759718e-08  1.195220265045882e+00 
 6.592410728759718e-08  1.195220265045882e+00 
 6.594410728759718e-08  1.195220265045882e+00 
 6.596410728759717e-08  1.195220265045881e+00 
 6.598410728759717e-08  1.195220265045882e+00 
 6.600410728759716e-08  1.195220265045882e+00 
 6.602410728759716e-08  1.195220265045882e+00 
 6.604410728759716e-08  1.195220265045881e+00 
 6.606410728759715e-08  1.195220265045882e+00 
 6.608410728759715e-08  1.195220265045882e+00 
 6.610410728759715e-08  1.195220265045882e+00 
 6.612410728759714e-08  1.195220265045881e+00 
 6.614410728759714e-08  1.195220265045882e+00 
 6.616410728759713e-08  1.195220265045882e+00 
 6.618410728759713e-08  1.195220265045882e+00 
 6.620410728759713e-08  1.195220265045881e+00 
 6.622410728759712e-08  1.195220265045882e+00 
 6.624410728759712e-08  1.195220265045882e+00 
 6.626410728759711e-08  1.195220265045882e+00 
 6.628410728759711e-08  1.195220265045881e+00 
 6.630410728759711e-08  1.195220265045882e+00 
 6.632410728759710e-08  1.195220265045882e+00 
 6.634410728759710e-08  1.195220265045882e+00 
 6.636410728759710e-08  1.195220265045881e+00 
 6.638410728759709e-08  1.195220265045882e+00 
 6.640410728759709e-08  1.195220265045882e+00 
 6.642410728759708e-08  1.195220265045882e+00 
 6.644410728759708e-08  1.195220265045881e+00 
 6.646410728759708e-08  1.195220265045882e+00 
 6.648410728759707e-08  1.195220265045882e+00 
 6.650410728759707e-08  1.195220265045882e+00 
 6.652410728759707e-08  1.195220265045881e+00 
 6.654410728759706e-08  1.195220265045882e+00 
 6.656410728759706e-08  1.195220265045882e+00 
 6.658410728759705e-08  1.195220265045882e+00 
 6.660410728759705e-08  1.195220265045881e+00 
 6.662410728759705e-08  1.195220265045882e+00 
 6.664410728759704e-08  1.195220265045882e+00 
 6.666410728759704e-08  1.195220265045882e+00 
 6.668410728759704e-08  1.195220265045881e+00 
 6.670410728759703e-08  1.195220265045882e+00 
 6.672410728759703e-08  1.195220265045882e+00 
 6.674410728759702e-08  1.195220265045882e+00 
 6.676410728759702e-08  1.195220265045881e+00 
 6.678410728759702e-08  1.195220265045882e+00 
 6.680410728759701e-08  1.195220265045882e+00 
 6.682410728759701e-08  1.195220265045882e+00 
 6.684410728759700e-08  1.195220265045881e+00 
 6.686410728759700e-08  1.195220265045882e+00 
 6.688410728759700e-08  1.195220265045882e+00 
 6.690410728759699e-08  1.195220265045882e+00 
 6.692410728759699e-08  1.195220265045881e+00 
 6.694410728759699e-08  1.195220265045882e+00 
 6.696410728759698e-08  1.195220265045882e+00 
 6.698410728759698e-08  1.195220265045882e+00 
 6.700410728759697e-08  1.195220265045881e+00 
 6.702410728759697e-08  1.195220265045882e+00 
 6.704410728759697e-08  1.195220265045882e+00 
 6.706410728759696e-08  1.195220265045882e+00 
 6.708410728759696e-08  1.195220265045881e+00 
 6.710410728759696e-08  1.195220265045882e+00 
 6.712410728759695e-08  1.195220265045882e+00 
 6.714410728759695e-08  1.195220265045882e+00 
 6.716410728759694e-08  1.195220265045881e+00 
 6.718410728759694e-08  1.195220265045882e+00 
 6.720410728759694e-08  1.195220265045882e+00 
 6.722410728759693e-08  1.195220265045882e+00 
 6.724410728759693e-08  1.195220265045881e+00 
 6.726410728759693e-08  1.195220265045882e+00 
 6.728410728759692e-08  1.195220265045882e+00 
 6.730410728759692e-08  1.195220265045882e+00 
 6.732410728759691e-08  1.195220265045881e+00 
 6.734410728759691e-08  1.195220265045882e+00 
 6.736410728759691e-08  1.195220265045882e+00 
 6.738410728759690e-08  1.195220265045882e+00 
 6.740410728759690e-08  1.195220265045881e+00 
 6.742410728759689e-08  1.195220265045882e+00 
 6.744410728759689e-08  1.195220265045882e+00 
 6.746410728759689e-08  1.195220265045882e+00 
 6.748410728759688e-08  1.195220265045881e+00 
 6.750410728759688e-08  1.195220265045882e+00 
 6.752410728759688e-08  1.195220265045882e+00 
 6.754410728759687e-08  1.195220265045882e+00 
 6.756410728759687e-08  1.195220265045881e+00 
 6.758410728759686e-08  1.195220265045882e+00 
 6.760410728759686e-08  1.195220265045882e+00 
 6.762410728759686e-08  1.195220265045882e+00 
 6.764410728759685e-08  1.195220265045881e+00 
 6.766410728759685e-08  1.195220265045882e+00 
 6.768410728759685e-08  1.195220265045882e+00 
 6.770410728759684e-08  1.195220265045882e+00 
 6.772410728759684e-08  1.195220265045881e+00 
 6.774410728759683e-08  1.195220265045882e+00 
 6.776410728759683e-08  1.195220265045882e+00 
 6.778410728759683e-08  1.195220265045882e+00 
 6.780410728759682e-08  1.195220265045881e+00 
 6.782410728759682e-08  1.195220265045882e+00 
 6.784410728759682e-08  1.195220265045882e+00 
 6.786410728759681e-08  1.195220265045882e+00 
 6.788410728759681e-08  1.195220265045881e+00 
 6.790410728759680e-08  1.195220265045882e+00 
 6.792410728759680e-08  1.195220265045882e+00 
 6.794410728759680e-08  1.195220265045882e+00 
 6.796410728759679e-08  1.195220265045881e+00 
 6.798410728759679e-08  1.195220265045882e+00 
 6.800410728759678e-08  1.195220265045882e+00 
 6.802410728759678e-08  1.195220265045882e+00 
 6.804410728759678e-08  1.195220265045881e+00 
 6.806410728759677e-08  1.195220265045882e+00 
 6.808410728759677e-08  1.195220265045882e+00 
 6.810410728759677e-08  1.195220265045882e+00 
 6.812410728759676e-08  1.195220265045881e+00 
 6.814410728759676e-08  1.195220265045882e+00 
 6.816410728759675e-08  1.195220265045882e+00 
 6.818410728759675e-08  1.195220265045882e+00 
 6.820410728759675e-08  1.195220265045881e+00 
 6.822410728759674e-08  1.195220265045882e+00 
 6.824410728759674e-08  1.195220265045882e+00 
 6.826410728759674e-08  1.195220265045882e+00 
 6.828410728759673e-08  1.195220265045881e+00 
 6.830410728759673e-08  1.195220265045882e+00 
 6.832410728759672e-08  1.195220265045882e+00 
 6.834410728759672e-08  1.195220265045882e+00 
 6.836410728759672e-08  1.195220265045881e+00 
 6.838410728759671e-08  1.195220265045882e+00 
 6.840410728759671e-08  1.195220265045882e+00 
 6.842410728759671e-08  1.195220265045882e+00 
 6.844410728759670e-08  1.195220265045881e+00 
 6.846410728759670e-08  1.195220265045882e+00 
 6.848410728759669e-08  1.195220265045882e+00 
 6.850410728759669e-08  1.195220265045882e+00 
 6.852410728759669e-08  1.195220265045881e+00 
 6.854410728759668e-08  1.195220265045882e+00 
 6.856410728759668e-08  1.195220265045882e+00 
 6.858410728759667e-08  1.195220265045882e+00 
 6.860410728759667e-08  1.195220265045881e+00 
 6.862410728759667e-08  1.195220265045882e+00 
 6.864410728759666e-08  1.195220265045882e+00 
 6.866410728759666e-08  1.195220265045882e+00 
 6.868410728759666e-08  1.195220265045881e+00 
 6.870410728759665e-08  1.195220265045882e+00 
 6.872410728759665e-08  1.195220265045882e+00 
 6.874410728759664e-08  1.195220265045882e+00 
 6.876410728759664e-08  1.195220265045881e+00 
 6.878410728759664e-08  1.195220265045882e+00 
 6.880410728759663e-08  1.195220265045882e+00 
 6.882410728759663e-08  1.195220265045882e+00 
 6.884410728759663e-08  1.195220265045881e+00 
 6.886410728759662e-08  1.195220265045882e+00 
 6.888410728759662e-08  1.195220265045882e+00 
 6.890410728759661e-08  1.195220265045882e+00 
 6.892410728759661e-08  1.195220265045881e+00 
 6.894410728759661e-08  1.195220265045882e+00 
 6.896410728759660e-08  1.195220265045882e+00 
 6.898410728759660e-08  1.195220265045882e+00 
 6.900410728759660e-08  1.195220265045881e+00 
 6.902410728759659e-08  1.195220265045882e+00 
 6.904410728759659e-08  1.195220265045882e+00 
 6.906410728759658e-08  1.195220265045882e+00 
 6.908410728759658e-08  1.195220265045881e+00 
 6.910410728759658e-08  1.195220265045882e+00 
 6.912410728759657e-08  1.195220265045882e+00 
 6.914410728759657e-08  1.195220265045882e+00 
 6.916410728759656e-08  1.195220265045881e+00 
 6.918410728759656e-08  1.195220265045882e+00 
 6.920410728759656e-08  1.195220265045882e+00 
 6.922410728759655e-08  1.195220265045882e+00 
 6.924410728759655e-08  1.195220265045881e+00 
 6.926410728759655e-08  1.195220265045882e+00 
 6.928410728759654e-08  1.195220265045882e+00 
 6.930410728759654e-08  1.195220265045882e+00 
 6.932410728759653e-08  1.195220265045881e+00 
 6.934410728759653e-08  1.195220265045882e+00 
 6.936410728759653e-08  1.195220265045882e+00 
 6.938410728759652e-08  1.195220265045882e+00 
 6.940410728759652e-08  1.195220265045881e+00 
 6.942410728759652e-08  1.195220265045882e+00 
 6.944410728759651e-08  1.195220265045882e+00 
 6.946410728759651e-08  1.195220265045882e+00 
 6.948410728759650e-08  1.195220265045881e+00 
 6.950410728759650e-08  1.195220265045882e+00 
 6.952410728759650e-08  1.195220265045882e+00 
 6.954410728759649e-08  1.195220265045882e+00 
 6.956410728759649e-08  1.195220265045881e+00 
 6.958410728759649e-08  1.195220265045882e+00 
 6.960410728759648e-08  1.195220265045882e+00 
 6.962410728759648e-08  1.195220265045882e+00 
 6.964410728759647e-08  1.195220265045881e+00 
 6.966410728759647e-08  1.195220265045882e+00 
 6.968410728759647e-08  1.195220265045882e+00 
 6.970410728759646e-08  1.195220265045882e+00 
 6.972410728759646e-08  1.195220265045881e+00 
 6.974410728759645e-08  1.195220265045882e+00 
 6.976410728759645e-08  1.195220265045882e+00 
 6.978410728759645e-08  1.195220265045882e+00 
 6.980410728759644e-08  1.195220265045881e+00 
 6.982410728759644e-08  1.195220265045882e+00 
 6.984410728759644e-08  1.195220265045882e+00 
 6.986410728759643e-08  1.195220265045882e+00 
 6.988410728759643e-08  1.195220265045881e+00 
 6.990410728759642e-08  1.195220265045882e+00 
 6.992410728759642e-08  1.195220265045882e+00 
 6.994410728759642e-08  1.195220265045882e+00 
 6.996410728759641e-08  1.195220265045881e+00 
 6.998410728759641e-08  1.195220265045882e+00 
 7.000410728759641e-08  1.195220265045882e+00 
 7.002410728759640e-08  1.195220265045882e+00 
 7.004410728759640e-08  1.195220265045881e+00 
 7.006410728759639e-08  1.195220265045882e+00 
 7.008410728759639e-08  1.195220265045882e+00 
 7.010410728759639e-08  1.195220265045882e+00 
 7.012410728759638e-08  1.195220265045881e+00 
 7.014410728759638e-08  1.195220265045882e+00 
 7.016410728759638e-08  1.195220265045882e+00 
 7.018410728759637e-08  1.195220265045882e+00 
 7.020410728759637e-08  1.195220265045881e+00 
 7.022410728759636e-08  1.195220265045882e+00 
 7.024410728759636e-08  1.195220265045882e+00 
 7.026410728759636e-08  1.195220265045882e+00 
 7.028410728759635e-08  1.195220265045881e+00 
 7.030410728759635e-08  1.195220265045882e+00 
 7.032410728759635e-08  1.195220265045882e+00 
 7.034410728759634e-08  1.195220265045882e+00 
 7.036410728759634e-08  1.195220265045881e+00 
 7.038410728759633e-08  1.195220265045882e+00 
 7.040410728759633e-08  1.195220265045882e+00 
 7.042410728759633e-08  1.195220265045882e+00 
 7.044410728759632e-08  1.195220265045881e+00 
 7.046410728759632e-08  1.195220265045882e+00 
 7.048410728759631e-08  1.195220265045882e+00 
 7.050410728759631e-08  1.195220265045882e+00 
 7.052410728759631e-08  1.195220265045881e+00 
 7.054410728759630e-08  1.195220265045882e+00 
 7.056410728759630e-08  1.195220265045882e+00 
 7.058410728759630e-08  1.195220265045882e+00 
 7.060410728759629e-08  1.195220265045881e+00 
 7.062410728759629e-08  1.195220265045882e+00 
 7.064410728759628e-08  1.195220265045882e+00 
 7.066410728759628e-08  1.195220265045882e+00 
 7.068410728759628e-08  1.195220265045881e+00 
 7.070410728759627e-08  1.195220265045882e+00 
 7.072410728759627e-08  1.195220265045882e+00 
 7.074410728759627e-08  1.195220265045882e+00 
 7.076410728759626e-08  1.195220265045881e+00 
 7.078410728759626e-08  1.195220265045882e+00 
 7.080410728759625e-08  1.195220265045882e+00 
 7.082410728759625e-08  1.195220265045882e+00 
 7.084410728759625e-08  1.195220265045881e+00 
 7.086410728759624e-08  1.195220265045882e+00 
 7.088410728759624e-08  1.195220265045882e+00 
 7.090410728759624e-08  1.195220265045882e+00 
 7.092410728759623e-08  1.195220265045881e+00 
 7.094410728759623e-08  1.195220265045882e+00 
 7.096410728759622e-08  1.195220265045882e+00 
 7.098410728759622e-08  1.195220265045882e+00 
 7.100410728759622e-08  1.195220265045881e+00 
 7.102410728759621e-08  1.195220265045882e+00 
 7.104410728759621e-08  1.195220265045882e+00 
 7.106410728759620e-08  1.195220265045882e+00 
 7.108410728759620e-08  1.195220265045881e+00 
 7.110410728759620e-08  1.195220265045882e+00 
 7.112410728759619e-08  1.195220265045882e+00 
 7.114410728759619e-08  1.195220265045882e+00 
 7.116410728759619e-08  1.195220265045881e+00 
 7.118410728759618e-08  1.195220265045882e+00 
 7.120410728759618e-08  1.195220265045882e+00 
 7.122410728759617e-08  1.195220265045882e+00 
 7.124410728759617e-08  1.195220265045881e+00 
 7.126410728759617e-08  1.195220265045882e+00 
 7.128410728759616e-08  1.195220265045882e+00 
 7.130410728759616e-08  1.195220265045882e+00 
 7.132410728759616e-08  1.195220265045881e+00 
 7.134410728759615e-08  1.195220265045882e+00 
 7.136410728759615e-08  1.195220265045882e+00 
 7.138410728759614e-08  1.195220265045882e+00 
 7.140410728759614e-08  1.195220265045881e+00 
 7.142410728759614e-08  1.195220265045882e+00 
 7.144410728759613e-08  1.195220265045882e+00 
 7.146410728759613e-08  1.195220265045882e+00 
 7.148410728759613e-08  1.195220265045881e+00 
 7.150410728759612e-08  1.195220265045882e+00 
 7.152410728759612e-08  1.195220265045882e+00 
 7.154410728759611e-08  1.195220265045882e+00 
 7.156410728759611e-08  1.195220265045881e+00 
 7.158410728759611e-08  1.195220265045882e+00 
 7.160410728759610e-08  1.195220265045882e+00 
 7.162410728759610e-08  1.195220265045882e+00 
 7.164410728759609e-08  1.195220265045881e+00 
 7.166410728759609e-08  1.195220265045882e+00 
 7.168410728759609e-08  1.195220265045882e+00 
 7.170410728759608e-08  1.195220265045882e+00 
 7.172410728759608e-08  1.195220265045881e+00 
 7.174410728759608e-08  1.195220265045882e+00 
 7.176410728759607e-08  1.195220265045882e+00 
 7.178410728759607e-08  1.195220265045882e+00 
 7.180410728759606e-08  1.195220265045881e+00 
 7.182410728759606e-08  1.195220265045882e+00 
 7.184410728759606e-08  1.195220265045882e+00 
 7.186410728759605e-08  1.195220265045882e+00 
 7.188410728759605e-08  1.195220265045881e+00 
 7.190410728759605e-08  1.195220265045882e+00 
 7.192410728759604e-08  1.195220265045882e+00 
 7.194410728759604e-08  1.195220265045882e+00 
 7.196410728759603e-08  1.195220265045881e+00 
 7.198410728759603e-08  1.195220265045882e+00 
 7.200410728759603e-08  1.195220265045882e+00 
 7.202410728759602e-08  1.195220265045882e+00 
 7.204410728759602e-08  1.195220265045881e+00 
 7.206410728759602e-08  1.195220265045882e+00 
 7.208410728759601e-08  1.195220265045882e+00 
 7.210410728759601e-08  1.195220265045882e+00 
 7.212410728759600e-08  1.195220265045881e+00 
 7.214410728759600e-08  1.195220265045882e+00 
 7.216410728759600e-08  1.195220265045882e+00 
 7.218410728759599e-08  1.195220265045882e+00 
 7.220410728759599e-08  1.195220265045881e+00 
 7.222410728759598e-08  1.195220265045882e+00 
 7.224410728759598e-08  1.195220265045882e+00 
 7.226410728759598e-08  1.195220265045882e+00 
 7.228410728759597e-08  1.195220265045881e+00 
 7.230410728759597e-08  1.195220265045882e+00 
 7.232410728759597e-08  1.195220265045882e+00 
 7.234410728759596e-08  1.195220265045882e+00 
 7.236410728759596e-08  1.195220265045881e+00 
 7.238410728759595e-08  1.195220265045882e+00 
 7.240410728759595e-08  1.195220265045882e+00 
 7.242410728759595e-08  1.195220265045882e+00 
 7.244410728759594e-08  1.195220265045881e+00 
 7.246410728759594e-08  1.195220265045882e+00 
 7.248410728759594e-08  1.195220265045882e+00 
 7.250410728759593e-08  1.195220265045882e+00 
 7.252410728759593e-08  1.195220265045881e+00 
 7.254410728759592e-08  1.195220265045882e+00 
 7.256410728759592e-08  1.195220265045882e+00 
 7.258410728759592e-08  1.195220265045882e+00 
 7.260410728759591e-08  1.195220265045881e+00 
 7.262410728759591e-08  1.195220265045882e+00 
 7.264410728759591e-08  1.195220265045882e+00 
 7.266410728759590e-08  1.195220265045882e+00 
 7.268410728759590e-08  1.195220265045881e+00 
 7.270410728759589e-08  1.195220265045882e+00 
 7.272410728759589e-08  1.195220265045882e+00 
 7.274410728759589e-08  1.195220265045882e+00 
 7.276410728759588e-08  1.195220265045881e+00 
 7.278410728759588e-08  1.195220265045882e+00 
 7.280410728759587e-08  1.195220265045882e+00 
 7.282410728759587e-08  1.195220265045882e+00 
 7.284410728759587e-08  1.195220265045881e+00 
 7.286410728759586e-08  1.195220265045882e+00 
 7.288410728759586e-08  1.195220265045882e+00 
 7.290410728759586e-08  1.195220265045882e+00 
 7.292410728759585e-08  1.195220265045881e+00 
 7.294410728759585e-08  1.195220265045882e+00 
 7.296410728759584e-08  1.195220265045882e+00 
 7.298410728759584e-08  1.195220265045882e+00 
 7.300410728759584e-08  1.195220265045881e+00 
 7.302410728759583e-08  1.195220265045882e+00 
 7.304410728759583e-08  1.195220265045882e+00 
 7.306410728759583e-08  1.195220265045882e+00 
 7.308410728759582e-08  1.195220265045881e+00 
 7.310410728759582e-08  1.195220265045882e+00 
 7.312410728759581e-08  1.195220265045882e+00 
 7.314410728759581e-08  1.195220265045882e+00 
 7.316410728759581e-08  1.195220265045881e+00 
 7.318410728759580e-08  1.195220265045882e+00 
 7.320410728759580e-08  1.195220265045882e+00 
 7.322410728759580e-08  1.195220265045882e+00 
 7.324410728759579e-08  1.195220265045881e+00 
 7.326410728759579e-08  1.195220265045882e+00 
 7.328410728759578e-08  1.195220265045882e+00 
 7.330410728759578e-08  1.195220265045882e+00 
 7.332410728759578e-08  1.195220265045881e+00 
 7.334410728759577e-08  1.195220265045882e+00 
 7.336410728759577e-08  1.195220265045882e+00 
 7.338410728759576e-08  1.195220265045882e+00 
 7.340410728759576e-08  1.195220265045881e+00 
 7.342410728759576e-08  1.195220265045882e+00 
 7.344410728759575e-08  1.195220265045882e+00 
 7.346410728759575e-08  1.195220265045882e+00 
 7.348410728759575e-08  1.195220265045881e+00 
 7.350410728759574e-08  1.195220265045882e+00 
 7.352410728759574e-08  1.195220265045882e+00 
 7.354410728759573e-08  1.195220265045882e+00 
 7.356410728759573e-08  1.195220265045881e+00 
 7.358410728759573e-08  1.195220265045882e+00 
 7.360410728759572e-08  1.195220265045882e+00 
 7.362410728759572e-08  1.195220265045882e+00 
 7.364410728759572e-08  1.195220265045881e+00 
 7.366410728759571e-08  1.195220265045882e+00 
 7.368410728759571e-08  1.195220265045882e+00 
 7.370410728759570e-08  1.195220265045882e+00 
 7.372410728759570e-08  1.195220265045881e+00 
 7.374410728759570e-08  1.195220265045882e+00 
 7.376410728759569e-08  1.195220265045882e+00 
 7.378410728759569e-08  1.195220265045882e+00 
 7.380410728759569e-08  1.195220265045881e+00 
 7.382410728759568e-08  1.195220265045882e+00 
 7.384410728759568e-08  1.195220265045882e+00 
 7.386410728759567e-08  1.195220265045882e+00 
 7.388410728759567e-08  1.195220265045881e+00 
 7.390410728759567e-08  1.195220265045882e+00 
 7.392410728759566e-08  1.195220265045882e+00 
 7.394410728759566e-08  1.195220265045882e+00 
 7.396410728759566e-08  1.195220265045881e+00 
 7.398410728759565e-08  1.195220265045882e+00 
 7.400410728759565e-08  1.195220265045882e+00 
 7.402410728759564e-08  1.195220265045882e+00 
 7.404410728759564e-08  1.195220265045881e+00 
 7.406410728759564e-08  1.195220265045882e+00 
 7.408410728759563e-08  1.195220265045882e+00 
 7.410410728759563e-08  1.195220265045882e+00 
 7.412410728759562e-08  1.195220265045881e+00 
 7.414410728759562e-08  1.195220265045882e+00 
 7.416410728759562e-08  1.195220265045882e+00 
 7.418410728759561e-08  1.195220265045882e+00 
 7.420410728759561e-08  1.195220265045881e+00 
 7.422410728759561e-08  1.195220265045882e+00 
 7.424410728759560e-08  1.195220265045882e+00 
 7.426410728759560e-08  1.195220265045882e+00 
 7.428410728759559e-08  1.195220265045881e+00 
 7.430410728759559e-08  1.195220265045882e+00 
 7.432410728759559e-08  1.195220265045882e+00 
 7.434410728759558e-08  1.195220265045882e+00 
 7.436410728759558e-08  1.195220265045881e+00 
 7.438410728759558e-08  1.195220265045882e+00 
 7.440410728759557e-08  1.195220265045882e+00 
 7.442410728759557e-08  1.195220265045882e+00 
 7.444410728759556e-08  1.195220265045881e+00 
 7.446410728759556e-08  1.195220265045882e+00 
 7.448410728759556e-08  1.195220265045882e+00 
 7.450410728759555e-08  1.195220265045882e+00 
 7.452410728759555e-08  1.195220265045881e+00 
 7.454410728759555e-08  1.195220265045882e+00 
 7.456410728759554e-08  1.195220265045882e+00 
 7.458410728759554e-08  1.195220265045882e+00 
 7.460410728759553e-08  1.195220265045881e+00 
 7.462410728759553e-08  1.195220265045882e+00 
 7.464410728759553e-08  1.195220265045882e+00 
 7.466410728759552e-08  1.195220265045882e+00 
 7.468410728759552e-08  1.195220265045881e+00 
 7.470410728759551e-08  1.195220265045882e+00 
 7.472410728759551e-08  1.195220265045882e+00 
 7.474410728759551e-08  1.195220265045882e+00 
 7.476410728759550e-08  1.195220265045881e+00 
 7.478410728759550e-08  1.195220265045882e+00 
 7.480410728759550e-08  1.195220265045882e+00 
 7.482410728759549e-08  1.195220265045882e+00 
 7.484410728759549e-08  1.195220265045881e+00 
 7.486410728759548e-08  1.195220265045882e+00 
 7.488410728759548e-08  1.195220265045882e+00 
 7.490410728759548e-08  1.195220265045882e+00 
 7.492410728759547e-08  1.195220265045881e+00 
 7.494410728759547e-08  1.195220265045882e+00 
 7.496410728759547e-08  1.195220265045882e+00 
 7.498410728759546e-08  1.195220265045882e+00 
 7.500410728759546e-08  1.195220265045881e+00 
 7.502410728759545e-08  1.195220265045882e+00 
 7.504410728759545e-08  1.195220265045882e+00 
 7.506410728759545e-08  1.195220265045882e+00 
 7.508410728759544e-08  1.195220265045881e+00 
 7.510410728759544e-08  1.195220265045882e+00 
 7.512410728759544e-08  1.195220265045882e+00 
 7.514410728759543e-08  1.195220265045882e+00 
 7.516410728759543e-08  1.195220265045881e+00 
 7.518410728759542e-08  1.195220265045882e+00 
 7.520410728759542e-08  1.195220265045882e+00 
 7.522410728759542e-08  1.195220265045882e+00 
 7.524410728759541e-08  1.195220265045881e+00 
 7.526410728759541e-08  1.195220265045882e+00 
 7.528410728759540e-08  1.195220265045882e+00 
 7.530410728759540e-08  1.195220265045882e+00 
 7.532410728759540e-08  1.195220265045881e+00 
 7.534410728759539e-08  1.195220265045882e+00 
 7.536410728759539e-08  1.195220265045882e+00 
 7.538410728759539e-08  1.195220265045882e+00 
 7.540410728759538e-08  1.195220265045881e+00 
 7.542410728759538e-08  1.195220265045882e+00 
 7.544410728759537e-08  1.195220265045882e+00 
 7.546410728759537e-08  1.195220265045882e+00 
 7.548410728759537e-08  1.195220265045881e+00 
 7.550410728759536e-08  1.195220265045882e+00 
 7.552410728759536e-08  1.195220265045882e+00 
 7.554410728759536e-08  1.195220265045882e+00 
 7.556410728759535e-08  1.195220265045881e+00 
 7.558410728759535e-08  1.195220265045882e+00 
 7.560410728759534e-08  1.195220265045882e+00 
 7.562410728759534e-08  1.195220265045882e+00 
 7.564410728759534e-08  1.195220265045881e+00 
 7.566410728759533e-08  1.195220265045882e+00 
 7.568410728759533e-08  1.195220265045882e+00 
 7.570410728759533e-08  1.195220265045882e+00 
 7.572410728759532e-08  1.195220265045881e+00 
 7.574410728759532e-08  1.195220265045882e+00 
 7.576410728759531e-08  1.195220265045882e+00 
 7.578410728759531e-08  1.195220265045882e+00 
 7.580410728759531e-08  1.195220265045881e+00 
 7.582410728759530e-08  1.195220265045882e+00 
 7.584410728759530e-08  1.195220265045882e+00 
 7.586410728759529e-08  1.195220265045882e+00 
 7.588410728759529e-08  1.195220265045881e+00 
 7.590410728759529e-08  1.195220265045882e+00 
 7.592410728759528e-08  1.195220265045882e+00 
 7.594410728759528e-08  1.195220265045882e+00 
 7.596410728759528e-08  1.195220265045881e+00 
 7.598410728759527e-08  1.195220265045882e+00 
 7.600410728759527e-08  1.195220265045882e+00 
 7.602410728759526e-08  1.195220265045882e+00 
 7.604410728759526e-08  1.195220265045881e+00 
 7.606410728759526e-08  1.195220265045882e+00 
 7.608410728759525e-08  1.195220265045882e+00 
 7.610410728759525e-08  1.195220265045882e+00 
 7.612410728759525e-08  1.195220265045881e+00 
 7.614410728759524e-08  1.195220265045882e+00 
 7.616410728759524e-08  1.195220265045882e+00 
 7.618410728759523e-08  1.195220265045882e+00 
 7.620410728759523e-08  1.195220265045881e+00 
 7.622410728759523e-08  1.195220265045882e+00 
 7.624410728759522e-08  1.195220265045882e+00 
 7.626410728759522e-08  1.195220265045882e+00 
 7.628410728759522e-08  1.195220265045881e+00 
 7.630410728759521e-08  1.195220265045882e+00 
 7.632410728759521e-08  1.195220265045882e+00 
 7.634410728759520e-08  1.195220265045882e+00 
 7.636410728759520e-08  1.195220265045881e+00 
 7.638410728759520e-08  1.195220265045882e+00 
 7.640410728759519e-08  1.195220265045882e+00 
 7.642410728759519e-08  1.195220265045882e+00 
 7.644410728759518e-08  1.195220265045881e+00 
 7.646410728759518e-08  1.195220265045882e+00 
 7.648410728759518e-08  1.195220265045882e+00 
 7.650410728759517e-08  1.195220265045882e+00 
 7.652410728759517e-08  1.195220265045881e+00 
 7.654410728759517e-08  1.195220265045882e+00 
 7.656410728759516e-08  1.195220265045882e+00 
 7.658410728759516e-08  1.195220265045882e+00 
 7.660410728759515e-08  1.195220265045881e+00 
 7.662410728759515e-08  1.195220265045882e+00 
 7.664410728759515e-08  1.195220265045882e+00 
 7.666410728759514e-08  1.195220265045882e+00 
 7.668410728759514e-08  1.195220265045881e+00 
 7.670410728759514e-08  1.195220265045882e+00 
 7.672410728759513e-08  1.195220265045882e+00 
 7.674410728759513e-08  1.195220265045882e+00 
 7.676410728759512e-08  1.195220265045881e+00 
 7.678410728759512e-08  1.195220265045882e+00 
 7.680410728759512e-08  1.195220265045882e+00 
 7.682410728759511e-08  1.195220265045882e+00 
 7.684410728759511e-08  1.195220265045881e+00 
 7.686410728759511e-08  1.195220265045882e+00 
 7.688410728759510e-08  1.195220265045882e+00 
 7.690410728759510e-08  1.195220265045882e+00 
 7.692410728759509e-08  1.195220265045881e+00 
 7.694410728759509e-08  1.195220265045882e+00 
 7.696410728759509e-08  1.195220265045882e+00 
 7.698410728759508e-08  1.195220265045882e+00 
 7.700410728759508e-08  1.195220265045881e+00 
 7.702410728759507e-08  1.195220265045882e+00 
 7.704410728759507e-08  1.195220265045882e+00 
 7.706410728759507e-08  1.195220265045882e+00 
 7.708410728759506e-08  1.195220265045881e+00 
 7.710410728759506e-08  1.195220265045882e+00 
 7.712410728759506e-08  1.195220265045882e+00 
 7.714410728759505e-08  1.195220265045882e+00 
 7.716410728759505e-08  1.195220265045881e+00 
 7.718410728759504e-08  1.195220265045882e+00 
 7.720410728759504e-08  1.195220265045882e+00 
 7.722410728759504e-08  1.195220265045882e+00 
 7.724410728759503e-08  1.195220265045881e+00 
 7.726410728759503e-08  1.195220265045882e+00 
 7.728410728759503e-08  1.195220265045882e+00 
 7.730410728759502e-08  1.195220265045882e+00 
 7.732410728759502e-08  1.195220265045881e+00 
 7.734410728759501e-08  1.195220265045882e+00 
 7.736410728759501e-08  1.195220265045882e+00 
 7.738410728759501e-08  1.195220265045882e+00 
 7.740410728759500e-08  1.195220265045881e+00 
 7.742410728759500e-08  1.195220265045882e+00 
 7.744410728759500e-08  1.195220265045882e+00 
 7.746410728759499e-08  1.195220265045882e+00 
 7.748410728759499e-08  1.195220265045881e+00 
 7.750410728759498e-08  1.195220265045882e+00 
 7.752410728759498e-08  1.195220265045882e+00 
 7.754410728759498e-08  1.195220265045882e+00 
 7.756410728759497e-08  1.195220265045881e+00 
 7.758410728759497e-08  1.195220265045882e+00 
 7.760410728759496e-08  1.195220265045882e+00 
 7.762410728759496e-08  1.195220265045882e+00 
 7.764410728759496e-08  1.195220265045881e+00 
 7.766410728759495e-08  1.195220265045882e+00 
 7.768410728759495e-08  1.195220265045882e+00 
 7.770410728759495e-08  1.195220265045882e+00 
 7.772410728759494e-08  1.195220265045881e+00 
 7.774410728759494e-08  1.195220265045882e+00 
 7.776410728759493e-08  1.195220265045882e+00 
 7.778410728759493e-08  1.195220265045882e+00 
 7.780410728759493e-08  1.195220265045881e+00 
 7.782410728759492e-08  1.195220265045882e+00 
 7.784410728759492e-08  1.195220265045882e+00 
 7.786410728759492e-08  1.195220265045882e+00 
 7.788410728759491e-08  1.195220265045881e+00 
 7.790410728759491e-08  1.195220265045882e+00 
 7.792410728759490e-08  1.195220265045882e+00 
 7.794410728759490e-08  1.195220265045882e+00 
 7.796410728759490e-08  1.195220265045881e+00 
 7.798410728759489e-08  1.195220265045882e+00 
 7.800410728759489e-08  1.195220265045882e+00 
 7.802410728759489e-08  1.195220265045882e+00 
 7.804410728759488e-08  1.195220265045881e+00 
 7.806410728759488e-08  1.195220265045882e+00 
 7.808410728759487e-08  1.195220265045882e+00 
 7.810410728759487e-08  1.195220265045882e+00 
 7.812410728759487e-08  1.195220265045881e+00 
 7.814410728759486e-08  1.195220265045882e+00 
 7.816410728759486e-08  1.195220265045882e+00 
 7.818410728759486e-08  1.195220265045882e+00 
 7.820410728759485e-08  1.195220265045881e+00 
 7.822410728759485e-08  1.195220265045882e+00 
 7.824410728759484e-08  1.195220265045882e+00 
 7.826410728759484e-08  1.195220265045882e+00 
 7.828410728759484e-08  1.195220265045881e+00 
 7.830410728759483e-08  1.195220265045882e+00 
 7.832410728759483e-08  1.195220265045882e+00 
 7.834410728759482e-08  1.195220265045882e+00 
 7.836410728759482e-08  1.195220265045881e+00 
 7.838410728759482e-08  1.195220265045882e+00 
 7.840410728759481e-08  1.195220265045882e+00 
 7.842410728759481e-08  1.195220265045882e+00 
 7.844410728759481e-08  1.195220265045881e+00 
 7.846410728759480e-08  1.195220265045882e+00 
 7.848410728759480e-08  1.195220265045882e+00 
 7.850410728759479e-08  1.195220265045882e+00 
 7.852410728759479e-08  1.195220265045881e+00 
 7.854410728759479e-08  1.195220265045882e+00 
 7.856410728759478e-08  1.195220265045882e+00 
 7.858410728759478e-08  1.195220265045882e+00 
 7.860410728759478e-08  1.195220265045881e+00 
 7.862410728759477e-08  1.195220265045882e+00 
 7.864410728759477e-08  1.195220265045882e+00 
 7.866410728759476e-08  1.195220265045882e+00 
 7.868410728759476e-08  1.195220265045881e+00 
 7.870410728759476e-08  1.195220265045882e+00 
 7.872410728759475e-08  1.195220265045882e+00 
 7.874410728759475e-08  1.195220265045882e+00 
 7.876410728759475e-08  1.195220265045881e+00 
 7.878410728759474e-08  1.195220265045882e+00 
 7.880410728759474e-08  1.195220265045882e+00 
 7.882410728759473e-08  1.195220265045882e+00 
 7.884410728759473e-08  1.195220265045881e+00 
 7.886410728759473e-08  1.195220265045882e+00 
 7.888410728759472e-08  1.195220265045882e+00 
 7.890410728759472e-08  1.195220265045882e+00 
 7.892410728759471e-08  1.195220265045881e+00 
 7.894410728759471e-08  1.195220265045882e+00 
 7.896410728759471e-08  1.195220265045882e+00 
 7.898410728759470e-08  1.195220265045882e+00 
 7.900410728759470e-08  1.195220265045881e+00 
 7.902410728759470e-08  1.195220265045882e+00 
 7.904410728759469e-08  1.195220265045882e+00 
 7.906410728759469e-08  1.195220265045882e+00 
 7.908410728759468e-08  1.195220265045881e+00 
 7.910410728759468e-08  1.195220265045882e+00 
 7.912410728759468e-08  1.195220265045882e+00 
 7.914410728759467e-08  1.195220265045882e+00 
 7.916410728759467e-08  1.195220265045881e+00 
 7.918410728759467e-08  1.195220265045882e+00 
 7.920410728759466e-08  1.195220265045882e+00 
 7.922410728759466e-08  1.195220265045882e+00 
 7.924410728759465e-08  1.195220265045881e+00 
 7.926410728759465e-08  1.195220265045882e+00 
 7.928410728759465e-08  1.195220265045882e+00 
 7.930410728759464e-08  1.195220265045882e+00 
 7.932410728759464e-08  1.195220265045881e+00 
 7.934410728759464e-08  1.195220265045882e+00 
 7.936410728759463e-08  1.195220265045882e+00 
 7.938410728759463e-08  1.195220265045882e+00 
 7.940410728759462e-08  1.195220265045881e+00 
 7.942410728759462e-08  1.195220265045882e+00 
 7.944410728759462e-08  1.195220265045882e+00 
 7.946410728759461e-08  1.195220265045882e+00 
 7.948410728759461e-08  1.195220265045881e+00 
 7.950410728759460e-08  1.195220265045882e+00 
 7.952410728759460e-08  1.195220265045882e+00 
 7.954410728759460e-08  1.195220265045882e+00 
 7.956410728759459e-08  1.195220265045881e+00 
 7.958410728759459e-08  1.195220265045882e+00 
 7.960410728759459e-08  1.195220265045882e+00 
 7.962410728759458e-08  1.195220265045882e+00 
 7.964410728759458e-08  1.195220265045881e+00 
 7.966410728759457e-08  1.195220265045882e+00 
 7.968410728759457e-08  1.195220265045882e+00 
 7.970410728759457e-08  1.195220265045882e+00 
 7.972410728759456e-08  1.195220265045881e+00 
 7.974410728759456e-08  1.195220265045882e+00 
 7.976410728759456e-08  1.195220265045882e+00 
 7.978410728759455e-08  1.195220265045882e+00 
 7.980410728759455e-08  1.195220265045881e+00 
 7.982410728759454e-08  1.195220265045882e+00 
 7.984410728759454e-08  1.195220265045882e+00 
 7.986410728759454e-08  1.195220265045882e+00 
 7.988410728759453e-08  1.195220265045881e+00 
 7.990410728759453e-08  1.195220265045882e+00 
 7.992410728759453e-08  1.195220265045882e+00 
 7.994410728759452e-08  1.195220265045882e+00 
 7.996410728759452e-08  1.195220265045881e+00 
 7.998410728759451e-08  1.195220265045882e+00 
 8.000410728759451e-08  1.195220265045882e+00 
 8.002410728759451e-08  1.195220265045882e+00 
 8.004410728759450e-08  1.195220265045881e+00 
 8.006410728759450e-08  1.195220265045882e+00 
 8.008410728759449e-08  1.195220265045882e+00 
 8.010410728759449e-08  1.195220265045882e+00 
 8.012410728759449e-08  1.195220265045881e+00 
 8.014410728759448e-08  1.195220265045882e+00 
 8.016410728759448e-08  1.195220265045882e+00 
 8.018410728759448e-08  1.195220265045882e+00 
 8.020410728759447e-08  1.195220265045881e+00 
 8.022410728759447e-08  1.195220265045882e+00 
 8.024410728759446e-08  1.195220265045882e+00 
 8.026410728759446e-08  1.195220265045882e+00 
 8.028410728759446e-08  1.195220265045881e+00 
 8.030410728759445e-08  1.195220265045882e+00 
 8.032410728759445e-08  1.195220265045882e+00 
 8.034410728759445e-08  1.195220265045882e+00 
 8.036410728759444e-08  1.195220265045881e+00 
 8.038410728759444e-08  1.195220265045882e+00 
 8.040410728759443e-08  1.195220265045882e+00 
 8.042410728759443e-08  1.195220265045882e+00 
 8.044410728759443e-08  1.195220265045881e+00 
 8.046410728759442e-08  1.195220265045882e+00 
 8.048410728759442e-08  1.195220265045882e+00 
 8.050410728759442e-08  1.195220265045882e+00 
 8.052410728759441e-08  1.195220265045881e+00 
 8.054410728759441e-08  1.195220265045882e+00 
 8.056410728759440e-08  1.195220265045882e+00 
 8.058410728759440e-08  1.195220265045882e+00 
 8.060410728759440e-08  1.195220265045881e+00 
 8.062410728759439e-08  1.195220265045882e+00 
 8.064410728759439e-08  1.195220265045882e+00 
 8.066410728759438e-08  1.195220265045882e+00 
 8.068410728759438e-08  1.195220265045881e+00 
 8.070410728759438e-08  1.195220265045882e+00 
 8.072410728759437e-08  1.195220265045882e+00 
 8.074410728759437e-08  1.195220265045882e+00 
 8.076410728759437e-08  1.195220265045881e+00 
 8.078410728759436e-08  1.195220265045882e+00 
 8.080410728759436e-08  1.195220265045882e+00 
 8.082410728759435e-08  1.195220265045882e+00 
 8.084410728759435e-08  1.195220265045881e+00 
 8.086410728759435e-08  1.195220265045882e+00 
 8.088410728759434e-08  1.195220265045882e+00 
 8.090410728759434e-08  1.195220265045882e+00 
 8.092410728759434e-08  1.195220265045881e+00 
 8.094410728759433e-08  1.195220265045882e+00 
 8.096410728759433e-08  1.195220265045882e+00 
 8.098410728759432e-08  1.195220265045882e+00 
 8.100410728759432e-08  1.195220265045881e+00 
 8.102410728759432e-08  1.195220265045882e+00 
 8.104410728759431e-08  1.195220265045882e+00 
 8.106410728759431e-08  1.195220265045882e+00 
 8.108410728759431e-08  1.195220265045881e+00 
 8.110410728759430e-08  1.195220265045882e+00 
 8.112410728759430e-08  1.195220265045882e+00 
 8.114410728759429e-08  1.195220265045882e+00 
 8.116410728759429e-08  1.195220265045881e+00 
 8.118410728759429e-08  1.195220265045882e+00 
 8.120410728759428e-08  1.195220265045882e+00 
 8.122410728759428e-08  1.195220265045882e+00 
 8.124410728759427e-08  1.195220265045881e+00 
 8.126410728759427e-08  1.195220265045882e+00 
 8.128410728759427e-08  1.195220265045882e+00 
 8.130410728759426e-08  1.195220265045882e+00 
 8.132410728759426e-08  1.195220265045881e+00 
 8.134410728759426e-08  1.195220265045882e+00 
 8.136410728759425e-08  1.195220265045882e+00 
 8.138410728759425e-08  1.195220265045882e+00 
 8.140410728759424e-08  1.195220265045881e+00 
 8.142410728759424e-08  1.195220265045882e+00 
 8.144410728759424e-08  1.195220265045882e+00 
 8.146410728759423e-08  1.195220265045882e+00 
 8.148410728759423e-08  1.195220265045881e+00 
 8.150410728759423e-08  1.195220265045882e+00 
 8.152410728759422e-08  1.195220265045882e+00 
 8.154410728759422e-08  1.195220265045882e+00 
 8.156410728759421e-08  1.195220265045881e+00 
 8.158410728759421e-08  1.195220265045882e+00 
 8.160410728759421e-08  1.195220265045882e+00 
 8.162410728759420e-08  1.195220265045882e+00 
 8.164410728759420e-08  1.195220265045881e+00 
 8.166410728759420e-08  1.195220265045882e+00 
 8.168410728759419e-08  1.195220265045882e+00 
 8.170410728759419e-08  1.195220265045882e+00 
 8.172410728759418e-08  1.195220265045881e+00 
 8.174410728759418e-08  1.195220265045882e+00 
 8.176410728759418e-08  1.195220265045882e+00 
 8.178410728759417e-08  1.195220265045882e+00 
 8.180410728759417e-08  1.195220265045881e+00 
 8.182410728759417e-08  1.195220265045882e+00 
 8.184410728759416e-08  1.195220265045882e+00 
 8.186410728759416e-08  1.195220265045882e+00 
 8.188410728759415e-08  1.195220265045881e+00 
 8.190410728759415e-08  1.195220265045882e+00 
 8.192410728759415e-08  1.195220265045882e+00 
 8.194410728759414e-08  1.195220265045882e+00 
 8.196410728759414e-08  1.195220265045881e+00 
 8.198410728759413e-08  1.195220265045882e+00 
 8.200410728759413e-08  1.195220265045882e+00 
 8.202410728759413e-08  1.195220265045882e+00 
 8.204410728759412e-08  1.195220265045881e+00 
 8.206410728759412e-08  1.195220265045882e+00 
 8.208410728759412e-08  1.195220265045882e+00 
 8.210410728759411e-08  1.195220265045882e+00 
 8.212410728759411e-08  1.195220265045881e+00 
 8.214410728759410e-08  1.195220265045882e+00 
 8.216410728759410e-08  1.195220265045882e+00 
 8.218410728759410e-08  1.195220265045882e+00 
 8.220410728759409e-08  1.195220265045881e+00 
 8.222410728759409e-08  1.195220265045882e+00 
 8.224410728759409e-08  1.195220265045882e+00 
 8.226410728759408e-08  1.195220265045882e+00 
 8.228410728759408e-08  1.195220265045881e+00 
 8.230410728759407e-08  1.195220265045882e+00 
 8.232410728759407e-08  1.195220265045882e+00 
 8.234410728759407e-08  1.195220265045882e+00 
 8.236410728759406e-08  1.195220265045881e+00 
 8.238410728759406e-08  1.195220265045882e+00 
 8.240410728759406e-08  1.195220265045882e+00 
 8.242410728759405e-08  1.195220265045882e+00 
 8.244410728759405e-08  1.195220265045881e+00 
 8.246410728759404e-08  1.195220265045882e+00 
 8.248410728759404e-08  1.195220265045882e+00 
 8.250410728759404e-08  1.195220265045882e+00 
 8.252410728759403e-08  1.195220265045881e+00 
 8.254410728759403e-08  1.195220265045882e+00 
 8.256410728759402e-08  1.195220265045882e+00 
 8.258410728759402e-08  1.195220265045882e+00 
 8.260410728759402e-08  1.195220265045881e+00 
 8.262410728759401e-08  1.195220265045882e+00 
 8.264410728759401e-08  1.195220265045882e+00 
 8.266410728759401e-08  1.195220265045882e+00 
 8.268410728759400e-08  1.195220265045881e+00 
 8.270410728759400e-08  1.195220265045882e+00 
 8.272410728759399e-08  1.195220265045882e+00 
 8.274410728759399e-08  1.195220265045882e+00 
 8.276410728759399e-08  1.195220265045881e+00 
 8.278410728759398e-08  1.195220265045882e+00 
 8.280410728759398e-08  1.195220265045882e+00 
 8.282410728759398e-08  1.195220265045882e+00 
 8.284410728759397e-08  1.195220265045881e+00 
 8.286410728759397e-08  1.195220265045882e+00 
 8.288410728759396e-08  1.195220265045882e+00 
 8.290410728759396e-08  1.195220265045882e+00 
 8.292410728759396e-08  1.195220265045881e+00 
 8.294410728759395e-08  1.195220265045882e+00 
 8.296410728759395e-08  1.195220265045882e+00 
 8.298410728759395e-08  1.195220265045882e+00 
 8.300410728759394e-08  1.195220265045881e+00 
 8.302410728759394e-08  1.195220265045882e+00 
 8.304410728759393e-08  1.195220265045882e+00 
 8.306410728759393e-08  1.195220265045882e+00 
 8.308410728759393e-08  1.195220265045881e+00 
 8.310410728759392e-08  1.195220265045882e+00 
 8.312410728759392e-08  1.195220265045882e+00 
 8.314410728759391e-08  1.195220265045882e+00 
 8.316410728759391e-08  1.195220265045881e+00 
 8.318410728759391e-08  1.195220265045882e+00 
 8.320410728759390e-08  1.195220265045882e+00 
 8.322410728759390e-08  1.195220265045882e+00 
 8.324410728759390e-08  1.195220265045881e+00 
 8.326410728759389e-08  1.195220265045882e+00 
 8.328410728759389e-08  1.195220265045882e+00 
 8.330410728759388e-08  1.195220265045882e+00 
 8.332410728759388e-08  1.195220265045881e+00 
 8.334410728759388e-08  1.195220265045882e+00 
 8.336410728759387e-08  1.195220265045882e+00 
 8.338410728759387e-08  1.195220265045882e+00 
 8.340410728759387e-08  1.195220265045881e+00 
 8.342410728759386e-08  1.195220265045882e+00 
 8.344410728759386e-08  1.195220265045882e+00 
 8.346410728759385e-08  1.195220265045882e+00 
 8.348410728759385e-08  1.195220265045881e+00 
 8.350410728759385e-08  1.195220265045882e+00 
 8.352410728759384e-08  1.195220265045882e+00 
 8.354410728759384e-08  1.195220265045882e+00 
 8.356410728759384e-08  1.195220265045881e+00 
 8.358410728759383e-08  1.195220265045882e+00 
 8.360410728759383e-08  1.195220265045882e+00 
 8.362410728759382e-08  1.195220265045882e+00 
 8.364410728759382e-08  1.195220265045881e+00 
 8.366410728759382e-08  1.195220265045882e+00 
 8.368410728759381e-08  1.195220265045882e+00 
 8.370410728759381e-08  1.195220265045882e+00 
 8.372410728759380e-08  1.195220265045881e+00 
 8.374410728759380e-08  1.195220265045882e+00 
 8.376410728759380e-08  1.195220265045882e+00 
 8.378410728759379e-08  1.195220265045882e+00 
 8.380410728759379e-08  1.195220265045881e+00 
 8.382410728759379e-08  1.195220265045882e+00 
 8.384410728759378e-08  1.195220265045882e+00 
 8.386410728759378e-08  1.195220265045882e+00 
 8.388410728759377e-08  1.195220265045881e+00 
 8.390410728759377e-08  1.195220265045882e+00 
 8.392410728759377e-08  1.195220265045882e+00 
 8.394410728759376e-08  1.195220265045882e+00 
 8.396410728759376e-08  1.195220265045881e+00 
 8.398410728759376e-08  1.195220265045882e+00 
 8.400410728759375e-08  1.195220265045882e+00 
 8.402410728759375e-08  1.195220265045882e+00 
 8.404410728759374e-08  1.195220265045881e+00 
 8.406410728759374e-08  1.195220265045882e+00 
 8.408410728759374e-08  1.195220265045882e+00 
 8.410410728759373e-08  1.195220265045882e+00 
 8.412410728759373e-08  1.195220265045881e+00 
 8.414410728759373e-08  1.195220265045882e+00 
 8.416410728759372e-08  1.195220265045882e+00 
 8.418410728759372e-08  1.195220265045882e+00 
 8.420410728759371e-08  1.195220265045881e+00 
 8.422410728759371e-08  1.195220265045882e+00 
 8.424410728759371e-08  1.195220265045882e+00 
 8.426410728759370e-08  1.195220265045882e+00 
 8.428410728759370e-08  1.195220265045881e+00 
 8.430410728759369e-08  1.195220265045882e+00 
 8.432410728759369e-08  1.195220265045882e+00 
 8.434410728759369e-08  1.195220265045882e+00 
 8.436410728759368e-08  1.195220265045881e+00 
 8.438410728759368e-08  1.195220265045882e+00 
 8.440410728759368e-08  1.195220265045882e+00 
 8.442410728759367e-08  1.195220265045882e+00 
 8.444410728759367e-08  1.195220265045881e+00 
 8.446410728759366e-08  1.195220265045882e+00 
 8.448410728759366e-08  1.195220265045882e+00 
 8.450410728759366e-08  1.195220265045882e+00 
 8.452410728759365e-08  1.195220265045881e+00 
 8.454410728759365e-08  1.195220265045882e+00 
 8.456410728759365e-08  1.195220265045882e+00 
 8.458410728759364e-08  1.195220265045882e+00 
 8.460410728759364e-08  1.195220265045881e+00 
 8.462410728759363e-08  1.195220265045882e+00 
 8.464410728759363e-08  1.195220265045882e+00 
 8.466410728759363e-08  1.195220265045882e+00 
 8.468410728759362e-08  1.195220265045881e+00 
 8.470410728759362e-08  1.195220265045882e+00 
 8.472410728759362e-08  1.195220265045882e+00 
 8.474410728759361e-08  1.195220265045882e+00 
 8.476410728759361e-08  1.195220265045881e+00 
 8.478410728759360e-08  1.195220265045882e+00 
 8.480410728759360e-08  1.195220265045882e+00 
 8.482410728759360e-08  1.195220265045882e+00 
 8.484410728759359e-08  1.195220265045881e+00 
 8.486410728759359e-08  1.195220265045882e+00 
 8.488410728759358e-08  1.195220265045882e+00 
 8.490410728759358e-08  1.195220265045882e+00 
 8.492410728759358e-08  1.195220265045881e+00 
 8.494410728759357e-08  1.195220265045882e+00 
 8.496410728759357e-08  1.195220265045882e+00 
 8.498410728759357e-08  1.195220265045882e+00 
 8.500410728759356e-08  1.195220265045881e+00 
 8.502410728759356e-08  1.195220265045882e+00 
 8.504410728759355e-08  1.195220265045882e+00 
 8.506410728759355e-08  1.195220265045882e+00 
 8.508410728759355e-08  1.195220265045881e+00 
 8.510410728759354e-08  1.195220265045882e+00 
 8.512410728759354e-08  1.195220265045882e+00 
 8.514410728759354e-08  1.195220265045882e+00 
 8.516410728759353e-08  1.195220265045881e+00 
 8.518410728759353e-08  1.195220265045882e+00 
 8.520410728759352e-08  1.195220265045882e+00 
 8.522410728759352e-08  1.195220265045882e+00 
 8.524410728759352e-08  1.195220265045881e+00 
 8.526410728759351e-08  1.195220265045882e+00 
 8.528410728759351e-08  1.195220265045882e+00 
 8.530410728759351e-08  1.195220265045882e+00 
 8.532410728759350e-08  1.195220265045881e+00 
 8.534410728759350e-08  1.195220265045882e+00 
 8.536410728759349e-08  1.195220265045882e+00 
 8.538410728759349e-08  1.195220265045882e+00 
 8.540410728759349e-08  1.195220265045881e+00 
 8.542410728759348e-08  1.195220265045882e+00 
 8.544410728759348e-08  1.195220265045882e+00 
 8.546410728759347e-08  1.195220265045882e+00 
 8.548410728759347e-08  1.195220265045881e+00 
 8.550410728759347e-08  1.195220265045882e+00 
 8.552410728759346e-08  1.195220265045882e+00 
 8.554410728759346e-08  1.195220265045882e+00 
 8.556410728759346e-08  1.195220265045881e+00 
 8.558410728759345e-08  1.195220265045882e+00 
 8.560410728759345e-08  1.195220265045882e+00 
 8.562410728759344e-08  1.195220265045882e+00 
 8.564410728759344e-08  1.195220265045881e+00 
 8.566410728759344e-08  1.195220265045882e+00 
 8.568410728759343e-08  1.195220265045882e+00 
 8.570410728759343e-08  1.195220265045882e+00 
 8.572410728759343e-08  1.195220265045881e+00 
 8.574410728759342e-08  1.195220265045882e+00 
 8.576410728759342e-08  1.195220265045882e+00 
 8.578410728759341e-08  1.195220265045882e+00 
 8.580410728759341e-08  1.195220265045881e+00 
 8.582410728759341e-08  1.195220265045882e+00 
 8.584410728759340e-08  1.195220265045882e+00 
 8.586410728759340e-08  1.195220265045882e+00 
 8.588410728759340e-08  1.195220265045881e+00 
 8.590410728759339e-08  1.195220265045882e+00 
 8.592410728759339e-08  1.195220265045882e+00 
 8.594410728759338e-08  1.195220265045882e+00 
 8.596410728759338e-08  1.195220265045881e+00 
 8.598410728759338e-08  1.195220265045882e+00 
 8.600410728759337e-08  1.195220265045882e+00 
 8.602410728759337e-08  1.195220265045882e+00 
 8.604410728759337e-08  1.195220265045881e+00 
 8.606410728759336e-08  1.195220265045882e+00 
 8.608410728759336e-08  1.195220265045882e+00 
 8.610410728759335e-08  1.195220265045882e+00 
 8.612410728759335e-08  1.195220265045881e+00 
 8.614410728759335e-08  1.195220265045882e+00 
 8.616410728759334e-08  1.195220265045882e+00 
 8.618410728759334e-08  1.195220265045882e+00 
 8.620410728759333e-08  1.195220265045881e+00 
 8.622410728759333e-08  1.195220265045882e+00 
 8.624410728759333e-08  1.195220265045882e+00 
 8.626410728759332e-08  1.195220265045882e+00 
 8.628410728759332e-08  1.195220265045881e+00 
 8.630410728759332e-08  1.195220265045882e+00 
 8.632410728759331e-08  1.195220265045882e+00 
 8.634410728759331e-08  1.195220265045882e+00 
 8.636410728759330e-08  1.195220265045881e+00 
 8.638410728759330e-08  1.195220265045882e+00 
 8.640410728759330e-08  1.195220265045882e+00 
 8.642410728759329e-08  1.195220265045882e+00 
 8.644410728759329e-08  1.195220265045881e+00 
 8.646410728759329e-08  1.195220265045882e+00 
 8.648410728759328e-08  1.195220265045882e+00 
 8.650410728759328e-08  1.195220265045882e+00 
 8.652410728759327e-08  1.195220265045881e+00 
 8.654410728759327e-08  1.195220265045882e+00 
 8.656410728759327e-08  1.195220265045882e+00 
 8.658410728759326e-08  1.195220265045882e+00 
 8.660410728759326e-08  1.195220265045881e+00 
 8.662410728759326e-08  1.195220265045882e+00 
 8.664410728759325e-08  1.195220265045882e+00 
 8.666410728759325e-08  1.195220265045882e+00 
 8.668410728759324e-08  1.195220265045881e+00 
 8.670410728759324e-08  1.195220265045882e+00 
 8.672410728759324e-08  1.195220265045882e+00 
 8.674410728759323e-08  1.195220265045882e+00 
 8.676410728759323e-08  1.195220265045881e+00 
 8.678410728759322e-08  1.195220265045882e+00 
 8.680410728759322e-08  1.195220265045882e+00 
 8.682410728759322e-08  1.195220265045882e+00 
 8.684410728759321e-08  1.195220265045881e+00 
 8.686410728759321e-08  1.195220265045882e+00 
 8.688410728759321e-08  1.195220265045882e+00 
 8.690410728759320e-08  1.195220265045882e+00 
 8.692410728759320e-08  1.195220265045881e+00 
 8.694410728759319e-08  1.195220265045882e+00 
 8.696410728759319e-08  1.195220265045882e+00 
 8.698410728759319e-08  1.195220265045882e+00 
 8.700410728759318e-08  1.195220265045881e+00 
 8.702410728759318e-08  1.195220265045882e+00 
 8.704410728759318e-08  1.195220265045882e+00 
 8.706410728759317e-08  1.195220265045882e+00 
 8.708410728759317e-08  1.195220265045881e+00 
 8.710410728759316e-08  1.195220265045882e+00 
 8.712410728759316e-08  1.195220265045882e+00 
 8.714410728759316e-08  1.195220265045882e+00 
 8.716410728759315e-08  1.195220265045881e+00 
 8.718410728759315e-08  1.195220265045882e+00 
 8.720410728759315e-08  1.195220265045882e+00 
 8.722410728759314e-08  1.195220265045882e+00 
 8.724410728759314e-08  1.195220265045881e+00 
 8.726410728759313e-08  1.195220265045882e+00 
 8.728410728759313e-08  1.195220265045882e+00 
 8.730410728759313e-08  1.195220265045882e+00 
 8.732410728759312e-08  1.195220265045881e+00 
 8.734410728759312e-08  1.195220265045882e+00 
 8.736410728759311e-08  1.195220265045882e+00 
 8.738410728759311e-08  1.195220265045882e+00 
 8.740410728759311e-08  1.195220265045881e+00 
 8.742410728759310e-08  1.195220265045882e+00 
 8.744410728759310e-08  1.195220265045882e+00 
 8.746410728759310e-08  1.195220265045882e+00 
 8.748410728759309e-08  1.195220265045881e+00 
 8.750410728759309e-08  1.195220265045882e+00 
 8.752410728759308e-08  1.195220265045882e+00 
 8.754410728759308e-08  1.195220265045882e+00 
 8.756410728759308e-08  1.195220265045881e+00 
 8.758410728759307e-08  1.195220265045882e+00 
 8.760410728759307e-08  1.195220265045882e+00 
 8.762410728759307e-08  1.195220265045882e+00 
 8.764410728759306e-08  1.195220265045881e+00 
 8.766410728759306e-08  1.195220265045882e+00 
 8.768410728759305e-08  1.195220265045882e+00 
 8.770410728759305e-08  1.195220265045882e+00 
 8.772410728759305e-08  1.195220265045881e+00 
 8.774410728759304e-08  1.195220265045882e+00 
 8.776410728759304e-08  1.195220265045882e+00 
 8.778410728759304e-08  1.195220265045882e+00 
 8.780410728759303e-08  1.195220265045881e+00 
 8.782410728759303e-08  1.195220265045882e+00 
 8.784410728759302e-08  1.195220265045882e+00 
 8.786410728759302e-08  1.195220265045882e+00 
 8.788410728759302e-08  1.195220265045881e+00 
 8.790410728759301e-08  1.195220265045882e+00 
 8.792410728759301e-08  1.195220265045882e+00 
 8.794410728759300e-08  1.195220265045882e+00 
 8.796410728759300e-08  1.195220265045881e+00 
 8.798410728759300e-08  1.195220265045882e+00 
 8.800410728759299e-08  1.195220265045882e+00 
 8.802410728759299e-08  1.195220265045882e+00 
 8.804410728759299e-08  1.195220265045881e+00 
 8.806410728759298e-08  1.195220265045882e+00 
 8.808410728759298e-08  1.195220265045882e+00 
 8.810410728759297e-08  1.195220265045882e+00 
 8.812410728759297e-08  1.195220265045881e+00 
 8.814410728759297e-08  1.195220265045882e+00 
 8.816410728759296e-08  1.195220265045882e+00 
 8.818410728759296e-08  1.195220265045882e+00 
 8.820410728759296e-08  1.195220265045881e+00 
 8.822410728759295e-08  1.195220265045882e+00 
 8.824410728759295e-08  1.195220265045882e+00 
 8.826410728759294e-08  1.195220265045882e+00 
 8.828410728759294e-08  1.195220265045881e+00 
 8.830410728759294e-08  1.195220265045882e+00 
 8.832410728759293e-08  1.195220265045882e+00 
 8.834410728759293e-08  1.195220265045882e+00 
 8.836410728759293e-08  1.195220265045881e+00 
 8.838410728759292e-08  1.195220265045882e+00 
 8.840410728759292e-08  1.195220265045882e+00 
 8.842410728759291e-08  1.195220265045882e+00 
 8.844410728759291e-08  1.195220265045881e+00 
 8.846410728759291e-08  1.195220265045882e+00 
 8.848410728759290e-08  1.195220265045882e+00 
 8.850410728759290e-08  1.195220265045882e+00 
 8.852410728759289e-08  1.195220265045881e+00 
 8.854410728759289e-08  1.195220265045882e+00 
 8.856410728759289e-08  1.195220265045882e+00 
 8.858410728759288e-08  1.195220265045882e+00 
 8.860410728759288e-08  1.195220265045881e+00 
 8.862410728759288e-08  1.195220265045882e+00 
 8.864410728759287e-08  1.195220265045882e+00 
 8.866410728759287e-08  1.195220265045882e+00 
 8.868410728759286e-08  1.195220265045881e+00 
 8.870410728759286e-08  1.195220265045882e+00 
 8.872410728759286e-08  1.195220265045882e+00 
 8.874410728759285e-08  1.195220265045882e+00 
 8.876410728759285e-08  1.195220265045881e+00 
 8.878410728759285e-08  1.195220265045882e+00 
 8.880410728759284e-08  1.195220265045882e+00 
 8.882410728759284e-08  1.195220265045882e+00 
 8.884410728759283e-08  1.195220265045881e+00 
 8.886410728759283e-08  1.195220265045882e+00 
 8.888410728759283e-08  1.195220265045882e+00 
 8.890410728759282e-08  1.195220265045882e+00 
 8.892410728759282e-08  1.195220265045881e+00 
 8.894410728759282e-08  1.195220265045882e+00 
 8.896410728759281e-08  1.195220265045882e+00 
 8.898410728759281e-08  1.195220265045882e+00 
 8.900410728759280e-08  1.195220265045881e+00 
 8.902410728759280e-08  1.195220265045882e+00 
 8.904410728759280e-08  1.195220265045882e+00 
 8.906410728759279e-08  1.195220265045882e+00 
 8.908410728759279e-08  1.195220265045881e+00 
 8.910410728759278e-08  1.195220265045882e+00 
 8.912410728759278e-08  1.195220265045882e+00 
 8.914410728759278e-08  1.195220265045882e+00 
 8.916410728759277e-08  1.195220265045881e+00 
 8.918410728759277e-08  1.195220265045882e+00 
 8.920410728759277e-08  1.195220265045882e+00 
 8.922410728759276e-08  1.195220265045882e+00 
 8.924410728759276e-08  1.195220265045881e+00 
 8.926410728759275e-08  1.195220265045882e+00 
 8.928410728759275e-08  1.195220265045882e+00 
 8.930410728759275e-08  1.195220265045882e+00 
 8.932410728759274e-08  1.195220265045881e+00 
 8.934410728759274e-08  1.195220265045882e+00 
 8.936410728759274e-08  1.195220265045882e+00 
 8.938410728759273e-08  1.195220265045882e+00 
 8.940410728759273e-08  1.195220265045881e+00 
 8.942410728759272e-08  1.195220265045882e+00 
 8.944410728759272e-08  1.195220265045882e+00 
 8.946410728759272e-08  1.195220265045882e+00 
 8.948410728759271e-08  1.195220265045881e+00 
 8.950410728759271e-08  1.195220265045882e+00 
 8.952410728759271e-08  1.195220265045882e+00 
 8.954410728759270e-08  1.195220265045882e+00 
 8.956410728759270e-08  1.195220265045881e+00 
 8.958410728759269e-08  1.195220265045882e+00 
 8.960410728759269e-08  1.195220265045882e+00 
 8.962410728759269e-08  1.195220265045882e+00 
 8.964410728759268e-08  1.195220265045881e+00 
 8.966410728759268e-08  1.195220265045882e+00 
 8.968410728759267e-08  1.195220265045882e+00 
 8.970410728759267e-08  1.195220265045882e+00 
 8.972410728759267e-08  1.195220265045881e+00 
 8.974410728759266e-08  1.195220265045882e+00 
 8.976410728759266e-08  1.195220265045882e+00 
 8.978410728759266e-08  1.195220265045882e+00 
 8.980410728759265e-08  1.195220265045881e+00 
 8.982410728759265e-08  1.195220265045882e+00 
 8.984410728759264e-08  1.195220265045882e+00 
 8.986410728759264e-08  1.195220265045882e+00 
 8.988410728759264e-08  1.195220265045881e+00 
 8.990410728759263e-08  1.195220265045882e+00 
 8.992410728759263e-08  1.195220265045882e+00 
 8.994410728759263e-08  1.195220265045882e+00 
 8.996410728759262e-08  1.195220265045881e+00 
 8.998410728759262e-08  1.195220265045882e+00 
 9.000410728759261e-08  1.195220265045882e+00 
 9.002410728759261e-08  1.195220265045882e+00 
 9.004410728759261e-08  1.195220265045881e+00 
 9.006410728759260e-08  1.195220265045882e+00 
 9.008410728759260e-08  1.195220265045882e+00 
 9.010410728759260e-08  1.195220265045882e+00 
 9.012410728759259e-08  1.195220265045881e+00 
 9.014410728759259e-08  1.195220265045882e+00 
 9.016410728759258e-08  1.195220265045882e+00 
 9.018410728759258e-08  1.195220265045882e+00 
 9.020410728759258e-08  1.195220265045881e+00 
 9.022410728759257e-08  1.195220265045882e+00 
 9.024410728759257e-08  1.195220265045882e+00 
 9.026410728759257e-08  1.195220265045882e+00 
 9.028410728759256e-08  1.195220265045881e+00 
 9.030410728759256e-08  1.195220265045882e+00 
 9.032410728759255e-08  1.195220265045882e+00 
 9.034410728759255e-08  1.195220265045882e+00 
 9.036410728759255e-08  1.195220265045881e+00 
 9.038410728759254e-08  1.195220265045882e+00 
 9.040410728759254e-08  1.195220265045882e+00 
 9.042410728759253e-08  1.195220265045882e+00 
 9.044410728759253e-08  1.195220265045881e+00 
 9.046410728759253e-08  1.195220265045882e+00 
 9.048410728759252e-08  1.195220265045882e+00 
 9.050410728759252e-08  1.195220265045882e+00 
 9.052410728759252e-08  1.195220265045881e+00 
 9.054410728759251e-08  1.195220265045882e+00 
 9.056410728759251e-08  1.195220265045882e+00 
 9.058410728759250e-08  1.195220265045882e+00 
 9.060410728759250e-08  1.195220265045881e+00 
 9.062410728759250e-08  1.195220265045882e+00 
 9.064410728759249e-08  1.195220265045882e+00 
 9.066410728759249e-08  1.195220265045882e+00 
 9.068410728759249e-08  1.195220265045881e+00 
 9.070410728759248e-08  1.195220265045882e+00 
 9.072410728759248e-08  1.195220265045882e+00 
 9.074410728759247e-08  1.195220265045882e+00 
 9.076410728759247e-08  1.195220265045881e+00 
 9.078410728759247e-08  1.195220265045882e+00 
 9.080410728759246e-08  1.195220265045882e+00 
 9.082410728759246e-08  1.195220265045882e+00 
 9.084410728759246e-08  1.195220265045881e+00 
 9.086410728759245e-08  1.195220265045882e+00 
 9.088410728759245e-08  1.195220265045882e+00 
 9.090410728759244e-08  1.195220265045882e+00 
 9.092410728759244e-08  1.195220265045881e+00 
 9.094410728759244e-08  1.195220265045882e+00 
 9.096410728759243e-08  1.195220265045882e+00 
 9.098410728759243e-08  1.195220265045882e+00 
 9.100410728759242e-08  1.195220265045881e+00 
 9.102410728759242e-08  1.195220265045882e+00 
 9.104410728759242e-08  1.195220265045882e+00 
 9.106410728759241e-08  1.195220265045882e+00 
 9.108410728759241e-08  1.195220265045881e+00 
 9.110410728759241e-08  1.195220265045882e+00 
 9.112410728759240e-08  1.195220265045882e+00 
 9.114410728759240e-08  1.195220265045882e+00 
 9.116410728759239e-08  1.195220265045881e+00 
 9.118410728759239e-08  1.195220265045882e+00 
 9.120410728759239e-08  1.195220265045882e+00 
 9.122410728759238e-08  1.195220265045882e+00 
 9.124410728759238e-08  1.195220265045881e+00 
 9.126410728759238e-08  1.195220265045882e+00 
 9.128410728759237e-08  1.195220265045882e+00 
 9.130410728759237e-08  1.195220265045882e+00 
 9.132410728759236e-08  1.195220265045881e+00 
 9.134410728759236e-08  1.195220265045882e+00 
 9.136410728759236e-08  1.195220265045882e+00 
 9.138410728759235e-08  1.195220265045882e+00 
 9.140410728759235e-08  1.195220265045881e+00 
 9.142410728759235e-08  1.195220265045882e+00 
 9.144410728759234e-08  1.195220265045882e+00 
 9.146410728759234e-08  1.195220265045882e+00 
 9.148410728759233e-08  1.195220265045881e+00 
 9.150410728759233e-08  1.195220265045882e+00 
 9.152410728759233e-08  1.195220265045882e+00 
 9.154410728759232e-08  1.195220265045882e+00 
 9.156410728759232e-08  1.195220265045881e+00 
 9.158410728759231e-08  1.195220265045882e+00 
 9.160410728759231e-08  1.195220265045882e+00 
 9.162410728759231e-08  1.195220265045882e+00 
 9.164410728759230e-08  1.195220265045881e+00 
 9.166410728759230e-08  1.195220265045882e+00 
 9.168410728759230e-08  1.195220265045882e+00 
 9.170410728759229e-08  1.195220265045882e+00 
 9.172410728759229e-08  1.195220265045881e+00 
 9.174410728759228e-08  1.195220265045882e+00 
 9.176410728759228e-08  1.195220265045882e+00 
 9.178410728759228e-08  1.195220265045882e+00 
 9.180410728759227e-08  1.195220265045881e+00 
 9.182410728759227e-08  1.195220265045882e+00 
 9.184410728759227e-08  1.195220265045882e+00 
 9.186410728759226e-08  1.195220265045882e+00 
 9.188410728759226e-08  1.195220265045881e+00 
 9.190410728759225e-08  1.195220265045882e+00 
 9.192410728759225e-08  1.195220265045882e+00 
 9.194410728759225e-08  1.195220265045882e+00 
 9.196410728759224e-08  1.195220265045881e+00 
 9.198410728759224e-08  1.195220265045882e+00 
 9.200410728759224e-08  1.195220265045882e+00 
 9.202410728759223e-08  1.195220265045882e+00 
 9.204410728759223e-08  1.195220265045881e+00 
 9.206410728759222e-08  1.195220265045882e+00 
 9.208410728759222e-08  1.195220265045882e+00 
 9.210410728759222e-08  1.195220265045882e+00 
 9.212410728759221e-08  1.195220265045881e+00 
 9.214410728759221e-08  1.195220265045882e+00 
 9.216410728759220e-08  1.195220265045882e+00 
 9.218410728759220e-08  1.195220265045882e+00 
 9.220410728759220e-08  1.195220265045881e+00 
 9.222410728759219e-08  1.195220265045882e+00 
 9.224410728759219e-08  1.195220265045882e+00 
 9.226410728759219e-08  1.195220265045882e+00 
 9.228410728759218e-08  1.195220265045881e+00 
 9.230410728759218e-08  1.195220265045882e+00 
 9.232410728759217e-08  1.195220265045882e+00 
 9.234410728759217e-08  1.195220265045882e+00 
 9.236410728759217e-08  1.195220265045881e+00 
 9.238410728759216e-08  1.195220265045882e+00 
 9.240410728759216e-08  1.195220265045882e+00 
 9.242410728759216e-08  1.195220265045882e+00 
 9.244410728759215e-08  1.195220265045881e+00 
 9.246410728759215e-08  1.195220265045882e+00 
 9.248410728759214e-08  1.195220265045882e+00 
 9.250410728759214e-08  1.195220265045882e+00 
 9.252410728759214e-08  1.195220265045881e+00 
 9.254410728759213e-08  1.195220265045882e+00 
 9.256410728759213e-08  1.195220265045882e+00 
 9.258410728759213e-08  1.195220265045882e+00 
 9.260410728759212e-08  1.195220265045881e+00 
 9.262410728759212e-08  1.195220265045882e+00 
 9.264410728759211e-08  1.195220265045882e+00 
 9.266410728759211e-08  1.195220265045882e+00 
 9.268410728759211e-08  1.195220265045881e+00 
 9.270410728759210e-08  1.195220265045882e+00 
 9.272410728759210e-08  1.195220265045882e+00 
 9.274410728759209e-08  1.195220265045882e+00 
 9.276410728759209e-08  1.195220265045881e+00 
 9.278410728759209e-08  1.195220265045882e+00 
 9.280410728759208e-08  1.195220265045882e+00 
 9.282410728759208e-08  1.195220265045882e+00 
 9.284410728759208e-08  1.195220265045881e+00 
 9.286410728759207e-08  1.195220265045882e+00 
 9.288410728759207e-08  1.195220265045882e+00 
 9.290410728759206e-08  1.195220265045882e+00 
 9.292410728759206e-08  1.195220265045881e+00 
 9.294410728759206e-08  1.195220265045882e+00 
 9.296410728759205e-08  1.195220265045882e+00 
 9.298410728759205e-08  1.195220265045882e+00 
 9.300410728759205e-08  1.195220265045881e+00 
 9.302410728759204e-08  1.195220265045882e+00 
 9.304410728759204e-08  1.195220265045882e+00 
 9.306410728759203e-08  1.195220265045882e+00 
 9.308410728759203e-08  1.195220265045881e+00 
 9.310410728759203e-08  1.195220265045882e+00 
 9.312410728759202e-08  1.195220265045882e+00 
 9.314410728759202e-08  1.195220265045882e+00 
 9.316410728759202e-08  1.195220265045881e+00 
 9.318410728759201e-08  1.195220265045882e+00 
 9.320410728759201e-08  1.195220265045882e+00 
 9.322410728759200e-08  1.195220265045882e+00 
 9.324410728759200e-08  1.195220265045881e+00 
 9.326410728759200e-08  1.195220265045882e+00 
 9.328410728759199e-08  1.195220265045882e+00 
 9.330410728759199e-08  1.195220265045882e+00 
 9.332410728759198e-08  1.195220265045881e+00 
 9.334410728759198e-08  1.195220265045882e+00 
 9.336410728759198e-08  1.195220265045882e+00 
 9.338410728759197e-08  1.195220265045882e+00 
 9.340410728759197e-08  1.195220265045881e+00 
 9.342410728759197e-08  1.195220265045882e+00 
 9.344410728759196e-08  1.195220265045882e+00 
 9.346410728759196e-08  1.195220265045882e+00 
 9.348410728759195e-08  1.195220265045881e+00 
 9.350410728759195e-08  1.195220265045882e+00 
 9.352410728759195e-08  1.195220265045882e+00 
 9.354410728759194e-08  1.195220265045882e+00 
 9.356410728759194e-08  1.195220265045881e+00 
 9.358410728759194e-08  1.195220265045882e+00 
 9.360410728759193e-08  1.195220265045882e+00 
 9.362410728759193e-08  1.195220265045882e+00 
 9.364410728759192e-08  1.195220265045881e+00 
 9.366410728759192e-08  1.195220265045882e+00 
 9.368410728759192e-08  1.195220265045882e+00 
 9.370410728759191e-08  1.195220265045882e+00 
 9.372410728759191e-08  1.195220265045881e+00 
 9.374410728759191e-08  1.195220265045882e+00 
 9.376410728759190e-08  1.195220265045882e+00 
 9.378410728759190e-08  1.195220265045882e+00 
 9.380410728759189e-08  1.195220265045881e+00 
 9.382410728759189e-08  1.195220265045882e+00 
 9.384410728759189e-08  1.195220265045882e+00 
 9.386410728759188e-08  1.195220265045882e+00 
 9.388410728759188e-08  1.195220265045881e+00 
 9.390410728759188e-08  1.195220265045882e+00 
 9.392410728759187e-08  1.195220265045882e+00 
 9.394410728759187e-08  1.195220265045882e+00 
 9.396410728759186e-08  1.195220265045881e+00 
 9.398410728759186e-08  1.195220265045882e+00 
 9.400410728759186e-08  1.195220265045882e+00 
 9.402410728759185e-08  1.195220265045882e+00 
 9.404410728759185e-08  1.195220265045881e+00 
 9.406410728759184e-08  1.195220265045882e+00 
 9.408410728759184e-08  1.195220265045882e+00 
 9.410410728759184e-08  1.195220265045882e+00 
 9.412410728759183e-08  1.195220265045881e+00 
 9.414410728759183e-08  1.195220265045882e+00 
 9.416410728759183e-08  1.195220265045882e+00 
 9.418410728759182e-08  1.195220265045882e+00 
 9.420410728759182e-08  1.195220265045881e+00 
 9.422410728759181e-08  1.195220265045882e+00 
 9.424410728759181e-08  1.195220265045882e+00 
 9.426410728759181e-08  1.195220265045882e+00 
 9.428410728759180e-08  1.195220265045881e+00 
 9.430410728759180e-08  1.195220265045882e+00 
 9.432410728759180e-08  1.195220265045882e+00 
 9.434410728759179e-08  1.195220265045882e+00 
 9.436410728759179e-08  1.195220265045881e+00 
 9.438410728759178e-08  1.195220265045882e+00 
 9.440410728759178e-08  1.195220265045882e+00 
 9.442410728759178e-08  1.195220265045882e+00 
 9.444410728759177e-08  1.195220265045881e+00 
 9.446410728759177e-08  1.195220265045882e+00 
 9.448410728759177e-08  1.195220265045882e+00 
 9.450410728759176e-08  1.195220265045882e+00 
 9.452410728759176e-08  1.195220265045881e+00 
 9.454410728759175e-08  1.195220265045882e+00 
 9.456410728759175e-08  1.195220265045882e+00 
 9.458410728759175e-08  1.195220265045882e+00 
 9.460410728759174e-08  1.195220265045881e+00 
 9.462410728759174e-08  1.195220265045882e+00 
 9.464410728759173e-08  1.195220265045882e+00 
 9.466410728759173e-08  1.195220265045882e+00 
 9.468410728759173e-08  1.195220265045881e+00 
 9.470410728759172e-08  1.195220265045882e+00 
 9.472410728759172e-08  1.195220265045882e+00 
 9.474410728759172e-08  1.195220265045882e+00 
 9.476410728759171e-08  1.195220265045881e+00 
 9.478410728759171e-08  1.195220265045882e+00 
 9.480410728759170e-08  1.195220265045882e+00 
 9.482410728759170e-08  1.195220265045882e+00 
 9.484410728759170e-08  1.195220265045881e+00 
 9.486410728759169e-08  1.195220265045882e+00 
 9.488410728759169e-08  1.195220265045882e+00 
 9.490410728759169e-08  1.195220265045882e+00 
 9.492410728759168e-08  1.195220265045881e+00 
 9.494410728759168e-08  1.195220265045882e+00 
 9.496410728759167e-08  1.195220265045882e+00 
 9.498410728759167e-08  1.195220265045882e+00 
 9.500410728759167e-08  1.195220265045881e+00 
 9.502410728759166e-08  1.195220265045882e+00 
 9.504410728759166e-08  1.195220265045882e+00 
 9.506410728759166e-08  1.195220265045882e+00 
 9.508410728759165e-08  1.195220265045881e+00 
 9.510410728759165e-08  1.195220265045882e+00 
 9.512410728759164e-08  1.195220265045882e+00 
 9.514410728759164e-08  1.195220265045882e+00 
 9.516410728759164e-08  1.195220265045881e+00 
 9.518410728759163e-08  1.195220265045882e+00 
 9.520410728759163e-08  1.195220265045882e+00 
 9.522410728759162e-08  1.195220265045882e+00 
 9.524410728759162e-08  1.195220265045881e+00 
 9.526410728759162e-08  1.195220265045882e+00 
 9.528410728759161e-08  1.195220265045882e+00 
 9.530410728759161e-08  1.195220265045882e+00 
 9.532410728759161e-08  1.195220265045881e+00 
 9.534410728759160e-08  1.195220265045882e+00 
 9.536410728759160e-08  1.195220265045882e+00 
 9.538410728759159e-08  1.195220265045882e+00 
 9.540410728759159e-08  1.195220265045881e+00 
 9.542410728759159e-08  1.195220265045882e+00 
 9.544410728759158e-08  1.195220265045882e+00 
 9.546410728759158e-08  1.195220265045882e+00 
 9.548410728759158e-08  1.195220265045881e+00 
 9.550410728759157e-08  1.195220265045882e+00 
 9.552410728759157e-08  1.195220265045882e+00 
 9.554410728759156e-08  1.195220265045882e+00 
 9.556410728759156e-08  1.195220265045881e+00 
 9.558410728759156e-08  1.195220265045882e+00 
 9.560410728759155e-08  1.195220265045882e+00 
 9.562410728759155e-08  1.195220265045882e+00 
 9.564410728759155e-08  1.195220265045881e+00 
 9.566410728759154e-08  1.195220265045882e+00 
 9.568410728759154e-08  1.195220265045882e+00 
 9.570410728759153e-08  1.195220265045882e+00 
 9.572410728759153e-08  1.195220265045881e+00 
 9.574410728759153e-08  1.195220265045882e+00 
 9.576410728759152e-08  1.195220265045882e+00 
 9.578410728759152e-08  1.195220265045882e+00 
 9.580410728759151e-08  1.195220265045881e+00 
 9.582410728759151e-08  1.195220265045882e+00 
 9.584410728759151e-08  1.195220265045882e+00 
 9.586410728759150e-08  1.195220265045882e+00 
 9.588410728759150e-08  1.195220265045881e+00 
 9.590410728759150e-08  1.195220265045882e+00 
 9.592410728759149e-08  1.195220265045882e+00 
 9.594410728759149e-08  1.195220265045882e+00 
 9.596410728759148e-08  1.195220265045881e+00 
 9.598410728759148e-08  1.195220265045882e+00 
 9.600410728759148e-08  1.195220265045882e+00 
 9.602410728759147e-08  1.195220265045882e+00 
 9.604410728759147e-08  1.195220265045881e+00 
 9.606410728759147e-08  1.195220265045882e+00 
 9.608410728759146e-08  1.195220265045882e+00 
 9.610410728759146e-08  1.195220265045882e+00 
 9.612410728759145e-08  1.195220265045881e+00 
 9.614410728759145e-08  1.195220265045882e+00 
 9.616410728759145e-08  1.195220265045882e+00 
 9.618410728759144e-08  1.195220265045882e+00 
 9.620410728759144e-08  1.195220265045881e+00 
 9.622410728759144e-08  1.195220265045882e+00 
 9.624410728759143e-08  1.195220265045882e+00 
 9.626410728759143e-08  1.195220265045882e+00 
 9.628410728759142e-08  1.195220265045881e+00 
 9.630410728759142e-08  1.195220265045882e+00 
 9.632410728759142e-08  1.195220265045882e+00 
 9.634410728759141e-08  1.195220265045882e+00 
 9.636410728759141e-08  1.195220265045881e+00 
 9.638410728759140e-08  1.195220265045882e+00 
 9.640410728759140e-08  1.195220265045882e+00 
 9.642410728759140e-08  1.195220265045882e+00 
 9.644410728759139e-08  1.195220265045881e+00 
 9.646410728759139e-08  1.195220265045882e+00 
 9.648410728759139e-08  1.195220265045882e+00 
 9.650410728759138e-08  1.195220265045882e+00 
 9.652410728759138e-08  1.195220265045881e+00 
 9.654410728759137e-08  1.195220265045882e+00 
 9.656410728759137e-08  1.195220265045882e+00 
 9.658410728759137e-08  1.195220265045882e+00 
 9.660410728759136e-08  1.195220265045881e+00 
 9.662410728759136e-08  1.195220265045882e+00 
 9.664410728759136e-08  1.195220265045882e+00 
 9.666410728759135e-08  1.195220265045882e+00 
 9.668410728759135e-08  1.195220265045881e+00 
 9.670410728759134e-08  1.195220265045882e+00 
 9.672410728759134e-08  1.195220265045882e+00 
 9.674410728759134e-08  1.195220265045882e+00 
 9.676410728759133e-08  1.195220265045881e+00 
 9.678410728759133e-08  1.195220265045882e+00 
 9.680410728759133e-08  1.195220265045882e+00 
 9.682410728759132e-08  1.195220265045882e+00 
 9.684410728759132e-08  1.195220265045881e+00 
 9.686410728759131e-08  1.195220265045882e+00 
 9.688410728759131e-08  1.195220265045882e+00 
 9.690410728759131e-08  1.195220265045882e+00 
 9.692410728759130e-08  1.195220265045881e+00 
 9.694410728759130e-08  1.195220265045882e+00 
 9.696410728759129e-08  1.195220265045882e+00 
 9.698410728759129e-08  1.195220265045882e+00 
 9.700410728759129e-08  1.195220265045881e+00 
 9.702410728759128e-08  1.195220265045882e+00 
 9.704410728759128e-08  1.195220265045882e+00 
 9.706410728759128e-08  1.195220265045882e+00 
 9.708410728759127e-08  1.195220265045881e+00 
 9.710410728759127e-08  1.195220265045882e+00 
 9.712410728759126e-08  1.195220265045882e+00 
 9.714410728759126e-08  1.195220265045882e+00 
 9.716410728759126e-08  1.195220265045881e+00 
 9.718410728759125e-08  1.195220265045882e+00 
 9.720410728759125e-08  1.195220265045882e+00 
 9.722410728759125e-08  1.195220265045882e+00 
 9.724410728759124e-08  1.195220265045881e+00 
 9.726410728759124e-08  1.195220265045882e+00 
 9.728410728759123e-08  1.195220265045882e+00 
 9.730410728759123e-08  1.195220265045882e+00 
 9.732410728759123e-08  1.195220265045881e+00 
 9.734410728759122e-08  1.195220265045882e+00 
 9.736410728759122e-08  1.195220265045882e+00 
 9.738410728759122e-08  1.195220265045882e+00 
 9.740410728759121e-08  1.195220265045881e+00 
 9.742410728759121e-08  1.195220265045882e+00 
 9.744410728759120e-08  1.195220265045882e+00 
 9.746410728759120e-08  1.195220265045882e+00 
 9.748410728759120e-08  1.195220265045881e+00 
 9.750410728759119e-08  1.195220265045882e+00 
 9.752410728759119e-08  1.195220265045882e+00 
 9.754410728759118e-08  1.195220265045882e+00 
 9.756410728759118e-08  1.195220265045881e+00 
 9.758410728759118e-08  1.195220265045882e+00 
 9.760410728759117e-08  1.195220265045882e+00 
 9.762410728759117e-08  1.195220265045882e+00 
 9.764410728759117e-08  1.195220265045881e+00 
 9.766410728759116e-08  1.195220265045882e+00 
 9.768410728759116e-08  1.195220265045882e+00 
 9.770410728759115e-08  1.195220265045882e+00 
 9.772410728759115e-08  1.195220265045881e+00 
 9.774410728759115e-08  1.195220265045882e+00 
 9.776410728759114e-08  1.195220265045882e+00 
 9.778410728759114e-08  1.195220265045882e+00 
 9.780410728759114e-08  1.195220265045881e+00 
 9.782410728759113e-08  1.195220265045882e+00 
 9.784410728759113e-08  1.195220265045882e+00 
 9.786410728759112e-08  1.195220265045882e+00 
 9.788410728759112e-08  1.195220265045881e+00 
 9.790410728759112e-08  1.195220265045882e+00 
 9.792410728759111e-08  1.195220265045882e+00 
 9.794410728759111e-08  1.195220265045882e+00 
 9.796410728759111e-08  1.195220265045881e+00 
 9.798410728759110e-08  1.195220265045882e+00 
 9.800410728759110e-08  1.195220265045882e+00 
 9.802410728759109e-08  1.195220265045882e+00 
 9.804410728759109e-08  1.195220265045881e+00 
 9.806410728759109e-08  1.195220265045882e+00 
 9.808410728759108e-08  1.195220265045882e+00 
 9.810410728759108e-08  1.195220265045882e+00 
 9.812410728759108e-08  1.195220265045881e+00 
 9.814410728759107e-08  1.195220265045882e+00 
 9.816410728759107e-08  1.195220265045882e+00 
 9.818410728759106e-08  1.195220265045882e+00 
 9.820410728759106e-08  1.195220265045881e+00 
 9.822410728759106e-08  1.195220265045882e+00 
 9.824410728759105e-08  1.195220265045882e+00 
 9.826410728759105e-08  1.195220265045882e+00 
 9.828410728759104e-08  1.195220265045881e+00 
 9.830410728759104e-08  1.195220265045882e+00 
 9.832410728759104e-08  1.195220265045882e+00 
 9.834410728759103e-08  1.195220265045882e+00 
 9.836410728759103e-08  1.195220265045881e+00 
 9.838410728759103e-08  1.195220265045882e+00 
 9.840410728759102e-08  1.195220265045882e+00 
 9.842410728759102e-08  1.195220265045882e+00 
 9.844410728759101e-08  1.195220265045881e+00 
 9.846410728759101e-08  1.195220265045882e+00 
 9.848410728759101e-08  1.195220265045882e+00 
 9.850410728759100e-08  1.195220265045882e+00 
 9.852410728759100e-08  1.195220265045881e+00 
 9.854410728759100e-08  1.195220265045882e+00 
 9.856410728759099e-08  1.195220265045882e+00 
 9.858410728759099e-08  1.195220265045882e+00 
 9.860410728759098e-08  1.195220265045881e+00 
 9.862410728759098e-08  1.195220265045882e+00 
 9.864410728759098e-08  1.195220265045882e+00 
 9.866410728759097e-08  1.195220265045882e+00 
 9.868410728759097e-08  1.195220265045881e+00 
 9.870410728759097e-08  1.195220265045882e+00 
 9.872410728759096e-08  1.195220265045882e+00 
 9.874410728759096e-08  1.195220265045882e+00 
 9.876410728759095e-08  1.195220265045881e+00 
 9.878410728759095e-08  1.195220265045882e+00 
 9.880410728759095e-08  1.195220265045882e+00 
 9.882410728759094e-08  1.195220265045882e+00 
 9.884410728759094e-08  1.195220265045881e+00 
 9.886410728759093e-08  1.195220265045882e+00 
 9.888410728759093e-08  1.195220265045882e+00 
 9.890410728759093e-08  1.195220265045882e+00 
 9.892410728759092e-08  1.195220265045881e+00 
 9.894410728759092e-08  1.195220265045882e+00 
 9.896410728759092e-08  1.195220265045882e+00 
 9.898410728759091e-08  1.195220265045882e+00 
 9.900410728759091e-08  1.195220265045881e+00 
 9.902410728759090e-08  1.195220265045882e+00 
 9.904410728759090e-08  1.195220265045882e+00 
 9.906410728759090e-08  1.195220265045882e+00 
 9.908410728759089e-08  1.195220265045881e+00 
 9.910410728759089e-08  1.195220265045882e+00 
 9.912410728759089e-08  1.195220265045882e+00 
 9.914410728759088e-08  1.195220265045882e+00 
 9.916410728759088e-08  1.195220265045881e+00 
 9.918410728759087e-08  1.195220265045882e+00 
 9.920410728759087e-08  1.195220265045882e+00 
 9.922410728759087e-08  1.195220265045882e+00 
 9.924410728759086e-08  1.195220265045881e+00 
 9.926410728759086e-08  1.195220265045882e+00 
 9.928410728759086e-08  1.195220265045882e+00 
 9.930410728759085e-08  1.195220265045882e+00 
 9.932410728759085e-08  1.195220265045881e+00 
 9.934410728759084e-08  1.195220265045882e+00 
 9.936410728759084e-08  1.195220265045882e+00 
 9.938410728759084e-08  1.195220265045882e+00 
 9.940410728759083e-08  1.195220265045881e+00 
 9.942410728759083e-08  1.195220265045882e+00 
 9.944410728759082e-08  1.195220265045882e+00 
 9.946410728759082e-08  1.195220265045882e+00 
 9.948410728759082e-08  1.195220265045881e+00 
 9.950410728759081e-08  1.195220265045882e+00 
 9.952410728759081e-08  1.195220265045882e+00 
 9.954410728759081e-08  1.195220265045882e+00 
 9.956410728759080e-08  1.195220265045881e+00 
 9.958410728759080e-08  1.195220265045882e+00 
 9.960410728759079e-08  1.195220265045882e+00 
 9.962410728759079e-08  1.195220265045882e+00 
 9.964410728759079e-08  1.195220265045881e+00 
 9.966410728759078e-08  1.195220265045882e+00 
 9.968410728759078e-08  1.195220265045882e+00 
 9.970410728759078e-08  1.195220265045882e+00 
 9.972410728759077e-08  1.195220265045881e+00 
 9.974410728759077e-08  1.195220265045882e+00 
 9.976410728759076e-08  1.195220265045882e+00 
 9.978410728759076e-08  1.195220265045882e+00 
 9.980410728759076e-08  1.195220265045881e+00 
 9.982410728759075e-08  1.195220265045882e+00 
 9.984410728759075e-08  1.195220265045882e+00 
 9.986410728759075e-08  1.195220265045882e+00 
 9.988410728759074e-08  1.195220265045881e+00 
 9.990410728759074e-08  1.195220265045882e+00 
 9.992410728759073e-08  1.195220265045882e+00 
 9.994410728759073e-08  1.195220265045882e+00 
 9.996410728759073e-08  1.195220265045881e+00 
 9.998410728759072e-08  1.195220265045882e+00 
 1.000041072875907e-07  1.195220265045882e+00 
 1.000241072875907e-07  1.195220265045882e+00 
 1.000441072875907e-07  1.195220265045881e+00 
 1.000641072875907e-07  1.195220265045882e+00 
 1.000841072875907e-07  1.195220265045882e+00 
 1.001041072875907e-07  1.195220265045882e+00 
 1.001241072875907e-07  1.195220265045881e+00 
 1.001441072875907e-07  1.195220265045882e+00 
 1.001641072875907e-07  1.195220265045882e+00 
 1.001841072875907e-07  1.195220265045882e+00 
 1.002041072875907e-07  1.195220265045881e+00 
 1.002241072875907e-07  1.195220265045882e+00 
 1.002441072875907e-07  1.195220265045882e+00 
 1.002641072875907e-07  1.195220265045882e+00 
 1.002841072875907e-07  1.195220265045881e+00 
 1.003041072875907e-07  1.195220265045882e+00 
 1.003241072875907e-07  1.195220265045882e+00 
 1.003441072875907e-07  1.195220265045882e+00 
 1.003641072875907e-07  1.195220265045881e+00 
 1.003841072875906e-07  1.195220265045882e+00 
 1.004041072875906e-07  1.195220265045882e+00 
 1.004241072875906e-07  1.195220265045882e+00 
 1.004441072875906e-07  1.195220265045881e+00 
 1.004641072875906e-07  1.195220265045882e+00 
 1.004841072875906e-07  1.195220265045882e+00 
 1.005041072875906e-07  1.195220265045882e+00 
 1.005241072875906e-07  1.195220265045881e+00 
 1.005441072875906e-07  1.195220265045882e+00 
 1.005641072875906e-07  1.195220265045882e+00 
 1.005841072875906e-07  1.195220265045882e+00 
 1.006041072875906e-07  1.195220265045881e+00 
 1.006241072875906e-07  1.195220265045882e+00 
 1.006441072875906e-07  1.195220265045882e+00 
 1.006641072875906e-07  1.195220265045882e+00 
 1.006841072875906e-07  1.195220265045881e+00 
 1.007041072875906e-07  1.195220265045882e+00 
 1.007241072875906e-07  1.195220265045882e+00 
 1.007441072875906e-07  1.195220265045882e+00 
 1.007641072875906e-07  1.195220265045881e+00 
 1.007841072875906e-07  1.195220265045882e+00 
 1.008041072875906e-07  1.195220265045882e+00 
 1.008241072875906e-07  1.195220265045882e+00 
 1.008441072875906e-07  1.195220265045881e+00 
 1.008641072875906e-07  1.195220265045882e+00 
 1.008841072875906e-07  1.195220265045882e+00 
 1.009041072875905e-07  1.195220265045882e+00 
 1.009241072875905e-07  1.195220265045881e+00 
 1.009441072875905e-07  1.195220265045882e+00 
 1.009641072875905e-07  1.195220265045882e+00 
 1.009841072875905e-07  1.195220265045882e+00 
 1.010041072875905e-07  1.195220265045881e+00 
 1.010241072875905e-07  1.195220265045882e+00 
 1.010441072875905e-07  1.195220265045882e+00 
 1.010641072875905e-07  1.195220265045882e+00 
 1.010841072875905e-07  1.195220265045881e+00 
 1.011041072875905e-07  1.195220265045882e+00 
 1.011241072875905e-07  1.195220265045882e+00 
 1.011441072875905e-07  1.195220265045882e+00 
 1.011641072875905e-07  1.195220265045881e+00 
 1.011841072875905e-07  1.195220265045882e+00 
 1.012041072875905e-07  1.195220265045882e+00 
 1.012241072875905e-07  1.195220265045882e+00 
 1.012441072875905e-07  1.195220265045881e+00 
 1.012641072875905e-07  1.195220265045882e+00 
 1.012841072875905e-07  1.195220265045882e+00 
 1.013041072875905e-07  1.195220265045882e+00 
 1.013241072875905e-07  1.195220265045881e+00 
 1.013441072875905e-07  1.195220265045882e+00 
 1.013641072875905e-07  1.195220265045882e+00 
 1.013841072875905e-07  1.195220265045882e+00 
 1.014041072875905e-07  1.195220265045881e+00 
 1.014241072875904e-07  1.195220265045882e+00 
 1.014441072875904e-07  1.195220265045882e+00 
 1.014641072875904e-07  1.195220265045882e+00 
 1.014841072875904e-07  1.195220265045881e+00 
 1.015041072875904e-07  1.195220265045882e+00 
 1.015241072875904e-07  1.195220265045882e+00 
 1.015441072875904e-07  1.195220265045882e+00 
 1.015641072875904e-07  1.195220265045881e+00 
 1.015841072875904e-07  1.195220265045882e+00 
 1.016041072875904e-07  1.195220265045882e+00 
 1.016241072875904e-07  1.195220265045882e+00 
 1.016441072875904e-07  1.195220265045881e+00 
 1.016641072875904e-07  1.195220265045882e+00 
 1.016841072875904e-07  1.195220265045882e+00 
 1.017041072875904e-07  1.195220265045882e+00 
 1.017241072875904e-07  1.195220265045881e+00 
 1.017441072875904e-07  1.195220265045882e+00 
 1.017641072875904e-07  1.195220265045882e+00 
 1.017841072875904e-07  1.195220265045882e+00 
 1.018041072875904e-07  1.195220265045881e+00 
 1.018241072875904e-07  1.195220265045882e+00 
 1.018441072875904e-07  1.195220265045882e+00 
 1.018641072875904e-07  1.195220265045882e+00 
 1.018841072875904e-07  1.195220265045881e+00 
 1.019041072875904e-07  1.195220265045882e+00 
 1.019241072875904e-07  1.195220265045882e+00 
 1.019441072875904e-07  1.195220265045882e+00 
 1.019641072875903e-07  1.195220265045881e+00 
 1.019841072875903e-07  1.195220265045882e+00 
 1.020041072875903e-07  1.195220265045882e+00 
 1.020241072875903e-07  1.195220265045882e+00 
 1.020441072875903e-07  1.195220265045881e+00 
 1.020641072875903e-07  1.195220265045882e+00 
 1.020841072875903e-07  1.195220265045882e+00 
 1.021041072875903e-07  1.195220265045882e+00 
 1.021241072875903e-07  1.195220265045881e+00 
 1.021441072875903e-07  1.195220265045882e+00 
 1.021641072875903e-07  1.195220265045882e+00 
 1.021841072875903e-07  1.195220265045882e+00 
 1.022041072875903e-07  1.195220265045881e+00 
 1.022241072875903e-07  1.195220265045882e+00 
 1.022441072875903e-07  1.195220265045882e+00 
 1.022641072875903e-07  1.195220265045882e+00 
 1.022841072875903e-07  1.195220265045881e+00 
 1.023041072875903e-07  1.195220265045882e+00 
 1.023241072875903e-07  1.195220265045882e+00 
 1.023441072875903e-07  1.195220265045882e+00 
 1.023641072875903e-07  1.195220265045881e+00 
 1.023841072875903e-07  1.195220265045882e+00 
 1.024041072875903e-07  1.195220265045882e+00 
 1.024241072875903e-07  1.195220265045882e+00 
 1.024441072875903e-07  1.195220265045881e+00 
 1.024641072875903e-07  1.195220265045882e+00 
 1.024841072875902e-07  1.195220265045882e+00 
 1.025041072875902e-07  1.195220265045882e+00 
 1.025241072875902e-07  1.195220265045881e+00 
 1.025441072875902e-07  1.195220265045882e+00 
 1.025641072875902e-07  1.195220265045882e+00 
 1.025841072875902e-07  1.195220265045882e+00 
 1.026041072875902e-07  1.195220265045881e+00 
 1.026241072875902e-07  1.195220265045882e+00 
 1.026441072875902e-07  1.195220265045882e+00 
 1.026641072875902e-07  1.195220265045882e+00 
 1.026841072875902e-07  1.195220265045881e+00 
 1.027041072875902e-07  1.195220265045882e+00 
 1.027241072875902e-07  1.195220265045882e+00 
 1.027441072875902e-07  1.195220265045882e+00 
 1.027641072875902e-07  1.195220265045881e+00 
 1.027841072875902e-07  1.195220265045882e+00 
 1.028041072875902e-07  1.195220265045882e+00 
 1.028241072875902e-07  1.195220265045882e+00 
 1.028441072875902e-07  1.195220265045881e+00 
 1.028641072875902e-07  1.195220265045882e+00 
 1.028841072875902e-07  1.195220265045882e+00 
 1.029041072875902e-07  1.195220265045882e+00 
 1.029241072875902e-07  1.195220265045881e+00 
 1.029441072875902e-07  1.195220265045882e+00 
 1.029641072875902e-07  1.195220265045882e+00 
 1.029841072875902e-07  1.195220265045882e+00 
 1.030041072875901e-07  1.195220265045881e+00 
 1.030241072875901e-07  1.195220265045882e+00 
 1.030441072875901e-07  1.195220265045882e+00 
 1.030641072875901e-07  1.195220265045882e+00 
 1.030841072875901e-07  1.195220265045881e+00 
 1.031041072875901e-07  1.195220265045882e+00 
 1.031241072875901e-07  1.195220265045882e+00 
 1.031441072875901e-07  1.195220265045882e+00 
 1.031641072875901e-07  1.195220265045881e+00 
 1.031841072875901e-07  1.195220265045882e+00 
 1.032041072875901e-07  1.195220265045882e+00 
 1.032241072875901e-07  1.195220265045882e+00 
 1.032441072875901e-07  1.195220265045881e+00 
 1.032641072875901e-07  1.195220265045882e+00 
 1.032841072875901e-07  1.195220265045882e+00 
 1.033041072875901e-07  1.195220265045882e+00 
 1.033241072875901e-07  1.195220265045881e+00 
 1.033441072875901e-07  1.195220265045882e+00 
 1.033641072875901e-07  1.195220265045882e+00 
 1.033841072875901e-07  1.195220265045882e+00 
 1.034041072875901e-07  1.195220265045881e+00 
 1.034241072875901e-07  1.195220265045882e+00 
 1.034441072875901e-07  1.195220265045882e+00 
 1.034641072875901e-07  1.195220265045882e+00 
 1.034841072875901e-07  1.195220265045881e+00 
 1.035041072875901e-07  1.195220265045882e+00 
 1.035241072875901e-07  1.195220265045882e+00 
 1.035441072875900e-07  1.195220265045882e+00 
 1.035641072875900e-07  1.195220265045881e+00 
 1.035841072875900e-07  1.195220265045882e+00 
 1.036041072875900e-07  1.195220265045882e+00 
 1.036241072875900e-07  1.195220265045882e+00 
 1.036441072875900e-07  1.195220265045881e+00 
 1.036641072875900e-07  1.195220265045882e+00 
 1.036841072875900e-07  1.195220265045882e+00 
 1.037041072875900e-07  1.195220265045882e+00 
 1.037241072875900e-07  1.195220265045881e+00 
 1.037441072875900e-07  1.195220265045882e+00 
 1.037641072875900e-07  1.195220265045882e+00 
 1.037841072875900e-07  1.195220265045882e+00 
 1.038041072875900e-07  1.195220265045881e+00 
 1.038241072875900e-07  1.195220265045882e+00 
 1.038441072875900e-07  1.195220265045882e+00 
 1.038641072875900e-07  1.195220265045882e+00 
 1.038841072875900e-07  1.195220265045881e+00 
 1.039041072875900e-07  1.195220265045882e+00 
 1.039241072875900e-07  1.195220265045882e+00 
 1.039441072875900e-07  1.195220265045882e+00 
 1.039641072875900e-07  1.195220265045881e+00 
 1.039841072875900e-07  1.195220265045882e+00 
 1.040041072875900e-07  1.195220265045882e+00 
 1.040241072875900e-07  1.195220265045882e+00 
 1.040441072875900e-07  1.195220265045881e+00 
 1.040641072875899e-07  1.195220265045882e+00 
 1.040841072875899e-07  1.195220265045882e+00 
 1.041041072875899e-07  1.195220265045882e+00 
 1.041241072875899e-07  1.195220265045881e+00 
 1.041441072875899e-07  1.195220265045882e+00 
 1.041641072875899e-07  1.195220265045882e+00 
 1.041841072875899e-07  1.195220265045882e+00 
 1.042041072875899e-07  1.195220265045881e+00 
 1.042241072875899e-07  1.195220265045882e+00 
 1.042441072875899e-07  1.195220265045882e+00 
 1.042641072875899e-07  1.195220265045882e+00 
 1.042841072875899e-07  1.195220265045881e+00 
 1.043041072875899e-07  1.195220265045882e+00 
 1.043241072875899e-07  1.195220265045882e+00 
 1.043441072875899e-07  1.195220265045882e+00 
 1.043641072875899e-07  1.195220265045881e+00 
 1.043841072875899e-07  1.195220265045882e+00 
 1.044041072875899e-07  1.195220265045882e+00 
 1.044241072875899e-07  1.195220265045882e+00 
 1.044441072875899e-07  1.195220265045881e+00 
 1.044641072875899e-07  1.195220265045882e+00 
 1.044841072875899e-07  1.195220265045882e+00 
 1.045041072875899e-07  1.195220265045882e+00 
 1.045241072875899e-07  1.195220265045881e+00 
 1.045441072875899e-07  1.195220265045882e+00 
 1.045641072875899e-07  1.195220265045882e+00 
 1.045841072875899e-07  1.195220265045882e+00 
 1.046041072875898e-07  1.195220265045881e+00 
 1.046241072875898e-07  1.195220265045882e+00 
 1.046441072875898e-07  1.195220265045882e+00 
 1.046641072875898e-07  1.195220265045882e+00 
 1.046841072875898e-07  1.195220265045881e+00 
 1.047041072875898e-07  1.195220265045882e+00 
 1.047241072875898e-07  1.195220265045882e+00 
 1.047441072875898e-07  1.195220265045882e+00 
 1.047641072875898e-07  1.195220265045881e+00 
 1.047841072875898e-07  1.195220265045882e+00 
 1.048041072875898e-07  1.195220265045882e+00 
 1.048241072875898e-07  1.195220265045882e+00 
 1.048441072875898e-07  1.195220265045881e+00 
 1.048641072875898e-07  1.195220265045882e+00 
 1.048841072875898e-07  1.195220265045882e+00 
 1.049041072875898e-07  1.195220265045882e+00 
 1.049241072875898e-07  1.195220265045881e+00 
 1.049441072875898e-07  1.195220265045882e+00 
 1.049641072875898e-07  1.195220265045882e+00 
 1.049841072875898e-07  1.195220265045882e+00 
 1.050041072875898e-07  1.195220265045881e+00 
 1.050241072875898e-07  1.195220265045882e+00 
 1.050441072875898e-07  1.195220265045882e+00 
 1.050641072875898e-07  1.195220265045882e+00 
 1.050841072875898e-07  1.195220265045881e+00 
 1.051041072875898e-07  1.195220265045882e+00 
 1.051241072875897e-07  1.195220265045882e+00 
 1.051441072875897e-07  1.195220265045882e+00 
 1.051641072875897e-07  1.195220265045881e+00 
 1.051841072875897e-07  1.195220265045882e+00 
 1.052041072875897e-07  1.195220265045882e+00 
 1.052241072875897e-07  1.195220265045882e+00 
 1.052441072875897e-07  1.195220265045881e+00 
 1.052641072875897e-07  1.195220265045882e+00 
 1.052841072875897e-07  1.195220265045882e+00 
 1.053041072875897e-07  1.195220265045882e+00 
 1.053241072875897e-07  1.195220265045881e+00 
 1.053441072875897e-07  1.195220265045882e+00 
 1.053641072875897e-07  1.195220265045882e+00 
 1.053841072875897e-07  1.195220265045882e+00 
 1.054041072875897e-07  1.195220265045881e+00 
 1.054241072875897e-07  1.195220265045882e+00 
 1.054441072875897e-07  1.195220265045882e+00 
 1.054641072875897e-07  1.195220265045882e+00 
 1.054841072875897e-07  1.195220265045881e+00 
 1.055041072875897e-07  1.195220265045882e+00 
 1.055241072875897e-07  1.195220265045882e+00 
 1.055441072875897e-07  1.195220265045882e+00 
 1.055641072875897e-07  1.195220265045881e+00 
 1.055841072875897e-07  1.195220265045882e+00 
 1.056041072875897e-07  1.195220265045882e+00 
 1.056241072875897e-07  1.195220265045882e+00 
 1.056441072875896e-07  1.195220265045881e+00 
 1.056641072875896e-07  1.195220265045882e+00 
 1.056841072875896e-07  1.195220265045882e+00 
 1.057041072875896e-07  1.195220265045882e+00 
 1.057241072875896e-07  1.195220265045881e+00 
 1.057441072875896e-07  1.195220265045882e+00 
 1.057641072875896e-07  1.195220265045882e+00 
 1.057841072875896e-07  1.195220265045882e+00 
 1.058041072875896e-07  1.195220265045881e+00 
 1.058241072875896e-07  1.195220265045882e+00 
 1.058441072875896e-07  1.195220265045882e+00 
 1.058641072875896e-07  1.195220265045882e+00 
 1.058841072875896e-07  1.195220265045881e+00 
 1.059041072875896e-07  1.195220265045882e+00 
 1.059241072875896e-07  1.195220265045882e+00 
 1.059441072875896e-07  1.195220265045882e+00 
 1.059641072875896e-07  1.195220265045881e+00 
 1.059841072875896e-07  1.195220265045882e+00 
 1.060041072875896e-07  1.195220265045882e+00 
 1.060241072875896e-07  1.195220265045882e+00 
 1.060441072875896e-07  1.195220265045881e+00 
 1.060641072875896e-07  1.195220265045882e+00 
 1.060841072875896e-07  1.195220265045882e+00 
 1.061041072875896e-07  1.195220265045882e+00 
 1.061241072875896e-07  1.195220265045881e+00 
 1.061441072875896e-07  1.195220265045882e+00 
 1.061641072875896e-07  1.195220265045882e+00 
 1.061841072875895e-07  1.195220265045882e+00 
 1.062041072875895e-07  1.195220265045881e+00 
 1.062241072875895e-07  1.195220265045882e+00 
 1.062441072875895e-07  1.195220265045882e+00 
 1.062641072875895e-07  1.195220265045882e+00 
 1.062841072875895e-07  1.195220265045881e+00 
 1.063041072875895e-07  1.195220265045882e+00 
 1.063241072875895e-07  1.195220265045882e+00 
 1.063441072875895e-07  1.195220265045882e+00 
 1.063641072875895e-07  1.195220265045881e+00 
 1.063841072875895e-07  1.195220265045882e+00 
 1.064041072875895e-07  1.195220265045882e+00 
 1.064241072875895e-07  1.195220265045882e+00 
 1.064441072875895e-07  1.195220265045881e+00 
 1.064641072875895e-07  1.195220265045882e+00 
 1.064841072875895e-07  1.195220265045882e+00 
 1.065041072875895e-07  1.195220265045882e+00 
 1.065241072875895e-07  1.195220265045881e+00 
 1.065441072875895e-07  1.195220265045882e+00 
 1.065641072875895e-07  1.195220265045882e+00 
 1.065841072875895e-07  1.195220265045882e+00 
 1.066041072875895e-07  1.195220265045881e+00 
 1.066241072875895e-07  1.195220265045882e+00 
 1.066441072875895e-07  1.195220265045882e+00 
 1.066641072875895e-07  1.195220265045882e+00 
 1.066841072875895e-07  1.195220265045881e+00 
 1.067041072875894e-07  1.195220265045882e+00 
 1.067241072875894e-07  1.195220265045882e+00 
 1.067441072875894e-07  1.195220265045882e+00 
 1.067641072875894e-07  1.195220265045881e+00 
 1.067841072875894e-07  1.195220265045882e+00 
 1.068041072875894e-07  1.195220265045882e+00 
 1.068241072875894e-07  1.195220265045882e+00 
 1.068441072875894e-07  1.195220265045881e+00 
 1.068641072875894e-07  1.195220265045882e+00 
 1.068841072875894e-07  1.195220265045882e+00 
 1.069041072875894e-07  1.195220265045882e+00 
 1.069241072875894e-07  1.195220265045881e+00 
 1.069441072875894e-07  1.195220265045882e+00 
 1.069641072875894e-07  1.195220265045882e+00 
 1.069841072875894e-07  1.195220265045882e+00 
 1.070041072875894e-07  1.195220265045881e+00 
 1.070241072875894e-07  1.195220265045882e+00 
 1.070441072875894e-07  1.195220265045882e+00 
 1.070641072875894e-07  1.195220265045882e+00 
 1.070841072875894e-07  1.195220265045881e+00 
 1.071041072875894e-07  1.195220265045882e+00 
 1.071241072875894e-07  1.195220265045882e+00 
 1.071441072875894e-07  1.195220265045882e+00 
 1.071641072875894e-07  1.195220265045881e+00 
 1.071841072875894e-07  1.195220265045882e+00 
 1.072041072875894e-07  1.195220265045882e+00 
 1.072241072875893e-07  1.195220265045882e+00 
 1.072441072875893e-07  1.195220265045881e+00 
 1.072641072875893e-07  1.195220265045882e+00 
 1.072841072875893e-07  1.195220265045882e+00 
 1.073041072875893e-07  1.195220265045882e+00 
 1.073241072875893e-07  1.195220265045881e+00 
 1.073441072875893e-07  1.195220265045882e+00 
 1.073641072875893e-07  1.195220265045882e+00 
 1.073841072875893e-07  1.195220265045882e+00 
 1.074041072875893e-07  1.195220265045881e+00 
 1.074241072875893e-07  1.195220265045882e+00 
 1.074441072875893e-07  1.195220265045882e+00 
 1.074641072875893e-07  1.195220265045882e+00 
 1.074841072875893e-07  1.195220265045881e+00 
 1.075041072875893e-07  1.195220265045882e+00 
 1.075241072875893e-07  1.195220265045882e+00 
 1.075441072875893e-07  1.195220265045882e+00 
 1.075641072875893e-07  1.195220265045881e+00 
 1.075841072875893e-07  1.195220265045882e+00 
 1.076041072875893e-07  1.195220265045882e+00 
 1.076241072875893e-07  1.195220265045882e+00 
 1.076441072875893e-07  1.195220265045881e+00 
 1.076641072875893e-07  1.195220265045882e+00 
 1.076841072875893e-07  1.195220265045882e+00 
 1.077041072875893e-07  1.195220265045882e+00 
 1.077241072875893e-07  1.195220265045881e+00 
 1.077441072875893e-07  1.195220265045882e+00 
 1.077641072875892e-07  1.195220265045882e+00 
 1.077841072875892e-07  1.195220265045882e+00 
 1.078041072875892e-07  1.195220265045881e+00 
 1.078241072875892e-07  1.195220265045882e+00 
 1.078441072875892e-07  1.195220265045882e+00 
 1.078641072875892e-07  1.195220265045882e+00 
 1.078841072875892e-07  1.195220265045881e+00 
 1.079041072875892e-07  1.195220265045882e+00 
 1.079241072875892e-07  1.195220265045882e+00 
 1.079441072875892e-07  1.195220265045882e+00 
 1.079641072875892e-07  1.195220265045881e+00 
 1.079841072875892e-07  1.195220265045882e+00 
 1.080041072875892e-07  1.195220265045882e+00 
 1.080241072875892e-07  1.195220265045882e+00 
 1.080441072875892e-07  1.195220265045881e+00 
 1.080641072875892e-07  1.195220265045882e+00 
 1.080841072875892e-07  1.195220265045882e+00 
 1.081041072875892e-07  1.195220265045882e+00 
 1.081241072875892e-07  1.195220265045881e+00 
 1.081441072875892e-07  1.195220265045882e+00 
 1.081641072875892e-07  1.195220265045882e+00 
 1.081841072875892e-07  1.195220265045882e+00 
 1.082041072875892e-07  1.195220265045881e+00 
 1.082241072875892e-07  1.195220265045882e+00 
 1.082441072875892e-07  1.195220265045882e+00 
 1.082641072875892e-07  1.195220265045882e+00 
 1.082841072875891e-07  1.195220265045881e+00 
 1.083041072875891e-07  1.195220265045882e+00 
 1.083241072875891e-07  1.195220265045882e+00 
 1.083441072875891e-07  1.195220265045882e+00 
 1.083641072875891e-07  1.195220265045881e+00 
 1.083841072875891e-07  1.195220265045882e+00 
 1.084041072875891e-07  1.195220265045882e+00 
 1.084241072875891e-07  1.195220265045882e+00 
 1.084441072875891e-07  1.195220265045881e+00 
 1.084641072875891e-07  1.195220265045882e+00 
 1.084841072875891e-07  1.195220265045882e+00 
 1.085041072875891e-07  1.195220265045882e+00 
 1.085241072875891e-07  1.195220265045881e+00 
 1.085441072875891e-07  1.195220265045882e+00 
 1.085641072875891e-07  1.195220265045882e+00 
 1.085841072875891e-07  1.195220265045882e+00 
 1.086041072875891e-07  1.195220265045881e+00 
 1.086241072875891e-07  1.195220265045882e+00 
 1.086441072875891e-07  1.195220265045882e+00 
 1.086641072875891e-07  1.195220265045882e+00 
 1.086841072875891e-07  1.195220265045881e+00 
 1.087041072875891e-07  1.195220265045882e+00 
 1.087241072875891e-07  1.195220265045882e+00 
 1.087441072875891e-07  1.195220265045882e+00 
 1.087641072875891e-07  1.195220265045881e+00 
 1.087841072875891e-07  1.195220265045882e+00 
 1.088041072875891e-07  1.195220265045882e+00 
 1.088241072875890e-07  1.195220265045882e+00 
 1.088441072875890e-07  1.195220265045881e+00 
 1.088641072875890e-07  1.195220265045882e+00 
 1.088841072875890e-07  1.195220265045882e+00 
 1.089041072875890e-07  1.195220265045882e+00 
 1.089241072875890e-07  1.195220265045881e+00 
 1.089441072875890e-07  1.195220265045882e+00 
 1.089641072875890e-07  1.195220265045882e+00 
 1.089841072875890e-07  1.195220265045882e+00 
 1.090041072875890e-07  1.195220265045881e+00 
 1.090241072875890e-07  1.195220265045882e+00 
 1.090441072875890e-07  1.195220265045882e+00 
 1.090641072875890e-07  1.195220265045882e+00 
 1.090841072875890e-07  1.195220265045881e+00 
 1.091041072875890e-07  1.195220265045882e+00 
 1.091241072875890e-07  1.195220265045882e+00 
 1.091441072875890e-07  1.195220265045882e+00 
 1.091641072875890e-07  1.195220265045881e+00 
 1.091841072875890e-07  1.195220265045882e+00 
 1.092041072875890e-07  1.195220265045882e+00 
 1.092241072875890e-07  1.195220265045882e+00 
 1.092441072875890e-07  1.195220265045881e+00 
 1.092641072875890e-07  1.195220265045882e+00 
 1.092841072875890e-07  1.195220265045882e+00 
 1.093041072875890e-07  1.195220265045882e+00 
 1.093241072875890e-07  1.195220265045881e+00 
 1.093441072875889e-07  1.195220265045882e+00 
 1.093641072875889e-07  1.195220265045882e+00 
 1.093841072875889e-07  1.195220265045882e+00 
 1.094041072875889e-07  1.195220265045881e+00 
 1.094241072875889e-07  1.195220265045882e+00 
 1.094441072875889e-07  1.195220265045882e+00 
 1.094641072875889e-07  1.195220265045882e+00 
 1.094841072875889e-07  1.195220265045881e+00 
 1.095041072875889e-07  1.195220265045882e+00 
 1.095241072875889e-07  1.195220265045882e+00 
 1.095441072875889e-07  1.195220265045882e+00 
 1.095641072875889e-07  1.195220265045881e+00 
 1.095841072875889e-07  1.195220265045882e+00 
 1.096041072875889e-07  1.195220265045882e+00 
 1.096241072875889e-07  1.195220265045882e+00 
 1.096441072875889e-07  1.195220265045881e+00 
 1.096641072875889e-07  1.195220265045882e+00 
 1.096841072875889e-07  1.195220265045882e+00 
 1.097041072875889e-07  1.195220265045882e+00 
 1.097241072875889e-07  1.195220265045881e+00 
 1.097441072875889e-07  1.195220265045882e+00 
 1.097641072875889e-07  1.195220265045882e+00 
 1.097841072875889e-07  1.195220265045882e+00 
 1.098041072875889e-07  1.195220265045881e+00 
 1.098241072875889e-07  1.195220265045882e+00 
 1.098441072875889e-07  1.195220265045882e+00 
 1.098641072875888e-07  1.195220265045882e+00 
 1.098841072875888e-07  1.195220265045881e+00 
 1.099041072875888e-07  1.195220265045882e+00 
 1.099241072875888e-07  1.195220265045882e+00 
 1.099441072875888e-07  1.195220265045882e+00 
 1.099641072875888e-07  1.195220265045881e+00 
 1.099841072875888e-07  1.195220265045882e+00 
 1.100041072875888e-07  1.195220265045882e+00 
 1.100241072875888e-07  1.195220265045882e+00 
 1.100441072875888e-07  1.195220265045881e+00 
 1.100641072875888e-07  1.195220265045882e+00 
 1.100841072875888e-07  1.195220265045882e+00 
 1.101041072875888e-07  1.195220265045882e+00 
 1.101241072875888e-07  1.195220265045881e+00 
 1.101441072875888e-07  1.195220265045882e+00 
 1.101641072875888e-07  1.195220265045882e+00 
 1.101841072875888e-07  1.195220265045882e+00 
 1.102041072875888e-07  1.195220265045881e+00 
 1.102241072875888e-07  1.195220265045882e+00 
 1.102441072875888e-07  1.195220265045882e+00 
 1.102641072875888e-07  1.195220265045882e+00 
 1.102841072875888e-07  1.195220265045881e+00 
 1.103041072875888e-07  1.195220265045882e+00 
 1.103241072875888e-07  1.195220265045882e+00 
 1.103441072875888e-07  1.195220265045882e+00 
 1.103641072875888e-07  1.195220265045881e+00 
 1.103841072875888e-07  1.195220265045882e+00 
 1.104041072875887e-07  1.195220265045882e+00 
 1.104241072875887e-07  1.195220265045882e+00 
 1.104441072875887e-07  1.195220265045881e+00 
 1.104641072875887e-07  1.195220265045882e+00 
 1.104841072875887e-07  1.195220265045882e+00 
 1.105041072875887e-07  1.195220265045882e+00 
 1.105241072875887e-07  1.195220265045881e+00 
 1.105441072875887e-07  1.195220265045882e+00 
 1.105641072875887e-07  1.195220265045882e+00 
 1.105841072875887e-07  1.195220265045882e+00 
 1.106041072875887e-07  1.195220265045881e+00 
 1.106241072875887e-07  1.195220265045882e+00 
 1.106441072875887e-07  1.195220265045882e+00 
 1.106641072875887e-07  1.195220265045882e+00 
 1.106841072875887e-07  1.195220265045881e+00 
 1.107041072875887e-07  1.195220265045882e+00 
 1.107241072875887e-07  1.195220265045882e+00 
 1.107441072875887e-07  1.195220265045882e+00 
 1.107641072875887e-07  1.195220265045881e+00 
 1.107841072875887e-07  1.195220265045882e+00 
 1.108041072875887e-07  1.195220265045882e+00 
 1.108241072875887e-07  1.195220265045882e+00 
 1.108441072875887e-07  1.195220265045881e+00 
 1.108641072875887e-07  1.195220265045882e+00 
 1.108841072875887e-07  1.195220265045882e+00 
 1.109041072875887e-07  1.195220265045882e+00 
 1.109241072875886e-07  1.195220265045881e+00 
 1.109441072875886e-07  1.195220265045882e+00 
 1.109641072875886e-07  1.195220265045882e+00 
 1.109841072875886e-07  1.195220265045882e+00 
 1.110041072875886e-07  1.195220265045881e+00 
 1.110241072875886e-07  1.195220265045882e+00 
 1.110441072875886e-07  1.195220265045882e+00 
 1.110641072875886e-07  1.195220265045882e+00 
 1.110841072875886e-07  1.195220265045881e+00 
 1.111041072875886e-07  1.195220265045882e+00 
 1.111241072875886e-07  1.195220265045882e+00 
 1.111441072875886e-07  1.195220265045882e+00 
 1.111641072875886e-07  1.195220265045881e+00 
 1.111841072875886e-07  1.195220265045882e+00 
 1.112041072875886e-07  1.195220265045882e+00 
 1.112241072875886e-07  1.195220265045882e+00 
 1.112441072875886e-07  1.195220265045881e+00 
 1.112641072875886e-07  1.195220265045882e+00 
 1.112841072875886e-07  1.195220265045882e+00 
 1.113041072875886e-07  1.195220265045882e+00 
 1.113241072875886e-07  1.195220265045881e+00 
 1.113441072875886e-07  1.195220265045882e+00 
 1.113641072875886e-07  1.195220265045882e+00 
 1.113841072875886e-07  1.195220265045882e+00 
 1.114041072875886e-07  1.195220265045881e+00 
 1.114241072875886e-07  1.195220265045882e+00 
 1.114441072875885e-07  1.195220265045882e+00 
 1.114641072875885e-07  1.195220265045882e+00 
 1.114841072875885e-07  1.195220265045881e+00 
 1.115041072875885e-07  1.195220265045882e+00 
 1.115241072875885e-07  1.195220265045882e+00 
 1.115441072875885e-07  1.195220265045882e+00 
 1.115641072875885e-07  1.195220265045881e+00 
 1.115841072875885e-07  1.195220265045882e+00 
 1.116041072875885e-07  1.195220265045882e+00 
 1.116241072875885e-07  1.195220265045882e+00 
 1.116441072875885e-07  1.195220265045881e+00 
 1.116641072875885e-07  1.195220265045882e+00 
 1.116841072875885e-07  1.195220265045882e+00 
 1.117041072875885e-07  1.195220265045882e+00 
 1.117241072875885e-07  1.195220265045881e+00 
 1.117441072875885e-07  1.195220265045882e+00 
 1.117641072875885e-07  1.195220265045882e+00 
 1.117841072875885e-07  1.195220265045882e+00 
 1.118041072875885e-07  1.195220265045881e+00 
 1.118241072875885e-07  1.195220265045882e+00 
 1.118441072875885e-07  1.195220265045882e+00 
 1.118641072875885e-07  1.195220265045882e+00 
 1.118841072875885e-07  1.195220265045881e+00 
 1.119041072875885e-07  1.195220265045882e+00 
 1.119241072875885e-07  1.195220265045882e+00 
 1.119441072875885e-07  1.195220265045882e+00 
 1.119641072875885e-07  1.195220265045881e+00 
 1.119841072875884e-07  1.195220265045882e+00 
 1.120041072875884e-07  1.195220265045882e+00 
 1.120241072875884e-07  1.195220265045882e+00 
 1.120441072875884e-07  1.195220265045881e+00 
 1.120641072875884e-07  1.195220265045882e+00 
 1.120841072875884e-07  1.195220265045882e+00 
 1.121041072875884e-07  1.195220265045882e+00 
 1.121241072875884e-07  1.195220265045881e+00 
 1.121441072875884e-07  1.195220265045882e+00 
 1.121641072875884e-07  1.195220265045882e+00 
 1.121841072875884e-07  1.195220265045882e+00 
 1.122041072875884e-07  1.195220265045881e+00 
 1.122241072875884e-07  1.195220265045882e+00 
 1.122441072875884e-07  1.195220265045882e+00 
 1.122641072875884e-07  1.195220265045882e+00 
 1.122841072875884e-07  1.195220265045881e+00 
 1.123041072875884e-07  1.195220265045882e+00 
 1.123241072875884e-07  1.195220265045882e+00 
 1.123441072875884e-07  1.195220265045882e+00 
 1.123641072875884e-07  1.195220265045881e+00 
 1.123841072875884e-07  1.195220265045882e+00 
 1.124041072875884e-07  1.195220265045882e+00 
 1.124241072875884e-07  1.195220265045882e+00 
 1.124441072875884e-07  1.195220265045881e+00 
 1.124641072875884e-07  1.195220265045882e+00 
 1.124841072875884e-07  1.195220265045882e+00 
 1.125041072875883e-07  1.195220265045882e+00 
 1.125241072875883e-07  1.195220265045881e+00 
 1.125441072875883e-07  1.195220265045882e+00 
 1.125641072875883e-07  1.195220265045882e+00 
 1.125841072875883e-07  1.195220265045882e+00 
 1.126041072875883e-07  1.195220265045881e+00 
 1.126241072875883e-07  1.195220265045882e+00 
 1.126441072875883e-07  1.195220265045882e+00 
 1.126641072875883e-07  1.195220265045882e+00 
 1.126841072875883e-07  1.195220265045881e+00 
 1.127041072875883e-07  1.195220265045882e+00 
 1.127241072875883e-07  1.195220265045882e+00 
 1.127441072875883e-07  1.195220265045882e+00 
 1.127641072875883e-07  1.195220265045881e+00 
 1.127841072875883e-07  1.195220265045882e+00 
 1.128041072875883e-07  1.195220265045882e+00 
 1.128241072875883e-07  1.195220265045882e+00 
 1.128441072875883e-07  1.195220265045881e+00 
 1.128641072875883e-07  1.195220265045882e+00 
 1.128841072875883e-07  1.195220265045882e+00 
 1.129041072875883e-07  1.195220265045882e+00 
 1.129241072875883e-07  1.195220265045881e+00 
 1.129441072875883e-07  1.195220265045882e+00 
 1.129641072875883e-07  1.195220265045882e+00 
 1.129841072875883e-07  1.195220265045882e+00 
 1.130041072875883e-07  1.195220265045881e+00 
 1.130241072875883e-07  1.195220265045882e+00 
 1.130441072875882e-07  1.195220265045882e+00 
 1.130641072875882e-07  1.195220265045882e+00 
 1.130841072875882e-07  1.195220265045881e+00 
 1.131041072875882e-07  1.195220265045882e+00 
 1.131241072875882e-07  1.195220265045882e+00 
 1.131441072875882e-07  1.195220265045882e+00 
 1.131641072875882e-07  1.195220265045881e+00 
 1.131841072875882e-07  1.195220265045882e+00 
 1.132041072875882e-07  1.195220265045882e+00 
 1.132241072875882e-07  1.195220265045882e+00 
 1.132441072875882e-07  1.195220265045881e+00 
 1.132641072875882e-07  1.195220265045882e+00 
 1.132841072875882e-07  1.195220265045882e+00 
 1.133041072875882e-07  1.195220265045882e+00 
 1.133241072875882e-07  1.195220265045881e+00 
 1.133441072875882e-07  1.195220265045882e+00 
 1.133641072875882e-07  1.195220265045882e+00 
 1.133841072875882e-07  1.195220265045882e+00 
 1.134041072875882e-07  1.195220265045881e+00 
 1.134241072875882e-07  1.195220265045882e+00 
 1.134441072875882e-07  1.195220265045882e+00 
 1.134641072875882e-07  1.195220265045882e+00 
 1.134841072875882e-07  1.195220265045881e+00 
 1.135041072875882e-07  1.195220265045882e+00 
 1.135241072875882e-07  1.195220265045882e+00 
 1.135441072875882e-07  1.195220265045882e+00 
 1.135641072875881e-07  1.195220265045881e+00 
 1.135841072875881e-07  1.195220265045882e+00 
 1.136041072875881e-07  1.195220265045882e+00 
 1.136241072875881e-07  1.195220265045882e+00 
 1.136441072875881e-07  1.195220265045881e+00 
 1.136641072875881e-07  1.195220265045882e+00 
 1.136841072875881e-07  1.195220265045882e+00 
 1.137041072875881e-07  1.195220265045882e+00 
 1.137241072875881e-07  1.195220265045881e+00 
 1.137441072875881e-07  1.195220265045882e+00 
 1.137641072875881e-07  1.195220265045882e+00 
 1.137841072875881e-07  1.195220265045882e+00 
 1.138041072875881e-07  1.195220265045881e+00 
 1.138241072875881e-07  1.195220265045882e+00 
 1.138441072875881e-07  1.195220265045882e+00 
 1.138641072875881e-07  1.195220265045882e+00 
 1.138841072875881e-07  1.195220265045881e+00 
 1.139041072875881e-07  1.195220265045882e+00 
 1.139241072875881e-07  1.195220265045882e+00 
 1.139441072875881e-07  1.195220265045882e+00 
 1.139641072875881e-07  1.195220265045881e+00 
 1.139841072875881e-07  1.195220265045882e+00 
 1.140041072875881e-07  1.195220265045882e+00 
 1.140241072875881e-07  1.195220265045882e+00 
 1.140441072875881e-07  1.195220265045881e+00 
 1.140641072875881e-07  1.195220265045882e+00 
 1.140841072875880e-07  1.195220265045882e+00 
 1.141041072875880e-07  1.195220265045882e+00 
 1.141241072875880e-07  1.195220265045881e+00 
 1.141441072875880e-07  1.195220265045882e+00 
 1.141641072875880e-07  1.195220265045882e+00 
 1.141841072875880e-07  1.195220265045882e+00 
 1.142041072875880e-07  1.195220265045881e+00 
 1.142241072875880e-07  1.195220265045882e+00 
 1.142441072875880e-07  1.195220265045882e+00 
 1.142641072875880e-07  1.195220265045882e+00 
 1.142841072875880e-07  1.195220265045881e+00 
 1.143041072875880e-07  1.195220265045882e+00 
 1.143241072875880e-07  1.195220265045882e+00 
 1.143441072875880e-07  1.195220265045882e+00 
 1.143641072875880e-07  1.195220265045881e+00 
 1.143841072875880e-07  1.195220265045882e+00 
 1.144041072875880e-07  1.195220265045882e+00 
 1.144241072875880e-07  1.195220265045882e+00 
 1.144441072875880e-07  1.195220265045881e+00 
 1.144641072875880e-07  1.195220265045882e+00 
 1.144841072875880e-07  1.195220265045882e+00 
 1.145041072875880e-07  1.195220265045882e+00 
 1.145241072875880e-07  1.195220265045881e+00 
 1.145441072875880e-07  1.195220265045882e+00 
 1.145641072875880e-07  1.195220265045882e+00 
 1.145841072875880e-07  1.195220265045882e+00 
 1.146041072875880e-07  1.195220265045881e+00 
 1.146241072875879e-07  1.195220265045882e+00 
 1.146441072875879e-07  1.195220265045882e+00 
 1.146641072875879e-07  1.195220265045882e+00 
 1.146841072875879e-07  1.195220265045881e+00 
 1.147041072875879e-07  1.195220265045882e+00 
 1.147241072875879e-07  1.195220265045882e+00 
 1.147441072875879e-07  1.195220265045882e+00 
 1.147641072875879e-07  1.195220265045881e+00 
 1.147841072875879e-07  1.195220265045882e+00 
 1.148041072875879e-07  1.195220265045882e+00 
 1.148241072875879e-07  1.195220265045882e+00 
 1.148441072875879e-07  1.195220265045881e+00 
 1.148641072875879e-07  1.195220265045882e+00 
 1.148841072875879e-07  1.195220265045882e+00 
 1.149041072875879e-07  1.195220265045882e+00 
 1.149241072875879e-07  1.195220265045881e+00 
 1.149441072875879e-07  1.195220265045882e+00 
 1.149641072875879e-07  1.195220265045882e+00 
 1.149841072875879e-07  1.195220265045882e+00 
 1.150041072875879e-07  1.195220265045881e+00 
 1.150241072875879e-07  1.195220265045882e+00 
 1.150441072875879e-07  1.195220265045882e+00 
 1.150641072875879e-07  1.195220265045882e+00 
 1.150841072875879e-07  1.195220265045881e+00 
 1.151041072875879e-07  1.195220265045882e+00 
 1.151241072875879e-07  1.195220265045882e+00 
 1.151441072875878e-07  1.195220265045882e+00 
 1.151641072875878e-07  1.195220265045881e+00 
 1.151841072875878e-07  1.195220265045882e+00 
 1.152041072875878e-07  1.195220265045882e+00 
 1.152241072875878e-07  1.195220265045882e+00 
 1.152441072875878e-07  1.195220265045881e+00 
 1.152641072875878e-07  1.195220265045882e+00 
 1.152841072875878e-07  1.195220265045882e+00 
 1.153041072875878e-07  1.195220265045882e+00 
 1.153241072875878e-07  1.195220265045881e+00 
 1.153441072875878e-07  1.195220265045882e+00 
 1.153641072875878e-07  1.195220265045882e+00 
 1.153841072875878e-07  1.195220265045882e+00 
 1.154041072875878e-07  1.195220265045881e+00 
 1.154241072875878e-07  1.195220265045882e+00 
 1.154441072875878e-07  1.195220265045882e+00 
 1.154641072875878e-07  1.195220265045882e+00 
 1.154841072875878e-07  1.195220265045881e+00 
 1.155041072875878e-07  1.195220265045882e+00 
 1.155241072875878e-07  1.195220265045882e+00 
 1.155441072875878e-07  1.195220265045882e+00 
 1.155641072875878e-07  1.195220265045881e+00 
 1.155841072875878e-07  1.195220265045882e+00 
 1.156041072875878e-07  1.195220265045882e+00 
 1.156241072875878e-07  1.195220265045882e+00 
 1.156441072875878e-07  1.195220265045881e+00 
 1.156641072875877e-07  1.195220265045882e+00 
 1.156841072875877e-07  1.195220265045882e+00 
 1.157041072875877e-07  1.195220265045882e+00 
 1.157241072875877e-07  1.195220265045881e+00 
 1.157441072875877e-07  1.195220265045882e+00 
 1.157641072875877e-07  1.195220265045882e+00 
 1.157841072875877e-07  1.195220265045882e+00 
 1.158041072875877e-07  1.195220265045881e+00 
 1.158241072875877e-07  1.195220265045882e+00 
 1.158441072875877e-07  1.195220265045882e+00 
 1.158641072875877e-07  1.195220265045882e+00 
 1.158841072875877e-07  1.195220265045881e+00 
 1.159041072875877e-07  1.195220265045882e+00 
 1.159241072875877e-07  1.195220265045882e+00 
 1.159441072875877e-07  1.195220265045882e+00 
 1.159641072875877e-07  1.195220265045881e+00 
 1.159841072875877e-07  1.195220265045882e+00 
 1.160041072875877e-07  1.195220265045882e+00 
 1.160241072875877e-07  1.195220265045882e+00 
 1.160441072875877e-07  1.195220265045881e+00 
 1.160641072875877e-07  1.195220265045882e+00 
 1.160841072875877e-07  1.195220265045882e+00 
 1.161041072875877e-07  1.195220265045882e+00 
 1.161241072875877e-07  1.195220265045881e+00 
 1.161441072875877e-07  1.195220265045882e+00 
 1.161641072875877e-07  1.195220265045882e+00 
 1.161841072875877e-07  1.195220265045882e+00 
 1.162041072875876e-07  1.195220265045881e+00 
 1.162241072875876e-07  1.195220265045882e+00 
 1.162441072875876e-07  1.195220265045882e+00 
 1.162641072875876e-07  1.195220265045882e+00 
 1.162841072875876e-07  1.195220265045881e+00 
 1.163041072875876e-07  1.195220265045882e+00 
 1.163241072875876e-07  1.195220265045882e+00 
 1.163441072875876e-07  1.195220265045882e+00 
 1.163641072875876e-07  1.195220265045881e+00 
 1.163841072875876e-07  1.195220265045882e+00 
 1.164041072875876e-07  1.195220265045882e+00 
 1.164241072875876e-07  1.195220265045882e+00 
 1.164441072875876e-07  1.195220265045881e+00 
 1.164641072875876e-07  1.195220265045882e+00 
 1.164841072875876e-07  1.195220265045882e+00 
 1.165041072875876e-07  1.195220265045882e+00 
 1.165241072875876e-07  1.195220265045881e+00 
 1.165441072875876e-07  1.195220265045882e+00 
 1.165641072875876e-07  1.195220265045882e+00 
 1.165841072875876e-07  1.195220265045882e+00 
 1.166041072875876e-07  1.195220265045881e+00 
 1.166241072875876e-07  1.195220265045882e+00 
 1.166441072875876e-07  1.195220265045882e+00 
 1.166641072875876e-07  1.195220265045882e+00 
 1.166841072875876e-07  1.195220265045881e+00 
 1.167041072875876e-07  1.195220265045882e+00 
 1.167241072875875e-07  1.195220265045882e+00 
 1.167441072875875e-07  1.195220265045882e+00 
 1.167641072875875e-07  1.195220265045881e+00 
 1.167841072875875e-07  1.195220265045882e+00 
 1.168041072875875e-07  1.195220265045882e+00 
 1.168241072875875e-07  1.195220265045882e+00 
 1.168441072875875e-07  1.195220265045881e+00 
 1.168641072875875e-07  1.195220265045882e+00 
 1.168841072875875e-07  1.195220265045882e+00 
 1.169041072875875e-07  1.195220265045882e+00 
 1.169241072875875e-07  1.195220265045881e+00 
 1.169441072875875e-07  1.195220265045882e+00 
 1.169641072875875e-07  1.195220265045882e+00 
 1.169841072875875e-07  1.195220265045882e+00 
 1.170041072875875e-07  1.195220265045881e+00 
 1.170241072875875e-07  1.195220265045882e+00 
 1.170441072875875e-07  1.195220265045882e+00 
 1.170641072875875e-07  1.195220265045882e+00 
 1.170841072875875e-07  1.195220265045881e+00 
 1.171041072875875e-07  1.195220265045882e+00 
 1.171241072875875e-07  1.195220265045882e+00 
 1.171441072875875e-07  1.195220265045882e+00 
 1.171641072875875e-07  1.195220265045881e+00 
 1.171841072875875e-07  1.195220265045882e+00 
 1.172041072875875e-07  1.195220265045882e+00 
 1.172241072875875e-07  1.195220265045882e+00 
 1.172441072875875e-07  1.195220265045881e+00 
 1.172641072875874e-07  1.195220265045882e+00 
 1.172841072875874e-07  1.195220265045882e+00 
 1.173041072875874e-07  1.195220265045882e+00 
 1.173241072875874e-07  1.195220265045881e+00 
 1.173441072875874e-07  1.195220265045882e+00 
 1.173641072875874e-07  1.195220265045882e+00 
 1.173841072875874e-07  1.195220265045882e+00 
 1.174041072875874e-07  1.195220265045881e+00 
 1.174241072875874e-07  1.195220265045882e+00 
 1.174441072875874e-07  1.195220265045882e+00 
 1.174641072875874e-07  1.195220265045882e+00 
 1.174841072875874e-07  1.195220265045881e+00 
 1.175041072875874e-07  1.195220265045882e+00 
 1.175241072875874e-07  1.195220265045882e+00 
 1.175441072875874e-07  1.195220265045882e+00 
 1.175641072875874e-07  1.195220265045881e+00 
 1.175841072875874e-07  1.195220265045882e+00 
 1.176041072875874e-07  1.195220265045882e+00 
 1.176241072875874e-07  1.195220265045882e+00 
 1.176441072875874e-07  1.195220265045881e+00 
 1.176641072875874e-07  1.195220265045882e+00 
 1.176841072875874e-07  1.195220265045882e+00 
 1.177041072875874e-07  1.195220265045882e+00 
 1.177241072875874e-07  1.195220265045881e+00 
 1.177441072875874e-07  1.195220265045882e+00 
 1.177641072875874e-07  1.195220265045882e+00 
 1.177841072875873e-07  1.195220265045882e+00 
 1.178041072875873e-07  1.195220265045881e+00 
 1.178241072875873e-07  1.195220265045882e+00 
 1.178441072875873e-07  1.195220265045882e+00 
 1.178641072875873e-07  1.195220265045882e+00 
 1.178841072875873e-07  1.195220265045881e+00 
 1.179041072875873e-07  1.195220265045882e+00 
 1.179241072875873e-07  1.195220265045882e+00 
 1.179441072875873e-07  1.195220265045882e+00 
 1.179641072875873e-07  1.195220265045881e+00 
 1.179841072875873e-07  1.195220265045882e+00 
 1.180041072875873e-07  1.195220265045882e+00 
 1.180241072875873e-07  1.195220265045882e+00 
 1.180441072875873e-07  1.195220265045881e+00 
 1.180641072875873e-07  1.195220265045882e+00 
 1.180841072875873e-07  1.195220265045882e+00 
 1.181041072875873e-07  1.195220265045882e+00 
 1.181241072875873e-07  1.195220265045881e+00 
 1.181441072875873e-07  1.195220265045882e+00 
 1.181641072875873e-07  1.195220265045882e+00 
 1.181841072875873e-07  1.195220265045882e+00 
 1.182041072875873e-07  1.195220265045881e+00 
 1.182241072875873e-07  1.195220265045882e+00 
 1.182441072875873e-07  1.195220265045882e+00 
 1.182641072875873e-07  1.195220265045882e+00 
 1.182841072875873e-07  1.195220265045881e+00 
 1.183041072875872e-07  1.195220265045882e+00 
 1.183241072875872e-07  1.195220265045882e+00 
 1.183441072875872e-07  1.195220265045882e+00 
 1.183641072875872e-07  1.195220265045881e+00 
 1.183841072875872e-07  1.195220265045882e+00 
 1.184041072875872e-07  1.195220265045882e+00 
 1.184241072875872e-07  1.195220265045882e+00 
 1.184441072875872e-07  1.195220265045881e+00 
 1.184641072875872e-07  1.195220265045882e+00 
 1.184841072875872e-07  1.195220265045882e+00 
 1.185041072875872e-07  1.195220265045882e+00 
 1.185241072875872e-07  1.195220265045881e+00 
 1.185441072875872e-07  1.195220265045882e+00 
 1.185641072875872e-07  1.195220265045882e+00 
 1.185841072875872e-07  1.195220265045882e+00 
 1.186041072875872e-07  1.195220265045881e+00 
 1.186241072875872e-07  1.195220265045882e+00 
 1.186441072875872e-07  1.195220265045882e+00 
 1.186641072875872e-07  1.195220265045882e+00 
 1.186841072875872e-07  1.195220265045881e+00 
 1.187041072875872e-07  1.195220265045882e+00 
 1.187241072875872e-07  1.195220265045882e+00 
 1.187441072875872e-07  1.195220265045882e+00 
 1.187641072875872e-07  1.195220265045881e+00 
 1.187841072875872e-07  1.195220265045882e+00 
 1.188041072875872e-07  1.195220265045882e+00 
 1.188241072875872e-07  1.195220265045882e+00 
 1.188441072875871e-07  1.195220265045881e+00 
 1.188641072875871e-07  1.195220265045882e+00 
 1.188841072875871e-07  1.195220265045882e+00 
 1.189041072875871e-07  1.195220265045882e+00 
 1.189241072875871e-07  1.195220265045881e+00 
 1.189441072875871e-07  1.195220265045882e+00 
 1.189641072875871e-07  1.195220265045882e+00 
 1.189841072875871e-07  1.195220265045882e+00 
 1.190041072875871e-07  1.195220265045881e+00 
 1.190241072875871e-07  1.195220265045882e+00 
 1.190441072875871e-07  1.195220265045882e+00 
 1.190641072875871e-07  1.195220265045882e+00 
 1.190841072875871e-07  1.195220265045881e+00 
 1.191041072875871e-07  1.195220265045882e+00 
 1.191241072875871e-07  1.195220265045882e+00 
 1.191441072875871e-07  1.195220265045882e+00 
 1.191641072875871e-07  1.195220265045881e+00 
 1.191841072875871e-07  1.195220265045882e+00 
 1.192041072875871e-07  1.195220265045882e+00 
 1.192241072875871e-07  1.195220265045882e+00 
 1.192441072875871e-07  1.195220265045881e+00 
 1.192641072875871e-07  1.195220265045882e+00 
 1.192841072875871e-07  1.195220265045882e+00 
 1.193041072875871e-07  1.195220265045882e+00 
 1.193241072875871e-07  1.195220265045881e+00 
 1.193441072875871e-07  1.195220265045882e+00 
 1.193641072875871e-07  1.195220265045882e+00 
 1.193841072875871e-07  1.195220265045882e+00 
 1.194041072875871e-07  1.195220265045881e+00 
 1.194241072875871e-07  1.195220265045882e+00 
 1.194441072875870e-07  1.195220265045882e+00 
 1.194641072875870e-07  1.195220265045882e+00 
 1.194841072875870e-07  1.195220265045881e+00 
 1.195041072875870e-07  1.195220265045882e+00 
 1.195241072875870e-07  1.195220265045882e+00 
 1.195441072875870e-07  1.195220265045882e+00 
 1.195641072875870e-07  1.195220265045881e+00 
 1.195841072875870e-07  1.195220265045882e+00 
 1.196041072875870e-07  1.195220265045882e+00 
 1.196241072875870e-07  1.195220265045882e+00 
 1.196441072875870e-07  1.195220265045881e+00 
 1.196641072875870e-07  1.195220265045882e+00 
 1.196841072875870e-07  1.195220265045882e+00 
 1.197041072875870e-07  1.195220265045882e+00 
 1.197241072875870e-07  1.195220265045881e+00 
 1.197441072875870e-07  1.195220265045882e+00 
 1.197641072875870e-07  1.195220265045882e+00 
 1.197841072875870e-07  1.195220265045882e+00 
 1.198041072875870e-07  1.195220265045881e+00 
 1.198241072875870e-07  1.195220265045882e+00 
 1.198441072875870e-07  1.195220265045882e+00 
 1.198641072875870e-07  1.195220265045882e+00 
 1.198841072875870e-07  1.195220265045881e+00 
 1.199041072875870e-07  1.195220265045882e+00 
 1.199241072875870e-07  1.195220265045882e+00 
 1.199441072875870e-07  1.195220265045882e+00 
 1.199641072875869e-07  1.195220265045881e+00 
 1.199841072875869e-07  1.195220265045882e+00 
 1.200041072875869e-07  1.195220265045882e+00 
 1.200241072875869e-07  1.195220265045882e+00 
 1.200441072875869e-07  1.195220265045881e+00 
 1.200641072875869e-07  1.195220265045882e+00 
 1.200841072875869e-07  1.195220265045882e+00 
 1.201041072875869e-07  1.195220265045882e+00 
 1.201241072875869e-07  1.195220265045881e+00 
 1.201441072875869e-07  1.195220265045882e+00 
 1.201641072875869e-07  1.195220265045882e+00 
 1.201841072875869e-07  1.195220265045882e+00 
 1.202041072875869e-07  1.195220265045881e+00 
 1.202241072875869e-07  1.195220265045882e+00 
 1.202441072875869e-07  1.195220265045882e+00 
 1.202641072875869e-07  1.195220265045882e+00 
 1.202841072875869e-07  1.195220265045881e+00 
 1.203041072875869e-07  1.195220265045882e+00 
 1.203241072875869e-07  1.195220265045882e+00 
 1.203441072875869e-07  1.195220265045882e+00 
 1.203641072875869e-07  1.195220265045881e+00 
 1.203841072875869e-07  1.195220265045882e+00 
 1.204041072875869e-07  1.195220265045882e+00 
 1.204241072875869e-07  1.195220265045882e+00 
 1.204441072875869e-07  1.195220265045881e+00 
 1.204641072875869e-07  1.195220265045882e+00 
 1.204841072875868e-07  1.195220265045882e+00 
 1.205041072875868e-07  1.195220265045882e+00 
 1.205241072875868e-07  1.195220265045881e+00 
 1.205441072875868e-07  1.195220265045882e+00 
 1.205641072875868e-07  1.195220265045882e+00 
 1.205841072875868e-07  1.195220265045882e+00 
 1.206041072875868e-07  1.195220265045881e+00 
 1.206241072875868e-07  1.195220265045882e+00 
 1.206441072875868e-07  1.195220265045882e+00 
 1.206641072875868e-07  1.195220265045882e+00 
 1.206841072875868e-07  1.195220265045881e+00 
 1.207041072875868e-07  1.195220265045882e+00 
 1.207241072875868e-07  1.195220265045882e+00 
 1.207441072875868e-07  1.195220265045882e+00 
 1.207641072875868e-07  1.195220265045881e+00 
 1.207841072875868e-07  1.195220265045882e+00 
 1.208041072875868e-07  1.195220265045882e+00 
 1.208241072875868e-07  1.195220265045882e+00 
 1.208441072875868e-07  1.195220265045881e+00 
 1.208641072875868e-07  1.195220265045882e+00 
 1.208841072875868e-07  1.195220265045882e+00 
 1.209041072875868e-07  1.195220265045882e+00 
 1.209241072875868e-07  1.195220265045881e+00 
 1.209441072875868e-07  1.195220265045882e+00 
 1.209641072875868e-07  1.195220265045882e+00 
 1.209841072875868e-07  1.195220265045882e+00 
 1.210041072875868e-07  1.195220265045881e+00 
 1.210241072875867e-07  1.195220265045882e+00 
 1.210441072875867e-07  1.195220265045882e+00 
 1.210641072875867e-07  1.195220265045882e+00 
 1.210841072875867e-07  1.195220265045881e+00 
 1.211041072875867e-07  1.195220265045882e+00 
 1.211241072875867e-07  1.195220265045882e+00 
 1.211441072875867e-07  1.195220265045882e+00 
 1.211641072875867e-07  1.195220265045881e+00 
 1.211841072875867e-07  1.195220265045882e+00 
 1.212041072875867e-07  1.195220265045882e+00 
 1.212241072875867e-07  1.195220265045882e+00 
 1.212441072875867e-07  1.195220265045881e+00 
 1.212641072875867e-07  1.195220265045882e+00 
 1.212841072875867e-07  1.195220265045882e+00 
 1.213041072875867e-07  1.195220265045882e+00 
 1.213241072875867e-07  1.195220265045881e+00 
 1.213441072875867e-07  1.195220265045882e+00 
 1.213641072875867e-07  1.195220265045882e+00 
 1.213841072875867e-07  1.195220265045882e+00 
 1.214041072875867e-07  1.195220265045881e+00 
 1.214241072875867e-07  1.195220265045882e+00 
 1.214441072875867e-07  1.195220265045882e+00 
 1.214641072875867e-07  1.195220265045882e+00 
 1.214841072875867e-07  1.195220265045881e+00 
 1.215041072875867e-07  1.195220265045882e+00 
 1.215241072875867e-07  1.195220265045882e+00 
 1.215441072875866e-07  1.195220265045882e+00 
 1.215641072875866e-07  1.195220265045881e+00 
 1.215841072875866e-07  1.195220265045882e+00 
 1.216041072875866e-07  1.195220265045882e+00 
 1.216241072875866e-07  1.195220265045882e+00 
 1.216441072875866e-07  1.195220265045881e+00 
 1.216641072875866e-07  1.195220265045882e+00 
 1.216841072875866e-07  1.195220265045882e+00 
 1.217041072875866e-07  1.195220265045882e+00 
 1.217241072875866e-07  1.195220265045881e+00 
 1.217441072875866e-07  1.195220265045882e+00 
 1.217641072875866e-07  1.195220265045882e+00 
 1.217841072875866e-07  1.195220265045882e+00 
 1.218041072875866e-07  1.195220265045881e+00 
 1.218241072875866e-07  1.195220265045882e+00 
 1.218441072875866e-07  1.195220265045882e+00 
 1.218641072875866e-07  1.195220265045882e+00 
 1.218841072875866e-07  1.195220265045881e+00 
 1.219041072875866e-07  1.195220265045882e+00 
 1.219241072875866e-07  1.195220265045882e+00 
 1.219441072875866e-07  1.195220265045882e+00 
 1.219641072875866e-07  1.195220265045881e+00 
 1.219841072875866e-07  1.195220265045882e+00 
 1.220041072875866e-07  1.195220265045882e+00 
 1.220241072875866e-07  1.195220265045882e+00 
 1.220441072875866e-07  1.195220265045881e+00 
 1.220641072875865e-07  1.195220265045882e+00 
 1.220841072875865e-07  1.195220265045882e+00 
 1.221041072875865e-07  1.195220265045882e+00 
 1.221241072875865e-07  1.195220265045881e+00 
 1.221441072875865e-07  1.195220265045882e+00 
 1.221641072875865e-07  1.195220265045882e+00 
 1.221841072875865e-07  1.195220265045882e+00 
 1.222041072875865e-07  1.195220265045881e+00 
 1.222241072875865e-07  1.195220265045882e+00 
 1.222441072875865e-07  1.195220265045882e+00 
 1.222641072875865e-07  1.195220265045882e+00 
 1.222841072875865e-07  1.195220265045881e+00 
 1.223041072875865e-07  1.195220265045882e+00 
 1.223241072875865e-07  1.195220265045882e+00 
 1.223441072875865e-07  1.195220265045882e+00 
 1.223641072875865e-07  1.195220265045881e+00 
 1.223841072875865e-07  1.195220265045882e+00 
 1.224041072875865e-07  1.195220265045882e+00 
 1.224241072875865e-07  1.195220265045882e+00 
 1.224441072875865e-07  1.195220265045881e+00 
 1.224641072875865e-07  1.195220265045882e+00 
 1.224841072875865e-07  1.195220265045882e+00 
 1.225041072875865e-07  1.195220265045882e+00 
 1.225241072875865e-07  1.195220265045881e+00 
 1.225441072875865e-07  1.195220265045882e+00 
 1.225641072875865e-07  1.195220265045882e+00 
 1.225841072875865e-07  1.195220265045882e+00 
 1.226041072875864e-07  1.195220265045881e+00 
 1.226241072875864e-07  1.195220265045882e+00 
 1.226441072875864e-07  1.195220265045882e+00 
 1.226641072875864e-07  1.195220265045882e+00 
 1.226841072875864e-07  1.195220265045881e+00 
 1.227041072875864e-07  1.195220265045882e+00 
 1.227241072875864e-07  1.195220265045882e+00 
 1.227441072875864e-07  1.195220265045882e+00 
 1.227641072875864e-07  1.195220265045881e+00 
 1.227841072875864e-07  1.195220265045882e+00 
 1.228041072875864e-07  1.195220265045882e+00 
 1.228241072875864e-07  1.195220265045882e+00 
 1.228441072875864e-07  1.195220265045881e+00 
 1.228641072875864e-07  1.195220265045882e+00 
 1.228841072875864e-07  1.195220265045882e+00 
 1.229041072875864e-07  1.195220265045882e+00 
 1.229241072875864e-07  1.195220265045881e+00 
 1.229441072875864e-07  1.195220265045882e+00 
 1.229641072875864e-07  1.195220265045882e+00 
 1.229841072875864e-07  1.195220265045882e+00 
 1.230041072875864e-07  1.195220265045881e+00 
 1.230241072875864e-07  1.195220265045882e+00 
 1.230441072875864e-07  1.195220265045882e+00 
 1.230641072875864e-07  1.195220265045882e+00 
 1.230841072875864e-07  1.195220265045881e+00 
 1.231041072875864e-07  1.195220265045882e+00 
 1.231241072875863e-07  1.195220265045882e+00 
 1.231441072875863e-07  1.195220265045882e+00 
 1.231641072875863e-07  1.195220265045881e+00 
 1.231841072875863e-07  1.195220265045882e+00 
 1.232041072875863e-07  1.195220265045882e+00 
 1.232241072875863e-07  1.195220265045882e+00 
 1.232441072875863e-07  1.195220265045881e+00 
 1.232641072875863e-07  1.195220265045882e+00 
 1.232841072875863e-07  1.195220265045882e+00 
 1.233041072875863e-07  1.195220265045882e+00 
 1.233241072875863e-07  1.195220265045881e+00 
 1.233441072875863e-07  1.195220265045882e+00 
 1.233641072875863e-07  1.195220265045882e+00 
 1.233841072875863e-07  1.195220265045882e+00 
 1.234041072875863e-07  1.195220265045881e+00 
 1.234241072875863e-07  1.195220265045882e+00 
 1.234441072875863e-07  1.195220265045882e+00 
 1.234641072875863e-07  1.195220265045882e+00 
 1.234841072875863e-07  1.195220265045881e+00 
 1.235041072875863e-07  1.195220265045882e+00 
 1.235241072875863e-07  1.195220265045882e+00 
 1.235441072875863e-07  1.195220265045882e+00 
 1.235641072875863e-07  1.195220265045881e+00 
 1.235841072875863e-07  1.195220265045882e+00 
 1.236041072875863e-07  1.195220265045882e+00 
 1.236241072875863e-07  1.195220265045882e+00 
 1.236441072875863e-07  1.195220265045881e+00 
 1.236641072875862e-07  1.195220265045882e+00 
 1.236841072875862e-07  1.195220265045882e+00 
 1.237041072875862e-07  1.195220265045882e+00 
 1.237241072875862e-07  1.195220265045881e+00 
 1.237441072875862e-07  1.195220265045882e+00 
 1.237641072875862e-07  1.195220265045882e+00 
 1.237841072875862e-07  1.195220265045882e+00 
 1.238041072875862e-07  1.195220265045881e+00 
 1.238241072875862e-07  1.195220265045882e+00 
 1.238441072875862e-07  1.195220265045882e+00 
 1.238641072875862e-07  1.195220265045882e+00 
 1.238841072875862e-07  1.195220265045881e+00 
 1.239041072875862e-07  1.195220265045882e+00 
 1.239241072875862e-07  1.195220265045882e+00 
 1.239441072875862e-07  1.195220265045882e+00 
 1.239641072875862e-07  1.195220265045881e+00 
 1.239841072875862e-07  1.195220265045882e+00 
 1.240041072875862e-07  1.195220265045882e+00 
 1.240241072875862e-07  1.195220265045882e+00 
 1.240441072875862e-07  1.195220265045881e+00 
 1.240641072875862e-07  1.195220265045882e+00 
 1.240841072875862e-07  1.195220265045882e+00 
 1.241041072875862e-07  1.195220265045882e+00 
 1.241241072875862e-07  1.195220265045881e+00 
 1.241441072875862e-07  1.195220265045882e+00 
 1.241641072875862e-07  1.195220265045882e+00 
 1.241841072875861e-07  1.195220265045882e+00 
 1.242041072875861e-07  1.195220265045881e+00 
 1.242241072875861e-07  1.195220265045882e+00 
 1.242441072875861e-07  1.195220265045882e+00 
 1.242641072875861e-07  1.195220265045882e+00 
 1.242841072875861e-07  1.195220265045881e+00 
 1.243041072875861e-07  1.195220265045882e+00 
 1.243241072875861e-07  1.195220265045882e+00 
 1.243441072875861e-07  1.195220265045882e+00 
 1.243641072875861e-07  1.195220265045881e+00 
 1.243841072875861e-07  1.195220265045882e+00 
 1.244041072875861e-07  1.195220265045882e+00 
 1.244241072875861e-07  1.195220265045882e+00 
 1.244441072875861e-07  1.195220265045881e+00 
 1.244641072875861e-07  1.195220265045882e+00 
 1.244841072875861e-07  1.195220265045882e+00 
 1.245041072875861e-07  1.195220265045882e+00 
 1.245241072875861e-07  1.195220265045881e+00 
 1.245441072875861e-07  1.195220265045882e+00 
 1.245641072875861e-07  1.195220265045882e+00 
 1.245841072875861e-07  1.195220265045882e+00 
 1.246041072875861e-07  1.195220265045881e+00 
 1.246241072875861e-07  1.195220265045882e+00 
 1.246441072875861e-07  1.195220265045882e+00 
 1.246641072875861e-07  1.195220265045882e+00 
 1.246841072875861e-07  1.195220265045881e+00 
 1.247041072875860e-07  1.195220265045882e+00 
 1.247241072875860e-07  1.195220265045882e+00 
 1.247441072875860e-07  1.195220265045882e+00 
 1.247641072875860e-07  1.195220265045881e+00 
 1.247841072875860e-07  1.195220265045882e+00 
 1.248041072875860e-07  1.195220265045882e+00 
 1.248241072875860e-07  1.195220265045882e+00 
 1.248441072875860e-07  1.195220265045881e+00 
 1.248641072875860e-07  1.195220265045882e+00 
 1.248841072875860e-07  1.195220265045882e+00 
 1.249041072875860e-07  1.195220265045882e+00 
 1.249241072875860e-07  1.195220265045881e+00 
 1.249441072875860e-07  1.195220265045882e+00 
 1.249641072875860e-07  1.195220265045882e+00 
 1.249841072875860e-07  1.195220265045882e+00 
 1.250041072875860e-07  1.195220265045881e+00 
 1.250241072875860e-07  1.195220265045882e+00 
 1.250441072875860e-07  1.195220265045882e+00 
 1.250641072875860e-07  1.195220265045882e+00 
 1.250841072875860e-07  1.195220265045881e+00 
 1.251041072875860e-07  1.195220265045882e+00 
 1.251241072875860e-07  1.195220265045882e+00 
 1.251441072875860e-07  1.195220265045882e+00 
 1.251641072875860e-07  1.195220265045881e+00 
 1.251841072875860e-07  1.195220265045882e+00 
 1.252041072875860e-07  1.195220265045882e+00 
 1.252241072875860e-07  1.195220265045882e+00 
 1.252441072875859e-07  1.195220265045881e+00 
 1.252641072875859e-07  1.195220265045882e+00 
 1.252841072875859e-07  1.195220265045882e+00 
 1.253041072875859e-07  1.195220265045882e+00 
 1.253241072875859e-07  1.195220265045881e+00 
 1.253441072875859e-07  1.195220265045882e+00 
 1.253641072875859e-07  1.195220265045882e+00 
 1.253841072875859e-07  1.195220265045882e+00 
 1.254041072875859e-07  1.195220265045881e+00 
 1.254241072875859e-07  1.195220265045882e+00 
 1.254441072875859e-07  1.195220265045882e+00 
 1.254641072875859e-07  1.195220265045882e+00 
 1.254841072875859e-07  1.195220265045881e+00 
 1.255041072875859e-07  1.195220265045882e+00 
 1.255241072875859e-07  1.195220265045882e+00 
 1.255441072875859e-07  1.195220265045882e+00 
 1.255641072875859e-07  1.195220265045881e+00 
 1.255841072875859e-07  1.195220265045882e+00 
 1.256041072875859e-07  1.195220265045882e+00 
 1.256241072875859e-07  1.195220265045882e+00 
 1.256441072875859e-07  1.195220265045881e+00 
 1.256641072875859e-07  1.195220265045882e+00 
 1.256841072875859e-07  1.195220265045882e+00 
 1.257041072875859e-07  1.195220265045882e+00 
 1.257241072875859e-07  1.195220265045881e+00 
 1.257441072875859e-07  1.195220265045882e+00 
 1.257641072875858e-07  1.195220265045882e+00 
 1.257841072875858e-07  1.195220265045882e+00 
 1.258041072875858e-07  1.195220265045881e+00 
 1.258241072875858e-07  1.195220265045882e+00 
 1.258441072875858e-07  1.195220265045882e+00 
 1.258641072875858e-07  1.195220265045882e+00 
 1.258841072875858e-07  1.195220265045881e+00 
 1.259041072875858e-07  1.195220265045882e+00 
 1.259241072875858e-07  1.195220265045882e+00 
 1.259441072875858e-07  1.195220265045882e+00 
 1.259641072875858e-07  1.195220265045881e+00 
 1.259841072875858e-07  1.195220265045882e+00 
 1.260041072875858e-07  1.195220265045882e+00 
 1.260241072875858e-07  1.195220265045882e+00 
 1.260441072875858e-07  1.195220265045881e+00 
 1.260641072875858e-07  1.195220265045882e+00 
 1.260841072875858e-07  1.195220265045882e+00 
 1.261041072875858e-07  1.195220265045882e+00 
 1.261241072875858e-07  1.195220265045881e+00 
 1.261441072875858e-07  1.195220265045882e+00 
 1.261641072875858e-07  1.195220265045882e+00 
 1.261841072875858e-07  1.195220265045882e+00 
 1.262041072875858e-07  1.195220265045881e+00 
 1.262241072875858e-07  1.195220265045882e+00 
 1.262441072875858e-07  1.195220265045882e+00 
 1.262641072875858e-07  1.195220265045882e+00 
 1.262841072875858e-07  1.195220265045881e+00 
 1.263041072875857e-07  1.195220265045882e+00 
 1.263241072875857e-07  1.195220265045882e+00 
 1.263441072875857e-07  1.195220265045882e+00 
 1.263641072875857e-07  1.195220265045881e+00 
 1.263841072875857e-07  1.195220265045882e+00 
 1.264041072875857e-07  1.195220265045882e+00 
 1.264241072875857e-07  1.195220265045882e+00 
 1.264441072875857e-07  1.195220265045881e+00 
 1.264641072875857e-07  1.195220265045882e+00 
 1.264841072875857e-07  1.195220265045882e+00 
 1.265041072875857e-07  1.195220265045882e+00 
 1.265241072875857e-07  1.195220265045881e+00 
 1.265441072875857e-07  1.195220265045882e+00 
 1.265641072875857e-07  1.195220265045882e+00 
 1.265841072875857e-07  1.195220265045882e+00 
 1.266041072875857e-07  1.195220265045881e+00 
 1.266241072875857e-07  1.195220265045882e+00 
 1.266441072875857e-07  1.195220265045882e+00 
 1.266641072875857e-07  1.195220265045882e+00 
 1.266841072875857e-07  1.195220265045881e+00 
 1.267041072875857e-07  1.195220265045882e+00 
 1.267241072875857e-07  1.195220265045882e+00 
 1.267441072875857e-07  1.195220265045882e+00 
 1.267641072875857e-07  1.195220265045881e+00 
 1.267841072875857e-07  1.195220265045882e+00 
 1.268041072875857e-07  1.195220265045882e+00 
 1.268241072875856e-07  1.195220265045882e+00 
 1.268441072875856e-07  1.195220265045881e+00 
 1.268641072875856e-07  1.195220265045882e+00 
 1.268841072875856e-07  1.195220265045882e+00 
 1.269041072875856e-07  1.195220265045882e+00 
 1.269241072875856e-07  1.195220265045881e+00 
 1.269441072875856e-07  1.195220265045882e+00 
 1.269641072875856e-07  1.195220265045882e+00 
 1.269841072875856e-07  1.195220265045882e+00 
 1.270041072875856e-07  1.195220265045881e+00 
 1.270241072875856e-07  1.195220265045882e+00 
 1.270441072875856e-07  1.195220265045882e+00 
 1.270641072875856e-07  1.195220265045882e+00 
 1.270841072875856e-07  1.195220265045881e+00 
 1.271041072875856e-07  1.195220265045882e+00 
 1.271241072875856e-07  1.195220265045882e+00 
 1.271441072875856e-07  1.195220265045882e+00 
 1.271641072875856e-07  1.195220265045881e+00 
 1.271841072875856e-07  1.195220265045882e+00 
 1.272041072875856e-07  1.195220265045882e+00 
 1.272241072875856e-07  1.195220265045882e+00 
 1.272441072875856e-07  1.195220265045881e+00 
 1.272641072875856e-07  1.195220265045882e+00 
 1.272841072875856e-07  1.195220265045882e+00 
 1.273041072875856e-07  1.195220265045882e+00 
 1.273241072875856e-07  1.195220265045881e+00 
 1.273441072875855e-07  1.195220265045882e+00 
 1.273641072875855e-07  1.195220265045882e+00 
 1.273841072875855e-07  1.195220265045882e+00 
 1.274041072875855e-07  1.195220265045881e+00 
 1.274241072875855e-07  1.195220265045882e+00 
 1.274441072875855e-07  1.195220265045882e+00 
 1.274641072875855e-07  1.195220265045882e+00 
 1.274841072875855e-07  1.195220265045881e+00 
 1.275041072875855e-07  1.195220265045882e+00 
 1.275241072875855e-07  1.195220265045882e+00 
 1.275441072875855e-07  1.195220265045882e+00 
 1.275641072875855e-07  1.195220265045881e+00 
 1.275841072875855e-07  1.195220265045882e+00 
 1.276041072875855e-07  1.195220265045882e+00 
 1.276241072875855e-07  1.195220265045882e+00 
 1.276441072875855e-07  1.195220265045881e+00 
 1.276641072875855e-07  1.195220265045882e+00 
 1.276841072875855e-07  1.195220265045882e+00 
 1.277041072875855e-07  1.195220265045882e+00 
 1.277241072875855e-07  1.195220265045881e+00 
 1.277441072875855e-07  1.195220265045882e+00 
 1.277641072875855e-07  1.195220265045882e+00 
 1.277841072875855e-07  1.195220265045882e+00 
 1.278041072875855e-07  1.195220265045881e+00 
 1.278241072875855e-07  1.195220265045882e+00 
 1.278441072875855e-07  1.195220265045882e+00 
 1.278641072875855e-07  1.195220265045882e+00 
 1.278841072875854e-07  1.195220265045881e+00 
 1.279041072875854e-07  1.195220265045882e+00 
 1.279241072875854e-07  1.195220265045882e+00 
 1.279441072875854e-07  1.195220265045882e+00 
 1.279641072875854e-07  1.195220265045881e+00 
 1.279841072875854e-07  1.195220265045882e+00 
 1.280041072875854e-07  1.195220265045882e+00 
 1.280241072875854e-07  1.195220265045882e+00 
 1.280441072875854e-07  1.195220265045881e+00 
 1.280641072875854e-07  1.195220265045882e+00 
 1.280841072875854e-07  1.195220265045882e+00 
 1.281041072875854e-07  1.195220265045882e+00 
 1.281241072875854e-07  1.195220265045881e+00 
 1.281441072875854e-07  1.195220265045882e+00 
 1.281641072875854e-07  1.195220265045882e+00 
 1.281841072875854e-07  1.195220265045882e+00 
 1.282041072875854e-07  1.195220265045881e+00 
 1.282241072875854e-07  1.195220265045882e+00 
 1.282441072875854e-07  1.195220265045882e+00 
 1.282641072875854e-07  1.195220265045882e+00 
 1.282841072875854e-07  1.195220265045881e+00 
 1.283041072875854e-07  1.195220265045882e+00 
 1.283241072875854e-07  1.195220265045882e+00 
 1.283441072875854e-07  1.195220265045882e+00 
 1.283641072875854e-07  1.195220265045881e+00 
 1.283841072875854e-07  1.195220265045882e+00 
 1.284041072875853e-07  1.195220265045882e+00 
 1.284241072875853e-07  1.195220265045882e+00 
 1.284441072875853e-07  1.195220265045881e+00 
 1.284641072875853e-07  1.195220265045882e+00 
 1.284841072875853e-07  1.195220265045882e+00 
 1.285041072875853e-07  1.195220265045882e+00 
 1.285241072875853e-07  1.195220265045881e+00 
 1.285441072875853e-07  1.195220265045882e+00 
 1.285641072875853e-07  1.195220265045882e+00 
 1.285841072875853e-07  1.195220265045882e+00 
 1.286041072875853e-07  1.195220265045881e+00 
 1.286241072875853e-07  1.195220265045882e+00 
 1.286441072875853e-07  1.195220265045882e+00 
 1.286641072875853e-07  1.195220265045882e+00 
 1.286841072875853e-07  1.195220265045881e+00 
 1.287041072875853e-07  1.195220265045882e+00 
 1.287241072875853e-07  1.195220265045882e+00 
 1.287441072875853e-07  1.195220265045882e+00 
 1.287641072875853e-07  1.195220265045881e+00 
 1.287841072875853e-07  1.195220265045882e+00 
 1.288041072875853e-07  1.195220265045882e+00 
 1.288241072875853e-07  1.195220265045882e+00 
 1.288441072875853e-07  1.195220265045881e+00 
 1.288641072875853e-07  1.195220265045882e+00 
 1.288841072875853e-07  1.195220265045882e+00 
 1.289041072875853e-07  1.195220265045882e+00 
 1.289241072875852e-07  1.195220265045881e+00 
 1.289441072875852e-07  1.195220265045882e+00 
 1.289641072875852e-07  1.195220265045882e+00 
 1.289841072875852e-07  1.195220265045882e+00 
 1.290041072875852e-07  1.195220265045881e+00 
 1.290241072875852e-07  1.195220265045882e+00 
 1.290441072875852e-07  1.195220265045882e+00 
 1.290641072875852e-07  1.195220265045882e+00 
 1.290841072875852e-07  1.195220265045881e+00 
 1.291041072875852e-07  1.195220265045882e+00 
 1.291241072875852e-07  1.195220265045882e+00 
 1.291441072875852e-07  1.195220265045882e+00 
 1.291641072875852e-07  1.195220265045881e+00 
 1.291841072875852e-07  1.195220265045882e+00 
 1.292041072875852e-07  1.195220265045882e+00 
 1.292241072875852e-07  1.195220265045882e+00 
 1.292441072875852e-07  1.195220265045881e+00 
 1.292641072875852e-07  1.195220265045882e+00 
 1.292841072875852e-07  1.195220265045882e+00 
 1.293041072875852e-07  1.195220265045882e+00 
 1.293241072875852e-07  1.195220265045881e+00 
 1.293441072875852e-07  1.195220265045882e+00 
 1.293641072875852e-07  1.195220265045882e+00 
 1.293841072875852e-07  1.195220265045882e+00 
 1.294041072875852e-07  1.195220265045881e+00 
 1.294241072875852e-07  1.195220265045882e+00 
 1.294441072875852e-07  1.195220265045882e+00 
 1.294641072875851e-07  1.195220265045882e+00 
 1.294841072875851e-07  1.195220265045881e+00 
 1.295041072875851e-07  1.195220265045882e+00 
 1.295241072875851e-07  1.195220265045882e+00 
 1.295441072875851e-07  1.195220265045882e+00 
 1.295641072875851e-07  1.195220265045881e+00 
 1.295841072875851e-07  1.195220265045882e+00 
 1.296041072875851e-07  1.195220265045882e+00 
 1.296241072875851e-07  1.195220265045882e+00 
 1.296441072875851e-07  1.195220265045881e+00 
 1.296641072875851e-07  1.195220265045882e+00 
 1.296841072875851e-07  1.195220265045882e+00 
 1.297041072875851e-07  1.195220265045882e+00 
 1.297241072875851e-07  1.195220265045881e+00 
 1.297441072875851e-07  1.195220265045882e+00 
 1.297641072875851e-07  1.195220265045882e+00 
 1.297841072875851e-07  1.195220265045882e+00 
 1.298041072875851e-07  1.195220265045881e+00 
 1.298241072875851e-07  1.195220265045882e+00 
 1.298441072875851e-07  1.195220265045882e+00 
 1.298641072875851e-07  1.195220265045882e+00 
 1.298841072875851e-07  1.195220265045881e+00 
 1.299041072875851e-07  1.195220265045882e+00 
 1.299241072875851e-07  1.195220265045882e+00 
 1.299441072875851e-07  1.195220265045882e+00 
 1.299641072875851e-07  1.195220265045881e+00 
 1.299841072875850e-07  1.195220265045882e+00 
 1.300041072875850e-07  1.195220265045882e+00 
 1.300241072875850e-07  1.195220265045882e+00 
 1.300441072875850e-07  1.195220265045881e+00 
 1.300641072875850e-07  1.195220265045882e+00 
 1.300841072875850e-07  1.195220265045882e+00 
 1.301041072875850e-07  1.195220265045882e+00 
 1.301241072875850e-07  1.195220265045881e+00 
 1.301441072875850e-07  1.195220265045882e+00 
 1.301641072875850e-07  1.195220265045882e+00 
 1.301841072875850e-07  1.195220265045882e+00 
 1.302041072875850e-07  1.195220265045881e+00 
 1.302241072875850e-07  1.195220265045882e+00 
 1.302441072875850e-07  1.195220265045882e+00 
 1.302641072875850e-07  1.195220265045882e+00 
 1.302841072875850e-07  1.195220265045881e+00 
 1.303041072875850e-07  1.195220265045882e+00 
 1.303241072875850e-07  1.195220265045882e+00 
 1.303441072875850e-07  1.195220265045882e+00 
 1.303641072875850e-07  1.195220265045881e+00 
 1.303841072875850e-07  1.195220265045882e+00 
 1.304041072875850e-07  1.195220265045882e+00 
 1.304241072875850e-07  1.195220265045882e+00 
 1.304441072875850e-07  1.195220265045881e+00 
 1.304641072875850e-07  1.195220265045882e+00 
 1.304841072875850e-07  1.195220265045882e+00 
 1.305041072875850e-07  1.195220265045882e+00 
 1.305241072875849e-07  1.195220265045881e+00 
 1.305441072875849e-07  1.195220265045882e+00 
 1.305641072875849e-07  1.195220265045882e+00 
 1.305841072875849e-07  1.195220265045882e+00 
 1.306041072875849e-07  1.195220265045881e+00 
 1.306241072875849e-07  1.195220265045882e+00 
 1.306441072875849e-07  1.195220265045882e+00 
 1.306641072875849e-07  1.195220265045882e+00 
 1.306841072875849e-07  1.195220265045881e+00 
 1.307041072875849e-07  1.195220265045882e+00 
 1.307241072875849e-07  1.195220265045882e+00 
 1.307441072875849e-07  1.195220265045882e+00 
 1.307641072875849e-07  1.195220265045881e+00 
 1.307841072875849e-07  1.195220265045882e+00 
 1.308041072875849e-07  1.195220265045882e+00 
 1.308241072875849e-07  1.195220265045882e+00 
 1.308441072875849e-07  1.195220265045881e+00 
 1.308641072875849e-07  1.195220265045882e+00 
 1.308841072875849e-07  1.195220265045882e+00 
 1.309041072875849e-07  1.195220265045882e+00 
 1.309241072875849e-07  1.195220265045881e+00 
 1.309441072875849e-07  1.195220265045882e+00 
 1.309641072875849e-07  1.195220265045882e+00 
 1.309841072875849e-07  1.195220265045882e+00 
 1.310041072875849e-07  1.195220265045881e+00 
 1.310241072875849e-07  1.195220265045882e+00 
 1.310441072875848e-07  1.195220265045882e+00 
 1.310641072875848e-07  1.195220265045882e+00 
 1.310841072875848e-07  1.195220265045881e+00 
 1.311041072875848e-07  1.195220265045882e+00 
 1.311241072875848e-07  1.195220265045882e+00 
 1.311441072875848e-07  1.195220265045882e+00 
 1.311641072875848e-07  1.195220265045881e+00 
 1.311841072875848e-07  1.195220265045882e+00 
 1.312041072875848e-07  1.195220265045882e+00 
 1.312241072875848e-07  1.195220265045882e+00 
 1.312441072875848e-07  1.195220265045881e+00 
 1.312641072875848e-07  1.195220265045882e+00 
 1.312841072875848e-07  1.195220265045882e+00 
 1.313041072875848e-07  1.195220265045882e+00 
 1.313241072875848e-07  1.195220265045881e+00 
 1.313441072875848e-07  1.195220265045882e+00 
 1.313641072875848e-07  1.195220265045882e+00 
 1.313841072875848e-07  1.195220265045882e+00 
 1.314041072875848e-07  1.195220265045881e+00 
 1.314241072875848e-07  1.195220265045882e+00 
 1.314441072875848e-07  1.195220265045882e+00 
 1.314641072875848e-07  1.195220265045882e+00 
 1.314841072875848e-07  1.195220265045881e+00 
 1.315041072875848e-07  1.195220265045882e+00 
 1.315241072875848e-07  1.195220265045882e+00 
 1.315441072875848e-07  1.195220265045882e+00 
 1.315641072875847e-07  1.195220265045881e+00 
 1.315841072875847e-07  1.195220265045882e+00 
 1.316041072875847e-07  1.195220265045882e+00 
 1.316241072875847e-07  1.195220265045882e+00 
 1.316441072875847e-07  1.195220265045881e+00 
 1.316641072875847e-07  1.195220265045882e+00 
 1.316841072875847e-07  1.195220265045882e+00 
 1.317041072875847e-07  1.195220265045882e+00 
 1.317241072875847e-07  1.195220265045881e+00 
 1.317441072875847e-07  1.195220265045882e+00 
 1.317641072875847e-07  1.195220265045882e+00 
 1.317841072875847e-07  1.195220265045882e+00 
 1.318041072875847e-07  1.195220265045881e+00 
 1.318241072875847e-07  1.195220265045882e+00 
 1.318441072875847e-07  1.195220265045882e+00 
 1.318641072875847e-07  1.195220265045882e+00 
 1.318841072875847e-07  1.195220265045881e+00 
 1.319041072875847e-07  1.195220265045882e+00 
 1.319241072875847e-07  1.195220265045882e+00 
 1.319441072875847e-07  1.195220265045882e+00 
 1.319641072875847e-07  1.195220265045881e+00 
 1.319841072875847e-07  1.195220265045882e+00 
 1.320041072875847e-07  1.195220265045882e+00 
 1.320241072875847e-07  1.195220265045882e+00 
 1.320441072875847e-07  1.195220265045881e+00 
 1.320641072875847e-07  1.195220265045882e+00 
 1.320841072875847e-07  1.195220265045882e+00 
 1.321041072875846e-07  1.195220265045882e+00 
 1.321241072875846e-07  1.195220265045881e+00 
 1.321441072875846e-07  1.195220265045882e+00 
 1.321641072875846e-07  1.195220265045882e+00 
 1.321841072875846e-07  1.195220265045882e+00 
 1.322041072875846e-07  1.195220265045881e+00 
 1.322241072875846e-07  1.195220265045882e+00 
 1.322441072875846e-07  1.195220265045882e+00 
 1.322641072875846e-07  1.195220265045882e+00 
 1.322841072875846e-07  1.195220265045881e+00 
 1.323041072875846e-07  1.195220265045882e+00 
 1.323241072875846e-07  1.195220265045882e+00 
 1.323441072875846e-07  1.195220265045882e+00 
 1.323641072875846e-07  1.195220265045881e+00 
 1.323841072875846e-07  1.195220265045882e+00 
 1.324041072875846e-07  1.195220265045882e+00 
 1.324241072875846e-07  1.195220265045882e+00 
 1.324441072875846e-07  1.195220265045881e+00 
 1.324641072875846e-07  1.195220265045882e+00 
 1.324841072875846e-07  1.195220265045882e+00 
 1.325041072875846e-07  1.195220265045882e+00 
 1.325241072875846e-07  1.195220265045881e+00 
 1.325441072875846e-07  1.195220265045882e+00 
 1.325641072875846e-07  1.195220265045882e+00 
 1.325841072875846e-07  1.195220265045882e+00 
 1.326041072875846e-07  1.195220265045881e+00 
 1.326241072875845e-07  1.195220265045882e+00 
 1.326441072875845e-07  1.195220265045882e+00 
 1.326641072875845e-07  1.195220265045882e+00 
 1.326841072875845e-07  1.195220265045881e+00 
 1.327041072875845e-07  1.195220265045882e+00 
 1.327241072875845e-07  1.195220265045882e+00 
 1.327441072875845e-07  1.195220265045882e+00 
 1.327641072875845e-07  1.195220265045881e+00 
 1.327841072875845e-07  1.195220265045882e+00 
 1.328041072875845e-07  1.195220265045882e+00 
 1.328241072875845e-07  1.195220265045882e+00 
 1.328441072875845e-07  1.195220265045881e+00 
 1.328641072875845e-07  1.195220265045882e+00 
 1.328841072875845e-07  1.195220265045882e+00 
 1.329041072875845e-07  1.195220265045882e+00 
 1.329241072875845e-07  1.195220265045881e+00 
 1.329441072875845e-07  1.195220265045882e+00 
 1.329641072875845e-07  1.195220265045882e+00 
 1.329841072875845e-07  1.195220265045882e+00 
 1.330041072875845e-07  1.195220265045881e+00 
 1.330241072875845e-07  1.195220265045882e+00 
 1.330441072875845e-07  1.195220265045882e+00 
 1.330641072875845e-07  1.195220265045882e+00 
 1.330841072875845e-07  1.195220265045881e+00 
 1.331041072875845e-07  1.195220265045882e+00 
 1.331241072875845e-07  1.195220265045882e+00 
 1.331441072875844e-07  1.195220265045882e+00 
 1.331641072875844e-07  1.195220265045881e+00 
 1.331841072875844e-07  1.195220265045882e+00 
 1.332041072875844e-07  1.195220265045882e+00 
 1.332241072875844e-07  1.195220265045882e+00 
 1.332441072875844e-07  1.195220265045881e+00 
 1.332641072875844e-07  1.195220265045882e+00 
 1.332841072875844e-07  1.195220265045882e+00 
 1.333041072875844e-07  1.195220265045882e+00 
 1.333241072875844e-07  1.195220265045881e+00 
 1.333441072875844e-07  1.195220265045882e+00 
 1.333641072875844e-07  1.195220265045882e+00 
 1.333841072875844e-07  1.195220265045882e+00 
 1.334041072875844e-07  1.195220265045881e+00 
 1.334241072875844e-07  1.195220265045882e+00 
 1.334441072875844e-07  1.195220265045882e+00 
 1.334641072875844e-07  1.195220265045882e+00 
 1.334841072875844e-07  1.195220265045881e+00 
 1.335041072875844e-07  1.195220265045882e+00 
 1.335241072875844e-07  1.195220265045882e+00 
 1.335441072875844e-07  1.195220265045882e+00 
 1.335641072875844e-07  1.195220265045881e+00 
 1.335841072875844e-07  1.195220265045882e+00 
 1.336041072875844e-07  1.195220265045882e+00 
 1.336241072875844e-07  1.195220265045882e+00 
 1.336441072875844e-07  1.195220265045881e+00 
 1.336641072875844e-07  1.195220265045882e+00 
 1.336841072875843e-07  1.195220265045882e+00 
 1.337041072875843e-07  1.195220265045882e+00 
 1.337241072875843e-07  1.195220265045881e+00 
 1.337441072875843e-07  1.195220265045882e+00 
 1.337641072875843e-07  1.195220265045882e+00 
 1.337841072875843e-07  1.195220265045882e+00 
 1.338041072875843e-07  1.195220265045881e+00 
 1.338241072875843e-07  1.195220265045882e+00 
 1.338441072875843e-07  1.195220265045882e+00 
 1.338641072875843e-07  1.195220265045882e+00 
 1.338841072875843e-07  1.195220265045881e+00 
 1.339041072875843e-07  1.195220265045882e+00 
 1.339241072875843e-07  1.195220265045882e+00 
 1.339441072875843e-07  1.195220265045882e+00 
 1.339641072875843e-07  1.195220265045881e+00 
 1.339841072875843e-07  1.195220265045882e+00 
 1.340041072875843e-07  1.195220265045882e+00 
 1.340241072875843e-07  1.195220265045882e+00 
 1.340441072875843e-07  1.195220265045881e+00 
 1.340641072875843e-07  1.195220265045882e+00 
 1.340841072875843e-07  1.195220265045882e+00 
 1.341041072875843e-07  1.195220265045882e+00 
 1.341241072875843e-07  1.195220265045881e+00 
 1.341441072875843e-07  1.195220265045882e+00 
 1.341641072875843e-07  1.195220265045882e+00 
 1.341841072875843e-07  1.195220265045882e+00 
 1.342041072875842e-07  1.195220265045881e+00 
 1.342241072875842e-07  1.195220265045882e+00 
 1.342441072875842e-07  1.195220265045882e+00 
 1.342641072875842e-07  1.195220265045882e+00 
 1.342841072875842e-07  1.195220265045881e+00 
 1.343041072875842e-07  1.195220265045882e+00 
 1.343241072875842e-07  1.195220265045882e+00 
 1.343441072875842e-07  1.195220265045882e+00 
 1.343641072875842e-07  1.195220265045881e+00 
 1.343841072875842e-07  1.195220265045882e+00 
 1.344041072875842e-07  1.195220265045882e+00 
 1.344241072875842e-07  1.195220265045882e+00 
 1.344441072875842e-07  1.195220265045881e+00 
 1.344641072875842e-07  1.195220265045882e+00 
 1.344841072875842e-07  1.195220265045882e+00 
 1.345041072875842e-07  1.195220265045882e+00 
 1.345241072875842e-07  1.195220265045881e+00 
 1.345441072875842e-07  1.195220265045882e+00 
 1.345641072875842e-07  1.195220265045882e+00 
 1.345841072875842e-07  1.195220265045882e+00 
 1.346041072875842e-07  1.195220265045881e+00 
 1.346241072875842e-07  1.195220265045882e+00 
 1.346441072875842e-07  1.195220265045882e+00 
 1.346641072875842e-07  1.195220265045882e+00 
 1.346841072875842e-07  1.195220265045881e+00 
 1.347041072875842e-07  1.195220265045882e+00 
 1.347241072875842e-07  1.195220265045882e+00 
 1.347441072875841e-07  1.195220265045882e+00 
 1.347641072875841e-07  1.195220265045881e+00 
 1.347841072875841e-07  1.195220265045882e+00 
 1.348041072875841e-07  1.195220265045882e+00 
 1.348241072875841e-07  1.195220265045882e+00 
 1.348441072875841e-07  1.195220265045881e+00 
 1.348641072875841e-07  1.195220265045882e+00 
 1.348841072875841e-07  1.195220265045882e+00 
 1.349041072875841e-07  1.195220265045882e+00 
 1.349241072875841e-07  1.195220265045881e+00 
 1.349441072875841e-07  1.195220265045882e+00 
 1.349641072875841e-07  1.195220265045882e+00 
 1.349841072875841e-07  1.195220265045882e+00 
 1.350041072875841e-07  1.195220265045881e+00 
 1.350241072875841e-07  1.195220265045882e+00 
 1.350441072875841e-07  1.195220265045882e+00 
 1.350641072875841e-07  1.195220265045882e+00 
 1.350841072875841e-07  1.195220265045881e+00 
 1.351041072875841e-07  1.195220265045882e+00 
 1.351241072875841e-07  1.195220265045882e+00 
 1.351441072875841e-07  1.195220265045882e+00 
 1.351641072875841e-07  1.195220265045881e+00 
 1.351841072875841e-07  1.195220265045882e+00 
 1.352041072875841e-07  1.195220265045882e+00 
 1.352241072875841e-07  1.195220265045882e+00 
 1.352441072875841e-07  1.195220265045881e+00 
 1.352641072875840e-07  1.195220265045882e+00 
 1.352841072875840e-07  1.195220265045882e+00 
 1.353041072875840e-07  1.195220265045882e+00 
 1.353241072875840e-07  1.195220265045881e+00 
 1.353441072875840e-07  1.195220265045882e+00 
 1.353641072875840e-07  1.195220265045882e+00 
 1.353841072875840e-07  1.195220265045882e+00 
 1.354041072875840e-07  1.195220265045881e+00 
 1.354241072875840e-07  1.195220265045882e+00 
 1.354441072875840e-07  1.195220265045882e+00 
 1.354641072875840e-07  1.195220265045882e+00 
 1.354841072875840e-07  1.195220265045881e+00 
 1.355041072875840e-07  1.195220265045882e+00 
 1.355241072875840e-07  1.195220265045882e+00 
 1.355441072875840e-07  1.195220265045882e+00 
 1.355641072875840e-07  1.195220265045881e+00 
 1.355841072875840e-07  1.195220265045882e+00 
 1.356041072875840e-07  1.195220265045882e+00 
 1.356241072875840e-07  1.195220265045882e+00 
 1.356441072875840e-07  1.195220265045881e+00 
 1.356641072875840e-07  1.195220265045882e+00 
 1.356841072875840e-07  1.195220265045882e+00 
 1.357041072875840e-07  1.195220265045882e+00 
 1.357241072875840e-07  1.195220265045881e+00 
 1.357441072875840e-07  1.195220265045882e+00 
 1.357641072875840e-07  1.195220265045882e+00 
 1.357841072875839e-07  1.195220265045882e+00 
 1.358041072875839e-07  1.195220265045881e+00 
 1.358241072875839e-07  1.195220265045882e+00 
 1.358441072875839e-07  1.195220265045882e+00 
 1.358641072875839e-07  1.195220265045882e+00 
 1.358841072875839e-07  1.195220265045881e+00 
 1.359041072875839e-07  1.195220265045882e+00 
 1.359241072875839e-07  1.195220265045882e+00 
 1.359441072875839e-07  1.195220265045882e+00 
 1.359641072875839e-07  1.195220265045881e+00 
 1.359841072875839e-07  1.195220265045882e+00 
 1.360041072875839e-07  1.195220265045882e+00 
 1.360241072875839e-07  1.195220265045882e+00 
 1.360441072875839e-07  1.195220265045881e+00 
 1.360641072875839e-07  1.195220265045882e+00 
 1.360841072875839e-07  1.195220265045882e+00 
 1.361041072875839e-07  1.195220265045882e+00 
 1.361241072875839e-07  1.195220265045881e+00 
 1.361441072875839e-07  1.195220265045882e+00 
 1.361641072875839e-07  1.195220265045882e+00 
 1.361841072875839e-07  1.195220265045882e+00 
 1.362041072875839e-07  1.195220265045881e+00 
 1.362241072875839e-07  1.195220265045882e+00 
 1.362441072875839e-07  1.195220265045882e+00 
 1.362641072875839e-07  1.195220265045882e+00 
 1.362841072875839e-07  1.195220265045881e+00 
 1.363041072875839e-07  1.195220265045882e+00 
 1.363241072875838e-07  1.195220265045882e+00 
 1.363441072875838e-07  1.195220265045882e+00 
 1.363641072875838e-07  1.195220265045881e+00 
 1.363841072875838e-07  1.195220265045882e+00 
 1.364041072875838e-07  1.195220265045882e+00 
 1.364241072875838e-07  1.195220265045882e+00 
 1.364441072875838e-07  1.195220265045881e+00 
 1.364641072875838e-07  1.195220265045882e+00 
 1.364841072875838e-07  1.195220265045882e+00 
 1.365041072875838e-07  1.195220265045882e+00 
 1.365241072875838e-07  1.195220265045881e+00 
 1.365441072875838e-07  1.195220265045882e+00 
 1.365641072875838e-07  1.195220265045882e+00 
 1.365841072875838e-07  1.195220265045882e+00 
 1.366041072875838e-07  1.195220265045881e+00 
 1.366241072875838e-07  1.195220265045882e+00 
 1.366441072875838e-07  1.195220265045882e+00 
 1.366641072875838e-07  1.195220265045882e+00 
 1.366841072875838e-07  1.195220265045881e+00 
 1.367041072875838e-07  1.195220265045882e+00 
 1.367241072875838e-07  1.195220265045882e+00 
 1.367441072875838e-07  1.195220265045882e+00 
 1.367641072875838e-07  1.195220265045881e+00 
 1.367841072875838e-07  1.195220265045882e+00 
 1.368041072875838e-07  1.195220265045882e+00 
 1.368241072875838e-07  1.195220265045882e+00 
 1.368441072875837e-07  1.195220265045881e+00 
 1.368641072875837e-07  1.195220265045882e+00 
 1.368841072875837e-07  1.195220265045882e+00 
 1.369041072875837e-07  1.195220265045882e+00 
 1.369241072875837e-07  1.195220265045881e+00 
 1.369441072875837e-07  1.195220265045882e+00 
 1.369641072875837e-07  1.195220265045882e+00 
 1.369841072875837e-07  1.195220265045882e+00 
 1.370041072875837e-07  1.195220265045881e+00 
 1.370241072875837e-07  1.195220265045882e+00 
 1.370441072875837e-07  1.195220265045882e+00 
 1.370641072875837e-07  1.195220265045882e+00 
 1.370841072875837e-07  1.195220265045881e+00 
 1.371041072875837e-07  1.195220265045882e+00 
 1.371241072875837e-07  1.195220265045882e+00 
 1.371441072875837e-07  1.195220265045882e+00 
 1.371641072875837e-07  1.195220265045881e+00 
 1.371841072875837e-07  1.195220265045882e+00 
 1.372041072875837e-07  1.195220265045882e+00 
 1.372241072875837e-07  1.195220265045882e+00 
 1.372441072875837e-07  1.195220265045881e+00 
 1.372641072875837e-07  1.195220265045882e+00 
 1.372841072875837e-07  1.195220265045882e+00 
 1.373041072875837e-07  1.195220265045882e+00 
 1.373241072875837e-07  1.195220265045881e+00 
 1.373441072875837e-07  1.195220265045882e+00 
 1.373641072875836e-07  1.195220265045882e+00 
 1.373841072875836e-07  1.195220265045882e+00 
 1.374041072875836e-07  1.195220265045881e+00 
 1.374241072875836e-07  1.195220265045882e+00 
 1.374441072875836e-07  1.195220265045882e+00 
 1.374641072875836e-07  1.195220265045882e+00 
 1.374841072875836e-07  1.195220265045881e+00 
 1.375041072875836e-07  1.195220265045882e+00 
 1.375241072875836e-07  1.195220265045882e+00 
 1.375441072875836e-07  1.195220265045882e+00 
 1.375641072875836e-07  1.195220265045881e+00 
 1.375841072875836e-07  1.195220265045882e+00 
 1.376041072875836e-07  1.195220265045882e+00 
 1.376241072875836e-07  1.195220265045882e+00 
 1.376441072875836e-07  1.195220265045881e+00 
 1.376641072875836e-07  1.195220265045882e+00 
 1.376841072875836e-07  1.195220265045882e+00 
 1.377041072875836e-07  1.195220265045882e+00 
 1.377241072875836e-07  1.195220265045881e+00 
 1.377441072875836e-07  1.195220265045882e+00 
 1.377641072875836e-07  1.195220265045882e+00 
 1.377841072875836e-07  1.195220265045882e+00 
 1.378041072875836e-07  1.195220265045881e+00 
 1.378241072875836e-07  1.195220265045882e+00 
 1.378441072875836e-07  1.195220265045882e+00 
 1.378641072875836e-07  1.195220265045882e+00 
 1.378841072875836e-07  1.195220265045881e+00 
 1.379041072875835e-07  1.195220265045882e+00 
 1.379241072875835e-07  1.195220265045882e+00 
 1.379441072875835e-07  1.195220265045882e+00 
 1.379641072875835e-07  1.195220265045881e+00 
 1.379841072875835e-07  1.195220265045882e+00 
 1.380041072875835e-07  1.195220265045882e+00 
 1.380241072875835e-07  1.195220265045882e+00 
 1.380441072875835e-07  1.195220265045881e+00 
 1.380641072875835e-07  1.195220265045882e+00 
 1.380841072875835e-07  1.195220265045882e+00 
 1.381041072875835e-07  1.195220265045882e+00 
 1.381241072875835e-07  1.195220265045881e+00 
 1.381441072875835e-07  1.195220265045882e+00 
 1.381641072875835e-07  1.195220265045882e+00 
 1.381841072875835e-07  1.195220265045882e+00 
 1.382041072875835e-07  1.195220265045881e+00 
 1.382241072875835e-07  1.195220265045882e+00 
 1.382441072875835e-07  1.195220265045882e+00 
 1.382641072875835e-07  1.195220265045882e+00 
 1.382841072875835e-07  1.195220265045881e+00 
 1.383041072875835e-07  1.195220265045882e+00 
 1.383241072875835e-07  1.195220265045882e+00 
 1.383441072875835e-07  1.195220265045882e+00 
 1.383641072875835e-07  1.195220265045881e+00 
 1.383841072875835e-07  1.195220265045882e+00 
 1.384041072875835e-07  1.195220265045882e+00 
 1.384241072875834e-07  1.195220265045882e+00 
 1.384441072875834e-07  1.195220265045881e+00 
 1.384641072875834e-07  1.195220265045882e+00 
 1.384841072875834e-07  1.195220265045882e+00 
 1.385041072875834e-07  1.195220265045882e+00 
 1.385241072875834e-07  1.195220265045881e+00 
 1.385441072875834e-07  1.195220265045882e+00 
 1.385641072875834e-07  1.195220265045882e+00 
 1.385841072875834e-07  1.195220265045882e+00 
 1.386041072875834e-07  1.195220265045881e+00 
 1.386241072875834e-07  1.195220265045882e+00 
 1.386441072875834e-07  1.195220265045882e+00 
 1.386641072875834e-07  1.195220265045882e+00 
 1.386841072875834e-07  1.195220265045881e+00 
 1.387041072875834e-07  1.195220265045882e+00 
 1.387241072875834e-07  1.195220265045882e+00 
 1.387441072875834e-07  1.195220265045882e+00 
 1.387641072875834e-07  1.195220265045881e+00 
 1.387841072875834e-07  1.195220265045882e+00 
 1.388041072875834e-07  1.195220265045882e+00 
 1.388241072875834e-07  1.195220265045882e+00 
 1.388441072875834e-07  1.195220265045881e+00 
 1.388641072875834e-07  1.195220265045882e+00 
 1.388841072875834e-07  1.195220265045882e+00 
 1.389041072875834e-07  1.195220265045882e+00 
 1.389241072875834e-07  1.195220265045881e+00 
 1.389441072875834e-07  1.195220265045882e+00 
 1.389641072875833e-07  1.195220265045882e+00 
 1.389841072875833e-07  1.195220265045882e+00 
 1.390041072875833e-07  1.195220265045881e+00 
 1.390241072875833e-07  1.195220265045882e+00 
 1.390441072875833e-07  1.195220265045882e+00 
 1.390641072875833e-07  1.195220265045882e+00 
 1.390841072875833e-07  1.195220265045881e+00 
 1.391041072875833e-07  1.195220265045882e+00 
 1.391241072875833e-07  1.195220265045882e+00 
 1.391441072875833e-07  1.195220265045882e+00 
 1.391641072875833e-07  1.195220265045881e+00 
 1.391841072875833e-07  1.195220265045882e+00 
 1.392041072875833e-07  1.195220265045882e+00 
 1.392241072875833e-07  1.195220265045882e+00 
 1.392441072875833e-07  1.195220265045881e+00 
 1.392641072875833e-07  1.195220265045882e+00 
 1.392841072875833e-07  1.195220265045882e+00 
 1.393041072875833e-07  1.195220265045882e+00 
 1.393241072875833e-07  1.195220265045881e+00 
 1.393441072875833e-07  1.195220265045882e+00 
 1.393641072875833e-07  1.195220265045882e+00 
 1.393841072875833e-07  1.195220265045882e+00 
 1.394041072875833e-07  1.195220265045881e+00 
 1.394241072875833e-07  1.195220265045882e+00 
 1.394441072875833e-07  1.195220265045882e+00 
 1.394641072875833e-07  1.195220265045882e+00 
 1.394841072875832e-07  1.195220265045881e+00 
 1.395041072875832e-07  1.195220265045882e+00 
 1.395241072875832e-07  1.195220265045882e+00 
 1.395441072875832e-07  1.195220265045882e+00 
 1.395641072875832e-07  1.195220265045881e+00 
 1.395841072875832e-07  1.195220265045882e+00 
 1.396041072875832e-07  1.195220265045882e+00 
 1.396241072875832e-07  1.195220265045882e+00 
 1.396441072875832e-07  1.195220265045881e+00 
 1.396641072875832e-07  1.195220265045882e+00 
 1.396841072875832e-07  1.195220265045882e+00 
 1.397041072875832e-07  1.195220265045882e+00 
 1.397241072875832e-07  1.195220265045881e+00 
 1.397441072875832e-07  1.195220265045882e+00 
 1.397641072875832e-07  1.195220265045882e+00 
 1.397841072875832e-07  1.195220265045882e+00 
 1.398041072875832e-07  1.195220265045881e+00 
 1.398241072875832e-07  1.195220265045882e+00 
 1.398441072875832e-07  1.195220265045882e+00 
 1.398641072875832e-07  1.195220265045882e+00 
 1.398841072875832e-07  1.195220265045881e+00 
 1.399041072875832e-07  1.195220265045882e+00 
 1.399241072875832e-07  1.195220265045882e+00 
 1.399441072875832e-07  1.195220265045882e+00 
 1.399641072875832e-07  1.195220265045881e+00 
 1.399841072875832e-07  1.195220265045882e+00 
 1.400041072875831e-07  1.195220265045882e+00 
 1.400241072875831e-07  1.195220265045882e+00 
 1.400441072875831e-07  1.195220265045881e+00 
 1.400641072875831e-07  1.195220265045882e+00 
 1.400841072875831e-07  1.195220265045882e+00 
 1.401041072875831e-07  1.195220265045882e+00 
 1.401241072875831e-07  1.195220265045881e+00 
 1.401441072875831e-07  1.195220265045882e+00 
 1.401641072875831e-07  1.195220265045882e+00 
 1.401841072875831e-07  1.195220265045882e+00 
 1.402041072875831e-07  1.195220265045881e+00 
 1.402241072875831e-07  1.195220265045882e+00 
 1.402441072875831e-07  1.195220265045882e+00 
 1.402641072875831e-07  1.195220265045882e+00 
 1.402841072875831e-07  1.195220265045881e+00 
 1.403041072875831e-07  1.195220265045882e+00 
 1.403241072875831e-07  1.195220265045882e+00 
 1.403441072875831e-07  1.195220265045882e+00 
 1.403641072875831e-07  1.195220265045881e+00 
 1.403841072875831e-07  1.195220265045882e+00 
 1.404041072875831e-07  1.195220265045882e+00 
 1.404241072875831e-07  1.195220265045882e+00 
 1.404441072875831e-07  1.195220265045881e+00 
 1.404641072875831e-07  1.195220265045882e+00 
 1.404841072875831e-07  1.195220265045882e+00 
 1.405041072875831e-07  1.195220265045882e+00 
 1.405241072875831e-07  1.195220265045881e+00 
 1.405441072875830e-07  1.195220265045882e+00 
 1.405641072875830e-07  1.195220265045882e+00 
 1.405841072875830e-07  1.195220265045882e+00 
 1.406041072875830e-07  1.195220265045881e+00 
 1.406241072875830e-07  1.195220265045882e+00 
 1.406441072875830e-07  1.195220265045882e+00 
 1.406641072875830e-07  1.195220265045882e+00 
 1.406841072875830e-07  1.195220265045881e+00 
 1.407041072875830e-07  1.195220265045882e+00 
 1.407241072875830e-07  1.195220265045882e+00 
 1.407441072875830e-07  1.195220265045882e+00 
 1.407641072875830e-07  1.195220265045881e+00 
 1.407841072875830e-07  1.195220265045882e+00 
 1.408041072875830e-07  1.195220265045882e+00 
 1.408241072875830e-07  1.195220265045882e+00 
 1.408441072875830e-07  1.195220265045881e+00 
 1.408641072875830e-07  1.195220265045882e+00 
 1.408841072875830e-07  1.195220265045882e+00 
 1.409041072875830e-07  1.195220265045882e+00 
 1.409241072875830e-07  1.195220265045881e+00 
 1.409441072875830e-07  1.195220265045882e+00 
 1.409641072875830e-07  1.195220265045882e+00 
 1.409841072875830e-07  1.195220265045882e+00 
 1.410041072875830e-07  1.195220265045881e+00 
 1.410241072875830e-07  1.195220265045882e+00 
 1.410441072875830e-07  1.195220265045882e+00 
 1.410641072875829e-07  1.195220265045882e+00 
 1.410841072875829e-07  1.195220265045881e+00 
 1.411041072875829e-07  1.195220265045882e+00 
 1.411241072875829e-07  1.195220265045882e+00 
 1.411441072875829e-07  1.195220265045882e+00 
 1.411641072875829e-07  1.195220265045881e+00 
 1.411841072875829e-07  1.195220265045882e+00 
 1.412041072875829e-07  1.195220265045882e+00 
 1.412241072875829e-07  1.195220265045882e+00 
 1.412441072875829e-07  1.195220265045881e+00 
 1.412641072875829e-07  1.195220265045882e+00 
 1.412841072875829e-07  1.195220265045882e+00 
 1.413041072875829e-07  1.195220265045882e+00 
 1.413241072875829e-07  1.195220265045881e+00 
 1.413441072875829e-07  1.195220265045882e+00 
 1.413641072875829e-07  1.195220265045882e+00 
 1.413841072875829e-07  1.195220265045882e+00 
 1.414041072875829e-07  1.195220265045881e+00 
 1.414241072875829e-07  1.195220265045882e+00 
 1.414441072875829e-07  1.195220265045882e+00 
 1.414641072875829e-07  1.195220265045882e+00 
 1.414841072875829e-07  1.195220265045881e+00 
 1.415041072875829e-07  1.195220265045882e+00 
 1.415241072875829e-07  1.195220265045882e+00 
 1.415441072875829e-07  1.195220265045882e+00 
 1.415641072875829e-07  1.195220265045881e+00 
 1.415841072875828e-07  1.195220265045882e+00 
 1.416041072875828e-07  1.195220265045882e+00 
 1.416241072875828e-07  1.195220265045882e+00 
 1.416441072875828e-07  1.195220265045881e+00 
 1.416641072875828e-07  1.195220265045882e+00 
 1.416841072875828e-07  1.195220265045882e+00 
 1.417041072875828e-07  1.195220265045882e+00 
 1.417241072875828e-07  1.195220265045881e+00 
 1.417441072875828e-07  1.195220265045882e+00 
 1.417641072875828e-07  1.195220265045882e+00 
 1.417841072875828e-07  1.195220265045882e+00 
 1.418041072875828e-07  1.195220265045881e+00 
 1.418241072875828e-07  1.195220265045882e+00 
 1.418441072875828e-07  1.195220265045882e+00 
 1.418641072875828e-07  1.195220265045882e+00 
 1.418841072875828e-07  1.195220265045881e+00 
 1.419041072875828e-07  1.195220265045882e+00 
 1.419241072875828e-07  1.195220265045882e+00 
 1.419441072875828e-07  1.195220265045882e+00 
 1.419641072875828e-07  1.195220265045881e+00 
 1.419841072875828e-07  1.195220265045882e+00 
 1.420041072875828e-07  1.195220265045882e+00 
 1.420241072875828e-07  1.195220265045882e+00 
 1.420441072875828e-07  1.195220265045881e+00 
 1.420641072875828e-07  1.195220265045882e+00 
 1.420841072875828e-07  1.195220265045882e+00 
 1.421041072875828e-07  1.195220265045882e+00 
 1.421241072875827e-07  1.195220265045881e+00 
 1.421441072875827e-07  1.195220265045882e+00 
 1.421641072875827e-07  1.195220265045882e+00 
 1.421841072875827e-07  1.195220265045882e+00 
 1.422041072875827e-07  1.195220265045881e+00 
 1.422241072875827e-07  1.195220265045882e+00 
 1.422441072875827e-07  1.195220265045882e+00 
 1.422641072875827e-07  1.195220265045882e+00 
 1.422841072875827e-07  1.195220265045881e+00 
 1.423041072875827e-07  1.195220265045882e+00 
 1.423241072875827e-07  1.195220265045882e+00 
 1.423441072875827e-07  1.195220265045882e+00 
 1.423641072875827e-07  1.195220265045881e+00 
 1.423841072875827e-07  1.195220265045882e+00 
 1.424041072875827e-07  1.195220265045882e+00 
 1.424241072875827e-07  1.195220265045882e+00 
 1.424441072875827e-07  1.195220265045881e+00 
 1.424641072875827e-07  1.195220265045882e+00 
 1.424841072875827e-07  1.195220265045882e+00 
 1.425041072875827e-07  1.195220265045882e+00 
 1.425241072875827e-07  1.195220265045881e+00 
 1.425441072875827e-07  1.195220265045882e+00 
 1.425641072875827e-07  1.195220265045882e+00 
 1.425841072875827e-07  1.195220265045882e+00 
 1.426041072875827e-07  1.195220265045881e+00 
 1.426241072875827e-07  1.195220265045882e+00 
 1.426441072875826e-07  1.195220265045882e+00 
 1.426641072875826e-07  1.195220265045882e+00 
 1.426841072875826e-07  1.195220265045881e+00 
 1.427041072875826e-07  1.195220265045882e+00 
 1.427241072875826e-07  1.195220265045882e+00 
 1.427441072875826e-07  1.195220265045882e+00 
 1.427641072875826e-07  1.195220265045881e+00 
 1.427841072875826e-07  1.195220265045882e+00 
 1.428041072875826e-07  1.195220265045882e+00 
 1.428241072875826e-07  1.195220265045882e+00 
 1.428441072875826e-07  1.195220265045881e+00 
 1.428641072875826e-07  1.195220265045882e+00 
 1.428841072875826e-07  1.195220265045882e+00 
 1.429041072875826e-07  1.195220265045882e+00 
 1.429241072875826e-07  1.195220265045881e+00 
 1.429441072875826e-07  1.195220265045882e+00 
 1.429641072875826e-07  1.195220265045882e+00 
 1.429841072875826e-07  1.195220265045882e+00 
 1.430041072875826e-07  1.195220265045881e+00 
 1.430241072875826e-07  1.195220265045882e+00 
 1.430441072875826e-07  1.195220265045882e+00 
 1.430641072875826e-07  1.195220265045882e+00 
 1.430841072875826e-07  1.195220265045881e+00 
 1.431041072875826e-07  1.195220265045882e+00 
 1.431241072875826e-07  1.195220265045882e+00 
 1.431441072875826e-07  1.195220265045882e+00 
 1.431641072875826e-07  1.195220265045881e+00 
 1.431841072875825e-07  1.195220265045882e+00 
 1.432041072875825e-07  1.195220265045882e+00 
 1.432241072875825e-07  1.195220265045882e+00 
 1.432441072875825e-07  1.195220265045881e+00 
 1.432641072875825e-07  1.195220265045882e+00 
 1.432841072875825e-07  1.195220265045882e+00 
 1.433041072875825e-07  1.195220265045882e+00 
 1.433241072875825e-07  1.195220265045881e+00 
 1.433441072875825e-07  1.195220265045882e+00 
 1.433641072875825e-07  1.195220265045882e+00 
 1.433841072875825e-07  1.195220265045882e+00 
 1.434041072875825e-07  1.195220265045881e+00 
 1.434241072875825e-07  1.195220265045882e+00 
 1.434441072875825e-07  1.195220265045882e+00 
 1.434641072875825e-07  1.195220265045882e+00 
 1.434841072875825e-07  1.195220265045881e+00 
 1.435041072875825e-07  1.195220265045882e+00 
 1.435241072875825e-07  1.195220265045882e+00 
 1.435441072875825e-07  1.195220265045882e+00 
 1.435641072875825e-07  1.195220265045881e+00 
 1.435841072875825e-07  1.195220265045882e+00 
 1.436041072875825e-07  1.195220265045882e+00 
 1.436241072875825e-07  1.195220265045882e+00 
 1.436441072875825e-07  1.195220265045881e+00 
 1.436641072875825e-07  1.195220265045882e+00 
 1.436841072875825e-07  1.195220265045882e+00 
 1.437041072875824e-07  1.195220265045882e+00 
 1.437241072875824e-07  1.195220265045881e+00 
 1.437441072875824e-07  1.195220265045882e+00 
 1.437641072875824e-07  1.195220265045882e+00 
 1.437841072875824e-07  1.195220265045882e+00 
 1.438041072875824e-07  1.195220265045881e+00 
 1.438241072875824e-07  1.195220265045882e+00 
 1.438441072875824e-07  1.195220265045882e+00 
 1.438641072875824e-07  1.195220265045882e+00 
 1.438841072875824e-07  1.195220265045881e+00 
 1.439041072875824e-07  1.195220265045882e+00 
 1.439241072875824e-07  1.195220265045882e+00 
 1.439441072875824e-07  1.195220265045882e+00 
 1.439641072875824e-07  1.195220265045881e+00 
 1.439841072875824e-07  1.195220265045882e+00 
 1.440041072875824e-07  1.195220265045882e+00 
 1.440241072875824e-07  1.195220265045882e+00 
 1.440441072875824e-07  1.195220265045881e+00 
 1.440641072875824e-07  1.195220265045882e+00 
 1.440841072875824e-07  1.195220265045882e+00 
 1.441041072875824e-07  1.195220265045882e+00 
 1.441241072875824e-07  1.195220265045881e+00 
 1.441441072875824e-07  1.195220265045882e+00 
 1.441641072875824e-07  1.195220265045882e+00 
 1.441841072875824e-07  1.195220265045882e+00 
 1.442041072875824e-07  1.195220265045881e+00 
 1.442241072875823e-07  1.195220265045882e+00 
 1.442441072875823e-07  1.195220265045882e+00 
 1.442641072875823e-07  1.195220265045882e+00 
 1.442841072875823e-07  1.195220265045881e+00 
 1.443041072875823e-07  1.195220265045882e+00 
 1.443241072875823e-07  1.195220265045882e+00 
 1.443441072875823e-07  1.195220265045882e+00 
 1.443641072875823e-07  1.195220265045881e+00 
 1.443841072875823e-07  1.195220265045882e+00 
 1.444041072875823e-07  1.195220265045882e+00 
 1.444241072875823e-07  1.195220265045882e+00 
 1.444441072875823e-07  1.195220265045881e+00 
 1.444641072875823e-07  1.195220265045882e+00 
 1.444841072875823e-07  1.195220265045882e+00 
 1.445041072875823e-07  1.195220265045882e+00 
 1.445241072875823e-07  1.195220265045881e+00 
 1.445441072875823e-07  1.195220265045882e+00 
 1.445641072875823e-07  1.195220265045882e+00 
 1.445841072875823e-07  1.195220265045882e+00 
 1.446041072875823e-07  1.195220265045881e+00 
 1.446241072875823e-07  1.195220265045882e+00 
 1.446441072875823e-07  1.195220265045882e+00 
 1.446641072875823e-07  1.195220265045882e+00 
 1.446841072875823e-07  1.195220265045881e+00 
 1.447041072875823e-07  1.195220265045882e+00 
 1.447241072875823e-07  1.195220265045882e+00 
 1.447441072875823e-07  1.195220265045882e+00 
 1.447641072875822e-07  1.195220265045881e+00 
 1.447841072875822e-07  1.195220265045882e+00 
 1.448041072875822e-07  1.195220265045882e+00 
 1.448241072875822e-07  1.195220265045882e+00 
 1.448441072875822e-07  1.195220265045881e+00 
 1.448641072875822e-07  1.195220265045882e+00 
 1.448841072875822e-07  1.195220265045882e+00 
 1.449041072875822e-07  1.195220265045882e+00 
 1.449241072875822e-07  1.195220265045881e+00 
 1.449441072875822e-07  1.195220265045882e+00 
 1.449641072875822e-07  1.195220265045882e+00 
 1.449841072875822e-07  1.195220265045882e+00 
 1.450041072875822e-07  1.195220265045881e+00 
 1.450241072875822e-07  1.195220265045882e+00 
 1.450441072875822e-07  1.195220265045882e+00 
 1.450641072875822e-07  1.195220265045882e+00 
 1.450841072875822e-07  1.195220265045881e+00 
 1.451041072875822e-07  1.195220265045882e+00 
 1.451241072875822e-07  1.195220265045882e+00 
 1.451441072875822e-07  1.195220265045882e+00 
 1.451641072875822e-07  1.195220265045881e+00 
 1.451841072875822e-07  1.195220265045882e+00 
 1.452041072875822e-07  1.195220265045882e+00 
 1.452241072875822e-07  1.195220265045882e+00 
 1.452441072875822e-07  1.195220265045881e+00 
 1.452641072875822e-07  1.195220265045882e+00 
 1.452841072875821e-07  1.195220265045882e+00 
 1.453041072875821e-07  1.195220265045882e+00 
 1.453241072875821e-07  1.195220265045881e+00 
 1.453441072875821e-07  1.195220265045882e+00 
 1.453641072875821e-07  1.195220265045882e+00 
 1.453841072875821e-07  1.195220265045882e+00 
 1.454041072875821e-07  1.195220265045881e+00 
 1.454241072875821e-07  1.195220265045882e+00 
 1.454441072875821e-07  1.195220265045882e+00 
 1.454641072875821e-07  1.195220265045882e+00 
 1.454841072875821e-07  1.195220265045881e+00 
 1.455041072875821e-07  1.195220265045882e+00 
 1.455241072875821e-07  1.195220265045882e+00 
 1.455441072875821e-07  1.195220265045882e+00 
 1.455641072875821e-07  1.195220265045881e+00 
 1.455841072875821e-07  1.195220265045882e+00 
 1.456041072875821e-07  1.195220265045882e+00 
 1.456241072875821e-07  1.195220265045882e+00 
 1.456441072875821e-07  1.195220265045881e+00 
 1.456641072875821e-07  1.195220265045882e+00 
 1.456841072875821e-07  1.195220265045882e+00 
 1.457041072875821e-07  1.195220265045882e+00 
 1.457241072875821e-07  1.195220265045881e+00 
 1.457441072875821e-07  1.195220265045882e+00 
 1.457641072875821e-07  1.195220265045882e+00 
 1.457841072875821e-07  1.195220265045882e+00 
 1.458041072875820e-07  1.195220265045881e+00 
 1.458241072875820e-07  1.195220265045882e+00 
 1.458441072875820e-07  1.195220265045882e+00 
 1.458641072875820e-07  1.195220265045882e+00 
 1.458841072875820e-07  1.195220265045881e+00 
 1.459041072875820e-07  1.195220265045882e+00 
 1.459241072875820e-07  1.195220265045882e+00 
 1.459441072875820e-07  1.195220265045882e+00 
 1.459641072875820e-07  1.195220265045881e+00 
 1.459841072875820e-07  1.195220265045882e+00 
 1.460041072875820e-07  1.195220265045882e+00 
 1.460241072875820e-07  1.195220265045882e+00 
 1.460441072875820e-07  1.195220265045881e+00 
 1.460641072875820e-07  1.195220265045882e+00 
 1.460841072875820e-07  1.195220265045882e+00 
 1.461041072875820e-07  1.195220265045882e+00 
 1.461241072875820e-07  1.195220265045881e+00 
 1.461441072875820e-07  1.195220265045882e+00 
 1.461641072875820e-07  1.195220265045882e+00 
 1.461841072875820e-07  1.195220265045882e+00 
 1.462041072875820e-07  1.195220265045881e+00 
 1.462241072875820e-07  1.195220265045882e+00 
 1.462441072875820e-07  1.195220265045882e+00 
 1.462641072875820e-07  1.195220265045882e+00 
 1.462841072875820e-07  1.195220265045881e+00 
 1.463041072875820e-07  1.195220265045882e+00 
 1.463241072875820e-07  1.195220265045882e+00 
 1.463441072875819e-07  1.195220265045882e+00 
 1.463641072875819e-07  1.195220265045881e+00 
 1.463841072875819e-07  1.195220265045882e+00 
 1.464041072875819e-07  1.195220265045882e+00 
 1.464241072875819e-07  1.195220265045882e+00 
 1.464441072875819e-07  1.195220265045881e+00 
 1.464641072875819e-07  1.195220265045882e+00 
 1.464841072875819e-07  1.195220265045882e+00 
 1.465041072875819e-07  1.195220265045882e+00 
 1.465241072875819e-07  1.195220265045881e+00 
 1.465441072875819e-07  1.195220265045882e+00 
 1.465641072875819e-07  1.195220265045882e+00 
 1.465841072875819e-07  1.195220265045882e+00 
 1.466041072875819e-07  1.195220265045881e+00 
 1.466241072875819e-07  1.195220265045882e+00 
 1.466441072875819e-07  1.195220265045882e+00 
 1.466641072875819e-07  1.195220265045882e+00 
 1.466841072875819e-07  1.195220265045881e+00 
 1.467041072875819e-07  1.195220265045882e+00 
 1.467241072875819e-07  1.195220265045882e+00 
 1.467441072875819e-07  1.195220265045882e+00 
 1.467641072875819e-07  1.195220265045881e+00 
 1.467841072875819e-07  1.195220265045882e+00 
 1.468041072875819e-07  1.195220265045882e+00 
 1.468241072875819e-07  1.195220265045882e+00 
 1.468441072875819e-07  1.195220265045881e+00 
 1.468641072875818e-07  1.195220265045882e+00 
 1.468841072875818e-07  1.195220265045882e+00 
 1.469041072875818e-07  1.195220265045882e+00 
 1.469241072875818e-07  1.195220265045881e+00 
 1.469441072875818e-07  1.195220265045882e+00 
 1.469641072875818e-07  1.195220265045882e+00 
 1.469841072875818e-07  1.195220265045882e+00 
 1.470041072875818e-07  1.195220265045881e+00 
 1.470241072875818e-07  1.195220265045882e+00 
 1.470441072875818e-07  1.195220265045882e+00 
 1.470641072875818e-07  1.195220265045882e+00 
 1.470841072875818e-07  1.195220265045881e+00 
 1.471041072875818e-07  1.195220265045882e+00 
 1.471241072875818e-07  1.195220265045882e+00 
 1.471441072875818e-07  1.195220265045882e+00 
 1.471641072875818e-07  1.195220265045881e+00 
 1.471841072875818e-07  1.195220265045882e+00 
 1.472041072875818e-07  1.195220265045882e+00 
 1.472241072875818e-07  1.195220265045882e+00 
 1.472441072875818e-07  1.195220265045881e+00 
 1.472641072875818e-07  1.195220265045882e+00 
 1.472841072875818e-07  1.195220265045882e+00 
 1.473041072875818e-07  1.195220265045882e+00 
 1.473241072875818e-07  1.195220265045881e+00 
 1.473441072875818e-07  1.195220265045882e+00 
 1.473641072875818e-07  1.195220265045882e+00 
 1.473841072875818e-07  1.195220265045882e+00 
 1.474041072875817e-07  1.195220265045881e+00 
 1.474241072875817e-07  1.195220265045882e+00 
 1.474441072875817e-07  1.195220265045882e+00 
 1.474641072875817e-07  1.195220265045882e+00 
 1.474841072875817e-07  1.195220265045881e+00 
 1.475041072875817e-07  1.195220265045882e+00 
 1.475241072875817e-07  1.195220265045882e+00 
 1.475441072875817e-07  1.195220265045882e+00 
 1.475641072875817e-07  1.195220265045881e+00 
 1.475841072875817e-07  1.195220265045882e+00 
 1.476041072875817e-07  1.195220265045882e+00 
 1.476241072875817e-07  1.195220265045882e+00 
 1.476441072875817e-07  1.195220265045881e+00 
 1.476641072875817e-07  1.195220265045882e+00 
 1.476841072875817e-07  1.195220265045882e+00 
 1.477041072875817e-07  1.195220265045882e+00 
 1.477241072875817e-07  1.195220265045881e+00 
 1.477441072875817e-07  1.195220265045882e+00 
 1.477641072875817e-07  1.195220265045882e+00 
 1.477841072875817e-07  1.195220265045882e+00 
 1.478041072875817e-07  1.195220265045881e+00 
 1.478241072875817e-07  1.195220265045882e+00 
 1.478441072875817e-07  1.195220265045882e+00 
 1.478641072875817e-07  1.195220265045882e+00 
 1.478841072875817e-07  1.195220265045881e+00 
 1.479041072875817e-07  1.195220265045882e+00 
 1.479241072875816e-07  1.195220265045882e+00 
 1.479441072875816e-07  1.195220265045882e+00 
 1.479641072875816e-07  1.195220265045881e+00 
 1.479841072875816e-07  1.195220265045882e+00 
 1.480041072875816e-07  1.195220265045882e+00 
 1.480241072875816e-07  1.195220265045882e+00 
 1.480441072875816e-07  1.195220265045881e+00 
 1.480641072875816e-07  1.195220265045882e+00 
 1.480841072875816e-07  1.195220265045882e+00 
 1.481041072875816e-07  1.195220265045882e+00 
 1.481241072875816e-07  1.195220265045881e+00 
 1.481441072875816e-07  1.195220265045882e+00 
 1.481641072875816e-07  1.195220265045882e+00 
 1.481841072875816e-07  1.195220265045882e+00 
 1.482041072875816e-07  1.195220265045881e+00 
 1.482241072875816e-07  1.195220265045882e+00 
 1.482441072875816e-07  1.195220265045882e+00 
 1.482641072875816e-07  1.195220265045882e+00 
 1.482841072875816e-07  1.195220265045881e+00 
 1.483041072875816e-07  1.195220265045882e+00 
 1.483241072875816e-07  1.195220265045882e+00 
 1.483441072875816e-07  1.195220265045882e+00 
 1.483641072875816e-07  1.195220265045881e+00 
 1.483841072875816e-07  1.195220265045882e+00 
 1.484041072875816e-07  1.195220265045882e+00 
 1.484241072875816e-07  1.195220265045882e+00 
 1.484441072875815e-07  1.195220265045881e+00 
 1.484641072875815e-07  1.195220265045882e+00 
 1.484841072875815e-07  1.195220265045882e+00 
 1.485041072875815e-07  1.195220265045882e+00 
 1.485241072875815e-07  1.195220265045881e+00 
 1.485441072875815e-07  1.195220265045882e+00 
 1.485641072875815e-07  1.195220265045882e+00 
 1.485841072875815e-07  1.195220265045882e+00 
 1.486041072875815e-07  1.195220265045881e+00 
 1.486241072875815e-07  1.195220265045882e+00 
 1.486441072875815e-07  1.195220265045882e+00 
 1.486641072875815e-07  1.195220265045882e+00 
 1.486841072875815e-07  1.195220265045881e+00 
 1.487041072875815e-07  1.195220265045882e+00 
 1.487241072875815e-07  1.195220265045882e+00 
 1.487441072875815e-07  1.195220265045882e+00 
 1.487641072875815e-07  1.195220265045881e+00 
 1.487841072875815e-07  1.195220265045882e+00 
 1.488041072875815e-07  1.195220265045882e+00 
 1.488241072875815e-07  1.195220265045882e+00 
 1.488441072875815e-07  1.195220265045881e+00 
 1.488641072875815e-07  1.195220265045882e+00 
 1.488841072875815e-07  1.195220265045882e+00 
 1.489041072875815e-07  1.195220265045882e+00 
 1.489241072875815e-07  1.195220265045881e+00 
 1.489441072875815e-07  1.195220265045882e+00 
 1.489641072875815e-07  1.195220265045882e+00 
 1.489841072875814e-07  1.195220265045882e+00 
 1.490041072875814e-07  1.195220265045881e+00 
 1.490241072875814e-07  1.195220265045882e+00 
 1.490441072875814e-07  1.195220265045882e+00 
 1.490641072875814e-07  1.195220265045882e+00 
 1.490841072875814e-07  1.195220265045881e+00 
 1.491041072875814e-07  1.195220265045882e+00 
 1.491241072875814e-07  1.195220265045882e+00 
 1.491441072875814e-07  1.195220265045882e+00 
 1.491641072875814e-07  1.195220265045881e+00 
 1.491841072875814e-07  1.195220265045882e+00 
 1.492041072875814e-07  1.195220265045882e+00 
 1.492241072875814e-07  1.195220265045882e+00 
 1.492441072875814e-07  1.195220265045881e+00 
 1.492641072875814e-07  1.195220265045882e+00 
 1.492841072875814e-07  1.195220265045882e+00 
 1.493041072875814e-07  1.195220265045882e+00 
 1.493241072875814e-07  1.195220265045881e+00 
 1.493441072875814e-07  1.195220265045882e+00 
 1.493641072875814e-07  1.195220265045882e+00 
 1.493841072875814e-07  1.195220265045882e+00 
 1.494041072875814e-07  1.195220265045881e+00 
 1.494241072875814e-07  1.195220265045882e+00 
 1.494441072875814e-07  1.195220265045882e+00 
 1.494641072875814e-07  1.195220265045882e+00 
 1.494841072875814e-07  1.195220265045881e+00 
 1.495041072875813e-07  1.195220265045882e+00 
 1.495241072875813e-07  1.195220265045882e+00 
 1.495441072875813e-07  1.195220265045882e+00 
 1.495641072875813e-07  1.195220265045881e+00 
 1.495841072875813e-07  1.195220265045882e+00 
 1.496041072875813e-07  1.195220265045882e+00 
 1.496241072875813e-07  1.195220265045882e+00 
 1.496441072875813e-07  1.195220265045881e+00 
 1.496641072875813e-07  1.195220265045882e+00 
 1.496841072875813e-07  1.195220265045882e+00 
 1.497041072875813e-07  1.195220265045882e+00 
 1.497241072875813e-07  1.195220265045881e+00 
 1.497441072875813e-07  1.195220265045882e+00 
 1.497641072875813e-07  1.195220265045882e+00 
 1.497841072875813e-07  1.195220265045882e+00 
 1.498041072875813e-07  1.195220265045881e+00 
 1.498241072875813e-07  1.195220265045882e+00 
 1.498441072875813e-07  1.195220265045882e+00 
 1.498641072875813e-07  1.195220265045882e+00 
 1.498841072875813e-07  1.195220265045881e+00 
 1.499041072875813e-07  1.195220265045882e+00 
 1.499241072875813e-07  1.195220265045882e+00 
 1.499441072875813e-07  1.195220265045882e+00 
 1.499641072875813e-07  1.195220265045881e+00 
 1.499841072875813e-07  1.195220265045882e+00 
 1.500041072875813e-07  1.195220265045882e+00 
 1.500241072875812e-07  1.195220265045882e+00 
 1.500441072875812e-07  1.195220265045881e+00 
 1.500641072875812e-07  1.195220265045882e+00 
 1.500841072875812e-07  1.195220265045882e+00 
 1.501041072875812e-07  1.195220265045882e+00 
 1.501241072875812e-07  1.195220265045881e+00 
 1.501441072875812e-07  1.195220265045882e+00 
 1.501641072875812e-07  1.195220265045882e+00 
 1.501841072875812e-07  1.195220265045882e+00 
 1.502041072875812e-07  1.195220265045881e+00 
 1.502241072875812e-07  1.195220265045882e+00 
 1.502441072875812e-07  1.195220265045882e+00 
 1.502641072875812e-07  1.195220265045882e+00 
 1.502841072875812e-07  1.195220265045881e+00 
 1.503041072875812e-07  1.195220265045882e+00 
 1.503241072875812e-07  1.195220265045882e+00 
 1.503441072875812e-07  1.195220265045882e+00 
 1.503641072875812e-07  1.195220265045881e+00 
 1.503841072875812e-07  1.195220265045882e+00 
 1.504041072875812e-07  1.195220265045882e+00 
 1.504241072875812e-07  1.195220265045882e+00 
 1.504441072875812e-07  1.195220265045881e+00 
 1.504641072875812e-07  1.195220265045882e+00 
 1.504841072875812e-07  1.195220265045882e+00 
 1.505041072875812e-07  1.195220265045882e+00 
 1.505241072875812e-07  1.195220265045881e+00 
 1.505441072875812e-07  1.195220265045882e+00 
 1.505641072875811e-07  1.195220265045882e+00 
 1.505841072875811e-07  1.195220265045882e+00 
 1.506041072875811e-07  1.195220265045881e+00 
 1.506241072875811e-07  1.195220265045882e+00 
 1.506441072875811e-07  1.195220265045882e+00 
 1.506641072875811e-07  1.195220265045882e+00 
 1.506841072875811e-07  1.195220265045881e+00 
 1.507041072875811e-07  1.195220265045882e+00 
 1.507241072875811e-07  1.195220265045882e+00 
 1.507441072875811e-07  1.195220265045882e+00 
 1.507641072875811e-07  1.195220265045881e+00 
 1.507841072875811e-07  1.195220265045882e+00 
 1.508041072875811e-07  1.195220265045882e+00 
 1.508241072875811e-07  1.195220265045882e+00 
 1.508441072875811e-07  1.195220265045881e+00 
 1.508641072875811e-07  1.195220265045882e+00 
 1.508841072875811e-07  1.195220265045882e+00 
 1.509041072875811e-07  1.195220265045882e+00 
 1.509241072875811e-07  1.195220265045881e+00 
 1.509441072875811e-07  1.195220265045882e+00 
 1.509641072875811e-07  1.195220265045882e+00 
 1.509841072875811e-07  1.195220265045882e+00 
 1.510041072875811e-07  1.195220265045881e+00 
 1.510241072875811e-07  1.195220265045882e+00 
 1.510441072875811e-07  1.195220265045882e+00 
 1.510641072875811e-07  1.195220265045882e+00 
 1.510841072875810e-07  1.195220265045881e+00 
 1.511041072875810e-07  1.195220265045882e+00 
 1.511241072875810e-07  1.195220265045882e+00 
 1.511441072875810e-07  1.195220265045882e+00 
 1.511641072875810e-07  1.195220265045881e+00 
 1.511841072875810e-07  1.195220265045882e+00 
 1.512041072875810e-07  1.195220265045882e+00 
 1.512241072875810e-07  1.195220265045882e+00 
 1.512441072875810e-07  1.195220265045881e+00 
 1.512641072875810e-07  1.195220265045882e+00 
 1.512841072875810e-07  1.195220265045882e+00 
 1.513041072875810e-07  1.195220265045882e+00 
 1.513241072875810e-07  1.195220265045881e+00 
 1.513441072875810e-07  1.195220265045882e+00 
 1.513641072875810e-07  1.195220265045882e+00 
 1.513841072875810e-07  1.195220265045882e+00 
 1.514041072875810e-07  1.195220265045881e+00 
 1.514241072875810e-07  1.195220265045882e+00 
 1.514441072875810e-07  1.195220265045882e+00 
 1.514641072875810e-07  1.195220265045882e+00 
 1.514841072875810e-07  1.195220265045881e+00 
 1.515041072875810e-07  1.195220265045882e+00 
 1.515241072875810e-07  1.195220265045882e+00 
 1.515441072875810e-07  1.195220265045882e+00 
 1.515641072875810e-07  1.195220265045881e+00 
 1.515841072875810e-07  1.195220265045882e+00 
 1.516041072875810e-07  1.195220265045882e+00 
 1.516241072875809e-07  1.195220265045882e+00 
 1.516441072875809e-07  1.195220265045881e+00 
 1.516641072875809e-07  1.195220265045882e+00 
 1.516841072875809e-07  1.195220265045882e+00 
 1.517041072875809e-07  1.195220265045882e+00 
 1.517241072875809e-07  1.195220265045881e+00 
 1.517441072875809e-07  1.195220265045882e+00 
 1.517641072875809e-07  1.195220265045882e+00 
 1.517841072875809e-07  1.195220265045882e+00 
 1.518041072875809e-07  1.195220265045881e+00 
 1.518241072875809e-07  1.195220265045882e+00 
 1.518441072875809e-07  1.195220265045882e+00 
 1.518641072875809e-07  1.195220265045882e+00 
 1.518841072875809e-07  1.195220265045881e+00 
 1.519041072875809e-07  1.195220265045882e+00 
 1.519241072875809e-07  1.195220265045882e+00 
 1.519441072875809e-07  1.195220265045882e+00 
 1.519641072875809e-07  1.195220265045881e+00 
 1.519841072875809e-07  1.195220265045882e+00 
 1.520041072875809e-07  1.195220265045882e+00 
 1.520241072875809e-07  1.195220265045882e+00 
 1.520441072875809e-07  1.195220265045881e+00 
 1.520641072875809e-07  1.195220265045882e+00 
 1.520841072875809e-07  1.195220265045882e+00 
 1.521041072875809e-07  1.195220265045882e+00 
 1.521241072875809e-07  1.195220265045881e+00 
 1.521441072875808e-07  1.195220265045882e+00 
 1.521641072875808e-07  1.195220265045882e+00 
 1.521841072875808e-07  1.195220265045882e+00 
 1.522041072875808e-07  1.195220265045881e+00 
 1.522241072875808e-07  1.195220265045882e+00 
 1.522441072875808e-07  1.195220265045882e+00 
 1.522641072875808e-07  1.195220265045882e+00 
 1.522841072875808e-07  1.195220265045881e+00 
 1.523041072875808e-07  1.195220265045882e+00 
 1.523241072875808e-07  1.195220265045882e+00 
 1.523441072875808e-07  1.195220265045882e+00 
 1.523641072875808e-07  1.195220265045881e+00 
 1.523841072875808e-07  1.195220265045882e+00 
 1.524041072875808e-07  1.195220265045882e+00 
 1.524241072875808e-07  1.195220265045882e+00 
 1.524441072875808e-07  1.195220265045881e+00 
 1.524641072875808e-07  1.195220265045882e+00 
 1.524841072875808e-07  1.195220265045882e+00 
 1.525041072875808e-07  1.195220265045882e+00 
 1.525241072875808e-07  1.195220265045881e+00 
 1.525441072875808e-07  1.195220265045882e+00 
 1.525641072875808e-07  1.195220265045882e+00 
 1.525841072875808e-07  1.195220265045882e+00 
 1.526041072875808e-07  1.195220265045881e+00 
 1.526241072875808e-07  1.195220265045882e+00 
 1.526441072875808e-07  1.195220265045882e+00 
 1.526641072875807e-07  1.195220265045882e+00 
 1.526841072875807e-07  1.195220265045881e+00 
 1.527041072875807e-07  1.195220265045882e+00 
 1.527241072875807e-07  1.195220265045882e+00 
 1.527441072875807e-07  1.195220265045882e+00 
 1.527641072875807e-07  1.195220265045881e+00 
 1.527841072875807e-07  1.195220265045882e+00 
 1.528041072875807e-07  1.195220265045882e+00 
 1.528241072875807e-07  1.195220265045882e+00 
 1.528441072875807e-07  1.195220265045881e+00 
 1.528641072875807e-07  1.195220265045882e+00 
 1.528841072875807e-07  1.195220265045882e+00 
 1.529041072875807e-07  1.195220265045882e+00 
 1.529241072875807e-07  1.195220265045881e+00 
 1.529441072875807e-07  1.195220265045882e+00 
 1.529641072875807e-07  1.195220265045882e+00 
 1.529841072875807e-07  1.195220265045882e+00 
 1.530041072875807e-07  1.195220265045881e+00 
 1.530241072875807e-07  1.195220265045882e+00 
 1.530441072875807e-07  1.195220265045882e+00 
 1.530641072875807e-07  1.195220265045882e+00 
 1.530841072875807e-07  1.195220265045881e+00 
 1.531041072875807e-07  1.195220265045882e+00 
 1.531241072875807e-07  1.195220265045882e+00 
 1.531441072875807e-07  1.195220265045882e+00 
 1.531641072875807e-07  1.195220265045881e+00 
 1.531841072875807e-07  1.195220265045882e+00 
 1.532041072875806e-07  1.195220265045882e+00 
 1.532241072875806e-07  1.195220265045882e+00 
 1.532441072875806e-07  1.195220265045881e+00 
 1.532641072875806e-07  1.195220265045882e+00 
 1.532841072875806e-07  1.195220265045882e+00 
 1.533041072875806e-07  1.195220265045882e+00 
 1.533241072875806e-07  1.195220265045881e+00 
 1.533441072875806e-07  1.195220265045882e+00 
 1.533641072875806e-07  1.195220265045882e+00 
 1.533841072875806e-07  1.195220265045882e+00 
 1.534041072875806e-07  1.195220265045881e+00 
 1.534241072875806e-07  1.195220265045882e+00 
 1.534441072875806e-07  1.195220265045882e+00 
 1.534641072875806e-07  1.195220265045882e+00 
 1.534841072875806e-07  1.195220265045881e+00 
 1.535041072875806e-07  1.195220265045882e+00 
 1.535241072875806e-07  1.195220265045882e+00 
 1.535441072875806e-07  1.195220265045882e+00 
 1.535641072875806e-07  1.195220265045881e+00 
 1.535841072875806e-07  1.195220265045882e+00 
 1.536041072875806e-07  1.195220265045882e+00 
 1.536241072875806e-07  1.195220265045882e+00 
 1.536441072875806e-07  1.195220265045881e+00 
 1.536641072875806e-07  1.195220265045882e+00 
 1.536841072875806e-07  1.195220265045882e+00 
 1.537041072875806e-07  1.195220265045882e+00 
 1.537241072875805e-07  1.195220265045881e+00 
 1.537441072875805e-07  1.195220265045882e+00 
 1.537641072875805e-07  1.195220265045882e+00 
 1.537841072875805e-07  1.195220265045882e+00 
 1.538041072875805e-07  1.195220265045881e+00 
 1.538241072875805e-07  1.195220265045882e+00 
 1.538441072875805e-07  1.195220265045882e+00 
 1.538641072875805e-07  1.195220265045882e+00 
 1.538841072875805e-07  1.195220265045881e+00 
 1.539041072875805e-07  1.195220265045882e+00 
 1.539241072875805e-07  1.195220265045882e+00 
 1.539441072875805e-07  1.195220265045882e+00 
 1.539641072875805e-07  1.195220265045881e+00 
 1.539841072875805e-07  1.195220265045882e+00 
 1.540041072875805e-07  1.195220265045882e+00 
 1.540241072875805e-07  1.195220265045882e+00 
 1.540441072875805e-07  1.195220265045881e+00 
 1.540641072875805e-07  1.195220265045882e+00 
 1.540841072875805e-07  1.195220265045882e+00 
 1.541041072875805e-07  1.195220265045882e+00 
 1.541241072875805e-07  1.195220265045881e+00 
 1.541441072875805e-07  1.195220265045882e+00 
 1.541641072875805e-07  1.195220265045882e+00 
 1.541841072875805e-07  1.195220265045882e+00 
 1.542041072875805e-07  1.195220265045881e+00 
 1.542241072875805e-07  1.195220265045882e+00 
 1.542441072875804e-07  1.195220265045882e+00 
 1.542641072875804e-07  1.195220265045882e+00 
 1.542841072875804e-07  1.195220265045881e+00 
 1.543041072875804e-07  1.195220265045882e+00 
 1.543241072875804e-07  1.195220265045882e+00 
 1.543441072875804e-07  1.195220265045882e+00 
 1.543641072875804e-07  1.195220265045881e+00 
 1.543841072875804e-07  1.195220265045882e+00 
 1.544041072875804e-07  1.195220265045882e+00 
 1.544241072875804e-07  1.195220265045882e+00 
 1.544441072875804e-07  1.195220265045881e+00 
 1.544641072875804e-07  1.195220265045882e+00 
 1.544841072875804e-07  1.195220265045882e+00 
 1.545041072875804e-07  1.195220265045882e+00 
 1.545241072875804e-07  1.195220265045881e+00 
 1.545441072875804e-07  1.195220265045882e+00 
 1.545641072875804e-07  1.195220265045882e+00 
 1.545841072875804e-07  1.195220265045882e+00 
 1.546041072875804e-07  1.195220265045881e+00 
 1.546241072875804e-07  1.195220265045882e+00 
 1.546441072875804e-07  1.195220265045882e+00 
 1.546641072875804e-07  1.195220265045882e+00 
 1.546841072875804e-07  1.195220265045881e+00 
 1.547041072875804e-07  1.195220265045882e+00 
 1.547241072875804e-07  1.195220265045882e+00 
 1.547441072875804e-07  1.195220265045882e+00 
 1.547641072875804e-07  1.195220265045881e+00 
 1.547841072875803e-07  1.195220265045882e+00 
 1.548041072875803e-07  1.195220265045882e+00 
 1.548241072875803e-07  1.195220265045882e+00 
 1.548441072875803e-07  1.195220265045881e+00 
 1.548641072875803e-07  1.195220265045882e+00 
 1.548841072875803e-07  1.195220265045882e+00 
 1.549041072875803e-07  1.195220265045882e+00 
 1.549241072875803e-07  1.195220265045881e+00 
 1.549441072875803e-07  1.195220265045882e+00 
 1.549641072875803e-07  1.195220265045882e+00 
 1.549841072875803e-07  1.195220265045882e+00 
 1.550041072875803e-07  1.195220265045881e+00 
 1.550241072875803e-07  1.195220265045882e+00 
 1.550441072875803e-07  1.195220265045882e+00 
 1.550641072875803e-07  1.195220265045882e+00 
 1.550841072875803e-07  1.195220265045881e+00 
 1.551041072875803e-07  1.195220265045882e+00 
 1.551241072875803e-07  1.195220265045882e+00 
 1.551441072875803e-07  1.195220265045882e+00 
 1.551641072875803e-07  1.195220265045881e+00 
 1.551841072875803e-07  1.195220265045882e+00 
 1.552041072875803e-07  1.195220265045882e+00 
 1.552241072875803e-07  1.195220265045882e+00 
 1.552441072875803e-07  1.195220265045881e+00 
 1.552641072875803e-07  1.195220265045882e+00 
 1.552841072875803e-07  1.195220265045882e+00 
 1.553041072875802e-07  1.195220265045882e+00 
 1.553241072875802e-07  1.195220265045881e+00 
 1.553441072875802e-07  1.195220265045882e+00 
 1.553641072875802e-07  1.195220265045882e+00 
 1.553841072875802e-07  1.195220265045882e+00 
 1.554041072875802e-07  1.195220265045881e+00 
 1.554241072875802e-07  1.195220265045882e+00 
 1.554441072875802e-07  1.195220265045882e+00 
 1.554641072875802e-07  1.195220265045882e+00 
 1.554841072875802e-07  1.195220265045881e+00 
 1.555041072875802e-07  1.195220265045882e+00 
 1.555241072875802e-07  1.195220265045882e+00 
 1.555441072875802e-07  1.195220265045882e+00 
 1.555641072875802e-07  1.195220265045881e+00 
 1.555841072875802e-07  1.195220265045882e+00 
 1.556041072875802e-07  1.195220265045882e+00 
 1.556241072875802e-07  1.195220265045882e+00 
 1.556441072875802e-07  1.195220265045881e+00 
 1.556641072875802e-07  1.195220265045882e+00 
 1.556841072875802e-07  1.195220265045882e+00 
 1.557041072875802e-07  1.195220265045882e+00 
 1.557241072875802e-07  1.195220265045881e+00 
 1.557441072875802e-07  1.195220265045882e+00 
 1.557641072875802e-07  1.195220265045882e+00 
 1.557841072875802e-07  1.195220265045882e+00 
 1.558041072875802e-07  1.195220265045881e+00 
 1.558241072875802e-07  1.195220265045882e+00 
 1.558441072875801e-07  1.195220265045882e+00 
 1.558641072875801e-07  1.195220265045882e+00 
 1.558841072875801e-07  1.195220265045881e+00 
 1.559041072875801e-07  1.195220265045882e+00 
 1.559241072875801e-07  1.195220265045882e+00 
 1.559441072875801e-07  1.195220265045882e+00 
 1.559641072875801e-07  1.195220265045881e+00 
 1.559841072875801e-07  1.195220265045882e+00 
 1.560041072875801e-07  1.195220265045882e+00 
 1.560241072875801e-07  1.195220265045882e+00 
 1.560441072875801e-07  1.195220265045881e+00 
 1.560641072875801e-07  1.195220265045882e+00 
 1.560841072875801e-07  1.195220265045882e+00 
 1.561041072875801e-07  1.195220265045882e+00 
 1.561241072875801e-07  1.195220265045881e+00 
 1.561441072875801e-07  1.195220265045882e+00 
 1.561641072875801e-07  1.195220265045882e+00 
 1.561841072875801e-07  1.195220265045882e+00 
 1.562041072875801e-07  1.195220265045881e+00 
 1.562241072875801e-07  1.195220265045882e+00 
 1.562441072875801e-07  1.195220265045882e+00 
 1.562641072875801e-07  1.195220265045882e+00 
 1.562841072875801e-07  1.195220265045881e+00 
 1.563041072875801e-07  1.195220265045882e+00 
 1.563241072875801e-07  1.195220265045882e+00 
 1.563441072875801e-07  1.195220265045882e+00 
 1.563641072875800e-07  1.195220265045881e+00 
 1.563841072875800e-07  1.195220265045882e+00 
 1.564041072875800e-07  1.195220265045882e+00 
 1.564241072875800e-07  1.195220265045882e+00 
 1.564441072875800e-07  1.195220265045881e+00 
 1.564641072875800e-07  1.195220265045882e+00 
 1.564841072875800e-07  1.195220265045882e+00 
 1.565041072875800e-07  1.195220265045882e+00 
 1.565241072875800e-07  1.195220265045881e+00 
 1.565441072875800e-07  1.195220265045882e+00 
 1.565641072875800e-07  1.195220265045882e+00 
 1.565841072875800e-07  1.195220265045882e+00 
 1.566041072875800e-07  1.195220265045881e+00 
 1.566241072875800e-07  1.195220265045882e+00 
 1.566441072875800e-07  1.195220265045882e+00 
 1.566641072875800e-07  1.195220265045882e+00 
 1.566841072875800e-07  1.195220265045881e+00 
 1.567041072875800e-07  1.195220265045882e+00 
 1.567241072875800e-07  1.195220265045882e+00 
 1.567441072875800e-07  1.195220265045882e+00 
 1.567641072875800e-07  1.195220265045881e+00 
 1.567841072875800e-07  1.195220265045882e+00 
 1.568041072875800e-07  1.195220265045882e+00 
 1.568241072875800e-07  1.195220265045882e+00 
 1.568441072875800e-07  1.195220265045881e+00 
 1.568641072875800e-07  1.195220265045882e+00 
 1.568841072875799e-07  1.195220265045882e+00 
 1.569041072875799e-07  1.195220265045882e+00 
 1.569241072875799e-07  1.195220265045881e+00 
 1.569441072875799e-07  1.195220265045882e+00 
 1.569641072875799e-07  1.195220265045882e+00 
 1.569841072875799e-07  1.195220265045882e+00 
 1.570041072875799e-07  1.195220265045881e+00 
 1.570241072875799e-07  1.195220265045882e+00 
 1.570441072875799e-07  1.195220265045882e+00 
 1.570641072875799e-07  1.195220265045882e+00 
 1.570841072875799e-07  1.195220265045881e+00 
 1.571041072875799e-07  1.195220265045882e+00 
 1.571241072875799e-07  1.195220265045882e+00 
 1.571441072875799e-07  1.195220265045882e+00 
 1.571641072875799e-07  1.195220265045881e+00 
 1.571841072875799e-07  1.195220265045882e+00 
 1.572041072875799e-07  1.195220265045882e+00 
 1.572241072875799e-07  1.195220265045882e+00 
 1.572441072875799e-07  1.195220265045881e+00 
 1.572641072875799e-07  1.195220265045882e+00 
 1.572841072875799e-07  1.195220265045882e+00 
 1.573041072875799e-07  1.195220265045882e+00 
 1.573241072875799e-07  1.195220265045881e+00 
 1.573441072875799e-07  1.195220265045882e+00 
 1.573641072875799e-07  1.195220265045882e+00 
 1.573841072875799e-07  1.195220265045882e+00 
 1.574041072875799e-07  1.195220265045881e+00 
 1.574241072875798e-07  1.195220265045882e+00 
 1.574441072875798e-07  1.195220265045882e+00 
 1.574641072875798e-07  1.195220265045882e+00 
 1.574841072875798e-07  1.195220265045881e+00 
 1.575041072875798e-07  1.195220265045882e+00 
 1.575241072875798e-07  1.195220265045882e+00 
 1.575441072875798e-07  1.195220265045882e+00 
 1.575641072875798e-07  1.195220265045881e+00 
 1.575841072875798e-07  1.195220265045882e+00 
 1.576041072875798e-07  1.195220265045882e+00 
 1.576241072875798e-07  1.195220265045882e+00 
 1.576441072875798e-07  1.195220265045881e+00 
 1.576641072875798e-07  1.195220265045882e+00 
 1.576841072875798e-07  1.195220265045882e+00 
 1.577041072875798e-07  1.195220265045882e+00 
 1.577241072875798e-07  1.195220265045881e+00 
 1.577441072875798e-07  1.195220265045882e+00 
 1.577641072875798e-07  1.195220265045882e+00 
 1.577841072875798e-07  1.195220265045882e+00 
 1.578041072875798e-07  1.195220265045881e+00 
 1.578241072875798e-07  1.195220265045882e+00 
 1.578441072875798e-07  1.195220265045882e+00 
 1.578641072875798e-07  1.195220265045882e+00 
 1.578841072875798e-07  1.195220265045881e+00 
 1.579041072875798e-07  1.195220265045882e+00 
 1.579241072875798e-07  1.195220265045882e+00 
 1.579441072875797e-07  1.195220265045882e+00 
 1.579641072875797e-07  1.195220265045881e+00 
 1.579841072875797e-07  1.195220265045882e+00 
 1.580041072875797e-07  1.195220265045882e+00 
 1.580241072875797e-07  1.195220265045882e+00 
 1.580441072875797e-07  1.195220265045881e+00 
 1.580641072875797e-07  1.195220265045882e+00 
 1.580841072875797e-07  1.195220265045882e+00 
 1.581041072875797e-07  1.195220265045882e+00 
 1.581241072875797e-07  1.195220265045881e+00 
 1.581441072875797e-07  1.195220265045882e+00 
 1.581641072875797e-07  1.195220265045882e+00 
 1.581841072875797e-07  1.195220265045882e+00 
 1.582041072875797e-07  1.195220265045881e+00 
 1.582241072875797e-07  1.195220265045882e+00 
 1.582441072875797e-07  1.195220265045882e+00 
 1.582641072875797e-07  1.195220265045882e+00 
 1.582841072875797e-07  1.195220265045881e+00 
 1.583041072875797e-07  1.195220265045882e+00 
 1.583241072875797e-07  1.195220265045882e+00 
 1.583441072875797e-07  1.195220265045882e+00 
 1.583641072875797e-07  1.195220265045881e+00 
 1.583841072875797e-07  1.195220265045882e+00 
 1.584041072875797e-07  1.195220265045882e+00 
 1.584241072875797e-07  1.195220265045882e+00 
 1.584441072875797e-07  1.195220265045881e+00 
 1.584641072875796e-07  1.195220265045882e+00 
 1.584841072875796e-07  1.195220265045882e+00 
 1.585041072875796e-07  1.195220265045882e+00 
 1.585241072875796e-07  1.195220265045881e+00 
 1.585441072875796e-07  1.195220265045882e+00 
 1.585641072875796e-07  1.195220265045882e+00 
 1.585841072875796e-07  1.195220265045882e+00 
 1.586041072875796e-07  1.195220265045881e+00 
 1.586241072875796e-07  1.195220265045882e+00 
 1.586441072875796e-07  1.195220265045882e+00 
 1.586641072875796e-07  1.195220265045882e+00 
 1.586841072875796e-07  1.195220265045881e+00 
 1.587041072875796e-07  1.195220265045882e+00 
 1.587241072875796e-07  1.195220265045882e+00 
 1.587441072875796e-07  1.195220265045882e+00 
 1.587641072875796e-07  1.195220265045881e+00 
 1.587841072875796e-07  1.195220265045882e+00 
 1.588041072875796e-07  1.195220265045882e+00 
 1.588241072875796e-07  1.195220265045882e+00 
 1.588441072875796e-07  1.195220265045881e+00 
 1.588641072875796e-07  1.195220265045882e+00 
 1.588841072875796e-07  1.195220265045882e+00 
 1.589041072875796e-07  1.195220265045882e+00 
 1.589241072875796e-07  1.195220265045881e+00 
 1.589441072875796e-07  1.195220265045882e+00 
 1.589641072875796e-07  1.195220265045882e+00 
 1.589841072875796e-07  1.195220265045882e+00 
 1.590041072875795e-07  1.195220265045881e+00 
 1.590241072875795e-07  1.195220265045882e+00 
 1.590441072875795e-07  1.195220265045882e+00 
 1.590641072875795e-07  1.195220265045882e+00 
 1.590841072875795e-07  1.195220265045881e+00 
 1.591041072875795e-07  1.195220265045882e+00 
 1.591241072875795e-07  1.195220265045882e+00 
 1.591441072875795e-07  1.195220265045882e+00 
 1.591641072875795e-07  1.195220265045881e+00 
 1.591841072875795e-07  1.195220265045882e+00 
 1.592041072875795e-07  1.195220265045882e+00 
 1.592241072875795e-07  1.195220265045882e+00 
 1.592441072875795e-07  1.195220265045881e+00 
 1.592641072875795e-07  1.195220265045882e+00 
 1.592841072875795e-07  1.195220265045882e+00 
 1.593041072875795e-07  1.195220265045882e+00 
 1.593241072875795e-07  1.195220265045881e+00 
 1.593441072875795e-07  1.195220265045882e+00 
 1.593641072875795e-07  1.195220265045882e+00 
 1.593841072875795e-07  1.195220265045882e+00 
 1.594041072875795e-07  1.195220265045881e+00 
 1.594241072875795e-07  1.195220265045882e+00 
 1.594441072875795e-07  1.195220265045882e+00 
 1.594641072875795e-07  1.195220265045882e+00 
 1.594841072875795e-07  1.195220265045881e+00 
 1.595041072875795e-07  1.195220265045882e+00 
 1.595241072875794e-07  1.195220265045882e+00 
 1.595441072875794e-07  1.195220265045882e+00 
 1.595641072875794e-07  1.195220265045881e+00 
 1.595841072875794e-07  1.195220265045882e+00 
 1.596041072875794e-07  1.195220265045882e+00 
 1.596241072875794e-07  1.195220265045882e+00 
 1.596441072875794e-07  1.195220265045881e+00 
 1.596641072875794e-07  1.195220265045882e+00 
 1.596841072875794e-07  1.195220265045882e+00 
 1.597041072875794e-07  1.195220265045882e+00 
 1.597241072875794e-07  1.195220265045881e+00 
 1.597441072875794e-07  1.195220265045882e+00 
 1.597641072875794e-07  1.195220265045882e+00 
 1.597841072875794e-07  1.195220265045882e+00 
 1.598041072875794e-07  1.195220265045881e+00 
 1.598241072875794e-07  1.195220265045882e+00 
 1.598441072875794e-07  1.195220265045882e+00 
 1.598641072875794e-07  1.195220265045882e+00 
 1.598841072875794e-07  1.195220265045881e+00 
 1.599041072875794e-07  1.195220265045882e+00 
 1.599241072875794e-07  1.195220265045882e+00 
 1.599441072875794e-07  1.195220265045882e+00 
 1.599641072875794e-07  1.195220265045881e+00 
 1.599841072875794e-07  1.195220265045882e+00 
 1.600041072875794e-07  1.195220265045882e+00 
 1.600241072875794e-07  1.195220265045882e+00 
 1.600441072875794e-07  1.195220265045881e+00 
 1.600641072875793e-07  1.195220265045882e+00 
 1.600841072875793e-07  1.195220265045882e+00 
 1.601041072875793e-07  1.195220265045882e+00 
 1.601241072875793e-07  1.195220265045881e+00 
 1.601441072875793e-07  1.195220265045882e+00 
 1.601641072875793e-07  1.195220265045882e+00 
 1.601841072875793e-07  1.195220265045882e+00 
 1.602041072875793e-07  1.195220265045881e+00 
 1.602241072875793e-07  1.195220265045882e+00 
 1.602441072875793e-07  1.195220265045882e+00 
 1.602641072875793e-07  1.195220265045882e+00 
 1.602841072875793e-07  1.195220265045881e+00 
 1.603041072875793e-07  1.195220265045882e+00 
 1.603241072875793e-07  1.195220265045882e+00 
 1.603441072875793e-07  1.195220265045882e+00 
 1.603641072875793e-07  1.195220265045881e+00 
 1.603841072875793e-07  1.195220265045882e+00 
 1.604041072875793e-07  1.195220265045882e+00 
 1.604241072875793e-07  1.195220265045882e+00 
 1.604441072875793e-07  1.195220265045881e+00 
 1.604641072875793e-07  1.195220265045882e+00 
 1.604841072875793e-07  1.195220265045882e+00 
 1.605041072875793e-07  1.195220265045882e+00 
 1.605241072875793e-07  1.195220265045881e+00 
 1.605441072875793e-07  1.195220265045882e+00 
 1.605641072875793e-07  1.195220265045882e+00 
 1.605841072875792e-07  1.195220265045882e+00 
 1.606041072875792e-07  1.195220265045881e+00 
 1.606241072875792e-07  1.195220265045882e+00 
 1.606441072875792e-07  1.195220265045882e+00 
 1.606641072875792e-07  1.195220265045882e+00 
 1.606841072875792e-07  1.195220265045881e+00 
 1.607041072875792e-07  1.195220265045882e+00 
 1.607241072875792e-07  1.195220265045882e+00 
 1.607441072875792e-07  1.195220265045882e+00 
 1.607641072875792e-07  1.195220265045881e+00 
 1.607841072875792e-07  1.195220265045882e+00 
 1.608041072875792e-07  1.195220265045882e+00 
 1.608241072875792e-07  1.195220265045882e+00 
 1.608441072875792e-07  1.195220265045881e+00 
 1.608641072875792e-07  1.195220265045882e+00 
 1.608841072875792e-07  1.195220265045882e+00 
 1.609041072875792e-07  1.195220265045882e+00 
 1.609241072875792e-07  1.195220265045881e+00 
 1.609441072875792e-07  1.195220265045882e+00 
 1.609641072875792e-07  1.195220265045882e+00 
 1.609841072875792e-07  1.195220265045882e+00 
 1.610041072875792e-07  1.195220265045881e+00 
 1.610241072875792e-07  1.195220265045882e+00 
 1.610441072875792e-07  1.195220265045882e+00 
 1.610641072875792e-07  1.195220265045882e+00 
 1.610841072875792e-07  1.195220265045881e+00 
 1.611041072875791e-07  1.195220265045882e+00 
 1.611241072875791e-07  1.195220265045882e+00 
 1.611441072875791e-07  1.195220265045882e+00 
 1.611641072875791e-07  1.195220265045881e+00 
 1.611841072875791e-07  1.195220265045882e+00 
 1.612041072875791e-07  1.195220265045882e+00 
 1.612241072875791e-07  1.195220265045882e+00 
 1.612441072875791e-07  1.195220265045881e+00 
 1.612641072875791e-07  1.195220265045882e+00 
 1.612841072875791e-07  1.195220265045882e+00 
 1.613041072875791e-07  1.195220265045882e+00 
 1.613241072875791e-07  1.195220265045881e+00 
 1.613441072875791e-07  1.195220265045882e+00 
 1.613641072875791e-07  1.195220265045882e+00 
 1.613841072875791e-07  1.195220265045882e+00 
 1.614041072875791e-07  1.195220265045881e+00 
 1.614241072875791e-07  1.195220265045882e+00 
 1.614441072875791e-07  1.195220265045882e+00 
 1.614641072875791e-07  1.195220265045882e+00 
 1.614841072875791e-07  1.195220265045881e+00 
 1.615041072875791e-07  1.195220265045882e+00 
 1.615241072875791e-07  1.195220265045882e+00 
 1.615441072875791e-07  1.195220265045882e+00 
 1.615641072875791e-07  1.195220265045881e+00 
 1.615841072875791e-07  1.195220265045882e+00 
 1.616041072875791e-07  1.195220265045882e+00 
 1.616241072875791e-07  1.195220265045882e+00 
 1.616441072875790e-07  1.195220265045881e+00 
 1.616641072875790e-07  1.195220265045882e+00 
 1.616841072875790e-07  1.195220265045882e+00 
 1.617041072875790e-07  1.195220265045882e+00 
 1.617241072875790e-07  1.195220265045881e+00 
 1.617441072875790e-07  1.195220265045882e+00 
 1.617641072875790e-07  1.195220265045882e+00 
 1.617841072875790e-07  1.195220265045882e+00 
 1.618041072875790e-07  1.195220265045881e+00 
 1.618241072875790e-07  1.195220265045882e+00 
 1.618441072875790e-07  1.195220265045882e+00 
 1.618641072875790e-07  1.195220265045882e+00 
 1.618841072875790e-07  1.195220265045881e+00 
 1.619041072875790e-07  1.195220265045882e+00 
 1.619241072875790e-07  1.195220265045882e+00 
 1.619441072875790e-07  1.195220265045882e+00 
 1.619641072875790e-07  1.195220265045881e+00 
 1.619841072875790e-07  1.195220265045882e+00 
 1.620041072875790e-07  1.195220265045882e+00 
 1.620241072875790e-07  1.195220265045882e+00 
 1.620441072875790e-07  1.195220265045881e+00 
 1.620641072875790e-07  1.195220265045882e+00 
 1.620841072875790e-07  1.195220265045882e+00 
 1.621041072875790e-07  1.195220265045882e+00 
 1.621241072875790e-07  1.195220265045881e+00 
 1.621441072875790e-07  1.195220265045882e+00 
 1.621641072875789e-07  1.195220265045882e+00 
 1.621841072875789e-07  1.195220265045882e+00 
 1.622041072875789e-07  1.195220265045881e+00 
 1.622241072875789e-07  1.195220265045882e+00 
 1.622441072875789e-07  1.195220265045882e+00 
 1.622641072875789e-07  1.195220265045882e+00 
 1.622841072875789e-07  1.195220265045881e+00 
 1.623041072875789e-07  1.195220265045882e+00 
 1.623241072875789e-07  1.195220265045882e+00 
 1.623441072875789e-07  1.195220265045882e+00 
 1.623641072875789e-07  1.195220265045881e+00 
 1.623841072875789e-07  1.195220265045882e+00 
 1.624041072875789e-07  1.195220265045882e+00 
 1.624241072875789e-07  1.195220265045882e+00 
 1.624441072875789e-07  1.195220265045881e+00 
 1.624641072875789e-07  1.195220265045882e+00 
 1.624841072875789e-07  1.195220265045882e+00 
 1.625041072875789e-07  1.195220265045882e+00 
 1.625241072875789e-07  1.195220265045881e+00 
 1.625441072875789e-07  1.195220265045882e+00 
 1.625641072875789e-07  1.195220265045882e+00 
 1.625841072875789e-07  1.195220265045882e+00 
 1.626041072875789e-07  1.195220265045881e+00 
 1.626241072875789e-07  1.195220265045882e+00 
 1.626441072875789e-07  1.195220265045882e+00 
 1.626641072875789e-07  1.195220265045882e+00 
 1.626841072875788e-07  1.195220265045881e+00 
 1.627041072875788e-07  1.195220265045882e+00 
 1.627241072875788e-07  1.195220265045882e+00 
 1.627441072875788e-07  1.195220265045882e+00 
 1.627641072875788e-07  1.195220265045881e+00 
 1.627841072875788e-07  1.195220265045882e+00 
 1.628041072875788e-07  1.195220265045882e+00 
 1.628241072875788e-07  1.195220265045882e+00 
 1.628441072875788e-07  1.195220265045881e+00 
 1.628641072875788e-07  1.195220265045882e+00 
 1.628841072875788e-07  1.195220265045882e+00 
 1.629041072875788e-07  1.195220265045882e+00 
 1.629241072875788e-07  1.195220265045881e+00 
 1.629441072875788e-07  1.195220265045882e+00 
 1.629641072875788e-07  1.195220265045882e+00 
 1.629841072875788e-07  1.195220265045882e+00 
 1.630041072875788e-07  1.195220265045881e+00 
 1.630241072875788e-07  1.195220265045882e+00 
 1.630441072875788e-07  1.195220265045882e+00 
 1.630641072875788e-07  1.195220265045882e+00 
 1.630841072875788e-07  1.195220265045881e+00 
 1.631041072875788e-07  1.195220265045882e+00 
 1.631241072875788e-07  1.195220265045882e+00 
 1.631441072875788e-07  1.195220265045882e+00 
 1.631641072875788e-07  1.195220265045881e+00 
 1.631841072875788e-07  1.195220265045882e+00 
 1.632041072875788e-07  1.195220265045882e+00 
 1.632241072875787e-07  1.195220265045882e+00 
 1.632441072875787e-07  1.195220265045881e+00 
 1.632641072875787e-07  1.195220265045882e+00 
 1.632841072875787e-07  1.195220265045882e+00 
 1.633041072875787e-07  1.195220265045882e+00 
 1.633241072875787e-07  1.195220265045881e+00 
 1.633441072875787e-07  1.195220265045882e+00 
 1.633641072875787e-07  1.195220265045882e+00 
 1.633841072875787e-07  1.195220265045882e+00 
 1.634041072875787e-07  1.195220265045881e+00 
 1.634241072875787e-07  1.195220265045882e+00 
 1.634441072875787e-07  1.195220265045882e+00 
 1.634641072875787e-07  1.195220265045882e+00 
 1.634841072875787e-07  1.195220265045881e+00 
 1.635041072875787e-07  1.195220265045882e+00 
 1.635241072875787e-07  1.195220265045882e+00 
 1.635441072875787e-07  1.195220265045882e+00 
 1.635641072875787e-07  1.195220265045881e+00 
 1.635841072875787e-07  1.195220265045882e+00 
 1.636041072875787e-07  1.195220265045882e+00 
 1.636241072875787e-07  1.195220265045882e+00 
 1.636441072875787e-07  1.195220265045881e+00 
 1.636641072875787e-07  1.195220265045882e+00 
 1.636841072875787e-07  1.195220265045882e+00 
 1.637041072875787e-07  1.195220265045882e+00 
 1.637241072875787e-07  1.195220265045881e+00 
 1.637441072875786e-07  1.195220265045882e+00 
 1.637641072875786e-07  1.195220265045882e+00 
 1.637841072875786e-07  1.195220265045882e+00 
 1.638041072875786e-07  1.195220265045881e+00 
 1.638241072875786e-07  1.195220265045882e+00 
 1.638441072875786e-07  1.195220265045882e+00 
 1.638641072875786e-07  1.195220265045882e+00 
 1.638841072875786e-07  1.195220265045881e+00 
 1.639041072875786e-07  1.195220265045882e+00 
 1.639241072875786e-07  1.195220265045882e+00 
 1.639441072875786e-07  1.195220265045882e+00 
 1.639641072875786e-07  1.195220265045881e+00 
 1.639841072875786e-07  1.195220265045882e+00 
 1.640041072875786e-07  1.195220265045882e+00 
 1.640241072875786e-07  1.195220265045882e+00 
 1.640441072875786e-07  1.195220265045881e+00 
 1.640641072875786e-07  1.195220265045882e+00 
 1.640841072875786e-07  1.195220265045882e+00 
 1.641041072875786e-07  1.195220265045882e+00 
 1.641241072875786e-07  1.195220265045881e+00 
 1.641441072875786e-07  1.195220265045882e+00 
 1.641641072875786e-07  1.195220265045882e+00 
 1.641841072875786e-07  1.195220265045882e+00 
 1.642041072875786e-07  1.195220265045881e+00 
 1.642241072875786e-07  1.195220265045882e+00 
 1.642441072875786e-07  1.195220265045882e+00 
 1.642641072875786e-07  1.195220265045882e+00 
 1.642841072875785e-07  1.195220265045881e+00 
 1.643041072875785e-07  1.195220265045882e+00 
 1.643241072875785e-07  1.195220265045882e+00 
 1.643441072875785e-07  1.195220265045882e+00 
 1.643641072875785e-07  1.195220265045881e+00 
 1.643841072875785e-07  1.195220265045882e+00 
 1.644041072875785e-07  1.195220265045882e+00 
 1.644241072875785e-07  1.195220265045882e+00 
 1.644441072875785e-07  1.195220265045881e+00 
 1.644641072875785e-07  1.195220265045882e+00 
 1.644841072875785e-07  1.195220265045882e+00 
 1.645041072875785e-07  1.195220265045882e+00 
 1.645241072875785e-07  1.195220265045881e+00 
 1.645441072875785e-07  1.195220265045882e+00 
 1.645641072875785e-07  1.195220265045882e+00 
 1.645841072875785e-07  1.195220265045882e+00 
 1.646041072875785e-07  1.195220265045881e+00 
 1.646241072875785e-07  1.195220265045882e+00 
 1.646441072875785e-07  1.195220265045882e+00 
 1.646641072875785e-07  1.195220265045882e+00 
 1.646841072875785e-07  1.195220265045881e+00 
 1.647041072875785e-07  1.195220265045882e+00 
 1.647241072875785e-07  1.195220265045882e+00 
 1.647441072875785e-07  1.195220265045882e+00 
 1.647641072875785e-07  1.195220265045881e+00 
 1.647841072875785e-07  1.195220265045882e+00 
 1.648041072875784e-07  1.195220265045882e+00 
 1.648241072875784e-07  1.195220265045882e+00 
 1.648441072875784e-07  1.195220265045881e+00 
 1.648641072875784e-07  1.195220265045882e+00 
 1.648841072875784e-07  1.195220265045882e+00 
 1.649041072875784e-07  1.195220265045882e+00 
 1.649241072875784e-07  1.195220265045881e+00 
 1.649441072875784e-07  1.195220265045882e+00 
 1.649641072875784e-07  1.195220265045882e+00 
 1.649841072875784e-07  1.195220265045882e+00 
 1.650041072875784e-07  1.195220265045881e+00 
 1.650241072875784e-07  1.195220265045882e+00 
 1.650441072875784e-07  1.195220265045882e+00 
 1.650641072875784e-07  1.195220265045882e+00 
 1.650841072875784e-07  1.195220265045881e+00 
 1.651041072875784e-07  1.195220265045882e+00 
 1.651241072875784e-07  1.195220265045882e+00 
 1.651441072875784e-07  1.195220265045882e+00 
 1.651641072875784e-07  1.195220265045881e+00 
 1.651841072875784e-07  1.195220265045882e+00 
 1.652041072875784e-07  1.195220265045882e+00 
 1.652241072875784e-07  1.195220265045882e+00 
 1.652441072875784e-07  1.195220265045881e+00 
 1.652641072875784e-07  1.195220265045882e+00 
 1.652841072875784e-07  1.195220265045882e+00 
 1.653041072875784e-07  1.195220265045882e+00 
 1.653241072875783e-07  1.195220265045881e+00 
 1.653441072875783e-07  1.195220265045882e+00 
 1.653641072875783e-07  1.195220265045882e+00 
 1.653841072875783e-07  1.195220265045882e+00 
 1.654041072875783e-07  1.195220265045881e+00 
 1.654241072875783e-07  1.195220265045882e+00 
 1.654441072875783e-07  1.195220265045882e+00 
 1.654641072875783e-07  1.195220265045882e+00 
 1.654841072875783e-07  1.195220265045881e+00 
 1.655041072875783e-07  1.195220265045882e+00 
 1.655241072875783e-07  1.195220265045882e+00 
 1.655441072875783e-07  1.195220265045882e+00 
 1.655641072875783e-07  1.195220265045881e+00 
 1.655841072875783e-07  1.195220265045882e+00 
 1.656041072875783e-07  1.195220265045882e+00 
 1.656241072875783e-07  1.195220265045882e+00 
 1.656441072875783e-07  1.195220265045881e+00 
 1.656641072875783e-07  1.195220265045882e+00 
 1.656841072875783e-07  1.195220265045882e+00 
 1.657041072875783e-07  1.195220265045882e+00 
 1.657241072875783e-07  1.195220265045881e+00 
 1.657441072875783e-07  1.195220265045882e+00 
 1.657641072875783e-07  1.195220265045882e+00 
 1.657841072875783e-07  1.195220265045882e+00 
 1.658041072875783e-07  1.195220265045881e+00 
 1.658241072875783e-07  1.195220265045882e+00 
 1.658441072875783e-07  1.195220265045882e+00 
 1.658641072875782e-07  1.195220265045882e+00 
 1.658841072875782e-07  1.195220265045881e+00 
 1.659041072875782e-07  1.195220265045882e+00 
 1.659241072875782e-07  1.195220265045882e+00 
 1.659441072875782e-07  1.195220265045882e+00 
 1.659641072875782e-07  1.195220265045881e+00 
 1.659841072875782e-07  1.195220265045882e+00 
 1.660041072875782e-07  1.195220265045882e+00 
 1.660241072875782e-07  1.195220265045882e+00 
 1.660441072875782e-07  1.195220265045881e+00 
 1.660641072875782e-07  1.195220265045882e+00 
 1.660841072875782e-07  1.195220265045882e+00 
 1.661041072875782e-07  1.195220265045882e+00 
 1.661241072875782e-07  1.195220265045881e+00 
 1.661441072875782e-07  1.195220265045882e+00 
 1.661641072875782e-07  1.195220265045882e+00 
 1.661841072875782e-07  1.195220265045882e+00 
 1.662041072875782e-07  1.195220265045881e+00 
 1.662241072875782e-07  1.195220265045882e+00 
 1.662441072875782e-07  1.195220265045882e+00 
 1.662641072875782e-07  1.195220265045882e+00 
 1.662841072875782e-07  1.195220265045881e+00 
 1.663041072875782e-07  1.195220265045882e+00 
 1.663241072875782e-07  1.195220265045882e+00 
 1.663441072875782e-07  1.195220265045882e+00 
 1.663641072875782e-07  1.195220265045881e+00 
 1.663841072875781e-07  1.195220265045882e+00 
 1.664041072875781e-07  1.195220265045882e+00 
 1.664241072875781e-07  1.195220265045882e+00 
 1.664441072875781e-07  1.195220265045881e+00 
 1.664641072875781e-07  1.195220265045882e+00 
 1.664841072875781e-07  1.195220265045882e+00 
 1.665041072875781e-07  1.195220265045882e+00 
 1.665241072875781e-07  1.195220265045881e+00 
 1.665441072875781e-07  1.195220265045882e+00 
 1.665641072875781e-07  1.195220265045882e+00 
 1.665841072875781e-07  1.195220265045882e+00 
 1.666041072875781e-07  1.195220265045881e+00 
 1.666241072875781e-07  1.195220265045882e+00 
 1.666441072875781e-07  1.195220265045882e+00 
 1.666641072875781e-07  1.195220265045882e+00 
 1.666841072875781e-07  1.195220265045881e+00 
 1.667041072875781e-07  1.195220265045882e+00 
 1.667241072875781e-07  1.195220265045882e+00 
 1.667441072875781e-07  1.195220265045882e+00 
 1.667641072875781e-07  1.195220265045881e+00 
 1.667841072875781e-07  1.195220265045882e+00 
 1.668041072875781e-07  1.195220265045882e+00 
 1.668241072875781e-07  1.195220265045882e+00 
 1.668441072875781e-07  1.195220265045881e+00 
 1.668641072875781e-07  1.195220265045882e+00 
 1.668841072875781e-07  1.195220265045882e+00 
 1.669041072875780e-07  1.195220265045882e+00 
 1.669241072875780e-07  1.195220265045881e+00 
 1.669441072875780e-07  1.195220265045882e+00 
 1.669641072875780e-07  1.195220265045882e+00 
 1.669841072875780e-07  1.195220265045882e+00 
 1.670041072875780e-07  1.195220265045881e+00 
 1.670241072875780e-07  1.195220265045882e+00 
 1.670441072875780e-07  1.195220265045882e+00 
 1.670641072875780e-07  1.195220265045882e+00 
 1.670841072875780e-07  1.195220265045881e+00 
 1.671041072875780e-07  1.195220265045882e+00 
 1.671241072875780e-07  1.195220265045882e+00 
 1.671441072875780e-07  1.195220265045882e+00 
 1.671641072875780e-07  1.195220265045881e+00 
 1.671841072875780e-07  1.195220265045882e+00 
 1.672041072875780e-07  1.195220265045882e+00 
 1.672241072875780e-07  1.195220265045882e+00 
 1.672441072875780e-07  1.195220265045881e+00 
 1.672641072875780e-07  1.195220265045882e+00 
 1.672841072875780e-07  1.195220265045882e+00 
 1.673041072875780e-07  1.195220265045882e+00 
 1.673241072875780e-07  1.195220265045881e+00 
 1.673441072875780e-07  1.195220265045882e+00 
 1.673641072875780e-07  1.195220265045882e+00 
 1.673841072875780e-07  1.195220265045882e+00 
 1.674041072875780e-07  1.195220265045881e+00 
 1.674241072875780e-07  1.195220265045882e+00 
 1.674441072875779e-07  1.195220265045882e+00 
 1.674641072875779e-07  1.195220265045882e+00 
 1.674841072875779e-07  1.195220265045881e+00 
 1.675041072875779e-07  1.195220265045882e+00 
 1.675241072875779e-07  1.195220265045882e+00 
 1.675441072875779e-07  1.195220265045882e+00 
 1.675641072875779e-07  1.195220265045881e+00 
 1.675841072875779e-07  1.195220265045882e+00 
 1.676041072875779e-07  1.195220265045882e+00 
 1.676241072875779e-07  1.195220265045882e+00 
 1.676441072875779e-07  1.195220265045881e+00 
 1.676641072875779e-07  1.195220265045882e+00 
 1.676841072875779e-07  1.195220265045882e+00 
 1.677041072875779e-07  1.195220265045882e+00 
 1.677241072875779e-07  1.195220265045881e+00 
 1.677441072875779e-07  1.195220265045882e+00 
 1.677641072875779e-07  1.195220265045882e+00 
 1.677841072875779e-07  1.195220265045882e+00 
 1.678041072875779e-07  1.195220265045881e+00 
 1.678241072875779e-07  1.195220265045882e+00 
 1.678441072875779e-07  1.195220265045882e+00 
 1.678641072875779e-07  1.195220265045882e+00 
 1.678841072875779e-07  1.195220265045881e+00 
 1.679041072875779e-07  1.195220265045882e+00 
 1.679241072875779e-07  1.195220265045882e+00 
 1.679441072875779e-07  1.195220265045882e+00 
 1.679641072875778e-07  1.195220265045881e+00 
 1.679841072875778e-07  1.195220265045882e+00 
 1.680041072875778e-07  1.195220265045882e+00 
 1.680241072875778e-07  1.195220265045882e+00 
 1.680441072875778e-07  1.195220265045881e+00 
 1.680641072875778e-07  1.195220265045882e+00 
 1.680841072875778e-07  1.195220265045882e+00 
 1.681041072875778e-07  1.195220265045882e+00 
 1.681241072875778e-07  1.195220265045881e+00 
 1.681441072875778e-07  1.195220265045882e+00 
 1.681641072875778e-07  1.195220265045882e+00 
 1.681841072875778e-07  1.195220265045882e+00 
 1.682041072875778e-07  1.195220265045881e+00 
 1.682241072875778e-07  1.195220265045882e+00 
 1.682441072875778e-07  1.195220265045882e+00 
 1.682641072875778e-07  1.195220265045882e+00 
 1.682841072875778e-07  1.195220265045881e+00 
 1.683041072875778e-07  1.195220265045882e+00 
 1.683241072875778e-07  1.195220265045882e+00 
 1.683441072875778e-07  1.195220265045882e+00 
 1.683641072875778e-07  1.195220265045881e+00 
 1.683841072875778e-07  1.195220265045882e+00 
 1.684041072875778e-07  1.195220265045882e+00 
 1.684241072875778e-07  1.195220265045882e+00 
 1.684441072875778e-07  1.195220265045881e+00 
 1.684641072875778e-07  1.195220265045882e+00 
 1.684841072875778e-07  1.195220265045882e+00 
 1.685041072875777e-07  1.195220265045882e+00 
 1.685241072875777e-07  1.195220265045881e+00 
 1.685441072875777e-07  1.195220265045882e+00 
 1.685641072875777e-07  1.195220265045882e+00 
 1.685841072875777e-07  1.195220265045882e+00 
 1.686041072875777e-07  1.195220265045881e+00 
 1.686241072875777e-07  1.195220265045882e+00 
 1.686441072875777e-07  1.195220265045882e+00 
 1.686641072875777e-07  1.195220265045882e+00 
 1.686841072875777e-07  1.195220265045881e+00 
 1.687041072875777e-07  1.195220265045882e+00 
 1.687241072875777e-07  1.195220265045882e+00 
 1.687441072875777e-07  1.195220265045882e+00 
 1.687641072875777e-07  1.195220265045881e+00 
 1.687841072875777e-07  1.195220265045882e+00 
 1.688041072875777e-07  1.195220265045882e+00 
 1.688241072875777e-07  1.195220265045882e+00 
 1.688441072875777e-07  1.195220265045881e+00 
 1.688641072875777e-07  1.195220265045882e+00 
 1.688841072875777e-07  1.195220265045882e+00 
 1.689041072875777e-07  1.195220265045882e+00 
 1.689241072875777e-07  1.195220265045881e+00 
 1.689441072875777e-07  1.195220265045882e+00 
 1.689641072875777e-07  1.195220265045882e+00 
 1.689841072875777e-07  1.195220265045882e+00 
 1.690041072875777e-07  1.195220265045881e+00 
 1.690241072875776e-07  1.195220265045882e+00 
 1.690441072875776e-07  1.195220265045882e+00 
 1.690641072875776e-07  1.195220265045882e+00 
 1.690841072875776e-07  1.195220265045881e+00 
 1.691041072875776e-07  1.195220265045882e+00 
 1.691241072875776e-07  1.195220265045882e+00 
 1.691441072875776e-07  1.195220265045882e+00 
 1.691641072875776e-07  1.195220265045881e+00 
 1.691841072875776e-07  1.195220265045882e+00 
 1.692041072875776e-07  1.195220265045882e+00 
 1.692241072875776e-07  1.195220265045882e+00 
 1.692441072875776e-07  1.195220265045881e+00 
 1.692641072875776e-07  1.195220265045882e+00 
 1.692841072875776e-07  1.195220265045882e+00 
 1.693041072875776e-07  1.195220265045882e+00 
 1.693241072875776e-07  1.195220265045881e+00 
 1.693441072875776e-07  1.195220265045882e+00 
 1.693641072875776e-07  1.195220265045882e+00 
 1.693841072875776e-07  1.195220265045882e+00 
 1.694041072875776e-07  1.195220265045881e+00 
 1.694241072875776e-07  1.195220265045882e+00 
 1.694441072875776e-07  1.195220265045882e+00 
 1.694641072875776e-07  1.195220265045882e+00 
 1.694841072875776e-07  1.195220265045881e+00 
 1.695041072875776e-07  1.195220265045882e+00 
 1.695241072875776e-07  1.195220265045882e+00 
 1.695441072875775e-07  1.195220265045882e+00 
 1.695641072875775e-07  1.195220265045881e+00 
 1.695841072875775e-07  1.195220265045882e+00 
 1.696041072875775e-07  1.195220265045882e+00 
 1.696241072875775e-07  1.195220265045882e+00 
 1.696441072875775e-07  1.195220265045881e+00 
 1.696641072875775e-07  1.195220265045882e+00 
 1.696841072875775e-07  1.195220265045882e+00 
 1.697041072875775e-07  1.195220265045882e+00 
 1.697241072875775e-07  1.195220265045881e+00 
 1.697441072875775e-07  1.195220265045882e+00 
 1.697641072875775e-07  1.195220265045882e+00 
 1.697841072875775e-07  1.195220265045882e+00 
 1.698041072875775e-07  1.195220265045881e+00 
 1.698241072875775e-07  1.195220265045882e+00 
 1.698441072875775e-07  1.195220265045882e+00 
 1.698641072875775e-07  1.195220265045882e+00 
 1.698841072875775e-07  1.195220265045881e+00 
 1.699041072875775e-07  1.195220265045882e+00 
 1.699241072875775e-07  1.195220265045882e+00 
 1.699441072875775e-07  1.195220265045882e+00 
 1.699641072875775e-07  1.195220265045881e+00 
 1.699841072875775e-07  1.195220265045882e+00 
 1.700041072875775e-07  1.195220265045882e+00 
 1.700241072875775e-07  1.195220265045882e+00 
 1.700441072875775e-07  1.195220265045881e+00 
 1.700641072875775e-07  1.195220265045882e+00 
 1.700841072875774e-07  1.195220265045882e+00 
 1.701041072875774e-07  1.195220265045882e+00 
 1.701241072875774e-07  1.195220265045881e+00 
 1.701441072875774e-07  1.195220265045882e+00 
 1.701641072875774e-07  1.195220265045882e+00 
 1.701841072875774e-07  1.195220265045882e+00 
 1.702041072875774e-07  1.195220265045881e+00 
 1.702241072875774e-07  1.195220265045882e+00 
 1.702441072875774e-07  1.195220265045882e+00 
 1.702641072875774e-07  1.195220265045882e+00 
 1.702841072875774e-07  1.195220265045881e+00 
 1.703041072875774e-07  1.195220265045882e+00 
 1.703241072875774e-07  1.195220265045882e+00 
 1.703441072875774e-07  1.195220265045882e+00 
 1.703641072875774e-07  1.195220265045881e+00 
 1.703841072875774e-07  1.195220265045882e+00 
 1.704041072875774e-07  1.195220265045882e+00 
 1.704241072875774e-07  1.195220265045882e+00 
 1.704441072875774e-07  1.195220265045881e+00 
 1.704641072875774e-07  1.195220265045882e+00 
 1.704841072875774e-07  1.195220265045882e+00 
 1.705041072875774e-07  1.195220265045882e+00 
 1.705241072875774e-07  1.195220265045881e+00 
 1.705441072875774e-07  1.195220265045882e+00 
 1.705641072875774e-07  1.195220265045882e+00 
 1.705841072875774e-07  1.195220265045882e+00 
 1.706041072875773e-07  1.195220265045881e+00 
 1.706241072875773e-07  1.195220265045882e+00 
 1.706441072875773e-07  1.195220265045882e+00 
 1.706641072875773e-07  1.195220265045882e+00 
 1.706841072875773e-07  1.195220265045881e+00 
 1.707041072875773e-07  1.195220265045882e+00 
 1.707241072875773e-07  1.195220265045882e+00 
 1.707441072875773e-07  1.195220265045882e+00 
 1.707641072875773e-07  1.195220265045881e+00 
 1.707841072875773e-07  1.195220265045882e+00 
 1.708041072875773e-07  1.195220265045882e+00 
 1.708241072875773e-07  1.195220265045882e+00 
 1.708441072875773e-07  1.195220265045881e+00 
 1.708641072875773e-07  1.195220265045882e+00 
 1.708841072875773e-07  1.195220265045882e+00 
 1.709041072875773e-07  1.195220265045882e+00 
 1.709241072875773e-07  1.195220265045881e+00 
 1.709441072875773e-07  1.195220265045882e+00 
 1.709641072875773e-07  1.195220265045882e+00 
 1.709841072875773e-07  1.195220265045882e+00 
 1.710041072875773e-07  1.195220265045881e+00 
 1.710241072875773e-07  1.195220265045882e+00 
 1.710441072875773e-07  1.195220265045882e+00 
 1.710641072875773e-07  1.195220265045882e+00 
 1.710841072875773e-07  1.195220265045881e+00 
 1.711041072875773e-07  1.195220265045882e+00 
 1.711241072875772e-07  1.195220265045882e+00 
 1.711441072875772e-07  1.195220265045882e+00 
 1.711641072875772e-07  1.195220265045881e+00 
 1.711841072875772e-07  1.195220265045882e+00 
 1.712041072875772e-07  1.195220265045882e+00 
 1.712241072875772e-07  1.195220265045882e+00 
 1.712441072875772e-07  1.195220265045881e+00 
 1.712641072875772e-07  1.195220265045882e+00 
 1.712841072875772e-07  1.195220265045882e+00 
 1.713041072875772e-07  1.195220265045882e+00 
 1.713241072875772e-07  1.195220265045881e+00 
 1.713441072875772e-07  1.195220265045882e+00 
 1.713641072875772e-07  1.195220265045882e+00 
 1.713841072875772e-07  1.195220265045882e+00 
 1.714041072875772e-07  1.195220265045881e+00 
 1.714241072875772e-07  1.195220265045882e+00 
 1.714441072875772e-07  1.195220265045882e+00 
 1.714641072875772e-07  1.195220265045882e+00 
 1.714841072875772e-07  1.195220265045881e+00 
 1.715041072875772e-07  1.195220265045882e+00 
 1.715241072875772e-07  1.195220265045882e+00 
 1.715441072875772e-07  1.195220265045882e+00 
 1.715641072875772e-07  1.195220265045881e+00 
 1.715841072875772e-07  1.195220265045882e+00 
 1.716041072875772e-07  1.195220265045882e+00 
 1.716241072875772e-07  1.195220265045882e+00 
 1.716441072875772e-07  1.195220265045881e+00 
 1.716641072875771e-07  1.195220265045882e+00 
 1.716841072875771e-07  1.195220265045882e+00 
 1.717041072875771e-07  1.195220265045882e+00 
 1.717241072875771e-07  1.195220265045881e+00 
 1.717441072875771e-07  1.195220265045882e+00 
 1.717641072875771e-07  1.195220265045882e+00 
 1.717841072875771e-07  1.195220265045882e+00 
 1.718041072875771e-07  1.195220265045881e+00 
 1.718241072875771e-07  1.195220265045882e+00 
 1.718441072875771e-07  1.195220265045882e+00 
 1.718641072875771e-07  1.195220265045882e+00 
 1.718841072875771e-07  1.195220265045881e+00 
 1.719041072875771e-07  1.195220265045882e+00 
 1.719241072875771e-07  1.195220265045882e+00 
 1.719441072875771e-07  1.195220265045882e+00 
 1.719641072875771e-07  1.195220265045881e+00 
 1.719841072875771e-07  1.195220265045882e+00 
 1.720041072875771e-07  1.195220265045882e+00 
 1.720241072875771e-07  1.195220265045882e+00 
 1.720441072875771e-07  1.195220265045881e+00 
 1.720641072875771e-07  1.195220265045882e+00 
 1.720841072875771e-07  1.195220265045882e+00 
 1.721041072875771e-07  1.195220265045882e+00 
 1.721241072875771e-07  1.195220265045881e+00 
 1.721441072875771e-07  1.195220265045882e+00 
 1.721641072875771e-07  1.195220265045882e+00 
 1.721841072875770e-07  1.195220265045882e+00 
 1.722041072875770e-07  1.195220265045881e+00 
 1.722241072875770e-07  1.195220265045882e+00 
 1.722441072875770e-07  1.195220265045882e+00 
 1.722641072875770e-07  1.195220265045882e+00 
 1.722841072875770e-07  1.195220265045881e+00 
 1.723041072875770e-07  1.195220265045882e+00 
 1.723241072875770e-07  1.195220265045882e+00 
 1.723441072875770e-07  1.195220265045882e+00 
 1.723641072875770e-07  1.195220265045881e+00 
 1.723841072875770e-07  1.195220265045882e+00 
 1.724041072875770e-07  1.195220265045882e+00 
 1.724241072875770e-07  1.195220265045882e+00 
 1.724441072875770e-07  1.195220265045881e+00 
 1.724641072875770e-07  1.195220265045882e+00 
 1.724841072875770e-07  1.195220265045882e+00 
 1.725041072875770e-07  1.195220265045882e+00 
 1.725241072875770e-07  1.195220265045881e+00 
 1.725441072875770e-07  1.195220265045882e+00 
 1.725641072875770e-07  1.195220265045882e+00 
 1.725841072875770e-07  1.195220265045882e+00 
 1.726041072875770e-07  1.195220265045881e+00 
 1.726241072875770e-07  1.195220265045882e+00 
 1.726441072875770e-07  1.195220265045882e+00 
 1.726641072875770e-07  1.195220265045882e+00 
 1.726841072875770e-07  1.195220265045881e+00 
 1.727041072875770e-07  1.195220265045882e+00 
 1.727241072875769e-07  1.195220265045882e+00 
 1.727441072875769e-07  1.195220265045882e+00 
 1.727641072875769e-07  1.195220265045881e+00 
 1.727841072875769e-07  1.195220265045882e+00 
 1.728041072875769e-07  1.195220265045882e+00 
 1.728241072875769e-07  1.195220265045882e+00 
 1.728441072875769e-07  1.195220265045881e+00 
 1.728641072875769e-07  1.195220265045882e+00 
 1.728841072875769e-07  1.195220265045882e+00 
 1.729041072875769e-07  1.195220265045882e+00 
 1.729241072875769e-07  1.195220265045881e+00 
 1.729441072875769e-07  1.195220265045882e+00 
 1.729641072875769e-07  1.195220265045882e+00 
 1.729841072875769e-07  1.195220265045882e+00 
 1.730041072875769e-07  1.195220265045881e+00 
 1.730241072875769e-07  1.195220265045882e+00 
 1.730441072875769e-07  1.195220265045882e+00 
 1.730641072875769e-07  1.195220265045882e+00 
 1.730841072875769e-07  1.195220265045881e+00 
 1.731041072875769e-07  1.195220265045882e+00 
 1.731241072875769e-07  1.195220265045882e+00 
 1.731441072875769e-07  1.195220265045882e+00 
 1.731641072875769e-07  1.195220265045881e+00 
 1.731841072875769e-07  1.195220265045882e+00 
 1.732041072875769e-07  1.195220265045882e+00 
 1.732241072875769e-07  1.195220265045882e+00 
 1.732441072875768e-07  1.195220265045881e+00 
 1.732641072875768e-07  1.195220265045882e+00 
 1.732841072875768e-07  1.195220265045882e+00 
 1.733041072875768e-07  1.195220265045882e+00 
 1.733241072875768e-07  1.195220265045881e+00 
 1.733441072875768e-07  1.195220265045882e+00 
 1.733641072875768e-07  1.195220265045882e+00 
 1.733841072875768e-07  1.195220265045882e+00 
 1.734041072875768e-07  1.195220265045881e+00 
 1.734241072875768e-07  1.195220265045882e+00 
 1.734441072875768e-07  1.195220265045882e+00 
 1.734641072875768e-07  1.195220265045882e+00 
 1.734841072875768e-07  1.195220265045881e+00 
 1.735041072875768e-07  1.195220265045882e+00 
 1.735241072875768e-07  1.195220265045882e+00 
 1.735441072875768e-07  1.195220265045882e+00 
 1.735641072875768e-07  1.195220265045881e+00 
 1.735841072875768e-07  1.195220265045882e+00 
 1.736041072875768e-07  1.195220265045882e+00 
 1.736241072875768e-07  1.195220265045882e+00 
 1.736441072875768e-07  1.195220265045881e+00 
 1.736641072875768e-07  1.195220265045882e+00 
 1.736841072875768e-07  1.195220265045882e+00 
 1.737041072875768e-07  1.195220265045882e+00 
 1.737241072875768e-07  1.195220265045881e+00 
 1.737441072875768e-07  1.195220265045882e+00 
 1.737641072875767e-07  1.195220265045882e+00 
 1.737841072875767e-07  1.195220265045882e+00 
 1.738041072875767e-07  1.195220265045881e+00 
 1.738241072875767e-07  1.195220265045882e+00 
 1.738441072875767e-07  1.195220265045882e+00 
 1.738641072875767e-07  1.195220265045882e+00 
 1.738841072875767e-07  1.195220265045881e+00 
 1.739041072875767e-07  1.195220265045882e+00 
 1.739241072875767e-07  1.195220265045882e+00 
 1.739441072875767e-07  1.195220265045882e+00 
 1.739641072875767e-07  1.195220265045881e+00 
 1.739841072875767e-07  1.195220265045882e+00 
 1.740041072875767e-07  1.195220265045882e+00 
 1.740241072875767e-07  1.195220265045882e+00 
 1.740441072875767e-07  1.195220265045881e+00 
 1.740641072875767e-07  1.195220265045882e+00 
 1.740841072875767e-07  1.195220265045882e+00 
 1.741041072875767e-07  1.195220265045882e+00 
 1.741241072875767e-07  1.195220265045881e+00 
 1.741441072875767e-07  1.195220265045882e+00 
 1.741641072875767e-07  1.195220265045882e+00 
 1.741841072875767e-07  1.195220265045882e+00 
 1.742041072875767e-07  1.195220265045881e+00 
 1.742241072875767e-07  1.195220265045882e+00 
 1.742441072875767e-07  1.195220265045882e+00 
 1.742641072875767e-07  1.195220265045882e+00 
 1.742841072875767e-07  1.195220265045881e+00 
 1.743041072875766e-07  1.195220265045882e+00 
 1.743241072875766e-07  1.195220265045882e+00 
 1.743441072875766e-07  1.195220265045882e+00 
 1.743641072875766e-07  1.195220265045881e+00 
 1.743841072875766e-07  1.195220265045882e+00 
 1.744041072875766e-07  1.195220265045882e+00 
 1.744241072875766e-07  1.195220265045882e+00 
 1.744441072875766e-07  1.195220265045881e+00 
 1.744641072875766e-07  1.195220265045882e+00 
 1.744841072875766e-07  1.195220265045882e+00 
 1.745041072875766e-07  1.195220265045882e+00 
 1.745241072875766e-07  1.195220265045881e+00 
 1.745441072875766e-07  1.195220265045882e+00 
 1.745641072875766e-07  1.195220265045882e+00 
 1.745841072875766e-07  1.195220265045882e+00 
 1.746041072875766e-07  1.195220265045881e+00 
 1.746241072875766e-07  1.195220265045882e+00 
 1.746441072875766e-07  1.195220265045882e+00 
 1.746641072875766e-07  1.195220265045882e+00 
 1.746841072875766e-07  1.195220265045881e+00 
 1.747041072875766e-07  1.195220265045882e+00 
 1.747241072875766e-07  1.195220265045882e+00 
 1.747441072875766e-07  1.195220265045882e+00 
 1.747641072875766e-07  1.195220265045881e+00 
 1.747841072875766e-07  1.195220265045882e+00 
 1.748041072875766e-07  1.195220265045882e+00 
 1.748241072875765e-07  1.195220265045882e+00 
 1.748441072875765e-07  1.195220265045881e+00 
 1.748641072875765e-07  1.195220265045882e+00 
 1.748841072875765e-07  1.195220265045882e+00 
 1.749041072875765e-07  1.195220265045882e+00 
 1.749241072875765e-07  1.195220265045881e+00 
 1.749441072875765e-07  1.195220265045882e+00 
 1.749641072875765e-07  1.195220265045882e+00 
 1.749841072875765e-07  1.195220265045882e+00 
 1.750041072875765e-07  1.195220265045881e+00 
 1.750241072875765e-07  1.195220265045882e+00 
 1.750441072875765e-07  1.195220265045882e+00 
 1.750641072875765e-07  1.195220265045882e+00 
 1.750841072875765e-07  1.195220265045881e+00 
 1.751041072875765e-07  1.195220265045882e+00 
 1.751241072875765e-07  1.195220265045882e+00 
 1.751441072875765e-07  1.195220265045882e+00 
 1.751641072875765e-07  1.195220265045881e+00 
 1.751841072875765e-07  1.195220265045882e+00 
 1.752041072875765e-07  1.195220265045882e+00 
 1.752241072875765e-07  1.195220265045882e+00 
 1.752441072875765e-07  1.195220265045881e+00 
 1.752641072875765e-07  1.195220265045882e+00 
 1.752841072875765e-07  1.195220265045882e+00 
 1.753041072875765e-07  1.195220265045882e+00 
 1.753241072875765e-07  1.195220265045881e+00 
 1.753441072875764e-07  1.195220265045882e+00 
 1.753641072875764e-07  1.195220265045882e+00 
 1.753841072875764e-07  1.195220265045882e+00 
 1.754041072875764e-07  1.195220265045881e+00 
 1.754241072875764e-07  1.195220265045882e+00 
 1.754441072875764e-07  1.195220265045882e+00 
 1.754641072875764e-07  1.195220265045882e+00 
 1.754841072875764e-07  1.195220265045881e+00 
 1.755041072875764e-07  1.195220265045882e+00 
 1.755241072875764e-07  1.195220265045882e+00 
 1.755441072875764e-07  1.195220265045882e+00 
 1.755641072875764e-07  1.195220265045881e+00 
 1.755841072875764e-07  1.195220265045882e+00 
 1.756041072875764e-07  1.195220265045882e+00 
 1.756241072875764e-07  1.195220265045882e+00 
 1.756441072875764e-07  1.195220265045881e+00 
 1.756641072875764e-07  1.195220265045882e+00 
 1.756841072875764e-07  1.195220265045882e+00 
 1.757041072875764e-07  1.195220265045882e+00 
 1.757241072875764e-07  1.195220265045881e+00 
 1.757441072875764e-07  1.195220265045882e+00 
 1.757641072875764e-07  1.195220265045882e+00 
 1.757841072875764e-07  1.195220265045882e+00 
 1.758041072875764e-07  1.195220265045881e+00 
 1.758241072875764e-07  1.195220265045882e+00 
 1.758441072875764e-07  1.195220265045882e+00 
 1.758641072875764e-07  1.195220265045882e+00 
 1.758841072875763e-07  1.195220265045881e+00 
 1.759041072875763e-07  1.195220265045882e+00 
 1.759241072875763e-07  1.195220265045882e+00 
 1.759441072875763e-07  1.195220265045882e+00 
 1.759641072875763e-07  1.195220265045881e+00 
 1.759841072875763e-07  1.195220265045882e+00 
 1.760041072875763e-07  1.195220265045882e+00 
 1.760241072875763e-07  1.195220265045882e+00 
 1.760441072875763e-07  1.195220265045881e+00 
 1.760641072875763e-07  1.195220265045882e+00 
 1.760841072875763e-07  1.195220265045882e+00 
 1.761041072875763e-07  1.195220265045882e+00 
 1.761241072875763e-07  1.195220265045881e+00 
 1.761441072875763e-07  1.195220265045882e+00 
 1.761641072875763e-07  1.195220265045882e+00 
 1.761841072875763e-07  1.195220265045882e+00 
 1.762041072875763e-07  1.195220265045881e+00 
 1.762241072875763e-07  1.195220265045882e+00 
 1.762441072875763e-07  1.195220265045882e+00 
 1.762641072875763e-07  1.195220265045882e+00 
 1.762841072875763e-07  1.195220265045881e+00 
 1.763041072875763e-07  1.195220265045882e+00 
 1.763241072875763e-07  1.195220265045882e+00 
 1.763441072875763e-07  1.195220265045882e+00 
 1.763641072875763e-07  1.195220265045881e+00 
 1.763841072875763e-07  1.195220265045882e+00 
 1.764041072875762e-07  1.195220265045882e+00 
 1.764241072875762e-07  1.195220265045882e+00 
 1.764441072875762e-07  1.195220265045881e+00 
 1.764641072875762e-07  1.195220265045882e+00 
 1.764841072875762e-07  1.195220265045882e+00 
 1.765041072875762e-07  1.195220265045882e+00 
 1.765241072875762e-07  1.195220265045881e+00 
 1.765441072875762e-07  1.195220265045882e+00 
 1.765641072875762e-07  1.195220265045882e+00 
 1.765841072875762e-07  1.195220265045882e+00 
 1.766041072875762e-07  1.195220265045881e+00 
 1.766241072875762e-07  1.195220265045882e+00 
 1.766441072875762e-07  1.195220265045882e+00 
 1.766641072875762e-07  1.195220265045882e+00 
 1.766841072875762e-07  1.195220265045881e+00 
 1.767041072875762e-07  1.195220265045882e+00 
 1.767241072875762e-07  1.195220265045882e+00 
 1.767441072875762e-07  1.195220265045882e+00 
 1.767641072875762e-07  1.195220265045881e+00 
 1.767841072875762e-07  1.195220265045882e+00 
 1.768041072875762e-07  1.195220265045882e+00 
 1.768241072875762e-07  1.195220265045882e+00 
 1.768441072875762e-07  1.195220265045881e+00 
 1.768641072875762e-07  1.195220265045882e+00 
 1.768841072875762e-07  1.195220265045882e+00 
 1.769041072875762e-07  1.195220265045882e+00 
 1.769241072875762e-07  1.195220265045881e+00 
 1.769441072875761e-07  1.195220265045882e+00 
 1.769641072875761e-07  1.195220265045882e+00 
 1.769841072875761e-07  1.195220265045882e+00 
 1.770041072875761e-07  1.195220265045881e+00 
 1.770241072875761e-07  1.195220265045882e+00 
 1.770441072875761e-07  1.195220265045882e+00 
 1.770641072875761e-07  1.195220265045882e+00 
 1.770841072875761e-07  1.195220265045881e+00 
 1.771041072875761e-07  1.195220265045882e+00 
 1.771241072875761e-07  1.195220265045882e+00 
 1.771441072875761e-07  1.195220265045882e+00 
 1.771641072875761e-07  1.195220265045881e+00 
 1.771841072875761e-07  1.195220265045882e+00 
 1.772041072875761e-07  1.195220265045882e+00 
 1.772241072875761e-07  1.195220265045882e+00 
 1.772441072875761e-07  1.195220265045881e+00 
 1.772641072875761e-07  1.195220265045882e+00 
 1.772841072875761e-07  1.195220265045882e+00 
 1.773041072875761e-07  1.195220265045882e+00 
 1.773241072875761e-07  1.195220265045881e+00 
 1.773441072875761e-07  1.195220265045882e+00 
 1.773641072875761e-07  1.195220265045882e+00 
 1.773841072875761e-07  1.195220265045882e+00 
 1.774041072875761e-07  1.195220265045881e+00 
 1.774241072875761e-07  1.195220265045882e+00 
 1.774441072875761e-07  1.195220265045882e+00 
 1.774641072875760e-07  1.195220265045882e+00 
 1.774841072875760e-07  1.195220265045881e+00 
 1.775041072875760e-07  1.195220265045882e+00 
 1.775241072875760e-07  1.195220265045882e+00 
 1.775441072875760e-07  1.195220265045882e+00 
 1.775641072875760e-07  1.195220265045881e+00 
 1.775841072875760e-07  1.195220265045882e+00 
 1.776041072875760e-07  1.195220265045882e+00 
 1.776241072875760e-07  1.195220265045882e+00 
 1.776441072875760e-07  1.195220265045881e+00 
 1.776641072875760e-07  1.195220265045882e+00 
 1.776841072875760e-07  1.195220265045882e+00 
 1.777041072875760e-07  1.195220265045882e+00 
 1.777241072875760e-07  1.195220265045881e+00 
 1.777441072875760e-07  1.195220265045882e+00 
 1.777641072875760e-07  1.195220265045882e+00 
 1.777841072875760e-07  1.195220265045882e+00 
 1.778041072875760e-07  1.195220265045881e+00 
 1.778241072875760e-07  1.195220265045882e+00 
 1.778441072875760e-07  1.195220265045882e+00 
 1.778641072875760e-07  1.195220265045882e+00 
 1.778841072875760e-07  1.195220265045881e+00 
 1.779041072875760e-07  1.195220265045882e+00 
 1.779241072875760e-07  1.195220265045882e+00 
 1.779441072875760e-07  1.195220265045882e+00 
 1.779641072875760e-07  1.195220265045881e+00 
 1.779841072875759e-07  1.195220265045882e+00 
 1.780041072875759e-07  1.195220265045882e+00 
 1.780241072875759e-07  1.195220265045882e+00 
 1.780441072875759e-07  1.195220265045881e+00 
 1.780641072875759e-07  1.195220265045882e+00 
 1.780841072875759e-07  1.195220265045882e+00 
 1.781041072875759e-07  1.195220265045882e+00 
 1.781241072875759e-07  1.195220265045881e+00 
 1.781441072875759e-07  1.195220265045882e+00 
 1.781641072875759e-07  1.195220265045882e+00 
 1.781841072875759e-07  1.195220265045882e+00 
 1.782041072875759e-07  1.195220265045881e+00 
 1.782241072875759e-07  1.195220265045882e+00 
 1.782441072875759e-07  1.195220265045882e+00 
 1.782641072875759e-07  1.195220265045882e+00 
 1.782841072875759e-07  1.195220265045881e+00 
 1.783041072875759e-07  1.195220265045882e+00 
 1.783241072875759e-07  1.195220265045882e+00 
 1.783441072875759e-07  1.195220265045882e+00 
 1.783641072875759e-07  1.195220265045881e+00 
 1.783841072875759e-07  1.195220265045882e+00 
 1.784041072875759e-07  1.195220265045882e+00 
 1.784241072875759e-07  1.195220265045882e+00 
 1.784441072875759e-07  1.195220265045881e+00 
 1.784641072875759e-07  1.195220265045882e+00 
 1.784841072875759e-07  1.195220265045882e+00 
 1.785041072875759e-07  1.195220265045882e+00 
 1.785241072875758e-07  1.195220265045881e+00 
 1.785441072875758e-07  1.195220265045882e+00 
 1.785641072875758e-07  1.195220265045882e+00 
 1.785841072875758e-07  1.195220265045882e+00 
 1.786041072875758e-07  1.195220265045881e+00 
 1.786241072875758e-07  1.195220265045882e+00 
 1.786441072875758e-07  1.195220265045882e+00 
 1.786641072875758e-07  1.195220265045882e+00 
 1.786841072875758e-07  1.195220265045881e+00 
 1.787041072875758e-07  1.195220265045882e+00 
 1.787241072875758e-07  1.195220265045882e+00 
 1.787441072875758e-07  1.195220265045882e+00 
 1.787641072875758e-07  1.195220265045881e+00 
 1.787841072875758e-07  1.195220265045882e+00 
 1.788041072875758e-07  1.195220265045882e+00 
 1.788241072875758e-07  1.195220265045882e+00 
 1.788441072875758e-07  1.195220265045881e+00 
 1.788641072875758e-07  1.195220265045882e+00 
 1.788841072875758e-07  1.195220265045882e+00 
 1.789041072875758e-07  1.195220265045882e+00 
 1.789241072875758e-07  1.195220265045881e+00 
 1.789441072875758e-07  1.195220265045882e+00 
 1.789641072875758e-07  1.195220265045882e+00 
 1.789841072875758e-07  1.195220265045882e+00 
 1.790041072875758e-07  1.195220265045881e+00 
 1.790241072875758e-07  1.195220265045882e+00 
 1.790441072875757e-07  1.195220265045882e+00 
 1.790641072875757e-07  1.195220265045882e+00 
 1.790841072875757e-07  1.195220265045881e+00 
 1.791041072875757e-07  1.195220265045882e+00 
 1.791241072875757e-07  1.195220265045882e+00 
 1.791441072875757e-07  1.195220265045882e+00 
 1.791641072875757e-07  1.195220265045881e+00 
 1.791841072875757e-07  1.195220265045882e+00 
 1.792041072875757e-07  1.195220265045882e+00 
 1.792241072875757e-07  1.195220265045882e+00 
 1.792441072875757e-07  1.195220265045881e+00 
 1.792641072875757e-07  1.195220265045882e+00 
 1.792841072875757e-07  1.195220265045882e+00 
 1.793041072875757e-07  1.195220265045882e+00 
 1.793241072875757e-07  1.195220265045881e+00 
 1.793441072875757e-07  1.195220265045882e+00 
 1.793641072875757e-07  1.195220265045882e+00 
 1.793841072875757e-07  1.195220265045882e+00 
 1.794041072875757e-07  1.195220265045881e+00 
 1.794241072875757e-07  1.195220265045882e+00 
 1.794441072875757e-07  1.195220265045882e+00 
 1.794641072875757e-07  1.195220265045882e+00 
 1.794841072875757e-07  1.195220265045881e+00 
 1.795041072875757e-07  1.195220265045882e+00 
 1.795241072875757e-07  1.195220265045882e+00 
 1.795441072875757e-07  1.195220265045882e+00 
 1.795641072875756e-07  1.195220265045881e+00 
 1.795841072875756e-07  1.195220265045882e+00 
 1.796041072875756e-07  1.195220265045882e+00 
 1.796241072875756e-07  1.195220265045882e+00 
 1.796441072875756e-07  1.195220265045881e+00 
 1.796641072875756e-07  1.195220265045882e+00 
 1.796841072875756e-07  1.195220265045882e+00 
 1.797041072875756e-07  1.195220265045882e+00 
 1.797241072875756e-07  1.195220265045881e+00 
 1.797441072875756e-07  1.195220265045882e+00 
 1.797641072875756e-07  1.195220265045882e+00 
 1.797841072875756e-07  1.195220265045882e+00 
 1.798041072875756e-07  1.195220265045881e+00 
 1.798241072875756e-07  1.195220265045882e+00 
 1.798441072875756e-07  1.195220265045882e+00 
 1.798641072875756e-07  1.195220265045882e+00 
 1.798841072875756e-07  1.195220265045881e+00 
 1.799041072875756e-07  1.195220265045882e+00 
 1.799241072875756e-07  1.195220265045882e+00 
 1.799441072875756e-07  1.195220265045882e+00 
 1.799641072875756e-07  1.195220265045881e+00 
 1.799841072875756e-07  1.195220265045882e+00 
 1.800041072875756e-07  1.195220265045882e+00 
 1.800241072875756e-07  1.195220265045882e+00 
 1.800441072875756e-07  1.195220265045881e+00 
 1.800641072875756e-07  1.195220265045882e+00 
 1.800841072875756e-07  1.195220265045882e+00 
 1.801041072875755e-07  1.195220265045882e+00 
 1.801241072875755e-07  1.195220265045881e+00 
 1.801441072875755e-07  1.195220265045882e+00 
 1.801641072875755e-07  1.195220265045882e+00 
 1.801841072875755e-07  1.195220265045882e+00 
 1.802041072875755e-07  1.195220265045881e+00 
 1.802241072875755e-07  1.195220265045882e+00 
 1.802441072875755e-07  1.195220265045882e+00 
 1.802641072875755e-07  1.195220265045882e+00 
 1.802841072875755e-07  1.195220265045881e+00 
 1.803041072875755e-07  1.195220265045882e+00 
 1.803241072875755e-07  1.195220265045882e+00 
 1.803441072875755e-07  1.195220265045882e+00 
 1.803641072875755e-07  1.195220265045881e+00 
 1.803841072875755e-07  1.195220265045882e+00 
 1.804041072875755e-07  1.195220265045882e+00 
 1.804241072875755e-07  1.195220265045882e+00 
 1.804441072875755e-07  1.195220265045881e+00 
 1.804641072875755e-07  1.195220265045882e+00 
 1.804841072875755e-07  1.195220265045882e+00 
 1.805041072875755e-07  1.195220265045882e+00 
 1.805241072875755e-07  1.195220265045881e+00 
 1.805441072875755e-07  1.195220265045882e+00 
 1.805641072875755e-07  1.195220265045882e+00 
 1.805841072875755e-07  1.195220265045882e+00 
 1.806041072875755e-07  1.195220265045881e+00 
 1.806241072875754e-07  1.195220265045882e+00 
 1.806441072875754e-07  1.195220265045882e+00 
 1.806641072875754e-07  1.195220265045882e+00 
 1.806841072875754e-07  1.195220265045881e+00 
 1.807041072875754e-07  1.195220265045882e+00 
 1.807241072875754e-07  1.195220265045882e+00 
 1.807441072875754e-07  1.195220265045882e+00 
 1.807641072875754e-07  1.195220265045881e+00 
 1.807841072875754e-07  1.195220265045882e+00 
 1.808041072875754e-07  1.195220265045882e+00 
 1.808241072875754e-07  1.195220265045882e+00 
 1.808441072875754e-07  1.195220265045881e+00 
 1.808641072875754e-07  1.195220265045882e+00 
 1.808841072875754e-07  1.195220265045882e+00 
 1.809041072875754e-07  1.195220265045882e+00 
 1.809241072875754e-07  1.195220265045881e+00 
 1.809441072875754e-07  1.195220265045882e+00 
 1.809641072875754e-07  1.195220265045882e+00 
 1.809841072875754e-07  1.195220265045882e+00 
 1.810041072875754e-07  1.195220265045881e+00 
 1.810241072875754e-07  1.195220265045882e+00 
 1.810441072875754e-07  1.195220265045882e+00 
 1.810641072875754e-07  1.195220265045882e+00 
 1.810841072875754e-07  1.195220265045881e+00 
 1.811041072875754e-07  1.195220265045882e+00 
 1.811241072875754e-07  1.195220265045882e+00 
 1.811441072875754e-07  1.195220265045882e+00 
 1.811641072875753e-07  1.195220265045881e+00 
 1.811841072875753e-07  1.195220265045882e+00 
 1.812041072875753e-07  1.195220265045882e+00 
 1.812241072875753e-07  1.195220265045882e+00 
 1.812441072875753e-07  1.195220265045881e+00 
 1.812641072875753e-07  1.195220265045882e+00 
 1.812841072875753e-07  1.195220265045882e+00 
 1.813041072875753e-07  1.195220265045882e+00 
 1.813241072875753e-07  1.195220265045881e+00 
 1.813441072875753e-07  1.195220265045882e+00 
 1.813641072875753e-07  1.195220265045882e+00 
 1.813841072875753e-07  1.195220265045882e+00 
 1.814041072875753e-07  1.195220265045881e+00 
 1.814241072875753e-07  1.195220265045882e+00 
 1.814441072875753e-07  1.195220265045882e+00 
 1.814641072875753e-07  1.195220265045882e+00 
 1.814841072875753e-07  1.195220265045881e+00 
 1.815041072875753e-07  1.195220265045882e+00 
 1.815241072875753e-07  1.195220265045882e+00 
 1.815441072875753e-07  1.195220265045882e+00 
 1.815641072875753e-07  1.195220265045881e+00 
 1.815841072875753e-07  1.195220265045882e+00 
 1.816041072875753e-07  1.195220265045882e+00 
 1.816241072875753e-07  1.195220265045882e+00 
 1.816441072875753e-07  1.195220265045881e+00 
 1.816641072875753e-07  1.195220265045882e+00 
 1.816841072875752e-07  1.195220265045882e+00 
 1.817041072875752e-07  1.195220265045882e+00 
 1.817241072875752e-07  1.195220265045881e+00 
 1.817441072875752e-07  1.195220265045882e+00 
 1.817641072875752e-07  1.195220265045882e+00 
 1.817841072875752e-07  1.195220265045882e+00 
 1.818041072875752e-07  1.195220265045881e+00 
 1.818241072875752e-07  1.195220265045882e+00 
 1.818441072875752e-07  1.195220265045882e+00 
 1.818641072875752e-07  1.195220265045882e+00 
 1.818841072875752e-07  1.195220265045881e+00 
 1.819041072875752e-07  1.195220265045882e+00 
 1.819241072875752e-07  1.195220265045882e+00 
 1.819441072875752e-07  1.195220265045882e+00 
 1.819641072875752e-07  1.195220265045881e+00 
 1.819841072875752e-07  1.195220265045882e+00 
 1.820041072875752e-07  1.195220265045882e+00 
 1.820241072875752e-07  1.195220265045882e+00 
 1.820441072875752e-07  1.195220265045881e+00 
 1.820641072875752e-07  1.195220265045882e+00 
 1.820841072875752e-07  1.195220265045882e+00 
 1.821041072875752e-07  1.195220265045882e+00 
 1.821241072875752e-07  1.195220265045881e+00 
 1.821441072875752e-07  1.195220265045882e+00 
 1.821641072875752e-07  1.195220265045882e+00 
 1.821841072875752e-07  1.195220265045882e+00 
 1.822041072875751e-07  1.195220265045881e+00 
 1.822241072875751e-07  1.195220265045882e+00 
 1.822441072875751e-07  1.195220265045882e+00 
 1.822641072875751e-07  1.195220265045882e+00 
 1.822841072875751e-07  1.195220265045881e+00 
 1.823041072875751e-07  1.195220265045882e+00 
 1.823241072875751e-07  1.195220265045882e+00 
 1.823441072875751e-07  1.195220265045882e+00 
 1.823641072875751e-07  1.195220265045881e+00 
 1.823841072875751e-07  1.195220265045882e+00 
 1.824041072875751e-07  1.195220265045882e+00 
 1.824241072875751e-07  1.195220265045882e+00 
 1.824441072875751e-07  1.195220265045881e+00 
 1.824641072875751e-07  1.195220265045882e+00 
 1.824841072875751e-07  1.195220265045882e+00 
 1.825041072875751e-07  1.195220265045882e+00 
 1.825241072875751e-07  1.195220265045881e+00 
 1.825441072875751e-07  1.195220265045882e+00 
 1.825641072875751e-07  1.195220265045882e+00 
 1.825841072875751e-07  1.195220265045882e+00 
 1.826041072875751e-07  1.195220265045881e+00 
 1.826241072875751e-07  1.195220265045882e+00 
 1.826441072875751e-07  1.195220265045882e+00 
 1.826641072875751e-07  1.195220265045882e+00 
 1.826841072875751e-07  1.195220265045881e+00 
 1.827041072875751e-07  1.195220265045882e+00 
 1.827241072875751e-07  1.195220265045882e+00 
 1.827441072875750e-07  1.195220265045882e+00 
 1.827641072875750e-07  1.195220265045881e+00 
 1.827841072875750e-07  1.195220265045882e+00 
 1.828041072875750e-07  1.195220265045882e+00 
 1.828241072875750e-07  1.195220265045882e+00 
 1.828441072875750e-07  1.195220265045881e+00 
 1.828641072875750e-07  1.195220265045882e+00 
 1.828841072875750e-07  1.195220265045882e+00 
 1.829041072875750e-07  1.195220265045882e+00 
 1.829241072875750e-07  1.195220265045881e+00 
 1.829441072875750e-07  1.195220265045882e+00 
 1.829641072875750e-07  1.195220265045882e+00 
 1.829841072875750e-07  1.195220265045882e+00 
 1.830041072875750e-07  1.195220265045881e+00 
 1.830241072875750e-07  1.195220265045882e+00 
 1.830441072875750e-07  1.195220265045882e+00 
 1.830641072875750e-07  1.195220265045882e+00 
 1.830841072875750e-07  1.195220265045881e+00 
 1.831041072875750e-07  1.195220265045882e+00 
 1.831241072875750e-07  1.195220265045882e+00 
 1.831441072875750e-07  1.195220265045882e+00 
 1.831641072875750e-07  1.195220265045881e+00 
 1.831841072875750e-07  1.195220265045882e+00 
 1.832041072875750e-07  1.195220265045882e+00 
 1.832241072875750e-07  1.195220265045882e+00 
 1.832441072875750e-07  1.195220265045881e+00 
 1.832641072875749e-07  1.195220265045882e+00 
 1.832841072875749e-07  1.195220265045882e+00 
 1.833041072875749e-07  1.195220265045882e+00 
 1.833241072875749e-07  1.195220265045881e+00 
 1.833441072875749e-07  1.195220265045882e+00 
 1.833641072875749e-07  1.195220265045882e+00 
 1.833841072875749e-07  1.195220265045882e+00 
 1.834041072875749e-07  1.195220265045881e+00 
 1.834241072875749e-07  1.195220265045882e+00 
 1.834441072875749e-07  1.195220265045882e+00 
 1.834641072875749e-07  1.195220265045882e+00 
 1.834841072875749e-07  1.195220265045881e+00 
 1.835041072875749e-07  1.195220265045882e+00 
 1.835241072875749e-07  1.195220265045882e+00 
 1.835441072875749e-07  1.195220265045882e+00 
 1.835641072875749e-07  1.195220265045881e+00 
 1.835841072875749e-07  1.195220265045882e+00 
 1.836041072875749e-07  1.195220265045882e+00 
 1.836241072875749e-07  1.195220265045882e+00 
 1.836441072875749e-07  1.195220265045881e+00 
 1.836641072875749e-07  1.195220265045882e+00 
 1.836841072875749e-07  1.195220265045882e+00 
 1.837041072875749e-07  1.195220265045882e+00 
 1.837241072875749e-07  1.195220265045881e+00 
 1.837441072875749e-07  1.195220265045882e+00 
 1.837641072875749e-07  1.195220265045882e+00 
 1.837841072875748e-07  1.195220265045882e+00 
 1.838041072875748e-07  1.195220265045881e+00 
 1.838241072875748e-07  1.195220265045882e+00 
 1.838441072875748e-07  1.195220265045882e+00 
 1.838641072875748e-07  1.195220265045882e+00 
 1.838841072875748e-07  1.195220265045881e+00 
 1.839041072875748e-07  1.195220265045882e+00 
 1.839241072875748e-07  1.195220265045882e+00 
 1.839441072875748e-07  1.195220265045882e+00 
 1.839641072875748e-07  1.195220265045881e+00 
 1.839841072875748e-07  1.195220265045882e+00 
 1.840041072875748e-07  1.195220265045882e+00 
 1.840241072875748e-07  1.195220265045882e+00 
 1.840441072875748e-07  1.195220265045881e+00 
 1.840641072875748e-07  1.195220265045882e+00 
 1.840841072875748e-07  1.195220265045882e+00 
 1.841041072875748e-07  1.195220265045882e+00 
 1.841241072875748e-07  1.195220265045881e+00 
 1.841441072875748e-07  1.195220265045882e+00 
 1.841641072875748e-07  1.195220265045882e+00 
 1.841841072875748e-07  1.195220265045882e+00 
 1.842041072875748e-07  1.195220265045881e+00 
 1.842241072875748e-07  1.195220265045882e+00 
 1.842441072875748e-07  1.195220265045882e+00 
 1.842641072875748e-07  1.195220265045882e+00 
 1.842841072875748e-07  1.195220265045881e+00 
 1.843041072875748e-07  1.195220265045882e+00 
 1.843241072875747e-07  1.195220265045882e+00 
 1.843441072875747e-07  1.195220265045882e+00 
 1.843641072875747e-07  1.195220265045881e+00 
 1.843841072875747e-07  1.195220265045882e+00 
 1.844041072875747e-07  1.195220265045882e+00 
 1.844241072875747e-07  1.195220265045882e+00 
 1.844441072875747e-07  1.195220265045881e+00 
 1.844641072875747e-07  1.195220265045882e+00 
 1.844841072875747e-07  1.195220265045882e+00 
 1.845041072875747e-07  1.195220265045882e+00 
 1.845241072875747e-07  1.195220265045881e+00 
 1.845441072875747e-07  1.195220265045882e+00 
 1.845641072875747e-07  1.195220265045882e+00 
 1.845841072875747e-07  1.195220265045882e+00 
 1.846041072875747e-07  1.195220265045881e+00 
 1.846241072875747e-07  1.195220265045882e+00 
 1.846441072875747e-07  1.195220265045882e+00 
 1.846641072875747e-07  1.195220265045882e+00 
 1.846841072875747e-07  1.195220265045881e+00 
 1.847041072875747e-07  1.195220265045882e+00 
 1.847241072875747e-07  1.195220265045882e+00 
 1.847441072875747e-07  1.195220265045882e+00 
 1.847641072875747e-07  1.195220265045881e+00 
 1.847841072875747e-07  1.195220265045882e+00 
 1.848041072875747e-07  1.195220265045882e+00 
 1.848241072875747e-07  1.195220265045882e+00 
 1.848441072875746e-07  1.195220265045881e+00 
 1.848641072875746e-07  1.195220265045882e+00 
 1.848841072875746e-07  1.195220265045882e+00 
 1.849041072875746e-07  1.195220265045882e+00 
 1.849241072875746e-07  1.195220265045881e+00 
 1.849441072875746e-07  1.195220265045882e+00 
 1.849641072875746e-07  1.195220265045882e+00 
 1.849841072875746e-07  1.195220265045882e+00 
 1.850041072875746e-07  1.195220265045881e+00 
 1.850241072875746e-07  1.195220265045882e+00 
 1.850441072875746e-07  1.195220265045882e+00 
 1.850641072875746e-07  1.195220265045882e+00 
 1.850841072875746e-07  1.195220265045881e+00 
 1.851041072875746e-07  1.195220265045882e+00 
 1.851241072875746e-07  1.195220265045882e+00 
 1.851441072875746e-07  1.195220265045882e+00 
 1.851641072875746e-07  1.195220265045881e+00 
 1.851841072875746e-07  1.195220265045882e+00 
 1.852041072875746e-07  1.195220265045882e+00 
 1.852241072875746e-07  1.195220265045882e+00 
 1.852441072875746e-07  1.195220265045881e+00 
 1.852641072875746e-07  1.195220265045882e+00 
 1.852841072875746e-07  1.195220265045882e+00 
 1.853041072875746e-07  1.195220265045882e+00 
 1.853241072875746e-07  1.195220265045881e+00 
 1.853441072875746e-07  1.195220265045882e+00 
 1.853641072875746e-07  1.195220265045882e+00 
 1.853841072875745e-07  1.195220265045882e+00 
 1.854041072875745e-07  1.195220265045881e+00 
 1.854241072875745e-07  1.195220265045882e+00 
 1.854441072875745e-07  1.195220265045882e+00 
 1.854641072875745e-07  1.195220265045882e+00 
 1.854841072875745e-07  1.195220265045881e+00 
 1.855041072875745e-07  1.195220265045882e+00 
 1.855241072875745e-07  1.195220265045882e+00 
 1.855441072875745e-07  1.195220265045882e+00 
 1.855641072875745e-07  1.195220265045881e+00 
 1.855841072875745e-07  1.195220265045882e+00 
 1.856041072875745e-07  1.195220265045882e+00 
 1.856241072875745e-07  1.195220265045882e+00 
 1.856441072875745e-07  1.195220265045881e+00 
 1.856641072875745e-07  1.195220265045882e+00 
 1.856841072875745e-07  1.195220265045882e+00 
 1.857041072875745e-07  1.195220265045882e+00 
 1.857241072875745e-07  1.195220265045881e+00 
 1.857441072875745e-07  1.195220265045882e+00 
 1.857641072875745e-07  1.195220265045882e+00 
 1.857841072875745e-07  1.195220265045882e+00 
 1.858041072875745e-07  1.195220265045881e+00 
 1.858241072875745e-07  1.195220265045882e+00 
 1.858441072875745e-07  1.195220265045882e+00 
 1.858641072875745e-07  1.195220265045882e+00 
 1.858841072875745e-07  1.195220265045881e+00 
 1.859041072875744e-07  1.195220265045882e+00 
 1.859241072875744e-07  1.195220265045882e+00 
 1.859441072875744e-07  1.195220265045882e+00 
 1.859641072875744e-07  1.195220265045881e+00 
 1.859841072875744e-07  1.195220265045882e+00 
 1.860041072875744e-07  1.195220265045882e+00 
 1.860241072875744e-07  1.195220265045882e+00 
 1.860441072875744e-07  1.195220265045881e+00 
 1.860641072875744e-07  1.195220265045882e+00 
 1.860841072875744e-07  1.195220265045882e+00 
 1.861041072875744e-07  1.195220265045882e+00 
 1.861241072875744e-07  1.195220265045881e+00 
 1.861441072875744e-07  1.195220265045882e+00 
 1.861641072875744e-07  1.195220265045882e+00 
 1.861841072875744e-07  1.195220265045882e+00 
 1.862041072875744e-07  1.195220265045881e+00 
 1.862241072875744e-07  1.195220265045882e+00 
 1.862441072875744e-07  1.195220265045882e+00 
 1.862641072875744e-07  1.195220265045882e+00 
 1.862841072875744e-07  1.195220265045881e+00 
 1.863041072875744e-07  1.195220265045882e+00 
 1.863241072875744e-07  1.195220265045882e+00 
 1.863441072875744e-07  1.195220265045882e+00 
 1.863641072875744e-07  1.195220265045881e+00 
 1.863841072875744e-07  1.195220265045882e+00 
 1.864041072875744e-07  1.195220265045882e+00 
 1.864241072875743e-07  1.195220265045882e+00 
 1.864441072875743e-07  1.195220265045881e+00 
 1.864641072875743e-07  1.195220265045882e+00 
 1.864841072875743e-07  1.195220265045882e+00 
 1.865041072875743e-07  1.195220265045882e+00 
 1.865241072875743e-07  1.195220265045881e+00 
 1.865441072875743e-07  1.195220265045882e+00 
 1.865641072875743e-07  1.195220265045882e+00 
 1.865841072875743e-07  1.195220265045882e+00 
 1.866041072875743e-07  1.195220265045881e+00 
 1.866241072875743e-07  1.195220265045882e+00 
 1.866441072875743e-07  1.195220265045882e+00 
 1.866641072875743e-07  1.195220265045882e+00 
 1.866841072875743e-07  1.195220265045881e+00 
 1.867041072875743e-07  1.195220265045882e+00 
 1.867241072875743e-07  1.195220265045882e+00 
 1.867441072875743e-07  1.195220265045882e+00 
 1.867641072875743e-07  1.195220265045881e+00 
 1.867841072875743e-07  1.195220265045882e+00 
 1.868041072875743e-07  1.195220265045882e+00 
 1.868241072875743e-07  1.195220265045882e+00 
 1.868441072875743e-07  1.195220265045881e+00 
 1.868641072875743e-07  1.195220265045882e+00 
 1.868841072875743e-07  1.195220265045882e+00 
 1.869041072875743e-07  1.195220265045882e+00 
 1.869241072875743e-07  1.195220265045881e+00 
 1.869441072875743e-07  1.195220265045882e+00 
 1.869641072875742e-07  1.195220265045882e+00 
 1.869841072875742e-07  1.195220265045882e+00 
 1.870041072875742e-07  1.195220265045881e+00 
 1.870241072875742e-07  1.195220265045882e+00 
 1.870441072875742e-07  1.195220265045882e+00 
 1.870641072875742e-07  1.195220265045882e+00 
 1.870841072875742e-07  1.195220265045881e+00 
 1.871041072875742e-07  1.195220265045882e+00 
 1.871241072875742e-07  1.195220265045882e+00 
 1.871441072875742e-07  1.195220265045882e+00 
 1.871641072875742e-07  1.195220265045881e+00 
 1.871841072875742e-07  1.195220265045882e+00 
 1.872041072875742e-07  1.195220265045882e+00 
 1.872241072875742e-07  1.195220265045882e+00 
 1.872441072875742e-07  1.195220265045881e+00 
 1.872641072875742e-07  1.195220265045882e+00 
 1.872841072875742e-07  1.195220265045882e+00 
 1.873041072875742e-07  1.195220265045882e+00 
 1.873241072875742e-07  1.195220265045881e+00 
 1.873441072875742e-07  1.195220265045882e+00 
 1.873641072875742e-07  1.195220265045882e+00 
 1.873841072875742e-07  1.195220265045882e+00 
 1.874041072875742e-07  1.195220265045881e+00 
 1.874241072875742e-07  1.195220265045882e+00 
 1.874441072875742e-07  1.195220265045882e+00 
 1.874641072875742e-07  1.195220265045882e+00 
 1.874841072875741e-07  1.195220265045881e+00 
 1.875041072875741e-07  1.195220265045882e+00 
 1.875241072875741e-07  1.195220265045882e+00 
 1.875441072875741e-07  1.195220265045882e+00 
 1.875641072875741e-07  1.195220265045881e+00 
 1.875841072875741e-07  1.195220265045882e+00 
 1.876041072875741e-07  1.195220265045882e+00 
 1.876241072875741e-07  1.195220265045882e+00 
 1.876441072875741e-07  1.195220265045881e+00 
 1.876641072875741e-07  1.195220265045882e+00 
 1.876841072875741e-07  1.195220265045882e+00 
 1.877041072875741e-07  1.195220265045882e+00 
 1.877241072875741e-07  1.195220265045881e+00 
 1.877441072875741e-07  1.195220265045882e+00 
 1.877641072875741e-07  1.195220265045882e+00 
 1.877841072875741e-07  1.195220265045882e+00 
 1.878041072875741e-07  1.195220265045881e+00 
 1.878241072875741e-07  1.195220265045882e+00 
 1.878441072875741e-07  1.195220265045882e+00 
 1.878641072875741e-07  1.195220265045882e+00 
 1.878841072875741e-07  1.195220265045881e+00 
 1.879041072875741e-07  1.195220265045882e+00 
 1.879241072875741e-07  1.195220265045882e+00 
 1.879441072875741e-07  1.195220265045882e+00 
 1.879641072875741e-07  1.195220265045881e+00 
 1.879841072875741e-07  1.195220265045882e+00 
 1.880041072875740e-07  1.195220265045882e+00 
 1.880241072875740e-07  1.195220265045882e+00 
 1.880441072875740e-07  1.195220265045881e+00 
 1.880641072875740e-07  1.195220265045882e+00 
 1.880841072875740e-07  1.195220265045882e+00 
 1.881041072875740e-07  1.195220265045882e+00 
 1.881241072875740e-07  1.195220265045881e+00 
 1.881441072875740e-07  1.195220265045882e+00 
 1.881641072875740e-07  1.195220265045882e+00 
 1.881841072875740e-07  1.195220265045882e+00 
 1.882041072875740e-07  1.195220265045881e+00 
 1.882241072875740e-07  1.195220265045882e+00 
 1.882441072875740e-07  1.195220265045882e+00 
 1.882641072875740e-07  1.195220265045882e+00 
 1.882841072875740e-07  1.195220265045881e+00 
 1.883041072875740e-07  1.195220265045882e+00 
 1.883241072875740e-07  1.195220265045882e+00 
 1.883441072875740e-07  1.195220265045882e+00 
 1.883641072875740e-07  1.195220265045881e+00 
 1.883841072875740e-07  1.195220265045882e+00 
 1.884041072875740e-07  1.195220265045882e+00 
 1.884241072875740e-07  1.195220265045882e+00 
 1.884441072875740e-07  1.195220265045881e+00 
 1.884641072875740e-07  1.195220265045882e+00 
 1.884841072875740e-07  1.195220265045882e+00 
 1.885041072875740e-07  1.195220265045882e+00 
 1.885241072875740e-07  1.195220265045881e+00 
 1.885441072875739e-07  1.195220265045882e+00 
 1.885641072875739e-07  1.195220265045882e+00 
 1.885841072875739e-07  1.195220265045882e+00 
 1.886041072875739e-07  1.195220265045881e+00 
 1.886241072875739e-07  1.195220265045882e+00 
 1.886441072875739e-07  1.195220265045882e+00 
 1.886641072875739e-07  1.195220265045882e+00 
 1.886841072875739e-07  1.195220265045881e+00 
 1.887041072875739e-07  1.195220265045882e+00 
 1.887241072875739e-07  1.195220265045882e+00 
 1.887441072875739e-07  1.195220265045882e+00 
 1.887641072875739e-07  1.195220265045881e+00 
 1.887841072875739e-07  1.195220265045882e+00 
 1.888041072875739e-07  1.195220265045882e+00 
 1.888241072875739e-07  1.195220265045882e+00 
 1.888441072875739e-07  1.195220265045881e+00 
 1.888641072875739e-07  1.195220265045882e+00 
 1.888841072875739e-07  1.195220265045882e+00 
 1.889041072875739e-07  1.195220265045882e+00 
 1.889241072875739e-07  1.195220265045881e+00 
 1.889441072875739e-07  1.195220265045882e+00 
 1.889641072875739e-07  1.195220265045882e+00 
 1.889841072875739e-07  1.195220265045882e+00 
 1.890041072875739e-07  1.195220265045881e+00 
 1.890241072875739e-07  1.195220265045882e+00 
 1.890441072875739e-07  1.195220265045882e+00 
 1.890641072875738e-07  1.195220265045882e+00 
 1.890841072875738e-07  1.195220265045881e+00 
 1.891041072875738e-07  1.195220265045882e+00 
 1.891241072875738e-07  1.195220265045882e+00 
 1.891441072875738e-07  1.195220265045882e+00 
 1.891641072875738e-07  1.195220265045881e+00 
 1.891841072875738e-07  1.195220265045882e+00 
 1.892041072875738e-07  1.195220265045882e+00 
 1.892241072875738e-07  1.195220265045882e+00 
 1.892441072875738e-07  1.195220265045881e+00 
 1.892641072875738e-07  1.195220265045882e+00 
 1.892841072875738e-07  1.195220265045882e+00 
 1.893041072875738e-07  1.195220265045882e+00 
 1.893241072875738e-07  1.195220265045881e+00 
 1.893441072875738e-07  1.195220265045882e+00 
 1.893641072875738e-07  1.195220265045882e+00 
 1.893841072875738e-07  1.195220265045882e+00 
 1.894041072875738e-07  1.195220265045881e+00 
 1.894241072875738e-07  1.195220265045882e+00 
 1.894441072875738e-07  1.195220265045882e+00 
 1.894641072875738e-07  1.195220265045882e+00 
 1.894841072875738e-07  1.195220265045881e+00 
 1.895041072875738e-07  1.195220265045882e+00 
 1.895241072875738e-07  1.195220265045882e+00 
 1.895441072875738e-07  1.195220265045882e+00 
 1.895641072875738e-07  1.195220265045881e+00 
 1.895841072875738e-07  1.195220265045882e+00 
 1.896041072875737e-07  1.195220265045882e+00 
 1.896241072875737e-07  1.195220265045882e+00 
 1.896441072875737e-07  1.195220265045881e+00 
 1.896641072875737e-07  1.195220265045882e+00 
 1.896841072875737e-07  1.195220265045882e+00 
 1.897041072875737e-07  1.195220265045882e+00 
 1.897241072875737e-07  1.195220265045881e+00 
 1.897441072875737e-07  1.195220265045882e+00 
 1.897641072875737e-07  1.195220265045882e+00 
 1.897841072875737e-07  1.195220265045882e+00 
 1.898041072875737e-07  1.195220265045881e+00 
 1.898241072875737e-07  1.195220265045882e+00 
 1.898441072875737e-07  1.195220265045882e+00 
 1.898641072875737e-07  1.195220265045882e+00 
 1.898841072875737e-07  1.195220265045881e+00 
 1.899041072875737e-07  1.195220265045882e+00 
 1.899241072875737e-07  1.195220265045882e+00 
 1.899441072875737e-07  1.195220265045882e+00 
 1.899641072875737e-07  1.195220265045881e+00 
 1.899841072875737e-07  1.195220265045882e+00 
 1.900041072875737e-07  1.195220265045882e+00 
 1.900241072875737e-07  1.195220265045882e+00 
 1.900441072875737e-07  1.195220265045881e+00 
 1.900641072875737e-07  1.195220265045882e+00 
 1.900841072875737e-07  1.195220265045882e+00 
 1.901041072875737e-07  1.195220265045882e+00 
 1.901241072875736e-07  1.195220265045881e+00 
 1.901441072875736e-07  1.195220265045882e+00 
 1.901641072875736e-07  1.195220265045882e+00 
 1.901841072875736e-07  1.195220265045882e+00 
 1.902041072875736e-07  1.195220265045881e+00 
 1.902241072875736e-07  1.195220265045882e+00 
 1.902441072875736e-07  1.195220265045882e+00 
 1.902641072875736e-07  1.195220265045882e+00 
 1.902841072875736e-07  1.195220265045881e+00 
 1.903041072875736e-07  1.195220265045882e+00 
 1.903241072875736e-07  1.195220265045882e+00 
 1.903441072875736e-07  1.195220265045882e+00 
 1.903641072875736e-07  1.195220265045881e+00 
 1.903841072875736e-07  1.195220265045882e+00 
 1.904041072875736e-07  1.195220265045882e+00 
 1.904241072875736e-07  1.195220265045882e+00 
 1.904441072875736e-07  1.195220265045881e+00 
 1.904641072875736e-07  1.195220265045882e+00 
 1.904841072875736e-07  1.195220265045882e+00 
 1.905041072875736e-07  1.195220265045882e+00 
 1.905241072875736e-07  1.195220265045881e+00 
 1.905441072875736e-07  1.195220265045882e+00 
 1.905641072875736e-07  1.195220265045882e+00 
 1.905841072875736e-07  1.195220265045882e+00 
 1.906041072875736e-07  1.195220265045881e+00 
 1.906241072875736e-07  1.195220265045882e+00 
 1.906441072875735e-07  1.195220265045882e+00 
 1.906641072875735e-07  1.195220265045882e+00 
 1.906841072875735e-07  1.195220265045881e+00 
 1.907041072875735e-07  1.195220265045882e+00 
 1.907241072875735e-07  1.195220265045882e+00 
 1.907441072875735e-07  1.195220265045882e+00 
 1.907641072875735e-07  1.195220265045881e+00 
 1.907841072875735e-07  1.195220265045882e+00 
 1.908041072875735e-07  1.195220265045882e+00 
 1.908241072875735e-07  1.195220265045882e+00 
 1.908441072875735e-07  1.195220265045881e+00 
 1.908641072875735e-07  1.195220265045882e+00 
 1.908841072875735e-07  1.195220265045882e+00 
 1.909041072875735e-07  1.195220265045882e+00 
 1.909241072875735e-07  1.195220265045881e+00 
 1.909441072875735e-07  1.195220265045882e+00 
 1.909641072875735e-07  1.195220265045882e+00 
 1.909841072875735e-07  1.195220265045882e+00 
 1.910041072875735e-07  1.195220265045881e+00 
 1.910241072875735e-07  1.195220265045882e+00 
 1.910441072875735e-07  1.195220265045882e+00 
 1.910641072875735e-07  1.195220265045882e+00 
 1.910841072875735e-07  1.195220265045881e+00 
 1.911041072875735e-07  1.195220265045882e+00 
 1.911241072875735e-07  1.195220265045882e+00 
 1.911441072875735e-07  1.195220265045882e+00 
 1.911641072875735e-07  1.195220265045881e+00 
 1.911841072875734e-07  1.195220265045882e+00 
 1.912041072875734e-07  1.195220265045882e+00 
 1.912241072875734e-07  1.195220265045882e+00 
 1.912441072875734e-07  1.195220265045881e+00 
 1.912641072875734e-07  1.195220265045882e+00 
 1.912841072875734e-07  1.195220265045882e+00 
 1.913041072875734e-07  1.195220265045882e+00 
 1.913241072875734e-07  1.195220265045881e+00 
 1.913441072875734e-07  1.195220265045882e+00 
 1.913641072875734e-07  1.195220265045882e+00 
 1.913841072875734e-07  1.195220265045882e+00 
 1.914041072875734e-07  1.195220265045881e+00 
 1.914241072875734e-07  1.195220265045882e+00 
 1.914441072875734e-07  1.195220265045882e+00 
 1.914641072875734e-07  1.195220265045882e+00 
 1.914841072875734e-07  1.195220265045881e+00 
 1.915041072875734e-07  1.195220265045882e+00 
 1.915241072875734e-07  1.195220265045882e+00 
 1.915441072875734e-07  1.195220265045882e+00 
 1.915641072875734e-07  1.195220265045881e+00 
 1.915841072875734e-07  1.195220265045882e+00 
 1.916041072875734e-07  1.195220265045882e+00 
 1.916241072875734e-07  1.195220265045882e+00 
 1.916441072875734e-07  1.195220265045881e+00 
 1.916641072875734e-07  1.195220265045882e+00 
 1.916841072875734e-07  1.195220265045882e+00 
 1.917041072875733e-07  1.195220265045882e+00 
 1.917241072875733e-07  1.195220265045881e+00 
 1.917441072875733e-07  1.195220265045882e+00 
 1.917641072875733e-07  1.195220265045882e+00 
 1.917841072875733e-07  1.195220265045882e+00 
 1.918041072875733e-07  1.195220265045881e+00 
 1.918241072875733e-07  1.195220265045882e+00 
 1.918441072875733e-07  1.195220265045882e+00 
 1.918641072875733e-07  1.195220265045882e+00 
 1.918841072875733e-07  1.195220265045881e+00 
 1.919041072875733e-07  1.195220265045882e+00 
 1.919241072875733e-07  1.195220265045882e+00 
 1.919441072875733e-07  1.195220265045882e+00 
 1.919641072875733e-07  1.195220265045881e+00 
 1.919841072875733e-07  1.195220265045882e+00 
 1.920041072875733e-07  1.195220265045882e+00 
 1.920241072875733e-07  1.195220265045882e+00 
 1.920441072875733e-07  1.195220265045881e+00 
 1.920641072875733e-07  1.195220265045882e+00 
 1.920841072875733e-07  1.195220265045882e+00 
 1.921041072875733e-07  1.195220265045882e+00 
 1.921241072875733e-07  1.195220265045881e+00 
 1.921441072875733e-07  1.195220265045882e+00 
 1.921641072875733e-07  1.195220265045882e+00 
 1.921841072875733e-07  1.195220265045882e+00 
 1.922041072875733e-07  1.195220265045881e+00 
 1.922241072875732e-07  1.195220265045882e+00 
 1.922441072875732e-07  1.195220265045882e+00 
 1.922641072875732e-07  1.195220265045882e+00 
 1.922841072875732e-07  1.195220265045881e+00 
 1.923041072875732e-07  1.195220265045882e+00 
 1.923241072875732e-07  1.195220265045882e+00 
 1.923441072875732e-07  1.195220265045882e+00 
 1.923641072875732e-07  1.195220265045881e+00 
 1.923841072875732e-07  1.195220265045882e+00 
 1.924041072875732e-07  1.195220265045882e+00 
 1.924241072875732e-07  1.195220265045882e+00 
 1.924441072875732e-07  1.195220265045881e+00 
 1.924641072875732e-07  1.195220265045882e+00 
 1.924841072875732e-07  1.195220265045882e+00 
 1.925041072875732e-07  1.195220265045882e+00 
 1.925241072875732e-07  1.195220265045881e+00 
 1.925441072875732e-07  1.195220265045882e+00 
 1.925641072875732e-07  1.195220265045882e+00 
 1.925841072875732e-07  1.195220265045882e+00 
 1.926041072875732e-07  1.195220265045881e+00 
 1.926241072875732e-07  1.195220265045882e+00 
 1.926441072875732e-07  1.195220265045882e+00 
 1.926641072875732e-07  1.195220265045882e+00 
 1.926841072875732e-07  1.195220265045881e+00 
 1.927041072875732e-07  1.195220265045882e+00 
 1.927241072875732e-07  1.195220265045882e+00 
 1.927441072875732e-07  1.195220265045882e+00 
 1.927641072875731e-07  1.195220265045881e+00 
 1.927841072875731e-07  1.195220265045882e+00 
 1.928041072875731e-07  1.195220265045882e+00 
 1.928241072875731e-07  1.195220265045882e+00 
 1.928441072875731e-07  1.195220265045881e+00 
 1.928641072875731e-07  1.195220265045882e+00 
 1.928841072875731e-07  1.195220265045882e+00 
 1.929041072875731e-07  1.195220265045882e+00 
 1.929241072875731e-07  1.195220265045881e+00 
 1.929441072875731e-07  1.195220265045882e+00 
 1.929641072875731e-07  1.195220265045882e+00 
 1.929841072875731e-07  1.195220265045882e+00 
 1.930041072875731e-07  1.195220265045881e+00 
 1.930241072875731e-07  1.195220265045882e+00 
 1.930441072875731e-07  1.195220265045882e+00 
 1.930641072875731e-07  1.195220265045882e+00 
 1.930841072875731e-07  1.195220265045881e+00 
 1.931041072875731e-07  1.195220265045882e+00 
 1.931241072875731e-07  1.195220265045882e+00 
 1.931441072875731e-07  1.195220265045882e+00 
 1.931641072875731e-07  1.195220265045881e+00 
 1.931841072875731e-07  1.195220265045882e+00 
 1.932041072875731e-07  1.195220265045882e+00 
 1.932241072875731e-07  1.195220265045882e+00 
 1.932441072875731e-07  1.195220265045881e+00 
 1.932641072875731e-07  1.195220265045882e+00 
 1.932841072875730e-07  1.195220265045882e+00 
 1.933041072875730e-07  1.195220265045882e+00 
 1.933241072875730e-07  1.195220265045881e+00 
 1.933441072875730e-07  1.195220265045882e+00 
 1.933641072875730e-07  1.195220265045882e+00 
 1.933841072875730e-07  1.195220265045882e+00 
 1.934041072875730e-07  1.195220265045881e+00 
 1.934241072875730e-07  1.195220265045882e+00 
 1.934441072875730e-07  1.195220265045882e+00 
 1.934641072875730e-07  1.195220265045882e+00 
 1.934841072875730e-07  1.195220265045881e+00 
 1.935041072875730e-07  1.195220265045882e+00 
 1.935241072875730e-07  1.195220265045882e+00 
 1.935441072875730e-07  1.195220265045882e+00 
 1.935641072875730e-07  1.195220265045881e+00 
 1.935841072875730e-07  1.195220265045882e+00 
 1.936041072875730e-07  1.195220265045882e+00 
 1.936241072875730e-07  1.195220265045882e+00 
 1.936441072875730e-07  1.195220265045881e+00 
 1.936641072875730e-07  1.195220265045882e+00 
 1.936841072875730e-07  1.195220265045882e+00 
 1.937041072875730e-07  1.195220265045882e+00 
 1.937241072875730e-07  1.195220265045881e+00 
 1.937441072875730e-07  1.195220265045882e+00 
 1.937641072875730e-07  1.195220265045882e+00 
 1.937841072875730e-07  1.195220265045882e+00 
 1.938041072875730e-07  1.195220265045881e+00 
 1.938241072875729e-07  1.195220265045882e+00 
 1.938441072875729e-07  1.195220265045882e+00 
 1.938641072875729e-07  1.195220265045882e+00 
 1.938841072875729e-07  1.195220265045881e+00 
 1.939041072875729e-07  1.195220265045882e+00 
 1.939241072875729e-07  1.195220265045882e+00 
 1.939441072875729e-07  1.195220265045882e+00 
 1.939641072875729e-07  1.195220265045881e+00 
 1.939841072875729e-07  1.195220265045882e+00 
 1.940041072875729e-07  1.195220265045882e+00 
 1.940241072875729e-07  1.195220265045882e+00 
 1.940441072875729e-07  1.195220265045881e+00 
 1.940641072875729e-07  1.195220265045882e+00 
 1.940841072875729e-07  1.195220265045882e+00 
 1.941041072875729e-07  1.195220265045882e+00 
 1.941241072875729e-07  1.195220265045881e+00 
 1.941441072875729e-07  1.195220265045882e+00 
 1.941641072875729e-07  1.195220265045882e+00 
 1.941841072875729e-07  1.195220265045882e+00 
 1.942041072875729e-07  1.195220265045881e+00 
 1.942241072875729e-07  1.195220265045882e+00 
 1.942441072875729e-07  1.195220265045882e+00 
 1.942641072875729e-07  1.195220265045882e+00 
 1.942841072875729e-07  1.195220265045881e+00 
 1.943041072875729e-07  1.195220265045882e+00 
 1.943241072875729e-07  1.195220265045882e+00 
 1.943441072875728e-07  1.195220265045882e+00 
 1.943641072875728e-07  1.195220265045881e+00 
 1.943841072875728e-07  1.195220265045882e+00 
 1.944041072875728e-07  1.195220265045882e+00 
 1.944241072875728e-07  1.195220265045882e+00 
 1.944441072875728e-07  1.195220265045881e+00 
 1.944641072875728e-07  1.195220265045882e+00 
 1.944841072875728e-07  1.195220265045882e+00 
 1.945041072875728e-07  1.195220265045882e+00 
 1.945241072875728e-07  1.195220265045881e+00 
 1.945441072875728e-07  1.195220265045882e+00 
 1.945641072875728e-07  1.195220265045882e+00 
 1.945841072875728e-07  1.195220265045882e+00 
 1.946041072875728e-07  1.195220265045881e+00 
 1.946241072875728e-07  1.195220265045882e+00 
 1.946441072875728e-07  1.195220265045882e+00 
 1.946641072875728e-07  1.195220265045882e+00 
 1.946841072875728e-07  1.195220265045881e+00 
 1.947041072875728e-07  1.195220265045882e+00 
 1.947241072875728e-07  1.195220265045882e+00 
 1.947441072875728e-07  1.195220265045882e+00 
 1.947641072875728e-07  1.195220265045881e+00 
 1.947841072875728e-07  1.195220265045882e+00 
 1.948041072875728e-07  1.195220265045882e+00 
 1.948241072875728e-07  1.195220265045882e+00 
 1.948441072875728e-07  1.195220265045881e+00 
 1.948641072875727e-07  1.195220265045882e+00 
 1.948841072875727e-07  1.195220265045882e+00 
 1.949041072875727e-07  1.195220265045882e+00 
 1.949241072875727e-07  1.195220265045881e+00 
 1.949441072875727e-07  1.195220265045882e+00 
 1.949641072875727e-07  1.195220265045882e+00 
 1.949841072875727e-07  1.195220265045882e+00 
 1.950041072875727e-07  1.195220265045881e+00 
 1.950241072875727e-07  1.195220265045882e+00 
 1.950441072875727e-07  1.195220265045882e+00 
 1.950641072875727e-07  1.195220265045882e+00 
 1.950841072875727e-07  1.195220265045881e+00 
 1.951041072875727e-07  1.195220265045882e+00 
 1.951241072875727e-07  1.195220265045882e+00 
 1.951441072875727e-07  1.195220265045882e+00 
 1.951641072875727e-07  1.195220265045881e+00 
 1.951841072875727e-07  1.195220265045882e+00 
 1.952041072875727e-07  1.195220265045882e+00 
 1.952241072875727e-07  1.195220265045882e+00 
 1.952441072875727e-07  1.195220265045881e+00 
 1.952641072875727e-07  1.195220265045882e+00 
 1.952841072875727e-07  1.195220265045882e+00 
 1.953041072875727e-07  1.195220265045882e+00 
 1.953241072875727e-07  1.195220265045881e+00 
 1.953441072875727e-07  1.195220265045882e+00 
 1.953641072875727e-07  1.195220265045882e+00 
 1.953841072875727e-07  1.195220265045882e+00 
 1.954041072875726e-07  1.195220265045881e+00 
 1.954241072875726e-07  1.195220265045882e+00 
 1.954441072875726e-07  1.195220265045882e+00 
 1.954641072875726e-07  1.195220265045882e+00 
 1.954841072875726e-07  1.195220265045881e+00 
 1.955041072875726e-07  1.195220265045882e+00 
 1.955241072875726e-07  1.195220265045882e+00 
 1.955441072875726e-07  1.195220265045882e+00 
 1.955641072875726e-07  1.195220265045881e+00 
 1.955841072875726e-07  1.195220265045882e+00 
 1.956041072875726e-07  1.195220265045882e+00 
 1.956241072875726e-07  1.195220265045882e+00 
 1.956441072875726e-07  1.195220265045881e+00 
 1.956641072875726e-07  1.195220265045882e+00 
 1.956841072875726e-07  1.195220265045882e+00 
 1.957041072875726e-07  1.195220265045882e+00 
 1.957241072875726e-07  1.195220265045881e+00 
 1.957441072875726e-07  1.195220265045882e+00 
 1.957641072875726e-07  1.195220265045882e+00 
 1.957841072875726e-07  1.195220265045882e+00 
 1.958041072875726e-07  1.195220265045881e+00 
 1.958241072875726e-07  1.195220265045882e+00 
 1.958441072875726e-07  1.195220265045882e+00 
 1.958641072875726e-07  1.195220265045882e+00 
 1.958841072875726e-07  1.195220265045881e+00 
 1.959041072875726e-07  1.195220265045882e+00 
 1.959241072875725e-07  1.195220265045882e+00 
 1.959441072875725e-07  1.195220265045882e+00 
 1.959641072875725e-07  1.195220265045881e+00 
 1.959841072875725e-07  1.195220265045882e+00 
 1.960041072875725e-07  1.195220265045882e+00 
 1.960241072875725e-07  1.195220265045882e+00 
 1.960441072875725e-07  1.195220265045881e+00 
 1.960641072875725e-07  1.195220265045882e+00 
 1.960841072875725e-07  1.195220265045882e+00 
 1.961041072875725e-07  1.195220265045882e+00 
 1.961241072875725e-07  1.195220265045881e+00 
 1.961441072875725e-07  1.195220265045882e+00 
 1.961641072875725e-07  1.195220265045882e+00 
 1.961841072875725e-07  1.195220265045882e+00 
 1.962041072875725e-07  1.195220265045881e+00 
 1.962241072875725e-07  1.195220265045882e+00 
 1.962441072875725e-07  1.195220265045882e+00 
 1.962641072875725e-07  1.195220265045882e+00 
 1.962841072875725e-07  1.195220265045881e+00 
 1.963041072875725e-07  1.195220265045882e+00 
 1.963241072875725e-07  1.195220265045882e+00 
 1.963441072875725e-07  1.195220265045882e+00 
 1.963641072875725e-07  1.195220265045881e+00 
 1.963841072875725e-07  1.195220265045882e+00 
 1.964041072875725e-07  1.195220265045882e+00 
 1.964241072875725e-07  1.195220265045882e+00 
 1.964441072875724e-07  1.195220265045881e+00 
 1.964641072875724e-07  1.195220265045882e+00 
 1.964841072875724e-07  1.195220265045882e+00 
 1.965041072875724e-07  1.195220265045882e+00 
 1.965241072875724e-07  1.195220265045881e+00 
 1.965441072875724e-07  1.195220265045882e+00 
 1.965641072875724e-07  1.195220265045882e+00 
 1.965841072875724e-07  1.195220265045882e+00 
 1.966041072875724e-07  1.195220265045881e+00 
 1.966241072875724e-07  1.195220265045882e+00 
 1.966441072875724e-07  1.195220265045882e+00 
 1.966641072875724e-07  1.195220265045882e+00 
 1.966841072875724e-07  1.195220265045881e+00 
 1.967041072875724e-07  1.195220265045882e+00 
 1.967241072875724e-07  1.195220265045882e+00 
 1.967441072875724e-07  1.195220265045882e+00 
 1.967641072875724e-07  1.195220265045881e+00 
 1.967841072875724e-07  1.195220265045882e+00 
 1.968041072875724e-07  1.195220265045882e+00 
 1.968241072875724e-07  1.195220265045882e+00 
 1.968441072875724e-07  1.195220265045881e+00 
 1.968641072875724e-07  1.195220265045882e+00 
 1.968841072875724e-07  1.195220265045882e+00 
 1.969041072875724e-07  1.195220265045882e+00 
 1.969241072875724e-07  1.195220265045881e+00 
 1.969441072875724e-07  1.195220265045882e+00 
 1.969641072875724e-07  1.195220265045882e+00 
 1.969841072875723e-07  1.195220265045882e+00 
 1.970041072875723e-07  1.195220265045881e+00 
 1.970241072875723e-07  1.195220265045882e+00 
 1.970441072875723e-07  1.195220265045882e+00 
 1.970641072875723e-07  1.195220265045882e+00 
 1.970841072875723e-07  1.195220265045881e+00 
 1.971041072875723e-07  1.195220265045882e+00 
 1.971241072875723e-07  1.195220265045882e+00 
 1.971441072875723e-07  1.195220265045882e+00 
 1.971641072875723e-07  1.195220265045881e+00 
 1.971841072875723e-07  1.195220265045882e+00 
 1.972041072875723e-07  1.195220265045882e+00 
 1.972241072875723e-07  1.195220265045882e+00 
 1.972441072875723e-07  1.195220265045881e+00 
 1.972641072875723e-07  1.195220265045882e+00 
 1.972841072875723e-07  1.195220265045882e+00 
 1.973041072875723e-07  1.195220265045882e+00 
 1.973241072875723e-07  1.195220265045881e+00 
 1.973441072875723e-07  1.195220265045882e+00 
 1.973641072875723e-07  1.195220265045882e+00 
 1.973841072875723e-07  1.195220265045882e+00 
 1.974041072875723e-07  1.195220265045881e+00 
 1.974241072875723e-07  1.195220265045882e+00 
 1.974441072875723e-07  1.195220265045882e+00 
 1.974641072875723e-07  1.195220265045882e+00 
 1.974841072875723e-07  1.195220265045881e+00 
 1.975041072875722e-07  1.195220265045882e+00 
 1.975241072875722e-07  1.195220265045882e+00 
 1.975441072875722e-07  1.195220265045882e+00 
 1.975641072875722e-07  1.195220265045881e+00 
 1.975841072875722e-07  1.195220265045882e+00 
 1.976041072875722e-07  1.195220265045882e+00 
 1.976241072875722e-07  1.195220265045882e+00 
 1.976441072875722e-07  1.195220265045881e+00 
 1.976641072875722e-07  1.195220265045882e+00 
 1.976841072875722e-07  1.195220265045882e+00 
 1.977041072875722e-07  1.195220265045882e+00 
 1.977241072875722e-07  1.195220265045881e+00 
 1.977441072875722e-07  1.195220265045882e+00 
 1.977641072875722e-07  1.195220265045882e+00 
 1.977841072875722e-07  1.195220265045882e+00 
 1.978041072875722e-07  1.195220265045881e+00 
 1.978241072875722e-07  1.195220265045882e+00 
 1.978441072875722e-07  1.195220265045882e+00 
 1.978641072875722e-07  1.195220265045882e+00 
 1.978841072875722e-07  1.195220265045881e+00 
 1.979041072875722e-07  1.195220265045882e+00 
 1.979241072875722e-07  1.195220265045882e+00 
 1.979441072875722e-07  1.195220265045882e+00 
 1.979641072875722e-07  1.195220265045881e+00 
 1.979841072875722e-07  1.195220265045882e+00 
 1.980041072875722e-07  1.195220265045882e+00 
 1.980241072875722e-07  1.195220265045882e+00 
 1.980441072875721e-07  1.195220265045881e+00 
 1.980641072875721e-07  1.195220265045882e+00 
 1.980841072875721e-07  1.195220265045882e+00 
 1.981041072875721e-07  1.195220265045882e+00 
 1.981241072875721e-07  1.195220265045881e+00 
 1.981441072875721e-07  1.195220265045882e+00 
 1.981641072875721e-07  1.195220265045882e+00 
 1.981841072875721e-07  1.195220265045882e+00 
 1.982041072875721e-07  1.195220265045881e+00 
 1.982241072875721e-07  1.195220265045882e+00 
 1.982441072875721e-07  1.195220265045882e+00 
 1.982641072875721e-07  1.195220265045882e+00 
 1.982841072875721e-07  1.195220265045881e+00 
 1.983041072875721e-07  1.195220265045882e+00 
 1.983241072875721e-07  1.195220265045882e+00 
 1.983441072875721e-07  1.195220265045882e+00 
 1.983641072875721e-07  1.195220265045881e+00 
 1.983841072875721e-07  1.195220265045882e+00 
 1.984041072875721e-07  1.195220265045882e+00 
 1.984241072875721e-07  1.195220265045882e+00 
 1.984441072875721e-07  1.195220265045881e+00 
 1.984641072875721e-07  1.195220265045882e+00 
 1.984841072875721e-07  1.195220265045882e+00 
 1.985041072875721e-07  1.195220265045882e+00 
 1.985241072875721e-07  1.195220265045881e+00 
 1.985441072875721e-07  1.195220265045882e+00 
 1.985641072875720e-07  1.195220265045882e+00 
 1.985841072875720e-07  1.195220265045882e+00 
 1.986041072875720e-07  1.195220265045881e+00 
 1.986241072875720e-07  1.195220265045882e+00 
 1.986441072875720e-07  1.195220265045882e+00 
 1.986641072875720e-07  1.195220265045882e+00 
 1.986841072875720e-07  1.195220265045881e+00 
 1.987041072875720e-07  1.195220265045882e+00 
 1.987241072875720e-07  1.195220265045882e+00 
 1.987441072875720e-07  1.195220265045882e+00 
 1.987641072875720e-07  1.195220265045881e+00 
 1.987841072875720e-07  1.195220265045882e+00 
 1.988041072875720e-07  1.195220265045882e+00 
 1.988241072875720e-07  1.195220265045882e+00 
 1.988441072875720e-07  1.195220265045881e+00 
 1.988641072875720e-07  1.195220265045882e+00 
 1.988841072875720e-07  1.195220265045882e+00 
 1.989041072875720e-07  1.195220265045882e+00 
 1.989241072875720e-07  1.195220265045881e+00 
 1.989441072875720e-07  1.195220265045882e+00 
 1.989641072875720e-07  1.195220265045882e+00 
 1.989841072875720e-07  1.195220265045882e+00 
 1.990041072875720e-07  1.195220265045881e+00 
 1.990241072875720e-07  1.195220265045882e+00 
 1.990441072875720e-07  1.195220265045882e+00 
 1.990641072875720e-07  1.195220265045882e+00 
 1.990841072875719e-07  1.195220265045881e+00 
 1.991041072875719e-07  1.195220265045882e+00 
 1.991241072875719e-07  1.195220265045882e+00 
 1.991441072875719e-07  1.195220265045882e+00 
 1.991641072875719e-07  1.195220265045881e+00 
 1.991841072875719e-07  1.195220265045882e+00 
 1.992041072875719e-07  1.195220265045882e+00 
 1.992241072875719e-07  1.195220265045882e+00 
 1.992441072875719e-07  1.195220265045881e+00 
 1.992641072875719e-07  1.195220265045882e+00 
 1.992841072875719e-07  1.195220265045882e+00 
 1.993041072875719e-07  1.195220265045882e+00 
 1.993241072875719e-07  1.195220265045881e+00 
 1.993441072875719e-07  1.195220265045882e+00 
 1.993641072875719e-07  1.195220265045882e+00 
 1.993841072875719e-07  1.195220265045882e+00 
 1.994041072875719e-07  1.195220265045881e+00 
 1.994241072875719e-07  1.195220265045882e+00 
 1.994441072875719e-07  1.195220265045882e+00 
 1.994641072875719e-07  1.195220265045882e+00 
 1.994841072875719e-07  1.195220265045881e+00 
 1.995041072875719e-07  1.195220265045882e+00 
 1.995241072875719e-07  1.195220265045882e+00 
 1.995441072875719e-07  1.195220265045882e+00 
 1.995641072875719e-07  1.195220265045881e+00 
 1.995841072875719e-07  1.195220265045882e+00 
 1.996041072875719e-07  1.195220265045882e+00 
 1.996241072875718e-07  1.195220265045882e+00 
 1.996441072875718e-07  1.195220265045881e+00 
 1.996641072875718e-07  1.195220265045882e+00 
 1.996841072875718e-07  1.195220265045882e+00 
 1.997041072875718e-07  1.195220265045882e+00 
 1.997241072875718e-07  1.195220265045881e+00 
 1.997441072875718e-07  1.195220265045882e+00 
 1.997641072875718e-07  1.195220265045882e+00 
 1.997841072875718e-07  1.195220265045882e+00 
 1.998041072875718e-07  1.195220265045881e+00 
 1.998241072875718e-07  1.195220265045882e+00 
 1.998441072875718e-07  1.195220265045882e+00 
 1.998641072875718e-07  1.195220265045882e+00 
 1.998841072875718e-07  1.195220265045881e+00 
 1.999041072875718e-07  1.195220265045882e+00 
 1.999241072875718e-07  1.195220265045882e+00 
 1.999441072875718e-07  1.195220265045882e+00 
 1.999641072875718e-07  1.195220265045881e+00 
 1.999841072875718e-07  1.195220265045882e+00 
 2.000041072875718e-07  1.195220265045882e+00 
 2.000241072875718e-07  1.195220265045882e+00 
 2.000441072875718e-07  1.195220265045881e+00 
 2.000641072875718e-07  1.195220265045882e+00 
 2.000841072875718e-07  1.195220265045882e+00 
 2.001041072875718e-07  1.195220265045882e+00 
 2.001241072875718e-07  1.195220265045881e+00 
 2.001441072875717e-07  1.195220265045882e+00 
 2.001641072875717e-07  1.195220265045882e+00 
 2.001841072875717e-07  1.195220265045882e+00 
 2.002041072875717e-07  1.195220265045881e+00 
 2.002241072875717e-07  1.195220265045882e+00 
 2.002441072875717e-07  1.195220265045882e+00 
 2.002641072875717e-07  1.195220265045882e+00 
 2.002841072875717e-07  1.195220265045881e+00 
 2.003041072875717e-07  1.195220265045882e+00 
 2.003241072875717e-07  1.195220265045882e+00 
 2.003441072875717e-07  1.195220265045882e+00 
 2.003641072875717e-07  1.195220265045881e+00 
 2.003841072875717e-07  1.195220265045882e+00 
 2.004041072875717e-07  1.195220265045882e+00 
 2.004241072875717e-07  1.195220265045882e+00 
 2.004441072875717e-07  1.195220265045881e+00 
 2.004641072875717e-07  1.195220265045882e+00 
 2.004841072875717e-07  1.195220265045882e+00 
 2.005041072875717e-07  1.195220265045882e+00 
 2.005241072875717e-07  1.195220265045881e+00 
 2.005441072875717e-07  1.195220265045882e+00 
 2.005641072875717e-07  1.195220265045882e+00 
 2.005841072875717e-07  1.195220265045882e+00 
 2.006041072875717e-07  1.195220265045881e+00 
 2.006241072875717e-07  1.195220265045882e+00 
 2.006441072875717e-07  1.195220265045882e+00 
 2.006641072875716e-07  1.195220265045882e+00 
 2.006841072875716e-07  1.195220265045881e+00 
 2.007041072875716e-07  1.195220265045882e+00 
 2.007241072875716e-07  1.195220265045882e+00 
 2.007441072875716e-07  1.195220265045882e+00 
 2.007641072875716e-07  1.195220265045881e+00 
 2.007841072875716e-07  1.195220265045882e+00 
 2.008041072875716e-07  1.195220265045882e+00 
 2.008241072875716e-07  1.195220265045882e+00 
 2.008441072875716e-07  1.195220265045881e+00 
 2.008641072875716e-07  1.195220265045882e+00 
 2.008841072875716e-07  1.195220265045882e+00 
 2.009041072875716e-07  1.195220265045882e+00 
 2.009241072875716e-07  1.195220265045881e+00 
 2.009441072875716e-07  1.195220265045882e+00 
 2.009641072875716e-07  1.195220265045882e+00 
 2.009841072875716e-07  1.195220265045882e+00 
 2.010041072875716e-07  1.195220265045881e+00 
 2.010241072875716e-07  1.195220265045882e+00 
 2.010441072875716e-07  1.195220265045882e+00 
 2.010641072875716e-07  1.195220265045882e+00 
 2.010841072875716e-07  1.195220265045881e+00 
 2.011041072875716e-07  1.195220265045882e+00 
 2.011241072875716e-07  1.195220265045882e+00 
 2.011441072875716e-07  1.195220265045882e+00 
 2.011641072875716e-07  1.195220265045881e+00 
 2.011841072875716e-07  1.195220265045882e+00 
 2.012041072875715e-07  1.195220265045882e+00 
 2.012241072875715e-07  1.195220265045882e+00 
 2.012441072875715e-07  1.195220265045881e+00 
 2.012641072875715e-07  1.195220265045882e+00 
 2.012841072875715e-07  1.195220265045882e+00 
 2.013041072875715e-07  1.195220265045882e+00 
 2.013241072875715e-07  1.195220265045881e+00 
 2.013441072875715e-07  1.195220265045882e+00 
 2.013641072875715e-07  1.195220265045882e+00 
 2.013841072875715e-07  1.195220265045882e+00 
 2.014041072875715e-07  1.195220265045881e+00 
 2.014241072875715e-07  1.195220265045882e+00 
 2.014441072875715e-07  1.195220265045882e+00 
 2.014641072875715e-07  1.195220265045882e+00 
 2.014841072875715e-07  1.195220265045881e+00 
 2.015041072875715e-07  1.195220265045882e+00 
 2.015241072875715e-07  1.195220265045882e+00 
 2.015441072875715e-07  1.195220265045882e+00 
 2.015641072875715e-07  1.195220265045881e+00 
 2.015841072875715e-07  1.195220265045882e+00 
 2.016041072875715e-07  1.195220265045882e+00 
 2.016241072875715e-07  1.195220265045882e+00 
 2.016441072875715e-07  1.195220265045881e+00 
 2.016641072875715e-07  1.195220265045882e+00 
 2.016841072875715e-07  1.195220265045882e+00 
 2.017041072875715e-07  1.195220265045882e+00 
 2.017241072875714e-07  1.195220265045881e+00 
 2.017441072875714e-07  1.195220265045882e+00 
 2.017641072875714e-07  1.195220265045882e+00 
 2.017841072875714e-07  1.195220265045882e+00 
 2.018041072875714e-07  1.195220265045881e+00 
 2.018241072875714e-07  1.195220265045882e+00 
 2.018441072875714e-07  1.195220265045882e+00 
 2.018641072875714e-07  1.195220265045882e+00 
 2.018841072875714e-07  1.195220265045881e+00 
 2.019041072875714e-07  1.195220265045882e+00 
 2.019241072875714e-07  1.195220265045882e+00 
 2.019441072875714e-07  1.195220265045882e+00 
 2.019641072875714e-07  1.195220265045881e+00 
 2.019841072875714e-07  1.195220265045882e+00 
 2.020041072875714e-07  1.195220265045882e+00 
 2.020241072875714e-07  1.195220265045882e+00 
 2.020441072875714e-07  1.195220265045881e+00 
 2.020641072875714e-07  1.195220265045882e+00 
 2.020841072875714e-07  1.195220265045882e+00 
 2.021041072875714e-07  1.195220265045882e+00 
 2.021241072875714e-07  1.195220265045881e+00 
 2.021441072875714e-07  1.195220265045882e+00 
 2.021641072875714e-07  1.195220265045882e+00 
 2.021841072875714e-07  1.195220265045882e+00 
 2.022041072875714e-07  1.195220265045881e+00 
 2.022241072875714e-07  1.195220265045882e+00 
 2.022441072875714e-07  1.195220265045882e+00 
 2.022641072875713e-07  1.195220265045882e+00 
 2.022841072875713e-07  1.195220265045881e+00 
 2.023041072875713e-07  1.195220265045882e+00 
 2.023241072875713e-07  1.195220265045882e+00 
 2.023441072875713e-07  1.195220265045882e+00 
 2.023641072875713e-07  1.195220265045881e+00 
 2.023841072875713e-07  1.195220265045882e+00 
 2.024041072875713e-07  1.195220265045882e+00 
 2.024241072875713e-07  1.195220265045882e+00 
 2.024441072875713e-07  1.195220265045881e+00 
 2.024641072875713e-07  1.195220265045882e+00 
 2.024841072875713e-07  1.195220265045882e+00 
 2.025041072875713e-07  1.195220265045882e+00 
 2.025241072875713e-07  1.195220265045881e+00 
 2.025441072875713e-07  1.195220265045882e+00 
 2.025641072875713e-07  1.195220265045882e+00 
 2.025841072875713e-07  1.195220265045882e+00 
 2.026041072875713e-07  1.195220265045881e+00 
 2.026241072875713e-07  1.195220265045882e+00 
 2.026441072875713e-07  1.195220265045882e+00 
 2.026641072875713e-07  1.195220265045882e+00 
 2.026841072875713e-07  1.195220265045881e+00 
 2.027041072875713e-07  1.195220265045882e+00 
 2.027241072875713e-07  1.195220265045882e+00 
 2.027441072875713e-07  1.195220265045882e+00 
 2.027641072875713e-07  1.195220265045881e+00 
 2.027841072875712e-07  1.195220265045882e+00 
 2.028041072875712e-07  1.195220265045882e+00 
 2.028241072875712e-07  1.195220265045882e+00 
 2.028441072875712e-07  1.195220265045881e+00 
 2.028641072875712e-07  1.195220265045882e+00 
 2.028841072875712e-07  1.195220265045882e+00 
 2.029041072875712e-07  1.195220265045882e+00 
 2.029241072875712e-07  1.195220265045881e+00 
 2.029441072875712e-07  1.195220265045882e+00 
 2.029641072875712e-07  1.195220265045882e+00 
 2.029841072875712e-07  1.195220265045882e+00 
 2.030041072875712e-07  1.195220265045881e+00 
 2.030241072875712e-07  1.195220265045882e+00 
 2.030441072875712e-07  1.195220265045882e+00 
 2.030641072875712e-07  1.195220265045882e+00 
 2.030841072875712e-07  1.195220265045881e+00 
 2.031041072875712e-07  1.195220265045882e+00 
 2.031241072875712e-07  1.195220265045882e+00 
 2.031441072875712e-07  1.195220265045882e+00 
 2.031641072875712e-07  1.195220265045881e+00 
 2.031841072875712e-07  1.195220265045882e+00 
 2.032041072875712e-07  1.195220265045882e+00 
 2.032241072875712e-07  1.195220265045882e+00 
 2.032441072875712e-07  1.195220265045881e+00 
 2.032641072875712e-07  1.195220265045882e+00 
 2.032841072875712e-07  1.195220265045882e+00 
 2.033041072875711e-07  1.195220265045882e+00 
 2.033241072875711e-07  1.195220265045881e+00 
 2.033441072875711e-07  1.195220265045882e+00 
 2.033641072875711e-07  1.195220265045882e+00 
 2.033841072875711e-07  1.195220265045882e+00 
 2.034041072875711e-07  1.195220265045881e+00 
 2.034241072875711e-07  1.195220265045882e+00 
 2.034441072875711e-07  1.195220265045882e+00 
 2.034641072875711e-07  1.195220265045882e+00 
 2.034841072875711e-07  1.195220265045881e+00 
 2.035041072875711e-07  1.195220265045882e+00 
 2.035241072875711e-07  1.195220265045882e+00 
 2.035441072875711e-07  1.195220265045882e+00 
 2.035641072875711e-07  1.195220265045881e+00 
 2.035841072875711e-07  1.195220265045882e+00 
 2.036041072875711e-07  1.195220265045882e+00 
 2.036241072875711e-07  1.195220265045882e+00 
 2.036441072875711e-07  1.195220265045881e+00 
 2.036641072875711e-07  1.195220265045882e+00 
 2.036841072875711e-07  1.195220265045882e+00 
 2.037041072875711e-07  1.195220265045882e+00 
 2.037241072875711e-07  1.195220265045881e+00 
 2.037441072875711e-07  1.195220265045882e+00 
 2.037641072875711e-07  1.195220265045882e+00 
 2.037841072875711e-07  1.195220265045882e+00 
 2.038041072875711e-07  1.195220265045881e+00 
 2.038241072875711e-07  1.195220265045882e+00 
 2.038441072875710e-07  1.195220265045882e+00 
 2.038641072875710e-07  1.195220265045882e+00 
 2.038841072875710e-07  1.195220265045881e+00 
 2.039041072875710e-07  1.195220265045882e+00 
 2.039241072875710e-07  1.195220265045882e+00 
 2.039441072875710e-07  1.195220265045882e+00 
 2.039641072875710e-07  1.195220265045881e+00 
 2.039841072875710e-07  1.195220265045882e+00 
 2.040041072875710e-07  1.195220265045882e+00 
 2.040241072875710e-07  1.195220265045882e+00 
 2.040441072875710e-07  1.195220265045881e+00 
 2.040641072875710e-07  1.195220265045882e+00 
 2.040841072875710e-07  1.195220265045882e+00 
 2.041041072875710e-07  1.195220265045882e+00 
 2.041241072875710e-07  1.195220265045881e+00 
 2.041441072875710e-07  1.195220265045882e+00 
 2.041641072875710e-07  1.195220265045882e+00 
 2.041841072875710e-07  1.195220265045882e+00 
 2.042041072875710e-07  1.195220265045881e+00 
 2.042241072875710e-07  1.195220265045882e+00 
 2.042441072875710e-07  1.195220265045882e+00 
 2.042641072875710e-07  1.195220265045882e+00 
 2.042841072875710e-07  1.195220265045881e+00 
 2.043041072875710e-07  1.195220265045882e+00 
 2.043241072875710e-07  1.195220265045882e+00 
 2.043441072875710e-07  1.195220265045882e+00 
 2.043641072875709e-07  1.195220265045881e+00 
 2.043841072875709e-07  1.195220265045882e+00 
 2.044041072875709e-07  1.195220265045882e+00 
 2.044241072875709e-07  1.195220265045882e+00 
 2.044441072875709e-07  1.195220265045881e+00 
 2.044641072875709e-07  1.195220265045882e+00 
 2.044841072875709e-07  1.195220265045882e+00 
 2.045041072875709e-07  1.195220265045882e+00 
 2.045241072875709e-07  1.195220265045881e+00 
 2.045441072875709e-07  1.195220265045882e+00 
 2.045641072875709e-07  1.195220265045882e+00 
 2.045841072875709e-07  1.195220265045882e+00 
 2.046041072875709e-07  1.195220265045881e+00 
 2.046241072875709e-07  1.195220265045882e+00 
 2.046441072875709e-07  1.195220265045882e+00 
 2.046641072875709e-07  1.195220265045882e+00 
 2.046841072875709e-07  1.195220265045881e+00 
 2.047041072875709e-07  1.195220265045882e+00 
 2.047241072875709e-07  1.195220265045882e+00 
 2.047441072875709e-07  1.195220265045882e+00 
 2.047641072875709e-07  1.195220265045881e+00 
 2.047841072875709e-07  1.195220265045882e+00 
 2.048041072875709e-07  1.195220265045882e+00 
 2.048241072875709e-07  1.195220265045882e+00 
 2.048441072875709e-07  1.195220265045881e+00 
 2.048641072875709e-07  1.195220265045882e+00 
 2.048841072875708e-07  1.195220265045882e+00 
 2.049041072875708e-07  1.195220265045882e+00 
 2.049241072875708e-07  1.195220265045881e+00 
 2.049441072875708e-07  1.195220265045882e+00 
 2.049641072875708e-07  1.195220265045882e+00 
 2.049841072875708e-07  1.195220265045882e+00 
 2.050041072875708e-07  1.195220265045881e+00 
 2.050241072875708e-07  1.195220265045882e+00 
 2.050441072875708e-07  1.195220265045882e+00 
 2.050641072875708e-07  1.195220265045882e+00 
 2.050841072875708e-07  1.195220265045881e+00 
 2.051041072875708e-07  1.195220265045882e+00 
 2.051241072875708e-07  1.195220265045882e+00 
 2.051441072875708e-07  1.195220265045882e+00 
 2.051641072875708e-07  1.195220265045881e+00 
 2.051841072875708e-07  1.195220265045882e+00 
 2.052041072875708e-07  1.195220265045882e+00 
 2.052241072875708e-07  1.195220265045882e+00 
 2.052441072875708e-07  1.195220265045881e+00 
 2.052641072875708e-07  1.195220265045882e+00 
 2.052841072875708e-07  1.195220265045882e+00 
 2.053041072875708e-07  1.195220265045882e+00 
 2.053241072875708e-07  1.195220265045881e+00 
 2.053441072875708e-07  1.195220265045882e+00 
 2.053641072875708e-07  1.195220265045882e+00 
 2.053841072875708e-07  1.195220265045882e+00 
 2.054041072875708e-07  1.195220265045881e+00 
 2.054241072875707e-07  1.195220265045882e+00 
 2.054441072875707e-07  1.195220265045882e+00 
 2.054641072875707e-07  1.195220265045882e+00 
 2.054841072875707e-07  1.195220265045881e+00 
 2.055041072875707e-07  1.195220265045882e+00 
 2.055241072875707e-07  1.195220265045882e+00 
 2.055441072875707e-07  1.195220265045882e+00 
 2.055641072875707e-07  1.195220265045881e+00 
 2.055841072875707e-07  1.195220265045882e+00 
 2.056041072875707e-07  1.195220265045882e+00 
 2.056241072875707e-07  1.195220265045882e+00 
 2.056441072875707e-07  1.195220265045881e+00 
 2.056641072875707e-07  1.195220265045882e+00 
 2.056841072875707e-07  1.195220265045882e+00 
 2.057041072875707e-07  1.195220265045882e+00 
 2.057241072875707e-07  1.195220265045881e+00 
 2.057441072875707e-07  1.195220265045882e+00 
 2.057641072875707e-07  1.195220265045882e+00 
 2.057841072875707e-07  1.195220265045882e+00 
 2.058041072875707e-07  1.195220265045881e+00 
 2.058241072875707e-07  1.195220265045882e+00 
 2.058441072875707e-07  1.195220265045882e+00 
 2.058641072875707e-07  1.195220265045882e+00 
 2.058841072875707e-07  1.195220265045881e+00 
 2.059041072875707e-07  1.195220265045882e+00 
 2.059241072875707e-07  1.195220265045882e+00 
 2.059441072875706e-07  1.195220265045882e+00 
 2.059641072875706e-07  1.195220265045881e+00 
 2.059841072875706e-07  1.195220265045882e+00 
 2.060041072875706e-07  1.195220265045882e+00 
 2.060241072875706e-07  1.195220265045882e+00 
 2.060441072875706e-07  1.195220265045881e+00 
 2.060641072875706e-07  1.195220265045882e+00 
 2.060841072875706e-07  1.195220265045882e+00 
 2.061041072875706e-07  1.195220265045882e+00 
 2.061241072875706e-07  1.195220265045881e+00 
 2.061441072875706e-07  1.195220265045882e+00 
 2.061641072875706e-07  1.195220265045882e+00 
 2.061841072875706e-07  1.195220265045882e+00 
 2.062041072875706e-07  1.195220265045881e+00 
 2.062241072875706e-07  1.195220265045882e+00 
 2.062441072875706e-07  1.195220265045882e+00 
 2.062641072875706e-07  1.195220265045882e+00 
 2.062841072875706e-07  1.195220265045881e+00 
 2.063041072875706e-07  1.195220265045882e+00 
 2.063241072875706e-07  1.195220265045882e+00 
 2.063441072875706e-07  1.195220265045882e+00 
 2.063641072875706e-07  1.195220265045881e+00 
 2.063841072875706e-07  1.195220265045882e+00 
 2.064041072875706e-07  1.195220265045882e+00 
 2.064241072875706e-07  1.195220265045882e+00 
 2.064441072875706e-07  1.195220265045881e+00 
 2.064641072875706e-07  1.195220265045882e+00 
 2.064841072875705e-07  1.195220265045882e+00 
 2.065041072875705e-07  1.195220265045882e+00 
 2.065241072875705e-07  1.195220265045881e+00 
 2.065441072875705e-07  1.195220265045882e+00 
 2.065641072875705e-07  1.195220265045882e+00 
 2.065841072875705e-07  1.195220265045882e+00 
 2.066041072875705e-07  1.195220265045881e+00 
 2.066241072875705e-07  1.195220265045882e+00 
 2.066441072875705e-07  1.195220265045882e+00 
 2.066641072875705e-07  1.195220265045882e+00 
 2.066841072875705e-07  1.195220265045881e+00 
 2.067041072875705e-07  1.195220265045882e+00 
 2.067241072875705e-07  1.195220265045882e+00 
 2.067441072875705e-07  1.195220265045882e+00 
 2.067641072875705e-07  1.195220265045881e+00 
 2.067841072875705e-07  1.195220265045882e+00 
 2.068041072875705e-07  1.195220265045882e+00 
 2.068241072875705e-07  1.195220265045882e+00 
 2.068441072875705e-07  1.195220265045881e+00 
 2.068641072875705e-07  1.195220265045882e+00 
 2.068841072875705e-07  1.195220265045882e+00 
 2.069041072875705e-07  1.195220265045882e+00 
 2.069241072875705e-07  1.195220265045881e+00 
 2.069441072875705e-07  1.195220265045882e+00 
 2.069641072875705e-07  1.195220265045882e+00 
 2.069841072875705e-07  1.195220265045882e+00 
 2.070041072875704e-07  1.195220265045881e+00 
 2.070241072875704e-07  1.195220265045882e+00 
 2.070441072875704e-07  1.195220265045882e+00 
 2.070641072875704e-07  1.195220265045882e+00 
 2.070841072875704e-07  1.195220265045881e+00 
 2.071041072875704e-07  1.195220265045882e+00 
 2.071241072875704e-07  1.195220265045882e+00 
 2.071441072875704e-07  1.195220265045882e+00 
 2.071641072875704e-07  1.195220265045881e+00 
 2.071841072875704e-07  1.195220265045882e+00 
 2.072041072875704e-07  1.195220265045882e+00 
 2.072241072875704e-07  1.195220265045882e+00 
 2.072441072875704e-07  1.195220265045881e+00 
 2.072641072875704e-07  1.195220265045882e+00 
 2.072841072875704e-07  1.195220265045882e+00 
 2.073041072875704e-07  1.195220265045882e+00 
 2.073241072875704e-07  1.195220265045881e+00 
 2.073441072875704e-07  1.195220265045882e+00 
 2.073641072875704e-07  1.195220265045882e+00 
 2.073841072875704e-07  1.195220265045882e+00 
 2.074041072875704e-07  1.195220265045881e+00 
 2.074241072875704e-07  1.195220265045882e+00 
 2.074441072875704e-07  1.195220265045882e+00 
 2.074641072875704e-07  1.195220265045882e+00 
 2.074841072875704e-07  1.195220265045881e+00 
 2.075041072875704e-07  1.195220265045882e+00 
 2.075241072875703e-07  1.195220265045882e+00 
 2.075441072875703e-07  1.195220265045882e+00 
 2.075641072875703e-07  1.195220265045881e+00 
 2.075841072875703e-07  1.195220265045882e+00 
 2.076041072875703e-07  1.195220265045882e+00 
 2.076241072875703e-07  1.195220265045882e+00 
 2.076441072875703e-07  1.195220265045881e+00 
 2.076641072875703e-07  1.195220265045882e+00 
 2.076841072875703e-07  1.195220265045882e+00 
 2.077041072875703e-07  1.195220265045882e+00 
 2.077241072875703e-07  1.195220265045881e+00 
 2.077441072875703e-07  1.195220265045882e+00 
 2.077641072875703e-07  1.195220265045882e+00 
 2.077841072875703e-07  1.195220265045882e+00 
 2.078041072875703e-07  1.195220265045881e+00 
 2.078241072875703e-07  1.195220265045882e+00 
 2.078441072875703e-07  1.195220265045882e+00 
 2.078641072875703e-07  1.195220265045882e+00 
 2.078841072875703e-07  1.195220265045881e+00 
 2.079041072875703e-07  1.195220265045882e+00 
 2.079241072875703e-07  1.195220265045882e+00 
 2.079441072875703e-07  1.195220265045882e+00 
 2.079641072875703e-07  1.195220265045881e+00 
 2.079841072875703e-07  1.195220265045882e+00 
 2.080041072875703e-07  1.195220265045882e+00 
 2.080241072875703e-07  1.195220265045882e+00 
 2.080441072875703e-07  1.195220265045881e+00 
 2.080641072875702e-07  1.195220265045882e+00 
 2.080841072875702e-07  1.195220265045882e+00 
 2.081041072875702e-07  1.195220265045882e+00 
 2.081241072875702e-07  1.195220265045881e+00 
 2.081441072875702e-07  1.195220265045882e+00 
 2.081641072875702e-07  1.195220265045882e+00 
 2.081841072875702e-07  1.195220265045882e+00 
 2.082041072875702e-07  1.195220265045881e+00 
 2.082241072875702e-07  1.195220265045882e+00 
 2.082441072875702e-07  1.195220265045882e+00 
 2.082641072875702e-07  1.195220265045882e+00 
 2.082841072875702e-07  1.195220265045881e+00 
 2.083041072875702e-07  1.195220265045882e+00 
 2.083241072875702e-07  1.195220265045882e+00 
 2.083441072875702e-07  1.195220265045882e+00 
 2.083641072875702e-07  1.195220265045881e+00 
 2.083841072875702e-07  1.195220265045882e+00 
 2.084041072875702e-07  1.195220265045882e+00 
 2.084241072875702e-07  1.195220265045882e+00 
 2.084441072875702e-07  1.195220265045881e+00 
 2.084641072875702e-07  1.195220265045882e+00 
 2.084841072875702e-07  1.195220265045882e+00 
 2.085041072875702e-07  1.195220265045882e+00 
 2.085241072875702e-07  1.195220265045881e+00 
 2.085441072875702e-07  1.195220265045882e+00 
 2.085641072875702e-07  1.195220265045882e+00 
 2.085841072875701e-07  1.195220265045882e+00 
 2.086041072875701e-07  1.195220265045881e+00 
 2.086241072875701e-07  1.195220265045882e+00 
 2.086441072875701e-07  1.195220265045882e+00 
 2.086641072875701e-07  1.195220265045882e+00 
 2.086841072875701e-07  1.195220265045881e+00 
 2.087041072875701e-07  1.195220265045882e+00 
 2.087241072875701e-07  1.195220265045882e+00 
 2.087441072875701e-07  1.195220265045882e+00 
 2.087641072875701e-07  1.195220265045881e+00 
 2.087841072875701e-07  1.195220265045882e+00 
 2.088041072875701e-07  1.195220265045882e+00 
 2.088241072875701e-07  1.195220265045882e+00 
 2.088441072875701e-07  1.195220265045881e+00 
 2.088641072875701e-07  1.195220265045882e+00 
 2.088841072875701e-07  1.195220265045882e+00 
 2.089041072875701e-07  1.195220265045882e+00 
 2.089241072875701e-07  1.195220265045881e+00 
 2.089441072875701e-07  1.195220265045882e+00 
 2.089641072875701e-07  1.195220265045882e+00 
 2.089841072875701e-07  1.195220265045882e+00 
 2.090041072875701e-07  1.195220265045881e+00 
 2.090241072875701e-07  1.195220265045882e+00 
 2.090441072875701e-07  1.195220265045882e+00 
 2.090641072875701e-07  1.195220265045882e+00 
 2.090841072875701e-07  1.195220265045881e+00 
 2.091041072875700e-07  1.195220265045882e+00 
 2.091241072875700e-07  1.195220265045882e+00 
 2.091441072875700e-07  1.195220265045882e+00 
 2.091641072875700e-07  1.195220265045881e+00 
 2.091841072875700e-07  1.195220265045882e+00 
 2.092041072875700e-07  1.195220265045882e+00 
 2.092241072875700e-07  1.195220265045882e+00 
 2.092441072875700e-07  1.195220265045881e+00 
 2.092641072875700e-07  1.195220265045882e+00 
 2.092841072875700e-07  1.195220265045882e+00 
 2.093041072875700e-07  1.195220265045882e+00 
 2.093241072875700e-07  1.195220265045881e+00 
 2.093441072875700e-07  1.195220265045882e+00 
 2.093641072875700e-07  1.195220265045882e+00 
 2.093841072875700e-07  1.195220265045882e+00 
 2.094041072875700e-07  1.195220265045881e+00 
 2.094241072875700e-07  1.195220265045882e+00 
 2.094441072875700e-07  1.195220265045882e+00 
 2.094641072875700e-07  1.195220265045882e+00 
 2.094841072875700e-07  1.195220265045881e+00 
 2.095041072875700e-07  1.195220265045882e+00 
 2.095241072875700e-07  1.195220265045882e+00 
 2.095441072875700e-07  1.195220265045882e+00 
 2.095641072875700e-07  1.195220265045881e+00 
 2.095841072875700e-07  1.195220265045882e+00 
 2.096041072875700e-07  1.195220265045882e+00 
 2.096241072875700e-07  1.195220265045882e+00 
 2.096441072875699e-07  1.195220265045881e+00 
 2.096641072875699e-07  1.195220265045882e+00 
 2.096841072875699e-07  1.195220265045882e+00 
 2.097041072875699e-07  1.195220265045882e+00 
 2.097241072875699e-07  1.195220265045881e+00 
 2.097441072875699e-07  1.195220265045882e+00 
 2.097641072875699e-07  1.195220265045882e+00 
 2.097841072875699e-07  1.195220265045882e+00 
 2.098041072875699e-07  1.195220265045881e+00 
 2.098241072875699e-07  1.195220265045882e+00 
 2.098441072875699e-07  1.195220265045882e+00 
 2.098641072875699e-07  1.195220265045882e+00 
 2.098841072875699e-07  1.195220265045881e+00 
 2.099041072875699e-07  1.195220265045882e+00 
 2.099241072875699e-07  1.195220265045882e+00 
 2.099441072875699e-07  1.195220265045882e+00 
 2.099641072875699e-07  1.195220265045881e+00 
 2.099841072875699e-07  1.195220265045882e+00 
 2.100041072875699e-07  1.195220265045882e+00 
 2.100241072875699e-07  1.195220265045882e+00 
 2.100441072875699e-07  1.195220265045881e+00 
 2.100641072875699e-07  1.195220265045882e+00 
 2.100841072875699e-07  1.195220265045882e+00 
 2.101041072875699e-07  1.195220265045882e+00 
 2.101241072875699e-07  1.195220265045881e+00 
 2.101441072875699e-07  1.195220265045882e+00 
 2.101641072875698e-07  1.195220265045882e+00 
 2.101841072875698e-07  1.195220265045882e+00 
 2.102041072875698e-07  1.195220265045881e+00 
 2.102241072875698e-07  1.195220265045882e+00 
 2.102441072875698e-07  1.195220265045882e+00 
 2.102641072875698e-07  1.195220265045882e+00 
 2.102841072875698e-07  1.195220265045881e+00 
 2.103041072875698e-07  1.195220265045882e+00 
 2.103241072875698e-07  1.195220265045882e+00 
 2.103441072875698e-07  1.195220265045882e+00 
 2.103641072875698e-07  1.195220265045881e+00 
 2.103841072875698e-07  1.195220265045882e+00 
 2.104041072875698e-07  1.195220265045882e+00 
 2.104241072875698e-07  1.195220265045882e+00 
 2.104441072875698e-07  1.195220265045881e+00 
 2.104641072875698e-07  1.195220265045882e+00 
 2.104841072875698e-07  1.195220265045882e+00 
 2.105041072875698e-07  1.195220265045882e+00 
 2.105241072875698e-07  1.195220265045881e+00 
 2.105441072875698e-07  1.195220265045882e+00 
 2.105641072875698e-07  1.195220265045882e+00 
 2.105841072875698e-07  1.195220265045882e+00 
 2.106041072875698e-07  1.195220265045881e+00 
 2.106241072875698e-07  1.195220265045882e+00 
 2.106441072875698e-07  1.195220265045882e+00 
 2.106641072875698e-07  1.195220265045882e+00 
 2.106841072875698e-07  1.195220265045881e+00 
 2.107041072875697e-07  1.195220265045882e+00 
 2.107241072875697e-07  1.195220265045882e+00 
 2.107441072875697e-07  1.195220265045882e+00 
 2.107641072875697e-07  1.195220265045881e+00 
 2.107841072875697e-07  1.195220265045882e+00 
 2.108041072875697e-07  1.195220265045882e+00 
 2.108241072875697e-07  1.195220265045882e+00 
 2.108441072875697e-07  1.195220265045881e+00 
 2.108641072875697e-07  1.195220265045882e+00 
 2.108841072875697e-07  1.195220265045882e+00 
 2.109041072875697e-07  1.195220265045882e+00 
 2.109241072875697e-07  1.195220265045881e+00 
 2.109441072875697e-07  1.195220265045882e+00 
 2.109641072875697e-07  1.195220265045882e+00 
 2.109841072875697e-07  1.195220265045882e+00 
 2.110041072875697e-07  1.195220265045881e+00 
 2.110241072875697e-07  1.195220265045882e+00 
 2.110441072875697e-07  1.195220265045882e+00 
 2.110641072875697e-07  1.195220265045882e+00 
 2.110841072875697e-07  1.195220265045881e+00 
 2.111041072875697e-07  1.195220265045882e+00 
 2.111241072875697e-07  1.195220265045882e+00 
 2.111441072875697e-07  1.195220265045882e+00 
 2.111641072875697e-07  1.195220265045881e+00 
 2.111841072875697e-07  1.195220265045882e+00 
 2.112041072875697e-07  1.195220265045882e+00 
 2.112241072875696e-07  1.195220265045882e+00 
 2.112441072875696e-07  1.195220265045881e+00 
 2.112641072875696e-07  1.195220265045882e+00 
 2.112841072875696e-07  1.195220265045882e+00 
 2.113041072875696e-07  1.195220265045882e+00 
 2.113241072875696e-07  1.195220265045881e+00 
 2.113441072875696e-07  1.195220265045882e+00 
 2.113641072875696e-07  1.195220265045882e+00 
 2.113841072875696e-07  1.195220265045882e+00 
 2.114041072875696e-07  1.195220265045881e+00 
 2.114241072875696e-07  1.195220265045882e+00 
 2.114441072875696e-07  1.195220265045882e+00 
 2.114641072875696e-07  1.195220265045882e+00 
 2.114841072875696e-07  1.195220265045881e+00 
 2.115041072875696e-07  1.195220265045882e+00 
 2.115241072875696e-07  1.195220265045882e+00 
 2.115441072875696e-07  1.195220265045882e+00 
 2.115641072875696e-07  1.195220265045881e+00 
 2.115841072875696e-07  1.195220265045882e+00 
 2.116041072875696e-07  1.195220265045882e+00 
 2.116241072875696e-07  1.195220265045882e+00 
 2.116441072875696e-07  1.195220265045881e+00 
 2.116641072875696e-07  1.195220265045882e+00 
 2.116841072875696e-07  1.195220265045882e+00 
 2.117041072875696e-07  1.195220265045882e+00 
 2.117241072875696e-07  1.195220265045881e+00 
 2.117441072875695e-07  1.195220265045882e+00 
 2.117641072875695e-07  1.195220265045882e+00 
 2.117841072875695e-07  1.195220265045882e+00 
 2.118041072875695e-07  1.195220265045881e+00 
 2.118241072875695e-07  1.195220265045882e+00 
 2.118441072875695e-07  1.195220265045882e+00 
 2.118641072875695e-07  1.195220265045882e+00 
 2.118841072875695e-07  1.195220265045881e+00 
 2.119041072875695e-07  1.195220265045882e+00 
 2.119241072875695e-07  1.195220265045882e+00 
 2.119441072875695e-07  1.195220265045882e+00 
 2.119641072875695e-07  1.195220265045881e+00 
 2.119841072875695e-07  1.195220265045882e+00 
 2.120041072875695e-07  1.195220265045882e+00 
 2.120241072875695e-07  1.195220265045882e+00 
 2.120441072875695e-07  1.195220265045881e+00 
 2.120641072875695e-07  1.195220265045882e+00 
 2.120841072875695e-07  1.195220265045882e+00 
 2.121041072875695e-07  1.195220265045882e+00 
 2.121241072875695e-07  1.195220265045881e+00 
 2.121441072875695e-07  1.195220265045882e+00 
 2.121641072875695e-07  1.195220265045882e+00 
 2.121841072875695e-07  1.195220265045882e+00 
 2.122041072875695e-07  1.195220265045881e+00 
 2.122241072875695e-07  1.195220265045882e+00 
 2.122441072875695e-07  1.195220265045882e+00 
 2.122641072875695e-07  1.195220265045882e+00 
 2.122841072875694e-07  1.195220265045881e+00 
 2.123041072875694e-07  1.195220265045882e+00 
 2.123241072875694e-07  1.195220265045882e+00 
 2.123441072875694e-07  1.195220265045882e+00 
 2.123641072875694e-07  1.195220265045881e+00 
 2.123841072875694e-07  1.195220265045882e+00 
 2.124041072875694e-07  1.195220265045882e+00 
 2.124241072875694e-07  1.195220265045882e+00 
 2.124441072875694e-07  1.195220265045881e+00 
 2.124641072875694e-07  1.195220265045882e+00 
 2.124841072875694e-07  1.195220265045882e+00 
 2.125041072875694e-07  1.195220265045882e+00 
 2.125241072875694e-07  1.195220265045881e+00 
 2.125441072875694e-07  1.195220265045882e+00 
 2.125641072875694e-07  1.195220265045882e+00 
 2.125841072875694e-07  1.195220265045882e+00 
 2.126041072875694e-07  1.195220265045881e+00 
 2.126241072875694e-07  1.195220265045882e+00 
 2.126441072875694e-07  1.195220265045882e+00 
 2.126641072875694e-07  1.195220265045882e+00 
 2.126841072875694e-07  1.195220265045881e+00 
 2.127041072875694e-07  1.195220265045882e+00 
 2.127241072875694e-07  1.195220265045882e+00 
 2.127441072875694e-07  1.195220265045882e+00 
 2.127641072875694e-07  1.195220265045881e+00 
 2.127841072875694e-07  1.195220265045882e+00 
 2.128041072875693e-07  1.195220265045882e+00 
 2.128241072875693e-07  1.195220265045882e+00 
 2.128441072875693e-07  1.195220265045881e+00 
 2.128641072875693e-07  1.195220265045882e+00 
 2.128841072875693e-07  1.195220265045882e+00 
 2.129041072875693e-07  1.195220265045882e+00 
 2.129241072875693e-07  1.195220265045881e+00 
 2.129441072875693e-07  1.195220265045882e+00 
 2.129641072875693e-07  1.195220265045882e+00 
 2.129841072875693e-07  1.195220265045882e+00 
 2.130041072875693e-07  1.195220265045881e+00 
 2.130241072875693e-07  1.195220265045882e+00 
 2.130441072875693e-07  1.195220265045882e+00 
 2.130641072875693e-07  1.195220265045882e+00 
 2.130841072875693e-07  1.195220265045881e+00 
 2.131041072875693e-07  1.195220265045882e+00 
 2.131241072875693e-07  1.195220265045882e+00 
 2.131441072875693e-07  1.195220265045882e+00 
 2.131641072875693e-07  1.195220265045881e+00 
 2.131841072875693e-07  1.195220265045882e+00 
 2.132041072875693e-07  1.195220265045882e+00 
 2.132241072875693e-07  1.195220265045882e+00 
 2.132441072875693e-07  1.195220265045881e+00 
 2.132641072875693e-07  1.195220265045882e+00 
 2.132841072875693e-07  1.195220265045882e+00 
 2.133041072875693e-07  1.195220265045882e+00 
 2.133241072875692e-07  1.195220265045881e+00 
 2.133441072875692e-07  1.195220265045882e+00 
 2.133641072875692e-07  1.195220265045882e+00 
 2.133841072875692e-07  1.195220265045882e+00 
 2.134041072875692e-07  1.195220265045881e+00 
 2.134241072875692e-07  1.195220265045882e+00 
 2.134441072875692e-07  1.195220265045882e+00 
 2.134641072875692e-07  1.195220265045882e+00 
 2.134841072875692e-07  1.195220265045881e+00 
 2.135041072875692e-07  1.195220265045882e+00 
 2.135241072875692e-07  1.195220265045882e+00 
 2.135441072875692e-07  1.195220265045882e+00 
 2.135641072875692e-07  1.195220265045881e+00 
 2.135841072875692e-07  1.195220265045882e+00 
 2.136041072875692e-07  1.195220265045882e+00 
 2.136241072875692e-07  1.195220265045882e+00 
 2.136441072875692e-07  1.195220265045881e+00 
 2.136641072875692e-07  1.195220265045882e+00 
 2.136841072875692e-07  1.195220265045882e+00 
 2.137041072875692e-07  1.195220265045882e+00 
 2.137241072875692e-07  1.195220265045881e+00 
 2.137441072875692e-07  1.195220265045882e+00 
 2.137641072875692e-07  1.195220265045882e+00 
 2.137841072875692e-07  1.195220265045882e+00 
 2.138041072875692e-07  1.195220265045881e+00 
 2.138241072875692e-07  1.195220265045882e+00 
 2.138441072875692e-07  1.195220265045882e+00 
 2.138641072875691e-07  1.195220265045882e+00 
 2.138841072875691e-07  1.195220265045881e+00 
 2.139041072875691e-07  1.195220265045882e+00 
 2.139241072875691e-07  1.195220265045882e+00 
 2.139441072875691e-07  1.195220265045882e+00 
 2.139641072875691e-07  1.195220265045881e+00 
 2.139841072875691e-07  1.195220265045882e+00 
 2.140041072875691e-07  1.195220265045882e+00 
 2.140241072875691e-07  1.195220265045882e+00 
 2.140441072875691e-07  1.195220265045881e+00 
 2.140641072875691e-07  1.195220265045882e+00 
 2.140841072875691e-07  1.195220265045882e+00 
 2.141041072875691e-07  1.195220265045882e+00 
 2.141241072875691e-07  1.195220265045881e+00 
 2.141441072875691e-07  1.195220265045882e+00 
 2.141641072875691e-07  1.195220265045882e+00 
 2.141841072875691e-07  1.195220265045882e+00 
 2.142041072875691e-07  1.195220265045881e+00 
 2.142241072875691e-07  1.195220265045882e+00 
 2.142441072875691e-07  1.195220265045882e+00 
 2.142641072875691e-07  1.195220265045882e+00 
 2.142841072875691e-07  1.195220265045881e+00 
 2.143041072875691e-07  1.195220265045882e+00 
 2.143241072875691e-07  1.195220265045882e+00 
 2.143441072875691e-07  1.195220265045882e+00 
 2.143641072875691e-07  1.195220265045881e+00 
 2.143841072875690e-07  1.195220265045882e+00 
 2.144041072875690e-07  1.195220265045882e+00 
 2.144241072875690e-07  1.195220265045882e+00 
 2.144441072875690e-07  1.195220265045881e+00 
 2.144641072875690e-07  1.195220265045882e+00 
 2.144841072875690e-07  1.195220265045882e+00 
 2.145041072875690e-07  1.195220265045882e+00 
 2.145241072875690e-07  1.195220265045881e+00 
 2.145441072875690e-07  1.195220265045882e+00 
 2.145641072875690e-07  1.195220265045882e+00 
 2.145841072875690e-07  1.195220265045882e+00 
 2.146041072875690e-07  1.195220265045881e+00 
 2.146241072875690e-07  1.195220265045882e+00 
 2.146441072875690e-07  1.195220265045882e+00 
 2.146641072875690e-07  1.195220265045882e+00 
 2.146841072875690e-07  1.195220265045881e+00 
 2.147041072875690e-07  1.195220265045882e+00 
 2.147241072875690e-07  1.195220265045882e+00 
 2.147441072875690e-07  1.195220265045882e+00 
 2.147641072875690e-07  1.195220265045881e+00 
 2.147841072875690e-07  1.195220265045882e+00 
 2.148041072875690e-07  1.195220265045882e+00 
 2.148241072875690e-07  1.195220265045882e+00 
 2.148441072875690e-07  1.195220265045881e+00 
 2.148641072875690e-07  1.195220265045882e+00 
 2.148841072875690e-07  1.195220265045882e+00 
 2.149041072875690e-07  1.195220265045882e+00 
 2.149241072875689e-07  1.195220265045881e+00 
 2.149441072875689e-07  1.195220265045882e+00 
 2.149641072875689e-07  1.195220265045882e+00 
 2.149841072875689e-07  1.195220265045882e+00 
 2.150041072875689e-07  1.195220265045881e+00 
 2.150241072875689e-07  1.195220265045882e+00 
 2.150441072875689e-07  1.195220265045882e+00 
 2.150641072875689e-07  1.195220265045882e+00 
 2.150841072875689e-07  1.195220265045881e+00 
 2.151041072875689e-07  1.195220265045882e+00 
 2.151241072875689e-07  1.195220265045882e+00 
 2.151441072875689e-07  1.195220265045882e+00 
 2.151641072875689e-07  1.195220265045881e+00 
 2.151841072875689e-07  1.195220265045882e+00 
 2.152041072875689e-07  1.195220265045882e+00 
 2.152241072875689e-07  1.195220265045882e+00 
 2.152441072875689e-07  1.195220265045881e+00 
 2.152641072875689e-07  1.195220265045882e+00 
 2.152841072875689e-07  1.195220265045882e+00 
 2.153041072875689e-07  1.195220265045882e+00 
 2.153241072875689e-07  1.195220265045881e+00 
 2.153441072875689e-07  1.195220265045882e+00 
 2.153641072875689e-07  1.195220265045882e+00 
 2.153841072875689e-07  1.195220265045882e+00 
 2.154041072875689e-07  1.195220265045881e+00 
 2.154241072875689e-07  1.195220265045882e+00 
 2.154441072875688e-07  1.195220265045882e+00 
 2.154641072875688e-07  1.195220265045882e+00 
 2.154841072875688e-07  1.195220265045881e+00 
 2.155041072875688e-07  1.195220265045882e+00 
 2.155241072875688e-07  1.195220265045882e+00 
 2.155441072875688e-07  1.195220265045882e+00 
 2.155641072875688e-07  1.195220265045881e+00 
 2.155841072875688e-07  1.195220265045882e+00 
 2.156041072875688e-07  1.195220265045882e+00 
 2.156241072875688e-07  1.195220265045882e+00 
 2.156441072875688e-07  1.195220265045881e+00 
 2.156641072875688e-07  1.195220265045882e+00 
 2.156841072875688e-07  1.195220265045882e+00 
 2.157041072875688e-07  1.195220265045882e+00 
 2.157241072875688e-07  1.195220265045881e+00 
 2.157441072875688e-07  1.195220265045882e+00 
 2.157641072875688e-07  1.195220265045882e+00 
 2.157841072875688e-07  1.195220265045882e+00 
 2.158041072875688e-07  1.195220265045881e+00 
 2.158241072875688e-07  1.195220265045882e+00 
 2.158441072875688e-07  1.195220265045882e+00 
 2.158641072875688e-07  1.195220265045882e+00 
 2.158841072875688e-07  1.195220265045881e+00 
 2.159041072875688e-07  1.195220265045882e+00 
 2.159241072875688e-07  1.195220265045882e+00 
 2.159441072875688e-07  1.195220265045882e+00 
 2.159641072875687e-07  1.195220265045881e+00 
 2.159841072875687e-07  1.195220265045882e+00 
 2.160041072875687e-07  1.195220265045882e+00 
 2.160241072875687e-07  1.195220265045882e+00 
 2.160441072875687e-07  1.195220265045881e+00 
 2.160641072875687e-07  1.195220265045882e+00 
 2.160841072875687e-07  1.195220265045882e+00 
 2.161041072875687e-07  1.195220265045882e+00 
 2.161241072875687e-07  1.195220265045881e+00 
 2.161441072875687e-07  1.195220265045882e+00 
 2.161641072875687e-07  1.195220265045882e+00 
 2.161841072875687e-07  1.195220265045882e+00 
 2.162041072875687e-07  1.195220265045881e+00 
 2.162241072875687e-07  1.195220265045882e+00 
 2.162441072875687e-07  1.195220265045882e+00 
 2.162641072875687e-07  1.195220265045882e+00 
 2.162841072875687e-07  1.195220265045881e+00 
 2.163041072875687e-07  1.195220265045882e+00 
 2.163241072875687e-07  1.195220265045882e+00 
 2.163441072875687e-07  1.195220265045882e+00 
 2.163641072875687e-07  1.195220265045881e+00 
 2.163841072875687e-07  1.195220265045882e+00 
 2.164041072875687e-07  1.195220265045882e+00 
 2.164241072875687e-07  1.195220265045882e+00 
 2.164441072875687e-07  1.195220265045881e+00 
 2.164641072875687e-07  1.195220265045882e+00 
 2.164841072875687e-07  1.195220265045882e+00 
 2.165041072875686e-07  1.195220265045882e+00 
 2.165241072875686e-07  1.195220265045881e+00 
 2.165441072875686e-07  1.195220265045882e+00 
 2.165641072875686e-07  1.195220265045882e+00 
 2.165841072875686e-07  1.195220265045882e+00 
 2.166041072875686e-07  1.195220265045881e+00 
 2.166241072875686e-07  1.195220265045882e+00 
 2.166441072875686e-07  1.195220265045882e+00 
 2.166641072875686e-07  1.195220265045882e+00 
 2.166841072875686e-07  1.195220265045881e+00 
 2.167041072875686e-07  1.195220265045882e+00 
 2.167241072875686e-07  1.195220265045882e+00 
 2.167441072875686e-07  1.195220265045882e+00 
 2.167641072875686e-07  1.195220265045881e+00 
 2.167841072875686e-07  1.195220265045882e+00 
 2.168041072875686e-07  1.195220265045882e+00 
 2.168241072875686e-07  1.195220265045882e+00 
 2.168441072875686e-07  1.195220265045881e+00 
 2.168641072875686e-07  1.195220265045882e+00 
 2.168841072875686e-07  1.195220265045882e+00 
 2.169041072875686e-07  1.195220265045882e+00 
 2.169241072875686e-07  1.195220265045881e+00 
 2.169441072875686e-07  1.195220265045882e+00 
 2.169641072875686e-07  1.195220265045882e+00 
 2.169841072875686e-07  1.195220265045882e+00 
 2.170041072875686e-07  1.195220265045881e+00 
 2.170241072875685e-07  1.195220265045882e+00 
 2.170441072875685e-07  1.195220265045882e+00 
 2.170641072875685e-07  1.195220265045882e+00 
 2.170841072875685e-07  1.195220265045881e+00 
 2.171041072875685e-07  1.195220265045882e+00 
 2.171241072875685e-07  1.195220265045882e+00 
 2.171441072875685e-07  1.195220265045882e+00 
 2.171641072875685e-07  1.195220265045881e+00 
 2.171841072875685e-07  1.195220265045882e+00 
 2.172041072875685e-07  1.195220265045882e+00 
 2.172241072875685e-07  1.195220265045882e+00 
 2.172441072875685e-07  1.195220265045881e+00 
 2.172641072875685e-07  1.195220265045882e+00 
 2.172841072875685e-07  1.195220265045882e+00 
 2.173041072875685e-07  1.195220265045882e+00 
 2.173241072875685e-07  1.195220265045881e+00 
 2.173441072875685e-07  1.195220265045882e+00 
 2.173641072875685e-07  1.195220265045882e+00 
 2.173841072875685e-07  1.195220265045882e+00 
 2.174041072875685e-07  1.195220265045881e+00 
 2.174241072875685e-07  1.195220265045882e+00 
 2.174441072875685e-07  1.195220265045882e+00 
 2.174641072875685e-07  1.195220265045882e+00 
 2.174841072875685e-07  1.195220265045881e+00 
 2.175041072875685e-07  1.195220265045882e+00 
 2.175241072875685e-07  1.195220265045882e+00 
 2.175441072875684e-07  1.195220265045882e+00 
 2.175641072875684e-07  1.195220265045881e+00 
 2.175841072875684e-07  1.195220265045882e+00 
 2.176041072875684e-07  1.195220265045882e+00 
 2.176241072875684e-07  1.195220265045882e+00 
 2.176441072875684e-07  1.195220265045881e+00 
 2.176641072875684e-07  1.195220265045882e+00 
 2.176841072875684e-07  1.195220265045882e+00 
 2.177041072875684e-07  1.195220265045882e+00 
 2.177241072875684e-07  1.195220265045881e+00 
 2.177441072875684e-07  1.195220265045882e+00 
 2.177641072875684e-07  1.195220265045882e+00 
 2.177841072875684e-07  1.195220265045882e+00 
 2.178041072875684e-07  1.195220265045881e+00 
 2.178241072875684e-07  1.195220265045882e+00 
 2.178441072875684e-07  1.195220265045882e+00 
 2.178641072875684e-07  1.195220265045882e+00 
 2.178841072875684e-07  1.195220265045881e+00 
 2.179041072875684e-07  1.195220265045882e+00 
 2.179241072875684e-07  1.195220265045882e+00 
 2.179441072875684e-07  1.195220265045882e+00 
 2.179641072875684e-07  1.195220265045881e+00 
 2.179841072875684e-07  1.195220265045882e+00 
 2.180041072875684e-07  1.195220265045882e+00 
 2.180241072875684e-07  1.195220265045882e+00 
 2.180441072875684e-07  1.195220265045881e+00 
 2.180641072875684e-07  1.195220265045882e+00 
 2.180841072875683e-07  1.195220265045882e+00 
 2.181041072875683e-07  1.195220265045882e+00 
 2.181241072875683e-07  1.195220265045881e+00 
 2.181441072875683e-07  1.195220265045882e+00 
 2.181641072875683e-07  1.195220265045882e+00 
 2.181841072875683e-07  1.195220265045882e+00 
 2.182041072875683e-07  1.195220265045881e+00 
 2.182241072875683e-07  1.195220265045882e+00 
 2.182441072875683e-07  1.195220265045882e+00 
 2.182641072875683e-07  1.195220265045882e+00 
 2.182841072875683e-07  1.195220265045881e+00 
 2.183041072875683e-07  1.195220265045882e+00 
 2.183241072875683e-07  1.195220265045882e+00 
 2.183441072875683e-07  1.195220265045882e+00 
 2.183641072875683e-07  1.195220265045881e+00 
 2.183841072875683e-07  1.195220265045882e+00 
 2.184041072875683e-07  1.195220265045882e+00 
 2.184241072875683e-07  1.195220265045882e+00 
 2.184441072875683e-07  1.195220265045881e+00 
 2.184641072875683e-07  1.195220265045882e+00 
 2.184841072875683e-07  1.195220265045882e+00 
 2.185041072875683e-07  1.195220265045882e+00 
 2.185241072875683e-07  1.195220265045881e+00 
 2.185441072875683e-07  1.195220265045882e+00 
 2.185641072875683e-07  1.195220265045882e+00 
 2.185841072875683e-07  1.195220265045882e+00 
 2.186041072875682e-07  1.195220265045881e+00 
 2.186241072875682e-07  1.195220265045882e+00 
 2.186441072875682e-07  1.195220265045882e+00 
 2.186641072875682e-07  1.195220265045882e+00 
 2.186841072875682e-07  1.195220265045881e+00 
 2.187041072875682e-07  1.195220265045882e+00 
 2.187241072875682e-07  1.195220265045882e+00 
 2.187441072875682e-07  1.195220265045882e+00 
 2.187641072875682e-07  1.195220265045881e+00 
 2.187841072875682e-07  1.195220265045882e+00 
 2.188041072875682e-07  1.195220265045882e+00 
 2.188241072875682e-07  1.195220265045882e+00 
 2.188441072875682e-07  1.195220265045881e+00 
 2.188641072875682e-07  1.195220265045882e+00 
 2.188841072875682e-07  1.195220265045882e+00 
 2.189041072875682e-07  1.195220265045882e+00 
 2.189241072875682e-07  1.195220265045881e+00 
 2.189441072875682e-07  1.195220265045882e+00 
 2.189641072875682e-07  1.195220265045882e+00 
 2.189841072875682e-07  1.195220265045882e+00 
 2.190041072875682e-07  1.195220265045881e+00 
 2.190241072875682e-07  1.195220265045882e+00 
 2.190441072875682e-07  1.195220265045882e+00 
 2.190641072875682e-07  1.195220265045882e+00 
 2.190841072875682e-07  1.195220265045881e+00 
 2.191041072875682e-07  1.195220265045882e+00 
 2.191241072875682e-07  1.195220265045882e+00 
 2.191441072875681e-07  1.195220265045882e+00 
 2.191641072875681e-07  1.195220265045881e+00 
 2.191841072875681e-07  1.195220265045882e+00 
 2.192041072875681e-07  1.195220265045882e+00 
 2.192241072875681e-07  1.195220265045882e+00 
 2.192441072875681e-07  1.195220265045881e+00 
 2.192641072875681e-07  1.195220265045882e+00 
 2.192841072875681e-07  1.195220265045882e+00 
 2.193041072875681e-07  1.195220265045882e+00 
 2.193241072875681e-07  1.195220265045881e+00 
 2.193441072875681e-07  1.195220265045882e+00 
 2.193641072875681e-07  1.195220265045882e+00 
 2.193841072875681e-07  1.195220265045882e+00 
 2.194041072875681e-07  1.195220265045881e+00 
 2.194241072875681e-07  1.195220265045882e+00 
 2.194441072875681e-07  1.195220265045882e+00 
 2.194641072875681e-07  1.195220265045882e+00 
 2.194841072875681e-07  1.195220265045881e+00 
 2.195041072875681e-07  1.195220265045882e+00 
 2.195241072875681e-07  1.195220265045882e+00 
 2.195441072875681e-07  1.195220265045882e+00 
 2.195641072875681e-07  1.195220265045881e+00 
 2.195841072875681e-07  1.195220265045882e+00 
 2.196041072875681e-07  1.195220265045882e+00 
 2.196241072875681e-07  1.195220265045882e+00 
 2.196441072875681e-07  1.195220265045881e+00 
 2.196641072875680e-07  1.195220265045882e+00 
 2.196841072875680e-07  1.195220265045882e+00 
 2.197041072875680e-07  1.195220265045882e+00 
 2.197241072875680e-07  1.195220265045881e+00 
 2.197441072875680e-07  1.195220265045882e+00 
 2.197641072875680e-07  1.195220265045882e+00 
 2.197841072875680e-07  1.195220265045882e+00 
 2.198041072875680e-07  1.195220265045881e+00 
 2.198241072875680e-07  1.195220265045882e+00 
 2.198441072875680e-07  1.195220265045882e+00 
 2.198641072875680e-07  1.195220265045882e+00 
 2.198841072875680e-07  1.195220265045881e+00 
 2.199041072875680e-07  1.195220265045882e+00 
 2.199241072875680e-07  1.195220265045882e+00 
 2.199441072875680e-07  1.195220265045882e+00 
 2.199641072875680e-07  1.195220265045881e+00 
 2.199841072875680e-07  1.195220265045882e+00 
 2.200000000000000e-07  1.195220265045882e+00 
