 time                   v(n0)                 
 0.000000000000000e+00  5.948445784044621e-01 
 2.000000000000000e-13  5.948445784044620e-01 
 4.000000000000000e-13  5.948445784044619e-01 
 8.000000000000000e-13  5.948445784044616e-01 
 1.600000000000000e-12  5.948445784044613e-01 
 3.200000000000000e-12  5.948445784044614e-01 
 6.400000000000000e-12  5.948445784044613e-01 
 1.280000000000000e-11  5.948445784044613e-01 
 2.560000000000000e-11  5.948445784044616e-01 
 4.560000000000000e-11  5.948445784044616e-01 
 6.560000000000000e-11  5.948445784044616e-01 
 8.559999999999999e-11  5.948445784044616e-01 
 1.056000000000000e-10  5.948445784044616e-01 
 1.256000000000000e-10  5.948445784044616e-01 
 1.456000000000000e-10  5.948445784044616e-01 
 1.656000000000000e-10  5.948445784044616e-01 
 1.856000000000000e-10  5.948445784044616e-01 
 2.056000000000000e-10  5.948445784044616e-01 
 2.256000000000000e-10  5.948445784044616e-01 
 2.456000000000000e-10  5.948445784044616e-01 
 2.656000000000000e-10  5.948445784044616e-01 
 2.856000000000000e-10  5.948445784044616e-01 
 3.056000000000000e-10  5.948445784044616e-01 
 3.255999999999999e-10  5.948445784044616e-01 
 3.455999999999999e-10  5.948445784044616e-01 
 3.655999999999999e-10  5.948445784044616e-01 
 3.855999999999999e-10  5.948445784044615e-01 
 4.055999999999999e-10  5.948445784044616e-01 
 4.255999999999999e-10  5.948445784044618e-01 
 4.455999999999998e-10  5.948445784044618e-01 
 4.655999999999998e-10  5.948445784044618e-01 
 4.855999999999999e-10  5.948445784044618e-01 
 5.055999999999999e-10  5.948445784044618e-01 
 5.255999999999999e-10  5.948445784044618e-01 
 5.456000000000000e-10  5.948445784044618e-01 
 5.656000000000000e-10  5.948445784044618e-01 
 5.856000000000000e-10  5.948445784044618e-01 
 6.056000000000001e-10  5.948445784044618e-01 
 6.256000000000001e-10  5.948445784044618e-01 
 6.456000000000001e-10  5.948445784044618e-01 
 6.656000000000002e-10  5.948445784044618e-01 
 6.856000000000002e-10  5.948445784044617e-01 
 7.056000000000002e-10  5.948445784044616e-01 
 7.256000000000003e-10  5.948445784044617e-01 
 7.456000000000003e-10  5.948445784044617e-01 
 7.656000000000003e-10  5.948445784044617e-01 
 7.856000000000004e-10  5.948445784044617e-01 
 8.056000000000004e-10  5.948445784044616e-01 
 8.256000000000004e-10  5.948445784044616e-01 
 8.456000000000005e-10  5.948445784044617e-01 
 8.656000000000005e-10  5.948445784044617e-01 
 8.856000000000005e-10  5.948445784044616e-01 
 9.056000000000006e-10  5.948445784044616e-01 
 9.256000000000006e-10  5.948445784044617e-01 
 9.456000000000005e-10  5.948445784044617e-01 
 9.656000000000005e-10  5.948445784044617e-01 
 9.856000000000004e-10  5.948445784044617e-01 
 1.005600000000000e-09  5.948445784044617e-01 
 1.025600000000000e-09  5.948445784044617e-01 
 1.045600000000000e-09  5.948445784044616e-01 
 1.065600000000000e-09  5.948445784044616e-01 
 1.085600000000000e-09  5.948445784044617e-01 
 1.105600000000000e-09  5.948445784044617e-01 
 1.125600000000000e-09  5.948445784044617e-01 
 1.145600000000000e-09  5.948445784044617e-01 
 1.165600000000000e-09  5.948445784044617e-01 
 1.185600000000000e-09  5.948445784044616e-01 
 1.205600000000000e-09  5.948445784044616e-01 
 1.225600000000000e-09  5.948445784044616e-01 
 1.245600000000000e-09  5.948445784044616e-01 
 1.265599999999999e-09  5.948445784044616e-01 
 1.285599999999999e-09  5.948445784044616e-01 
 1.305599999999999e-09  5.948445784044616e-01 
 1.325599999999999e-09  5.948445784044616e-01 
 1.345599999999999e-09  5.948445784044616e-01 
 1.365599999999999e-09  5.948445784044616e-01 
 1.385599999999999e-09  5.948445784044616e-01 
 1.405599999999999e-09  5.948445784044616e-01 
 1.425599999999999e-09  5.948445784044616e-01 
 1.445599999999999e-09  5.948445784044616e-01 
 1.465599999999999e-09  5.948445784044616e-01 
 1.485599999999999e-09  5.948445784044616e-01 
 1.505599999999999e-09  5.948445784044616e-01 
 1.525599999999999e-09  5.948445784044616e-01 
 1.545599999999998e-09  5.948445784044616e-01 
 1.565599999999998e-09  5.948445784044616e-01 
 1.585599999999998e-09  5.948445784044616e-01 
 1.605599999999998e-09  5.948445784044616e-01 
 1.625599999999998e-09  5.948445784044616e-01 
 1.645599999999998e-09  5.948445784044616e-01 
 1.665599999999998e-09  5.948445784044616e-01 
 1.685599999999998e-09  5.948445784044616e-01 
 1.705599999999998e-09  5.948445784044616e-01 
 1.725599999999998e-09  5.948445784044616e-01 
 1.745599999999998e-09  5.948445784044616e-01 
 1.765599999999998e-09  5.948445784044616e-01 
 1.785599999999998e-09  5.948445784044616e-01 
 1.805599999999998e-09  5.948445784044616e-01 
 1.825599999999998e-09  5.948445784044616e-01 
 1.845599999999997e-09  5.948445784044616e-01 
 1.865599999999997e-09  5.948445784044616e-01 
 1.885599999999997e-09  5.948445784044616e-01 
 1.905599999999997e-09  5.948445784044616e-01 
 1.925599999999997e-09  5.948445784044616e-01 
 1.945599999999997e-09  5.948445784044616e-01 
 1.965599999999997e-09  5.948445784044616e-01 
 1.985599999999997e-09  5.948445784044616e-01 
 2.005599999999997e-09  5.948445784044616e-01 
 2.025599999999997e-09  5.948445784044616e-01 
 2.045599999999997e-09  5.948445784044616e-01 
 2.065599999999997e-09  5.948445784044616e-01 
 2.085599999999997e-09  5.948445784044616e-01 
 2.105599999999997e-09  5.948445784044616e-01 
 2.125599999999996e-09  5.948445784044616e-01 
 2.145599999999996e-09  5.948445784044616e-01 
 2.165599999999996e-09  5.948445784044616e-01 
 2.185599999999996e-09  5.948445784044616e-01 
 2.205599999999996e-09  5.948445784044616e-01 
 2.225599999999996e-09  5.948445784044616e-01 
 2.245599999999996e-09  5.948445784044616e-01 
 2.265599999999996e-09  5.948445784044616e-01 
 2.285599999999996e-09  5.948445784044616e-01 
 2.305599999999996e-09  5.948445784044616e-01 
 2.325599999999996e-09  5.948445784044616e-01 
 2.345599999999996e-09  5.948445784044616e-01 
 2.365599999999996e-09  5.948445784044616e-01 
 2.385599999999996e-09  5.948445784044616e-01 
 2.405599999999995e-09  5.948445784044616e-01 
 2.425599999999995e-09  5.948445784044616e-01 
 2.445599999999995e-09  5.948445784044615e-01 
 2.465599999999995e-09  5.948445784044616e-01 
 2.485599999999995e-09  5.948445784044616e-01 
 2.505599999999995e-09  5.948445784044616e-01 
 2.525599999999995e-09  5.948445784044617e-01 
 2.545599999999995e-09  5.948445784044616e-01 
 2.565599999999995e-09  5.948445784044616e-01 
 2.585599999999995e-09  5.948445784044616e-01 
 2.605599999999995e-09  5.948445784044616e-01 
 2.625599999999995e-09  5.948445784044616e-01 
 2.645599999999995e-09  5.948445784044616e-01 
 2.665599999999995e-09  5.948445784044616e-01 
 2.685599999999995e-09  5.948445784044616e-01 
 2.705599999999994e-09  5.948445784044616e-01 
 2.725599999999994e-09  5.948445784044616e-01 
 2.745599999999994e-09  5.948445784044616e-01 
 2.765599999999994e-09  5.948445784044616e-01 
 2.785599999999994e-09  5.948445784044616e-01 
 2.805599999999994e-09  5.948445784044616e-01 
 2.825599999999994e-09  5.948445784044616e-01 
 2.845599999999994e-09  5.948445784044616e-01 
 2.865599999999994e-09  5.948445784044616e-01 
 2.885599999999994e-09  5.948445784044616e-01 
 2.905599999999994e-09  5.948445784044616e-01 
 2.925599999999994e-09  5.948445784044616e-01 
 2.945599999999994e-09  5.948445784044616e-01 
 2.965599999999994e-09  5.948445784044616e-01 
 2.985599999999993e-09  5.948445784044616e-01 
 3.005599999999993e-09  5.948445784044616e-01 
 3.025599999999993e-09  5.948445784044616e-01 
 3.045599999999993e-09  5.948445784044616e-01 
 3.065599999999993e-09  5.948445784044616e-01 
 3.085599999999993e-09  5.948445784044616e-01 
 3.105599999999993e-09  5.948445784044616e-01 
 3.125599999999993e-09  5.948445784044616e-01 
 3.145599999999993e-09  5.948445784044616e-01 
 3.165599999999993e-09  5.948445784044616e-01 
 3.185599999999993e-09  5.948445784044616e-01 
 3.205599999999993e-09  5.948445784044616e-01 
 3.225599999999993e-09  5.948445784044616e-01 
 3.245599999999993e-09  5.948445784044616e-01 
 3.265599999999993e-09  5.948445784044616e-01 
 3.285599999999992e-09  5.948445784044616e-01 
 3.305599999999992e-09  5.948445784044616e-01 
 3.325599999999992e-09  5.948445784044616e-01 
 3.345599999999992e-09  5.948445784044616e-01 
 3.365599999999992e-09  5.948445784044616e-01 
 3.385599999999992e-09  5.948445784044616e-01 
 3.405599999999992e-09  5.948445784044616e-01 
 3.425599999999992e-09  5.948445784044616e-01 
 3.445599999999992e-09  5.948445784044616e-01 
 3.465599999999992e-09  5.948445784044616e-01 
 3.485599999999992e-09  5.948445784044616e-01 
 3.505599999999992e-09  5.948445784044616e-01 
 3.525599999999992e-09  5.948445784044616e-01 
 3.545599999999992e-09  5.948445784044616e-01 
 3.565599999999991e-09  5.948445784044616e-01 
 3.585599999999991e-09  5.948445784044616e-01 
 3.605599999999991e-09  5.948445784044616e-01 
 3.625599999999991e-09  5.948445784044616e-01 
 3.645599999999991e-09  5.948445784044616e-01 
 3.665599999999991e-09  5.948445784044616e-01 
 3.685599999999991e-09  5.948445784044616e-01 
 3.705599999999991e-09  5.948445784044616e-01 
 3.725599999999991e-09  5.948445784044616e-01 
 3.745599999999992e-09  5.948445784044616e-01 
 3.765599999999992e-09  5.948445784044616e-01 
 3.785599999999992e-09  5.948445784044616e-01 
 3.805599999999993e-09  5.948445784044616e-01 
 3.825599999999993e-09  5.948445784044616e-01 
 3.845599999999993e-09  5.948445784044616e-01 
 3.865599999999994e-09  5.948445784044616e-01 
 3.885599999999994e-09  5.948445784044616e-01 
 3.905599999999994e-09  5.948445784044616e-01 
 3.925599999999995e-09  5.948445784044616e-01 
 3.945599999999995e-09  5.948445784044616e-01 
 3.965599999999995e-09  5.948445784044616e-01 
 3.985599999999996e-09  5.948445784044616e-01 
 4.005599999999996e-09  5.948445784044616e-01 
 4.025599999999997e-09  5.948445784044616e-01 
 4.045599999999997e-09  5.948445784044616e-01 
 4.065599999999997e-09  5.948445784044616e-01 
 4.085599999999998e-09  5.948445784044616e-01 
 4.105599999999998e-09  5.948445784044616e-01 
 4.125599999999998e-09  5.948445784044616e-01 
 4.145599999999999e-09  5.948445784044616e-01 
 4.165599999999999e-09  5.948445784044616e-01 
 4.185599999999999e-09  5.948445784044616e-01 
 4.205600000000000e-09  5.948445784044616e-01 
 4.225600000000000e-09  5.948445784044616e-01 
 4.245600000000000e-09  5.948445784044616e-01 
 4.265600000000001e-09  5.948445784044616e-01 
 4.285600000000001e-09  5.948445784044616e-01 
 4.305600000000001e-09  5.948445784044616e-01 
 4.325600000000002e-09  5.948445784044616e-01 
 4.345600000000002e-09  5.948445784044616e-01 
 4.365600000000002e-09  5.948445784044616e-01 
 4.385600000000003e-09  5.948445784044616e-01 
 4.405600000000003e-09  5.948445784044616e-01 
 4.425600000000003e-09  5.948445784044616e-01 
 4.445600000000004e-09  5.948445784044616e-01 
 4.465600000000004e-09  5.948445784044616e-01 
 4.485600000000004e-09  5.948445784044616e-01 
 4.505600000000005e-09  5.948445784044616e-01 
 4.525600000000005e-09  5.948445784044616e-01 
 4.545600000000005e-09  5.948445784044616e-01 
 4.565600000000006e-09  5.948445784044616e-01 
 4.585600000000006e-09  5.948445784044616e-01 
 4.605600000000007e-09  5.948445784044616e-01 
 4.625600000000007e-09  5.948445784044616e-01 
 4.645600000000007e-09  5.948445784044616e-01 
 4.665600000000008e-09  5.948445784044616e-01 
 4.685600000000008e-09  5.948445784044616e-01 
 4.705600000000008e-09  5.948445784044616e-01 
 4.725600000000009e-09  5.948445784044616e-01 
 4.745600000000009e-09  5.948445784044616e-01 
 4.765600000000009e-09  5.948445784044616e-01 
 4.785600000000010e-09  5.948445784044616e-01 
 4.805600000000010e-09  5.948445784044616e-01 
 4.825600000000010e-09  5.948445784044616e-01 
 4.845600000000011e-09  5.948445784044616e-01 
 4.865600000000011e-09  5.948445784044616e-01 
 4.885600000000011e-09  5.948445784044616e-01 
 4.905600000000012e-09  5.948445784044616e-01 
 4.925600000000012e-09  5.948445784044616e-01 
 4.945600000000012e-09  5.948445784044616e-01 
 4.965600000000013e-09  5.948445784044616e-01 
 4.985600000000013e-09  5.948445784044616e-01 
 5.005600000000013e-09  5.948445784044616e-01 
 5.025600000000014e-09  5.948445784044616e-01 
 5.045600000000014e-09  5.948445784044616e-01 
 5.065600000000014e-09  5.948445784044616e-01 
 5.085600000000015e-09  5.948445784044616e-01 
 5.105600000000015e-09  5.948445784044616e-01 
 5.125600000000015e-09  5.948445784044616e-01 
 5.145600000000016e-09  5.948445784044616e-01 
 5.165600000000016e-09  5.948445784044616e-01 
 5.185600000000017e-09  5.948445784044616e-01 
 5.205600000000017e-09  5.948445784044616e-01 
 5.225600000000017e-09  5.948445784044616e-01 
 5.245600000000018e-09  5.948445784044616e-01 
 5.265600000000018e-09  5.948445784044616e-01 
 5.285600000000018e-09  5.948445784044616e-01 
 5.305600000000019e-09  5.948445784044616e-01 
 5.325600000000019e-09  5.948445784044616e-01 
 5.345600000000019e-09  5.948445784044616e-01 
 5.365600000000020e-09  5.948445784044616e-01 
 5.385600000000020e-09  5.948445784044616e-01 
 5.405600000000020e-09  5.948445784044616e-01 
 5.425600000000021e-09  5.948445784044616e-01 
 5.445600000000021e-09  5.948445784044616e-01 
 5.465600000000021e-09  5.948445784044616e-01 
 5.485600000000022e-09  5.948445784044616e-01 
 5.505600000000022e-09  5.948445784044616e-01 
 5.525600000000022e-09  5.948445784044616e-01 
 5.545600000000023e-09  5.948445784044616e-01 
 5.565600000000023e-09  5.948445784044616e-01 
 5.585600000000023e-09  5.948445784044616e-01 
 5.605600000000024e-09  5.948445784044616e-01 
 5.625600000000024e-09  5.948445784044616e-01 
 5.645600000000024e-09  5.948445784044616e-01 
 5.665600000000025e-09  5.948445784044616e-01 
 5.685600000000025e-09  5.948445784044616e-01 
 5.705600000000025e-09  5.948445784044616e-01 
 5.725600000000026e-09  5.948445784044616e-01 
 5.745600000000026e-09  5.948445784044616e-01 
 5.765600000000026e-09  5.948445784044616e-01 
 5.785600000000027e-09  5.948445784044616e-01 
 5.805600000000027e-09  5.948445784044616e-01 
 5.825600000000028e-09  5.948445784044616e-01 
 5.845600000000028e-09  5.948445784044616e-01 
 5.865600000000028e-09  5.948445784044616e-01 
 5.885600000000029e-09  5.948445784044616e-01 
 5.905600000000029e-09  5.948445784044616e-01 
 5.925600000000029e-09  5.948445784044616e-01 
 5.945600000000030e-09  5.948445784044616e-01 
 5.965600000000030e-09  5.948445784044616e-01 
 5.985600000000030e-09  5.948445784044616e-01 
 6.005600000000031e-09  5.948445784044616e-01 
 6.025600000000031e-09  5.948445784044616e-01 
 6.045600000000031e-09  5.948445784044616e-01 
 6.065600000000032e-09  5.948445784044616e-01 
 6.085600000000032e-09  5.948445784044616e-01 
 6.105600000000032e-09  5.948445784044616e-01 
 6.125600000000033e-09  5.948445784044616e-01 
 6.145600000000033e-09  5.948445784044616e-01 
 6.165600000000033e-09  5.948445784044616e-01 
 6.185600000000034e-09  5.948445784044616e-01 
 6.205600000000034e-09  5.948445784044616e-01 
 6.225600000000034e-09  5.948445784044616e-01 
 6.245600000000035e-09  5.948445784044616e-01 
 6.265600000000035e-09  5.948445784044616e-01 
 6.285600000000035e-09  5.948445784044616e-01 
 6.305600000000036e-09  5.948445784044616e-01 
 6.325600000000036e-09  5.948445784044616e-01 
 6.345600000000036e-09  5.948445784044616e-01 
 6.365600000000037e-09  5.948445784044616e-01 
 6.385600000000037e-09  5.948445784044616e-01 
 6.405600000000038e-09  5.948445784044616e-01 
 6.425600000000038e-09  5.948445784044616e-01 
 6.445600000000038e-09  5.948445784044616e-01 
 6.465600000000039e-09  5.948445784044616e-01 
 6.485600000000039e-09  5.948445784044616e-01 
 6.505600000000039e-09  5.948445784044616e-01 
 6.525600000000040e-09  5.948445784044616e-01 
 6.545600000000040e-09  5.948445784044616e-01 
 6.565600000000040e-09  5.948445784044616e-01 
 6.585600000000041e-09  5.948445784044616e-01 
 6.605600000000041e-09  5.948445784044616e-01 
 6.625600000000041e-09  5.948445784044616e-01 
 6.645600000000042e-09  5.948445784044616e-01 
 6.665600000000042e-09  5.948445784044616e-01 
 6.685600000000042e-09  5.948445784044616e-01 
 6.705600000000043e-09  5.948445784044616e-01 
 6.725600000000043e-09  5.948445784044616e-01 
 6.745600000000043e-09  5.948445784044616e-01 
 6.765600000000044e-09  5.948445784044616e-01 
 6.785600000000044e-09  5.948445784044616e-01 
 6.805600000000044e-09  5.948445784044616e-01 
 6.825600000000045e-09  5.948445784044616e-01 
 6.845600000000045e-09  5.948445784044616e-01 
 6.865600000000045e-09  5.948445784044616e-01 
 6.885600000000046e-09  5.948445784044616e-01 
 6.905600000000046e-09  5.948445784044616e-01 
 6.925600000000046e-09  5.948445784044616e-01 
 6.945600000000047e-09  5.948445784044616e-01 
 6.965600000000047e-09  5.948445784044616e-01 
 6.985600000000048e-09  5.948445784044616e-01 
 7.005600000000048e-09  5.948445784044616e-01 
 7.025600000000048e-09  5.948445784044616e-01 
 7.045600000000049e-09  5.948445784044616e-01 
 7.065600000000049e-09  5.948445784044616e-01 
 7.085600000000049e-09  5.948445784044616e-01 
 7.105600000000050e-09  5.948445784044616e-01 
 7.125600000000050e-09  5.948445784044616e-01 
 7.145600000000050e-09  5.948445784044616e-01 
 7.165600000000051e-09  5.948445784044616e-01 
 7.185600000000051e-09  5.948445784044616e-01 
 7.205600000000051e-09  5.948445784044616e-01 
 7.225600000000052e-09  5.948445784044616e-01 
 7.245600000000052e-09  5.948445784044616e-01 
 7.265600000000052e-09  5.948445784044616e-01 
 7.285600000000053e-09  5.948445784044616e-01 
 7.305600000000053e-09  5.948445784044616e-01 
 7.325600000000053e-09  5.948445784044616e-01 
 7.345600000000054e-09  5.948445784044616e-01 
 7.365600000000054e-09  5.948445784044616e-01 
 7.385600000000054e-09  5.948445784044616e-01 
 7.405600000000055e-09  5.948445784044616e-01 
 7.425600000000055e-09  5.948445784044616e-01 
 7.445600000000055e-09  5.948445784044616e-01 
 7.465600000000055e-09  5.948445784044616e-01 
 7.485600000000054e-09  5.948445784044616e-01 
 7.505600000000054e-09  5.948445784044616e-01 
 7.525600000000054e-09  5.948445784044616e-01 
 7.545600000000053e-09  5.948445784044616e-01 
 7.565600000000053e-09  5.948445784044616e-01 
 7.585600000000052e-09  5.948445784044616e-01 
 7.605600000000052e-09  5.948445784044616e-01 
 7.625600000000051e-09  5.948445784044616e-01 
 7.645600000000051e-09  5.948445784044616e-01 
 7.665600000000050e-09  5.948445784044616e-01 
 7.685600000000050e-09  5.948445784044616e-01 
 7.705600000000049e-09  5.948445784044616e-01 
 7.725600000000049e-09  5.948445784044616e-01 
 7.745600000000048e-09  5.948445784044616e-01 
 7.765600000000048e-09  5.948445784044616e-01 
 7.785600000000047e-09  5.948445784044616e-01 
 7.805600000000047e-09  5.948445784044616e-01 
 7.825600000000046e-09  5.948445784044616e-01 
 7.845600000000046e-09  5.948445784044616e-01 
 7.865600000000045e-09  5.948445784044616e-01 
 7.885600000000045e-09  5.948445784044616e-01 
 7.905600000000044e-09  5.948445784044616e-01 
 7.925600000000044e-09  5.948445784044616e-01 
 7.945600000000043e-09  5.948445784044616e-01 
 7.965600000000043e-09  5.948445784044616e-01 
 7.985600000000042e-09  5.948445784044616e-01 
 8.005600000000042e-09  5.948445784044616e-01 
 8.025600000000041e-09  5.948445784044616e-01 
 8.045600000000041e-09  5.948445784044616e-01 
 8.065600000000040e-09  5.948445784044616e-01 
 8.085600000000040e-09  5.948445784044616e-01 
 8.105600000000040e-09  5.948445784044616e-01 
 8.125600000000039e-09  5.948445784044616e-01 
 8.145600000000039e-09  5.948445784044616e-01 
 8.165600000000038e-09  5.948445784044616e-01 
 8.185600000000038e-09  5.948445784044616e-01 
 8.205600000000037e-09  5.948445784044616e-01 
 8.225600000000037e-09  5.948445784044616e-01 
 8.245600000000036e-09  5.948445784044616e-01 
 8.265600000000036e-09  5.948445784044616e-01 
 8.285600000000035e-09  5.948445784044616e-01 
 8.305600000000035e-09  5.948445784044616e-01 
 8.325600000000034e-09  5.948445784044616e-01 
 8.345600000000034e-09  5.948445784044616e-01 
 8.365600000000033e-09  5.948445784044616e-01 
 8.385600000000033e-09  5.948445784044616e-01 
 8.405600000000032e-09  5.948445784044616e-01 
 8.425600000000032e-09  5.948445784044616e-01 
 8.445600000000031e-09  5.948445784044616e-01 
 8.465600000000031e-09  5.948445784044616e-01 
 8.485600000000030e-09  5.948445784044616e-01 
 8.505600000000030e-09  5.948445784044616e-01 
 8.525600000000029e-09  5.948445784044616e-01 
 8.545600000000029e-09  5.948445784044616e-01 
 8.565600000000028e-09  5.948445784044616e-01 
 8.585600000000028e-09  5.948445784044616e-01 
 8.605600000000027e-09  5.948445784044616e-01 
 8.625600000000027e-09  5.948445784044616e-01 
 8.645600000000026e-09  5.948445784044616e-01 
 8.665600000000026e-09  5.948445784044616e-01 
 8.685600000000026e-09  5.948445784044616e-01 
 8.705600000000025e-09  5.948445784044616e-01 
 8.725600000000025e-09  5.948445784044616e-01 
 8.745600000000024e-09  5.948445784044616e-01 
 8.765600000000024e-09  5.948445784044616e-01 
 8.785600000000023e-09  5.948445784044616e-01 
 8.805600000000023e-09  5.948445784044616e-01 
 8.825600000000022e-09  5.948445784044616e-01 
 8.845600000000022e-09  5.948445784044616e-01 
 8.865600000000021e-09  5.948445784044616e-01 
 8.885600000000021e-09  5.948445784044616e-01 
 8.905600000000020e-09  5.948445784044616e-01 
 8.925600000000020e-09  5.948445784044616e-01 
 8.945600000000019e-09  5.948445784044616e-01 
 8.965600000000019e-09  5.948445784044616e-01 
 8.985600000000018e-09  5.948445784044616e-01 
 9.005600000000018e-09  5.948445784044616e-01 
 9.025600000000017e-09  5.948445784044616e-01 
 9.045600000000017e-09  5.948445784044616e-01 
 9.065600000000016e-09  5.948445784044616e-01 
 9.085600000000016e-09  5.948445784044616e-01 
 9.105600000000015e-09  5.948445784044616e-01 
 9.125600000000015e-09  5.948445784044616e-01 
 9.145600000000014e-09  5.948445784044616e-01 
 9.165600000000014e-09  5.948445784044616e-01 
 9.185600000000013e-09  5.948445784044616e-01 
 9.205600000000013e-09  5.948445784044616e-01 
 9.225600000000012e-09  5.948445784044616e-01 
 9.245600000000012e-09  5.948445784044616e-01 
 9.265600000000012e-09  5.948445784044616e-01 
 9.285600000000011e-09  5.948445784044616e-01 
 9.305600000000011e-09  5.948445784044616e-01 
 9.325600000000010e-09  5.948445784044616e-01 
 9.345600000000010e-09  5.948445784044616e-01 
 9.365600000000009e-09  5.948445784044616e-01 
 9.385600000000009e-09  5.948445784044616e-01 
 9.405600000000008e-09  5.948445784044616e-01 
 9.425600000000008e-09  5.948445784044616e-01 
 9.445600000000007e-09  5.948445784044616e-01 
 9.465600000000007e-09  5.948445784044616e-01 
 9.485600000000006e-09  5.948445784044616e-01 
 9.505600000000006e-09  5.948445784044616e-01 
 9.525600000000005e-09  5.948445784044616e-01 
 9.545600000000005e-09  5.948445784044616e-01 
 9.565600000000004e-09  5.948445784044616e-01 
 9.585600000000004e-09  5.948445784044616e-01 
 9.605600000000003e-09  5.948445784044616e-01 
 9.625600000000003e-09  5.948445784044616e-01 
 9.645600000000002e-09  5.948445784044616e-01 
 9.665600000000002e-09  5.948445784044616e-01 
 9.685600000000001e-09  5.948445784044616e-01 
 9.705600000000001e-09  5.948445784044616e-01 
 9.725600000000000e-09  5.948445784044616e-01 
 9.745600000000000e-09  5.948445784044616e-01 
 9.765599999999999e-09  5.948445784044616e-01 
 9.785599999999999e-09  5.948445784044616e-01 
 9.805599999999998e-09  5.948445784044616e-01 
 9.825599999999998e-09  5.948445784044616e-01 
 9.845599999999998e-09  5.948445784044616e-01 
 9.865599999999997e-09  5.948445784044616e-01 
 9.885599999999997e-09  5.948445784044616e-01 
 9.905599999999996e-09  5.948445784044616e-01 
 9.925599999999996e-09  5.948445784044616e-01 
 9.945599999999995e-09  5.948445784044616e-01 
 9.965599999999995e-09  5.948445784044616e-01 
 9.985599999999994e-09  5.948445784044616e-01 
 1.000559999999999e-08  5.948445784044616e-01 
 1.002559999999999e-08  5.948445784044616e-01 
 1.004559999999999e-08  5.948445784044616e-01 
 1.006559999999999e-08  5.948445784044616e-01 
 1.008559999999999e-08  5.948445784044616e-01 
 1.010559999999999e-08  5.948445784044616e-01 
 1.012559999999999e-08  5.948445784044616e-01 
 1.014559999999999e-08  5.948445784044616e-01 
 1.016559999999999e-08  5.948445784044616e-01 
 1.018559999999999e-08  5.948445784044616e-01 
 1.020559999999999e-08  5.948445784044616e-01 
 1.022559999999999e-08  5.948445784044616e-01 
 1.024559999999999e-08  5.948445784044616e-01 
 1.026559999999999e-08  5.948445784044616e-01 
 1.028559999999999e-08  5.948445784044616e-01 
 1.030559999999999e-08  5.948445784044616e-01 
 1.032559999999999e-08  5.948445784044616e-01 
 1.034559999999999e-08  5.948445784044616e-01 
 1.036559999999998e-08  5.948445784044616e-01 
 1.038559999999998e-08  5.948445784044616e-01 
 1.040559999999998e-08  5.948445784044616e-01 
 1.042559999999998e-08  5.948445784044616e-01 
 1.044559999999998e-08  5.948445784044616e-01 
 1.046559999999998e-08  5.948445784044616e-01 
 1.048559999999998e-08  5.948445784044616e-01 
 1.050559999999998e-08  5.948445784044616e-01 
 1.052559999999998e-08  5.948445784044616e-01 
 1.054559999999998e-08  5.948445784044616e-01 
 1.056559999999998e-08  5.948445784044616e-01 
 1.058559999999998e-08  5.948445784044616e-01 
 1.060559999999998e-08  5.948445784044616e-01 
 1.062559999999998e-08  5.948445784044616e-01 
 1.064559999999998e-08  5.948445784044616e-01 
 1.066559999999998e-08  5.948445784044616e-01 
 1.068559999999998e-08  5.948445784044616e-01 
 1.070559999999998e-08  5.948445784044616e-01 
 1.072559999999998e-08  5.948445784044616e-01 
 1.074559999999998e-08  5.948445784044616e-01 
 1.076559999999998e-08  5.948445784044616e-01 
 1.078559999999997e-08  5.948445784044616e-01 
 1.080559999999997e-08  5.948445784044616e-01 
 1.082559999999997e-08  5.948445784044616e-01 
 1.084559999999997e-08  5.948445784044616e-01 
 1.086559999999997e-08  5.948445784044616e-01 
 1.088559999999997e-08  5.948445784044616e-01 
 1.090559999999997e-08  5.948445784044616e-01 
 1.092559999999997e-08  5.948445784044616e-01 
 1.094559999999997e-08  5.948445784044616e-01 
 1.096559999999997e-08  5.948445784044616e-01 
 1.098559999999997e-08  5.948445784044616e-01 
 1.100559999999997e-08  5.948445784044616e-01 
 1.102559999999997e-08  5.948445784044616e-01 
 1.104559999999997e-08  5.948445784044616e-01 
 1.106559999999997e-08  5.948445784044616e-01 
 1.108559999999997e-08  5.948445784044616e-01 
 1.110559999999997e-08  5.948445784044616e-01 
 1.112559999999997e-08  5.948445784044616e-01 
 1.114559999999997e-08  5.948445784044616e-01 
 1.116559999999997e-08  5.948445784044616e-01 
 1.118559999999997e-08  5.948445784044616e-01 
 1.120559999999996e-08  5.948445784044616e-01 
 1.122559999999996e-08  5.948445784044616e-01 
 1.124559999999996e-08  5.948445784044616e-01 
 1.126559999999996e-08  5.948445784044616e-01 
 1.128559999999996e-08  5.948445784044616e-01 
 1.130559999999996e-08  5.948445784044616e-01 
 1.132559999999996e-08  5.948445784044616e-01 
 1.134559999999996e-08  5.948445784044616e-01 
 1.136559999999996e-08  5.948445784044616e-01 
 1.138559999999996e-08  5.948445784044616e-01 
 1.140559999999996e-08  5.948445784044616e-01 
 1.142559999999996e-08  5.948445784044616e-01 
 1.144559999999996e-08  5.948445784044616e-01 
 1.146559999999996e-08  5.948445784044616e-01 
 1.148559999999996e-08  5.948445784044616e-01 
 1.150559999999996e-08  5.948445784044616e-01 
 1.152559999999996e-08  5.948445784044616e-01 
 1.154559999999996e-08  5.948445784044616e-01 
 1.156559999999996e-08  5.948445784044616e-01 
 1.158559999999996e-08  5.948445784044616e-01 
 1.160559999999996e-08  5.948445784044616e-01 
 1.162559999999995e-08  5.948445784044616e-01 
 1.164559999999995e-08  5.948445784044616e-01 
 1.166559999999995e-08  5.948445784044616e-01 
 1.168559999999995e-08  5.948445784044616e-01 
 1.170559999999995e-08  5.948445784044616e-01 
 1.172559999999995e-08  5.948445784044616e-01 
 1.174559999999995e-08  5.948445784044616e-01 
 1.176559999999995e-08  5.948445784044616e-01 
 1.178559999999995e-08  5.948445784044616e-01 
 1.180559999999995e-08  5.948445784044616e-01 
 1.182559999999995e-08  5.948445784044616e-01 
 1.184559999999995e-08  5.948445784044616e-01 
 1.186559999999995e-08  5.948445784044616e-01 
 1.188559999999995e-08  5.948445784044616e-01 
 1.190559999999995e-08  5.948445784044616e-01 
 1.192559999999995e-08  5.948445784044616e-01 
 1.194559999999995e-08  5.948445784044616e-01 
 1.196559999999995e-08  5.948445784044616e-01 
 1.198559999999995e-08  5.948445784044616e-01 
 1.200559999999995e-08  5.948445784044616e-01 
 1.202559999999994e-08  5.948445784044616e-01 
 1.204559999999994e-08  5.948445784044616e-01 
 1.206559999999994e-08  5.948445784044616e-01 
 1.208559999999994e-08  5.948445784044616e-01 
 1.210559999999994e-08  5.948445784044616e-01 
 1.212559999999994e-08  5.948445784044616e-01 
 1.214559999999994e-08  5.948445784044616e-01 
 1.216559999999994e-08  5.948445784044616e-01 
 1.218559999999994e-08  5.948445784044616e-01 
 1.220559999999994e-08  5.948445784044616e-01 
 1.222559999999994e-08  5.948445784044616e-01 
 1.224559999999994e-08  5.948445784044616e-01 
 1.226559999999994e-08  5.948445784044616e-01 
 1.228559999999994e-08  5.948445784044616e-01 
 1.230559999999994e-08  5.948445784044616e-01 
 1.232559999999994e-08  5.948445784044616e-01 
 1.234559999999994e-08  5.948445784044616e-01 
 1.236559999999994e-08  5.948445784044616e-01 
 1.238559999999994e-08  5.948445784044616e-01 
 1.240559999999994e-08  5.948445784044616e-01 
 1.242559999999994e-08  5.948445784044616e-01 
 1.244559999999993e-08  5.948445784044616e-01 
 1.246559999999993e-08  5.948445784044616e-01 
 1.248559999999993e-08  5.948445784044616e-01 
 1.250559999999993e-08  5.948445784044616e-01 
 1.252559999999993e-08  5.948445784044616e-01 
 1.254559999999993e-08  5.948445784044616e-01 
 1.256559999999993e-08  5.948445784044616e-01 
 1.258559999999993e-08  5.948445784044616e-01 
 1.260559999999993e-08  5.948445784044616e-01 
 1.262559999999993e-08  5.948445784044616e-01 
 1.264559999999993e-08  5.948445784044616e-01 
 1.266559999999993e-08  5.948445784044616e-01 
 1.268559999999993e-08  5.948445784044616e-01 
 1.270559999999993e-08  5.948445784044616e-01 
 1.272559999999993e-08  5.948445784044616e-01 
 1.274559999999993e-08  5.948445784044616e-01 
 1.276559999999993e-08  5.948445784044616e-01 
 1.278559999999993e-08  5.948445784044616e-01 
 1.280559999999993e-08  5.948445784044616e-01 
 1.282559999999993e-08  5.948445784044616e-01 
 1.284559999999993e-08  5.948445784044616e-01 
 1.286559999999992e-08  5.948445784044616e-01 
 1.288559999999992e-08  5.948445784044616e-01 
 1.290559999999992e-08  5.948445784044616e-01 
 1.292559999999992e-08  5.948445784044616e-01 
 1.294559999999992e-08  5.948445784044616e-01 
 1.296559999999992e-08  5.948445784044616e-01 
 1.298559999999992e-08  5.948445784044616e-01 
 1.300559999999992e-08  5.948445784044616e-01 
 1.302559999999992e-08  5.948445784044616e-01 
 1.304559999999992e-08  5.948445784044616e-01 
 1.306559999999992e-08  5.948445784044616e-01 
 1.308559999999992e-08  5.948445784044616e-01 
 1.310559999999992e-08  5.948445784044616e-01 
 1.312559999999992e-08  5.948445784044616e-01 
 1.314559999999992e-08  5.948445784044616e-01 
 1.316559999999992e-08  5.948445784044616e-01 
 1.318559999999992e-08  5.948445784044616e-01 
 1.320559999999992e-08  5.948445784044616e-01 
 1.322559999999992e-08  5.948445784044616e-01 
 1.324559999999992e-08  5.948445784044616e-01 
 1.326559999999991e-08  5.948445784044616e-01 
 1.328559999999991e-08  5.948445784044616e-01 
 1.330559999999991e-08  5.948445784044616e-01 
 1.332559999999991e-08  5.948445784044616e-01 
 1.334559999999991e-08  5.948445784044616e-01 
 1.336559999999991e-08  5.948445784044616e-01 
 1.338559999999991e-08  5.948445784044616e-01 
 1.340559999999991e-08  5.948445784044616e-01 
 1.342559999999991e-08  5.948445784044616e-01 
 1.344559999999991e-08  5.948445784044616e-01 
 1.346559999999991e-08  5.948445784044616e-01 
 1.348559999999991e-08  5.948445784044616e-01 
 1.350559999999991e-08  5.948445784044616e-01 
 1.352559999999991e-08  5.948445784044616e-01 
 1.354559999999991e-08  5.948445784044616e-01 
 1.356559999999991e-08  5.948445784044616e-01 
 1.358559999999991e-08  5.948445784044616e-01 
 1.360559999999991e-08  5.948445784044616e-01 
 1.362559999999991e-08  5.948445784044616e-01 
 1.364559999999991e-08  5.948445784044616e-01 
 1.366559999999991e-08  5.948445784044616e-01 
 1.368559999999990e-08  5.948445784044616e-01 
 1.370559999999990e-08  5.948445784044616e-01 
 1.372559999999990e-08  5.948445784044616e-01 
 1.374559999999990e-08  5.948445784044616e-01 
 1.376559999999990e-08  5.948445784044616e-01 
 1.378559999999990e-08  5.948445784044616e-01 
 1.380559999999990e-08  5.948445784044616e-01 
 1.382559999999990e-08  5.948445784044616e-01 
 1.384559999999990e-08  5.948445784044616e-01 
 1.386559999999990e-08  5.948445784044616e-01 
 1.388559999999990e-08  5.948445784044616e-01 
 1.390559999999990e-08  5.948445784044616e-01 
 1.392559999999990e-08  5.948445784044616e-01 
 1.394559999999990e-08  5.948445784044616e-01 
 1.396559999999990e-08  5.948445784044616e-01 
 1.398559999999990e-08  5.948445784044616e-01 
 1.400559999999990e-08  5.948445784044616e-01 
 1.402559999999990e-08  5.948445784044616e-01 
 1.404559999999990e-08  5.948445784044616e-01 
 1.406559999999990e-08  5.948445784044616e-01 
 1.408559999999990e-08  5.948445784044616e-01 
 1.410559999999989e-08  5.948445784044616e-01 
 1.412559999999989e-08  5.948445784044616e-01 
 1.414559999999989e-08  5.948445784044616e-01 
 1.416559999999989e-08  5.948445784044616e-01 
 1.418559999999989e-08  5.948445784044616e-01 
 1.420559999999989e-08  5.948445784044616e-01 
 1.422559999999989e-08  5.948445784044616e-01 
 1.424559999999989e-08  5.948445784044616e-01 
 1.426559999999989e-08  5.948445784044616e-01 
 1.428559999999989e-08  5.948445784044616e-01 
 1.430559999999989e-08  5.948445784044616e-01 
 1.432559999999989e-08  5.948445784044616e-01 
 1.434559999999989e-08  5.948445784044616e-01 
 1.436559999999989e-08  5.948445784044616e-01 
 1.438559999999989e-08  5.948445784044616e-01 
 1.440559999999989e-08  5.948445784044616e-01 
 1.442559999999989e-08  5.948445784044616e-01 
 1.444559999999989e-08  5.948445784044616e-01 
 1.446559999999989e-08  5.948445784044616e-01 
 1.448559999999989e-08  5.948445784044616e-01 
 1.450559999999989e-08  5.948445784044616e-01 
 1.452559999999988e-08  5.948445784044616e-01 
 1.454559999999988e-08  5.948445784044616e-01 
 1.456559999999988e-08  5.948445784044616e-01 
 1.458559999999988e-08  5.948445784044616e-01 
 1.460559999999988e-08  5.948445784044616e-01 
 1.462559999999988e-08  5.948445784044616e-01 
 1.464559999999988e-08  5.948445784044616e-01 
 1.466559999999988e-08  5.948445784044616e-01 
 1.468559999999988e-08  5.948445784044616e-01 
 1.470559999999988e-08  5.948445784044616e-01 
 1.472559999999988e-08  5.948445784044616e-01 
 1.474559999999988e-08  5.948445784044616e-01 
 1.476559999999988e-08  5.948445784044616e-01 
 1.478559999999988e-08  5.948445784044616e-01 
 1.480559999999988e-08  5.948445784044616e-01 
 1.482559999999988e-08  5.948445784044616e-01 
 1.484559999999988e-08  5.948445784044616e-01 
 1.486559999999988e-08  5.948445784044616e-01 
 1.488559999999988e-08  5.948445784044616e-01 
 1.490559999999988e-08  5.948445784044616e-01 
 1.492559999999988e-08  5.948445784044616e-01 
 1.494559999999988e-08  5.948445784044616e-01 
 1.496559999999988e-08  5.948445784044616e-01 
 1.498559999999988e-08  5.948445784044616e-01 
 1.500559999999987e-08  5.948445784044616e-01 
 1.502559999999987e-08  5.948445784044616e-01 
 1.504559999999987e-08  5.948445784044616e-01 
 1.506559999999987e-08  5.948445784044616e-01 
 1.508559999999987e-08  5.948445784044616e-01 
 1.510559999999987e-08  5.948445784044616e-01 
 1.512559999999987e-08  5.948445784044616e-01 
 1.514559999999987e-08  5.948445784044616e-01 
 1.516559999999987e-08  5.948445784044616e-01 
 1.518559999999987e-08  5.948445784044616e-01 
 1.520559999999987e-08  5.948445784044616e-01 
 1.522559999999987e-08  5.948445784044616e-01 
 1.524559999999987e-08  5.948445784044616e-01 
 1.526559999999987e-08  5.948445784044616e-01 
 1.528559999999987e-08  5.948445784044616e-01 
 1.530559999999987e-08  5.948445784044616e-01 
 1.532559999999987e-08  5.948445784044616e-01 
 1.534559999999987e-08  5.948445784044616e-01 
 1.536559999999987e-08  5.948445784044616e-01 
 1.538559999999987e-08  5.948445784044616e-01 
 1.540559999999986e-08  5.948445784044616e-01 
 1.542559999999986e-08  5.948445784044616e-01 
 1.544559999999986e-08  5.948445784044616e-01 
 1.546559999999986e-08  5.948445784044616e-01 
 1.548559999999986e-08  5.948445784044616e-01 
 1.550559999999986e-08  5.948445784044616e-01 
 1.552559999999986e-08  5.948445784044616e-01 
 1.554559999999986e-08  5.948445784044616e-01 
 1.556559999999986e-08  5.948445784044616e-01 
 1.558559999999986e-08  5.948445784044616e-01 
 1.560559999999986e-08  5.948445784044616e-01 
 1.562559999999986e-08  5.948445784044616e-01 
 1.564559999999986e-08  5.948445784044616e-01 
 1.566559999999986e-08  5.948445784044616e-01 
 1.568559999999986e-08  5.948445784044616e-01 
 1.570559999999986e-08  5.948445784044616e-01 
 1.572559999999986e-08  5.948445784044616e-01 
 1.574559999999986e-08  5.948445784044616e-01 
 1.576559999999986e-08  5.948445784044616e-01 
 1.578559999999986e-08  5.948445784044616e-01 
 1.580559999999986e-08  5.948445784044616e-01 
 1.582559999999985e-08  5.948445784044616e-01 
 1.584559999999985e-08  5.948445784044616e-01 
 1.586559999999985e-08  5.948445784044616e-01 
 1.588559999999985e-08  5.948445784044616e-01 
 1.590559999999985e-08  5.948445784044616e-01 
 1.592559999999985e-08  5.948445784044616e-01 
 1.594559999999985e-08  5.948445784044616e-01 
 1.596559999999985e-08  5.948445784044616e-01 
 1.598559999999985e-08  5.948445784044616e-01 
 1.600559999999985e-08  5.948445784044616e-01 
 1.602559999999985e-08  5.948445784044616e-01 
 1.604559999999985e-08  5.948445784044616e-01 
 1.606559999999985e-08  5.948445784044616e-01 
 1.608559999999985e-08  5.948445784044616e-01 
 1.610559999999985e-08  5.948445784044616e-01 
 1.612559999999985e-08  5.948445784044616e-01 
 1.614559999999985e-08  5.948445784044616e-01 
 1.616559999999985e-08  5.948445784044616e-01 
 1.618559999999985e-08  5.948445784044616e-01 
 1.620559999999985e-08  5.948445784044616e-01 
 1.622559999999985e-08  5.948445784044616e-01 
 1.624559999999984e-08  5.948445784044616e-01 
 1.626559999999984e-08  5.948445784044616e-01 
 1.628559999999984e-08  5.948445784044616e-01 
 1.630559999999984e-08  5.948445784044616e-01 
 1.632559999999984e-08  5.948445784044616e-01 
 1.634559999999984e-08  5.948445784044616e-01 
 1.636559999999984e-08  5.948445784044616e-01 
 1.638559999999984e-08  5.948445784044616e-01 
 1.640559999999984e-08  5.948445784044616e-01 
 1.642559999999984e-08  5.948445784044616e-01 
 1.644559999999984e-08  5.948445784044616e-01 
 1.646559999999984e-08  5.948445784044616e-01 
 1.648559999999984e-08  5.948445784044616e-01 
 1.650559999999984e-08  5.948445784044616e-01 
 1.652559999999984e-08  5.948445784044616e-01 
 1.654559999999984e-08  5.948445784044616e-01 
 1.656559999999984e-08  5.948445784044616e-01 
 1.658559999999984e-08  5.948445784044616e-01 
 1.660559999999984e-08  5.948445784044616e-01 
 1.662559999999984e-08  5.948445784044616e-01 
 1.664559999999984e-08  5.948445784044616e-01 
 1.666559999999983e-08  5.948445784044616e-01 
 1.668559999999983e-08  5.948445784044616e-01 
 1.670559999999983e-08  5.948445784044616e-01 
 1.672559999999983e-08  5.948445784044616e-01 
 1.674559999999983e-08  5.948445784044616e-01 
 1.676559999999983e-08  5.948445784044616e-01 
 1.678559999999983e-08  5.948445784044616e-01 
 1.680559999999983e-08  5.948445784044616e-01 
 1.682559999999983e-08  5.948445784044616e-01 
 1.684559999999983e-08  5.948445784044616e-01 
 1.686559999999983e-08  5.948445784044616e-01 
 1.688559999999983e-08  5.948445784044616e-01 
 1.690559999999983e-08  5.948445784044616e-01 
 1.692559999999983e-08  5.948445784044616e-01 
 1.694559999999983e-08  5.948445784044616e-01 
 1.696559999999983e-08  5.948445784044616e-01 
 1.698559999999983e-08  5.948445784044616e-01 
 1.700559999999983e-08  5.948445784044616e-01 
 1.702559999999983e-08  5.948445784044616e-01 
 1.704559999999983e-08  5.948445784044616e-01 
 1.706559999999982e-08  5.948445784044616e-01 
 1.708559999999982e-08  5.948445784044616e-01 
 1.710559999999982e-08  5.948445784044616e-01 
 1.712559999999982e-08  5.948445784044616e-01 
 1.714559999999982e-08  5.948445784044616e-01 
 1.716559999999982e-08  5.948445784044616e-01 
 1.718559999999982e-08  5.948445784044616e-01 
 1.720559999999982e-08  5.948445784044616e-01 
 1.722559999999982e-08  5.948445784044616e-01 
 1.724559999999982e-08  5.948445784044616e-01 
 1.726559999999982e-08  5.948445784044616e-01 
 1.728559999999982e-08  5.948445784044616e-01 
 1.730559999999982e-08  5.948445784044616e-01 
 1.732559999999982e-08  5.948445784044616e-01 
 1.734559999999982e-08  5.948445784044616e-01 
 1.736559999999982e-08  5.948445784044616e-01 
 1.738559999999982e-08  5.948445784044616e-01 
 1.740559999999982e-08  5.948445784044616e-01 
 1.742559999999982e-08  5.948445784044616e-01 
 1.744559999999982e-08  5.948445784044616e-01 
 1.746559999999982e-08  5.948445784044616e-01 
 1.748559999999981e-08  5.948445784044616e-01 
 1.750559999999981e-08  5.948445784044616e-01 
 1.752559999999981e-08  5.948445784044616e-01 
 1.754559999999981e-08  5.948445784044616e-01 
 1.756559999999981e-08  5.948445784044616e-01 
 1.758559999999981e-08  5.948445784044616e-01 
 1.760559999999981e-08  5.948445784044616e-01 
 1.762559999999981e-08  5.948445784044616e-01 
 1.764559999999981e-08  5.948445784044616e-01 
 1.766559999999981e-08  5.948445784044616e-01 
 1.768559999999981e-08  5.948445784044616e-01 
 1.770559999999981e-08  5.948445784044616e-01 
 1.772559999999981e-08  5.948445784044616e-01 
 1.774559999999981e-08  5.948445784044616e-01 
 1.776559999999981e-08  5.948445784044616e-01 
 1.778559999999981e-08  5.948445784044616e-01 
 1.780559999999981e-08  5.948445784044616e-01 
 1.782559999999981e-08  5.948445784044616e-01 
 1.784559999999981e-08  5.948445784044616e-01 
 1.786559999999981e-08  5.948445784044616e-01 
 1.788559999999981e-08  5.948445784044616e-01 
 1.790559999999980e-08  5.948445784044616e-01 
 1.792559999999980e-08  5.948445784044616e-01 
 1.794559999999980e-08  5.948445784044616e-01 
 1.796559999999980e-08  5.948445784044616e-01 
 1.798559999999980e-08  5.948445784044616e-01 
 1.800559999999980e-08  5.948445784044616e-01 
 1.802559999999980e-08  5.948445784044616e-01 
 1.804559999999980e-08  5.948445784044616e-01 
 1.806559999999980e-08  5.948445784044616e-01 
 1.808559999999980e-08  5.948445784044616e-01 
 1.810559999999980e-08  5.948445784044616e-01 
 1.812559999999980e-08  5.948445784044616e-01 
 1.814559999999980e-08  5.948445784044616e-01 
 1.816559999999980e-08  5.948445784044616e-01 
 1.818559999999980e-08  5.948445784044616e-01 
 1.820559999999980e-08  5.948445784044616e-01 
 1.822559999999980e-08  5.948445784044616e-01 
 1.824559999999980e-08  5.948445784044616e-01 
 1.826559999999980e-08  5.948445784044616e-01 
 1.828559999999980e-08  5.948445784044616e-01 
 1.830559999999980e-08  5.948445784044616e-01 
 1.832559999999979e-08  5.948445784044616e-01 
 1.834559999999979e-08  5.948445784044616e-01 
 1.836559999999979e-08  5.948445784044616e-01 
 1.838559999999979e-08  5.948445784044616e-01 
 1.840559999999979e-08  5.948445784044616e-01 
 1.842559999999979e-08  5.948445784044616e-01 
 1.844559999999979e-08  5.948445784044616e-01 
 1.846559999999979e-08  5.948445784044616e-01 
 1.848559999999979e-08  5.948445784044616e-01 
 1.850559999999979e-08  5.948445784044616e-01 
 1.852559999999979e-08  5.948445784044616e-01 
 1.854559999999979e-08  5.948445784044616e-01 
 1.856559999999979e-08  5.948445784044616e-01 
 1.858559999999979e-08  5.948445784044616e-01 
 1.860559999999979e-08  5.948445784044616e-01 
 1.862559999999979e-08  5.948445784044616e-01 
 1.864559999999979e-08  5.948445784044616e-01 
 1.866559999999979e-08  5.948445784044616e-01 
 1.868559999999979e-08  5.948445784044616e-01 
 1.870559999999979e-08  5.948445784044616e-01 
 1.872559999999978e-08  5.948445784044616e-01 
 1.874559999999978e-08  5.948445784044616e-01 
 1.876559999999978e-08  5.948445784044616e-01 
 1.878559999999978e-08  5.948445784044616e-01 
 1.880559999999978e-08  5.948445784044616e-01 
 1.882559999999978e-08  5.948445784044616e-01 
 1.884559999999978e-08  5.948445784044616e-01 
 1.886559999999978e-08  5.948445784044616e-01 
 1.888559999999978e-08  5.948445784044616e-01 
 1.890559999999978e-08  5.948445784044616e-01 
 1.892559999999978e-08  5.948445784044616e-01 
 1.894559999999978e-08  5.948445784044616e-01 
 1.896559999999978e-08  5.948445784044616e-01 
 1.898559999999978e-08  5.948445784044616e-01 
 1.900559999999978e-08  5.948445784044616e-01 
 1.902559999999978e-08  5.948445784044616e-01 
 1.904559999999978e-08  5.948445784044616e-01 
 1.906559999999978e-08  5.948445784044616e-01 
 1.908559999999978e-08  5.948445784044616e-01 
 1.910559999999978e-08  5.948445784044616e-01 
 1.912559999999978e-08  5.948445784044616e-01 
 1.914559999999977e-08  5.948445784044616e-01 
 1.916559999999977e-08  5.948445784044616e-01 
 1.918559999999977e-08  5.948445784044616e-01 
 1.920559999999977e-08  5.948445784044616e-01 
 1.922559999999977e-08  5.948445784044616e-01 
 1.924559999999977e-08  5.948445784044616e-01 
 1.926559999999977e-08  5.948445784044616e-01 
 1.928559999999977e-08  5.948445784044616e-01 
 1.930559999999977e-08  5.948445784044616e-01 
 1.932559999999977e-08  5.948445784044616e-01 
 1.934559999999977e-08  5.948445784044616e-01 
 1.936559999999977e-08  5.948445784044616e-01 
 1.938559999999977e-08  5.948445784044616e-01 
 1.940559999999977e-08  5.948445784044616e-01 
 1.942559999999977e-08  5.948445784044616e-01 
 1.944559999999977e-08  5.948445784044616e-01 
 1.946559999999977e-08  5.948445784044616e-01 
 1.948559999999977e-08  5.948445784044616e-01 
 1.950559999999977e-08  5.948445784044616e-01 
 1.952559999999977e-08  5.948445784044616e-01 
 1.954559999999977e-08  5.948445784044616e-01 
 1.956559999999976e-08  5.948445784044616e-01 
 1.958559999999976e-08  5.948445784044616e-01 
 1.960559999999976e-08  5.948445784044616e-01 
 1.962559999999976e-08  5.948445784044616e-01 
 1.964559999999976e-08  5.948445784044616e-01 
 1.966559999999976e-08  5.948445784044616e-01 
 1.968559999999976e-08  5.948445784044616e-01 
 1.970559999999976e-08  5.948445784044616e-01 
 1.972559999999976e-08  5.948445784044616e-01 
 1.974559999999976e-08  5.948445784044616e-01 
 1.976559999999976e-08  5.948445784044616e-01 
 1.978559999999976e-08  5.948445784044616e-01 
 1.980559999999976e-08  5.948445784044616e-01 
 1.982559999999976e-08  5.948445784044616e-01 
 1.984559999999976e-08  5.948445784044616e-01 
 1.986559999999976e-08  5.948445784044616e-01 
 1.988559999999976e-08  5.948445784044616e-01 
 1.990559999999976e-08  5.948445784044616e-01 
 1.992559999999976e-08  5.948445784044616e-01 
 1.994559999999976e-08  5.948445784044616e-01 
 1.996559999999975e-08  5.948445784044616e-01 
 1.998559999999975e-08  5.948445784044616e-01 
 2.000000000000000e-08  5.948445784044616e-01 
 2.000002495999244e-08  5.948445875524687e-01 
 2.000007487997731e-08  5.948446255241104e-01 
 2.000017471994705e-08  5.948448247262978e-01 
 2.000034669621997e-08  5.948455740432596e-01 
 2.000052291742701e-08  5.948468805992922e-01 
 2.000081516925523e-08  5.948502497615956e-01 
 2.000120573290325e-08  5.948572839209727e-01 
 2.000198686019929e-08  5.948815824535392e-01 
 2.000303692898928e-08  5.949383882356769e-01 
 2.000451192442350e-08  5.950674128094108e-01 
 2.000634468199920e-08  5.953054073934705e-01 
 2.000888737860333e-08  5.957660623376110e-01 
 2.001166793522052e-08  5.964272043403869e-01 
 2.001476982095384e-08  5.973420688957773e-01 
 2.001773743969321e-08  5.983822821356241e-01 
 2.002124741188724e-08  5.998125990472657e-01 
 2.002519197676972e-08  6.016717506689309e-01 
 2.002881175124541e-08  6.036047233593852e-01 
 2.003281519377883e-08  6.059778130482030e-01 
 2.003672409123767e-08  6.084986463718625e-01 
 2.003940652704816e-08  6.103134741433970e-01 
 2.004142972619377e-08  6.117003854839101e-01 
 2.004308978574539e-08  6.128260593857334e-01 
 2.004463606280741e-08  6.138400886555824e-01 
 2.004622361567487e-08  6.148164708115782e-01 
 2.004802896968377e-08  6.157973297818028e-01 
 2.004976278073542e-08  6.165500238975072e-01 
 2.005196451989071e-08  6.171236865889894e-01 
 2.005387057307708e-08  6.171770564195072e-01 
 2.005527533469808e-08  6.168966126667675e-01 
 2.005669879436687e-08  6.162932706631519e-01 
 2.005832907078089e-08  6.151595881989836e-01 
 2.005988381658707e-08  6.135870494102748e-01 
 2.006159712837357e-08  6.112324432449834e-01 
 2.006361730510003e-08  6.075364980703246e-01 
 2.006546322504665e-08  6.032392276930361e-01 
 2.006651898780656e-08  6.003835634182532e-01 
 2.006730876469056e-08  5.980693931730132e-01 
 2.006821877577227e-08  5.952386971776129e-01 
 2.006912165386407e-08  5.922862976812769e-01 
 2.006985899557744e-08  5.897914708516072e-01 
 2.007070687583199e-08  5.868566092510247e-01 
 2.007153123047874e-08  5.839595993791342e-01 
 2.007270494525499e-08  5.798084012429217e-01 
 2.007409166105649e-08  5.749285459380722e-01 
 2.007537702903567e-08  5.704836943609589e-01 
 2.007675654252360e-08  5.658431410059537e-01 
 2.007806019557222e-08  5.616076281761713e-01 
 2.007959812551407e-08  5.568203363055531e-01 
 2.008126568364304e-08  5.519007846278053e-01 
 2.008339285778374e-08  5.460496915631532e-01 
 2.008596403772559e-08  5.396263398630482e-01 
 2.008973659527083e-08  5.315180361756869e-01 
 2.009382635059730e-08  5.245484716652589e-01 
 2.009793473368147e-08  5.195237939179276e-01 
 2.010000000000000e-08  5.177624724117380e-01 
 2.010001642342476e-08  5.177505433985800e-01 
 2.010004927027429e-08  5.177267468620529e-01 
 2.010011496397334e-08  5.176795253030726e-01 
 2.010024635137144e-08  5.175865746063529e-01 
 2.010050912616763e-08  5.174065722432813e-01 
 2.010085201219318e-08  5.171832564616252e-01 
 2.010136760513487e-08  5.168713560011987e-01 
 2.010212527796285e-08  5.164632005962870e-01 
 2.010337794230558e-08  5.159116677968144e-01 
 2.010478396311750e-08  5.154615476313842e-01 
 2.010692485354701e-08  5.150762493842004e-01 
 2.010919825072355e-08  5.150075291987262e-01 
 2.011184377108316e-08  5.152874027582246e-01 
 2.011449739729973e-08  5.158829117942150e-01 
 2.011751944766484e-08  5.168621936830585e-01 
 2.012083798718226e-08  5.182226658938918e-01 
 2.012466895537070e-08  5.200655267604221e-01 
 2.012896153941868e-08  5.223694199272773e-01 
 2.013387364644444e-08  5.251952854286548e-01 
 2.013896037350911e-08  5.282288342785983e-01 
 2.014416027476547e-08  5.313578948318677e-01 
 2.014973759190354e-08  5.346785254133024e-01 
 2.015585990394518e-08  5.382276986572784e-01 
 2.016276682019262e-08  5.420679681721446e-01 
 2.017062209752896e-08  5.461936426449049e-01 
 2.017983504162675e-08  5.506890390640394e-01 
 2.019084672825811e-08  5.555840543773882e-01 
 2.020461790872236e-08  5.610214651424635e-01 
 2.022248890858529e-08  5.670695716793517e-01 
 2.024248890858529e-08  5.726820277891799e-01 
 2.026248890858529e-08  5.772787324915917e-01 
 2.028248890858529e-08  5.810428985612083e-01 
 2.030248890858529e-08  5.841252270677544e-01 
 2.032248890858528e-08  5.866492127087043e-01 
 2.034248890858528e-08  5.887159943491025e-01 
 2.036248890858528e-08  5.904083906618183e-01 
 2.038248890858528e-08  5.917942198450006e-01 
 2.040248890858528e-08  5.929290140120601e-01 
 2.042248890858528e-08  5.938582472520133e-01 
 2.044248890858528e-08  5.946191550842889e-01 
 2.046248890858528e-08  5.952422292347210e-01 
 2.048248890858528e-08  5.957524368814090e-01 
 2.050248890858528e-08  5.961702236794482e-01 
 2.052248890858528e-08  5.965123305771992e-01 
 2.054248890858528e-08  5.967924670708894e-01 
 2.056248890858528e-08  5.970218582210576e-01 
 2.058248890858528e-08  5.972096967495885e-01 
 2.060248890858528e-08  5.973635091834067e-01 
 2.062248890858528e-08  5.974894596250376e-01 
 2.064248890858528e-08  5.975925946497652e-01 
 2.066248890858528e-08  5.976770475870142e-01 
 2.068248890858528e-08  5.977462021500395e-01 
 2.070248890858528e-08  5.978028299767244e-01 
 2.072248890858528e-08  5.978491997970015e-01 
 2.074248890858527e-08  5.978871701936266e-01 
 2.076248890858527e-08  5.979182622791955e-01 
 2.078248890858527e-08  5.979437224036803e-01 
 2.080248890858527e-08  5.979645703900224e-01 
 2.082248890858527e-08  5.979816420646784e-01 
 2.084248890858527e-08  5.979956211294231e-01 
 2.086248890858527e-08  5.980070681386428e-01 
 2.088248890858527e-08  5.980164414221849e-01 
 2.090248890858527e-08  5.980241169521612e-01 
 2.092248890858527e-08  5.980304019462903e-01 
 2.094248890858527e-08  5.980355486044857e-01 
 2.096248890858527e-08  5.980397628250742e-01 
 2.098248890858527e-08  5.980432138107327e-01 
 2.100248890858527e-08  5.980460395273810e-01 
 2.102248890858527e-08  5.980483535213607e-01 
 2.104248890858527e-08  5.980502482127196e-01 
 2.106248890858527e-08  5.980517998244759e-01 
 2.108248890858527e-08  5.980530702412834e-01 
 2.110248890858527e-08  5.980541106558204e-01 
 2.112248890858527e-08  5.980549624820098e-01 
 2.114248890858526e-08  5.980556601251673e-01 
 2.116248890858526e-08  5.980562312768706e-01 
 2.118248890858526e-08  5.980566990824078e-01 
 2.120248890858526e-08  5.980570820357655e-01 
 2.122248890858526e-08  5.980573957286233e-01 
 2.124248890858526e-08  5.980576524911411e-01 
 2.126248890858526e-08  5.980578628468195e-01 
 2.128248890858526e-08  5.980580349960236e-01 
 2.130248890858526e-08  5.980581760607983e-01 
 2.132248890858526e-08  5.980582914754118e-01 
 2.134248890858526e-08  5.980583860781967e-01 
 2.136248890858526e-08  5.980584634515563e-01 
 2.138248890858526e-08  5.980585268997435e-01 
 2.140248890858526e-08  5.980585787661598e-01 
 2.142248890858526e-08  5.980586213237705e-01 
 2.144248890858526e-08  5.980586560877746e-01 
 2.146248890858526e-08  5.980586846371243e-01 
 2.148248890858526e-08  5.980587079341312e-01 
 2.150248890858526e-08  5.980587270900146e-01 
 2.152248890858526e-08  5.980587426986798e-01 
 2.154248890858526e-08  5.980587555554610e-01 
 2.156248890858525e-08  5.980587660094371e-01 
 2.158248890858525e-08  5.980587746419921e-01 
 2.160248890858525e-08  5.980587816401302e-01 
 2.162248890858525e-08  5.980587874397412e-01 
 2.164248890858525e-08  5.980587921211371e-01 
 2.166248890858525e-08  5.980587960207175e-01 
 2.168248890858525e-08  5.980587991491388e-01 
 2.170248890858525e-08  5.980588017742540e-01 
 2.172248890858525e-08  5.980588038618039e-01 
 2.174248890858525e-08  5.980588056319329e-01 
 2.176248890858525e-08  5.980588070219678e-01 
 2.178248890858525e-08  5.980588082184026e-01 
 2.180248890858525e-08  5.980588091411313e-01 
 2.182248890858525e-08  5.980588099525047e-01 
 2.184248890858525e-08  5.980588105622692e-01 
 2.186248890858525e-08  5.980588111150820e-01 
 2.188248890858525e-08  5.980588115153537e-01 
 2.190248890858525e-08  5.980588118944461e-01 
 2.192248890858525e-08  5.980588121545896e-01 
 2.194248890858525e-08  5.980588124168651e-01 
 2.196248890858525e-08  5.980588125833739e-01 
 2.198248890858524e-08  5.980588127670031e-01 
 2.200248890858524e-08  5.980588128710375e-01 
 2.202248890858524e-08  5.980588130016296e-01 
 2.204248890858524e-08  5.980588130640692e-01 
 2.206248890858524e-08  5.980588131588098e-01 
 2.208248890858524e-08  5.980588131936415e-01 
 2.210248890858524e-08  5.980588132640671e-01 
 2.212248890858524e-08  5.980588132806562e-01 
 2.214248890858524e-08  5.980588133345146e-01 
 2.216248890858524e-08  5.980588133391289e-01 
 2.218248890858524e-08  5.980588133816268e-01 
 2.220248890858524e-08  5.980588133784581e-01 
 2.222248890858524e-08  5.980588134130983e-01 
 2.224248890858524e-08  5.980588134049454e-01 
 2.226248890858524e-08  5.980588134340870e-01 
 2.228248890858524e-08  5.980588134228171e-01 
 2.230248890858524e-08  5.980588134480517e-01 
 2.232248890858524e-08  5.980588134349066e-01 
 2.234248890858524e-08  5.980588134573114e-01 
 2.236248890858524e-08  5.980588134431144e-01 
 2.238248890858523e-08  5.980588134634200e-01 
 2.240248890858523e-08  5.980588134487153e-01 
 2.242248890858523e-08  5.980588134674215e-01 
 2.244248890858523e-08  5.980588134525646e-01 
 2.246248890858523e-08  5.980588134700131e-01 
 2.248248890858523e-08  5.980588134552347e-01 
 2.250248890858523e-08  5.980588134716637e-01 
 2.252248890858523e-08  5.980588134571113e-01 
 2.254248890858523e-08  5.980588134726866e-01 
 2.256248890858523e-08  5.980588134584515e-01 
 2.258248890858523e-08  5.980588134732920e-01 
 2.260248890858523e-08  5.980588134594288e-01 
 2.262248890858523e-08  5.980588134736209e-01 
 2.264248890858523e-08  5.980588134601595e-01 
 2.266248890858523e-08  5.980588134737672e-01 
 2.268248890858523e-08  5.980588134607222e-01 
 2.270248890858523e-08  5.980588134737947e-01 
 2.272248890858523e-08  5.980588134611691e-01 
 2.274248890858523e-08  5.980588134737448e-01 
 2.276248890858523e-08  5.980588134615354e-01 
 2.278248890858523e-08  5.980588134736458e-01 
 2.280248890858522e-08  5.980588134618449e-01 
 2.282248890858522e-08  5.980588134735159e-01 
 2.284248890858522e-08  5.980588134621138e-01 
 2.286248890858522e-08  5.980588134733686e-01 
 2.288248890858522e-08  5.980588134623538e-01 
 2.290248890858522e-08  5.980588134732122e-01 
 2.292248890858522e-08  5.980588134625719e-01 
 2.294248890858522e-08  5.980588134730515e-01 
 2.296248890858522e-08  5.980588134627726e-01 
 2.298248890858522e-08  5.980588134728895e-01 
 2.300248890858522e-08  5.980588134629597e-01 
 2.302248890858522e-08  5.980588134727296e-01 
 2.304248890858522e-08  5.980588134631364e-01 
 2.306248890858522e-08  5.980588134725731e-01 
 2.308248890858522e-08  5.980588134633034e-01 
 2.310248890858522e-08  5.980588134724196e-01 
 2.312248890858522e-08  5.980588134634621e-01 
 2.314248890858522e-08  5.980588134722709e-01 
 2.316248890858522e-08  5.980588134636138e-01 
 2.318248890858522e-08  5.980588134721267e-01 
 2.320248890858522e-08  5.980588134637592e-01 
 2.322248890858521e-08  5.980588134719879e-01 
 2.324248890858521e-08  5.980588134638989e-01 
 2.326248890858521e-08  5.980588134718534e-01 
 2.328248890858521e-08  5.980588134640329e-01 
 2.330248890858521e-08  5.980588134717237e-01 
 2.332248890858521e-08  5.980588134641615e-01 
 2.334248890858521e-08  5.980588134715983e-01 
 2.336248890858521e-08  5.980588134642852e-01 
 2.338248890858521e-08  5.980588134714775e-01 
 2.340248890858521e-08  5.980588134644043e-01 
 2.342248890858521e-08  5.980588134713608e-01 
 2.344248890858521e-08  5.980588134645186e-01 
 2.346248890858521e-08  5.980588134712479e-01 
 2.348248890858521e-08  5.980588134646291e-01 
 2.350248890858521e-08  5.980588134711396e-01 
 2.352248890858521e-08  5.980588134647358e-01 
 2.354248890858521e-08  5.980588134710354e-01 
 2.356248890858521e-08  5.980588134648388e-01 
 2.358248890858521e-08  5.980588134709347e-01 
 2.360248890858521e-08  5.980588134649379e-01 
 2.362248890858521e-08  5.980588134708374e-01 
 2.364248890858520e-08  5.980588134650334e-01 
 2.366248890858520e-08  5.980588134707437e-01 
 2.368248890858520e-08  5.980588134651260e-01 
 2.370248890858520e-08  5.980588134706533e-01 
 2.372248890858520e-08  5.980588134652147e-01 
 2.374248890858520e-08  5.980588134705656e-01 
 2.376248890858520e-08  5.980588134653004e-01 
 2.378248890858520e-08  5.980588134704813e-01 
 2.380248890858520e-08  5.980588134653836e-01 
 2.382248890858520e-08  5.980588134704000e-01 
 2.384248890858520e-08  5.980588134654636e-01 
 2.386248890858520e-08  5.980588134703212e-01 
 2.388248890858520e-08  5.980588134655408e-01 
 2.390248890858520e-08  5.980588134702453e-01 
 2.392248890858520e-08  5.980588134656156e-01 
 2.394248890858520e-08  5.980588134701720e-01 
 2.396248890858520e-08  5.980588134656875e-01 
 2.398248890858520e-08  5.980588134701008e-01 
 2.400248890858520e-08  5.980588134657572e-01 
 2.402248890858520e-08  5.980588134700325e-01 
 2.404248890858519e-08  5.980588134658242e-01 
 2.406248890858519e-08  5.980588134699661e-01 
 2.408248890858519e-08  5.980588134658895e-01 
 2.410248890858519e-08  5.980588134699025e-01 
 2.412248890858519e-08  5.980588134659526e-01 
 2.414248890858519e-08  5.980588134698408e-01 
 2.416248890858519e-08  5.980588134660134e-01 
 2.418248890858519e-08  5.980588134697811e-01 
 2.420248890858519e-08  5.980588134660718e-01 
 2.422248890858519e-08  5.980588134697229e-01 
 2.424248890858519e-08  5.980588134661283e-01 
 2.426248890858519e-08  5.980588134696669e-01 
 2.428248890858519e-08  5.980588134661834e-01 
 2.430248890858519e-08  5.980588134696134e-01 
 2.432248890858519e-08  5.980588134662367e-01 
 2.434248890858519e-08  5.980588134695610e-01 
 2.436248890858519e-08  5.980588134662880e-01 
 2.438248890858519e-08  5.980588134695106e-01 
 2.440248890858519e-08  5.980588134663378e-01 
 2.442248890858519e-08  5.980588134694619e-01 
 2.444248890858519e-08  5.980588134663859e-01 
 2.446248890858518e-08  5.980588134694148e-01 
 2.448248890858518e-08  5.980588134664326e-01 
 2.450248890858518e-08  5.980588134693691e-01 
 2.452248890858518e-08  5.980588134664775e-01 
 2.454248890858518e-08  5.980588134693247e-01 
 2.456248890858518e-08  5.980588134665207e-01 
 2.458248890858518e-08  5.980588134692816e-01 
 2.460248890858518e-08  5.980588134665626e-01 
 2.462248890858518e-08  5.980588134692398e-01 
 2.464248890858518e-08  5.980588134666032e-01 
 2.466248890858518e-08  5.980588134691995e-01 
 2.468248890858518e-08  5.980588134666424e-01 
 2.470248890858518e-08  5.980588134691608e-01 
 2.472248890858518e-08  5.980588134666809e-01 
 2.474248890858518e-08  5.980588134691233e-01 
 2.476248890858518e-08  5.980588134667177e-01 
 2.478248890858518e-08  5.980588134690870e-01 
 2.480248890858518e-08  5.980588134667538e-01 
 2.482248890858518e-08  5.980588134690520e-01 
 2.484248890858518e-08  5.980588134667884e-01 
 2.486248890858518e-08  5.980588134690176e-01 
 2.488248890858517e-08  5.980588134668218e-01 
 2.490248890858517e-08  5.980588134689846e-01 
 2.492248890858517e-08  5.980588134668544e-01 
 2.494248890858517e-08  5.980588134689527e-01 
 2.496248890858517e-08  5.980588134668863e-01 
 2.498248890858517e-08  5.980588134689222e-01 
 2.500248890858517e-08  5.980588134669167e-01 
 2.502248890858517e-08  5.980588134688920e-01 
 2.504248890858517e-08  5.980588134669462e-01 
 2.506248890858517e-08  5.980588134688628e-01 
 2.508248890858517e-08  5.980588134669745e-01 
 2.510248890858517e-08  5.980588134688344e-01 
 2.512248890858517e-08  5.980588134670021e-01 
 2.514248890858517e-08  5.980588134688070e-01 
 2.516248890858517e-08  5.980588134670287e-01 
 2.518248890858517e-08  5.980588134687802e-01 
 2.520248890858517e-08  5.980588134670548e-01 
 2.522248890858517e-08  5.980588134687551e-01 
 2.524248890858517e-08  5.980588134670803e-01 
 2.526248890858517e-08  5.980588134687301e-01 
 2.528248890858516e-08  5.980588134671044e-01 
 2.530248890858516e-08  5.980588134687059e-01 
 2.532248890858516e-08  5.980588134671282e-01 
 2.534248890858516e-08  5.980588134686828e-01 
 2.536248890858516e-08  5.980588134671513e-01 
 2.538248890858516e-08  5.980588134686601e-01 
 2.540248890858516e-08  5.980588134671732e-01 
 2.542248890858516e-08  5.980588134686380e-01 
 2.544248890858516e-08  5.980588134671948e-01 
 2.546248890858516e-08  5.980588134686170e-01 
 2.548248890858516e-08  5.980588134672158e-01 
 2.550248890858516e-08  5.980588134685966e-01 
 2.552248890858516e-08  5.980588134672363e-01 
 2.554248890858516e-08  5.980588134685767e-01 
 2.556248890858516e-08  5.980588134672559e-01 
 2.558248890858516e-08  5.980588134685573e-01 
 2.560248890858516e-08  5.980588134672746e-01 
 2.562248890858516e-08  5.980588134685383e-01 
 2.564248890858516e-08  5.980588134672932e-01 
 2.566248890858516e-08  5.980588134685204e-01 
 2.568248890858516e-08  5.980588134673114e-01 
 2.570248890858515e-08  5.980588134685030e-01 
 2.572248890858515e-08  5.980588134673287e-01 
 2.574248890858515e-08  5.980588134684858e-01 
 2.576248890858515e-08  5.980588134673457e-01 
 2.578248890858515e-08  5.980588134684692e-01 
 2.580248890858515e-08  5.980588134673618e-01 
 2.582248890858515e-08  5.980588134684529e-01 
 2.584248890858515e-08  5.980588134673773e-01 
 2.586248890858515e-08  5.980588134684371e-01 
 2.588248890858515e-08  5.980588134673925e-01 
 2.590248890858515e-08  5.980588134684218e-01 
 2.592248890858515e-08  5.980588134674074e-01 
 2.594248890858515e-08  5.980588134684073e-01 
 2.596248890858515e-08  5.980588134674218e-01 
 2.598248890858515e-08  5.980588134683932e-01 
 2.600248890858515e-08  5.980588134674361e-01 
 2.602248890858515e-08  5.980588134683793e-01 
 2.604248890858515e-08  5.980588134674494e-01 
 2.606248890858515e-08  5.980588134683658e-01 
 2.608248890858515e-08  5.980588134674625e-01 
 2.610248890858515e-08  5.980588134683527e-01 
 2.612248890858514e-08  5.980588134674752e-01 
 2.614248890858514e-08  5.980588134683401e-01 
 2.616248890858514e-08  5.980588134674875e-01 
 2.618248890858514e-08  5.980588134683276e-01 
 2.620248890858514e-08  5.980588134674995e-01 
 2.622248890858514e-08  5.980588134683159e-01 
 2.624248890858514e-08  5.980588134675113e-01 
 2.626248890858514e-08  5.980588134683045e-01 
 2.628248890858514e-08  5.980588134675230e-01 
 2.630248890858514e-08  5.980588134682938e-01 
 2.632248890858514e-08  5.980588134675340e-01 
 2.634248890858514e-08  5.980588134682826e-01 
 2.636248890858514e-08  5.980588134675445e-01 
 2.638248890858514e-08  5.980588134682721e-01 
 2.640248890858514e-08  5.980588134675551e-01 
 2.642248890858514e-08  5.980588134682624e-01 
 2.644248890858514e-08  5.980588134675655e-01 
 2.646248890858514e-08  5.980588134682525e-01 
 2.648248890858514e-08  5.980588134675751e-01 
 2.650248890858514e-08  5.980588134682424e-01 
 2.652248890858514e-08  5.980588134675840e-01 
 2.654248890858513e-08  5.980588134682330e-01 
 2.656248890858513e-08  5.980588134675933e-01 
 2.658248890858513e-08  5.980588134682239e-01 
 2.660248890858513e-08  5.980588134676023e-01 
 2.662248890858513e-08  5.980588134682150e-01 
 2.664248890858513e-08  5.980588134676105e-01 
 2.666248890858513e-08  5.980588134682061e-01 
 2.668248890858513e-08  5.980588134676189e-01 
 2.670248890858513e-08  5.980588134681980e-01 
 2.672248890858513e-08  5.980588134676272e-01 
 2.674248890858513e-08  5.980588134681902e-01 
 2.676248890858513e-08  5.980588134676355e-01 
 2.678248890858513e-08  5.980588134681827e-01 
 2.680248890858513e-08  5.980588134676433e-01 
 2.682248890858513e-08  5.980588134681751e-01 
 2.684248890858513e-08  5.980588134676509e-01 
 2.686248890858513e-08  5.980588134681678e-01 
 2.688248890858513e-08  5.980588134676580e-01 
 2.690248890858513e-08  5.980588134681605e-01 
 2.692248890858513e-08  5.980588134676650e-01 
 2.694248890858512e-08  5.980588134681537e-01 
 2.696248890858512e-08  5.980588134676721e-01 
 2.698248890858512e-08  5.980588134681469e-01 
 2.700248890858512e-08  5.980588134676783e-01 
 2.702248890858512e-08  5.980588134681400e-01 
 2.704248890858512e-08  5.980588134676849e-01 
 2.706248890858512e-08  5.980588134681339e-01 
 2.708248890858512e-08  5.980588134676911e-01 
 2.710248890858512e-08  5.980588134681275e-01 
 2.712248890858512e-08  5.980588134676968e-01 
 2.714248890858512e-08  5.980588134681212e-01 
 2.716248890858512e-08  5.980588134677026e-01 
 2.718248890858512e-08  5.980588134681155e-01 
 2.720248890858512e-08  5.980588134677087e-01 
 2.722248890858512e-08  5.980588134681102e-01 
 2.724248890858512e-08  5.980588134677145e-01 
 2.726248890858512e-08  5.980588134681049e-01 
 2.728248890858512e-08  5.980588134677199e-01 
 2.730248890858512e-08  5.980588134680997e-01 
 2.732248890858512e-08  5.980588134677256e-01 
 2.734248890858512e-08  5.980588134680944e-01 
 2.736248890858511e-08  5.980588134677304e-01 
 2.738248890858511e-08  5.980588134680893e-01 
 2.740248890858511e-08  5.980588134677354e-01 
 2.742248890858511e-08  5.980588134680845e-01 
 2.744248890858511e-08  5.980588134677403e-01 
 2.746248890858511e-08  5.980588134680797e-01 
 2.748248890858511e-08  5.980588134677448e-01 
 2.750248890858511e-08  5.980588134680748e-01 
 2.752248890858511e-08  5.980588134677489e-01 
 2.754248890858511e-08  5.980588134680700e-01 
 2.756248890858511e-08  5.980588134677534e-01 
 2.758248890858511e-08  5.980588134680658e-01 
 2.760248890858511e-08  5.980588134677577e-01 
 2.762248890858511e-08  5.980588134680617e-01 
 2.764248890858511e-08  5.980588134677621e-01 
 2.766248890858511e-08  5.980588134680576e-01 
 2.768248890858511e-08  5.980588134677661e-01 
 2.770248890858511e-08  5.980588134680536e-01 
 2.772248890858511e-08  5.980588134677699e-01 
 2.774248890858511e-08  5.980588134680496e-01 
 2.776248890858511e-08  5.980588134677738e-01 
 2.778248890858510e-08  5.980588134680460e-01 
 2.780248890858510e-08  5.980588134677779e-01 
 2.782248890858510e-08  5.980588134680427e-01 
 2.784248890858510e-08  5.980588134677817e-01 
 2.786248890858510e-08  5.980588134680390e-01 
 2.788248890858510e-08  5.980588134677849e-01 
 2.790248890858510e-08  5.980588134680356e-01 
 2.792248890858510e-08  5.980588134677886e-01 
 2.794248890858510e-08  5.980588134680322e-01 
 2.796248890858510e-08  5.980588134677920e-01 
 2.798248890858510e-08  5.980588134680291e-01 
 2.800248890858510e-08  5.980588134677951e-01 
 2.802248890858510e-08  5.980588134680256e-01 
 2.804248890858510e-08  5.980588134677979e-01 
 2.806248890858510e-08  5.980588134680225e-01 
 2.808248890858510e-08  5.980588134678011e-01 
 2.810248890858510e-08  5.980588134680195e-01 
 2.812248890858510e-08  5.980588134678040e-01 
 2.814248890858510e-08  5.980588134680165e-01 
 2.816248890858510e-08  5.980588134678070e-01 
 2.818248890858509e-08  5.980588134680139e-01 
 2.820248890858509e-08  5.980588134678096e-01 
 2.822248890858509e-08  5.980588134680107e-01 
 2.824248890858509e-08  5.980588134678123e-01 
 2.826248890858509e-08  5.980588134680084e-01 
 2.828248890858509e-08  5.980588134678153e-01 
 2.830248890858509e-08  5.980588134680062e-01 
 2.832248890858509e-08  5.980588134678180e-01 
 2.834248890858509e-08  5.980588134680032e-01 
 2.836248890858509e-08  5.980588134678201e-01 
 2.838248890858509e-08  5.980588134680006e-01 
 2.840248890858509e-08  5.980588134678226e-01 
 2.842248890858509e-08  5.980588134679982e-01 
 2.844248890858509e-08  5.980588134678246e-01 
 2.846248890858509e-08  5.980588134679956e-01 
 2.848248890858509e-08  5.980588134678270e-01 
 2.850248890858509e-08  5.980588134679934e-01 
 2.852248890858509e-08  5.980588134678293e-01 
 2.854248890858509e-08  5.980588134679914e-01 
 2.856248890858509e-08  5.980588134678315e-01 
 2.858248890858509e-08  5.980588134679892e-01 
 2.860248890858508e-08  5.980588134678336e-01 
 2.862248890858508e-08  5.980588134679869e-01 
 2.864248890858508e-08  5.980588134678353e-01 
 2.866248890858508e-08  5.980588134679846e-01 
 2.868248890858508e-08  5.980588134678375e-01 
 2.870248890858508e-08  5.980588134679832e-01 
 2.872248890858508e-08  5.980588134678398e-01 
 2.874248890858508e-08  5.980588134679815e-01 
 2.876248890858508e-08  5.980588134678418e-01 
 2.878248890858508e-08  5.980588134679796e-01 
 2.880248890858508e-08  5.980588134678436e-01 
 2.882248890858508e-08  5.980588134679777e-01 
 2.884248890858508e-08  5.980588134678455e-01 
 2.886248890858508e-08  5.980588134679761e-01 
 2.888248890858508e-08  5.980588134678473e-01 
 2.890248890858508e-08  5.980588134679745e-01 
 2.892248890858508e-08  5.980588134678491e-01 
 2.894248890858508e-08  5.980588134679726e-01 
 2.896248890858508e-08  5.980588134678504e-01 
 2.898248890858508e-08  5.980588134679710e-01 
 2.900248890858508e-08  5.980588134678522e-01 
 2.902248890858507e-08  5.980588134679694e-01 
 2.904248890858507e-08  5.980588134678535e-01 
 2.906248890858507e-08  5.980588134679679e-01 
 2.908248890858507e-08  5.980588134678554e-01 
 2.910248890858507e-08  5.980588134679669e-01 
 2.912248890858507e-08  5.980588134678571e-01 
 2.914248890858507e-08  5.980588134679652e-01 
 2.916248890858507e-08  5.980588134678583e-01 
 2.918248890858507e-08  5.980588134679636e-01 
 2.920248890858507e-08  5.980588134678596e-01 
 2.922248890858507e-08  5.980588134679622e-01 
 2.924248890858507e-08  5.980588134678607e-01 
 2.926248890858507e-08  5.980588134679606e-01 
 2.928248890858507e-08  5.980588134678620e-01 
 2.930248890858507e-08  5.980588134679593e-01 
 2.932248890858507e-08  5.980588134678632e-01 
 2.934248890858507e-08  5.980588134679579e-01 
 2.936248890858507e-08  5.980588134678644e-01 
 2.938248890858507e-08  5.980588134679570e-01 
 2.940248890858507e-08  5.980588134678659e-01 
 2.942248890858507e-08  5.980588134679560e-01 
 2.944248890858506e-08  5.980588134678674e-01 
 2.946248890858506e-08  5.980588134679550e-01 
 2.948248890858506e-08  5.980588134678686e-01 
 2.950248890858506e-08  5.980588134679538e-01 
 2.952248890858506e-08  5.980588134678695e-01 
 2.954248890858506e-08  5.980588134679525e-01 
 2.956248890858506e-08  5.980588134678707e-01 
 2.958248890858506e-08  5.980588134679518e-01 
 2.960248890858506e-08  5.980588134678718e-01 
 2.962248890858506e-08  5.980588134679504e-01 
 2.964248890858506e-08  5.980588134678725e-01 
 2.966248890858506e-08  5.980588134679490e-01 
 2.968248890858506e-08  5.980588134678733e-01 
 2.970248890858506e-08  5.980588134679481e-01 
 2.972248890858506e-08  5.980588134678743e-01 
 2.974248890858506e-08  5.980588134679469e-01 
 2.976248890858506e-08  5.980588134678747e-01 
 2.978248890858506e-08  5.980588134679455e-01 
 2.980248890858506e-08  5.980588134678757e-01 
 2.982248890858506e-08  5.980588134679449e-01 
 2.984248890858506e-08  5.980588134678767e-01 
 2.986248890858507e-08  5.980588134679440e-01 
 2.988248890858507e-08  5.980588134678776e-01 
 2.990248890858507e-08  5.980588134679431e-01 
 2.992248890858508e-08  5.980588134678785e-01 
 2.994248890858508e-08  5.980588134679423e-01 
 2.996248890858508e-08  5.980588134678794e-01 
 2.998248890858508e-08  5.980588134679415e-01 
 3.000248890858509e-08  5.980588134678801e-01 
 3.002248890858509e-08  5.980588134679408e-01 
 3.004248890858509e-08  5.980588134678809e-01 
 3.006248890858510e-08  5.980588134679400e-01 
 3.008248890858510e-08  5.980588134678818e-01 
 3.010248890858510e-08  5.980588134679394e-01 
 3.012248890858510e-08  5.980588134678829e-01 
 3.014248890858511e-08  5.980588134679390e-01 
 3.016248890858511e-08  5.980588134678835e-01 
 3.018248890858511e-08  5.980588134679380e-01 
 3.020248890858512e-08  5.980588134678843e-01 
 3.022248890858512e-08  5.980588134679375e-01 
 3.024248890858512e-08  5.980588134678849e-01 
 3.026248890858512e-08  5.980588134679365e-01 
 3.028248890858513e-08  5.980588134678853e-01 
 3.030248890858513e-08  5.980588134679359e-01 
 3.032248890858513e-08  5.980588134678861e-01 
 3.034248890858514e-08  5.980588134679352e-01 
 3.036248890858514e-08  5.980588134678866e-01 
 3.038248890858514e-08  5.980588134679344e-01 
 3.040248890858514e-08  5.980588134678874e-01 
 3.042248890858515e-08  5.980588134679343e-01 
 3.044248890858515e-08  5.980588134678884e-01 
 3.046248890858515e-08  5.980588134679339e-01 
 3.048248890858516e-08  5.980588134678888e-01 
 3.050248890858516e-08  5.980588134679329e-01 
 3.052248890858516e-08  5.980588134678891e-01 
 3.054248890858516e-08  5.980588134679327e-01 
 3.056248890858517e-08  5.980588134678902e-01 
 3.058248890858517e-08  5.980588134679324e-01 
 3.060248890858517e-08  5.980588134678909e-01 
 3.062248890858518e-08  5.980588134679319e-01 
 3.064248890858518e-08  5.980588134678912e-01 
 3.066248890858518e-08  5.980588134679309e-01 
 3.068248890858518e-08  5.980588134678911e-01 
 3.070248890858519e-08  5.980588134679302e-01 
 3.072248890858519e-08  5.980588134678919e-01 
 3.074248890858519e-08  5.980588134679301e-01 
 3.076248890858519e-08  5.980588134678926e-01 
 3.078248890858520e-08  5.980588134679293e-01 
 3.080248890858520e-08  5.980588134678928e-01 
 3.082248890858520e-08  5.980588134679289e-01 
 3.084248890858521e-08  5.980588134678932e-01 
 3.086248890858521e-08  5.980588134679283e-01 
 3.088248890858521e-08  5.980588134678935e-01 
 3.090248890858521e-08  5.980588134679277e-01 
 3.092248890858522e-08  5.980588134678941e-01 
 3.094248890858522e-08  5.980588134679277e-01 
 3.096248890858522e-08  5.980588134678947e-01 
 3.098248890858523e-08  5.980588134679270e-01 
 3.100248890858523e-08  5.980588134678948e-01 
 3.102248890858523e-08  5.980588134679264e-01 
 3.104248890858523e-08  5.980588134678950e-01 
 3.106248890858524e-08  5.980588134679260e-01 
 3.108248890858524e-08  5.980588134678955e-01 
 3.110248890858524e-08  5.980588134679256e-01 
 3.112248890858525e-08  5.980588134678959e-01 
 3.114248890858525e-08  5.980588134679252e-01 
 3.116248890858525e-08  5.980588134678962e-01 
 3.118248890858525e-08  5.980588134679250e-01 
 3.120248890858526e-08  5.980588134678969e-01 
 3.122248890858526e-08  5.980588134679250e-01 
 3.124248890858526e-08  5.980588134678976e-01 
 3.126248890858527e-08  5.980588134679248e-01 
 3.128248890858527e-08  5.980588134678979e-01 
 3.130248890858527e-08  5.980588134679243e-01 
 3.132248890858527e-08  5.980588134678982e-01 
 3.134248890858528e-08  5.980588134679241e-01 
 3.136248890858528e-08  5.980588134678987e-01 
 3.138248890858528e-08  5.980588134679239e-01 
 3.140248890858529e-08  5.980588134678989e-01 
 3.142248890858529e-08  5.980588134679234e-01 
 3.144248890858529e-08  5.980588134678992e-01 
 3.146248890858529e-08  5.980588134679233e-01 
 3.148248890858530e-08  5.980588134678997e-01 
 3.150248890858530e-08  5.980588134679227e-01 
 3.152248890858530e-08  5.980588134678996e-01 
 3.154248890858531e-08  5.980588134679224e-01 
 3.156248890858531e-08  5.980588134679001e-01 
 3.158248890858531e-08  5.980588134679223e-01 
 3.160248890858531e-08  5.980588134679005e-01 
 3.162248890858532e-08  5.980588134679220e-01 
 3.164248890858532e-08  5.980588134679005e-01 
 3.166248890858532e-08  5.980588134679213e-01 
 3.168248890858532e-08  5.980588134679005e-01 
 3.170248890858533e-08  5.980588134679210e-01 
 3.172248890858533e-08  5.980588134679009e-01 
 3.174248890858533e-08  5.980588134679211e-01 
 3.176248890858534e-08  5.980588134679012e-01 
 3.178248890858534e-08  5.980588134679208e-01 
 3.180248890858534e-08  5.980588134679017e-01 
 3.182248890858534e-08  5.980588134679208e-01 
 3.184248890858535e-08  5.980588134679019e-01 
 3.186248890858535e-08  5.980588134679206e-01 
 3.188248890858535e-08  5.980588134679026e-01 
 3.190248890858536e-08  5.980588134679208e-01 
 3.192248890858536e-08  5.980588134679029e-01 
 3.194248890858536e-08  5.980588134679203e-01 
 3.196248890858536e-08  5.980588134679028e-01 
 3.198248890858537e-08  5.980588134679200e-01 
 3.200248890858537e-08  5.980588134679030e-01 
 3.202248890858537e-08  5.980588134679198e-01 
 3.204248890858538e-08  5.980588134679033e-01 
 3.206248890858538e-08  5.980588134679198e-01 
 3.208248890858538e-08  5.980588134679037e-01 
 3.210248890858538e-08  5.980588134679198e-01 
 3.212248890858539e-08  5.980588134679040e-01 
 3.214248890858539e-08  5.980588134679192e-01 
 3.216248890858539e-08  5.980588134679037e-01 
 3.218248890858540e-08  5.980588134679188e-01 
 3.220248890858540e-08  5.980588134679035e-01 
 3.222248890858540e-08  5.980588134679181e-01 
 3.224248890858540e-08  5.980588134679035e-01 
 3.226248890858541e-08  5.980588134679178e-01 
 3.228248890858541e-08  5.980588134679037e-01 
 3.230248890858541e-08  5.980588134679179e-01 
 3.232248890858542e-08  5.980588134679040e-01 
 3.234248890858542e-08  5.980588134679177e-01 
 3.236248890858542e-08  5.980588134679041e-01 
 3.238248890858542e-08  5.980588134679174e-01 
 3.240248890858543e-08  5.980588134679042e-01 
 3.242248890858543e-08  5.980588134679174e-01 
 3.244248890858543e-08  5.980588134679047e-01 
 3.246248890858544e-08  5.980588134679177e-01 
 3.248248890858544e-08  5.980588134679050e-01 
 3.250248890858544e-08  5.980588134679173e-01 
 3.252248890858544e-08  5.980588134679050e-01 
 3.254248890858545e-08  5.980588134679170e-01 
 3.256248890858545e-08  5.980588134679050e-01 
 3.258248890858545e-08  5.980588134679169e-01 
 3.260248890858545e-08  5.980588134679053e-01 
 3.262248890858546e-08  5.980588134679170e-01 
 3.264248890858546e-08  5.980588134679057e-01 
 3.266248890858546e-08  5.980588134679167e-01 
 3.268248890858547e-08  5.980588134679055e-01 
 3.270248890858547e-08  5.980588134679163e-01 
 3.272248890858547e-08  5.980588134679057e-01 
 3.274248890858547e-08  5.980588134679163e-01 
 3.276248890858548e-08  5.980588134679058e-01 
 3.278248890858548e-08  5.980588134679163e-01 
 3.280248890858548e-08  5.980588134679059e-01 
 3.282248890858549e-08  5.980588134679159e-01 
 3.284248890858549e-08  5.980588134679059e-01 
 3.286248890858549e-08  5.980588134679159e-01 
 3.288248890858549e-08  5.980588134679061e-01 
 3.290248890858550e-08  5.980588134679158e-01 
 3.292248890858550e-08  5.980588134679062e-01 
 3.294248890858550e-08  5.980588134679157e-01 
 3.296248890858551e-08  5.980588134679066e-01 
 3.298248890858551e-08  5.980588134679157e-01 
 3.300248890858551e-08  5.980588134679065e-01 
 3.302248890858551e-08  5.980588134679153e-01 
 3.304248890858552e-08  5.980588134679066e-01 
 3.306248890858552e-08  5.980588134679153e-01 
 3.308248890858552e-08  5.980588134679068e-01 
 3.310248890858553e-08  5.980588134679153e-01 
 3.312248890858553e-08  5.980588134679070e-01 
 3.314248890858553e-08  5.980588134679152e-01 
 3.316248890858553e-08  5.980588134679070e-01 
 3.318248890858554e-08  5.980588134679150e-01 
 3.320248890858554e-08  5.980588134679068e-01 
 3.322248890858554e-08  5.980588134679148e-01 
 3.324248890858555e-08  5.980588134679072e-01 
 3.326248890858555e-08  5.980588134679150e-01 
 3.328248890858555e-08  5.980588134679071e-01 
 3.330248890858555e-08  5.980588134679147e-01 
 3.332248890858556e-08  5.980588134679072e-01 
 3.334248890858556e-08  5.980588134679146e-01 
 3.336248890858556e-08  5.980588134679073e-01 
 3.338248890858557e-08  5.980588134679143e-01 
 3.340248890858557e-08  5.980588134679072e-01 
 3.342248890858557e-08  5.980588134679143e-01 
 3.344248890858557e-08  5.980588134679075e-01 
 3.346248890858558e-08  5.980588134679143e-01 
 3.348248890858558e-08  5.980588134679077e-01 
 3.350248890858558e-08  5.980588134679145e-01 
 3.352248890858558e-08  5.980588134679078e-01 
 3.354248890858559e-08  5.980588134679142e-01 
 3.356248890858559e-08  5.980588134679079e-01 
 3.358248890858559e-08  5.980588134679142e-01 
 3.360248890858560e-08  5.980588134679082e-01 
 3.362248890858560e-08  5.980588134679146e-01 
 3.364248890858560e-08  5.980588134679085e-01 
 3.366248890858560e-08  5.980588134679145e-01 
 3.368248890858561e-08  5.980588134679085e-01 
 3.370248890858561e-08  5.980588134679143e-01 
 3.372248890858561e-08  5.980588134679086e-01 
 3.374248890858562e-08  5.980588134679142e-01 
 3.376248890858562e-08  5.980588134679086e-01 
 3.378248890858562e-08  5.980588134679141e-01 
 3.380248890858562e-08  5.980588134679083e-01 
 3.382248890858563e-08  5.980588134679137e-01 
 3.384248890858563e-08  5.980588134679083e-01 
 3.386248890858563e-08  5.980588134679137e-01 
 3.388248890858564e-08  5.980588134679086e-01 
 3.390248890858564e-08  5.980588134679138e-01 
 3.392248890858564e-08  5.980588134679086e-01 
 3.394248890858564e-08  5.980588134679136e-01 
 3.396248890858565e-08  5.980588134679085e-01 
 3.398248890858565e-08  5.980588134679135e-01 
 3.400248890858565e-08  5.980588134679088e-01 
 3.402248890858566e-08  5.980588134679137e-01 
 3.404248890858566e-08  5.980588134679089e-01 
 3.406248890858566e-08  5.980588134679135e-01 
 3.408248890858566e-08  5.980588134679086e-01 
 3.410248890858567e-08  5.980588134679130e-01 
 3.412248890858567e-08  5.980588134679083e-01 
 3.414248890858567e-08  5.980588134679129e-01 
 3.416248890858568e-08  5.980588134679087e-01 
 3.418248890858568e-08  5.980588134679131e-01 
 3.420248890858568e-08  5.980588134679091e-01 
 3.422248890858568e-08  5.980588134679136e-01 
 3.424248890858569e-08  5.980588134679092e-01 
 3.426248890858569e-08  5.980588134679132e-01 
 3.428248890858569e-08  5.980588134679090e-01 
 3.430248890858570e-08  5.980588134679129e-01 
 3.432248890858570e-08  5.980588134679088e-01 
 3.434248890858570e-08  5.980588134679128e-01 
 3.436248890858570e-08  5.980588134679090e-01 
 3.438248890858571e-08  5.980588134679131e-01 
 3.440248890858571e-08  5.980588134679095e-01 
 3.442248890858571e-08  5.980588134679132e-01 
 3.444248890858571e-08  5.980588134679093e-01 
 3.446248890858572e-08  5.980588134679128e-01 
 3.448248890858572e-08  5.980588134679090e-01 
 3.450248890858572e-08  5.980588134679125e-01 
 3.452248890858573e-08  5.980588134679089e-01 
 3.454248890858573e-08  5.980588134679125e-01 
 3.456248890858573e-08  5.980588134679089e-01 
 3.458248890858573e-08  5.980588134679122e-01 
 3.460248890858574e-08  5.980588134679089e-01 
 3.462248890858574e-08  5.980588134679123e-01 
 3.464248890858574e-08  5.980588134679091e-01 
 3.466248890858575e-08  5.980588134679125e-01 
 3.468248890858575e-08  5.980588134679092e-01 
 3.470248890858575e-08  5.980588134679123e-01 
 3.472248890858575e-08  5.980588134679093e-01 
 3.474248890858576e-08  5.980588134679126e-01 
 3.476248890858576e-08  5.980588134679093e-01 
 3.478248890858576e-08  5.980588134679125e-01 
 3.480248890858577e-08  5.980588134679095e-01 
 3.482248890858577e-08  5.980588134679123e-01 
 3.484248890858577e-08  5.980588134679095e-01 
 3.486248890858577e-08  5.980588134679123e-01 
 3.488248890858578e-08  5.980588134679095e-01 
 3.490248890858578e-08  5.980588134679121e-01 
 3.492248890858578e-08  5.980588134679093e-01 
 3.494248890858579e-08  5.980588134679121e-01 
 3.496248890858579e-08  5.980588134679093e-01 
 3.498248890858579e-08  5.980588134679120e-01 
 3.500248890858579e-08  5.980588134679093e-01 
 3.502248890858580e-08  5.980588134679121e-01 
 3.504248890858580e-08  5.980588134679095e-01 
 3.506248890858580e-08  5.980588134679119e-01 
 3.508248890858581e-08  5.980588134679095e-01 
 3.510248890858581e-08  5.980588134679120e-01 
 3.512248890858581e-08  5.980588134679095e-01 
 3.514248890858581e-08  5.980588134679118e-01 
 3.516248890858582e-08  5.980588134679093e-01 
 3.518248890858582e-08  5.980588134679118e-01 
 3.520248890858582e-08  5.980588134679096e-01 
 3.522248890858583e-08  5.980588134679118e-01 
 3.524248890858583e-08  5.980588134679095e-01 
 3.526248890858583e-08  5.980588134679117e-01 
 3.528248890858583e-08  5.980588134679097e-01 
 3.530248890858584e-08  5.980588134679121e-01 
 3.532248890858584e-08  5.980588134679098e-01 
 3.534248890858584e-08  5.980588134679118e-01 
 3.536248890858584e-08  5.980588134679098e-01 
 3.538248890858585e-08  5.980588134679120e-01 
 3.540248890858585e-08  5.980588134679100e-01 
 3.542248890858585e-08  5.980588134679121e-01 
 3.544248890858586e-08  5.980588134679101e-01 
 3.546248890858586e-08  5.980588134679123e-01 
 3.548248890858586e-08  5.980588134679106e-01 
 3.550248890858586e-08  5.980588134679125e-01 
 3.552248890858587e-08  5.980588134679105e-01 
 3.554248890858587e-08  5.980588134679123e-01 
 3.556248890858587e-08  5.980588134679103e-01 
 3.558248890858588e-08  5.980588134679118e-01 
 3.560248890858588e-08  5.980588134679098e-01 
 3.562248890858588e-08  5.980588134679117e-01 
 3.564248890858588e-08  5.980588134679102e-01 
 3.566248890858589e-08  5.980588134679123e-01 
 3.568248890858589e-08  5.980588134679109e-01 
 3.570248890858589e-08  5.980588134679128e-01 
 3.572248890858590e-08  5.980588134679109e-01 
 3.574248890858590e-08  5.980588134679125e-01 
 3.576248890858590e-08  5.980588134679108e-01 
 3.578248890858590e-08  5.980588134679125e-01 
 3.580248890858591e-08  5.980588134679107e-01 
 3.582248890858591e-08  5.980588134679122e-01 
 3.584248890858591e-08  5.980588134679107e-01 
 3.586248890858592e-08  5.980588134679123e-01 
 3.588248890858592e-08  5.980588134679107e-01 
 3.590248890858592e-08  5.980588134679121e-01 
 3.592248890858592e-08  5.980588134679107e-01 
 3.594248890858593e-08  5.980588134679121e-01 
 3.596248890858593e-08  5.980588134679105e-01 
 3.598248890858593e-08  5.980588134679119e-01 
 3.600248890858594e-08  5.980588134679102e-01 
 3.602248890858594e-08  5.980588134679113e-01 
 3.604248890858594e-08  5.980588134679099e-01 
 3.606248890858594e-08  5.980588134679112e-01 
 3.608248890858595e-08  5.980588134679097e-01 
 3.610248890858595e-08  5.980588134679109e-01 
 3.612248890858595e-08  5.980588134679095e-01 
 3.614248890858596e-08  5.980588134679108e-01 
 3.616248890858596e-08  5.980588134679095e-01 
 3.618248890858596e-08  5.980588134679108e-01 
 3.620248890858596e-08  5.980588134679096e-01 
 3.622248890858597e-08  5.980588134679108e-01 
 3.624248890858597e-08  5.980588134679096e-01 
 3.626248890858597e-08  5.980588134679108e-01 
 3.628248890858597e-08  5.980588134679097e-01 
 3.630248890858598e-08  5.980588134679111e-01 
 3.632248890858598e-08  5.980588134679102e-01 
 3.634248890858598e-08  5.980588134679116e-01 
 3.636248890858599e-08  5.980588134679103e-01 
 3.638248890858599e-08  5.980588134679113e-01 
 3.640248890858599e-08  5.980588134679101e-01 
 3.642248890858599e-08  5.980588134679113e-01 
 3.644248890858600e-08  5.980588134679102e-01 
 3.646248890858600e-08  5.980588134679113e-01 
 3.648248890858600e-08  5.980588134679102e-01 
 3.650248890858601e-08  5.980588134679111e-01 
 3.652248890858601e-08  5.980588134679101e-01 
 3.654248890858601e-08  5.980588134679115e-01 
 3.656248890858601e-08  5.980588134679105e-01 
 3.658248890858602e-08  5.980588134679115e-01 
 3.660248890858602e-08  5.980588134679102e-01 
 3.662248890858602e-08  5.980588134679112e-01 
 3.664248890858603e-08  5.980588134679103e-01 
 3.666248890858603e-08  5.980588134679112e-01 
 3.668248890858603e-08  5.980588134679103e-01 
 3.670248890858603e-08  5.980588134679112e-01 
 3.672248890858604e-08  5.980588134679102e-01 
 3.674248890858604e-08  5.980588134679111e-01 
 3.676248890858604e-08  5.980588134679102e-01 
 3.678248890858605e-08  5.980588134679111e-01 
 3.680248890858605e-08  5.980588134679102e-01 
 3.682248890858605e-08  5.980588134679111e-01 
 3.684248890858605e-08  5.980588134679102e-01 
 3.686248890858606e-08  5.980588134679112e-01 
 3.688248890858606e-08  5.980588134679103e-01 
 3.690248890858606e-08  5.980588134679112e-01 
 3.692248890858607e-08  5.980588134679107e-01 
 3.694248890858607e-08  5.980588134679117e-01 
 3.696248890858607e-08  5.980588134679109e-01 
 3.698248890858607e-08  5.980588134679117e-01 
 3.700248890858608e-08  5.980588134679109e-01 
 3.702248890858608e-08  5.980588134679117e-01 
 3.704248890858608e-08  5.980588134679109e-01 
 3.706248890858609e-08  5.980588134679117e-01 
 3.708248890858609e-08  5.980588134679109e-01 
 3.710248890858609e-08  5.980588134679116e-01 
 3.712248890858609e-08  5.980588134679108e-01 
 3.714248890858610e-08  5.980588134679113e-01 
 3.716248890858610e-08  5.980588134679106e-01 
 3.718248890858610e-08  5.980588134679113e-01 
 3.720248890858610e-08  5.980588134679107e-01 
 3.722248890858611e-08  5.980588134679115e-01 
 3.724248890858611e-08  5.980588134679108e-01 
 3.726248890858611e-08  5.980588134679115e-01 
 3.728248890858612e-08  5.980588134679107e-01 
 3.730248890858612e-08  5.980588134679115e-01 
 3.732248890858612e-08  5.980588134679108e-01 
 3.734248890858612e-08  5.980588134679115e-01 
 3.736248890858613e-08  5.980588134679108e-01 
 3.738248890858613e-08  5.980588134679115e-01 
 3.740248890858613e-08  5.980588134679108e-01 
 3.742248890858614e-08  5.980588134679115e-01 
 3.744248890858614e-08  5.980588134679108e-01 
 3.746248890858614e-08  5.980588134679115e-01 
 3.748248890858614e-08  5.980588134679109e-01 
 3.750248890858615e-08  5.980588134679115e-01 
 3.752248890858615e-08  5.980588134679109e-01 
 3.754248890858615e-08  5.980588134679115e-01 
 3.756248890858616e-08  5.980588134679108e-01 
 3.758248890858616e-08  5.980588134679115e-01 
 3.760248890858616e-08  5.980588134679110e-01 
 3.762248890858616e-08  5.980588134679116e-01 
 3.764248890858617e-08  5.980588134679110e-01 
 3.766248890858617e-08  5.980588134679115e-01 
 3.768248890858617e-08  5.980588134679108e-01 
 3.770248890858618e-08  5.980588134679115e-01 
 3.772248890858618e-08  5.980588134679109e-01 
 3.774248890858618e-08  5.980588134679115e-01 
 3.776248890858618e-08  5.980588134679111e-01 
 3.778248890858619e-08  5.980588134679117e-01 
 3.780248890858619e-08  5.980588134679111e-01 
 3.782248890858619e-08  5.980588134679115e-01 
 3.784248890858620e-08  5.980588134679107e-01 
 3.786248890858620e-08  5.980588134679110e-01 
 3.788248890858620e-08  5.980588134679106e-01 
 3.790248890858620e-08  5.980588134679111e-01 
 3.792248890858621e-08  5.980588134679107e-01 
 3.794248890858621e-08  5.980588134679111e-01 
 3.796248890858621e-08  5.980588134679107e-01 
 3.798248890858622e-08  5.980588134679112e-01 
 3.800248890858622e-08  5.980588134679107e-01 
 3.802248890858622e-08  5.980588134679110e-01 
 3.804248890858622e-08  5.980588134679106e-01 
 3.806248890858623e-08  5.980588134679110e-01 
 3.808248890858623e-08  5.980588134679106e-01 
 3.810248890858623e-08  5.980588134679109e-01 
 3.812248890858623e-08  5.980588134679106e-01 
 3.814248890858624e-08  5.980588134679112e-01 
 3.816248890858624e-08  5.980588134679110e-01 
 3.818248890858624e-08  5.980588134679115e-01 
 3.820248890858625e-08  5.980588134679111e-01 
 3.822248890858625e-08  5.980588134679116e-01 
 3.824248890858625e-08  5.980588134679112e-01 
 3.826248890858625e-08  5.980588134679116e-01 
 3.828248890858626e-08  5.980588134679112e-01 
 3.830248890858626e-08  5.980588134679117e-01 
 3.832248890858626e-08  5.980588134679112e-01 
 3.834248890858627e-08  5.980588134679116e-01 
 3.836248890858627e-08  5.980588134679111e-01 
 3.838248890858627e-08  5.980588134679115e-01 
 3.840248890858627e-08  5.980588134679111e-01 
 3.842248890858628e-08  5.980588134679115e-01 
 3.844248890858628e-08  5.980588134679111e-01 
 3.846248890858628e-08  5.980588134679115e-01 
 3.848248890858629e-08  5.980588134679110e-01 
 3.850248890858629e-08  5.980588134679113e-01 
 3.852248890858629e-08  5.980588134679110e-01 
 3.854248890858629e-08  5.980588134679115e-01 
 3.856248890858630e-08  5.980588134679112e-01 
 3.858248890858630e-08  5.980588134679116e-01 
 3.860248890858630e-08  5.980588134679112e-01 
 3.862248890858631e-08  5.980588134679116e-01 
 3.864248890858631e-08  5.980588134679113e-01 
 3.866248890858631e-08  5.980588134679117e-01 
 3.868248890858631e-08  5.980588134679113e-01 
 3.870248890858632e-08  5.980588134679116e-01 
 3.872248890858632e-08  5.980588134679111e-01 
 3.874248890858632e-08  5.980588134679112e-01 
 3.876248890858633e-08  5.980588134679109e-01 
 3.878248890858633e-08  5.980588134679110e-01 
 3.880248890858633e-08  5.980588134679108e-01 
 3.882248890858633e-08  5.980588134679111e-01 
 3.884248890858634e-08  5.980588134679108e-01 
 3.886248890858634e-08  5.980588134679110e-01 
 3.888248890858634e-08  5.980588134679107e-01 
 3.890248890858635e-08  5.980588134679109e-01 
 3.892248890858635e-08  5.980588134679107e-01 
 3.894248890858635e-08  5.980588134679110e-01 
 3.896248890858635e-08  5.980588134679107e-01 
 3.898248890858636e-08  5.980588134679109e-01 
 3.900248890858636e-08  5.980588134679106e-01 
 3.902248890858636e-08  5.980588134679108e-01 
 3.904248890858636e-08  5.980588134679106e-01 
 3.906248890858637e-08  5.980588134679108e-01 
 3.908248890858637e-08  5.980588134679107e-01 
 3.910248890858637e-08  5.980588134679110e-01 
 3.912248890858638e-08  5.980588134679107e-01 
 3.914248890858638e-08  5.980588134679109e-01 
 3.916248890858638e-08  5.980588134679107e-01 
 3.918248890858638e-08  5.980588134679110e-01 
 3.920248890858639e-08  5.980588134679108e-01 
 3.922248890858639e-08  5.980588134679109e-01 
 3.924248890858639e-08  5.980588134679107e-01 
 3.926248890858640e-08  5.980588134679110e-01 
 3.928248890858640e-08  5.980588134679107e-01 
 3.930248890858640e-08  5.980588134679108e-01 
 3.932248890858640e-08  5.980588134679106e-01 
 3.934248890858641e-08  5.980588134679108e-01 
 3.936248890858641e-08  5.980588134679107e-01 
 3.938248890858641e-08  5.980588134679109e-01 
 3.940248890858642e-08  5.980588134679106e-01 
 3.942248890858642e-08  5.980588134679107e-01 
 3.944248890858642e-08  5.980588134679105e-01 
 3.946248890858642e-08  5.980588134679107e-01 
 3.948248890858643e-08  5.980588134679106e-01 
 3.950248890858643e-08  5.980588134679108e-01 
 3.952248890858643e-08  5.980588134679107e-01 
 3.954248890858644e-08  5.980588134679108e-01 
 3.956248890858644e-08  5.980588134679106e-01 
 3.958248890858644e-08  5.980588134679108e-01 
 3.960248890858644e-08  5.980588134679107e-01 
 3.962248890858645e-08  5.980588134679108e-01 
 3.964248890858645e-08  5.980588134679105e-01 
 3.966248890858645e-08  5.980588134679107e-01 
 3.968248890858646e-08  5.980588134679107e-01 
 3.970248890858646e-08  5.980588134679108e-01 
 3.972248890858646e-08  5.980588134679105e-01 
 3.974248890858646e-08  5.980588134679106e-01 
 3.976248890858647e-08  5.980588134679105e-01 
 3.978248890858647e-08  5.980588134679109e-01 
 3.980248890858647e-08  5.980588134679108e-01 
 3.982248890858648e-08  5.980588134679109e-01 
 3.984248890858648e-08  5.980588134679108e-01 
 3.986248890858648e-08  5.980588134679111e-01 
 3.988248890858648e-08  5.980588134679110e-01 
 3.990248890858649e-08  5.980588134679111e-01 
 3.992248890858649e-08  5.980588134679109e-01 
 3.994248890858649e-08  5.980588134679110e-01 
 3.996248890858649e-08  5.980588134679109e-01 
 3.998248890858650e-08  5.980588134679110e-01 
 4.000248890858650e-08  5.980588134679110e-01 
 4.002248890858650e-08  5.980588134679112e-01 
 4.004248890858651e-08  5.980588134679111e-01 
 4.006248890858651e-08  5.980588134679112e-01 
 4.008248890858651e-08  5.980588134679112e-01 
 4.010248890858651e-08  5.980588134679115e-01 
 4.012248890858652e-08  5.980588134679113e-01 
 4.014248890858652e-08  5.980588134679116e-01 
 4.016248890858652e-08  5.980588134679116e-01 
 4.018248890858653e-08  5.980588134679116e-01 
 4.020248890858653e-08  5.980588134679112e-01 
 4.022248890858653e-08  5.980588134679112e-01 
 4.024248890858653e-08  5.980588134679111e-01 
 4.026248890858654e-08  5.980588134679112e-01 
 4.028248890858654e-08  5.980588134679111e-01 
 4.030248890858654e-08  5.980588134679111e-01 
 4.032248890858655e-08  5.980588134679110e-01 
 4.034248890858655e-08  5.980588134679111e-01 
 4.036248890858655e-08  5.980588134679109e-01 
 4.038248890858655e-08  5.980588134679110e-01 
 4.040248890858656e-08  5.980588134679110e-01 
 4.042248890858656e-08  5.980588134679111e-01 
 4.044248890858656e-08  5.980588134679110e-01 
 4.046248890858657e-08  5.980588134679112e-01 
 4.048248890858657e-08  5.980588134679112e-01 
 4.050248890858657e-08  5.980588134679113e-01 
 4.052248890858657e-08  5.980588134679111e-01 
 4.054248890858658e-08  5.980588134679111e-01 
 4.056248890858658e-08  5.980588134679110e-01 
 4.058248890858658e-08  5.980588134679112e-01 
 4.060248890858659e-08  5.980588134679112e-01 
 4.062248890858659e-08  5.980588134679113e-01 
 4.064248890858659e-08  5.980588134679112e-01 
 4.066248890858659e-08  5.980588134679113e-01 
 4.068248890858660e-08  5.980588134679112e-01 
 4.070248890858660e-08  5.980588134679113e-01 
 4.072248890858660e-08  5.980588134679112e-01 
 4.074248890858661e-08  5.980588134679113e-01 
 4.076248890858661e-08  5.980588134679112e-01 
 4.078248890858661e-08  5.980588134679115e-01 
 4.080248890858661e-08  5.980588134679113e-01 
 4.082248890858662e-08  5.980588134679113e-01 
 4.084248890858662e-08  5.980588134679112e-01 
 4.086248890858662e-08  5.980588134679113e-01 
 4.088248890858662e-08  5.980588134679112e-01 
 4.090248890858663e-08  5.980588134679113e-01 
 4.092248890858663e-08  5.980588134679111e-01 
 4.094248890858663e-08  5.980588134679110e-01 
 4.096248890858664e-08  5.980588134679110e-01 
 4.098248890858664e-08  5.980588134679112e-01 
 4.100248890858664e-08  5.980588134679112e-01 
 4.102248890858664e-08  5.980588134679113e-01 
 4.104248890858665e-08  5.980588134679112e-01 
 4.106248890858665e-08  5.980588134679113e-01 
 4.108248890858665e-08  5.980588134679112e-01 
 4.110248890858666e-08  5.980588134679113e-01 
 4.112248890858666e-08  5.980588134679112e-01 
 4.114248890858666e-08  5.980588134679113e-01 
 4.116248890858666e-08  5.980588134679112e-01 
 4.118248890858667e-08  5.980588134679113e-01 
 4.120248890858667e-08  5.980588134679112e-01 
 4.122248890858667e-08  5.980588134679112e-01 
 4.124248890858668e-08  5.980588134679111e-01 
 4.126248890858668e-08  5.980588134679110e-01 
 4.128248890858668e-08  5.980588134679109e-01 
 4.130248890858668e-08  5.980588134679109e-01 
 4.132248890858669e-08  5.980588134679109e-01 
 4.134248890858669e-08  5.980588134679110e-01 
 4.136248890858669e-08  5.980588134679110e-01 
 4.138248890858670e-08  5.980588134679111e-01 
 4.140248890858670e-08  5.980588134679111e-01 
 4.142248890858670e-08  5.980588134679113e-01 
 4.144248890858670e-08  5.980588134679113e-01 
 4.146248890858671e-08  5.980588134679115e-01 
 4.148248890858671e-08  5.980588134679113e-01 
 4.150248890858671e-08  5.980588134679115e-01 
 4.152248890858672e-08  5.980588134679113e-01 
 4.154248890858672e-08  5.980588134679113e-01 
 4.156248890858672e-08  5.980588134679113e-01 
 4.158248890858672e-08  5.980588134679115e-01 
 4.160248890858673e-08  5.980588134679115e-01 
 4.162248890858673e-08  5.980588134679115e-01 
 4.164248890858673e-08  5.980588134679113e-01 
 4.166248890858674e-08  5.980588134679115e-01 
 4.168248890858674e-08  5.980588134679113e-01 
 4.170248890858674e-08  5.980588134679115e-01 
 4.172248890858674e-08  5.980588134679113e-01 
 4.174248890858675e-08  5.980588134679115e-01 
 4.176248890858675e-08  5.980588134679116e-01 
 4.178248890858675e-08  5.980588134679117e-01 
 4.180248890858675e-08  5.980588134679116e-01 
 4.182248890858676e-08  5.980588134679116e-01 
 4.184248890858676e-08  5.980588134679115e-01 
 4.186248890858676e-08  5.980588134679116e-01 
 4.188248890858677e-08  5.980588134679117e-01 
 4.190248890858677e-08  5.980588134679116e-01 
 4.192248890858677e-08  5.980588134679113e-01 
 4.194248890858677e-08  5.980588134679112e-01 
 4.196248890858678e-08  5.980588134679112e-01 
 4.198248890858678e-08  5.980588134679113e-01 
 4.200248890858678e-08  5.980588134679113e-01 
 4.202248890858679e-08  5.980588134679113e-01 
 4.204248890858679e-08  5.980588134679112e-01 
 4.206248890858679e-08  5.980588134679115e-01 
 4.208248890858679e-08  5.980588134679115e-01 
 4.210248890858680e-08  5.980588134679115e-01 
 4.212248890858680e-08  5.980588134679113e-01 
 4.214248890858680e-08  5.980588134679115e-01 
 4.216248890858681e-08  5.980588134679113e-01 
 4.218248890858681e-08  5.980588134679113e-01 
 4.220248890858681e-08  5.980588134679113e-01 
 4.222248890858681e-08  5.980588134679113e-01 
 4.224248890858682e-08  5.980588134679112e-01 
 4.226248890858682e-08  5.980588134679111e-01 
 4.228248890858682e-08  5.980588134679109e-01 
 4.230248890858683e-08  5.980588134679109e-01 
 4.232248890858683e-08  5.980588134679109e-01 
 4.234248890858683e-08  5.980588134679110e-01 
 4.236248890858683e-08  5.980588134679111e-01 
 4.238248890858684e-08  5.980588134679112e-01 
 4.240248890858684e-08  5.980588134679113e-01 
 4.242248890858684e-08  5.980588134679113e-01 
 4.244248890858685e-08  5.980588134679112e-01 
 4.246248890858685e-08  5.980588134679111e-01 
 4.248248890858685e-08  5.980588134679109e-01 
 4.250248890858685e-08  5.980588134679109e-01 
 4.252248890858686e-08  5.980588134679108e-01 
 4.254248890858686e-08  5.980588134679109e-01 
 4.256248890858686e-08  5.980588134679110e-01 
 4.258248890858687e-08  5.980588134679112e-01 
 4.260248890858687e-08  5.980588134679112e-01 
 4.262248890858687e-08  5.980588134679112e-01 
 4.264248890858687e-08  5.980588134679112e-01 
 4.266248890858688e-08  5.980588134679113e-01 
 4.268248890858688e-08  5.980588134679113e-01 
 4.270248890858688e-08  5.980588134679113e-01 
 4.272248890858688e-08  5.980588134679112e-01 
 4.274248890858689e-08  5.980588134679111e-01 
 4.276248890858689e-08  5.980588134679110e-01 
 4.278248890858689e-08  5.980588134679111e-01 
 4.280248890858690e-08  5.980588134679112e-01 
 4.282248890858690e-08  5.980588134679116e-01 
 4.284248890858690e-08  5.980588134679116e-01 
 4.286248890858690e-08  5.980588134679116e-01 
 4.288248890858691e-08  5.980588134679116e-01 
 4.290248890858691e-08  5.980588134679116e-01 
 4.292248890858691e-08  5.980588134679115e-01 
 4.294248890858692e-08  5.980588134679113e-01 
 4.296248890858692e-08  5.980588134679113e-01 
 4.298248890858692e-08  5.980588134679113e-01 
 4.300248890858692e-08  5.980588134679113e-01 
 4.302248890858693e-08  5.980588134679115e-01 
 4.304248890858693e-08  5.980588134679115e-01 
 4.306248890858693e-08  5.980588134679115e-01 
 4.308248890858694e-08  5.980588134679115e-01 
 4.310248890858694e-08  5.980588134679116e-01 
 4.312248890858694e-08  5.980588134679116e-01 
 4.314248890858694e-08  5.980588134679115e-01 
 4.316248890858695e-08  5.980588134679113e-01 
 4.318248890858695e-08  5.980588134679113e-01 
 4.320248890858695e-08  5.980588134679112e-01 
 4.322248890858696e-08  5.980588134679112e-01 
 4.324248890858696e-08  5.980588134679112e-01 
 4.326248890858696e-08  5.980588134679113e-01 
 4.328248890858696e-08  5.980588134679112e-01 
 4.330248890858697e-08  5.980588134679111e-01 
 4.332248890858697e-08  5.980588134679110e-01 
 4.334248890858697e-08  5.980588134679110e-01 
 4.336248890858698e-08  5.980588134679109e-01 
 4.338248890858698e-08  5.980588134679109e-01 
 4.340248890858698e-08  5.980588134679109e-01 
 4.342248890858698e-08  5.980588134679110e-01 
 4.344248890858699e-08  5.980588134679112e-01 
 4.346248890858699e-08  5.980588134679113e-01 
 4.348248890858699e-08  5.980588134679112e-01 
 4.350248890858700e-08  5.980588134679112e-01 
 4.352248890858700e-08  5.980588134679112e-01 
 4.354248890858700e-08  5.980588134679112e-01 
 4.356248890858700e-08  5.980588134679112e-01 
 4.358248890858701e-08  5.980588134679113e-01 
 4.360248890858701e-08  5.980588134679113e-01 
 4.362248890858701e-08  5.980588134679112e-01 
 4.364248890858701e-08  5.980588134679111e-01 
 4.366248890858702e-08  5.980588134679110e-01 
 4.368248890858702e-08  5.980588134679110e-01 
 4.370248890858702e-08  5.980588134679110e-01 
 4.372248890858703e-08  5.980588134679110e-01 
 4.374248890858703e-08  5.980588134679110e-01 
 4.376248890858703e-08  5.980588134679110e-01 
 4.378248890858703e-08  5.980588134679111e-01 
 4.380248890858704e-08  5.980588134679111e-01 
 4.382248890858704e-08  5.980588134679111e-01 
 4.384248890858704e-08  5.980588134679111e-01 
 4.386248890858705e-08  5.980588134679112e-01 
 4.388248890858705e-08  5.980588134679112e-01 
 4.390248890858705e-08  5.980588134679111e-01 
 4.392248890858705e-08  5.980588134679111e-01 
 4.394248890858706e-08  5.980588134679112e-01 
 4.396248890858706e-08  5.980588134679112e-01 
 4.398248890858706e-08  5.980588134679112e-01 
 4.400248890858707e-08  5.980588134679112e-01 
 4.402248890858707e-08  5.980588134679112e-01 
 4.404248890858707e-08  5.980588134679112e-01 
 4.406248890858707e-08  5.980588134679113e-01 
 4.408248890858708e-08  5.980588134679113e-01 
 4.410248890858708e-08  5.980588134679113e-01 
 4.412248890858708e-08  5.980588134679113e-01 
 4.414248890858709e-08  5.980588134679113e-01 
 4.416248890858709e-08  5.980588134679113e-01 
 4.418248890858709e-08  5.980588134679113e-01 
 4.420248890858709e-08  5.980588134679112e-01 
 4.422248890858710e-08  5.980588134679111e-01 
 4.424248890858710e-08  5.980588134679110e-01 
 4.426248890858710e-08  5.980588134679110e-01 
 4.428248890858711e-08  5.980588134679110e-01 
 4.430248890858711e-08  5.980588134679110e-01 
 4.432248890858711e-08  5.980588134679109e-01 
 4.434248890858711e-08  5.980588134679109e-01 
 4.436248890858712e-08  5.980588134679110e-01 
 4.438248890858712e-08  5.980588134679111e-01 
 4.440248890858712e-08  5.980588134679111e-01 
 4.442248890858713e-08  5.980588134679111e-01 
 4.444248890858713e-08  5.980588134679111e-01 
 4.446248890858713e-08  5.980588134679111e-01 
 4.448248890858713e-08  5.980588134679111e-01 
 4.450248890858714e-08  5.980588134679112e-01 
 4.452248890858714e-08  5.980588134679112e-01 
 4.454248890858714e-08  5.980588134679112e-01 
 4.456248890858714e-08  5.980588134679112e-01 
 4.458248890858715e-08  5.980588134679112e-01 
 4.460248890858715e-08  5.980588134679112e-01 
 4.462248890858715e-08  5.980588134679112e-01 
 4.464248890858716e-08  5.980588134679112e-01 
 4.466248890858716e-08  5.980588134679113e-01 
 4.468248890858716e-08  5.980588134679113e-01 
 4.470248890858716e-08  5.980588134679113e-01 
 4.472248890858717e-08  5.980588134679113e-01 
 4.474248890858717e-08  5.980588134679113e-01 
 4.476248890858717e-08  5.980588134679113e-01 
 4.478248890858718e-08  5.980588134679113e-01 
 4.480248890858718e-08  5.980588134679113e-01 
 4.482248890858718e-08  5.980588134679113e-01 
 4.484248890858718e-08  5.980588134679113e-01 
 4.486248890858719e-08  5.980588134679115e-01 
 4.488248890858719e-08  5.980588134679115e-01 
 4.490248890858719e-08  5.980588134679116e-01 
 4.492248890858720e-08  5.980588134679118e-01 
 4.494248890858720e-08  5.980588134679117e-01 
 4.496248890858720e-08  5.980588134679113e-01 
 4.498248890858720e-08  5.980588134679113e-01 
 4.500248890858721e-08  5.980588134679115e-01 
 4.502248890858721e-08  5.980588134679116e-01 
 4.504248890858721e-08  5.980588134679117e-01 
 4.506248890858722e-08  5.980588134679116e-01 
 4.508248890858722e-08  5.980588134679115e-01 
 4.510248890858722e-08  5.980588134679113e-01 
 4.512248890858722e-08  5.980588134679113e-01 
 4.514248890858723e-08  5.980588134679115e-01 
 4.516248890858723e-08  5.980588134679116e-01 
 4.518248890858723e-08  5.980588134679116e-01 
 4.520248890858724e-08  5.980588134679113e-01 
 4.522248890858724e-08  5.980588134679111e-01 
 4.524248890858724e-08  5.980588134679110e-01 
 4.526248890858724e-08  5.980588134679110e-01 
 4.528248890858725e-08  5.980588134679110e-01 
 4.530248890858725e-08  5.980588134679111e-01 
 4.532248890858725e-08  5.980588134679112e-01 
 4.534248890858726e-08  5.980588134679115e-01 
 4.536248890858726e-08  5.980588134679115e-01 
 4.538248890858726e-08  5.980588134679115e-01 
 4.540248890858726e-08  5.980588134679113e-01 
 4.542248890858727e-08  5.980588134679112e-01 
 4.544248890858727e-08  5.980588134679112e-01 
 4.546248890858727e-08  5.980588134679112e-01 
 4.548248890858727e-08  5.980588134679112e-01 
 4.550248890858728e-08  5.980588134679112e-01 
 4.552248890858728e-08  5.980588134679112e-01 
 4.554248890858728e-08  5.980588134679112e-01 
 4.556248890858729e-08  5.980588134679112e-01 
 4.558248890858729e-08  5.980588134679112e-01 
 4.560248890858729e-08  5.980588134679112e-01 
 4.562248890858729e-08  5.980588134679112e-01 
 4.564248890858730e-08  5.980588134679112e-01 
 4.566248890858730e-08  5.980588134679113e-01 
 4.568248890858730e-08  5.980588134679113e-01 
 4.570248890858731e-08  5.980588134679112e-01 
 4.572248890858731e-08  5.980588134679111e-01 
 4.574248890858731e-08  5.980588134679110e-01 
 4.576248890858731e-08  5.980588134679110e-01 
 4.578248890858732e-08  5.980588134679110e-01 
 4.580248890858732e-08  5.980588134679110e-01 
 4.582248890858732e-08  5.980588134679109e-01 
 4.584248890858733e-08  5.980588134679107e-01 
 4.586248890858733e-08  5.980588134679107e-01 
 4.588248890858733e-08  5.980588134679107e-01 
 4.590248890858733e-08  5.980588134679108e-01 
 4.592248890858734e-08  5.980588134679108e-01 
 4.594248890858734e-08  5.980588134679109e-01 
 4.596248890858734e-08  5.980588134679110e-01 
 4.598248890858735e-08  5.980588134679110e-01 
 4.600248890858735e-08  5.980588134679110e-01 
 4.602248890858735e-08  5.980588134679110e-01 
 4.604248890858735e-08  5.980588134679111e-01 
 4.606248890858736e-08  5.980588134679112e-01 
 4.608248890858736e-08  5.980588134679112e-01 
 4.610248890858736e-08  5.980588134679112e-01 
 4.612248890858737e-08  5.980588134679112e-01 
 4.614248890858737e-08  5.980588134679112e-01 
 4.616248890858737e-08  5.980588134679112e-01 
 4.618248890858737e-08  5.980588134679113e-01 
 4.620248890858738e-08  5.980588134679113e-01 
 4.622248890858738e-08  5.980588134679112e-01 
 4.624248890858738e-08  5.980588134679112e-01 
 4.626248890858739e-08  5.980588134679112e-01 
 4.628248890858739e-08  5.980588134679112e-01 
 4.630248890858739e-08  5.980588134679112e-01 
 4.632248890858739e-08  5.980588134679112e-01 
 4.634248890858740e-08  5.980588134679112e-01 
 4.636248890858740e-08  5.980588134679112e-01 
 4.638248890858740e-08  5.980588134679113e-01 
 4.640248890858740e-08  5.980588134679113e-01 
 4.642248890858741e-08  5.980588134679113e-01 
 4.644248890858741e-08  5.980588134679112e-01 
 4.646248890858741e-08  5.980588134679111e-01 
 4.648248890858742e-08  5.980588134679110e-01 
 4.650248890858742e-08  5.980588134679110e-01 
 4.652248890858742e-08  5.980588134679110e-01 
 4.654248890858742e-08  5.980588134679110e-01 
 4.656248890858743e-08  5.980588134679110e-01 
 4.658248890858743e-08  5.980588134679110e-01 
 4.660248890858743e-08  5.980588134679110e-01 
 4.662248890858744e-08  5.980588134679110e-01 
 4.664248890858744e-08  5.980588134679110e-01 
 4.666248890858744e-08  5.980588134679110e-01 
 4.668248890858744e-08  5.980588134679110e-01 
 4.670248890858745e-08  5.980588134679110e-01 
 4.672248890858745e-08  5.980588134679110e-01 
 4.674248890858745e-08  5.980588134679110e-01 
 4.676248890858746e-08  5.980588134679110e-01 
 4.678248890858746e-08  5.980588134679110e-01 
 4.680248890858746e-08  5.980588134679110e-01 
 4.682248890858746e-08  5.980588134679110e-01 
 4.684248890858747e-08  5.980588134679110e-01 
 4.686248890858747e-08  5.980588134679110e-01 
 4.688248890858747e-08  5.980588134679110e-01 
 4.690248890858748e-08  5.980588134679110e-01 
 4.692248890858748e-08  5.980588134679110e-01 
 4.694248890858748e-08  5.980588134679110e-01 
 4.696248890858748e-08  5.980588134679110e-01 
 4.698248890858749e-08  5.980588134679110e-01 
 4.700248890858749e-08  5.980588134679110e-01 
 4.702248890858749e-08  5.980588134679110e-01 
 4.704248890858750e-08  5.980588134679110e-01 
 4.706248890858750e-08  5.980588134679110e-01 
 4.708248890858750e-08  5.980588134679109e-01 
 4.710248890858750e-08  5.980588134679108e-01 
 4.712248890858751e-08  5.980588134679108e-01 
 4.714248890858751e-08  5.980588134679108e-01 
 4.716248890858751e-08  5.980588134679109e-01 
 4.718248890858752e-08  5.980588134679109e-01 
 4.720248890858752e-08  5.980588134679108e-01 
 4.722248890858752e-08  5.980588134679109e-01 
 4.724248890858752e-08  5.980588134679111e-01 
 4.726248890858753e-08  5.980588134679112e-01 
 4.728248890858753e-08  5.980588134679112e-01 
 4.730248890858753e-08  5.980588134679111e-01 
 4.732248890858753e-08  5.980588134679109e-01 
 4.734248890858754e-08  5.980588134679108e-01 
 4.736248890858754e-08  5.980588134679108e-01 
 4.738248890858754e-08  5.980588134679109e-01 
 4.740248890858755e-08  5.980588134679111e-01 
 4.742248890858755e-08  5.980588134679113e-01 
 4.744248890858755e-08  5.980588134679115e-01 
 4.746248890858755e-08  5.980588134679115e-01 
 4.748248890858756e-08  5.980588134679113e-01 
 4.750248890858756e-08  5.980588134679112e-01 
 4.752248890858756e-08  5.980588134679112e-01 
 4.754248890858757e-08  5.980588134679112e-01 
 4.756248890858757e-08  5.980588134679112e-01 
 4.758248890858757e-08  5.980588134679112e-01 
 4.760248890858757e-08  5.980588134679112e-01 
 4.762248890858758e-08  5.980588134679112e-01 
 4.764248890858758e-08  5.980588134679112e-01 
 4.766248890858758e-08  5.980588134679112e-01 
 4.768248890858759e-08  5.980588134679112e-01 
 4.770248890858759e-08  5.980588134679112e-01 
 4.772248890858759e-08  5.980588134679112e-01 
 4.774248890858759e-08  5.980588134679111e-01 
 4.776248890858760e-08  5.980588134679109e-01 
 4.778248890858760e-08  5.980588134679109e-01 
 4.780248890858760e-08  5.980588134679110e-01 
 4.782248890858761e-08  5.980588134679111e-01 
 4.784248890858761e-08  5.980588134679111e-01 
 4.786248890858761e-08  5.980588134679111e-01 
 4.788248890858761e-08  5.980588134679111e-01 
 4.790248890858762e-08  5.980588134679111e-01 
 4.792248890858762e-08  5.980588134679111e-01 
 4.794248890858762e-08  5.980588134679111e-01 
 4.796248890858763e-08  5.980588134679111e-01 
 4.798248890858763e-08  5.980588134679111e-01 
 4.800248890858763e-08  5.980588134679111e-01 
 4.802248890858763e-08  5.980588134679111e-01 
 4.804248890858764e-08  5.980588134679111e-01 
 4.806248890858764e-08  5.980588134679111e-01 
 4.808248890858764e-08  5.980588134679111e-01 
 4.810248890858765e-08  5.980588134679111e-01 
 4.812248890858765e-08  5.980588134679111e-01 
 4.814248890858765e-08  5.980588134679111e-01 
 4.816248890858765e-08  5.980588134679111e-01 
 4.818248890858766e-08  5.980588134679111e-01 
 4.820248890858766e-08  5.980588134679111e-01 
 4.822248890858766e-08  5.980588134679112e-01 
 4.824248890858766e-08  5.980588134679113e-01 
 4.826248890858767e-08  5.980588134679112e-01 
 4.828248890858767e-08  5.980588134679112e-01 
 4.830248890858767e-08  5.980588134679112e-01 
 4.832248890858768e-08  5.980588134679112e-01 
 4.834248890858768e-08  5.980588134679112e-01 
 4.836248890858768e-08  5.980588134679112e-01 
 4.838248890858768e-08  5.980588134679112e-01 
 4.840248890858769e-08  5.980588134679112e-01 
 4.842248890858769e-08  5.980588134679112e-01 
 4.844248890858769e-08  5.980588134679112e-01 
 4.846248890858770e-08  5.980588134679112e-01 
 4.848248890858770e-08  5.980588134679112e-01 
 4.850248890858770e-08  5.980588134679113e-01 
 4.852248890858770e-08  5.980588134679113e-01 
 4.854248890858771e-08  5.980588134679112e-01 
 4.856248890858771e-08  5.980588134679111e-01 
 4.858248890858771e-08  5.980588134679110e-01 
 4.860248890858772e-08  5.980588134679110e-01 
 4.862248890858772e-08  5.980588134679109e-01 
 4.864248890858772e-08  5.980588134679108e-01 
 4.866248890858772e-08  5.980588134679109e-01 
 4.868248890858773e-08  5.980588134679109e-01 
 4.870248890858773e-08  5.980588134679109e-01 
 4.872248890858773e-08  5.980588134679110e-01 
 4.874248890858774e-08  5.980588134679111e-01 
 4.876248890858774e-08  5.980588134679110e-01 
 4.878248890858774e-08  5.980588134679109e-01 
 4.880248890858774e-08  5.980588134679107e-01 
 4.882248890858775e-08  5.980588134679108e-01 
 4.884248890858775e-08  5.980588134679109e-01 
 4.886248890858775e-08  5.980588134679109e-01 
 4.888248890858776e-08  5.980588134679110e-01 
 4.890248890858776e-08  5.980588134679112e-01 
 4.892248890858776e-08  5.980588134679112e-01 
 4.894248890858776e-08  5.980588134679112e-01 
 4.896248890858777e-08  5.980588134679112e-01 
 4.898248890858777e-08  5.980588134679112e-01 
 4.900248890858777e-08  5.980588134679112e-01 
 4.902248890858778e-08  5.980588134679112e-01 
 4.904248890858778e-08  5.980588134679112e-01 
 4.906248890858778e-08  5.980588134679112e-01 
 4.908248890858778e-08  5.980588134679112e-01 
 4.910248890858779e-08  5.980588134679112e-01 
 4.912248890858779e-08  5.980588134679112e-01 
 4.914248890858779e-08  5.980588134679111e-01 
 4.916248890858779e-08  5.980588134679111e-01 
 4.918248890858780e-08  5.980588134679112e-01 
 4.920248890858780e-08  5.980588134679112e-01 
 4.922248890858780e-08  5.980588134679112e-01 
 4.924248890858781e-08  5.980588134679112e-01 
 4.926248890858781e-08  5.980588134679113e-01 
 4.928248890858781e-08  5.980588134679113e-01 
 4.930248890858781e-08  5.980588134679112e-01 
 4.932248890858782e-08  5.980588134679112e-01 
 4.934248890858782e-08  5.980588134679112e-01 
 4.936248890858782e-08  5.980588134679112e-01 
 4.938248890858783e-08  5.980588134679112e-01 
 4.940248890858783e-08  5.980588134679112e-01 
 4.942248890858783e-08  5.980588134679112e-01 
 4.944248890858783e-08  5.980588134679112e-01 
 4.946248890858784e-08  5.980588134679112e-01 
 4.948248890858784e-08  5.980588134679112e-01 
 4.950248890858784e-08  5.980588134679113e-01 
 4.952248890858785e-08  5.980588134679115e-01 
 4.954248890858785e-08  5.980588134679115e-01 
 4.956248890858785e-08  5.980588134679113e-01 
 4.958248890858785e-08  5.980588134679113e-01 
 4.960248890858786e-08  5.980588134679115e-01 
 4.962248890858786e-08  5.980588134679116e-01 
 4.964248890858786e-08  5.980588134679118e-01 
 4.966248890858787e-08  5.980588134679117e-01 
 4.968248890858787e-08  5.980588134679115e-01 
 4.970248890858787e-08  5.980588134679115e-01 
 4.972248890858787e-08  5.980588134679113e-01 
 4.974248890858788e-08  5.980588134679113e-01 
 4.976248890858788e-08  5.980588134679113e-01 
 4.978248890858788e-08  5.980588134679113e-01 
 4.980248890858789e-08  5.980588134679113e-01 
 4.982248890858789e-08  5.980588134679112e-01 
 4.984248890858789e-08  5.980588134679112e-01 
 4.986248890858789e-08  5.980588134679113e-01 
 4.988248890858790e-08  5.980588134679113e-01 
 4.990248890858790e-08  5.980588134679112e-01 
 4.992248890858790e-08  5.980588134679112e-01 
 4.994248890858791e-08  5.980588134679112e-01 
 4.996248890858791e-08  5.980588134679112e-01 
 4.998248890858791e-08  5.980588134679112e-01 
 5.000248890858791e-08  5.980588134679112e-01 
 5.002248890858792e-08  5.980588134679113e-01 
 5.004248890858792e-08  5.980588134679113e-01 
 5.006248890858792e-08  5.980588134679113e-01 
 5.008248890858792e-08  5.980588134679113e-01 
 5.010248890858793e-08  5.980588134679113e-01 
 5.012248890858793e-08  5.980588134679113e-01 
 5.014248890858793e-08  5.980588134679113e-01 
 5.016248890858794e-08  5.980588134679113e-01 
 5.018248890858794e-08  5.980588134679113e-01 
 5.020248890858794e-08  5.980588134679113e-01 
 5.022248890858794e-08  5.980588134679113e-01 
 5.024248890858795e-08  5.980588134679113e-01 
 5.026248890858795e-08  5.980588134679113e-01 
 5.028248890858795e-08  5.980588134679113e-01 
 5.030248890858796e-08  5.980588134679113e-01 
 5.032248890858796e-08  5.980588134679113e-01 
 5.034248890858796e-08  5.980588134679113e-01 
 5.036248890858796e-08  5.980588134679115e-01 
 5.038248890858797e-08  5.980588134679115e-01 
 5.040248890858797e-08  5.980588134679113e-01 
 5.042248890858797e-08  5.980588134679113e-01 
 5.044248890858798e-08  5.980588134679115e-01 
 5.046248890858798e-08  5.980588134679115e-01 
 5.048248890858798e-08  5.980588134679113e-01 
 5.050248890858798e-08  5.980588134679113e-01 
 5.052248890858799e-08  5.980588134679115e-01 
 5.054248890858799e-08  5.980588134679115e-01 
 5.056248890858799e-08  5.980588134679113e-01 
 5.058248890858800e-08  5.980588134679113e-01 
 5.060248890858800e-08  5.980588134679113e-01 
 5.062248890858800e-08  5.980588134679112e-01 
 5.064248890858800e-08  5.980588134679112e-01 
 5.066248890858801e-08  5.980588134679112e-01 
 5.068248890858801e-08  5.980588134679112e-01 
 5.070248890858801e-08  5.980588134679112e-01 
 5.072248890858802e-08  5.980588134679112e-01 
 5.074248890858802e-08  5.980588134679113e-01 
 5.076248890858802e-08  5.980588134679113e-01 
 5.078248890858802e-08  5.980588134679113e-01 
 5.080248890858803e-08  5.980588134679113e-01 
 5.082248890858803e-08  5.980588134679113e-01 
 5.084248890858803e-08  5.980588134679113e-01 
 5.086248890858804e-08  5.980588134679112e-01 
 5.088248890858804e-08  5.980588134679112e-01 
 5.090248890858804e-08  5.980588134679112e-01 
 5.092248890858804e-08  5.980588134679112e-01 
 5.094248890858805e-08  5.980588134679112e-01 
 5.096248890858805e-08  5.980588134679112e-01 
 5.098248890858805e-08  5.980588134679113e-01 
 5.100248890858805e-08  5.980588134679113e-01 
 5.102248890858806e-08  5.980588134679113e-01 
 5.104248890858806e-08  5.980588134679113e-01 
 5.106248890858806e-08  5.980588134679112e-01 
 5.108248890858807e-08  5.980588134679112e-01 
 5.110248890858807e-08  5.980588134679113e-01 
 5.112248890858807e-08  5.980588134679113e-01 
 5.114248890858807e-08  5.980588134679113e-01 
 5.116248890858808e-08  5.980588134679115e-01 
 5.118248890858808e-08  5.980588134679115e-01 
 5.120248890858808e-08  5.980588134679115e-01 
 5.122248890858809e-08  5.980588134679115e-01 
 5.124248890858809e-08  5.980588134679113e-01 
 5.126248890858809e-08  5.980588134679113e-01 
 5.128248890858809e-08  5.980588134679113e-01 
 5.130248890858810e-08  5.980588134679112e-01 
 5.132248890858810e-08  5.980588134679112e-01 
 5.134248890858810e-08  5.980588134679113e-01 
 5.136248890858811e-08  5.980588134679113e-01 
 5.138248890858811e-08  5.980588134679113e-01 
 5.140248890858811e-08  5.980588134679113e-01 
 5.142248890858811e-08  5.980588134679113e-01 
 5.144248890858812e-08  5.980588134679113e-01 
 5.146248890858812e-08  5.980588134679113e-01 
 5.148248890858812e-08  5.980588134679113e-01 
 5.150248890858813e-08  5.980588134679112e-01 
 5.152248890858813e-08  5.980588134679112e-01 
 5.154248890858813e-08  5.980588134679113e-01 
 5.156248890858813e-08  5.980588134679115e-01 
 5.158248890858814e-08  5.980588134679116e-01 
 5.160248890858814e-08  5.980588134679118e-01 
 5.162248890858814e-08  5.980588134679117e-01 
 5.164248890858815e-08  5.980588134679115e-01 
 5.166248890858815e-08  5.980588134679116e-01 
 5.168248890858815e-08  5.980588134679116e-01 
 5.170248890858815e-08  5.980588134679113e-01 
 5.172248890858816e-08  5.980588134679112e-01 
 5.174248890858816e-08  5.980588134679113e-01 
 5.176248890858816e-08  5.980588134679112e-01 
 5.178248890858817e-08  5.980588134679112e-01 
 5.180248890858817e-08  5.980588134679113e-01 
 5.182248890858817e-08  5.980588134679112e-01 
 5.184248890858817e-08  5.980588134679112e-01 
 5.186248890858818e-08  5.980588134679113e-01 
 5.188248890858818e-08  5.980588134679113e-01 
 5.190248890858818e-08  5.980588134679113e-01 
 5.192248890858818e-08  5.980588134679113e-01 
 5.194248890858819e-08  5.980588134679113e-01 
 5.196248890858819e-08  5.980588134679115e-01 
 5.198248890858819e-08  5.980588134679115e-01 
 5.200248890858820e-08  5.980588134679113e-01 
 5.202248890858820e-08  5.980588134679113e-01 
 5.204248890858820e-08  5.980588134679113e-01 
 5.206248890858820e-08  5.980588134679113e-01 
 5.208248890858821e-08  5.980588134679112e-01 
 5.210248890858821e-08  5.980588134679112e-01 
 5.212248890858821e-08  5.980588134679113e-01 
 5.214248890858822e-08  5.980588134679113e-01 
 5.216248890858822e-08  5.980588134679113e-01 
 5.218248890858822e-08  5.980588134679113e-01 
 5.220248890858822e-08  5.980588134679113e-01 
 5.222248890858823e-08  5.980588134679113e-01 
 5.224248890858823e-08  5.980588134679113e-01 
 5.226248890858823e-08  5.980588134679113e-01 
 5.228248890858824e-08  5.980588134679113e-01 
 5.230248890858824e-08  5.980588134679113e-01 
 5.232248890858824e-08  5.980588134679113e-01 
 5.234248890858824e-08  5.980588134679113e-01 
 5.236248890858825e-08  5.980588134679113e-01 
 5.238248890858825e-08  5.980588134679113e-01 
 5.240248890858825e-08  5.980588134679113e-01 
 5.242248890858826e-08  5.980588134679113e-01 
 5.244248890858826e-08  5.980588134679113e-01 
 5.246248890858826e-08  5.980588134679112e-01 
 5.248248890858826e-08  5.980588134679112e-01 
 5.250248890858827e-08  5.980588134679113e-01 
 5.252248890858827e-08  5.980588134679113e-01 
 5.254248890858827e-08  5.980588134679113e-01 
 5.256248890858828e-08  5.980588134679113e-01 
 5.258248890858828e-08  5.980588134679113e-01 
 5.260248890858828e-08  5.980588134679113e-01 
 5.262248890858828e-08  5.980588134679113e-01 
 5.264248890858829e-08  5.980588134679113e-01 
 5.266248890858829e-08  5.980588134679113e-01 
 5.268248890858829e-08  5.980588134679113e-01 
 5.270248890858830e-08  5.980588134679113e-01 
 5.272248890858830e-08  5.980588134679113e-01 
 5.274248890858830e-08  5.980588134679113e-01 
 5.276248890858830e-08  5.980588134679113e-01 
 5.278248890858831e-08  5.980588134679113e-01 
 5.280248890858831e-08  5.980588134679113e-01 
 5.282248890858831e-08  5.980588134679113e-01 
 5.284248890858831e-08  5.980588134679113e-01 
 5.286248890858832e-08  5.980588134679113e-01 
 5.288248890858832e-08  5.980588134679113e-01 
 5.290248890858832e-08  5.980588134679113e-01 
 5.292248890858833e-08  5.980588134679113e-01 
 5.294248890858833e-08  5.980588134679113e-01 
 5.296248890858833e-08  5.980588134679113e-01 
 5.298248890858833e-08  5.980588134679113e-01 
 5.300248890858834e-08  5.980588134679113e-01 
 5.302248890858834e-08  5.980588134679113e-01 
 5.304248890858834e-08  5.980588134679113e-01 
 5.306248890858835e-08  5.980588134679113e-01 
 5.308248890858835e-08  5.980588134679113e-01 
 5.310248890858835e-08  5.980588134679113e-01 
 5.312248890858835e-08  5.980588134679113e-01 
 5.314248890858836e-08  5.980588134679113e-01 
 5.316248890858836e-08  5.980588134679113e-01 
 5.318248890858836e-08  5.980588134679113e-01 
 5.320248890858837e-08  5.980588134679113e-01 
 5.322248890858837e-08  5.980588134679113e-01 
 5.324248890858837e-08  5.980588134679113e-01 
 5.326248890858837e-08  5.980588134679113e-01 
 5.328248890858838e-08  5.980588134679113e-01 
 5.330248890858838e-08  5.980588134679113e-01 
 5.332248890858838e-08  5.980588134679113e-01 
 5.334248890858839e-08  5.980588134679113e-01 
 5.336248890858839e-08  5.980588134679113e-01 
 5.338248890858839e-08  5.980588134679113e-01 
 5.340248890858839e-08  5.980588134679113e-01 
 5.342248890858840e-08  5.980588134679113e-01 
 5.344248890858840e-08  5.980588134679113e-01 
 5.346248890858840e-08  5.980588134679113e-01 
 5.348248890858841e-08  5.980588134679113e-01 
 5.350248890858841e-08  5.980588134679113e-01 
 5.352248890858841e-08  5.980588134679113e-01 
 5.354248890858841e-08  5.980588134679113e-01 
 5.356248890858842e-08  5.980588134679113e-01 
 5.358248890858842e-08  5.980588134679113e-01 
 5.360248890858842e-08  5.980588134679113e-01 
 5.362248890858843e-08  5.980588134679113e-01 
 5.364248890858843e-08  5.980588134679113e-01 
 5.366248890858843e-08  5.980588134679113e-01 
 5.368248890858843e-08  5.980588134679113e-01 
 5.370248890858844e-08  5.980588134679113e-01 
 5.372248890858844e-08  5.980588134679113e-01 
 5.374248890858844e-08  5.980588134679113e-01 
 5.376248890858844e-08  5.980588134679113e-01 
 5.378248890858845e-08  5.980588134679113e-01 
 5.380248890858845e-08  5.980588134679113e-01 
 5.382248890858845e-08  5.980588134679113e-01 
 5.384248890858846e-08  5.980588134679113e-01 
 5.386248890858846e-08  5.980588134679113e-01 
 5.388248890858846e-08  5.980588134679113e-01 
 5.390248890858846e-08  5.980588134679113e-01 
 5.392248890858847e-08  5.980588134679113e-01 
 5.394248890858847e-08  5.980588134679113e-01 
 5.396248890858847e-08  5.980588134679113e-01 
 5.398248890858848e-08  5.980588134679113e-01 
 5.400248890858848e-08  5.980588134679113e-01 
 5.402248890858848e-08  5.980588134679113e-01 
 5.404248890858848e-08  5.980588134679113e-01 
 5.406248890858849e-08  5.980588134679113e-01 
 5.408248890858849e-08  5.980588134679113e-01 
 5.410248890858849e-08  5.980588134679113e-01 
 5.412248890858850e-08  5.980588134679113e-01 
 5.414248890858850e-08  5.980588134679113e-01 
 5.416248890858850e-08  5.980588134679113e-01 
 5.418248890858850e-08  5.980588134679113e-01 
 5.420248890858851e-08  5.980588134679113e-01 
 5.422248890858851e-08  5.980588134679113e-01 
 5.424248890858851e-08  5.980588134679113e-01 
 5.426248890858852e-08  5.980588134679113e-01 
 5.428248890858852e-08  5.980588134679113e-01 
 5.430248890858852e-08  5.980588134679113e-01 
 5.432248890858852e-08  5.980588134679113e-01 
 5.434248890858853e-08  5.980588134679113e-01 
 5.436248890858853e-08  5.980588134679113e-01 
 5.438248890858853e-08  5.980588134679113e-01 
 5.440248890858854e-08  5.980588134679113e-01 
 5.442248890858854e-08  5.980588134679113e-01 
 5.444248890858854e-08  5.980588134679113e-01 
 5.446248890858854e-08  5.980588134679113e-01 
 5.448248890858855e-08  5.980588134679113e-01 
 5.450248890858855e-08  5.980588134679113e-01 
 5.452248890858855e-08  5.980588134679113e-01 
 5.454248890858856e-08  5.980588134679113e-01 
 5.456248890858856e-08  5.980588134679113e-01 
 5.458248890858856e-08  5.980588134679113e-01 
 5.460248890858856e-08  5.980588134679113e-01 
 5.462248890858857e-08  5.980588134679113e-01 
 5.464248890858857e-08  5.980588134679113e-01 
 5.466248890858857e-08  5.980588134679113e-01 
 5.468248890858857e-08  5.980588134679113e-01 
 5.470248890858858e-08  5.980588134679113e-01 
 5.472248890858858e-08  5.980588134679113e-01 
 5.474248890858858e-08  5.980588134679113e-01 
 5.476248890858859e-08  5.980588134679113e-01 
 5.478248890858859e-08  5.980588134679113e-01 
 5.480248890858859e-08  5.980588134679113e-01 
 5.482248890858859e-08  5.980588134679113e-01 
 5.484248890858860e-08  5.980588134679113e-01 
 5.486248890858860e-08  5.980588134679113e-01 
 5.488248890858860e-08  5.980588134679113e-01 
 5.490248890858861e-08  5.980588134679113e-01 
 5.492248890858861e-08  5.980588134679113e-01 
 5.494248890858861e-08  5.980588134679113e-01 
 5.496248890858861e-08  5.980588134679113e-01 
 5.498248890858862e-08  5.980588134679113e-01 
 5.500248890858862e-08  5.980588134679113e-01 
 5.502248890858862e-08  5.980588134679113e-01 
 5.504248890858863e-08  5.980588134679113e-01 
 5.506248890858863e-08  5.980588134679113e-01 
 5.508248890858863e-08  5.980588134679113e-01 
 5.510248890858863e-08  5.980588134679113e-01 
 5.512248890858864e-08  5.980588134679113e-01 
 5.514248890858864e-08  5.980588134679113e-01 
 5.516248890858864e-08  5.980588134679113e-01 
 5.518248890858865e-08  5.980588134679113e-01 
 5.520248890858865e-08  5.980588134679113e-01 
 5.522248890858865e-08  5.980588134679113e-01 
 5.524248890858865e-08  5.980588134679113e-01 
 5.526248890858866e-08  5.980588134679113e-01 
 5.528248890858866e-08  5.980588134679113e-01 
 5.530248890858866e-08  5.980588134679113e-01 
 5.532248890858867e-08  5.980588134679113e-01 
 5.534248890858867e-08  5.980588134679113e-01 
 5.536248890858867e-08  5.980588134679113e-01 
 5.538248890858867e-08  5.980588134679113e-01 
 5.540248890858868e-08  5.980588134679113e-01 
 5.542248890858868e-08  5.980588134679113e-01 
 5.544248890858868e-08  5.980588134679113e-01 
 5.546248890858869e-08  5.980588134679113e-01 
 5.548248890858869e-08  5.980588134679113e-01 
 5.550248890858869e-08  5.980588134679113e-01 
 5.552248890858869e-08  5.980588134679113e-01 
 5.554248890858870e-08  5.980588134679113e-01 
 5.556248890858870e-08  5.980588134679113e-01 
 5.558248890858870e-08  5.980588134679113e-01 
 5.560248890858870e-08  5.980588134679113e-01 
 5.562248890858871e-08  5.980588134679112e-01 
 5.564248890858871e-08  5.980588134679112e-01 
 5.566248890858871e-08  5.980588134679112e-01 
 5.568248890858872e-08  5.980588134679112e-01 
 5.570248890858872e-08  5.980588134679113e-01 
 5.572248890858872e-08  5.980588134679113e-01 
 5.574248890858872e-08  5.980588134679113e-01 
 5.576248890858873e-08  5.980588134679113e-01 
 5.578248890858873e-08  5.980588134679113e-01 
 5.580248890858873e-08  5.980588134679113e-01 
 5.582248890858874e-08  5.980588134679113e-01 
 5.584248890858874e-08  5.980588134679113e-01 
 5.586248890858874e-08  5.980588134679113e-01 
 5.588248890858874e-08  5.980588134679113e-01 
 5.590248890858875e-08  5.980588134679113e-01 
 5.592248890858875e-08  5.980588134679113e-01 
 5.594248890858875e-08  5.980588134679113e-01 
 5.596248890858876e-08  5.980588134679113e-01 
 5.598248890858876e-08  5.980588134679113e-01 
 5.600248890858876e-08  5.980588134679113e-01 
 5.602248890858876e-08  5.980588134679113e-01 
 5.604248890858877e-08  5.980588134679113e-01 
 5.606248890858877e-08  5.980588134679113e-01 
 5.608248890858877e-08  5.980588134679113e-01 
 5.610248890858878e-08  5.980588134679113e-01 
 5.612248890858878e-08  5.980588134679113e-01 
 5.614248890858878e-08  5.980588134679113e-01 
 5.616248890858878e-08  5.980588134679112e-01 
 5.618248890858879e-08  5.980588134679112e-01 
 5.620248890858879e-08  5.980588134679113e-01 
 5.622248890858879e-08  5.980588134679113e-01 
 5.624248890858880e-08  5.980588134679113e-01 
 5.626248890858880e-08  5.980588134679113e-01 
 5.628248890858880e-08  5.980588134679113e-01 
 5.630248890858880e-08  5.980588134679113e-01 
 5.632248890858881e-08  5.980588134679113e-01 
 5.634248890858881e-08  5.980588134679113e-01 
 5.636248890858881e-08  5.980588134679112e-01 
 5.638248890858882e-08  5.980588134679112e-01 
 5.640248890858882e-08  5.980588134679113e-01 
 5.642248890858882e-08  5.980588134679113e-01 
 5.644248890858882e-08  5.980588134679113e-01 
 5.646248890858883e-08  5.980588134679113e-01 
 5.648248890858883e-08  5.980588134679113e-01 
 5.650248890858883e-08  5.980588134679112e-01 
 5.652248890858883e-08  5.980588134679112e-01 
 5.654248890858884e-08  5.980588134679113e-01 
 5.656248890858884e-08  5.980588134679113e-01 
 5.658248890858884e-08  5.980588134679113e-01 
 5.660248890858885e-08  5.980588134679113e-01 
 5.662248890858885e-08  5.980588134679113e-01 
 5.664248890858885e-08  5.980588134679113e-01 
 5.666248890858885e-08  5.980588134679113e-01 
 5.668248890858886e-08  5.980588134679113e-01 
 5.670248890858886e-08  5.980588134679113e-01 
 5.672248890858886e-08  5.980588134679113e-01 
 5.674248890858887e-08  5.980588134679113e-01 
 5.676248890858887e-08  5.980588134679113e-01 
 5.678248890858887e-08  5.980588134679113e-01 
 5.680248890858887e-08  5.980588134679113e-01 
 5.682248890858888e-08  5.980588134679113e-01 
 5.684248890858888e-08  5.980588134679113e-01 
 5.686248890858888e-08  5.980588134679113e-01 
 5.688248890858889e-08  5.980588134679113e-01 
 5.690248890858889e-08  5.980588134679113e-01 
 5.692248890858889e-08  5.980588134679113e-01 
 5.694248890858889e-08  5.980588134679113e-01 
 5.696248890858890e-08  5.980588134679113e-01 
 5.698248890858890e-08  5.980588134679113e-01 
 5.700248890858890e-08  5.980588134679113e-01 
 5.702248890858891e-08  5.980588134679113e-01 
 5.704248890858891e-08  5.980588134679113e-01 
 5.706248890858891e-08  5.980588134679113e-01 
 5.708248890858891e-08  5.980588134679113e-01 
 5.710248890858892e-08  5.980588134679113e-01 
 5.712248890858892e-08  5.980588134679113e-01 
 5.714248890858892e-08  5.980588134679113e-01 
 5.716248890858893e-08  5.980588134679113e-01 
 5.718248890858893e-08  5.980588134679113e-01 
 5.720248890858893e-08  5.980588134679113e-01 
 5.722248890858893e-08  5.980588134679113e-01 
 5.724248890858894e-08  5.980588134679112e-01 
 5.726248890858894e-08  5.980588134679112e-01 
 5.728248890858894e-08  5.980588134679113e-01 
 5.730248890858895e-08  5.980588134679113e-01 
 5.732248890858895e-08  5.980588134679113e-01 
 5.734248890858895e-08  5.980588134679113e-01 
 5.736248890858895e-08  5.980588134679113e-01 
 5.738248890858896e-08  5.980588134679113e-01 
 5.740248890858896e-08  5.980588134679113e-01 
 5.742248890858896e-08  5.980588134679113e-01 
 5.744248890858896e-08  5.980588134679113e-01 
 5.746248890858897e-08  5.980588134679113e-01 
 5.748248890858897e-08  5.980588134679113e-01 
 5.750248890858897e-08  5.980588134679113e-01 
 5.752248890858898e-08  5.980588134679112e-01 
 5.754248890858898e-08  5.980588134679112e-01 
 5.756248890858898e-08  5.980588134679113e-01 
 5.758248890858898e-08  5.980588134679113e-01 
 5.760248890858899e-08  5.980588134679112e-01 
 5.762248890858899e-08  5.980588134679112e-01 
 5.764248890858899e-08  5.980588134679113e-01 
 5.766248890858900e-08  5.980588134679113e-01 
 5.768248890858900e-08  5.980588134679113e-01 
 5.770248890858900e-08  5.980588134679113e-01 
 5.772248890858900e-08  5.980588134679112e-01 
 5.774248890858901e-08  5.980588134679112e-01 
 5.776248890858901e-08  5.980588134679113e-01 
 5.778248890858901e-08  5.980588134679113e-01 
 5.780248890858902e-08  5.980588134679113e-01 
 5.782248890858902e-08  5.980588134679113e-01 
 5.784248890858902e-08  5.980588134679113e-01 
 5.786248890858902e-08  5.980588134679113e-01 
 5.788248890858903e-08  5.980588134679113e-01 
 5.790248890858903e-08  5.980588134679113e-01 
 5.792248890858903e-08  5.980588134679113e-01 
 5.794248890858904e-08  5.980588134679113e-01 
 5.796248890858904e-08  5.980588134679113e-01 
 5.798248890858904e-08  5.980588134679113e-01 
 5.800248890858904e-08  5.980588134679113e-01 
 5.802248890858905e-08  5.980588134679113e-01 
 5.804248890858905e-08  5.980588134679113e-01 
 5.806248890858905e-08  5.980588134679113e-01 
 5.808248890858906e-08  5.980588134679113e-01 
 5.810248890858906e-08  5.980588134679113e-01 
 5.812248890858906e-08  5.980588134679113e-01 
 5.814248890858906e-08  5.980588134679113e-01 
 5.816248890858907e-08  5.980588134679113e-01 
 5.818248890858907e-08  5.980588134679113e-01 
 5.820248890858907e-08  5.980588134679112e-01 
 5.822248890858908e-08  5.980588134679112e-01 
 5.824248890858908e-08  5.980588134679113e-01 
 5.826248890858908e-08  5.980588134679113e-01 
 5.828248890858908e-08  5.980588134679113e-01 
 5.830248890858909e-08  5.980588134679113e-01 
 5.832248890858909e-08  5.980588134679113e-01 
 5.834248890858909e-08  5.980588134679113e-01 
 5.836248890858909e-08  5.980588134679113e-01 
 5.838248890858910e-08  5.980588134679113e-01 
 5.840248890858910e-08  5.980588134679113e-01 
 5.842248890858910e-08  5.980588134679113e-01 
 5.844248890858911e-08  5.980588134679112e-01 
 5.846248890858911e-08  5.980588134679112e-01 
 5.848248890858911e-08  5.980588134679113e-01 
 5.850248890858911e-08  5.980588134679113e-01 
 5.852248890858912e-08  5.980588134679113e-01 
 5.854248890858912e-08  5.980588134679113e-01 
 5.856248890858912e-08  5.980588134679113e-01 
 5.858248890858913e-08  5.980588134679113e-01 
 5.860248890858913e-08  5.980588134679113e-01 
 5.862248890858913e-08  5.980588134679113e-01 
 5.864248890858913e-08  5.980588134679113e-01 
 5.866248890858914e-08  5.980588134679113e-01 
 5.868248890858914e-08  5.980588134679113e-01 
 5.870248890858914e-08  5.980588134679113e-01 
 5.872248890858915e-08  5.980588134679113e-01 
 5.874248890858915e-08  5.980588134679113e-01 
 5.876248890858915e-08  5.980588134679113e-01 
 5.878248890858915e-08  5.980588134679113e-01 
 5.880248890858916e-08  5.980588134679113e-01 
 5.882248890858916e-08  5.980588134679113e-01 
 5.884248890858916e-08  5.980588134679113e-01 
 5.886248890858917e-08  5.980588134679113e-01 
 5.888248890858917e-08  5.980588134679113e-01 
 5.890248890858917e-08  5.980588134679113e-01 
 5.892248890858917e-08  5.980588134679113e-01 
 5.894248890858918e-08  5.980588134679113e-01 
 5.896248890858918e-08  5.980588134679113e-01 
 5.898248890858918e-08  5.980588134679113e-01 
 5.900248890858919e-08  5.980588134679112e-01 
 5.902248890858919e-08  5.980588134679112e-01 
 5.904248890858919e-08  5.980588134679113e-01 
 5.906248890858919e-08  5.980588134679113e-01 
 5.908248890858920e-08  5.980588134679113e-01 
 5.910248890858920e-08  5.980588134679113e-01 
 5.912248890858920e-08  5.980588134679113e-01 
 5.914248890858921e-08  5.980588134679113e-01 
 5.916248890858921e-08  5.980588134679113e-01 
 5.918248890858921e-08  5.980588134679113e-01 
 5.920248890858921e-08  5.980588134679112e-01 
 5.922248890858922e-08  5.980588134679112e-01 
 5.924248890858922e-08  5.980588134679113e-01 
 5.926248890858922e-08  5.980588134679113e-01 
 5.928248890858922e-08  5.980588134679113e-01 
 5.930248890858923e-08  5.980588134679113e-01 
 5.932248890858923e-08  5.980588134679113e-01 
 5.934248890858923e-08  5.980588134679112e-01 
 5.936248890858924e-08  5.980588134679112e-01 
 5.938248890858924e-08  5.980588134679113e-01 
 5.940248890858924e-08  5.980588134679112e-01 
 5.942248890858924e-08  5.980588134679112e-01 
 5.944248890858925e-08  5.980588134679113e-01 
 5.946248890858925e-08  5.980588134679113e-01 
 5.948248890858925e-08  5.980588134679113e-01 
 5.950248890858926e-08  5.980588134679113e-01 
 5.952248890858926e-08  5.980588134679112e-01 
 5.954248890858926e-08  5.980588134679112e-01 
 5.956248890858926e-08  5.980588134679113e-01 
 5.958248890858927e-08  5.980588134679113e-01 
 5.960248890858927e-08  5.980588134679112e-01 
 5.962248890858927e-08  5.980588134679112e-01 
 5.964248890858926e-08  5.980588134679113e-01 
 5.966248890858926e-08  5.980588134679113e-01 
 5.968248890858925e-08  5.980588134679113e-01 
 5.970248890858925e-08  5.980588134679113e-01 
 5.972248890858925e-08  5.980588134679112e-01 
 5.974248890858924e-08  5.980588134679112e-01 
 5.976248890858924e-08  5.980588134679113e-01 
 5.978248890858924e-08  5.980588134679113e-01 
 5.980248890858923e-08  5.980588134679113e-01 
 5.982248890858923e-08  5.980588134679113e-01 
 5.984248890858922e-08  5.980588134679113e-01 
 5.986248890858922e-08  5.980588134679113e-01 
 5.988248890858922e-08  5.980588134679113e-01 
 5.990248890858921e-08  5.980588134679113e-01 
 5.992248890858921e-08  5.980588134679113e-01 
 5.994248890858921e-08  5.980588134679113e-01 
 5.996248890858920e-08  5.980588134679113e-01 
 5.998248890858920e-08  5.980588134679113e-01 
 6.000248890858919e-08  5.980588134679113e-01 
 6.002248890858919e-08  5.980588134679113e-01 
 6.004248890858919e-08  5.980588134679113e-01 
 6.006248890858918e-08  5.980588134679113e-01 
 6.008248890858918e-08  5.980588134679112e-01 
 6.010248890858918e-08  5.980588134679112e-01 
 6.012248890858917e-08  5.980588134679113e-01 
 6.014248890858917e-08  5.980588134679113e-01 
 6.016248890858916e-08  5.980588134679112e-01 
 6.018248890858916e-08  5.980588134679112e-01 
 6.020248890858916e-08  5.980588134679113e-01 
 6.022248890858915e-08  5.980588134679113e-01 
 6.024248890858915e-08  5.980588134679113e-01 
 6.026248890858914e-08  5.980588134679113e-01 
 6.028248890858914e-08  5.980588134679113e-01 
 6.030248890858914e-08  5.980588134679113e-01 
 6.032248890858913e-08  5.980588134679112e-01 
 6.034248890858913e-08  5.980588134679112e-01 
 6.036248890858913e-08  5.980588134679113e-01 
 6.038248890858912e-08  5.980588134679113e-01 
 6.040248890858912e-08  5.980588134679113e-01 
 6.042248890858911e-08  5.980588134679113e-01 
 6.044248890858911e-08  5.980588134679113e-01 
 6.046248890858911e-08  5.980588134679113e-01 
 6.048248890858910e-08  5.980588134679113e-01 
 6.050248890858910e-08  5.980588134679113e-01 
 6.052248890858910e-08  5.980588134679113e-01 
 6.054248890858909e-08  5.980588134679113e-01 
 6.056248890858909e-08  5.980588134679113e-01 
 6.058248890858908e-08  5.980588134679113e-01 
 6.060248890858908e-08  5.980588134679113e-01 
 6.062248890858908e-08  5.980588134679113e-01 
 6.064248890858907e-08  5.980588134679113e-01 
 6.066248890858907e-08  5.980588134679113e-01 
 6.068248890858907e-08  5.980588134679113e-01 
 6.070248890858906e-08  5.980588134679113e-01 
 6.072248890858906e-08  5.980588134679112e-01 
 6.074248890858905e-08  5.980588134679112e-01 
 6.076248890858905e-08  5.980588134679113e-01 
 6.078248890858905e-08  5.980588134679113e-01 
 6.080248890858904e-08  5.980588134679113e-01 
 6.082248890858904e-08  5.980588134679113e-01 
 6.084248890858903e-08  5.980588134679113e-01 
 6.086248890858903e-08  5.980588134679113e-01 
 6.088248890858903e-08  5.980588134679113e-01 
 6.090248890858902e-08  5.980588134679113e-01 
 6.092248890858902e-08  5.980588134679113e-01 
 6.094248890858902e-08  5.980588134679113e-01 
 6.096248890858901e-08  5.980588134679113e-01 
 6.098248890858901e-08  5.980588134679113e-01 
 6.100248890858900e-08  5.980588134679113e-01 
 6.102248890858900e-08  5.980588134679113e-01 
 6.104248890858900e-08  5.980588134679113e-01 
 6.106248890858899e-08  5.980588134679113e-01 
 6.108248890858899e-08  5.980588134679113e-01 
 6.110248890858899e-08  5.980588134679113e-01 
 6.112248890858898e-08  5.980588134679113e-01 
 6.114248890858898e-08  5.980588134679112e-01 
 6.116248890858897e-08  5.980588134679112e-01 
 6.118248890858897e-08  5.980588134679113e-01 
 6.120248890858897e-08  5.980588134679112e-01 
 6.122248890858896e-08  5.980588134679112e-01 
 6.124248890858896e-08  5.980588134679113e-01 
 6.126248890858896e-08  5.980588134679113e-01 
 6.128248890858895e-08  5.980588134679113e-01 
 6.130248890858895e-08  5.980588134679113e-01 
 6.132248890858894e-08  5.980588134679113e-01 
 6.134248890858894e-08  5.980588134679113e-01 
 6.136248890858894e-08  5.980588134679113e-01 
 6.138248890858893e-08  5.980588134679113e-01 
 6.140248890858893e-08  5.980588134679113e-01 
 6.142248890858893e-08  5.980588134679113e-01 
 6.144248890858892e-08  5.980588134679113e-01 
 6.146248890858892e-08  5.980588134679113e-01 
 6.148248890858891e-08  5.980588134679113e-01 
 6.150248890858891e-08  5.980588134679113e-01 
 6.152248890858891e-08  5.980588134679113e-01 
 6.154248890858890e-08  5.980588134679113e-01 
 6.156248890858890e-08  5.980588134679113e-01 
 6.158248890858889e-08  5.980588134679113e-01 
 6.160248890858889e-08  5.980588134679113e-01 
 6.162248890858889e-08  5.980588134679113e-01 
 6.164248890858888e-08  5.980588134679113e-01 
 6.166248890858888e-08  5.980588134679113e-01 
 6.168248890858888e-08  5.980588134679113e-01 
 6.170248890858887e-08  5.980588134679113e-01 
 6.172248890858887e-08  5.980588134679113e-01 
 6.174248890858886e-08  5.980588134679113e-01 
 6.176248890858886e-08  5.980588134679113e-01 
 6.178248890858886e-08  5.980588134679113e-01 
 6.180248890858885e-08  5.980588134679112e-01 
 6.182248890858885e-08  5.980588134679112e-01 
 6.184248890858885e-08  5.980588134679113e-01 
 6.186248890858884e-08  5.980588134679113e-01 
 6.188248890858884e-08  5.980588134679112e-01 
 6.190248890858883e-08  5.980588134679112e-01 
 6.192248890858883e-08  5.980588134679113e-01 
 6.194248890858883e-08  5.980588134679113e-01 
 6.196248890858882e-08  5.980588134679113e-01 
 6.198248890858882e-08  5.980588134679113e-01 
 6.200248890858882e-08  5.980588134679112e-01 
 6.202248890858881e-08  5.980588134679112e-01 
 6.204248890858881e-08  5.980588134679113e-01 
 6.206248890858880e-08  5.980588134679113e-01 
 6.208248890858880e-08  5.980588134679113e-01 
 6.210248890858880e-08  5.980588134679113e-01 
 6.212248890858879e-08  5.980588134679113e-01 
 6.214248890858879e-08  5.980588134679113e-01 
 6.216248890858878e-08  5.980588134679113e-01 
 6.218248890858878e-08  5.980588134679112e-01 
 6.220248890858878e-08  5.980588134679112e-01 
 6.222248890858877e-08  5.980588134679113e-01 
 6.224248890858877e-08  5.980588134679113e-01 
 6.226248890858877e-08  5.980588134679113e-01 
 6.228248890858876e-08  5.980588134679113e-01 
 6.230248890858876e-08  5.980588134679113e-01 
 6.232248890858875e-08  5.980588134679113e-01 
 6.234248890858875e-08  5.980588134679113e-01 
 6.236248890858875e-08  5.980588134679113e-01 
 6.238248890858874e-08  5.980588134679113e-01 
 6.240248890858874e-08  5.980588134679113e-01 
 6.242248890858874e-08  5.980588134679113e-01 
 6.244248890858873e-08  5.980588134679113e-01 
 6.246248890858873e-08  5.980588134679113e-01 
 6.248248890858872e-08  5.980588134679113e-01 
 6.250248890858872e-08  5.980588134679113e-01 
 6.252248890858872e-08  5.980588134679113e-01 
 6.254248890858871e-08  5.980588134679113e-01 
 6.256248890858871e-08  5.980588134679113e-01 
 6.258248890858871e-08  5.980588134679113e-01 
 6.260248890858870e-08  5.980588134679113e-01 
 6.262248890858870e-08  5.980588134679113e-01 
 6.264248890858869e-08  5.980588134679113e-01 
 6.266248890858869e-08  5.980588134679113e-01 
 6.268248890858869e-08  5.980588134679113e-01 
 6.270248890858868e-08  5.980588134679113e-01 
 6.272248890858868e-08  5.980588134679113e-01 
 6.274248890858867e-08  5.980588134679113e-01 
 6.276248890858867e-08  5.980588134679113e-01 
 6.278248890858867e-08  5.980588134679113e-01 
 6.280248890858866e-08  5.980588134679113e-01 
 6.282248890858866e-08  5.980588134679113e-01 
 6.284248890858866e-08  5.980588134679113e-01 
 6.286248890858865e-08  5.980588134679113e-01 
 6.288248890858865e-08  5.980588134679113e-01 
 6.290248890858864e-08  5.980588134679113e-01 
 6.292248890858864e-08  5.980588134679113e-01 
 6.294248890858864e-08  5.980588134679113e-01 
 6.296248890858863e-08  5.980588134679113e-01 
 6.298248890858863e-08  5.980588134679113e-01 
 6.300248890858863e-08  5.980588134679113e-01 
 6.302248890858862e-08  5.980588134679113e-01 
 6.304248890858862e-08  5.980588134679113e-01 
 6.306248890858861e-08  5.980588134679113e-01 
 6.308248890858861e-08  5.980588134679113e-01 
 6.310248890858861e-08  5.980588134679113e-01 
 6.312248890858860e-08  5.980588134679113e-01 
 6.314248890858860e-08  5.980588134679113e-01 
 6.316248890858860e-08  5.980588134679113e-01 
 6.318248890858859e-08  5.980588134679113e-01 
 6.320248890858859e-08  5.980588134679113e-01 
 6.322248890858858e-08  5.980588134679113e-01 
 6.324248890858858e-08  5.980588134679113e-01 
 6.326248890858858e-08  5.980588134679113e-01 
 6.328248890858857e-08  5.980588134679113e-01 
 6.330248890858857e-08  5.980588134679113e-01 
 6.332248890858856e-08  5.980588134679113e-01 
 6.334248890858856e-08  5.980588134679113e-01 
 6.336248890858856e-08  5.980588134679113e-01 
 6.338248890858855e-08  5.980588134679113e-01 
 6.340248890858855e-08  5.980588134679113e-01 
 6.342248890858855e-08  5.980588134679113e-01 
 6.344248890858854e-08  5.980588134679113e-01 
 6.346248890858854e-08  5.980588134679113e-01 
 6.348248890858853e-08  5.980588134679113e-01 
 6.350248890858853e-08  5.980588134679113e-01 
 6.352248890858853e-08  5.980588134679113e-01 
 6.354248890858852e-08  5.980588134679113e-01 
 6.356248890858852e-08  5.980588134679113e-01 
 6.358248890858852e-08  5.980588134679113e-01 
 6.360248890858851e-08  5.980588134679113e-01 
 6.362248890858851e-08  5.980588134679113e-01 
 6.364248890858850e-08  5.980588134679113e-01 
 6.366248890858850e-08  5.980588134679113e-01 
 6.368248890858850e-08  5.980588134679113e-01 
 6.370248890858849e-08  5.980588134679113e-01 
 6.372248890858849e-08  5.980588134679112e-01 
 6.374248890858849e-08  5.980588134679112e-01 
 6.376248890858848e-08  5.980588134679113e-01 
 6.378248890858848e-08  5.980588134679113e-01 
 6.380248890858847e-08  5.980588134679113e-01 
 6.382248890858847e-08  5.980588134679113e-01 
 6.384248890858847e-08  5.980588134679113e-01 
 6.386248890858846e-08  5.980588134679113e-01 
 6.388248890858846e-08  5.980588134679113e-01 
 6.390248890858845e-08  5.980588134679113e-01 
 6.392248890858845e-08  5.980588134679113e-01 
 6.394248890858845e-08  5.980588134679113e-01 
 6.396248890858844e-08  5.980588134679113e-01 
 6.398248890858844e-08  5.980588134679113e-01 
 6.400248890858844e-08  5.980588134679113e-01 
 6.402248890858843e-08  5.980588134679113e-01 
 6.404248890858843e-08  5.980588134679113e-01 
 6.406248890858842e-08  5.980588134679113e-01 
 6.408248890858842e-08  5.980588134679112e-01 
 6.410248890858842e-08  5.980588134679112e-01 
 6.412248890858841e-08  5.980588134679113e-01 
 6.414248890858841e-08  5.980588134679113e-01 
 6.416248890858841e-08  5.980588134679112e-01 
 6.418248890858840e-08  5.980588134679112e-01 
 6.420248890858840e-08  5.980588134679113e-01 
 6.422248890858839e-08  5.980588134679113e-01 
 6.424248890858839e-08  5.980588134679113e-01 
 6.426248890858839e-08  5.980588134679113e-01 
 6.428248890858838e-08  5.980588134679113e-01 
 6.430248890858838e-08  5.980588134679113e-01 
 6.432248890858838e-08  5.980588134679113e-01 
 6.434248890858837e-08  5.980588134679113e-01 
 6.436248890858837e-08  5.980588134679113e-01 
 6.438248890858836e-08  5.980588134679113e-01 
 6.440248890858836e-08  5.980588134679113e-01 
 6.442248890858836e-08  5.980588134679113e-01 
 6.444248890858835e-08  5.980588134679113e-01 
 6.446248890858835e-08  5.980588134679113e-01 
 6.448248890858834e-08  5.980588134679113e-01 
 6.450248890858834e-08  5.980588134679113e-01 
 6.452248890858834e-08  5.980588134679113e-01 
 6.454248890858833e-08  5.980588134679113e-01 
 6.456248890858833e-08  5.980588134679113e-01 
 6.458248890858833e-08  5.980588134679113e-01 
 6.460248890858832e-08  5.980588134679113e-01 
 6.462248890858832e-08  5.980588134679112e-01 
 6.464248890858831e-08  5.980588134679112e-01 
 6.466248890858831e-08  5.980588134679113e-01 
 6.468248890858831e-08  5.980588134679113e-01 
 6.470248890858830e-08  5.980588134679113e-01 
 6.472248890858830e-08  5.980588134679113e-01 
 6.474248890858830e-08  5.980588134679113e-01 
 6.476248890858829e-08  5.980588134679113e-01 
 6.478248890858829e-08  5.980588134679113e-01 
 6.480248890858828e-08  5.980588134679112e-01 
 6.482248890858828e-08  5.980588134679112e-01 
 6.484248890858828e-08  5.980588134679113e-01 
 6.486248890858827e-08  5.980588134679113e-01 
 6.488248890858827e-08  5.980588134679113e-01 
 6.490248890858827e-08  5.980588134679113e-01 
 6.492248890858826e-08  5.980588134679113e-01 
 6.494248890858826e-08  5.980588134679113e-01 
 6.496248890858825e-08  5.980588134679113e-01 
 6.498248890858825e-08  5.980588134679113e-01 
 6.500248890858825e-08  5.980588134679113e-01 
 6.502248890858824e-08  5.980588134679113e-01 
 6.504248890858824e-08  5.980588134679113e-01 
 6.506248890858824e-08  5.980588134679113e-01 
 6.508248890858823e-08  5.980588134679113e-01 
 6.510248890858823e-08  5.980588134679113e-01 
 6.512248890858822e-08  5.980588134679113e-01 
 6.514248890858822e-08  5.980588134679113e-01 
 6.516248890858822e-08  5.980588134679113e-01 
 6.518248890858821e-08  5.980588134679113e-01 
 6.520248890858821e-08  5.980588134679113e-01 
 6.522248890858820e-08  5.980588134679113e-01 
 6.524248890858820e-08  5.980588134679113e-01 
 6.526248890858820e-08  5.980588134679113e-01 
 6.528248890858819e-08  5.980588134679113e-01 
 6.530248890858819e-08  5.980588134679113e-01 
 6.532248890858819e-08  5.980588134679113e-01 
 6.534248890858818e-08  5.980588134679113e-01 
 6.536248890858818e-08  5.980588134679113e-01 
 6.538248890858817e-08  5.980588134679113e-01 
 6.540248890858817e-08  5.980588134679113e-01 
 6.542248890858817e-08  5.980588134679113e-01 
 6.544248890858816e-08  5.980588134679113e-01 
 6.546248890858816e-08  5.980588134679113e-01 
 6.548248890858816e-08  5.980588134679112e-01 
 6.550248890858815e-08  5.980588134679112e-01 
 6.552248890858815e-08  5.980588134679113e-01 
 6.554248890858814e-08  5.980588134679113e-01 
 6.556248890858814e-08  5.980588134679113e-01 
 6.558248890858814e-08  5.980588134679113e-01 
 6.560248890858813e-08  5.980588134679113e-01 
 6.562248890858813e-08  5.980588134679113e-01 
 6.564248890858813e-08  5.980588134679113e-01 
 6.566248890858812e-08  5.980588134679113e-01 
 6.568248890858812e-08  5.980588134679113e-01 
 6.570248890858811e-08  5.980588134679113e-01 
 6.572248890858811e-08  5.980588134679113e-01 
 6.574248890858811e-08  5.980588134679113e-01 
 6.576248890858810e-08  5.980588134679113e-01 
 6.578248890858810e-08  5.980588134679113e-01 
 6.580248890858809e-08  5.980588134679113e-01 
 6.582248890858809e-08  5.980588134679113e-01 
 6.584248890858809e-08  5.980588134679113e-01 
 6.586248890858808e-08  5.980588134679113e-01 
 6.588248890858808e-08  5.980588134679113e-01 
 6.590248890858808e-08  5.980588134679113e-01 
 6.592248890858807e-08  5.980588134679113e-01 
 6.594248890858807e-08  5.980588134679113e-01 
 6.596248890858806e-08  5.980588134679112e-01 
 6.598248890858806e-08  5.980588134679112e-01 
 6.600248890858806e-08  5.980588134679113e-01 
 6.602248890858805e-08  5.980588134679113e-01 
 6.604248890858805e-08  5.980588134679113e-01 
 6.606248890858805e-08  5.980588134679113e-01 
 6.608248890858804e-08  5.980588134679112e-01 
 6.610248890858804e-08  5.980588134679112e-01 
 6.612248890858803e-08  5.980588134679113e-01 
 6.614248890858803e-08  5.980588134679113e-01 
 6.616248890858803e-08  5.980588134679113e-01 
 6.618248890858802e-08  5.980588134679113e-01 
 6.620248890858802e-08  5.980588134679113e-01 
 6.622248890858802e-08  5.980588134679113e-01 
 6.624248890858801e-08  5.980588134679113e-01 
 6.626248890858801e-08  5.980588134679113e-01 
 6.628248890858800e-08  5.980588134679113e-01 
 6.630248890858800e-08  5.980588134679113e-01 
 6.632248890858800e-08  5.980588134679112e-01 
 6.634248890858799e-08  5.980588134679112e-01 
 6.636248890858799e-08  5.980588134679113e-01 
 6.638248890858798e-08  5.980588134679113e-01 
 6.640248890858798e-08  5.980588134679113e-01 
 6.642248890858798e-08  5.980588134679113e-01 
 6.644248890858797e-08  5.980588134679113e-01 
 6.646248890858797e-08  5.980588134679113e-01 
 6.648248890858797e-08  5.980588134679113e-01 
 6.650248890858796e-08  5.980588134679113e-01 
 6.652248890858796e-08  5.980588134679113e-01 
 6.654248890858795e-08  5.980588134679113e-01 
 6.656248890858795e-08  5.980588134679113e-01 
 6.658248890858795e-08  5.980588134679113e-01 
 6.660248890858794e-08  5.980588134679113e-01 
 6.662248890858794e-08  5.980588134679113e-01 
 6.664248890858794e-08  5.980588134679113e-01 
 6.666248890858793e-08  5.980588134679113e-01 
 6.668248890858793e-08  5.980588134679113e-01 
 6.670248890858792e-08  5.980588134679113e-01 
 6.672248890858792e-08  5.980588134679113e-01 
 6.674248890858792e-08  5.980588134679113e-01 
 6.676248890858791e-08  5.980588134679113e-01 
 6.678248890858791e-08  5.980588134679113e-01 
 6.680248890858791e-08  5.980588134679113e-01 
 6.682248890858790e-08  5.980588134679113e-01 
 6.684248890858790e-08  5.980588134679113e-01 
 6.686248890858789e-08  5.980588134679113e-01 
 6.688248890858789e-08  5.980588134679113e-01 
 6.690248890858789e-08  5.980588134679113e-01 
 6.692248890858788e-08  5.980588134679113e-01 
 6.694248890858788e-08  5.980588134679113e-01 
 6.696248890858787e-08  5.980588134679113e-01 
 6.698248890858787e-08  5.980588134679113e-01 
 6.700248890858787e-08  5.980588134679113e-01 
 6.702248890858786e-08  5.980588134679113e-01 
 6.704248890858786e-08  5.980588134679113e-01 
 6.706248890858786e-08  5.980588134679113e-01 
 6.708248890858785e-08  5.980588134679113e-01 
 6.710248890858785e-08  5.980588134679113e-01 
 6.712248890858784e-08  5.980588134679113e-01 
 6.714248890858784e-08  5.980588134679113e-01 
 6.716248890858784e-08  5.980588134679113e-01 
 6.718248890858783e-08  5.980588134679113e-01 
 6.720248890858783e-08  5.980588134679113e-01 
 6.722248890858783e-08  5.980588134679113e-01 
 6.724248890858782e-08  5.980588134679113e-01 
 6.726248890858782e-08  5.980588134679113e-01 
 6.728248890858781e-08  5.980588134679113e-01 
 6.730248890858781e-08  5.980588134679113e-01 
 6.732248890858781e-08  5.980588134679113e-01 
 6.734248890858780e-08  5.980588134679113e-01 
 6.736248890858780e-08  5.980588134679113e-01 
 6.738248890858780e-08  5.980588134679113e-01 
 6.740248890858779e-08  5.980588134679113e-01 
 6.742248890858779e-08  5.980588134679113e-01 
 6.744248890858778e-08  5.980588134679113e-01 
 6.746248890858778e-08  5.980588134679113e-01 
 6.748248890858778e-08  5.980588134679113e-01 
 6.750248890858777e-08  5.980588134679113e-01 
 6.752248890858777e-08  5.980588134679113e-01 
 6.754248890858776e-08  5.980588134679113e-01 
 6.756248890858776e-08  5.980588134679113e-01 
 6.758248890858776e-08  5.980588134679113e-01 
 6.760248890858775e-08  5.980588134679113e-01 
 6.762248890858775e-08  5.980588134679113e-01 
 6.764248890858775e-08  5.980588134679113e-01 
 6.766248890858774e-08  5.980588134679113e-01 
 6.768248890858774e-08  5.980588134679113e-01 
 6.770248890858773e-08  5.980588134679113e-01 
 6.772248890858773e-08  5.980588134679113e-01 
 6.774248890858773e-08  5.980588134679113e-01 
 6.776248890858772e-08  5.980588134679113e-01 
 6.778248890858772e-08  5.980588134679113e-01 
 6.780248890858772e-08  5.980588134679113e-01 
 6.782248890858771e-08  5.980588134679113e-01 
 6.784248890858771e-08  5.980588134679113e-01 
 6.786248890858770e-08  5.980588134679113e-01 
 6.788248890858770e-08  5.980588134679113e-01 
 6.790248890858770e-08  5.980588134679113e-01 
 6.792248890858769e-08  5.980588134679113e-01 
 6.794248890858769e-08  5.980588134679113e-01 
 6.796248890858769e-08  5.980588134679113e-01 
 6.798248890858768e-08  5.980588134679113e-01 
 6.800248890858768e-08  5.980588134679113e-01 
 6.802248890858767e-08  5.980588134679113e-01 
 6.804248890858767e-08  5.980588134679113e-01 
 6.806248890858767e-08  5.980588134679113e-01 
 6.808248890858766e-08  5.980588134679113e-01 
 6.810248890858766e-08  5.980588134679113e-01 
 6.812248890858765e-08  5.980588134679113e-01 
 6.814248890858765e-08  5.980588134679113e-01 
 6.816248890858765e-08  5.980588134679113e-01 
 6.818248890858764e-08  5.980588134679113e-01 
 6.820248890858764e-08  5.980588134679113e-01 
 6.822248890858764e-08  5.980588134679113e-01 
 6.824248890858763e-08  5.980588134679113e-01 
 6.826248890858763e-08  5.980588134679113e-01 
 6.828248890858762e-08  5.980588134679113e-01 
 6.830248890858762e-08  5.980588134679113e-01 
 6.832248890858762e-08  5.980588134679113e-01 
 6.834248890858761e-08  5.980588134679113e-01 
 6.836248890858761e-08  5.980588134679113e-01 
 6.838248890858761e-08  5.980588134679113e-01 
 6.840248890858760e-08  5.980588134679113e-01 
 6.842248890858760e-08  5.980588134679113e-01 
 6.844248890858759e-08  5.980588134679113e-01 
 6.846248890858759e-08  5.980588134679113e-01 
 6.848248890858759e-08  5.980588134679113e-01 
 6.850248890858758e-08  5.980588134679113e-01 
 6.852248890858758e-08  5.980588134679113e-01 
 6.854248890858758e-08  5.980588134679113e-01 
 6.856248890858757e-08  5.980588134679113e-01 
 6.858248890858757e-08  5.980588134679113e-01 
 6.860248890858756e-08  5.980588134679113e-01 
 6.862248890858756e-08  5.980588134679113e-01 
 6.864248890858756e-08  5.980588134679113e-01 
 6.866248890858755e-08  5.980588134679113e-01 
 6.868248890858755e-08  5.980588134679113e-01 
 6.870248890858754e-08  5.980588134679113e-01 
 6.872248890858754e-08  5.980588134679113e-01 
 6.874248890858754e-08  5.980588134679113e-01 
 6.876248890858753e-08  5.980588134679113e-01 
 6.878248890858753e-08  5.980588134679113e-01 
 6.880248890858753e-08  5.980588134679113e-01 
 6.882248890858752e-08  5.980588134679113e-01 
 6.884248890858752e-08  5.980588134679113e-01 
 6.886248890858751e-08  5.980588134679113e-01 
 6.888248890858751e-08  5.980588134679113e-01 
 6.890248890858751e-08  5.980588134679113e-01 
 6.892248890858750e-08  5.980588134679113e-01 
 6.894248890858750e-08  5.980588134679113e-01 
 6.896248890858750e-08  5.980588134679113e-01 
 6.898248890858749e-08  5.980588134679113e-01 
 6.900248890858749e-08  5.980588134679113e-01 
 6.902248890858748e-08  5.980588134679113e-01 
 6.904248890858748e-08  5.980588134679113e-01 
 6.906248890858748e-08  5.980588134679113e-01 
 6.908248890858747e-08  5.980588134679113e-01 
 6.910248890858747e-08  5.980588134679113e-01 
 6.912248890858747e-08  5.980588134679113e-01 
 6.914248890858746e-08  5.980588134679113e-01 
 6.916248890858746e-08  5.980588134679113e-01 
 6.918248890858745e-08  5.980588134679113e-01 
 6.920248890858745e-08  5.980588134679113e-01 
 6.922248890858745e-08  5.980588134679113e-01 
 6.924248890858744e-08  5.980588134679113e-01 
 6.926248890858744e-08  5.980588134679113e-01 
 6.928248890858744e-08  5.980588134679113e-01 
 6.930248890858743e-08  5.980588134679113e-01 
 6.932248890858743e-08  5.980588134679113e-01 
 6.934248890858742e-08  5.980588134679113e-01 
 6.936248890858742e-08  5.980588134679113e-01 
 6.938248890858742e-08  5.980588134679113e-01 
 6.940248890858741e-08  5.980588134679113e-01 
 6.942248890858741e-08  5.980588134679113e-01 
 6.944248890858740e-08  5.980588134679113e-01 
 6.946248890858740e-08  5.980588134679113e-01 
 6.948248890858740e-08  5.980588134679113e-01 
 6.950248890858739e-08  5.980588134679113e-01 
 6.952248890858739e-08  5.980588134679113e-01 
 6.954248890858739e-08  5.980588134679113e-01 
 6.956248890858738e-08  5.980588134679113e-01 
 6.958248890858738e-08  5.980588134679113e-01 
 6.960248890858737e-08  5.980588134679113e-01 
 6.962248890858737e-08  5.980588134679113e-01 
 6.964248890858737e-08  5.980588134679113e-01 
 6.966248890858736e-08  5.980588134679113e-01 
 6.968248890858736e-08  5.980588134679113e-01 
 6.970248890858736e-08  5.980588134679113e-01 
 6.972248890858735e-08  5.980588134679113e-01 
 6.974248890858735e-08  5.980588134679113e-01 
 6.976248890858734e-08  5.980588134679113e-01 
 6.978248890858734e-08  5.980588134679113e-01 
 6.980248890858734e-08  5.980588134679113e-01 
 6.982248890858733e-08  5.980588134679113e-01 
 6.984248890858733e-08  5.980588134679113e-01 
 6.986248890858733e-08  5.980588134679113e-01 
 6.988248890858732e-08  5.980588134679113e-01 
 6.990248890858732e-08  5.980588134679113e-01 
 6.992248890858731e-08  5.980588134679113e-01 
 6.994248890858731e-08  5.980588134679113e-01 
 6.996248890858731e-08  5.980588134679113e-01 
 6.998248890858730e-08  5.980588134679113e-01 
 7.000248890858730e-08  5.980588134679113e-01 
 7.002248890858729e-08  5.980588134679113e-01 
 7.004248890858729e-08  5.980588134679113e-01 
 7.006248890858729e-08  5.980588134679113e-01 
 7.008248890858728e-08  5.980588134679113e-01 
 7.010248890858728e-08  5.980588134679113e-01 
 7.012248890858728e-08  5.980588134679113e-01 
 7.014248890858727e-08  5.980588134679113e-01 
 7.016248890858727e-08  5.980588134679113e-01 
 7.018248890858726e-08  5.980588134679113e-01 
 7.020248890858726e-08  5.980588134679113e-01 
 7.022248890858726e-08  5.980588134679113e-01 
 7.024248890858725e-08  5.980588134679113e-01 
 7.026248890858725e-08  5.980588134679113e-01 
 7.028248890858725e-08  5.980588134679113e-01 
 7.030248890858724e-08  5.980588134679113e-01 
 7.032248890858724e-08  5.980588134679113e-01 
 7.034248890858723e-08  5.980588134679113e-01 
 7.036248890858723e-08  5.980588134679113e-01 
 7.038248890858723e-08  5.980588134679113e-01 
 7.040248890858722e-08  5.980588134679113e-01 
 7.042248890858722e-08  5.980588134679113e-01 
 7.044248890858722e-08  5.980588134679113e-01 
 7.046248890858721e-08  5.980588134679113e-01 
 7.048248890858721e-08  5.980588134679113e-01 
 7.050248890858720e-08  5.980588134679113e-01 
 7.052248890858720e-08  5.980588134679113e-01 
 7.054248890858720e-08  5.980588134679113e-01 
 7.056248890858719e-08  5.980588134679113e-01 
 7.058248890858719e-08  5.980588134679113e-01 
 7.060248890858718e-08  5.980588134679113e-01 
 7.062248890858718e-08  5.980588134679113e-01 
 7.064248890858718e-08  5.980588134679113e-01 
 7.066248890858717e-08  5.980588134679113e-01 
 7.068248890858717e-08  5.980588134679113e-01 
 7.070248890858717e-08  5.980588134679113e-01 
 7.072248890858716e-08  5.980588134679113e-01 
 7.074248890858716e-08  5.980588134679113e-01 
 7.076248890858715e-08  5.980588134679113e-01 
 7.078248890858715e-08  5.980588134679113e-01 
 7.080248890858715e-08  5.980588134679113e-01 
 7.082248890858714e-08  5.980588134679113e-01 
 7.084248890858714e-08  5.980588134679113e-01 
 7.086248890858714e-08  5.980588134679113e-01 
 7.088248890858713e-08  5.980588134679113e-01 
 7.090248890858713e-08  5.980588134679113e-01 
 7.092248890858712e-08  5.980588134679113e-01 
 7.094248890858712e-08  5.980588134679113e-01 
 7.096248890858712e-08  5.980588134679113e-01 
 7.098248890858711e-08  5.980588134679113e-01 
 7.100248890858711e-08  5.980588134679113e-01 
 7.102248890858711e-08  5.980588134679113e-01 
 7.104248890858710e-08  5.980588134679113e-01 
 7.106248890858710e-08  5.980588134679113e-01 
 7.108248890858709e-08  5.980588134679113e-01 
 7.110248890858709e-08  5.980588134679113e-01 
 7.112248890858709e-08  5.980588134679113e-01 
 7.114248890858708e-08  5.980588134679113e-01 
 7.116248890858708e-08  5.980588134679113e-01 
 7.118248890858707e-08  5.980588134679113e-01 
 7.120248890858707e-08  5.980588134679113e-01 
 7.122248890858707e-08  5.980588134679113e-01 
 7.124248890858706e-08  5.980588134679113e-01 
 7.126248890858706e-08  5.980588134679113e-01 
 7.128248890858706e-08  5.980588134679113e-01 
 7.130248890858705e-08  5.980588134679113e-01 
 7.132248890858705e-08  5.980588134679113e-01 
 7.134248890858704e-08  5.980588134679113e-01 
 7.136248890858704e-08  5.980588134679113e-01 
 7.138248890858704e-08  5.980588134679113e-01 
 7.140248890858703e-08  5.980588134679113e-01 
 7.142248890858703e-08  5.980588134679113e-01 
 7.144248890858703e-08  5.980588134679113e-01 
 7.146248890858702e-08  5.980588134679113e-01 
 7.148248890858702e-08  5.980588134679113e-01 
 7.150248890858701e-08  5.980588134679113e-01 
 7.152248890858701e-08  5.980588134679113e-01 
 7.154248890858701e-08  5.980588134679113e-01 
 7.156248890858700e-08  5.980588134679113e-01 
 7.158248890858700e-08  5.980588134679113e-01 
 7.160248890858700e-08  5.980588134679113e-01 
 7.162248890858699e-08  5.980588134679113e-01 
 7.164248890858699e-08  5.980588134679113e-01 
 7.166248890858698e-08  5.980588134679113e-01 
 7.168248890858698e-08  5.980588134679113e-01 
 7.170248890858698e-08  5.980588134679113e-01 
 7.172248890858697e-08  5.980588134679113e-01 
 7.174248890858697e-08  5.980588134679113e-01 
 7.176248890858696e-08  5.980588134679113e-01 
 7.178248890858696e-08  5.980588134679113e-01 
 7.180248890858696e-08  5.980588134679113e-01 
 7.182248890858695e-08  5.980588134679113e-01 
 7.184248890858695e-08  5.980588134679113e-01 
 7.186248890858695e-08  5.980588134679113e-01 
 7.188248890858694e-08  5.980588134679113e-01 
 7.190248890858694e-08  5.980588134679113e-01 
 7.192248890858693e-08  5.980588134679113e-01 
 7.194248890858693e-08  5.980588134679113e-01 
 7.196248890858693e-08  5.980588134679113e-01 
 7.198248890858692e-08  5.980588134679113e-01 
 7.200248890858692e-08  5.980588134679113e-01 
 7.202248890858692e-08  5.980588134679113e-01 
 7.204248890858691e-08  5.980588134679113e-01 
 7.206248890858691e-08  5.980588134679113e-01 
 7.208248890858690e-08  5.980588134679113e-01 
 7.210248890858690e-08  5.980588134679113e-01 
 7.212248890858690e-08  5.980588134679113e-01 
 7.214248890858689e-08  5.980588134679113e-01 
 7.216248890858689e-08  5.980588134679113e-01 
 7.218248890858689e-08  5.980588134679113e-01 
 7.220248890858688e-08  5.980588134679113e-01 
 7.222248890858688e-08  5.980588134679113e-01 
 7.224248890858687e-08  5.980588134679113e-01 
 7.226248890858687e-08  5.980588134679113e-01 
 7.228248890858687e-08  5.980588134679113e-01 
 7.230248890858686e-08  5.980588134679113e-01 
 7.232248890858686e-08  5.980588134679113e-01 
 7.234248890858685e-08  5.980588134679113e-01 
 7.236248890858685e-08  5.980588134679113e-01 
 7.238248890858685e-08  5.980588134679113e-01 
 7.240248890858684e-08  5.980588134679113e-01 
 7.242248890858684e-08  5.980588134679113e-01 
 7.244248890858684e-08  5.980588134679113e-01 
 7.246248890858683e-08  5.980588134679113e-01 
 7.248248890858683e-08  5.980588134679113e-01 
 7.250248890858682e-08  5.980588134679113e-01 
 7.252248890858682e-08  5.980588134679113e-01 
 7.254248890858682e-08  5.980588134679113e-01 
 7.256248890858681e-08  5.980588134679113e-01 
 7.258248890858681e-08  5.980588134679113e-01 
 7.260248890858681e-08  5.980588134679113e-01 
 7.262248890858680e-08  5.980588134679113e-01 
 7.264248890858680e-08  5.980588134679113e-01 
 7.266248890858679e-08  5.980588134679113e-01 
 7.268248890858679e-08  5.980588134679113e-01 
 7.270248890858679e-08  5.980588134679113e-01 
 7.272248890858678e-08  5.980588134679113e-01 
 7.274248890858678e-08  5.980588134679113e-01 
 7.276248890858678e-08  5.980588134679113e-01 
 7.278248890858677e-08  5.980588134679113e-01 
 7.280248890858677e-08  5.980588134679113e-01 
 7.282248890858676e-08  5.980588134679113e-01 
 7.284248890858676e-08  5.980588134679113e-01 
 7.286248890858676e-08  5.980588134679113e-01 
 7.288248890858675e-08  5.980588134679113e-01 
 7.290248890858675e-08  5.980588134679113e-01 
 7.292248890858674e-08  5.980588134679113e-01 
 7.294248890858674e-08  5.980588134679113e-01 
 7.296248890858674e-08  5.980588134679113e-01 
 7.298248890858673e-08  5.980588134679113e-01 
 7.300248890858673e-08  5.980588134679113e-01 
 7.302248890858673e-08  5.980588134679113e-01 
 7.304248890858672e-08  5.980588134679113e-01 
 7.306248890858672e-08  5.980588134679113e-01 
 7.308248890858671e-08  5.980588134679113e-01 
 7.310248890858671e-08  5.980588134679113e-01 
 7.312248890858671e-08  5.980588134679113e-01 
 7.314248890858670e-08  5.980588134679113e-01 
 7.316248890858670e-08  5.980588134679113e-01 
 7.318248890858670e-08  5.980588134679113e-01 
 7.320248890858669e-08  5.980588134679113e-01 
 7.322248890858669e-08  5.980588134679113e-01 
 7.324248890858668e-08  5.980588134679113e-01 
 7.326248890858668e-08  5.980588134679113e-01 
 7.328248890858668e-08  5.980588134679113e-01 
 7.330248890858667e-08  5.980588134679113e-01 
 7.332248890858667e-08  5.980588134679113e-01 
 7.334248890858667e-08  5.980588134679113e-01 
 7.336248890858666e-08  5.980588134679113e-01 
 7.338248890858666e-08  5.980588134679113e-01 
 7.340248890858665e-08  5.980588134679113e-01 
 7.342248890858665e-08  5.980588134679113e-01 
 7.344248890858665e-08  5.980588134679113e-01 
 7.346248890858664e-08  5.980588134679113e-01 
 7.348248890858664e-08  5.980588134679113e-01 
 7.350248890858664e-08  5.980588134679113e-01 
 7.352248890858663e-08  5.980588134679113e-01 
 7.354248890858663e-08  5.980588134679113e-01 
 7.356248890858662e-08  5.980588134679113e-01 
 7.358248890858662e-08  5.980588134679113e-01 
 7.360248890858662e-08  5.980588134679113e-01 
 7.362248890858661e-08  5.980588134679113e-01 
 7.364248890858661e-08  5.980588134679113e-01 
 7.366248890858660e-08  5.980588134679113e-01 
 7.368248890858660e-08  5.980588134679113e-01 
 7.370248890858660e-08  5.980588134679113e-01 
 7.372248890858659e-08  5.980588134679113e-01 
 7.374248890858659e-08  5.980588134679113e-01 
 7.376248890858659e-08  5.980588134679113e-01 
 7.378248890858658e-08  5.980588134679113e-01 
 7.380248890858658e-08  5.980588134679113e-01 
 7.382248890858657e-08  5.980588134679113e-01 
 7.384248890858657e-08  5.980588134679113e-01 
 7.386248890858657e-08  5.980588134679113e-01 
 7.388248890858656e-08  5.980588134679113e-01 
 7.390248890858656e-08  5.980588134679113e-01 
 7.392248890858656e-08  5.980588134679113e-01 
 7.394248890858655e-08  5.980588134679113e-01 
 7.396248890858655e-08  5.980588134679113e-01 
 7.398248890858654e-08  5.980588134679113e-01 
 7.400248890858654e-08  5.980588134679113e-01 
 7.402248890858654e-08  5.980588134679113e-01 
 7.404248890858653e-08  5.980588134679113e-01 
 7.406248890858653e-08  5.980588134679113e-01 
 7.408248890858653e-08  5.980588134679113e-01 
 7.410248890858652e-08  5.980588134679113e-01 
 7.412248890858652e-08  5.980588134679113e-01 
 7.414248890858651e-08  5.980588134679113e-01 
 7.416248890858651e-08  5.980588134679113e-01 
 7.418248890858651e-08  5.980588134679113e-01 
 7.420248890858650e-08  5.980588134679113e-01 
 7.422248890858650e-08  5.980588134679113e-01 
 7.424248890858649e-08  5.980588134679113e-01 
 7.426248890858649e-08  5.980588134679113e-01 
 7.428248890858649e-08  5.980588134679113e-01 
 7.430248890858648e-08  5.980588134679113e-01 
 7.432248890858648e-08  5.980588134679113e-01 
 7.434248890858648e-08  5.980588134679113e-01 
 7.436248890858647e-08  5.980588134679113e-01 
 7.438248890858647e-08  5.980588134679113e-01 
 7.440248890858646e-08  5.980588134679113e-01 
 7.442248890858646e-08  5.980588134679113e-01 
 7.444248890858646e-08  5.980588134679113e-01 
 7.446248890858645e-08  5.980588134679113e-01 
 7.448248890858645e-08  5.980588134679113e-01 
 7.450248890858645e-08  5.980588134679113e-01 
 7.452248890858644e-08  5.980588134679113e-01 
 7.454248890858644e-08  5.980588134679113e-01 
 7.456248890858643e-08  5.980588134679113e-01 
 7.458248890858643e-08  5.980588134679113e-01 
 7.460248890858643e-08  5.980588134679113e-01 
 7.462248890858642e-08  5.980588134679113e-01 
 7.464248890858642e-08  5.980588134679113e-01 
 7.466248890858642e-08  5.980588134679113e-01 
 7.468248890858641e-08  5.980588134679113e-01 
 7.470248890858641e-08  5.980588134679113e-01 
 7.472248890858640e-08  5.980588134679113e-01 
 7.474248890858640e-08  5.980588134679113e-01 
 7.476248890858640e-08  5.980588134679113e-01 
 7.478248890858639e-08  5.980588134679113e-01 
 7.480248890858639e-08  5.980588134679113e-01 
 7.482248890858638e-08  5.980588134679113e-01 
 7.484248890858638e-08  5.980588134679113e-01 
 7.486248890858638e-08  5.980588134679113e-01 
 7.488248890858637e-08  5.980588134679113e-01 
 7.490248890858637e-08  5.980588134679113e-01 
 7.492248890858637e-08  5.980588134679113e-01 
 7.494248890858636e-08  5.980588134679113e-01 
 7.496248890858636e-08  5.980588134679113e-01 
 7.498248890858635e-08  5.980588134679113e-01 
 7.500248890858635e-08  5.980588134679113e-01 
 7.502248890858635e-08  5.980588134679113e-01 
 7.504248890858634e-08  5.980588134679113e-01 
 7.506248890858634e-08  5.980588134679113e-01 
 7.508248890858634e-08  5.980588134679113e-01 
 7.510248890858633e-08  5.980588134679113e-01 
 7.512248890858633e-08  5.980588134679113e-01 
 7.514248890858632e-08  5.980588134679113e-01 
 7.516248890858632e-08  5.980588134679113e-01 
 7.518248890858632e-08  5.980588134679113e-01 
 7.520248890858631e-08  5.980588134679113e-01 
 7.522248890858631e-08  5.980588134679113e-01 
 7.524248890858631e-08  5.980588134679113e-01 
 7.526248890858630e-08  5.980588134679113e-01 
 7.528248890858630e-08  5.980588134679113e-01 
 7.530248890858629e-08  5.980588134679113e-01 
 7.532248890858629e-08  5.980588134679113e-01 
 7.534248890858629e-08  5.980588134679113e-01 
 7.536248890858628e-08  5.980588134679113e-01 
 7.538248890858628e-08  5.980588134679113e-01 
 7.540248890858627e-08  5.980588134679113e-01 
 7.542248890858627e-08  5.980588134679113e-01 
 7.544248890858627e-08  5.980588134679113e-01 
 7.546248890858626e-08  5.980588134679113e-01 
 7.548248890858626e-08  5.980588134679113e-01 
 7.550248890858626e-08  5.980588134679113e-01 
 7.552248890858625e-08  5.980588134679113e-01 
 7.554248890858625e-08  5.980588134679113e-01 
 7.556248890858624e-08  5.980588134679113e-01 
 7.558248890858624e-08  5.980588134679113e-01 
 7.560248890858624e-08  5.980588134679113e-01 
 7.562248890858623e-08  5.980588134679113e-01 
 7.564248890858623e-08  5.980588134679113e-01 
 7.566248890858623e-08  5.980588134679113e-01 
 7.568248890858622e-08  5.980588134679113e-01 
 7.570248890858622e-08  5.980588134679113e-01 
 7.572248890858621e-08  5.980588134679113e-01 
 7.574248890858621e-08  5.980588134679113e-01 
 7.576248890858621e-08  5.980588134679113e-01 
 7.578248890858620e-08  5.980588134679113e-01 
 7.580248890858620e-08  5.980588134679113e-01 
 7.582248890858620e-08  5.980588134679113e-01 
 7.584248890858619e-08  5.980588134679113e-01 
 7.586248890858619e-08  5.980588134679113e-01 
 7.588248890858618e-08  5.980588134679113e-01 
 7.590248890858618e-08  5.980588134679113e-01 
 7.592248890858618e-08  5.980588134679113e-01 
 7.594248890858617e-08  5.980588134679113e-01 
 7.596248890858617e-08  5.980588134679113e-01 
 7.598248890858616e-08  5.980588134679113e-01 
 7.600248890858616e-08  5.980588134679113e-01 
 7.602248890858616e-08  5.980588134679113e-01 
 7.604248890858615e-08  5.980588134679113e-01 
 7.606248890858615e-08  5.980588134679113e-01 
 7.608248890858615e-08  5.980588134679113e-01 
 7.610248890858614e-08  5.980588134679113e-01 
 7.612248890858614e-08  5.980588134679113e-01 
 7.614248890858613e-08  5.980588134679113e-01 
 7.616248890858613e-08  5.980588134679113e-01 
 7.618248890858613e-08  5.980588134679113e-01 
 7.620248890858612e-08  5.980588134679113e-01 
 7.622248890858612e-08  5.980588134679113e-01 
 7.624248890858612e-08  5.980588134679113e-01 
 7.626248890858611e-08  5.980588134679113e-01 
 7.628248890858611e-08  5.980588134679113e-01 
 7.630248890858610e-08  5.980588134679113e-01 
 7.632248890858610e-08  5.980588134679113e-01 
 7.634248890858610e-08  5.980588134679113e-01 
 7.636248890858609e-08  5.980588134679113e-01 
 7.638248890858609e-08  5.980588134679113e-01 
 7.640248890858609e-08  5.980588134679113e-01 
 7.642248890858608e-08  5.980588134679113e-01 
 7.644248890858608e-08  5.980588134679113e-01 
 7.646248890858607e-08  5.980588134679113e-01 
 7.648248890858607e-08  5.980588134679113e-01 
 7.650248890858607e-08  5.980588134679113e-01 
 7.652248890858606e-08  5.980588134679113e-01 
 7.654248890858606e-08  5.980588134679113e-01 
 7.656248890858605e-08  5.980588134679113e-01 
 7.658248890858605e-08  5.980588134679113e-01 
 7.660248890858605e-08  5.980588134679113e-01 
 7.662248890858604e-08  5.980588134679113e-01 
 7.664248890858604e-08  5.980588134679113e-01 
 7.666248890858604e-08  5.980588134679113e-01 
 7.668248890858603e-08  5.980588134679113e-01 
 7.670248890858603e-08  5.980588134679113e-01 
 7.672248890858602e-08  5.980588134679113e-01 
 7.674248890858602e-08  5.980588134679113e-01 
 7.676248890858602e-08  5.980588134679113e-01 
 7.678248890858601e-08  5.980588134679113e-01 
 7.680248890858601e-08  5.980588134679113e-01 
 7.682248890858601e-08  5.980588134679113e-01 
 7.684248890858600e-08  5.980588134679113e-01 
 7.686248890858600e-08  5.980588134679113e-01 
 7.688248890858599e-08  5.980588134679113e-01 
 7.690248890858599e-08  5.980588134679113e-01 
 7.692248890858599e-08  5.980588134679113e-01 
 7.694248890858598e-08  5.980588134679113e-01 
 7.696248890858598e-08  5.980588134679113e-01 
 7.698248890858598e-08  5.980588134679113e-01 
 7.700248890858597e-08  5.980588134679113e-01 
 7.702248890858597e-08  5.980588134679113e-01 
 7.704248890858596e-08  5.980588134679113e-01 
 7.706248890858596e-08  5.980588134679113e-01 
 7.708248890858596e-08  5.980588134679113e-01 
 7.710248890858595e-08  5.980588134679113e-01 
 7.712248890858595e-08  5.980588134679113e-01 
 7.714248890858595e-08  5.980588134679113e-01 
 7.716248890858594e-08  5.980588134679113e-01 
 7.718248890858594e-08  5.980588134679113e-01 
 7.720248890858593e-08  5.980588134679113e-01 
 7.722248890858593e-08  5.980588134679113e-01 
 7.724248890858593e-08  5.980588134679113e-01 
 7.726248890858592e-08  5.980588134679113e-01 
 7.728248890858592e-08  5.980588134679113e-01 
 7.730248890858591e-08  5.980588134679113e-01 
 7.732248890858591e-08  5.980588134679113e-01 
 7.734248890858591e-08  5.980588134679113e-01 
 7.736248890858590e-08  5.980588134679113e-01 
 7.738248890858590e-08  5.980588134679113e-01 
 7.740248890858590e-08  5.980588134679113e-01 
 7.742248890858589e-08  5.980588134679113e-01 
 7.744248890858589e-08  5.980588134679113e-01 
 7.746248890858588e-08  5.980588134679113e-01 
 7.748248890858588e-08  5.980588134679113e-01 
 7.750248890858588e-08  5.980588134679113e-01 
 7.752248890858587e-08  5.980588134679113e-01 
 7.754248890858587e-08  5.980588134679113e-01 
 7.756248890858587e-08  5.980588134679113e-01 
 7.758248890858586e-08  5.980588134679113e-01 
 7.760248890858586e-08  5.980588134679113e-01 
 7.762248890858585e-08  5.980588134679113e-01 
 7.764248890858585e-08  5.980588134679113e-01 
 7.766248890858585e-08  5.980588134679113e-01 
 7.768248890858584e-08  5.980588134679113e-01 
 7.770248890858584e-08  5.980588134679113e-01 
 7.772248890858584e-08  5.980588134679113e-01 
 7.774248890858583e-08  5.980588134679113e-01 
 7.776248890858583e-08  5.980588134679113e-01 
 7.778248890858582e-08  5.980588134679113e-01 
 7.780248890858582e-08  5.980588134679113e-01 
 7.782248890858582e-08  5.980588134679113e-01 
 7.784248890858581e-08  5.980588134679113e-01 
 7.786248890858581e-08  5.980588134679113e-01 
 7.788248890858580e-08  5.980588134679113e-01 
 7.790248890858580e-08  5.980588134679113e-01 
 7.792248890858580e-08  5.980588134679113e-01 
 7.794248890858579e-08  5.980588134679113e-01 
 7.796248890858579e-08  5.980588134679113e-01 
 7.798248890858579e-08  5.980588134679113e-01 
 7.800248890858578e-08  5.980588134679113e-01 
 7.802248890858578e-08  5.980588134679113e-01 
 7.804248890858577e-08  5.980588134679113e-01 
 7.806248890858577e-08  5.980588134679113e-01 
 7.808248890858577e-08  5.980588134679113e-01 
 7.810248890858576e-08  5.980588134679113e-01 
 7.812248890858576e-08  5.980588134679113e-01 
 7.814248890858576e-08  5.980588134679113e-01 
 7.816248890858575e-08  5.980588134679113e-01 
 7.818248890858575e-08  5.980588134679113e-01 
 7.820248890858574e-08  5.980588134679113e-01 
 7.822248890858574e-08  5.980588134679113e-01 
 7.824248890858574e-08  5.980588134679113e-01 
 7.826248890858573e-08  5.980588134679113e-01 
 7.828248890858573e-08  5.980588134679113e-01 
 7.830248890858573e-08  5.980588134679113e-01 
 7.832248890858572e-08  5.980588134679113e-01 
 7.834248890858572e-08  5.980588134679113e-01 
 7.836248890858571e-08  5.980588134679113e-01 
 7.838248890858571e-08  5.980588134679113e-01 
 7.840248890858571e-08  5.980588134679113e-01 
 7.842248890858570e-08  5.980588134679113e-01 
 7.844248890858570e-08  5.980588134679113e-01 
 7.846248890858569e-08  5.980588134679113e-01 
 7.848248890858569e-08  5.980588134679113e-01 
 7.850248890858569e-08  5.980588134679113e-01 
 7.852248890858568e-08  5.980588134679113e-01 
 7.854248890858568e-08  5.980588134679113e-01 
 7.856248890858568e-08  5.980588134679113e-01 
 7.858248890858567e-08  5.980588134679113e-01 
 7.860248890858567e-08  5.980588134679113e-01 
 7.862248890858566e-08  5.980588134679113e-01 
 7.864248890858566e-08  5.980588134679113e-01 
 7.866248890858566e-08  5.980588134679113e-01 
 7.868248890858565e-08  5.980588134679113e-01 
 7.870248890858565e-08  5.980588134679113e-01 
 7.872248890858565e-08  5.980588134679113e-01 
 7.874248890858564e-08  5.980588134679113e-01 
 7.876248890858564e-08  5.980588134679113e-01 
 7.878248890858563e-08  5.980588134679113e-01 
 7.880248890858563e-08  5.980588134679113e-01 
 7.882248890858563e-08  5.980588134679113e-01 
 7.884248890858562e-08  5.980588134679113e-01 
 7.886248890858562e-08  5.980588134679113e-01 
 7.888248890858562e-08  5.980588134679113e-01 
 7.890248890858561e-08  5.980588134679113e-01 
 7.892248890858561e-08  5.980588134679113e-01 
 7.894248890858560e-08  5.980588134679113e-01 
 7.896248890858560e-08  5.980588134679113e-01 
 7.898248890858560e-08  5.980588134679113e-01 
 7.900248890858559e-08  5.980588134679113e-01 
 7.902248890858559e-08  5.980588134679113e-01 
 7.904248890858558e-08  5.980588134679113e-01 
 7.906248890858558e-08  5.980588134679113e-01 
 7.908248890858558e-08  5.980588134679113e-01 
 7.910248890858557e-08  5.980588134679113e-01 
 7.912248890858557e-08  5.980588134679113e-01 
 7.914248890858557e-08  5.980588134679113e-01 
 7.916248890858556e-08  5.980588134679113e-01 
 7.918248890858556e-08  5.980588134679113e-01 
 7.920248890858555e-08  5.980588134679113e-01 
 7.922248890858555e-08  5.980588134679113e-01 
 7.924248890858555e-08  5.980588134679113e-01 
 7.926248890858554e-08  5.980588134679113e-01 
 7.928248890858554e-08  5.980588134679113e-01 
 7.930248890858554e-08  5.980588134679113e-01 
 7.932248890858553e-08  5.980588134679113e-01 
 7.934248890858553e-08  5.980588134679113e-01 
 7.936248890858552e-08  5.980588134679113e-01 
 7.938248890858552e-08  5.980588134679113e-01 
 7.940248890858552e-08  5.980588134679113e-01 
 7.942248890858551e-08  5.980588134679113e-01 
 7.944248890858551e-08  5.980588134679113e-01 
 7.946248890858551e-08  5.980588134679113e-01 
 7.948248890858550e-08  5.980588134679113e-01 
 7.950248890858550e-08  5.980588134679113e-01 
 7.952248890858549e-08  5.980588134679113e-01 
 7.954248890858549e-08  5.980588134679113e-01 
 7.956248890858549e-08  5.980588134679113e-01 
 7.958248890858548e-08  5.980588134679113e-01 
 7.960248890858548e-08  5.980588134679113e-01 
 7.962248890858547e-08  5.980588134679113e-01 
 7.964248890858547e-08  5.980588134679113e-01 
 7.966248890858547e-08  5.980588134679113e-01 
 7.968248890858546e-08  5.980588134679113e-01 
 7.970248890858546e-08  5.980588134679113e-01 
 7.972248890858546e-08  5.980588134679113e-01 
 7.974248890858545e-08  5.980588134679113e-01 
 7.976248890858545e-08  5.980588134679113e-01 
 7.978248890858544e-08  5.980588134679113e-01 
 7.980248890858544e-08  5.980588134679113e-01 
 7.982248890858544e-08  5.980588134679113e-01 
 7.984248890858543e-08  5.980588134679113e-01 
 7.986248890858543e-08  5.980588134679113e-01 
 7.988248890858543e-08  5.980588134679113e-01 
 7.990248890858542e-08  5.980588134679113e-01 
 7.992248890858542e-08  5.980588134679113e-01 
 7.994248890858541e-08  5.980588134679113e-01 
 7.996248890858541e-08  5.980588134679113e-01 
 7.998248890858541e-08  5.980588134679113e-01 
 8.000248890858540e-08  5.980588134679113e-01 
 8.002248890858540e-08  5.980588134679113e-01 
 8.004248890858540e-08  5.980588134679113e-01 
 8.006248890858539e-08  5.980588134679113e-01 
 8.008248890858539e-08  5.980588134679113e-01 
 8.010248890858538e-08  5.980588134679113e-01 
 8.012248890858538e-08  5.980588134679113e-01 
 8.014248890858538e-08  5.980588134679113e-01 
 8.016248890858537e-08  5.980588134679113e-01 
 8.018248890858537e-08  5.980588134679113e-01 
 8.020248890858536e-08  5.980588134679113e-01 
 8.022248890858536e-08  5.980588134679113e-01 
 8.024248890858536e-08  5.980588134679113e-01 
 8.026248890858535e-08  5.980588134679113e-01 
 8.028248890858535e-08  5.980588134679113e-01 
 8.030248890858535e-08  5.980588134679113e-01 
 8.032248890858534e-08  5.980588134679113e-01 
 8.034248890858534e-08  5.980588134679113e-01 
 8.036248890858533e-08  5.980588134679113e-01 
 8.038248890858533e-08  5.980588134679113e-01 
 8.040248890858533e-08  5.980588134679113e-01 
 8.042248890858532e-08  5.980588134679113e-01 
 8.044248890858532e-08  5.980588134679113e-01 
 8.046248890858532e-08  5.980588134679113e-01 
 8.048248890858531e-08  5.980588134679113e-01 
 8.050248890858531e-08  5.980588134679113e-01 
 8.052248890858530e-08  5.980588134679113e-01 
 8.054248890858530e-08  5.980588134679113e-01 
 8.056248890858530e-08  5.980588134679113e-01 
 8.058248890858529e-08  5.980588134679113e-01 
 8.060248890858529e-08  5.980588134679113e-01 
 8.062248890858529e-08  5.980588134679113e-01 
 8.064248890858528e-08  5.980588134679113e-01 
 8.066248890858528e-08  5.980588134679113e-01 
 8.068248890858527e-08  5.980588134679113e-01 
 8.070248890858527e-08  5.980588134679113e-01 
 8.072248890858527e-08  5.980588134679113e-01 
 8.074248890858526e-08  5.980588134679113e-01 
 8.076248890858526e-08  5.980588134679113e-01 
 8.078248890858525e-08  5.980588134679113e-01 
 8.080248890858525e-08  5.980588134679113e-01 
 8.082248890858525e-08  5.980588134679113e-01 
 8.084248890858524e-08  5.980588134679113e-01 
 8.086248890858524e-08  5.980588134679113e-01 
 8.088248890858524e-08  5.980588134679113e-01 
 8.090248890858523e-08  5.980588134679113e-01 
 8.092248890858523e-08  5.980588134679113e-01 
 8.094248890858522e-08  5.980588134679113e-01 
 8.096248890858522e-08  5.980588134679113e-01 
 8.098248890858522e-08  5.980588134679113e-01 
 8.100248890858521e-08  5.980588134679113e-01 
 8.102248890858521e-08  5.980588134679113e-01 
 8.104248890858521e-08  5.980588134679113e-01 
 8.106248890858520e-08  5.980588134679113e-01 
 8.108248890858520e-08  5.980588134679113e-01 
 8.110248890858519e-08  5.980588134679113e-01 
 8.112248890858519e-08  5.980588134679113e-01 
 8.114248890858519e-08  5.980588134679113e-01 
 8.116248890858518e-08  5.980588134679113e-01 
 8.118248890858518e-08  5.980588134679113e-01 
 8.120248890858518e-08  5.980588134679113e-01 
 8.122248890858517e-08  5.980588134679113e-01 
 8.124248890858517e-08  5.980588134679113e-01 
 8.126248890858516e-08  5.980588134679113e-01 
 8.128248890858516e-08  5.980588134679113e-01 
 8.130248890858516e-08  5.980588134679113e-01 
 8.132248890858515e-08  5.980588134679113e-01 
 8.134248890858515e-08  5.980588134679113e-01 
 8.136248890858515e-08  5.980588134679113e-01 
 8.138248890858514e-08  5.980588134679113e-01 
 8.140248890858514e-08  5.980588134679113e-01 
 8.142248890858513e-08  5.980588134679113e-01 
 8.144248890858513e-08  5.980588134679113e-01 
 8.146248890858513e-08  5.980588134679113e-01 
 8.148248890858512e-08  5.980588134679113e-01 
 8.150248890858512e-08  5.980588134679113e-01 
 8.152248890858511e-08  5.980588134679113e-01 
 8.154248890858511e-08  5.980588134679113e-01 
 8.156248890858511e-08  5.980588134679113e-01 
 8.158248890858510e-08  5.980588134679113e-01 
 8.160248890858510e-08  5.980588134679113e-01 
 8.162248890858510e-08  5.980588134679113e-01 
 8.164248890858509e-08  5.980588134679113e-01 
 8.166248890858509e-08  5.980588134679113e-01 
 8.168248890858508e-08  5.980588134679113e-01 
 8.170248890858508e-08  5.980588134679113e-01 
 8.172248890858508e-08  5.980588134679113e-01 
 8.174248890858507e-08  5.980588134679113e-01 
 8.176248890858507e-08  5.980588134679113e-01 
 8.178248890858507e-08  5.980588134679113e-01 
 8.180248890858506e-08  5.980588134679113e-01 
 8.182248890858506e-08  5.980588134679113e-01 
 8.184248890858505e-08  5.980588134679113e-01 
 8.186248890858505e-08  5.980588134679113e-01 
 8.188248890858505e-08  5.980588134679113e-01 
 8.190248890858504e-08  5.980588134679113e-01 
 8.192248890858504e-08  5.980588134679113e-01 
 8.194248890858504e-08  5.980588134679113e-01 
 8.196248890858503e-08  5.980588134679113e-01 
 8.198248890858503e-08  5.980588134679113e-01 
 8.200248890858502e-08  5.980588134679113e-01 
 8.202248890858502e-08  5.980588134679113e-01 
 8.204248890858502e-08  5.980588134679113e-01 
 8.206248890858501e-08  5.980588134679113e-01 
 8.208248890858501e-08  5.980588134679113e-01 
 8.210248890858500e-08  5.980588134679113e-01 
 8.212248890858500e-08  5.980588134679113e-01 
 8.214248890858500e-08  5.980588134679113e-01 
 8.216248890858499e-08  5.980588134679113e-01 
 8.218248890858499e-08  5.980588134679113e-01 
 8.220248890858499e-08  5.980588134679113e-01 
 8.222248890858498e-08  5.980588134679113e-01 
 8.224248890858498e-08  5.980588134679113e-01 
 8.226248890858497e-08  5.980588134679113e-01 
 8.228248890858497e-08  5.980588134679113e-01 
 8.230248890858497e-08  5.980588134679113e-01 
 8.232248890858496e-08  5.980588134679113e-01 
 8.234248890858496e-08  5.980588134679113e-01 
 8.236248890858496e-08  5.980588134679113e-01 
 8.238248890858495e-08  5.980588134679113e-01 
 8.240248890858495e-08  5.980588134679113e-01 
 8.242248890858494e-08  5.980588134679113e-01 
 8.244248890858494e-08  5.980588134679113e-01 
 8.246248890858494e-08  5.980588134679113e-01 
 8.248248890858493e-08  5.980588134679113e-01 
 8.250248890858493e-08  5.980588134679113e-01 
 8.252248890858493e-08  5.980588134679113e-01 
 8.254248890858492e-08  5.980588134679113e-01 
 8.256248890858492e-08  5.980588134679113e-01 
 8.258248890858491e-08  5.980588134679113e-01 
 8.260248890858491e-08  5.980588134679113e-01 
 8.262248890858491e-08  5.980588134679113e-01 
 8.264248890858490e-08  5.980588134679113e-01 
 8.266248890858490e-08  5.980588134679113e-01 
 8.268248890858489e-08  5.980588134679113e-01 
 8.270248890858489e-08  5.980588134679113e-01 
 8.272248890858489e-08  5.980588134679113e-01 
 8.274248890858488e-08  5.980588134679113e-01 
 8.276248890858488e-08  5.980588134679113e-01 
 8.278248890858488e-08  5.980588134679113e-01 
 8.280248890858487e-08  5.980588134679113e-01 
 8.282248890858487e-08  5.980588134679113e-01 
 8.284248890858486e-08  5.980588134679113e-01 
 8.286248890858486e-08  5.980588134679113e-01 
 8.288248890858486e-08  5.980588134679113e-01 
 8.290248890858485e-08  5.980588134679113e-01 
 8.292248890858485e-08  5.980588134679113e-01 
 8.294248890858485e-08  5.980588134679113e-01 
 8.296248890858484e-08  5.980588134679113e-01 
 8.298248890858484e-08  5.980588134679113e-01 
 8.300248890858483e-08  5.980588134679113e-01 
 8.302248890858483e-08  5.980588134679113e-01 
 8.304248890858483e-08  5.980588134679113e-01 
 8.306248890858482e-08  5.980588134679113e-01 
 8.308248890858482e-08  5.980588134679113e-01 
 8.310248890858482e-08  5.980588134679113e-01 
 8.312248890858481e-08  5.980588134679113e-01 
 8.314248890858481e-08  5.980588134679113e-01 
 8.316248890858480e-08  5.980588134679113e-01 
 8.318248890858480e-08  5.980588134679113e-01 
 8.320248890858480e-08  5.980588134679113e-01 
 8.322248890858479e-08  5.980588134679113e-01 
 8.324248890858479e-08  5.980588134679113e-01 
 8.326248890858478e-08  5.980588134679113e-01 
 8.328248890858478e-08  5.980588134679113e-01 
 8.330248890858478e-08  5.980588134679113e-01 
 8.332248890858477e-08  5.980588134679113e-01 
 8.334248890858477e-08  5.980588134679113e-01 
 8.336248890858477e-08  5.980588134679113e-01 
 8.338248890858476e-08  5.980588134679113e-01 
 8.340248890858476e-08  5.980588134679113e-01 
 8.342248890858475e-08  5.980588134679113e-01 
 8.344248890858475e-08  5.980588134679113e-01 
 8.346248890858475e-08  5.980588134679113e-01 
 8.348248890858474e-08  5.980588134679113e-01 
 8.350248890858474e-08  5.980588134679113e-01 
 8.352248890858474e-08  5.980588134679113e-01 
 8.354248890858473e-08  5.980588134679113e-01 
 8.356248890858473e-08  5.980588134679113e-01 
 8.358248890858472e-08  5.980588134679113e-01 
 8.360248890858472e-08  5.980588134679113e-01 
 8.362248890858472e-08  5.980588134679113e-01 
 8.364248890858471e-08  5.980588134679113e-01 
 8.366248890858471e-08  5.980588134679113e-01 
 8.368248890858471e-08  5.980588134679113e-01 
 8.370248890858470e-08  5.980588134679113e-01 
 8.372248890858470e-08  5.980588134679113e-01 
 8.374248890858469e-08  5.980588134679113e-01 
 8.376248890858469e-08  5.980588134679113e-01 
 8.378248890858469e-08  5.980588134679113e-01 
 8.380248890858468e-08  5.980588134679113e-01 
 8.382248890858468e-08  5.980588134679113e-01 
 8.384248890858467e-08  5.980588134679113e-01 
 8.386248890858467e-08  5.980588134679113e-01 
 8.388248890858467e-08  5.980588134679113e-01 
 8.390248890858466e-08  5.980588134679113e-01 
 8.392248890858466e-08  5.980588134679113e-01 
 8.394248890858466e-08  5.980588134679113e-01 
 8.396248890858465e-08  5.980588134679113e-01 
 8.398248890858465e-08  5.980588134679113e-01 
 8.400248890858464e-08  5.980588134679113e-01 
 8.402248890858464e-08  5.980588134679113e-01 
 8.404248890858464e-08  5.980588134679113e-01 
 8.406248890858463e-08  5.980588134679113e-01 
 8.408248890858463e-08  5.980588134679113e-01 
 8.410248890858463e-08  5.980588134679113e-01 
 8.412248890858462e-08  5.980588134679113e-01 
 8.414248890858462e-08  5.980588134679113e-01 
 8.416248890858461e-08  5.980588134679113e-01 
 8.418248890858461e-08  5.980588134679113e-01 
 8.420248890858461e-08  5.980588134679113e-01 
 8.422248890858460e-08  5.980588134679113e-01 
 8.424248890858460e-08  5.980588134679113e-01 
 8.426248890858460e-08  5.980588134679113e-01 
 8.428248890858459e-08  5.980588134679113e-01 
 8.430248890858459e-08  5.980588134679113e-01 
 8.432248890858458e-08  5.980588134679113e-01 
 8.434248890858458e-08  5.980588134679113e-01 
 8.436248890858458e-08  5.980588134679113e-01 
 8.438248890858457e-08  5.980588134679113e-01 
 8.440248890858457e-08  5.980588134679113e-01 
 8.442248890858456e-08  5.980588134679113e-01 
 8.444248890858456e-08  5.980588134679113e-01 
 8.446248890858456e-08  5.980588134679113e-01 
 8.448248890858455e-08  5.980588134679113e-01 
 8.450248890858455e-08  5.980588134679113e-01 
 8.452248890858455e-08  5.980588134679113e-01 
 8.454248890858454e-08  5.980588134679113e-01 
 8.456248890858454e-08  5.980588134679113e-01 
 8.458248890858453e-08  5.980588134679113e-01 
 8.460248890858453e-08  5.980588134679113e-01 
 8.462248890858453e-08  5.980588134679113e-01 
 8.464248890858452e-08  5.980588134679113e-01 
 8.466248890858452e-08  5.980588134679113e-01 
 8.468248890858452e-08  5.980588134679113e-01 
 8.470248890858451e-08  5.980588134679113e-01 
 8.472248890858451e-08  5.980588134679113e-01 
 8.474248890858450e-08  5.980588134679113e-01 
 8.476248890858450e-08  5.980588134679113e-01 
 8.478248890858450e-08  5.980588134679113e-01 
 8.480248890858449e-08  5.980588134679113e-01 
 8.482248890858449e-08  5.980588134679113e-01 
 8.484248890858449e-08  5.980588134679113e-01 
 8.486248890858448e-08  5.980588134679113e-01 
 8.488248890858448e-08  5.980588134679113e-01 
 8.490248890858447e-08  5.980588134679113e-01 
 8.492248890858447e-08  5.980588134679113e-01 
 8.494248890858447e-08  5.980588134679113e-01 
 8.496248890858446e-08  5.980588134679113e-01 
 8.498248890858446e-08  5.980588134679113e-01 
 8.500248890858446e-08  5.980588134679113e-01 
 8.502248890858445e-08  5.980588134679113e-01 
 8.504248890858445e-08  5.980588134679113e-01 
 8.506248890858444e-08  5.980588134679113e-01 
 8.508248890858444e-08  5.980588134679113e-01 
 8.510248890858444e-08  5.980588134679113e-01 
 8.512248890858443e-08  5.980588134679113e-01 
 8.514248890858443e-08  5.980588134679113e-01 
 8.516248890858442e-08  5.980588134679113e-01 
 8.518248890858442e-08  5.980588134679113e-01 
 8.520248890858442e-08  5.980588134679113e-01 
 8.522248890858441e-08  5.980588134679113e-01 
 8.524248890858441e-08  5.980588134679113e-01 
 8.526248890858441e-08  5.980588134679113e-01 
 8.528248890858440e-08  5.980588134679113e-01 
 8.530248890858440e-08  5.980588134679113e-01 
 8.532248890858439e-08  5.980588134679113e-01 
 8.534248890858439e-08  5.980588134679113e-01 
 8.536248890858439e-08  5.980588134679113e-01 
 8.538248890858438e-08  5.980588134679113e-01 
 8.540248890858438e-08  5.980588134679113e-01 
 8.542248890858438e-08  5.980588134679113e-01 
 8.544248890858437e-08  5.980588134679113e-01 
 8.546248890858437e-08  5.980588134679113e-01 
 8.548248890858436e-08  5.980588134679113e-01 
 8.550248890858436e-08  5.980588134679113e-01 
 8.552248890858436e-08  5.980588134679113e-01 
 8.554248890858435e-08  5.980588134679113e-01 
 8.556248890858435e-08  5.980588134679113e-01 
 8.558248890858435e-08  5.980588134679113e-01 
 8.560248890858434e-08  5.980588134679113e-01 
 8.562248890858434e-08  5.980588134679113e-01 
 8.564248890858433e-08  5.980588134679113e-01 
 8.566248890858433e-08  5.980588134679113e-01 
 8.568248890858433e-08  5.980588134679113e-01 
 8.570248890858432e-08  5.980588134679113e-01 
 8.572248890858432e-08  5.980588134679113e-01 
 8.574248890858431e-08  5.980588134679113e-01 
 8.576248890858431e-08  5.980588134679113e-01 
 8.578248890858431e-08  5.980588134679113e-01 
 8.580248890858430e-08  5.980588134679113e-01 
 8.582248890858430e-08  5.980588134679113e-01 
 8.584248890858430e-08  5.980588134679113e-01 
 8.586248890858429e-08  5.980588134679113e-01 
 8.588248890858429e-08  5.980588134679113e-01 
 8.590248890858428e-08  5.980588134679113e-01 
 8.592248890858428e-08  5.980588134679113e-01 
 8.594248890858428e-08  5.980588134679113e-01 
 8.596248890858427e-08  5.980588134679113e-01 
 8.598248890858427e-08  5.980588134679113e-01 
 8.600248890858427e-08  5.980588134679113e-01 
 8.602248890858426e-08  5.980588134679113e-01 
 8.604248890858426e-08  5.980588134679113e-01 
 8.606248890858425e-08  5.980588134679113e-01 
 8.608248890858425e-08  5.980588134679113e-01 
 8.610248890858425e-08  5.980588134679113e-01 
 8.612248890858424e-08  5.980588134679113e-01 
 8.614248890858424e-08  5.980588134679113e-01 
 8.616248890858424e-08  5.980588134679113e-01 
 8.618248890858423e-08  5.980588134679113e-01 
 8.620248890858423e-08  5.980588134679113e-01 
 8.622248890858422e-08  5.980588134679113e-01 
 8.624248890858422e-08  5.980588134679113e-01 
 8.626248890858422e-08  5.980588134679113e-01 
 8.628248890858421e-08  5.980588134679113e-01 
 8.630248890858421e-08  5.980588134679113e-01 
 8.632248890858420e-08  5.980588134679113e-01 
 8.634248890858420e-08  5.980588134679113e-01 
 8.636248890858420e-08  5.980588134679113e-01 
 8.638248890858419e-08  5.980588134679113e-01 
 8.640248890858419e-08  5.980588134679113e-01 
 8.642248890858419e-08  5.980588134679113e-01 
 8.644248890858418e-08  5.980588134679113e-01 
 8.646248890858418e-08  5.980588134679113e-01 
 8.648248890858417e-08  5.980588134679113e-01 
 8.650248890858417e-08  5.980588134679113e-01 
 8.652248890858417e-08  5.980588134679113e-01 
 8.654248890858416e-08  5.980588134679113e-01 
 8.656248890858416e-08  5.980588134679113e-01 
 8.658248890858416e-08  5.980588134679113e-01 
 8.660248890858415e-08  5.980588134679113e-01 
 8.662248890858415e-08  5.980588134679113e-01 
 8.664248890858414e-08  5.980588134679113e-01 
 8.666248890858414e-08  5.980588134679113e-01 
 8.668248890858414e-08  5.980588134679113e-01 
 8.670248890858413e-08  5.980588134679113e-01 
 8.672248890858413e-08  5.980588134679113e-01 
 8.674248890858413e-08  5.980588134679113e-01 
 8.676248890858412e-08  5.980588134679113e-01 
 8.678248890858412e-08  5.980588134679113e-01 
 8.680248890858411e-08  5.980588134679113e-01 
 8.682248890858411e-08  5.980588134679113e-01 
 8.684248890858411e-08  5.980588134679113e-01 
 8.686248890858410e-08  5.980588134679113e-01 
 8.688248890858410e-08  5.980588134679113e-01 
 8.690248890858409e-08  5.980588134679113e-01 
 8.692248890858409e-08  5.980588134679113e-01 
 8.694248890858409e-08  5.980588134679113e-01 
 8.696248890858408e-08  5.980588134679113e-01 
 8.698248890858408e-08  5.980588134679113e-01 
 8.700248890858408e-08  5.980588134679113e-01 
 8.702248890858407e-08  5.980588134679113e-01 
 8.704248890858407e-08  5.980588134679113e-01 
 8.706248890858406e-08  5.980588134679113e-01 
 8.708248890858406e-08  5.980588134679113e-01 
 8.710248890858406e-08  5.980588134679113e-01 
 8.712248890858405e-08  5.980588134679113e-01 
 8.714248890858405e-08  5.980588134679113e-01 
 8.716248890858405e-08  5.980588134679113e-01 
 8.718248890858404e-08  5.980588134679113e-01 
 8.720248890858404e-08  5.980588134679113e-01 
 8.722248890858403e-08  5.980588134679113e-01 
 8.724248890858403e-08  5.980588134679113e-01 
 8.726248890858403e-08  5.980588134679113e-01 
 8.728248890858402e-08  5.980588134679113e-01 
 8.730248890858402e-08  5.980588134679113e-01 
 8.732248890858402e-08  5.980588134679113e-01 
 8.734248890858401e-08  5.980588134679113e-01 
 8.736248890858401e-08  5.980588134679113e-01 
 8.738248890858400e-08  5.980588134679113e-01 
 8.740248890858400e-08  5.980588134679113e-01 
 8.742248890858400e-08  5.980588134679113e-01 
 8.744248890858399e-08  5.980588134679113e-01 
 8.746248890858399e-08  5.980588134679113e-01 
 8.748248890858398e-08  5.980588134679113e-01 
 8.750248890858398e-08  5.980588134679113e-01 
 8.752248890858398e-08  5.980588134679113e-01 
 8.754248890858397e-08  5.980588134679113e-01 
 8.756248890858397e-08  5.980588134679113e-01 
 8.758248890858397e-08  5.980588134679113e-01 
 8.760248890858396e-08  5.980588134679113e-01 
 8.762248890858396e-08  5.980588134679113e-01 
 8.764248890858395e-08  5.980588134679113e-01 
 8.766248890858395e-08  5.980588134679113e-01 
 8.768248890858395e-08  5.980588134679113e-01 
 8.770248890858394e-08  5.980588134679113e-01 
 8.772248890858394e-08  5.980588134679113e-01 
 8.774248890858394e-08  5.980588134679113e-01 
 8.776248890858393e-08  5.980588134679113e-01 
 8.778248890858393e-08  5.980588134679113e-01 
 8.780248890858392e-08  5.980588134679113e-01 
 8.782248890858392e-08  5.980588134679113e-01 
 8.784248890858392e-08  5.980588134679113e-01 
 8.786248890858391e-08  5.980588134679113e-01 
 8.788248890858391e-08  5.980588134679113e-01 
 8.790248890858391e-08  5.980588134679113e-01 
 8.792248890858390e-08  5.980588134679113e-01 
 8.794248890858390e-08  5.980588134679113e-01 
 8.796248890858389e-08  5.980588134679113e-01 
 8.798248890858389e-08  5.980588134679113e-01 
 8.800248890858389e-08  5.980588134679113e-01 
 8.802248890858388e-08  5.980588134679113e-01 
 8.804248890858388e-08  5.980588134679113e-01 
 8.806248890858387e-08  5.980588134679113e-01 
 8.808248890858387e-08  5.980588134679113e-01 
 8.810248890858387e-08  5.980588134679113e-01 
 8.812248890858386e-08  5.980588134679113e-01 
 8.814248890858386e-08  5.980588134679113e-01 
 8.816248890858386e-08  5.980588134679113e-01 
 8.818248890858385e-08  5.980588134679113e-01 
 8.820248890858385e-08  5.980588134679113e-01 
 8.822248890858384e-08  5.980588134679113e-01 
 8.824248890858384e-08  5.980588134679113e-01 
 8.826248890858384e-08  5.980588134679113e-01 
 8.828248890858383e-08  5.980588134679113e-01 
 8.830248890858383e-08  5.980588134679113e-01 
 8.832248890858383e-08  5.980588134679113e-01 
 8.834248890858382e-08  5.980588134679113e-01 
 8.836248890858382e-08  5.980588134679113e-01 
 8.838248890858381e-08  5.980588134679113e-01 
 8.840248890858381e-08  5.980588134679113e-01 
 8.842248890858381e-08  5.980588134679113e-01 
 8.844248890858380e-08  5.980588134679113e-01 
 8.846248890858380e-08  5.980588134679113e-01 
 8.848248890858380e-08  5.980588134679113e-01 
 8.850248890858379e-08  5.980588134679113e-01 
 8.852248890858379e-08  5.980588134679113e-01 
 8.854248890858378e-08  5.980588134679113e-01 
 8.856248890858378e-08  5.980588134679113e-01 
 8.858248890858378e-08  5.980588134679113e-01 
 8.860248890858377e-08  5.980588134679113e-01 
 8.862248890858377e-08  5.980588134679113e-01 
 8.864248890858376e-08  5.980588134679113e-01 
 8.866248890858376e-08  5.980588134679113e-01 
 8.868248890858376e-08  5.980588134679113e-01 
 8.870248890858375e-08  5.980588134679113e-01 
 8.872248890858375e-08  5.980588134679113e-01 
 8.874248890858375e-08  5.980588134679113e-01 
 8.876248890858374e-08  5.980588134679113e-01 
 8.878248890858374e-08  5.980588134679113e-01 
 8.880248890858373e-08  5.980588134679113e-01 
 8.882248890858373e-08  5.980588134679113e-01 
 8.884248890858373e-08  5.980588134679113e-01 
 8.886248890858372e-08  5.980588134679113e-01 
 8.888248890858372e-08  5.980588134679113e-01 
 8.890248890858372e-08  5.980588134679113e-01 
 8.892248890858371e-08  5.980588134679113e-01 
 8.894248890858371e-08  5.980588134679113e-01 
 8.896248890858370e-08  5.980588134679113e-01 
 8.898248890858370e-08  5.980588134679113e-01 
 8.900248890858370e-08  5.980588134679113e-01 
 8.902248890858369e-08  5.980588134679113e-01 
 8.904248890858369e-08  5.980588134679113e-01 
 8.906248890858369e-08  5.980588134679113e-01 
 8.908248890858368e-08  5.980588134679113e-01 
 8.910248890858368e-08  5.980588134679113e-01 
 8.912248890858367e-08  5.980588134679113e-01 
 8.914248890858367e-08  5.980588134679113e-01 
 8.916248890858367e-08  5.980588134679113e-01 
 8.918248890858366e-08  5.980588134679113e-01 
 8.920248890858366e-08  5.980588134679113e-01 
 8.922248890858366e-08  5.980588134679113e-01 
 8.924248890858365e-08  5.980588134679113e-01 
 8.926248890858365e-08  5.980588134679113e-01 
 8.928248890858364e-08  5.980588134679113e-01 
 8.930248890858364e-08  5.980588134679113e-01 
 8.932248890858364e-08  5.980588134679113e-01 
 8.934248890858363e-08  5.980588134679113e-01 
 8.936248890858363e-08  5.980588134679113e-01 
 8.938248890858362e-08  5.980588134679113e-01 
 8.940248890858362e-08  5.980588134679113e-01 
 8.942248890858362e-08  5.980588134679113e-01 
 8.944248890858361e-08  5.980588134679113e-01 
 8.946248890858361e-08  5.980588134679113e-01 
 8.948248890858361e-08  5.980588134679113e-01 
 8.950248890858360e-08  5.980588134679113e-01 
 8.952248890858360e-08  5.980588134679113e-01 
 8.954248890858359e-08  5.980588134679113e-01 
 8.956248890858359e-08  5.980588134679113e-01 
 8.958248890858359e-08  5.980588134679113e-01 
 8.960248890858358e-08  5.980588134679113e-01 
 8.962248890858358e-08  5.980588134679113e-01 
 8.964248890858358e-08  5.980588134679113e-01 
 8.966248890858357e-08  5.980588134679113e-01 
 8.968248890858357e-08  5.980588134679113e-01 
 8.970248890858356e-08  5.980588134679113e-01 
 8.972248890858356e-08  5.980588134679113e-01 
 8.974248890858356e-08  5.980588134679113e-01 
 8.976248890858355e-08  5.980588134679113e-01 
 8.978248890858355e-08  5.980588134679113e-01 
 8.980248890858355e-08  5.980588134679113e-01 
 8.982248890858354e-08  5.980588134679113e-01 
 8.984248890858354e-08  5.980588134679113e-01 
 8.986248890858353e-08  5.980588134679113e-01 
 8.988248890858353e-08  5.980588134679113e-01 
 8.990248890858353e-08  5.980588134679113e-01 
 8.992248890858352e-08  5.980588134679113e-01 
 8.994248890858352e-08  5.980588134679113e-01 
 8.996248890858351e-08  5.980588134679113e-01 
 8.998248890858351e-08  5.980588134679113e-01 
 9.000248890858351e-08  5.980588134679113e-01 
 9.002248890858350e-08  5.980588134679113e-01 
 9.004248890858350e-08  5.980588134679113e-01 
 9.006248890858350e-08  5.980588134679113e-01 
 9.008248890858349e-08  5.980588134679113e-01 
 9.010248890858349e-08  5.980588134679113e-01 
 9.012248890858348e-08  5.980588134679113e-01 
 9.014248890858348e-08  5.980588134679113e-01 
 9.016248890858348e-08  5.980588134679113e-01 
 9.018248890858347e-08  5.980588134679113e-01 
 9.020248890858347e-08  5.980588134679113e-01 
 9.022248890858347e-08  5.980588134679113e-01 
 9.024248890858346e-08  5.980588134679113e-01 
 9.026248890858346e-08  5.980588134679113e-01 
 9.028248890858345e-08  5.980588134679113e-01 
 9.030248890858345e-08  5.980588134679113e-01 
 9.032248890858345e-08  5.980588134679113e-01 
 9.034248890858344e-08  5.980588134679113e-01 
 9.036248890858344e-08  5.980588134679113e-01 
 9.038248890858344e-08  5.980588134679113e-01 
 9.040248890858343e-08  5.980588134679113e-01 
 9.042248890858343e-08  5.980588134679113e-01 
 9.044248890858342e-08  5.980588134679113e-01 
 9.046248890858342e-08  5.980588134679113e-01 
 9.048248890858342e-08  5.980588134679113e-01 
 9.050248890858341e-08  5.980588134679113e-01 
 9.052248890858341e-08  5.980588134679113e-01 
 9.054248890858340e-08  5.980588134679113e-01 
 9.056248890858340e-08  5.980588134679113e-01 
 9.058248890858340e-08  5.980588134679113e-01 
 9.060248890858339e-08  5.980588134679113e-01 
 9.062248890858339e-08  5.980588134679113e-01 
 9.064248890858339e-08  5.980588134679113e-01 
 9.066248890858338e-08  5.980588134679113e-01 
 9.068248890858338e-08  5.980588134679113e-01 
 9.070248890858337e-08  5.980588134679113e-01 
 9.072248890858337e-08  5.980588134679113e-01 
 9.074248890858337e-08  5.980588134679113e-01 
 9.076248890858336e-08  5.980588134679113e-01 
 9.078248890858336e-08  5.980588134679113e-01 
 9.080248890858336e-08  5.980588134679113e-01 
 9.082248890858335e-08  5.980588134679113e-01 
 9.084248890858335e-08  5.980588134679113e-01 
 9.086248890858334e-08  5.980588134679113e-01 
 9.088248890858334e-08  5.980588134679113e-01 
 9.090248890858334e-08  5.980588134679113e-01 
 9.092248890858333e-08  5.980588134679113e-01 
 9.094248890858333e-08  5.980588134679113e-01 
 9.096248890858333e-08  5.980588134679113e-01 
 9.098248890858332e-08  5.980588134679113e-01 
 9.100248890858332e-08  5.980588134679113e-01 
 9.102248890858331e-08  5.980588134679113e-01 
 9.104248890858331e-08  5.980588134679113e-01 
 9.106248890858331e-08  5.980588134679113e-01 
 9.108248890858330e-08  5.980588134679113e-01 
 9.110248890858330e-08  5.980588134679113e-01 
 9.112248890858329e-08  5.980588134679113e-01 
 9.114248890858329e-08  5.980588134679113e-01 
 9.116248890858329e-08  5.980588134679113e-01 
 9.118248890858328e-08  5.980588134679113e-01 
 9.120248890858328e-08  5.980588134679113e-01 
 9.122248890858328e-08  5.980588134679113e-01 
 9.124248890858327e-08  5.980588134679113e-01 
 9.126248890858327e-08  5.980588134679113e-01 
 9.128248890858326e-08  5.980588134679113e-01 
 9.130248890858326e-08  5.980588134679113e-01 
 9.132248890858326e-08  5.980588134679113e-01 
 9.134248890858325e-08  5.980588134679113e-01 
 9.136248890858325e-08  5.980588134679113e-01 
 9.138248890858325e-08  5.980588134679113e-01 
 9.140248890858324e-08  5.980588134679113e-01 
 9.142248890858324e-08  5.980588134679113e-01 
 9.144248890858323e-08  5.980588134679113e-01 
 9.146248890858323e-08  5.980588134679113e-01 
 9.148248890858323e-08  5.980588134679113e-01 
 9.150248890858322e-08  5.980588134679113e-01 
 9.152248890858322e-08  5.980588134679113e-01 
 9.154248890858322e-08  5.980588134679113e-01 
 9.156248890858321e-08  5.980588134679113e-01 
 9.158248890858321e-08  5.980588134679113e-01 
 9.160248890858320e-08  5.980588134679113e-01 
 9.162248890858320e-08  5.980588134679113e-01 
 9.164248890858320e-08  5.980588134679113e-01 
 9.166248890858319e-08  5.980588134679113e-01 
 9.168248890858319e-08  5.980588134679113e-01 
 9.170248890858318e-08  5.980588134679113e-01 
 9.172248890858318e-08  5.980588134679113e-01 
 9.174248890858318e-08  5.980588134679113e-01 
 9.176248890858317e-08  5.980588134679113e-01 
 9.178248890858317e-08  5.980588134679113e-01 
 9.180248890858317e-08  5.980588134679113e-01 
 9.182248890858316e-08  5.980588134679113e-01 
 9.184248890858316e-08  5.980588134679113e-01 
 9.186248890858315e-08  5.980588134679113e-01 
 9.188248890858315e-08  5.980588134679113e-01 
 9.190248890858315e-08  5.980588134679113e-01 
 9.192248890858314e-08  5.980588134679113e-01 
 9.194248890858314e-08  5.980588134679113e-01 
 9.196248890858314e-08  5.980588134679113e-01 
 9.198248890858313e-08  5.980588134679113e-01 
 9.200248890858313e-08  5.980588134679113e-01 
 9.202248890858312e-08  5.980588134679113e-01 
 9.204248890858312e-08  5.980588134679113e-01 
 9.206248890858312e-08  5.980588134679113e-01 
 9.208248890858311e-08  5.980588134679113e-01 
 9.210248890858311e-08  5.980588134679113e-01 
 9.212248890858311e-08  5.980588134679113e-01 
 9.214248890858310e-08  5.980588134679113e-01 
 9.216248890858310e-08  5.980588134679113e-01 
 9.218248890858309e-08  5.980588134679113e-01 
 9.220248890858309e-08  5.980588134679113e-01 
 9.222248890858309e-08  5.980588134679113e-01 
 9.224248890858308e-08  5.980588134679113e-01 
 9.226248890858308e-08  5.980588134679113e-01 
 9.228248890858307e-08  5.980588134679113e-01 
 9.230248890858307e-08  5.980588134679113e-01 
 9.232248890858307e-08  5.980588134679113e-01 
 9.234248890858306e-08  5.980588134679113e-01 
 9.236248890858306e-08  5.980588134679113e-01 
 9.238248890858306e-08  5.980588134679113e-01 
 9.240248890858305e-08  5.980588134679113e-01 
 9.242248890858305e-08  5.980588134679113e-01 
 9.244248890858304e-08  5.980588134679113e-01 
 9.246248890858304e-08  5.980588134679113e-01 
 9.248248890858304e-08  5.980588134679113e-01 
 9.250248890858303e-08  5.980588134679113e-01 
 9.252248890858303e-08  5.980588134679113e-01 
 9.254248890858303e-08  5.980588134679113e-01 
 9.256248890858302e-08  5.980588134679113e-01 
 9.258248890858302e-08  5.980588134679113e-01 
 9.260248890858301e-08  5.980588134679113e-01 
 9.262248890858301e-08  5.980588134679113e-01 
 9.264248890858301e-08  5.980588134679113e-01 
 9.266248890858300e-08  5.980588134679113e-01 
 9.268248890858300e-08  5.980588134679113e-01 
 9.270248890858300e-08  5.980588134679113e-01 
 9.272248890858299e-08  5.980588134679113e-01 
 9.274248890858299e-08  5.980588134679113e-01 
 9.276248890858298e-08  5.980588134679113e-01 
 9.278248890858298e-08  5.980588134679113e-01 
 9.280248890858298e-08  5.980588134679113e-01 
 9.282248890858297e-08  5.980588134679113e-01 
 9.284248890858297e-08  5.980588134679113e-01 
 9.286248890858296e-08  5.980588134679113e-01 
 9.288248890858296e-08  5.980588134679113e-01 
 9.290248890858296e-08  5.980588134679113e-01 
 9.292248890858295e-08  5.980588134679113e-01 
 9.294248890858295e-08  5.980588134679113e-01 
 9.296248890858295e-08  5.980588134679113e-01 
 9.298248890858294e-08  5.980588134679113e-01 
 9.300248890858294e-08  5.980588134679113e-01 
 9.302248890858293e-08  5.980588134679113e-01 
 9.304248890858293e-08  5.980588134679113e-01 
 9.306248890858293e-08  5.980588134679113e-01 
 9.308248890858292e-08  5.980588134679113e-01 
 9.310248890858292e-08  5.980588134679113e-01 
 9.312248890858292e-08  5.980588134679113e-01 
 9.314248890858291e-08  5.980588134679113e-01 
 9.316248890858291e-08  5.980588134679113e-01 
 9.318248890858290e-08  5.980588134679113e-01 
 9.320248890858290e-08  5.980588134679113e-01 
 9.322248890858290e-08  5.980588134679113e-01 
 9.324248890858289e-08  5.980588134679113e-01 
 9.326248890858289e-08  5.980588134679113e-01 
 9.328248890858289e-08  5.980588134679113e-01 
 9.330248890858288e-08  5.980588134679113e-01 
 9.332248890858288e-08  5.980588134679113e-01 
 9.334248890858287e-08  5.980588134679113e-01 
 9.336248890858287e-08  5.980588134679113e-01 
 9.338248890858287e-08  5.980588134679113e-01 
 9.340248890858286e-08  5.980588134679113e-01 
 9.342248890858286e-08  5.980588134679113e-01 
 9.344248890858286e-08  5.980588134679113e-01 
 9.346248890858285e-08  5.980588134679113e-01 
 9.348248890858285e-08  5.980588134679113e-01 
 9.350248890858284e-08  5.980588134679113e-01 
 9.352248890858284e-08  5.980588134679113e-01 
 9.354248890858284e-08  5.980588134679113e-01 
 9.356248890858283e-08  5.980588134679113e-01 
 9.358248890858283e-08  5.980588134679113e-01 
 9.360248890858282e-08  5.980588134679113e-01 
 9.362248890858282e-08  5.980588134679113e-01 
 9.364248890858282e-08  5.980588134679113e-01 
 9.366248890858281e-08  5.980588134679113e-01 
 9.368248890858281e-08  5.980588134679113e-01 
 9.370248890858281e-08  5.980588134679113e-01 
 9.372248890858280e-08  5.980588134679113e-01 
 9.374248890858280e-08  5.980588134679113e-01 
 9.376248890858279e-08  5.980588134679113e-01 
 9.378248890858279e-08  5.980588134679113e-01 
 9.380248890858279e-08  5.980588134679113e-01 
 9.382248890858278e-08  5.980588134679113e-01 
 9.384248890858278e-08  5.980588134679113e-01 
 9.386248890858278e-08  5.980588134679113e-01 
 9.388248890858277e-08  5.980588134679113e-01 
 9.390248890858277e-08  5.980588134679113e-01 
 9.392248890858276e-08  5.980588134679113e-01 
 9.394248890858276e-08  5.980588134679113e-01 
 9.396248890858276e-08  5.980588134679113e-01 
 9.398248890858275e-08  5.980588134679113e-01 
 9.400248890858275e-08  5.980588134679113e-01 
 9.402248890858275e-08  5.980588134679113e-01 
 9.404248890858274e-08  5.980588134679113e-01 
 9.406248890858274e-08  5.980588134679113e-01 
 9.408248890858273e-08  5.980588134679113e-01 
 9.410248890858273e-08  5.980588134679113e-01 
 9.412248890858273e-08  5.980588134679113e-01 
 9.414248890858272e-08  5.980588134679113e-01 
 9.416248890858272e-08  5.980588134679113e-01 
 9.418248890858271e-08  5.980588134679113e-01 
 9.420248890858271e-08  5.980588134679113e-01 
 9.422248890858271e-08  5.980588134679113e-01 
 9.424248890858270e-08  5.980588134679113e-01 
 9.426248890858270e-08  5.980588134679113e-01 
 9.428248890858270e-08  5.980588134679113e-01 
 9.430248890858269e-08  5.980588134679113e-01 
 9.432248890858269e-08  5.980588134679113e-01 
 9.434248890858268e-08  5.980588134679113e-01 
 9.436248890858268e-08  5.980588134679113e-01 
 9.438248890858268e-08  5.980588134679113e-01 
 9.440248890858267e-08  5.980588134679113e-01 
 9.442248890858267e-08  5.980588134679113e-01 
 9.444248890858267e-08  5.980588134679113e-01 
 9.446248890858266e-08  5.980588134679113e-01 
 9.448248890858266e-08  5.980588134679113e-01 
 9.450248890858265e-08  5.980588134679113e-01 
 9.452248890858265e-08  5.980588134679113e-01 
 9.454248890858265e-08  5.980588134679113e-01 
 9.456248890858264e-08  5.980588134679113e-01 
 9.458248890858264e-08  5.980588134679113e-01 
 9.460248890858264e-08  5.980588134679113e-01 
 9.462248890858263e-08  5.980588134679113e-01 
 9.464248890858263e-08  5.980588134679113e-01 
 9.466248890858262e-08  5.980588134679113e-01 
 9.468248890858262e-08  5.980588134679113e-01 
 9.470248890858262e-08  5.980588134679113e-01 
 9.472248890858261e-08  5.980588134679113e-01 
 9.474248890858261e-08  5.980588134679113e-01 
 9.476248890858260e-08  5.980588134679113e-01 
 9.478248890858260e-08  5.980588134679113e-01 
 9.480248890858260e-08  5.980588134679113e-01 
 9.482248890858259e-08  5.980588134679113e-01 
 9.484248890858259e-08  5.980588134679113e-01 
 9.486248890858259e-08  5.980588134679113e-01 
 9.488248890858258e-08  5.980588134679113e-01 
 9.490248890858258e-08  5.980588134679113e-01 
 9.492248890858257e-08  5.980588134679113e-01 
 9.494248890858257e-08  5.980588134679113e-01 
 9.496248890858257e-08  5.980588134679113e-01 
 9.498248890858256e-08  5.980588134679113e-01 
 9.500248890858256e-08  5.980588134679113e-01 
 9.502248890858256e-08  5.980588134679113e-01 
 9.504248890858255e-08  5.980588134679113e-01 
 9.506248890858255e-08  5.980588134679113e-01 
 9.508248890858254e-08  5.980588134679113e-01 
 9.510248890858254e-08  5.980588134679113e-01 
 9.512248890858254e-08  5.980588134679113e-01 
 9.514248890858253e-08  5.980588134679113e-01 
 9.516248890858253e-08  5.980588134679113e-01 
 9.518248890858253e-08  5.980588134679113e-01 
 9.520248890858252e-08  5.980588134679113e-01 
 9.522248890858252e-08  5.980588134679113e-01 
 9.524248890858251e-08  5.980588134679113e-01 
 9.526248890858251e-08  5.980588134679113e-01 
 9.528248890858251e-08  5.980588134679113e-01 
 9.530248890858250e-08  5.980588134679113e-01 
 9.532248890858250e-08  5.980588134679113e-01 
 9.534248890858249e-08  5.980588134679113e-01 
 9.536248890858249e-08  5.980588134679113e-01 
 9.538248890858249e-08  5.980588134679113e-01 
 9.540248890858248e-08  5.980588134679113e-01 
 9.542248890858248e-08  5.980588134679113e-01 
 9.544248890858248e-08  5.980588134679113e-01 
 9.546248890858247e-08  5.980588134679113e-01 
 9.548248890858247e-08  5.980588134679113e-01 
 9.550248890858246e-08  5.980588134679113e-01 
 9.552248890858246e-08  5.980588134679113e-01 
 9.554248890858246e-08  5.980588134679113e-01 
 9.556248890858245e-08  5.980588134679113e-01 
 9.558248890858245e-08  5.980588134679113e-01 
 9.560248890858245e-08  5.980588134679113e-01 
 9.562248890858244e-08  5.980588134679113e-01 
 9.564248890858244e-08  5.980588134679113e-01 
 9.566248890858243e-08  5.980588134679113e-01 
 9.568248890858243e-08  5.980588134679113e-01 
 9.570248890858243e-08  5.980588134679113e-01 
 9.572248890858242e-08  5.980588134679113e-01 
 9.574248890858242e-08  5.980588134679113e-01 
 9.576248890858242e-08  5.980588134679113e-01 
 9.578248890858241e-08  5.980588134679113e-01 
 9.580248890858241e-08  5.980588134679113e-01 
 9.582248890858240e-08  5.980588134679113e-01 
 9.584248890858240e-08  5.980588134679113e-01 
 9.586248890858240e-08  5.980588134679113e-01 
 9.588248890858239e-08  5.980588134679113e-01 
 9.590248890858239e-08  5.980588134679113e-01 
 9.592248890858238e-08  5.980588134679113e-01 
 9.594248890858238e-08  5.980588134679113e-01 
 9.596248890858238e-08  5.980588134679113e-01 
 9.598248890858237e-08  5.980588134679113e-01 
 9.600248890858237e-08  5.980588134679113e-01 
 9.602248890858237e-08  5.980588134679113e-01 
 9.604248890858236e-08  5.980588134679113e-01 
 9.606248890858236e-08  5.980588134679113e-01 
 9.608248890858235e-08  5.980588134679113e-01 
 9.610248890858235e-08  5.980588134679113e-01 
 9.612248890858235e-08  5.980588134679113e-01 
 9.614248890858234e-08  5.980588134679113e-01 
 9.616248890858234e-08  5.980588134679113e-01 
 9.618248890858234e-08  5.980588134679113e-01 
 9.620248890858233e-08  5.980588134679113e-01 
 9.622248890858233e-08  5.980588134679113e-01 
 9.624248890858232e-08  5.980588134679113e-01 
 9.626248890858232e-08  5.980588134679113e-01 
 9.628248890858232e-08  5.980588134679113e-01 
 9.630248890858231e-08  5.980588134679113e-01 
 9.632248890858231e-08  5.980588134679113e-01 
 9.634248890858231e-08  5.980588134679113e-01 
 9.636248890858230e-08  5.980588134679113e-01 
 9.638248890858230e-08  5.980588134679113e-01 
 9.640248890858229e-08  5.980588134679113e-01 
 9.642248890858229e-08  5.980588134679113e-01 
 9.644248890858229e-08  5.980588134679113e-01 
 9.646248890858228e-08  5.980588134679113e-01 
 9.648248890858228e-08  5.980588134679113e-01 
 9.650248890858227e-08  5.980588134679113e-01 
 9.652248890858227e-08  5.980588134679113e-01 
 9.654248890858227e-08  5.980588134679113e-01 
 9.656248890858226e-08  5.980588134679113e-01 
 9.658248890858226e-08  5.980588134679113e-01 
 9.660248890858226e-08  5.980588134679113e-01 
 9.662248890858225e-08  5.980588134679113e-01 
 9.664248890858225e-08  5.980588134679113e-01 
 9.666248890858224e-08  5.980588134679113e-01 
 9.668248890858224e-08  5.980588134679113e-01 
 9.670248890858224e-08  5.980588134679113e-01 
 9.672248890858223e-08  5.980588134679113e-01 
 9.674248890858223e-08  5.980588134679113e-01 
 9.676248890858223e-08  5.980588134679113e-01 
 9.678248890858222e-08  5.980588134679113e-01 
 9.680248890858222e-08  5.980588134679113e-01 
 9.682248890858221e-08  5.980588134679113e-01 
 9.684248890858221e-08  5.980588134679113e-01 
 9.686248890858221e-08  5.980588134679113e-01 
 9.688248890858220e-08  5.980588134679113e-01 
 9.690248890858220e-08  5.980588134679113e-01 
 9.692248890858220e-08  5.980588134679113e-01 
 9.694248890858219e-08  5.980588134679113e-01 
 9.696248890858219e-08  5.980588134679113e-01 
 9.698248890858218e-08  5.980588134679113e-01 
 9.700248890858218e-08  5.980588134679113e-01 
 9.702248890858218e-08  5.980588134679113e-01 
 9.704248890858217e-08  5.980588134679113e-01 
 9.706248890858217e-08  5.980588134679113e-01 
 9.708248890858217e-08  5.980588134679113e-01 
 9.710248890858216e-08  5.980588134679113e-01 
 9.712248890858216e-08  5.980588134679113e-01 
 9.714248890858215e-08  5.980588134679113e-01 
 9.716248890858215e-08  5.980588134679113e-01 
 9.718248890858215e-08  5.980588134679113e-01 
 9.720248890858214e-08  5.980588134679113e-01 
 9.722248890858214e-08  5.980588134679113e-01 
 9.724248890858213e-08  5.980588134679113e-01 
 9.726248890858213e-08  5.980588134679113e-01 
 9.728248890858213e-08  5.980588134679113e-01 
 9.730248890858212e-08  5.980588134679113e-01 
 9.732248890858212e-08  5.980588134679113e-01 
 9.734248890858212e-08  5.980588134679113e-01 
 9.736248890858211e-08  5.980588134679113e-01 
 9.738248890858211e-08  5.980588134679113e-01 
 9.740248890858210e-08  5.980588134679113e-01 
 9.742248890858210e-08  5.980588134679113e-01 
 9.744248890858210e-08  5.980588134679113e-01 
 9.746248890858209e-08  5.980588134679113e-01 
 9.748248890858209e-08  5.980588134679113e-01 
 9.750248890858209e-08  5.980588134679113e-01 
 9.752248890858208e-08  5.980588134679113e-01 
 9.754248890858208e-08  5.980588134679113e-01 
 9.756248890858207e-08  5.980588134679113e-01 
 9.758248890858207e-08  5.980588134679113e-01 
 9.760248890858207e-08  5.980588134679113e-01 
 9.762248890858206e-08  5.980588134679113e-01 
 9.764248890858206e-08  5.980588134679113e-01 
 9.766248890858206e-08  5.980588134679113e-01 
 9.768248890858205e-08  5.980588134679113e-01 
 9.770248890858205e-08  5.980588134679113e-01 
 9.772248890858204e-08  5.980588134679113e-01 
 9.774248890858204e-08  5.980588134679113e-01 
 9.776248890858204e-08  5.980588134679113e-01 
 9.778248890858203e-08  5.980588134679113e-01 
 9.780248890858203e-08  5.980588134679113e-01 
 9.782248890858202e-08  5.980588134679113e-01 
 9.784248890858202e-08  5.980588134679113e-01 
 9.786248890858202e-08  5.980588134679113e-01 
 9.788248890858201e-08  5.980588134679113e-01 
 9.790248890858201e-08  5.980588134679113e-01 
 9.792248890858201e-08  5.980588134679113e-01 
 9.794248890858200e-08  5.980588134679113e-01 
 9.796248890858200e-08  5.980588134679113e-01 
 9.798248890858199e-08  5.980588134679113e-01 
 9.800248890858199e-08  5.980588134679113e-01 
 9.802248890858199e-08  5.980588134679113e-01 
 9.804248890858198e-08  5.980588134679113e-01 
 9.806248890858198e-08  5.980588134679113e-01 
 9.808248890858198e-08  5.980588134679113e-01 
 9.810248890858197e-08  5.980588134679113e-01 
 9.812248890858197e-08  5.980588134679113e-01 
 9.814248890858196e-08  5.980588134679113e-01 
 9.816248890858196e-08  5.980588134679113e-01 
 9.818248890858196e-08  5.980588134679113e-01 
 9.820248890858195e-08  5.980588134679113e-01 
 9.822248890858195e-08  5.980588134679113e-01 
 9.824248890858195e-08  5.980588134679113e-01 
 9.826248890858194e-08  5.980588134679113e-01 
 9.828248890858194e-08  5.980588134679113e-01 
 9.830248890858193e-08  5.980588134679113e-01 
 9.832248890858193e-08  5.980588134679113e-01 
 9.834248890858193e-08  5.980588134679113e-01 
 9.836248890858192e-08  5.980588134679113e-01 
 9.838248890858192e-08  5.980588134679113e-01 
 9.840248890858191e-08  5.980588134679113e-01 
 9.842248890858191e-08  5.980588134679113e-01 
 9.844248890858191e-08  5.980588134679113e-01 
 9.846248890858190e-08  5.980588134679113e-01 
 9.848248890858190e-08  5.980588134679113e-01 
 9.850248890858190e-08  5.980588134679113e-01 
 9.852248890858189e-08  5.980588134679113e-01 
 9.854248890858189e-08  5.980588134679113e-01 
 9.856248890858188e-08  5.980588134679113e-01 
 9.858248890858188e-08  5.980588134679113e-01 
 9.860248890858188e-08  5.980588134679113e-01 
 9.862248890858187e-08  5.980588134679113e-01 
 9.864248890858187e-08  5.980588134679113e-01 
 9.866248890858187e-08  5.980588134679113e-01 
 9.868248890858186e-08  5.980588134679113e-01 
 9.870248890858186e-08  5.980588134679113e-01 
 9.872248890858185e-08  5.980588134679113e-01 
 9.874248890858185e-08  5.980588134679113e-01 
 9.876248890858185e-08  5.980588134679113e-01 
 9.878248890858184e-08  5.980588134679113e-01 
 9.880248890858184e-08  5.980588134679113e-01 
 9.882248890858184e-08  5.980588134679113e-01 
 9.884248890858183e-08  5.980588134679113e-01 
 9.886248890858183e-08  5.980588134679113e-01 
 9.888248890858182e-08  5.980588134679113e-01 
 9.890248890858182e-08  5.980588134679113e-01 
 9.892248890858182e-08  5.980588134679113e-01 
 9.894248890858181e-08  5.980588134679113e-01 
 9.896248890858181e-08  5.980588134679113e-01 
 9.898248890858180e-08  5.980588134679113e-01 
 9.900248890858180e-08  5.980588134679113e-01 
 9.902248890858180e-08  5.980588134679113e-01 
 9.904248890858179e-08  5.980588134679113e-01 
 9.906248890858179e-08  5.980588134679113e-01 
 9.908248890858179e-08  5.980588134679113e-01 
 9.910248890858178e-08  5.980588134679113e-01 
 9.912248890858178e-08  5.980588134679113e-01 
 9.914248890858177e-08  5.980588134679113e-01 
 9.916248890858177e-08  5.980588134679113e-01 
 9.918248890858177e-08  5.980588134679113e-01 
 9.920248890858176e-08  5.980588134679113e-01 
 9.922248890858176e-08  5.980588134679113e-01 
 9.924248890858176e-08  5.980588134679113e-01 
 9.926248890858175e-08  5.980588134679113e-01 
 9.928248890858175e-08  5.980588134679113e-01 
 9.930248890858174e-08  5.980588134679113e-01 
 9.932248890858174e-08  5.980588134679113e-01 
 9.934248890858174e-08  5.980588134679113e-01 
 9.936248890858173e-08  5.980588134679113e-01 
 9.938248890858173e-08  5.980588134679113e-01 
 9.940248890858173e-08  5.980588134679113e-01 
 9.942248890858172e-08  5.980588134679113e-01 
 9.944248890858172e-08  5.980588134679113e-01 
 9.946248890858171e-08  5.980588134679113e-01 
 9.948248890858171e-08  5.980588134679113e-01 
 9.950248890858171e-08  5.980588134679113e-01 
 9.952248890858170e-08  5.980588134679113e-01 
 9.954248890858170e-08  5.980588134679113e-01 
 9.956248890858169e-08  5.980588134679113e-01 
 9.958248890858169e-08  5.980588134679113e-01 
 9.960248890858169e-08  5.980588134679113e-01 
 9.962248890858168e-08  5.980588134679113e-01 
 9.964248890858168e-08  5.980588134679113e-01 
 9.966248890858168e-08  5.980588134679113e-01 
 9.968248890858167e-08  5.980588134679113e-01 
 9.970248890858167e-08  5.980588134679113e-01 
 9.972248890858166e-08  5.980588134679113e-01 
 9.974248890858166e-08  5.980588134679113e-01 
 9.976248890858166e-08  5.980588134679113e-01 
 9.978248890858165e-08  5.980588134679113e-01 
 9.980248890858165e-08  5.980588134679113e-01 
 9.982248890858165e-08  5.980588134679113e-01 
 9.984248890858164e-08  5.980588134679113e-01 
 9.986248890858164e-08  5.980588134679113e-01 
 9.988248890858163e-08  5.980588134679113e-01 
 9.990248890858163e-08  5.980588134679113e-01 
 9.992248890858163e-08  5.980588134679113e-01 
 9.994248890858162e-08  5.980588134679113e-01 
 9.996248890858162e-08  5.980588134679113e-01 
 9.998248890858162e-08  5.980588134679113e-01 
 1.000024889085816e-07  5.980588134679113e-01 
 1.000224889085816e-07  5.980588134679113e-01 
 1.000424889085816e-07  5.980588134679113e-01 
 1.000624889085816e-07  5.980588134679113e-01 
 1.000824889085816e-07  5.980588134679113e-01 
 1.001024889085816e-07  5.980588134679113e-01 
 1.001224889085816e-07  5.980588134679113e-01 
 1.001424889085816e-07  5.980588134679113e-01 
 1.001624889085816e-07  5.980588134679113e-01 
 1.001824889085816e-07  5.980588134679113e-01 
 1.002024889085816e-07  5.980588134679113e-01 
 1.002224889085816e-07  5.980588134679113e-01 
 1.002424889085816e-07  5.980588134679113e-01 
 1.002624889085816e-07  5.980588134679113e-01 
 1.002824889085816e-07  5.980588134679113e-01 
 1.003024889085816e-07  5.980588134679113e-01 
 1.003224889085816e-07  5.980588134679113e-01 
 1.003424889085815e-07  5.980588134679113e-01 
 1.003624889085815e-07  5.980588134679113e-01 
 1.003824889085815e-07  5.980588134679113e-01 
 1.004024889085815e-07  5.980588134679113e-01 
 1.004224889085815e-07  5.980588134679113e-01 
 1.004424889085815e-07  5.980588134679113e-01 
 1.004624889085815e-07  5.980588134679113e-01 
 1.004824889085815e-07  5.980588134679113e-01 
 1.005024889085815e-07  5.980588134679113e-01 
 1.005224889085815e-07  5.980588134679113e-01 
 1.005424889085815e-07  5.980588134679113e-01 
 1.005624889085815e-07  5.980588134679113e-01 
 1.005824889085815e-07  5.980588134679113e-01 
 1.006024889085815e-07  5.980588134679113e-01 
 1.006224889085815e-07  5.980588134679113e-01 
 1.006424889085815e-07  5.980588134679113e-01 
 1.006624889085815e-07  5.980588134679113e-01 
 1.006824889085815e-07  5.980588134679113e-01 
 1.007024889085815e-07  5.980588134679113e-01 
 1.007224889085815e-07  5.980588134679113e-01 
 1.007424889085815e-07  5.980588134679113e-01 
 1.007624889085815e-07  5.980588134679113e-01 
 1.007824889085815e-07  5.980588134679113e-01 
 1.008024889085815e-07  5.980588134679113e-01 
 1.008224889085815e-07  5.980588134679113e-01 
 1.008424889085815e-07  5.980588134679113e-01 
 1.008624889085814e-07  5.980588134679113e-01 
 1.008824889085814e-07  5.980588134679113e-01 
 1.009024889085814e-07  5.980588134679113e-01 
 1.009224889085814e-07  5.980588134679113e-01 
 1.009424889085814e-07  5.980588134679113e-01 
 1.009624889085814e-07  5.980588134679113e-01 
 1.009824889085814e-07  5.980588134679113e-01 
 1.010024889085814e-07  5.980588134679113e-01 
 1.010224889085814e-07  5.980588134679113e-01 
 1.010424889085814e-07  5.980588134679113e-01 
 1.010624889085814e-07  5.980588134679113e-01 
 1.010824889085814e-07  5.980588134679113e-01 
 1.011024889085814e-07  5.980588134679113e-01 
 1.011224889085814e-07  5.980588134679113e-01 
 1.011424889085814e-07  5.980588134679113e-01 
 1.011624889085814e-07  5.980588134679113e-01 
 1.011824889085814e-07  5.980588134679113e-01 
 1.012024889085814e-07  5.980588134679113e-01 
 1.012224889085814e-07  5.980588134679113e-01 
 1.012424889085814e-07  5.980588134679113e-01 
 1.012624889085814e-07  5.980588134679113e-01 
 1.012824889085814e-07  5.980588134679113e-01 
 1.013024889085814e-07  5.980588134679113e-01 
 1.013224889085814e-07  5.980588134679113e-01 
 1.013424889085814e-07  5.980588134679113e-01 
 1.013624889085814e-07  5.980588134679113e-01 
 1.013824889085813e-07  5.980588134679113e-01 
 1.014024889085813e-07  5.980588134679113e-01 
 1.014224889085813e-07  5.980588134679113e-01 
 1.014424889085813e-07  5.980588134679113e-01 
 1.014624889085813e-07  5.980588134679113e-01 
 1.014824889085813e-07  5.980588134679113e-01 
 1.015024889085813e-07  5.980588134679113e-01 
 1.015224889085813e-07  5.980588134679113e-01 
 1.015424889085813e-07  5.980588134679113e-01 
 1.015624889085813e-07  5.980588134679113e-01 
 1.015824889085813e-07  5.980588134679113e-01 
 1.016024889085813e-07  5.980588134679113e-01 
 1.016224889085813e-07  5.980588134679113e-01 
 1.016424889085813e-07  5.980588134679113e-01 
 1.016624889085813e-07  5.980588134679113e-01 
 1.016824889085813e-07  5.980588134679113e-01 
 1.017024889085813e-07  5.980588134679113e-01 
 1.017224889085813e-07  5.980588134679113e-01 
 1.017424889085813e-07  5.980588134679113e-01 
 1.017624889085813e-07  5.980588134679113e-01 
 1.017824889085813e-07  5.980588134679113e-01 
 1.018024889085813e-07  5.980588134679113e-01 
 1.018224889085813e-07  5.980588134679113e-01 
 1.018424889085813e-07  5.980588134679113e-01 
 1.018624889085813e-07  5.980588134679113e-01 
 1.018824889085813e-07  5.980588134679113e-01 
 1.019024889085813e-07  5.980588134679113e-01 
 1.019224889085812e-07  5.980588134679113e-01 
 1.019424889085812e-07  5.980588134679113e-01 
 1.019624889085812e-07  5.980588134679113e-01 
 1.019824889085812e-07  5.980588134679113e-01 
 1.020024889085812e-07  5.980588134679113e-01 
 1.020224889085812e-07  5.980588134679113e-01 
 1.020424889085812e-07  5.980588134679113e-01 
 1.020624889085812e-07  5.980588134679113e-01 
 1.020824889085812e-07  5.980588134679113e-01 
 1.021024889085812e-07  5.980588134679113e-01 
 1.021224889085812e-07  5.980588134679113e-01 
 1.021424889085812e-07  5.980588134679113e-01 
 1.021624889085812e-07  5.980588134679113e-01 
 1.021824889085812e-07  5.980588134679113e-01 
 1.022024889085812e-07  5.980588134679113e-01 
 1.022224889085812e-07  5.980588134679113e-01 
 1.022424889085812e-07  5.980588134679113e-01 
 1.022624889085812e-07  5.980588134679113e-01 
 1.022824889085812e-07  5.980588134679113e-01 
 1.023024889085812e-07  5.980588134679113e-01 
 1.023224889085812e-07  5.980588134679113e-01 
 1.023424889085812e-07  5.980588134679113e-01 
 1.023624889085812e-07  5.980588134679113e-01 
 1.023824889085812e-07  5.980588134679113e-01 
 1.024024889085812e-07  5.980588134679113e-01 
 1.024224889085812e-07  5.980588134679113e-01 
 1.024424889085811e-07  5.980588134679113e-01 
 1.024624889085811e-07  5.980588134679113e-01 
 1.024824889085811e-07  5.980588134679113e-01 
 1.025024889085811e-07  5.980588134679113e-01 
 1.025224889085811e-07  5.980588134679113e-01 
 1.025424889085811e-07  5.980588134679113e-01 
 1.025624889085811e-07  5.980588134679113e-01 
 1.025824889085811e-07  5.980588134679113e-01 
 1.026024889085811e-07  5.980588134679113e-01 
 1.026224889085811e-07  5.980588134679113e-01 
 1.026424889085811e-07  5.980588134679113e-01 
 1.026624889085811e-07  5.980588134679113e-01 
 1.026824889085811e-07  5.980588134679113e-01 
 1.027024889085811e-07  5.980588134679113e-01 
 1.027224889085811e-07  5.980588134679113e-01 
 1.027424889085811e-07  5.980588134679113e-01 
 1.027624889085811e-07  5.980588134679113e-01 
 1.027824889085811e-07  5.980588134679113e-01 
 1.028024889085811e-07  5.980588134679113e-01 
 1.028224889085811e-07  5.980588134679113e-01 
 1.028424889085811e-07  5.980588134679113e-01 
 1.028624889085811e-07  5.980588134679113e-01 
 1.028824889085811e-07  5.980588134679113e-01 
 1.029024889085811e-07  5.980588134679113e-01 
 1.029224889085811e-07  5.980588134679113e-01 
 1.029424889085811e-07  5.980588134679113e-01 
 1.029624889085811e-07  5.980588134679113e-01 
 1.029824889085810e-07  5.980588134679113e-01 
 1.030024889085810e-07  5.980588134679113e-01 
 1.030224889085810e-07  5.980588134679113e-01 
 1.030424889085810e-07  5.980588134679113e-01 
 1.030624889085810e-07  5.980588134679113e-01 
 1.030824889085810e-07  5.980588134679113e-01 
 1.031024889085810e-07  5.980588134679113e-01 
 1.031224889085810e-07  5.980588134679113e-01 
 1.031424889085810e-07  5.980588134679113e-01 
 1.031624889085810e-07  5.980588134679113e-01 
 1.031824889085810e-07  5.980588134679113e-01 
 1.032024889085810e-07  5.980588134679113e-01 
 1.032224889085810e-07  5.980588134679113e-01 
 1.032424889085810e-07  5.980588134679113e-01 
 1.032624889085810e-07  5.980588134679113e-01 
 1.032824889085810e-07  5.980588134679113e-01 
 1.033024889085810e-07  5.980588134679113e-01 
 1.033224889085810e-07  5.980588134679113e-01 
 1.033424889085810e-07  5.980588134679113e-01 
 1.033624889085810e-07  5.980588134679113e-01 
 1.033824889085810e-07  5.980588134679113e-01 
 1.034024889085810e-07  5.980588134679113e-01 
 1.034224889085810e-07  5.980588134679113e-01 
 1.034424889085810e-07  5.980588134679113e-01 
 1.034624889085810e-07  5.980588134679113e-01 
 1.034824889085810e-07  5.980588134679113e-01 
 1.035024889085809e-07  5.980588134679113e-01 
 1.035224889085809e-07  5.980588134679113e-01 
 1.035424889085809e-07  5.980588134679113e-01 
 1.035624889085809e-07  5.980588134679113e-01 
 1.035824889085809e-07  5.980588134679113e-01 
 1.036024889085809e-07  5.980588134679113e-01 
 1.036224889085809e-07  5.980588134679113e-01 
 1.036424889085809e-07  5.980588134679113e-01 
 1.036624889085809e-07  5.980588134679113e-01 
 1.036824889085809e-07  5.980588134679113e-01 
 1.037024889085809e-07  5.980588134679113e-01 
 1.037224889085809e-07  5.980588134679113e-01 
 1.037424889085809e-07  5.980588134679113e-01 
 1.037624889085809e-07  5.980588134679113e-01 
 1.037824889085809e-07  5.980588134679113e-01 
 1.038024889085809e-07  5.980588134679113e-01 
 1.038224889085809e-07  5.980588134679113e-01 
 1.038424889085809e-07  5.980588134679113e-01 
 1.038624889085809e-07  5.980588134679113e-01 
 1.038824889085809e-07  5.980588134679113e-01 
 1.039024889085809e-07  5.980588134679113e-01 
 1.039224889085809e-07  5.980588134679113e-01 
 1.039424889085809e-07  5.980588134679113e-01 
 1.039624889085809e-07  5.980588134679113e-01 
 1.039824889085809e-07  5.980588134679113e-01 
 1.040024889085809e-07  5.980588134679113e-01 
 1.040224889085808e-07  5.980588134679113e-01 
 1.040424889085808e-07  5.980588134679113e-01 
 1.040624889085808e-07  5.980588134679113e-01 
 1.040824889085808e-07  5.980588134679113e-01 
 1.041024889085808e-07  5.980588134679113e-01 
 1.041224889085808e-07  5.980588134679113e-01 
 1.041424889085808e-07  5.980588134679113e-01 
 1.041624889085808e-07  5.980588134679113e-01 
 1.041824889085808e-07  5.980588134679113e-01 
 1.042024889085808e-07  5.980588134679113e-01 
 1.042224889085808e-07  5.980588134679113e-01 
 1.042424889085808e-07  5.980588134679113e-01 
 1.042624889085808e-07  5.980588134679113e-01 
 1.042824889085808e-07  5.980588134679113e-01 
 1.043024889085808e-07  5.980588134679113e-01 
 1.043224889085808e-07  5.980588134679113e-01 
 1.043424889085808e-07  5.980588134679113e-01 
 1.043624889085808e-07  5.980588134679113e-01 
 1.043824889085808e-07  5.980588134679113e-01 
 1.044024889085808e-07  5.980588134679113e-01 
 1.044224889085808e-07  5.980588134679113e-01 
 1.044424889085808e-07  5.980588134679113e-01 
 1.044624889085808e-07  5.980588134679113e-01 
 1.044824889085808e-07  5.980588134679113e-01 
 1.045024889085808e-07  5.980588134679113e-01 
 1.045224889085808e-07  5.980588134679113e-01 
 1.045424889085808e-07  5.980588134679113e-01 
 1.045624889085807e-07  5.980588134679113e-01 
 1.045824889085807e-07  5.980588134679113e-01 
 1.046024889085807e-07  5.980588134679113e-01 
 1.046224889085807e-07  5.980588134679113e-01 
 1.046424889085807e-07  5.980588134679113e-01 
 1.046624889085807e-07  5.980588134679113e-01 
 1.046824889085807e-07  5.980588134679113e-01 
 1.047024889085807e-07  5.980588134679113e-01 
 1.047224889085807e-07  5.980588134679113e-01 
 1.047424889085807e-07  5.980588134679113e-01 
 1.047624889085807e-07  5.980588134679113e-01 
 1.047824889085807e-07  5.980588134679113e-01 
 1.048024889085807e-07  5.980588134679113e-01 
 1.048224889085807e-07  5.980588134679113e-01 
 1.048424889085807e-07  5.980588134679113e-01 
 1.048624889085807e-07  5.980588134679113e-01 
 1.048824889085807e-07  5.980588134679113e-01 
 1.049024889085807e-07  5.980588134679113e-01 
 1.049224889085807e-07  5.980588134679113e-01 
 1.049424889085807e-07  5.980588134679113e-01 
 1.049624889085807e-07  5.980588134679113e-01 
 1.049824889085807e-07  5.980588134679113e-01 
 1.050024889085807e-07  5.980588134679113e-01 
 1.050224889085807e-07  5.980588134679113e-01 
 1.050424889085807e-07  5.980588134679113e-01 
 1.050624889085807e-07  5.980588134679113e-01 
 1.050824889085806e-07  5.980588134679113e-01 
 1.051024889085806e-07  5.980588134679113e-01 
 1.051224889085806e-07  5.980588134679113e-01 
 1.051424889085806e-07  5.980588134679113e-01 
 1.051624889085806e-07  5.980588134679113e-01 
 1.051824889085806e-07  5.980588134679113e-01 
 1.052024889085806e-07  5.980588134679113e-01 
 1.052224889085806e-07  5.980588134679113e-01 
 1.052424889085806e-07  5.980588134679113e-01 
 1.052624889085806e-07  5.980588134679113e-01 
 1.052824889085806e-07  5.980588134679113e-01 
 1.053024889085806e-07  5.980588134679113e-01 
 1.053224889085806e-07  5.980588134679113e-01 
 1.053424889085806e-07  5.980588134679113e-01 
 1.053624889085806e-07  5.980588134679113e-01 
 1.053824889085806e-07  5.980588134679113e-01 
 1.054024889085806e-07  5.980588134679113e-01 
 1.054224889085806e-07  5.980588134679113e-01 
 1.054424889085806e-07  5.980588134679113e-01 
 1.054624889085806e-07  5.980588134679113e-01 
 1.054824889085806e-07  5.980588134679113e-01 
 1.055024889085806e-07  5.980588134679113e-01 
 1.055224889085806e-07  5.980588134679113e-01 
 1.055424889085806e-07  5.980588134679113e-01 
 1.055624889085806e-07  5.980588134679113e-01 
 1.055824889085806e-07  5.980588134679113e-01 
 1.056024889085805e-07  5.980588134679113e-01 
 1.056224889085805e-07  5.980588134679113e-01 
 1.056424889085805e-07  5.980588134679113e-01 
 1.056624889085805e-07  5.980588134679113e-01 
 1.056824889085805e-07  5.980588134679113e-01 
 1.057024889085805e-07  5.980588134679113e-01 
 1.057224889085805e-07  5.980588134679113e-01 
 1.057424889085805e-07  5.980588134679113e-01 
 1.057624889085805e-07  5.980588134679113e-01 
 1.057824889085805e-07  5.980588134679113e-01 
 1.058024889085805e-07  5.980588134679113e-01 
 1.058224889085805e-07  5.980588134679113e-01 
 1.058424889085805e-07  5.980588134679113e-01 
 1.058624889085805e-07  5.980588134679113e-01 
 1.058824889085805e-07  5.980588134679113e-01 
 1.059024889085805e-07  5.980588134679113e-01 
 1.059224889085805e-07  5.980588134679113e-01 
 1.059424889085805e-07  5.980588134679113e-01 
 1.059624889085805e-07  5.980588134679113e-01 
 1.059824889085805e-07  5.980588134679113e-01 
 1.060024889085805e-07  5.980588134679113e-01 
 1.060224889085805e-07  5.980588134679113e-01 
 1.060424889085805e-07  5.980588134679113e-01 
 1.060624889085805e-07  5.980588134679113e-01 
 1.060824889085805e-07  5.980588134679113e-01 
 1.061024889085805e-07  5.980588134679113e-01 
 1.061224889085805e-07  5.980588134679113e-01 
 1.061424889085804e-07  5.980588134679113e-01 
 1.061624889085804e-07  5.980588134679113e-01 
 1.061824889085804e-07  5.980588134679113e-01 
 1.062024889085804e-07  5.980588134679113e-01 
 1.062224889085804e-07  5.980588134679113e-01 
 1.062424889085804e-07  5.980588134679113e-01 
 1.062624889085804e-07  5.980588134679113e-01 
 1.062824889085804e-07  5.980588134679113e-01 
 1.063024889085804e-07  5.980588134679113e-01 
 1.063224889085804e-07  5.980588134679113e-01 
 1.063424889085804e-07  5.980588134679113e-01 
 1.063624889085804e-07  5.980588134679113e-01 
 1.063824889085804e-07  5.980588134679113e-01 
 1.064024889085804e-07  5.980588134679113e-01 
 1.064224889085804e-07  5.980588134679113e-01 
 1.064424889085804e-07  5.980588134679113e-01 
 1.064624889085804e-07  5.980588134679113e-01 
 1.064824889085804e-07  5.980588134679113e-01 
 1.065024889085804e-07  5.980588134679113e-01 
 1.065224889085804e-07  5.980588134679113e-01 
 1.065424889085804e-07  5.980588134679113e-01 
 1.065624889085804e-07  5.980588134679113e-01 
 1.065824889085804e-07  5.980588134679113e-01 
 1.066024889085804e-07  5.980588134679113e-01 
 1.066224889085804e-07  5.980588134679113e-01 
 1.066424889085804e-07  5.980588134679113e-01 
 1.066624889085803e-07  5.980588134679113e-01 
 1.066824889085803e-07  5.980588134679113e-01 
 1.067024889085803e-07  5.980588134679113e-01 
 1.067224889085803e-07  5.980588134679113e-01 
 1.067424889085803e-07  5.980588134679113e-01 
 1.067624889085803e-07  5.980588134679113e-01 
 1.067824889085803e-07  5.980588134679113e-01 
 1.068024889085803e-07  5.980588134679113e-01 
 1.068224889085803e-07  5.980588134679113e-01 
 1.068424889085803e-07  5.980588134679113e-01 
 1.068624889085803e-07  5.980588134679113e-01 
 1.068824889085803e-07  5.980588134679113e-01 
 1.069024889085803e-07  5.980588134679113e-01 
 1.069224889085803e-07  5.980588134679113e-01 
 1.069424889085803e-07  5.980588134679113e-01 
 1.069624889085803e-07  5.980588134679113e-01 
 1.069824889085803e-07  5.980588134679113e-01 
 1.070024889085803e-07  5.980588134679113e-01 
 1.070224889085803e-07  5.980588134679113e-01 
 1.070424889085803e-07  5.980588134679113e-01 
 1.070624889085803e-07  5.980588134679113e-01 
 1.070824889085803e-07  5.980588134679113e-01 
 1.071024889085803e-07  5.980588134679113e-01 
 1.071224889085803e-07  5.980588134679113e-01 
 1.071424889085803e-07  5.980588134679113e-01 
 1.071624889085803e-07  5.980588134679113e-01 
 1.071824889085803e-07  5.980588134679113e-01 
 1.072024889085802e-07  5.980588134679113e-01 
 1.072224889085802e-07  5.980588134679113e-01 
 1.072424889085802e-07  5.980588134679113e-01 
 1.072624889085802e-07  5.980588134679113e-01 
 1.072824889085802e-07  5.980588134679113e-01 
 1.073024889085802e-07  5.980588134679113e-01 
 1.073224889085802e-07  5.980588134679113e-01 
 1.073424889085802e-07  5.980588134679113e-01 
 1.073624889085802e-07  5.980588134679113e-01 
 1.073824889085802e-07  5.980588134679113e-01 
 1.074024889085802e-07  5.980588134679113e-01 
 1.074224889085802e-07  5.980588134679113e-01 
 1.074424889085802e-07  5.980588134679113e-01 
 1.074624889085802e-07  5.980588134679113e-01 
 1.074824889085802e-07  5.980588134679113e-01 
 1.075024889085802e-07  5.980588134679113e-01 
 1.075224889085802e-07  5.980588134679113e-01 
 1.075424889085802e-07  5.980588134679113e-01 
 1.075624889085802e-07  5.980588134679113e-01 
 1.075824889085802e-07  5.980588134679113e-01 
 1.076024889085802e-07  5.980588134679113e-01 
 1.076224889085802e-07  5.980588134679113e-01 
 1.076424889085802e-07  5.980588134679113e-01 
 1.076624889085802e-07  5.980588134679113e-01 
 1.076824889085802e-07  5.980588134679113e-01 
 1.077024889085802e-07  5.980588134679113e-01 
 1.077224889085801e-07  5.980588134679113e-01 
 1.077424889085801e-07  5.980588134679113e-01 
 1.077624889085801e-07  5.980588134679113e-01 
 1.077824889085801e-07  5.980588134679113e-01 
 1.078024889085801e-07  5.980588134679113e-01 
 1.078224889085801e-07  5.980588134679113e-01 
 1.078424889085801e-07  5.980588134679113e-01 
 1.078624889085801e-07  5.980588134679113e-01 
 1.078824889085801e-07  5.980588134679113e-01 
 1.079024889085801e-07  5.980588134679113e-01 
 1.079224889085801e-07  5.980588134679113e-01 
 1.079424889085801e-07  5.980588134679113e-01 
 1.079624889085801e-07  5.980588134679113e-01 
 1.079824889085801e-07  5.980588134679113e-01 
 1.080024889085801e-07  5.980588134679113e-01 
 1.080224889085801e-07  5.980588134679113e-01 
 1.080424889085801e-07  5.980588134679113e-01 
 1.080624889085801e-07  5.980588134679113e-01 
 1.080824889085801e-07  5.980588134679113e-01 
 1.081024889085801e-07  5.980588134679113e-01 
 1.081224889085801e-07  5.980588134679113e-01 
 1.081424889085801e-07  5.980588134679113e-01 
 1.081624889085801e-07  5.980588134679113e-01 
 1.081824889085801e-07  5.980588134679113e-01 
 1.082024889085801e-07  5.980588134679113e-01 
 1.082224889085801e-07  5.980588134679113e-01 
 1.082424889085800e-07  5.980588134679113e-01 
 1.082624889085800e-07  5.980588134679113e-01 
 1.082824889085800e-07  5.980588134679113e-01 
 1.083024889085800e-07  5.980588134679113e-01 
 1.083224889085800e-07  5.980588134679113e-01 
 1.083424889085800e-07  5.980588134679113e-01 
 1.083624889085800e-07  5.980588134679113e-01 
 1.083824889085800e-07  5.980588134679113e-01 
 1.084024889085800e-07  5.980588134679113e-01 
 1.084224889085800e-07  5.980588134679113e-01 
 1.084424889085800e-07  5.980588134679113e-01 
 1.084624889085800e-07  5.980588134679113e-01 
 1.084824889085800e-07  5.980588134679113e-01 
 1.085024889085800e-07  5.980588134679113e-01 
 1.085224889085800e-07  5.980588134679113e-01 
 1.085424889085800e-07  5.980588134679113e-01 
 1.085624889085800e-07  5.980588134679113e-01 
 1.085824889085800e-07  5.980588134679113e-01 
 1.086024889085800e-07  5.980588134679113e-01 
 1.086224889085800e-07  5.980588134679113e-01 
 1.086424889085800e-07  5.980588134679113e-01 
 1.086624889085800e-07  5.980588134679113e-01 
 1.086824889085800e-07  5.980588134679113e-01 
 1.087024889085800e-07  5.980588134679113e-01 
 1.087224889085800e-07  5.980588134679113e-01 
 1.087424889085800e-07  5.980588134679113e-01 
 1.087624889085800e-07  5.980588134679113e-01 
 1.087824889085799e-07  5.980588134679113e-01 
 1.088024889085799e-07  5.980588134679113e-01 
 1.088224889085799e-07  5.980588134679113e-01 
 1.088424889085799e-07  5.980588134679113e-01 
 1.088624889085799e-07  5.980588134679113e-01 
 1.088824889085799e-07  5.980588134679113e-01 
 1.089024889085799e-07  5.980588134679113e-01 
 1.089224889085799e-07  5.980588134679113e-01 
 1.089424889085799e-07  5.980588134679113e-01 
 1.089624889085799e-07  5.980588134679113e-01 
 1.089824889085799e-07  5.980588134679113e-01 
 1.090024889085799e-07  5.980588134679113e-01 
 1.090224889085799e-07  5.980588134679113e-01 
 1.090424889085799e-07  5.980588134679113e-01 
 1.090624889085799e-07  5.980588134679113e-01 
 1.090824889085799e-07  5.980588134679113e-01 
 1.091024889085799e-07  5.980588134679113e-01 
 1.091224889085799e-07  5.980588134679113e-01 
 1.091424889085799e-07  5.980588134679113e-01 
 1.091624889085799e-07  5.980588134679113e-01 
 1.091824889085799e-07  5.980588134679113e-01 
 1.092024889085799e-07  5.980588134679113e-01 
 1.092224889085799e-07  5.980588134679113e-01 
 1.092424889085799e-07  5.980588134679113e-01 
 1.092624889085799e-07  5.980588134679113e-01 
 1.092824889085799e-07  5.980588134679113e-01 
 1.093024889085798e-07  5.980588134679113e-01 
 1.093224889085798e-07  5.980588134679113e-01 
 1.093424889085798e-07  5.980588134679113e-01 
 1.093624889085798e-07  5.980588134679113e-01 
 1.093824889085798e-07  5.980588134679113e-01 
 1.094024889085798e-07  5.980588134679113e-01 
 1.094224889085798e-07  5.980588134679113e-01 
 1.094424889085798e-07  5.980588134679113e-01 
 1.094624889085798e-07  5.980588134679113e-01 
 1.094824889085798e-07  5.980588134679113e-01 
 1.095024889085798e-07  5.980588134679113e-01 
 1.095224889085798e-07  5.980588134679113e-01 
 1.095424889085798e-07  5.980588134679113e-01 
 1.095624889085798e-07  5.980588134679113e-01 
 1.095824889085798e-07  5.980588134679113e-01 
 1.096024889085798e-07  5.980588134679113e-01 
 1.096224889085798e-07  5.980588134679113e-01 
 1.096424889085798e-07  5.980588134679113e-01 
 1.096624889085798e-07  5.980588134679113e-01 
 1.096824889085798e-07  5.980588134679113e-01 
 1.097024889085798e-07  5.980588134679113e-01 
 1.097224889085798e-07  5.980588134679113e-01 
 1.097424889085798e-07  5.980588134679113e-01 
 1.097624889085798e-07  5.980588134679113e-01 
 1.097824889085798e-07  5.980588134679113e-01 
 1.098024889085798e-07  5.980588134679113e-01 
 1.098224889085797e-07  5.980588134679113e-01 
 1.098424889085797e-07  5.980588134679113e-01 
 1.098624889085797e-07  5.980588134679113e-01 
 1.098824889085797e-07  5.980588134679113e-01 
 1.099024889085797e-07  5.980588134679113e-01 
 1.099224889085797e-07  5.980588134679113e-01 
 1.099424889085797e-07  5.980588134679113e-01 
 1.099624889085797e-07  5.980588134679113e-01 
 1.099824889085797e-07  5.980588134679113e-01 
 1.100024889085797e-07  5.980588134679113e-01 
 1.100224889085797e-07  5.980588134679113e-01 
 1.100424889085797e-07  5.980588134679113e-01 
 1.100624889085797e-07  5.980588134679113e-01 
 1.100824889085797e-07  5.980588134679113e-01 
 1.101024889085797e-07  5.980588134679113e-01 
 1.101224889085797e-07  5.980588134679113e-01 
 1.101424889085797e-07  5.980588134679113e-01 
 1.101624889085797e-07  5.980588134679113e-01 
 1.101824889085797e-07  5.980588134679113e-01 
 1.102024889085797e-07  5.980588134679113e-01 
 1.102224889085797e-07  5.980588134679113e-01 
 1.102424889085797e-07  5.980588134679113e-01 
 1.102624889085797e-07  5.980588134679113e-01 
 1.102824889085797e-07  5.980588134679113e-01 
 1.103024889085797e-07  5.980588134679113e-01 
 1.103224889085797e-07  5.980588134679113e-01 
 1.103424889085797e-07  5.980588134679113e-01 
 1.103624889085796e-07  5.980588134679113e-01 
 1.103824889085796e-07  5.980588134679113e-01 
 1.104024889085796e-07  5.980588134679113e-01 
 1.104224889085796e-07  5.980588134679113e-01 
 1.104424889085796e-07  5.980588134679113e-01 
 1.104624889085796e-07  5.980588134679113e-01 
 1.104824889085796e-07  5.980588134679113e-01 
 1.105024889085796e-07  5.980588134679113e-01 
 1.105224889085796e-07  5.980588134679113e-01 
 1.105424889085796e-07  5.980588134679113e-01 
 1.105624889085796e-07  5.980588134679113e-01 
 1.105824889085796e-07  5.980588134679113e-01 
 1.106024889085796e-07  5.980588134679113e-01 
 1.106224889085796e-07  5.980588134679113e-01 
 1.106424889085796e-07  5.980588134679113e-01 
 1.106624889085796e-07  5.980588134679113e-01 
 1.106824889085796e-07  5.980588134679113e-01 
 1.107024889085796e-07  5.980588134679113e-01 
 1.107224889085796e-07  5.980588134679113e-01 
 1.107424889085796e-07  5.980588134679113e-01 
 1.107624889085796e-07  5.980588134679113e-01 
 1.107824889085796e-07  5.980588134679113e-01 
 1.108024889085796e-07  5.980588134679113e-01 
 1.108224889085796e-07  5.980588134679113e-01 
 1.108424889085796e-07  5.980588134679113e-01 
 1.108624889085796e-07  5.980588134679113e-01 
 1.108824889085795e-07  5.980588134679113e-01 
 1.109024889085795e-07  5.980588134679113e-01 
 1.109224889085795e-07  5.980588134679113e-01 
 1.109424889085795e-07  5.980588134679113e-01 
 1.109624889085795e-07  5.980588134679113e-01 
 1.109824889085795e-07  5.980588134679113e-01 
 1.110024889085795e-07  5.980588134679113e-01 
 1.110224889085795e-07  5.980588134679113e-01 
 1.110424889085795e-07  5.980588134679113e-01 
 1.110624889085795e-07  5.980588134679113e-01 
 1.110824889085795e-07  5.980588134679113e-01 
 1.111024889085795e-07  5.980588134679113e-01 
 1.111224889085795e-07  5.980588134679113e-01 
 1.111424889085795e-07  5.980588134679113e-01 
 1.111624889085795e-07  5.980588134679113e-01 
 1.111824889085795e-07  5.980588134679113e-01 
 1.112024889085795e-07  5.980588134679113e-01 
 1.112224889085795e-07  5.980588134679113e-01 
 1.112424889085795e-07  5.980588134679113e-01 
 1.112624889085795e-07  5.980588134679113e-01 
 1.112824889085795e-07  5.980588134679113e-01 
 1.113024889085795e-07  5.980588134679113e-01 
 1.113224889085795e-07  5.980588134679113e-01 
 1.113424889085795e-07  5.980588134679113e-01 
 1.113624889085795e-07  5.980588134679113e-01 
 1.113824889085795e-07  5.980588134679113e-01 
 1.114024889085795e-07  5.980588134679113e-01 
 1.114224889085794e-07  5.980588134679113e-01 
 1.114424889085794e-07  5.980588134679113e-01 
 1.114624889085794e-07  5.980588134679113e-01 
 1.114824889085794e-07  5.980588134679113e-01 
 1.115024889085794e-07  5.980588134679113e-01 
 1.115224889085794e-07  5.980588134679113e-01 
 1.115424889085794e-07  5.980588134679113e-01 
 1.115624889085794e-07  5.980588134679113e-01 
 1.115824889085794e-07  5.980588134679113e-01 
 1.116024889085794e-07  5.980588134679113e-01 
 1.116224889085794e-07  5.980588134679113e-01 
 1.116424889085794e-07  5.980588134679113e-01 
 1.116624889085794e-07  5.980588134679113e-01 
 1.116824889085794e-07  5.980588134679113e-01 
 1.117024889085794e-07  5.980588134679113e-01 
 1.117224889085794e-07  5.980588134679113e-01 
 1.117424889085794e-07  5.980588134679113e-01 
 1.117624889085794e-07  5.980588134679113e-01 
 1.117824889085794e-07  5.980588134679113e-01 
 1.118024889085794e-07  5.980588134679113e-01 
 1.118224889085794e-07  5.980588134679113e-01 
 1.118424889085794e-07  5.980588134679113e-01 
 1.118624889085794e-07  5.980588134679113e-01 
 1.118824889085794e-07  5.980588134679113e-01 
 1.119024889085794e-07  5.980588134679113e-01 
 1.119224889085794e-07  5.980588134679113e-01 
 1.119424889085793e-07  5.980588134679113e-01 
 1.119624889085793e-07  5.980588134679113e-01 
 1.119824889085793e-07  5.980588134679113e-01 
 1.120024889085793e-07  5.980588134679113e-01 
 1.120224889085793e-07  5.980588134679113e-01 
 1.120424889085793e-07  5.980588134679113e-01 
 1.120624889085793e-07  5.980588134679113e-01 
 1.120824889085793e-07  5.980588134679113e-01 
 1.121024889085793e-07  5.980588134679113e-01 
 1.121224889085793e-07  5.980588134679113e-01 
 1.121424889085793e-07  5.980588134679113e-01 
 1.121624889085793e-07  5.980588134679113e-01 
 1.121824889085793e-07  5.980588134679113e-01 
 1.122024889085793e-07  5.980588134679113e-01 
 1.122224889085793e-07  5.980588134679113e-01 
 1.122424889085793e-07  5.980588134679113e-01 
 1.122624889085793e-07  5.980588134679113e-01 
 1.122824889085793e-07  5.980588134679113e-01 
 1.123024889085793e-07  5.980588134679113e-01 
 1.123224889085793e-07  5.980588134679113e-01 
 1.123424889085793e-07  5.980588134679113e-01 
 1.123624889085793e-07  5.980588134679113e-01 
 1.123824889085793e-07  5.980588134679113e-01 
 1.124024889085793e-07  5.980588134679113e-01 
 1.124224889085793e-07  5.980588134679113e-01 
 1.124424889085793e-07  5.980588134679113e-01 
 1.124624889085792e-07  5.980588134679113e-01 
 1.124824889085792e-07  5.980588134679113e-01 
 1.125024889085792e-07  5.980588134679113e-01 
 1.125224889085792e-07  5.980588134679113e-01 
 1.125424889085792e-07  5.980588134679113e-01 
 1.125624889085792e-07  5.980588134679113e-01 
 1.125824889085792e-07  5.980588134679113e-01 
 1.126024889085792e-07  5.980588134679113e-01 
 1.126224889085792e-07  5.980588134679113e-01 
 1.126424889085792e-07  5.980588134679113e-01 
 1.126624889085792e-07  5.980588134679113e-01 
 1.126824889085792e-07  5.980588134679113e-01 
 1.127024889085792e-07  5.980588134679113e-01 
 1.127224889085792e-07  5.980588134679113e-01 
 1.127424889085792e-07  5.980588134679113e-01 
 1.127624889085792e-07  5.980588134679113e-01 
 1.127824889085792e-07  5.980588134679113e-01 
 1.128024889085792e-07  5.980588134679113e-01 
 1.128224889085792e-07  5.980588134679113e-01 
 1.128424889085792e-07  5.980588134679113e-01 
 1.128624889085792e-07  5.980588134679113e-01 
 1.128824889085792e-07  5.980588134679113e-01 
 1.129024889085792e-07  5.980588134679113e-01 
 1.129224889085792e-07  5.980588134679113e-01 
 1.129424889085792e-07  5.980588134679113e-01 
 1.129624889085792e-07  5.980588134679113e-01 
 1.129824889085792e-07  5.980588134679113e-01 
 1.130024889085791e-07  5.980588134679113e-01 
 1.130224889085791e-07  5.980588134679113e-01 
 1.130424889085791e-07  5.980588134679113e-01 
 1.130624889085791e-07  5.980588134679113e-01 
 1.130824889085791e-07  5.980588134679113e-01 
 1.131024889085791e-07  5.980588134679113e-01 
 1.131224889085791e-07  5.980588134679113e-01 
 1.131424889085791e-07  5.980588134679113e-01 
 1.131624889085791e-07  5.980588134679113e-01 
 1.131824889085791e-07  5.980588134679113e-01 
 1.132024889085791e-07  5.980588134679113e-01 
 1.132224889085791e-07  5.980588134679113e-01 
 1.132424889085791e-07  5.980588134679113e-01 
 1.132624889085791e-07  5.980588134679113e-01 
 1.132824889085791e-07  5.980588134679113e-01 
 1.133024889085791e-07  5.980588134679113e-01 
 1.133224889085791e-07  5.980588134679113e-01 
 1.133424889085791e-07  5.980588134679113e-01 
 1.133624889085791e-07  5.980588134679113e-01 
 1.133824889085791e-07  5.980588134679113e-01 
 1.134024889085791e-07  5.980588134679113e-01 
 1.134224889085791e-07  5.980588134679113e-01 
 1.134424889085791e-07  5.980588134679113e-01 
 1.134624889085791e-07  5.980588134679113e-01 
 1.134824889085791e-07  5.980588134679113e-01 
 1.135024889085791e-07  5.980588134679113e-01 
 1.135224889085790e-07  5.980588134679113e-01 
 1.135424889085790e-07  5.980588134679113e-01 
 1.135624889085790e-07  5.980588134679113e-01 
 1.135824889085790e-07  5.980588134679113e-01 
 1.136024889085790e-07  5.980588134679113e-01 
 1.136224889085790e-07  5.980588134679113e-01 
 1.136424889085790e-07  5.980588134679113e-01 
 1.136624889085790e-07  5.980588134679113e-01 
 1.136824889085790e-07  5.980588134679113e-01 
 1.137024889085790e-07  5.980588134679113e-01 
 1.137224889085790e-07  5.980588134679113e-01 
 1.137424889085790e-07  5.980588134679113e-01 
 1.137624889085790e-07  5.980588134679113e-01 
 1.137824889085790e-07  5.980588134679113e-01 
 1.138024889085790e-07  5.980588134679113e-01 
 1.138224889085790e-07  5.980588134679113e-01 
 1.138424889085790e-07  5.980588134679113e-01 
 1.138624889085790e-07  5.980588134679113e-01 
 1.138824889085790e-07  5.980588134679113e-01 
 1.139024889085790e-07  5.980588134679113e-01 
 1.139224889085790e-07  5.980588134679113e-01 
 1.139424889085790e-07  5.980588134679113e-01 
 1.139624889085790e-07  5.980588134679113e-01 
 1.139824889085790e-07  5.980588134679113e-01 
 1.140024889085790e-07  5.980588134679113e-01 
 1.140224889085790e-07  5.980588134679113e-01 
 1.140424889085789e-07  5.980588134679113e-01 
 1.140624889085789e-07  5.980588134679113e-01 
 1.140824889085789e-07  5.980588134679113e-01 
 1.141024889085789e-07  5.980588134679113e-01 
 1.141224889085789e-07  5.980588134679113e-01 
 1.141424889085789e-07  5.980588134679113e-01 
 1.141624889085789e-07  5.980588134679113e-01 
 1.141824889085789e-07  5.980588134679113e-01 
 1.142024889085789e-07  5.980588134679113e-01 
 1.142224889085789e-07  5.980588134679113e-01 
 1.142424889085789e-07  5.980588134679113e-01 
 1.142624889085789e-07  5.980588134679113e-01 
 1.142824889085789e-07  5.980588134679113e-01 
 1.143024889085789e-07  5.980588134679113e-01 
 1.143224889085789e-07  5.980588134679113e-01 
 1.143424889085789e-07  5.980588134679113e-01 
 1.143624889085789e-07  5.980588134679113e-01 
 1.143824889085789e-07  5.980588134679113e-01 
 1.144024889085789e-07  5.980588134679113e-01 
 1.144224889085789e-07  5.980588134679113e-01 
 1.144424889085789e-07  5.980588134679113e-01 
 1.144624889085789e-07  5.980588134679113e-01 
 1.144824889085789e-07  5.980588134679113e-01 
 1.145024889085789e-07  5.980588134679113e-01 
 1.145224889085789e-07  5.980588134679113e-01 
 1.145424889085789e-07  5.980588134679113e-01 
 1.145624889085789e-07  5.980588134679113e-01 
 1.145824889085788e-07  5.980588134679113e-01 
 1.146024889085788e-07  5.980588134679113e-01 
 1.146224889085788e-07  5.980588134679113e-01 
 1.146424889085788e-07  5.980588134679113e-01 
 1.146624889085788e-07  5.980588134679113e-01 
 1.146824889085788e-07  5.980588134679113e-01 
 1.147024889085788e-07  5.980588134679113e-01 
 1.147224889085788e-07  5.980588134679113e-01 
 1.147424889085788e-07  5.980588134679113e-01 
 1.147624889085788e-07  5.980588134679113e-01 
 1.147824889085788e-07  5.980588134679113e-01 
 1.148024889085788e-07  5.980588134679113e-01 
 1.148224889085788e-07  5.980588134679113e-01 
 1.148424889085788e-07  5.980588134679113e-01 
 1.148624889085788e-07  5.980588134679113e-01 
 1.148824889085788e-07  5.980588134679113e-01 
 1.149024889085788e-07  5.980588134679113e-01 
 1.149224889085788e-07  5.980588134679113e-01 
 1.149424889085788e-07  5.980588134679113e-01 
 1.149624889085788e-07  5.980588134679113e-01 
 1.149824889085788e-07  5.980588134679113e-01 
 1.150024889085788e-07  5.980588134679113e-01 
 1.150224889085788e-07  5.980588134679113e-01 
 1.150424889085788e-07  5.980588134679113e-01 
 1.150624889085788e-07  5.980588134679113e-01 
 1.150824889085788e-07  5.980588134679113e-01 
 1.151024889085787e-07  5.980588134679113e-01 
 1.151224889085787e-07  5.980588134679113e-01 
 1.151424889085787e-07  5.980588134679113e-01 
 1.151624889085787e-07  5.980588134679113e-01 
 1.151824889085787e-07  5.980588134679113e-01 
 1.152024889085787e-07  5.980588134679113e-01 
 1.152224889085787e-07  5.980588134679113e-01 
 1.152424889085787e-07  5.980588134679113e-01 
 1.152624889085787e-07  5.980588134679113e-01 
 1.152824889085787e-07  5.980588134679113e-01 
 1.153024889085787e-07  5.980588134679113e-01 
 1.153224889085787e-07  5.980588134679113e-01 
 1.153424889085787e-07  5.980588134679113e-01 
 1.153624889085787e-07  5.980588134679113e-01 
 1.153824889085787e-07  5.980588134679113e-01 
 1.154024889085787e-07  5.980588134679113e-01 
 1.154224889085787e-07  5.980588134679113e-01 
 1.154424889085787e-07  5.980588134679113e-01 
 1.154624889085787e-07  5.980588134679113e-01 
 1.154824889085787e-07  5.980588134679113e-01 
 1.155024889085787e-07  5.980588134679113e-01 
 1.155224889085787e-07  5.980588134679113e-01 
 1.155424889085787e-07  5.980588134679113e-01 
 1.155624889085787e-07  5.980588134679113e-01 
 1.155824889085787e-07  5.980588134679113e-01 
 1.156024889085787e-07  5.980588134679113e-01 
 1.156224889085787e-07  5.980588134679113e-01 
 1.156424889085786e-07  5.980588134679113e-01 
 1.156624889085786e-07  5.980588134679113e-01 
 1.156824889085786e-07  5.980588134679113e-01 
 1.157024889085786e-07  5.980588134679113e-01 
 1.157224889085786e-07  5.980588134679113e-01 
 1.157424889085786e-07  5.980588134679113e-01 
 1.157624889085786e-07  5.980588134679113e-01 
 1.157824889085786e-07  5.980588134679113e-01 
 1.158024889085786e-07  5.980588134679113e-01 
 1.158224889085786e-07  5.980588134679113e-01 
 1.158424889085786e-07  5.980588134679113e-01 
 1.158624889085786e-07  5.980588134679113e-01 
 1.158824889085786e-07  5.980588134679113e-01 
 1.159024889085786e-07  5.980588134679113e-01 
 1.159224889085786e-07  5.980588134679113e-01 
 1.159424889085786e-07  5.980588134679113e-01 
 1.159624889085786e-07  5.980588134679113e-01 
 1.159824889085786e-07  5.980588134679113e-01 
 1.160024889085786e-07  5.980588134679113e-01 
 1.160224889085786e-07  5.980588134679113e-01 
 1.160424889085786e-07  5.980588134679113e-01 
 1.160624889085786e-07  5.980588134679113e-01 
 1.160824889085786e-07  5.980588134679113e-01 
 1.161024889085786e-07  5.980588134679113e-01 
 1.161224889085786e-07  5.980588134679113e-01 
 1.161424889085786e-07  5.980588134679113e-01 
 1.161624889085785e-07  5.980588134679113e-01 
 1.161824889085785e-07  5.980588134679113e-01 
 1.162024889085785e-07  5.980588134679113e-01 
 1.162224889085785e-07  5.980588134679113e-01 
 1.162424889085785e-07  5.980588134679113e-01 
 1.162624889085785e-07  5.980588134679113e-01 
 1.162824889085785e-07  5.980588134679113e-01 
 1.163024889085785e-07  5.980588134679113e-01 
 1.163224889085785e-07  5.980588134679113e-01 
 1.163424889085785e-07  5.980588134679113e-01 
 1.163624889085785e-07  5.980588134679113e-01 
 1.163824889085785e-07  5.980588134679113e-01 
 1.164024889085785e-07  5.980588134679113e-01 
 1.164224889085785e-07  5.980588134679113e-01 
 1.164424889085785e-07  5.980588134679113e-01 
 1.164624889085785e-07  5.980588134679113e-01 
 1.164824889085785e-07  5.980588134679113e-01 
 1.165024889085785e-07  5.980588134679113e-01 
 1.165224889085785e-07  5.980588134679113e-01 
 1.165424889085785e-07  5.980588134679113e-01 
 1.165624889085785e-07  5.980588134679113e-01 
 1.165824889085785e-07  5.980588134679113e-01 
 1.166024889085785e-07  5.980588134679113e-01 
 1.166224889085785e-07  5.980588134679113e-01 
 1.166424889085785e-07  5.980588134679113e-01 
 1.166624889085785e-07  5.980588134679113e-01 
 1.166824889085784e-07  5.980588134679113e-01 
 1.167024889085784e-07  5.980588134679113e-01 
 1.167224889085784e-07  5.980588134679113e-01 
 1.167424889085784e-07  5.980588134679113e-01 
 1.167624889085784e-07  5.980588134679113e-01 
 1.167824889085784e-07  5.980588134679113e-01 
 1.168024889085784e-07  5.980588134679113e-01 
 1.168224889085784e-07  5.980588134679113e-01 
 1.168424889085784e-07  5.980588134679113e-01 
 1.168624889085784e-07  5.980588134679113e-01 
 1.168824889085784e-07  5.980588134679113e-01 
 1.169024889085784e-07  5.980588134679113e-01 
 1.169224889085784e-07  5.980588134679113e-01 
 1.169424889085784e-07  5.980588134679113e-01 
 1.169624889085784e-07  5.980588134679113e-01 
 1.169824889085784e-07  5.980588134679113e-01 
 1.170024889085784e-07  5.980588134679113e-01 
 1.170224889085784e-07  5.980588134679113e-01 
 1.170424889085784e-07  5.980588134679113e-01 
 1.170624889085784e-07  5.980588134679113e-01 
 1.170824889085784e-07  5.980588134679113e-01 
 1.171024889085784e-07  5.980588134679113e-01 
 1.171224889085784e-07  5.980588134679113e-01 
 1.171424889085784e-07  5.980588134679113e-01 
 1.171624889085784e-07  5.980588134679113e-01 
 1.171824889085784e-07  5.980588134679113e-01 
 1.172024889085784e-07  5.980588134679113e-01 
 1.172224889085783e-07  5.980588134679113e-01 
 1.172424889085783e-07  5.980588134679113e-01 
 1.172624889085783e-07  5.980588134679113e-01 
 1.172824889085783e-07  5.980588134679113e-01 
 1.173024889085783e-07  5.980588134679113e-01 
 1.173224889085783e-07  5.980588134679113e-01 
 1.173424889085783e-07  5.980588134679113e-01 
 1.173624889085783e-07  5.980588134679113e-01 
 1.173824889085783e-07  5.980588134679113e-01 
 1.174024889085783e-07  5.980588134679113e-01 
 1.174224889085783e-07  5.980588134679113e-01 
 1.174424889085783e-07  5.980588134679113e-01 
 1.174624889085783e-07  5.980588134679113e-01 
 1.174824889085783e-07  5.980588134679113e-01 
 1.175024889085783e-07  5.980588134679113e-01 
 1.175224889085783e-07  5.980588134679113e-01 
 1.175424889085783e-07  5.980588134679113e-01 
 1.175624889085783e-07  5.980588134679113e-01 
 1.175824889085783e-07  5.980588134679113e-01 
 1.176024889085783e-07  5.980588134679113e-01 
 1.176224889085783e-07  5.980588134679113e-01 
 1.176424889085783e-07  5.980588134679113e-01 
 1.176624889085783e-07  5.980588134679113e-01 
 1.176824889085783e-07  5.980588134679113e-01 
 1.177024889085783e-07  5.980588134679113e-01 
 1.177224889085783e-07  5.980588134679113e-01 
 1.177424889085782e-07  5.980588134679113e-01 
 1.177624889085782e-07  5.980588134679113e-01 
 1.177824889085782e-07  5.980588134679113e-01 
 1.178024889085782e-07  5.980588134679113e-01 
 1.178224889085782e-07  5.980588134679113e-01 
 1.178424889085782e-07  5.980588134679113e-01 
 1.178624889085782e-07  5.980588134679113e-01 
 1.178824889085782e-07  5.980588134679113e-01 
 1.179024889085782e-07  5.980588134679113e-01 
 1.179224889085782e-07  5.980588134679113e-01 
 1.179424889085782e-07  5.980588134679113e-01 
 1.179624889085782e-07  5.980588134679113e-01 
 1.179824889085782e-07  5.980588134679113e-01 
 1.180024889085782e-07  5.980588134679113e-01 
 1.180224889085782e-07  5.980588134679113e-01 
 1.180424889085782e-07  5.980588134679113e-01 
 1.180624889085782e-07  5.980588134679113e-01 
 1.180824889085782e-07  5.980588134679113e-01 
 1.181024889085782e-07  5.980588134679113e-01 
 1.181224889085782e-07  5.980588134679113e-01 
 1.181424889085782e-07  5.980588134679113e-01 
 1.181624889085782e-07  5.980588134679113e-01 
 1.181824889085782e-07  5.980588134679113e-01 
 1.182024889085782e-07  5.980588134679113e-01 
 1.182224889085782e-07  5.980588134679113e-01 
 1.182424889085782e-07  5.980588134679113e-01 
 1.182624889085781e-07  5.980588134679113e-01 
 1.182824889085781e-07  5.980588134679113e-01 
 1.183024889085781e-07  5.980588134679113e-01 
 1.183224889085781e-07  5.980588134679113e-01 
 1.183424889085781e-07  5.980588134679113e-01 
 1.183624889085781e-07  5.980588134679113e-01 
 1.183824889085781e-07  5.980588134679113e-01 
 1.184024889085781e-07  5.980588134679113e-01 
 1.184224889085781e-07  5.980588134679113e-01 
 1.184424889085781e-07  5.980588134679113e-01 
 1.184624889085781e-07  5.980588134679113e-01 
 1.184824889085781e-07  5.980588134679113e-01 
 1.185024889085781e-07  5.980588134679113e-01 
 1.185224889085781e-07  5.980588134679113e-01 
 1.185424889085781e-07  5.980588134679113e-01 
 1.185624889085781e-07  5.980588134679113e-01 
 1.185824889085781e-07  5.980588134679113e-01 
 1.186024889085781e-07  5.980588134679113e-01 
 1.186224889085781e-07  5.980588134679113e-01 
 1.186424889085781e-07  5.980588134679113e-01 
 1.186624889085781e-07  5.980588134679113e-01 
 1.186824889085781e-07  5.980588134679113e-01 
 1.187024889085781e-07  5.980588134679113e-01 
 1.187224889085781e-07  5.980588134679113e-01 
 1.187424889085781e-07  5.980588134679113e-01 
 1.187624889085781e-07  5.980588134679113e-01 
 1.187824889085781e-07  5.980588134679113e-01 
 1.188024889085780e-07  5.980588134679113e-01 
 1.188224889085780e-07  5.980588134679113e-01 
 1.188424889085780e-07  5.980588134679113e-01 
 1.188624889085780e-07  5.980588134679113e-01 
 1.188824889085780e-07  5.980588134679113e-01 
 1.189024889085780e-07  5.980588134679113e-01 
 1.189224889085780e-07  5.980588134679113e-01 
 1.189424889085780e-07  5.980588134679113e-01 
 1.189624889085780e-07  5.980588134679113e-01 
 1.189824889085780e-07  5.980588134679113e-01 
 1.190024889085780e-07  5.980588134679113e-01 
 1.190224889085780e-07  5.980588134679113e-01 
 1.190424889085780e-07  5.980588134679113e-01 
 1.190624889085780e-07  5.980588134679113e-01 
 1.190824889085780e-07  5.980588134679113e-01 
 1.191024889085780e-07  5.980588134679113e-01 
 1.191224889085780e-07  5.980588134679113e-01 
 1.191424889085780e-07  5.980588134679113e-01 
 1.191624889085780e-07  5.980588134679113e-01 
 1.191824889085780e-07  5.980588134679113e-01 
 1.192024889085780e-07  5.980588134679113e-01 
 1.192224889085780e-07  5.980588134679113e-01 
 1.192424889085780e-07  5.980588134679113e-01 
 1.192624889085780e-07  5.980588134679113e-01 
 1.192824889085780e-07  5.980588134679113e-01 
 1.193024889085780e-07  5.980588134679113e-01 
 1.193224889085779e-07  5.980588134679113e-01 
 1.193424889085779e-07  5.980588134679113e-01 
 1.193624889085779e-07  5.980588134679113e-01 
 1.193824889085779e-07  5.980588134679113e-01 
 1.194024889085779e-07  5.980588134679113e-01 
 1.194224889085779e-07  5.980588134679113e-01 
 1.194424889085779e-07  5.980588134679113e-01 
 1.194624889085779e-07  5.980588134679113e-01 
 1.194824889085779e-07  5.980588134679113e-01 
 1.195024889085779e-07  5.980588134679113e-01 
 1.195224889085779e-07  5.980588134679113e-01 
 1.195424889085779e-07  5.980588134679113e-01 
 1.195624889085779e-07  5.980588134679113e-01 
 1.195824889085779e-07  5.980588134679113e-01 
 1.196024889085779e-07  5.980588134679113e-01 
 1.196224889085779e-07  5.980588134679113e-01 
 1.196424889085779e-07  5.980588134679113e-01 
 1.196624889085779e-07  5.980588134679113e-01 
 1.196824889085779e-07  5.980588134679113e-01 
 1.197024889085779e-07  5.980588134679113e-01 
 1.197224889085779e-07  5.980588134679113e-01 
 1.197424889085779e-07  5.980588134679113e-01 
 1.197624889085779e-07  5.980588134679113e-01 
 1.197824889085779e-07  5.980588134679113e-01 
 1.198024889085779e-07  5.980588134679113e-01 
 1.198224889085779e-07  5.980588134679113e-01 
 1.198424889085779e-07  5.980588134679113e-01 
 1.198624889085778e-07  5.980588134679113e-01 
 1.198824889085778e-07  5.980588134679113e-01 
 1.199024889085778e-07  5.980588134679113e-01 
 1.199224889085778e-07  5.980588134679113e-01 
 1.199424889085778e-07  5.980588134679113e-01 
 1.199624889085778e-07  5.980588134679113e-01 
 1.199824889085778e-07  5.980588134679113e-01 
 1.200024889085778e-07  5.980588134679113e-01 
 1.200224889085778e-07  5.980588134679113e-01 
 1.200424889085778e-07  5.980588134679113e-01 
 1.200624889085778e-07  5.980588134679113e-01 
 1.200824889085778e-07  5.980588134679113e-01 
 1.201024889085778e-07  5.980588134679113e-01 
 1.201224889085778e-07  5.980588134679113e-01 
 1.201424889085778e-07  5.980588134679113e-01 
 1.201624889085778e-07  5.980588134679113e-01 
 1.201824889085778e-07  5.980588134679113e-01 
 1.202024889085778e-07  5.980588134679113e-01 
 1.202224889085778e-07  5.980588134679113e-01 
 1.202424889085778e-07  5.980588134679113e-01 
 1.202624889085778e-07  5.980588134679113e-01 
 1.202824889085778e-07  5.980588134679113e-01 
 1.203024889085778e-07  5.980588134679113e-01 
 1.203224889085778e-07  5.980588134679113e-01 
 1.203424889085778e-07  5.980588134679113e-01 
 1.203624889085778e-07  5.980588134679113e-01 
 1.203824889085777e-07  5.980588134679113e-01 
 1.204024889085777e-07  5.980588134679113e-01 
 1.204224889085777e-07  5.980588134679113e-01 
 1.204424889085777e-07  5.980588134679113e-01 
 1.204624889085777e-07  5.980588134679113e-01 
 1.204824889085777e-07  5.980588134679113e-01 
 1.205024889085777e-07  5.980588134679113e-01 
 1.205224889085777e-07  5.980588134679113e-01 
 1.205424889085777e-07  5.980588134679113e-01 
 1.205624889085777e-07  5.980588134679113e-01 
 1.205824889085777e-07  5.980588134679113e-01 
 1.206024889085777e-07  5.980588134679113e-01 
 1.206224889085777e-07  5.980588134679113e-01 
 1.206424889085777e-07  5.980588134679113e-01 
 1.206624889085777e-07  5.980588134679113e-01 
 1.206824889085777e-07  5.980588134679113e-01 
 1.207024889085777e-07  5.980588134679113e-01 
 1.207224889085777e-07  5.980588134679113e-01 
 1.207424889085777e-07  5.980588134679113e-01 
 1.207624889085777e-07  5.980588134679113e-01 
 1.207824889085777e-07  5.980588134679113e-01 
 1.208024889085777e-07  5.980588134679113e-01 
 1.208224889085777e-07  5.980588134679113e-01 
 1.208424889085777e-07  5.980588134679113e-01 
 1.208624889085777e-07  5.980588134679113e-01 
 1.208824889085777e-07  5.980588134679113e-01 
 1.209024889085776e-07  5.980588134679113e-01 
 1.209224889085776e-07  5.980588134679113e-01 
 1.209424889085776e-07  5.980588134679113e-01 
 1.209624889085776e-07  5.980588134679113e-01 
 1.209824889085776e-07  5.980588134679113e-01 
 1.210024889085776e-07  5.980588134679113e-01 
 1.210224889085776e-07  5.980588134679113e-01 
 1.210424889085776e-07  5.980588134679113e-01 
 1.210624889085776e-07  5.980588134679113e-01 
 1.210824889085776e-07  5.980588134679113e-01 
 1.211024889085776e-07  5.980588134679113e-01 
 1.211224889085776e-07  5.980588134679113e-01 
 1.211424889085776e-07  5.980588134679113e-01 
 1.211624889085776e-07  5.980588134679113e-01 
 1.211824889085776e-07  5.980588134679113e-01 
 1.212024889085776e-07  5.980588134679113e-01 
 1.212224889085776e-07  5.980588134679113e-01 
 1.212424889085776e-07  5.980588134679113e-01 
 1.212624889085776e-07  5.980588134679113e-01 
 1.212824889085776e-07  5.980588134679113e-01 
 1.213024889085776e-07  5.980588134679113e-01 
 1.213224889085776e-07  5.980588134679113e-01 
 1.213424889085776e-07  5.980588134679113e-01 
 1.213624889085776e-07  5.980588134679113e-01 
 1.213824889085776e-07  5.980588134679113e-01 
 1.214024889085776e-07  5.980588134679113e-01 
 1.214224889085776e-07  5.980588134679113e-01 
 1.214424889085775e-07  5.980588134679113e-01 
 1.214624889085775e-07  5.980588134679113e-01 
 1.214824889085775e-07  5.980588134679113e-01 
 1.215024889085775e-07  5.980588134679113e-01 
 1.215224889085775e-07  5.980588134679113e-01 
 1.215424889085775e-07  5.980588134679113e-01 
 1.215624889085775e-07  5.980588134679113e-01 
 1.215824889085775e-07  5.980588134679113e-01 
 1.216024889085775e-07  5.980588134679113e-01 
 1.216224889085775e-07  5.980588134679113e-01 
 1.216424889085775e-07  5.980588134679113e-01 
 1.216624889085775e-07  5.980588134679113e-01 
 1.216824889085775e-07  5.980588134679113e-01 
 1.217024889085775e-07  5.980588134679113e-01 
 1.217224889085775e-07  5.980588134679113e-01 
 1.217424889085775e-07  5.980588134679113e-01 
 1.217624889085775e-07  5.980588134679113e-01 
 1.217824889085775e-07  5.980588134679113e-01 
 1.218024889085775e-07  5.980588134679113e-01 
 1.218224889085775e-07  5.980588134679113e-01 
 1.218424889085775e-07  5.980588134679113e-01 
 1.218624889085775e-07  5.980588134679113e-01 
 1.218824889085775e-07  5.980588134679113e-01 
 1.219024889085775e-07  5.980588134679113e-01 
 1.219224889085775e-07  5.980588134679113e-01 
 1.219424889085775e-07  5.980588134679113e-01 
 1.219624889085774e-07  5.980588134679113e-01 
 1.219824889085774e-07  5.980588134679113e-01 
 1.220024889085774e-07  5.980588134679113e-01 
 1.220224889085774e-07  5.980588134679113e-01 
 1.220424889085774e-07  5.980588134679113e-01 
 1.220624889085774e-07  5.980588134679113e-01 
 1.220824889085774e-07  5.980588134679113e-01 
 1.221024889085774e-07  5.980588134679113e-01 
 1.221224889085774e-07  5.980588134679113e-01 
 1.221424889085774e-07  5.980588134679113e-01 
 1.221624889085774e-07  5.980588134679113e-01 
 1.221824889085774e-07  5.980588134679113e-01 
 1.222024889085774e-07  5.980588134679113e-01 
 1.222224889085774e-07  5.980588134679113e-01 
 1.222424889085774e-07  5.980588134679113e-01 
 1.222624889085774e-07  5.980588134679113e-01 
 1.222824889085774e-07  5.980588134679113e-01 
 1.223024889085774e-07  5.980588134679113e-01 
 1.223224889085774e-07  5.980588134679113e-01 
 1.223424889085774e-07  5.980588134679113e-01 
 1.223624889085774e-07  5.980588134679113e-01 
 1.223824889085774e-07  5.980588134679113e-01 
 1.224024889085774e-07  5.980588134679113e-01 
 1.224224889085774e-07  5.980588134679113e-01 
 1.224424889085774e-07  5.980588134679113e-01 
 1.224624889085774e-07  5.980588134679113e-01 
 1.224824889085773e-07  5.980588134679113e-01 
 1.225024889085773e-07  5.980588134679113e-01 
 1.225224889085773e-07  5.980588134679113e-01 
 1.225424889085773e-07  5.980588134679113e-01 
 1.225624889085773e-07  5.980588134679113e-01 
 1.225824889085773e-07  5.980588134679113e-01 
 1.226024889085773e-07  5.980588134679113e-01 
 1.226224889085773e-07  5.980588134679113e-01 
 1.226424889085773e-07  5.980588134679113e-01 
 1.226624889085773e-07  5.980588134679113e-01 
 1.226824889085773e-07  5.980588134679113e-01 
 1.227024889085773e-07  5.980588134679113e-01 
 1.227224889085773e-07  5.980588134679113e-01 
 1.227424889085773e-07  5.980588134679113e-01 
 1.227624889085773e-07  5.980588134679113e-01 
 1.227824889085773e-07  5.980588134679113e-01 
 1.228024889085773e-07  5.980588134679113e-01 
 1.228224889085773e-07  5.980588134679113e-01 
 1.228424889085773e-07  5.980588134679113e-01 
 1.228624889085773e-07  5.980588134679113e-01 
 1.228824889085773e-07  5.980588134679113e-01 
 1.229024889085773e-07  5.980588134679113e-01 
 1.229224889085773e-07  5.980588134679113e-01 
 1.229424889085773e-07  5.980588134679113e-01 
 1.229624889085773e-07  5.980588134679113e-01 
 1.229824889085773e-07  5.980588134679113e-01 
 1.230024889085773e-07  5.980588134679113e-01 
 1.230224889085772e-07  5.980588134679113e-01 
 1.230424889085772e-07  5.980588134679113e-01 
 1.230624889085772e-07  5.980588134679113e-01 
 1.230824889085772e-07  5.980588134679113e-01 
 1.231024889085772e-07  5.980588134679113e-01 
 1.231224889085772e-07  5.980588134679113e-01 
 1.231424889085772e-07  5.980588134679113e-01 
 1.231624889085772e-07  5.980588134679113e-01 
 1.231824889085772e-07  5.980588134679113e-01 
 1.232024889085772e-07  5.980588134679113e-01 
 1.232224889085772e-07  5.980588134679113e-01 
 1.232424889085772e-07  5.980588134679113e-01 
 1.232624889085772e-07  5.980588134679113e-01 
 1.232824889085772e-07  5.980588134679113e-01 
 1.233024889085772e-07  5.980588134679113e-01 
 1.233224889085772e-07  5.980588134679113e-01 
 1.233424889085772e-07  5.980588134679113e-01 
 1.233624889085772e-07  5.980588134679113e-01 
 1.233824889085772e-07  5.980588134679113e-01 
 1.234024889085772e-07  5.980588134679113e-01 
 1.234224889085772e-07  5.980588134679113e-01 
 1.234424889085772e-07  5.980588134679113e-01 
 1.234624889085772e-07  5.980588134679113e-01 
 1.234824889085772e-07  5.980588134679113e-01 
 1.235024889085772e-07  5.980588134679113e-01 
 1.235224889085772e-07  5.980588134679113e-01 
 1.235424889085771e-07  5.980588134679113e-01 
 1.235624889085771e-07  5.980588134679113e-01 
 1.235824889085771e-07  5.980588134679113e-01 
 1.236024889085771e-07  5.980588134679113e-01 
 1.236224889085771e-07  5.980588134679113e-01 
 1.236424889085771e-07  5.980588134679113e-01 
 1.236624889085771e-07  5.980588134679113e-01 
 1.236824889085771e-07  5.980588134679113e-01 
 1.237024889085771e-07  5.980588134679113e-01 
 1.237224889085771e-07  5.980588134679113e-01 
 1.237424889085771e-07  5.980588134679113e-01 
 1.237624889085771e-07  5.980588134679113e-01 
 1.237824889085771e-07  5.980588134679113e-01 
 1.238024889085771e-07  5.980588134679113e-01 
 1.238224889085771e-07  5.980588134679113e-01 
 1.238424889085771e-07  5.980588134679113e-01 
 1.238624889085771e-07  5.980588134679113e-01 
 1.238824889085771e-07  5.980588134679113e-01 
 1.239024889085771e-07  5.980588134679113e-01 
 1.239224889085771e-07  5.980588134679113e-01 
 1.239424889085771e-07  5.980588134679113e-01 
 1.239624889085771e-07  5.980588134679113e-01 
 1.239824889085771e-07  5.980588134679113e-01 
 1.240024889085771e-07  5.980588134679113e-01 
 1.240224889085771e-07  5.980588134679113e-01 
 1.240424889085771e-07  5.980588134679113e-01 
 1.240624889085771e-07  5.980588134679113e-01 
 1.240824889085770e-07  5.980588134679113e-01 
 1.241024889085770e-07  5.980588134679113e-01 
 1.241224889085770e-07  5.980588134679113e-01 
 1.241424889085770e-07  5.980588134679113e-01 
 1.241624889085770e-07  5.980588134679113e-01 
 1.241824889085770e-07  5.980588134679113e-01 
 1.242024889085770e-07  5.980588134679113e-01 
 1.242224889085770e-07  5.980588134679113e-01 
 1.242424889085770e-07  5.980588134679113e-01 
 1.242624889085770e-07  5.980588134679113e-01 
 1.242824889085770e-07  5.980588134679113e-01 
 1.243024889085770e-07  5.980588134679113e-01 
 1.243224889085770e-07  5.980588134679113e-01 
 1.243424889085770e-07  5.980588134679113e-01 
 1.243624889085770e-07  5.980588134679113e-01 
 1.243824889085770e-07  5.980588134679113e-01 
 1.244024889085770e-07  5.980588134679113e-01 
 1.244224889085770e-07  5.980588134679113e-01 
 1.244424889085770e-07  5.980588134679113e-01 
 1.244624889085770e-07  5.980588134679113e-01 
 1.244824889085770e-07  5.980588134679113e-01 
 1.245024889085770e-07  5.980588134679113e-01 
 1.245224889085770e-07  5.980588134679113e-01 
 1.245424889085770e-07  5.980588134679113e-01 
 1.245624889085770e-07  5.980588134679113e-01 
 1.245824889085770e-07  5.980588134679113e-01 
 1.246024889085769e-07  5.980588134679113e-01 
 1.246224889085769e-07  5.980588134679113e-01 
 1.246424889085769e-07  5.980588134679113e-01 
 1.246624889085769e-07  5.980588134679113e-01 
 1.246824889085769e-07  5.980588134679113e-01 
 1.247024889085769e-07  5.980588134679113e-01 
 1.247224889085769e-07  5.980588134679113e-01 
 1.247424889085769e-07  5.980588134679113e-01 
 1.247624889085769e-07  5.980588134679113e-01 
 1.247824889085769e-07  5.980588134679113e-01 
 1.248024889085769e-07  5.980588134679113e-01 
 1.248224889085769e-07  5.980588134679113e-01 
 1.248424889085769e-07  5.980588134679113e-01 
 1.248624889085769e-07  5.980588134679113e-01 
 1.248824889085769e-07  5.980588134679113e-01 
 1.249024889085769e-07  5.980588134679113e-01 
 1.249224889085769e-07  5.980588134679113e-01 
 1.249424889085769e-07  5.980588134679113e-01 
 1.249624889085769e-07  5.980588134679113e-01 
 1.249824889085769e-07  5.980588134679113e-01 
 1.250024889085769e-07  5.980588134679113e-01 
 1.250224889085769e-07  5.980588134679113e-01 
 1.250424889085769e-07  5.980588134679113e-01 
 1.250624889085769e-07  5.980588134679113e-01 
 1.250824889085769e-07  5.980588134679113e-01 
 1.251024889085769e-07  5.980588134679113e-01 
 1.251224889085768e-07  5.980588134679113e-01 
 1.251424889085768e-07  5.980588134679113e-01 
 1.251624889085768e-07  5.980588134679113e-01 
 1.251824889085768e-07  5.980588134679113e-01 
 1.252024889085768e-07  5.980588134679113e-01 
 1.252224889085768e-07  5.980588134679113e-01 
 1.252424889085768e-07  5.980588134679113e-01 
 1.252624889085768e-07  5.980588134679113e-01 
 1.252824889085768e-07  5.980588134679113e-01 
 1.253024889085768e-07  5.980588134679113e-01 
 1.253224889085768e-07  5.980588134679113e-01 
 1.253424889085768e-07  5.980588134679113e-01 
 1.253624889085768e-07  5.980588134679113e-01 
 1.253824889085768e-07  5.980588134679113e-01 
 1.254024889085768e-07  5.980588134679113e-01 
 1.254224889085768e-07  5.980588134679113e-01 
 1.254424889085768e-07  5.980588134679113e-01 
 1.254624889085768e-07  5.980588134679113e-01 
 1.254824889085768e-07  5.980588134679113e-01 
 1.255024889085768e-07  5.980588134679113e-01 
 1.255224889085768e-07  5.980588134679113e-01 
 1.255424889085768e-07  5.980588134679113e-01 
 1.255624889085768e-07  5.980588134679113e-01 
 1.255824889085768e-07  5.980588134679113e-01 
 1.256024889085768e-07  5.980588134679113e-01 
 1.256224889085768e-07  5.980588134679113e-01 
 1.256424889085768e-07  5.980588134679113e-01 
 1.256624889085767e-07  5.980588134679113e-01 
 1.256824889085767e-07  5.980588134679113e-01 
 1.257024889085767e-07  5.980588134679113e-01 
 1.257224889085767e-07  5.980588134679113e-01 
 1.257424889085767e-07  5.980588134679113e-01 
 1.257624889085767e-07  5.980588134679113e-01 
 1.257824889085767e-07  5.980588134679113e-01 
 1.258024889085767e-07  5.980588134679113e-01 
 1.258224889085767e-07  5.980588134679113e-01 
 1.258424889085767e-07  5.980588134679113e-01 
 1.258624889085767e-07  5.980588134679113e-01 
 1.258824889085767e-07  5.980588134679113e-01 
 1.259024889085767e-07  5.980588134679113e-01 
 1.259224889085767e-07  5.980588134679113e-01 
 1.259424889085767e-07  5.980588134679113e-01 
 1.259624889085767e-07  5.980588134679113e-01 
 1.259824889085767e-07  5.980588134679113e-01 
 1.260024889085767e-07  5.980588134679113e-01 
 1.260224889085767e-07  5.980588134679113e-01 
 1.260424889085767e-07  5.980588134679113e-01 
 1.260624889085767e-07  5.980588134679113e-01 
 1.260824889085767e-07  5.980588134679113e-01 
 1.261024889085767e-07  5.980588134679113e-01 
 1.261224889085767e-07  5.980588134679113e-01 
 1.261424889085767e-07  5.980588134679113e-01 
 1.261624889085767e-07  5.980588134679113e-01 
 1.261824889085766e-07  5.980588134679113e-01 
 1.262024889085766e-07  5.980588134679113e-01 
 1.262224889085766e-07  5.980588134679113e-01 
 1.262424889085766e-07  5.980588134679113e-01 
 1.262624889085766e-07  5.980588134679113e-01 
 1.262824889085766e-07  5.980588134679113e-01 
 1.263024889085766e-07  5.980588134679113e-01 
 1.263224889085766e-07  5.980588134679113e-01 
 1.263424889085766e-07  5.980588134679113e-01 
 1.263624889085766e-07  5.980588134679113e-01 
 1.263824889085766e-07  5.980588134679113e-01 
 1.264024889085766e-07  5.980588134679113e-01 
 1.264224889085766e-07  5.980588134679113e-01 
 1.264424889085766e-07  5.980588134679113e-01 
 1.264624889085766e-07  5.980588134679113e-01 
 1.264824889085766e-07  5.980588134679113e-01 
 1.265024889085766e-07  5.980588134679113e-01 
 1.265224889085766e-07  5.980588134679113e-01 
 1.265424889085766e-07  5.980588134679113e-01 
 1.265624889085766e-07  5.980588134679113e-01 
 1.265824889085766e-07  5.980588134679113e-01 
 1.266024889085766e-07  5.980588134679113e-01 
 1.266224889085766e-07  5.980588134679113e-01 
 1.266424889085766e-07  5.980588134679113e-01 
 1.266624889085766e-07  5.980588134679113e-01 
 1.266824889085766e-07  5.980588134679113e-01 
 1.267024889085765e-07  5.980588134679113e-01 
 1.267224889085765e-07  5.980588134679113e-01 
 1.267424889085765e-07  5.980588134679113e-01 
 1.267624889085765e-07  5.980588134679113e-01 
 1.267824889085765e-07  5.980588134679113e-01 
 1.268024889085765e-07  5.980588134679113e-01 
 1.268224889085765e-07  5.980588134679113e-01 
 1.268424889085765e-07  5.980588134679113e-01 
 1.268624889085765e-07  5.980588134679113e-01 
 1.268824889085765e-07  5.980588134679113e-01 
 1.269024889085765e-07  5.980588134679113e-01 
 1.269224889085765e-07  5.980588134679113e-01 
 1.269424889085765e-07  5.980588134679113e-01 
 1.269624889085765e-07  5.980588134679113e-01 
 1.269824889085765e-07  5.980588134679113e-01 
 1.270024889085765e-07  5.980588134679113e-01 
 1.270224889085765e-07  5.980588134679113e-01 
 1.270424889085765e-07  5.980588134679113e-01 
 1.270624889085765e-07  5.980588134679113e-01 
 1.270824889085765e-07  5.980588134679113e-01 
 1.271024889085765e-07  5.980588134679113e-01 
 1.271224889085765e-07  5.980588134679113e-01 
 1.271424889085765e-07  5.980588134679113e-01 
 1.271624889085765e-07  5.980588134679113e-01 
 1.271824889085765e-07  5.980588134679113e-01 
 1.272024889085765e-07  5.980588134679113e-01 
 1.272224889085765e-07  5.980588134679113e-01 
 1.272424889085764e-07  5.980588134679113e-01 
 1.272624889085764e-07  5.980588134679113e-01 
 1.272824889085764e-07  5.980588134679113e-01 
 1.273024889085764e-07  5.980588134679113e-01 
 1.273224889085764e-07  5.980588134679113e-01 
 1.273424889085764e-07  5.980588134679113e-01 
 1.273624889085764e-07  5.980588134679113e-01 
 1.273824889085764e-07  5.980588134679113e-01 
 1.274024889085764e-07  5.980588134679113e-01 
 1.274224889085764e-07  5.980588134679113e-01 
 1.274424889085764e-07  5.980588134679113e-01 
 1.274624889085764e-07  5.980588134679113e-01 
 1.274824889085764e-07  5.980588134679113e-01 
 1.275024889085764e-07  5.980588134679113e-01 
 1.275224889085764e-07  5.980588134679113e-01 
 1.275424889085764e-07  5.980588134679113e-01 
 1.275624889085764e-07  5.980588134679113e-01 
 1.275824889085764e-07  5.980588134679113e-01 
 1.276024889085764e-07  5.980588134679113e-01 
 1.276224889085764e-07  5.980588134679113e-01 
 1.276424889085764e-07  5.980588134679113e-01 
 1.276624889085764e-07  5.980588134679113e-01 
 1.276824889085764e-07  5.980588134679113e-01 
 1.277024889085764e-07  5.980588134679113e-01 
 1.277224889085764e-07  5.980588134679113e-01 
 1.277424889085764e-07  5.980588134679113e-01 
 1.277624889085763e-07  5.980588134679113e-01 
 1.277824889085763e-07  5.980588134679113e-01 
 1.278024889085763e-07  5.980588134679113e-01 
 1.278224889085763e-07  5.980588134679113e-01 
 1.278424889085763e-07  5.980588134679113e-01 
 1.278624889085763e-07  5.980588134679113e-01 
 1.278824889085763e-07  5.980588134679113e-01 
 1.279024889085763e-07  5.980588134679113e-01 
 1.279224889085763e-07  5.980588134679113e-01 
 1.279424889085763e-07  5.980588134679113e-01 
 1.279624889085763e-07  5.980588134679113e-01 
 1.279824889085763e-07  5.980588134679113e-01 
 1.280024889085763e-07  5.980588134679113e-01 
 1.280224889085763e-07  5.980588134679113e-01 
 1.280424889085763e-07  5.980588134679113e-01 
 1.280624889085763e-07  5.980588134679113e-01 
 1.280824889085763e-07  5.980588134679113e-01 
 1.281024889085763e-07  5.980588134679113e-01 
 1.281224889085763e-07  5.980588134679113e-01 
 1.281424889085763e-07  5.980588134679113e-01 
 1.281624889085763e-07  5.980588134679113e-01 
 1.281824889085763e-07  5.980588134679113e-01 
 1.282024889085763e-07  5.980588134679113e-01 
 1.282224889085763e-07  5.980588134679113e-01 
 1.282424889085763e-07  5.980588134679113e-01 
 1.282624889085763e-07  5.980588134679113e-01 
 1.282824889085763e-07  5.980588134679113e-01 
 1.283024889085762e-07  5.980588134679113e-01 
 1.283224889085762e-07  5.980588134679113e-01 
 1.283424889085762e-07  5.980588134679113e-01 
 1.283624889085762e-07  5.980588134679113e-01 
 1.283824889085762e-07  5.980588134679113e-01 
 1.284024889085762e-07  5.980588134679113e-01 
 1.284224889085762e-07  5.980588134679113e-01 
 1.284424889085762e-07  5.980588134679113e-01 
 1.284624889085762e-07  5.980588134679113e-01 
 1.284824889085762e-07  5.980588134679113e-01 
 1.285024889085762e-07  5.980588134679113e-01 
 1.285224889085762e-07  5.980588134679113e-01 
 1.285424889085762e-07  5.980588134679113e-01 
 1.285624889085762e-07  5.980588134679113e-01 
 1.285824889085762e-07  5.980588134679113e-01 
 1.286024889085762e-07  5.980588134679113e-01 
 1.286224889085762e-07  5.980588134679113e-01 
 1.286424889085762e-07  5.980588134679113e-01 
 1.286624889085762e-07  5.980588134679113e-01 
 1.286824889085762e-07  5.980588134679113e-01 
 1.287024889085762e-07  5.980588134679113e-01 
 1.287224889085762e-07  5.980588134679113e-01 
 1.287424889085762e-07  5.980588134679113e-01 
 1.287624889085762e-07  5.980588134679113e-01 
 1.287824889085762e-07  5.980588134679113e-01 
 1.288024889085762e-07  5.980588134679113e-01 
 1.288224889085761e-07  5.980588134679113e-01 
 1.288424889085761e-07  5.980588134679113e-01 
 1.288624889085761e-07  5.980588134679113e-01 
 1.288824889085761e-07  5.980588134679113e-01 
 1.289024889085761e-07  5.980588134679113e-01 
 1.289224889085761e-07  5.980588134679113e-01 
 1.289424889085761e-07  5.980588134679113e-01 
 1.289624889085761e-07  5.980588134679113e-01 
 1.289824889085761e-07  5.980588134679113e-01 
 1.290024889085761e-07  5.980588134679113e-01 
 1.290224889085761e-07  5.980588134679113e-01 
 1.290424889085761e-07  5.980588134679113e-01 
 1.290624889085761e-07  5.980588134679113e-01 
 1.290824889085761e-07  5.980588134679113e-01 
 1.291024889085761e-07  5.980588134679113e-01 
 1.291224889085761e-07  5.980588134679113e-01 
 1.291424889085761e-07  5.980588134679113e-01 
 1.291624889085761e-07  5.980588134679113e-01 
 1.291824889085761e-07  5.980588134679113e-01 
 1.292024889085761e-07  5.980588134679113e-01 
 1.292224889085761e-07  5.980588134679113e-01 
 1.292424889085761e-07  5.980588134679113e-01 
 1.292624889085761e-07  5.980588134679113e-01 
 1.292824889085761e-07  5.980588134679113e-01 
 1.293024889085761e-07  5.980588134679113e-01 
 1.293224889085761e-07  5.980588134679113e-01 
 1.293424889085760e-07  5.980588134679113e-01 
 1.293624889085760e-07  5.980588134679113e-01 
 1.293824889085760e-07  5.980588134679113e-01 
 1.294024889085760e-07  5.980588134679113e-01 
 1.294224889085760e-07  5.980588134679113e-01 
 1.294424889085760e-07  5.980588134679113e-01 
 1.294624889085760e-07  5.980588134679113e-01 
 1.294824889085760e-07  5.980588134679113e-01 
 1.295024889085760e-07  5.980588134679113e-01 
 1.295224889085760e-07  5.980588134679113e-01 
 1.295424889085760e-07  5.980588134679113e-01 
 1.295624889085760e-07  5.980588134679113e-01 
 1.295824889085760e-07  5.980588134679113e-01 
 1.296024889085760e-07  5.980588134679113e-01 
 1.296224889085760e-07  5.980588134679113e-01 
 1.296424889085760e-07  5.980588134679113e-01 
 1.296624889085760e-07  5.980588134679113e-01 
 1.296824889085760e-07  5.980588134679113e-01 
 1.297024889085760e-07  5.980588134679113e-01 
 1.297224889085760e-07  5.980588134679113e-01 
 1.297424889085760e-07  5.980588134679113e-01 
 1.297624889085760e-07  5.980588134679113e-01 
 1.297824889085760e-07  5.980588134679113e-01 
 1.298024889085760e-07  5.980588134679113e-01 
 1.298224889085760e-07  5.980588134679113e-01 
 1.298424889085760e-07  5.980588134679113e-01 
 1.298624889085760e-07  5.980588134679113e-01 
 1.298824889085759e-07  5.980588134679113e-01 
 1.299024889085759e-07  5.980588134679113e-01 
 1.299224889085759e-07  5.980588134679113e-01 
 1.299424889085759e-07  5.980588134679113e-01 
 1.299624889085759e-07  5.980588134679113e-01 
 1.299824889085759e-07  5.980588134679113e-01 
 1.300024889085759e-07  5.980588134679113e-01 
 1.300224889085759e-07  5.980588134679113e-01 
 1.300424889085759e-07  5.980588134679113e-01 
 1.300624889085759e-07  5.980588134679113e-01 
 1.300824889085759e-07  5.980588134679113e-01 
 1.301024889085759e-07  5.980588134679113e-01 
 1.301224889085759e-07  5.980588134679113e-01 
 1.301424889085759e-07  5.980588134679113e-01 
 1.301624889085759e-07  5.980588134679113e-01 
 1.301824889085759e-07  5.980588134679113e-01 
 1.302024889085759e-07  5.980588134679113e-01 
 1.302224889085759e-07  5.980588134679113e-01 
 1.302424889085759e-07  5.980588134679113e-01 
 1.302624889085759e-07  5.980588134679113e-01 
 1.302824889085759e-07  5.980588134679113e-01 
 1.303024889085759e-07  5.980588134679113e-01 
 1.303224889085759e-07  5.980588134679113e-01 
 1.303424889085759e-07  5.980588134679113e-01 
 1.303624889085759e-07  5.980588134679113e-01 
 1.303824889085759e-07  5.980588134679113e-01 
 1.304024889085758e-07  5.980588134679113e-01 
 1.304224889085758e-07  5.980588134679113e-01 
 1.304424889085758e-07  5.980588134679113e-01 
 1.304624889085758e-07  5.980588134679113e-01 
 1.304824889085758e-07  5.980588134679113e-01 
 1.305024889085758e-07  5.980588134679113e-01 
 1.305224889085758e-07  5.980588134679113e-01 
 1.305424889085758e-07  5.980588134679113e-01 
 1.305624889085758e-07  5.980588134679113e-01 
 1.305824889085758e-07  5.980588134679113e-01 
 1.306024889085758e-07  5.980588134679113e-01 
 1.306224889085758e-07  5.980588134679113e-01 
 1.306424889085758e-07  5.980588134679113e-01 
 1.306624889085758e-07  5.980588134679113e-01 
 1.306824889085758e-07  5.980588134679113e-01 
 1.307024889085758e-07  5.980588134679113e-01 
 1.307224889085758e-07  5.980588134679113e-01 
 1.307424889085758e-07  5.980588134679113e-01 
 1.307624889085758e-07  5.980588134679113e-01 
 1.307824889085758e-07  5.980588134679113e-01 
 1.308024889085758e-07  5.980588134679113e-01 
 1.308224889085758e-07  5.980588134679113e-01 
 1.308424889085758e-07  5.980588134679113e-01 
 1.308624889085758e-07  5.980588134679113e-01 
 1.308824889085758e-07  5.980588134679113e-01 
 1.309024889085758e-07  5.980588134679113e-01 
 1.309224889085757e-07  5.980588134679113e-01 
 1.309424889085757e-07  5.980588134679113e-01 
 1.309624889085757e-07  5.980588134679113e-01 
 1.309824889085757e-07  5.980588134679113e-01 
 1.310024889085757e-07  5.980588134679113e-01 
 1.310224889085757e-07  5.980588134679113e-01 
 1.310424889085757e-07  5.980588134679113e-01 
 1.310624889085757e-07  5.980588134679113e-01 
 1.310824889085757e-07  5.980588134679113e-01 
 1.311024889085757e-07  5.980588134679113e-01 
 1.311224889085757e-07  5.980588134679113e-01 
 1.311424889085757e-07  5.980588134679113e-01 
 1.311624889085757e-07  5.980588134679113e-01 
 1.311824889085757e-07  5.980588134679113e-01 
 1.312024889085757e-07  5.980588134679113e-01 
 1.312224889085757e-07  5.980588134679113e-01 
 1.312424889085757e-07  5.980588134679113e-01 
 1.312624889085757e-07  5.980588134679113e-01 
 1.312824889085757e-07  5.980588134679113e-01 
 1.313024889085757e-07  5.980588134679113e-01 
 1.313224889085757e-07  5.980588134679113e-01 
 1.313424889085757e-07  5.980588134679113e-01 
 1.313624889085757e-07  5.980588134679113e-01 
 1.313824889085757e-07  5.980588134679113e-01 
 1.314024889085757e-07  5.980588134679113e-01 
 1.314224889085757e-07  5.980588134679113e-01 
 1.314424889085757e-07  5.980588134679113e-01 
 1.314624889085756e-07  5.980588134679113e-01 
 1.314824889085756e-07  5.980588134679113e-01 
 1.315024889085756e-07  5.980588134679113e-01 
 1.315224889085756e-07  5.980588134679113e-01 
 1.315424889085756e-07  5.980588134679113e-01 
 1.315624889085756e-07  5.980588134679113e-01 
 1.315824889085756e-07  5.980588134679113e-01 
 1.316024889085756e-07  5.980588134679113e-01 
 1.316224889085756e-07  5.980588134679113e-01 
 1.316424889085756e-07  5.980588134679113e-01 
 1.316624889085756e-07  5.980588134679113e-01 
 1.316824889085756e-07  5.980588134679113e-01 
 1.317024889085756e-07  5.980588134679113e-01 
 1.317224889085756e-07  5.980588134679113e-01 
 1.317424889085756e-07  5.980588134679113e-01 
 1.317624889085756e-07  5.980588134679113e-01 
 1.317824889085756e-07  5.980588134679113e-01 
 1.318024889085756e-07  5.980588134679113e-01 
 1.318224889085756e-07  5.980588134679113e-01 
 1.318424889085756e-07  5.980588134679113e-01 
 1.318624889085756e-07  5.980588134679113e-01 
 1.318824889085756e-07  5.980588134679113e-01 
 1.319024889085756e-07  5.980588134679113e-01 
 1.319224889085756e-07  5.980588134679113e-01 
 1.319424889085756e-07  5.980588134679113e-01 
 1.319624889085756e-07  5.980588134679113e-01 
 1.319824889085755e-07  5.980588134679113e-01 
 1.320024889085755e-07  5.980588134679113e-01 
 1.320224889085755e-07  5.980588134679113e-01 
 1.320424889085755e-07  5.980588134679113e-01 
 1.320624889085755e-07  5.980588134679113e-01 
 1.320824889085755e-07  5.980588134679113e-01 
 1.321024889085755e-07  5.980588134679113e-01 
 1.321224889085755e-07  5.980588134679113e-01 
 1.321424889085755e-07  5.980588134679113e-01 
 1.321624889085755e-07  5.980588134679113e-01 
 1.321824889085755e-07  5.980588134679113e-01 
 1.322024889085755e-07  5.980588134679113e-01 
 1.322224889085755e-07  5.980588134679113e-01 
 1.322424889085755e-07  5.980588134679113e-01 
 1.322624889085755e-07  5.980588134679113e-01 
 1.322824889085755e-07  5.980588134679113e-01 
 1.323024889085755e-07  5.980588134679113e-01 
 1.323224889085755e-07  5.980588134679113e-01 
 1.323424889085755e-07  5.980588134679113e-01 
 1.323624889085755e-07  5.980588134679113e-01 
 1.323824889085755e-07  5.980588134679113e-01 
 1.324024889085755e-07  5.980588134679113e-01 
 1.324224889085755e-07  5.980588134679113e-01 
 1.324424889085755e-07  5.980588134679113e-01 
 1.324624889085755e-07  5.980588134679113e-01 
 1.324824889085755e-07  5.980588134679113e-01 
 1.325024889085755e-07  5.980588134679113e-01 
 1.325224889085754e-07  5.980588134679113e-01 
 1.325424889085754e-07  5.980588134679113e-01 
 1.325624889085754e-07  5.980588134679113e-01 
 1.325824889085754e-07  5.980588134679113e-01 
 1.326024889085754e-07  5.980588134679113e-01 
 1.326224889085754e-07  5.980588134679113e-01 
 1.326424889085754e-07  5.980588134679113e-01 
 1.326624889085754e-07  5.980588134679113e-01 
 1.326824889085754e-07  5.980588134679113e-01 
 1.327024889085754e-07  5.980588134679113e-01 
 1.327224889085754e-07  5.980588134679113e-01 
 1.327424889085754e-07  5.980588134679113e-01 
 1.327624889085754e-07  5.980588134679113e-01 
 1.327824889085754e-07  5.980588134679113e-01 
 1.328024889085754e-07  5.980588134679113e-01 
 1.328224889085754e-07  5.980588134679113e-01 
 1.328424889085754e-07  5.980588134679113e-01 
 1.328624889085754e-07  5.980588134679113e-01 
 1.328824889085754e-07  5.980588134679113e-01 
 1.329024889085754e-07  5.980588134679113e-01 
 1.329224889085754e-07  5.980588134679113e-01 
 1.329424889085754e-07  5.980588134679113e-01 
 1.329624889085754e-07  5.980588134679113e-01 
 1.329824889085754e-07  5.980588134679113e-01 
 1.330024889085754e-07  5.980588134679113e-01 
 1.330224889085754e-07  5.980588134679113e-01 
 1.330424889085753e-07  5.980588134679113e-01 
 1.330624889085753e-07  5.980588134679113e-01 
 1.330824889085753e-07  5.980588134679113e-01 
 1.331024889085753e-07  5.980588134679113e-01 
 1.331224889085753e-07  5.980588134679113e-01 
 1.331424889085753e-07  5.980588134679113e-01 
 1.331624889085753e-07  5.980588134679113e-01 
 1.331824889085753e-07  5.980588134679113e-01 
 1.332024889085753e-07  5.980588134679113e-01 
 1.332224889085753e-07  5.980588134679113e-01 
 1.332424889085753e-07  5.980588134679113e-01 
 1.332624889085753e-07  5.980588134679113e-01 
 1.332824889085753e-07  5.980588134679113e-01 
 1.333024889085753e-07  5.980588134679113e-01 
 1.333224889085753e-07  5.980588134679113e-01 
 1.333424889085753e-07  5.980588134679113e-01 
 1.333624889085753e-07  5.980588134679113e-01 
 1.333824889085753e-07  5.980588134679113e-01 
 1.334024889085753e-07  5.980588134679113e-01 
 1.334224889085753e-07  5.980588134679113e-01 
 1.334424889085753e-07  5.980588134679113e-01 
 1.334624889085753e-07  5.980588134679113e-01 
 1.334824889085753e-07  5.980588134679113e-01 
 1.335024889085753e-07  5.980588134679113e-01 
 1.335224889085753e-07  5.980588134679113e-01 
 1.335424889085753e-07  5.980588134679113e-01 
 1.335624889085752e-07  5.980588134679113e-01 
 1.335824889085752e-07  5.980588134679113e-01 
 1.336024889085752e-07  5.980588134679113e-01 
 1.336224889085752e-07  5.980588134679113e-01 
 1.336424889085752e-07  5.980588134679113e-01 
 1.336624889085752e-07  5.980588134679113e-01 
 1.336824889085752e-07  5.980588134679113e-01 
 1.337024889085752e-07  5.980588134679113e-01 
 1.337224889085752e-07  5.980588134679113e-01 
 1.337424889085752e-07  5.980588134679113e-01 
 1.337624889085752e-07  5.980588134679113e-01 
 1.337824889085752e-07  5.980588134679113e-01 
 1.338024889085752e-07  5.980588134679113e-01 
 1.338224889085752e-07  5.980588134679113e-01 
 1.338424889085752e-07  5.980588134679113e-01 
 1.338624889085752e-07  5.980588134679113e-01 
 1.338824889085752e-07  5.980588134679113e-01 
 1.339024889085752e-07  5.980588134679113e-01 
 1.339224889085752e-07  5.980588134679113e-01 
 1.339424889085752e-07  5.980588134679113e-01 
 1.339624889085752e-07  5.980588134679113e-01 
 1.339824889085752e-07  5.980588134679113e-01 
 1.340024889085752e-07  5.980588134679113e-01 
 1.340224889085752e-07  5.980588134679113e-01 
 1.340424889085752e-07  5.980588134679113e-01 
 1.340624889085752e-07  5.980588134679113e-01 
 1.340824889085752e-07  5.980588134679113e-01 
 1.341024889085751e-07  5.980588134679113e-01 
 1.341224889085751e-07  5.980588134679113e-01 
 1.341424889085751e-07  5.980588134679113e-01 
 1.341624889085751e-07  5.980588134679113e-01 
 1.341824889085751e-07  5.980588134679113e-01 
 1.342024889085751e-07  5.980588134679113e-01 
 1.342224889085751e-07  5.980588134679113e-01 
 1.342424889085751e-07  5.980588134679113e-01 
 1.342624889085751e-07  5.980588134679113e-01 
 1.342824889085751e-07  5.980588134679113e-01 
 1.343024889085751e-07  5.980588134679113e-01 
 1.343224889085751e-07  5.980588134679113e-01 
 1.343424889085751e-07  5.980588134679113e-01 
 1.343624889085751e-07  5.980588134679113e-01 
 1.343824889085751e-07  5.980588134679113e-01 
 1.344024889085751e-07  5.980588134679113e-01 
 1.344224889085751e-07  5.980588134679113e-01 
 1.344424889085751e-07  5.980588134679113e-01 
 1.344624889085751e-07  5.980588134679113e-01 
 1.344824889085751e-07  5.980588134679113e-01 
 1.345024889085751e-07  5.980588134679113e-01 
 1.345224889085751e-07  5.980588134679113e-01 
 1.345424889085751e-07  5.980588134679113e-01 
 1.345624889085751e-07  5.980588134679113e-01 
 1.345824889085751e-07  5.980588134679113e-01 
 1.346024889085751e-07  5.980588134679113e-01 
 1.346224889085750e-07  5.980588134679113e-01 
 1.346424889085750e-07  5.980588134679113e-01 
 1.346624889085750e-07  5.980588134679113e-01 
 1.346824889085750e-07  5.980588134679113e-01 
 1.347024889085750e-07  5.980588134679113e-01 
 1.347224889085750e-07  5.980588134679113e-01 
 1.347424889085750e-07  5.980588134679113e-01 
 1.347624889085750e-07  5.980588134679113e-01 
 1.347824889085750e-07  5.980588134679113e-01 
 1.348024889085750e-07  5.980588134679113e-01 
 1.348224889085750e-07  5.980588134679113e-01 
 1.348424889085750e-07  5.980588134679113e-01 
 1.348624889085750e-07  5.980588134679113e-01 
 1.348824889085750e-07  5.980588134679113e-01 
 1.349024889085750e-07  5.980588134679113e-01 
 1.349224889085750e-07  5.980588134679113e-01 
 1.349424889085750e-07  5.980588134679113e-01 
 1.349624889085750e-07  5.980588134679113e-01 
 1.349824889085750e-07  5.980588134679113e-01 
 1.350024889085750e-07  5.980588134679113e-01 
 1.350224889085750e-07  5.980588134679113e-01 
 1.350424889085750e-07  5.980588134679113e-01 
 1.350624889085750e-07  5.980588134679113e-01 
 1.350824889085750e-07  5.980588134679113e-01 
 1.351024889085750e-07  5.980588134679113e-01 
 1.351224889085750e-07  5.980588134679113e-01 
 1.351424889085750e-07  5.980588134679113e-01 
 1.351624889085749e-07  5.980588134679113e-01 
 1.351824889085749e-07  5.980588134679113e-01 
 1.352024889085749e-07  5.980588134679113e-01 
 1.352224889085749e-07  5.980588134679113e-01 
 1.352424889085749e-07  5.980588134679113e-01 
 1.352624889085749e-07  5.980588134679113e-01 
 1.352824889085749e-07  5.980588134679113e-01 
 1.353024889085749e-07  5.980588134679113e-01 
 1.353224889085749e-07  5.980588134679113e-01 
 1.353424889085749e-07  5.980588134679113e-01 
 1.353624889085749e-07  5.980588134679113e-01 
 1.353824889085749e-07  5.980588134679113e-01 
 1.354024889085749e-07  5.980588134679113e-01 
 1.354224889085749e-07  5.980588134679113e-01 
 1.354424889085749e-07  5.980588134679113e-01 
 1.354624889085749e-07  5.980588134679113e-01 
 1.354824889085749e-07  5.980588134679113e-01 
 1.355024889085749e-07  5.980588134679113e-01 
 1.355224889085749e-07  5.980588134679113e-01 
 1.355424889085749e-07  5.980588134679113e-01 
 1.355624889085749e-07  5.980588134679113e-01 
 1.355824889085749e-07  5.980588134679113e-01 
 1.356024889085749e-07  5.980588134679113e-01 
 1.356224889085749e-07  5.980588134679113e-01 
 1.356424889085749e-07  5.980588134679113e-01 
 1.356624889085749e-07  5.980588134679113e-01 
 1.356824889085748e-07  5.980588134679113e-01 
 1.357024889085748e-07  5.980588134679113e-01 
 1.357224889085748e-07  5.980588134679113e-01 
 1.357424889085748e-07  5.980588134679113e-01 
 1.357624889085748e-07  5.980588134679113e-01 
 1.357824889085748e-07  5.980588134679113e-01 
 1.358024889085748e-07  5.980588134679113e-01 
 1.358224889085748e-07  5.980588134679113e-01 
 1.358424889085748e-07  5.980588134679113e-01 
 1.358624889085748e-07  5.980588134679113e-01 
 1.358824889085748e-07  5.980588134679113e-01 
 1.359024889085748e-07  5.980588134679113e-01 
 1.359224889085748e-07  5.980588134679113e-01 
 1.359424889085748e-07  5.980588134679113e-01 
 1.359624889085748e-07  5.980588134679113e-01 
 1.359824889085748e-07  5.980588134679113e-01 
 1.360024889085748e-07  5.980588134679113e-01 
 1.360224889085748e-07  5.980588134679113e-01 
 1.360424889085748e-07  5.980588134679113e-01 
 1.360624889085748e-07  5.980588134679113e-01 
 1.360824889085748e-07  5.980588134679113e-01 
 1.361024889085748e-07  5.980588134679113e-01 
 1.361224889085748e-07  5.980588134679113e-01 
 1.361424889085748e-07  5.980588134679113e-01 
 1.361624889085748e-07  5.980588134679113e-01 
 1.361824889085748e-07  5.980588134679113e-01 
 1.362024889085747e-07  5.980588134679113e-01 
 1.362224889085747e-07  5.980588134679113e-01 
 1.362424889085747e-07  5.980588134679113e-01 
 1.362624889085747e-07  5.980588134679113e-01 
 1.362824889085747e-07  5.980588134679113e-01 
 1.363024889085747e-07  5.980588134679113e-01 
 1.363224889085747e-07  5.980588134679113e-01 
 1.363424889085747e-07  5.980588134679113e-01 
 1.363624889085747e-07  5.980588134679113e-01 
 1.363824889085747e-07  5.980588134679113e-01 
 1.364024889085747e-07  5.980588134679113e-01 
 1.364224889085747e-07  5.980588134679113e-01 
 1.364424889085747e-07  5.980588134679113e-01 
 1.364624889085747e-07  5.980588134679113e-01 
 1.364824889085747e-07  5.980588134679113e-01 
 1.365024889085747e-07  5.980588134679113e-01 
 1.365224889085747e-07  5.980588134679113e-01 
 1.365424889085747e-07  5.980588134679113e-01 
 1.365624889085747e-07  5.980588134679113e-01 
 1.365824889085747e-07  5.980588134679113e-01 
 1.366024889085747e-07  5.980588134679113e-01 
 1.366224889085747e-07  5.980588134679113e-01 
 1.366424889085747e-07  5.980588134679113e-01 
 1.366624889085747e-07  5.980588134679113e-01 
 1.366824889085747e-07  5.980588134679113e-01 
 1.367024889085747e-07  5.980588134679113e-01 
 1.367224889085747e-07  5.980588134679113e-01 
 1.367424889085746e-07  5.980588134679113e-01 
 1.367624889085746e-07  5.980588134679113e-01 
 1.367824889085746e-07  5.980588134679113e-01 
 1.368024889085746e-07  5.980588134679113e-01 
 1.368224889085746e-07  5.980588134679113e-01 
 1.368424889085746e-07  5.980588134679113e-01 
 1.368624889085746e-07  5.980588134679113e-01 
 1.368824889085746e-07  5.980588134679113e-01 
 1.369024889085746e-07  5.980588134679113e-01 
 1.369224889085746e-07  5.980588134679113e-01 
 1.369424889085746e-07  5.980588134679113e-01 
 1.369624889085746e-07  5.980588134679113e-01 
 1.369824889085746e-07  5.980588134679113e-01 
 1.370024889085746e-07  5.980588134679113e-01 
 1.370224889085746e-07  5.980588134679113e-01 
 1.370424889085746e-07  5.980588134679113e-01 
 1.370624889085746e-07  5.980588134679113e-01 
 1.370824889085746e-07  5.980588134679113e-01 
 1.371024889085746e-07  5.980588134679113e-01 
 1.371224889085746e-07  5.980588134679113e-01 
 1.371424889085746e-07  5.980588134679113e-01 
 1.371624889085746e-07  5.980588134679113e-01 
 1.371824889085746e-07  5.980588134679113e-01 
 1.372024889085746e-07  5.980588134679113e-01 
 1.372224889085746e-07  5.980588134679113e-01 
 1.372424889085746e-07  5.980588134679113e-01 
 1.372624889085745e-07  5.980588134679113e-01 
 1.372824889085745e-07  5.980588134679113e-01 
 1.373024889085745e-07  5.980588134679113e-01 
 1.373224889085745e-07  5.980588134679113e-01 
 1.373424889085745e-07  5.980588134679113e-01 
 1.373624889085745e-07  5.980588134679113e-01 
 1.373824889085745e-07  5.980588134679113e-01 
 1.374024889085745e-07  5.980588134679113e-01 
 1.374224889085745e-07  5.980588134679113e-01 
 1.374424889085745e-07  5.980588134679113e-01 
 1.374624889085745e-07  5.980588134679113e-01 
 1.374824889085745e-07  5.980588134679113e-01 
 1.375024889085745e-07  5.980588134679113e-01 
 1.375224889085745e-07  5.980588134679113e-01 
 1.375424889085745e-07  5.980588134679113e-01 
 1.375624889085745e-07  5.980588134679113e-01 
 1.375824889085745e-07  5.980588134679113e-01 
 1.376024889085745e-07  5.980588134679113e-01 
 1.376224889085745e-07  5.980588134679113e-01 
 1.376424889085745e-07  5.980588134679113e-01 
 1.376624889085745e-07  5.980588134679113e-01 
 1.376824889085745e-07  5.980588134679113e-01 
 1.377024889085745e-07  5.980588134679113e-01 
 1.377224889085745e-07  5.980588134679113e-01 
 1.377424889085745e-07  5.980588134679113e-01 
 1.377624889085745e-07  5.980588134679113e-01 
 1.377824889085744e-07  5.980588134679113e-01 
 1.378024889085744e-07  5.980588134679113e-01 
 1.378224889085744e-07  5.980588134679113e-01 
 1.378424889085744e-07  5.980588134679113e-01 
 1.378624889085744e-07  5.980588134679113e-01 
 1.378824889085744e-07  5.980588134679113e-01 
 1.379024889085744e-07  5.980588134679113e-01 
 1.379224889085744e-07  5.980588134679113e-01 
 1.379424889085744e-07  5.980588134679113e-01 
 1.379624889085744e-07  5.980588134679113e-01 
 1.379824889085744e-07  5.980588134679113e-01 
 1.380024889085744e-07  5.980588134679113e-01 
 1.380224889085744e-07  5.980588134679113e-01 
 1.380424889085744e-07  5.980588134679113e-01 
 1.380624889085744e-07  5.980588134679113e-01 
 1.380824889085744e-07  5.980588134679113e-01 
 1.381024889085744e-07  5.980588134679113e-01 
 1.381224889085744e-07  5.980588134679113e-01 
 1.381424889085744e-07  5.980588134679113e-01 
 1.381624889085744e-07  5.980588134679113e-01 
 1.381824889085744e-07  5.980588134679113e-01 
 1.382024889085744e-07  5.980588134679113e-01 
 1.382224889085744e-07  5.980588134679113e-01 
 1.382424889085744e-07  5.980588134679113e-01 
 1.382624889085744e-07  5.980588134679113e-01 
 1.382824889085744e-07  5.980588134679113e-01 
 1.383024889085744e-07  5.980588134679113e-01 
 1.383224889085743e-07  5.980588134679113e-01 
 1.383424889085743e-07  5.980588134679113e-01 
 1.383624889085743e-07  5.980588134679113e-01 
 1.383824889085743e-07  5.980588134679113e-01 
 1.384024889085743e-07  5.980588134679113e-01 
 1.384224889085743e-07  5.980588134679113e-01 
 1.384424889085743e-07  5.980588134679113e-01 
 1.384624889085743e-07  5.980588134679113e-01 
 1.384824889085743e-07  5.980588134679113e-01 
 1.385024889085743e-07  5.980588134679113e-01 
 1.385224889085743e-07  5.980588134679113e-01 
 1.385424889085743e-07  5.980588134679113e-01 
 1.385624889085743e-07  5.980588134679113e-01 
 1.385824889085743e-07  5.980588134679113e-01 
 1.386024889085743e-07  5.980588134679113e-01 
 1.386224889085743e-07  5.980588134679113e-01 
 1.386424889085743e-07  5.980588134679113e-01 
 1.386624889085743e-07  5.980588134679113e-01 
 1.386824889085743e-07  5.980588134679113e-01 
 1.387024889085743e-07  5.980588134679113e-01 
 1.387224889085743e-07  5.980588134679113e-01 
 1.387424889085743e-07  5.980588134679113e-01 
 1.387624889085743e-07  5.980588134679113e-01 
 1.387824889085743e-07  5.980588134679113e-01 
 1.388024889085743e-07  5.980588134679113e-01 
 1.388224889085743e-07  5.980588134679113e-01 
 1.388424889085742e-07  5.980588134679113e-01 
 1.388624889085742e-07  5.980588134679113e-01 
 1.388824889085742e-07  5.980588134679113e-01 
 1.389024889085742e-07  5.980588134679113e-01 
 1.389224889085742e-07  5.980588134679113e-01 
 1.389424889085742e-07  5.980588134679113e-01 
 1.389624889085742e-07  5.980588134679113e-01 
 1.389824889085742e-07  5.980588134679113e-01 
 1.390024889085742e-07  5.980588134679113e-01 
 1.390224889085742e-07  5.980588134679113e-01 
 1.390424889085742e-07  5.980588134679113e-01 
 1.390624889085742e-07  5.980588134679113e-01 
 1.390824889085742e-07  5.980588134679113e-01 
 1.391024889085742e-07  5.980588134679113e-01 
 1.391224889085742e-07  5.980588134679113e-01 
 1.391424889085742e-07  5.980588134679113e-01 
 1.391624889085742e-07  5.980588134679113e-01 
 1.391824889085742e-07  5.980588134679113e-01 
 1.392024889085742e-07  5.980588134679113e-01 
 1.392224889085742e-07  5.980588134679113e-01 
 1.392424889085742e-07  5.980588134679113e-01 
 1.392624889085742e-07  5.980588134679113e-01 
 1.392824889085742e-07  5.980588134679113e-01 
 1.393024889085742e-07  5.980588134679113e-01 
 1.393224889085742e-07  5.980588134679113e-01 
 1.393424889085742e-07  5.980588134679113e-01 
 1.393624889085742e-07  5.980588134679113e-01 
 1.393824889085741e-07  5.980588134679113e-01 
 1.394024889085741e-07  5.980588134679113e-01 
 1.394224889085741e-07  5.980588134679113e-01 
 1.394424889085741e-07  5.980588134679113e-01 
 1.394624889085741e-07  5.980588134679113e-01 
 1.394824889085741e-07  5.980588134679113e-01 
 1.395024889085741e-07  5.980588134679113e-01 
 1.395224889085741e-07  5.980588134679113e-01 
 1.395424889085741e-07  5.980588134679113e-01 
 1.395624889085741e-07  5.980588134679113e-01 
 1.395824889085741e-07  5.980588134679113e-01 
 1.396024889085741e-07  5.980588134679113e-01 
 1.396224889085741e-07  5.980588134679113e-01 
 1.396424889085741e-07  5.980588134679113e-01 
 1.396624889085741e-07  5.980588134679113e-01 
 1.396824889085741e-07  5.980588134679113e-01 
 1.397024889085741e-07  5.980588134679113e-01 
 1.397224889085741e-07  5.980588134679113e-01 
 1.397424889085741e-07  5.980588134679113e-01 
 1.397624889085741e-07  5.980588134679113e-01 
 1.397824889085741e-07  5.980588134679113e-01 
 1.398024889085741e-07  5.980588134679113e-01 
 1.398224889085741e-07  5.980588134679113e-01 
 1.398424889085741e-07  5.980588134679113e-01 
 1.398624889085741e-07  5.980588134679113e-01 
 1.398824889085741e-07  5.980588134679113e-01 
 1.399024889085740e-07  5.980588134679113e-01 
 1.399224889085740e-07  5.980588134679113e-01 
 1.399424889085740e-07  5.980588134679113e-01 
 1.399624889085740e-07  5.980588134679113e-01 
 1.399824889085740e-07  5.980588134679113e-01 
 1.400024889085740e-07  5.980588134679113e-01 
 1.400224889085740e-07  5.980588134679113e-01 
 1.400424889085740e-07  5.980588134679113e-01 
 1.400624889085740e-07  5.980588134679113e-01 
 1.400824889085740e-07  5.980588134679113e-01 
 1.401024889085740e-07  5.980588134679113e-01 
 1.401224889085740e-07  5.980588134679113e-01 
 1.401424889085740e-07  5.980588134679113e-01 
 1.401624889085740e-07  5.980588134679113e-01 
 1.401824889085740e-07  5.980588134679113e-01 
 1.402024889085740e-07  5.980588134679113e-01 
 1.402224889085740e-07  5.980588134679113e-01 
 1.402424889085740e-07  5.980588134679113e-01 
 1.402624889085740e-07  5.980588134679113e-01 
 1.402824889085740e-07  5.980588134679113e-01 
 1.403024889085740e-07  5.980588134679113e-01 
 1.403224889085740e-07  5.980588134679113e-01 
 1.403424889085740e-07  5.980588134679113e-01 
 1.403624889085740e-07  5.980588134679113e-01 
 1.403824889085740e-07  5.980588134679113e-01 
 1.404024889085740e-07  5.980588134679113e-01 
 1.404224889085739e-07  5.980588134679113e-01 
 1.404424889085739e-07  5.980588134679113e-01 
 1.404624889085739e-07  5.980588134679113e-01 
 1.404824889085739e-07  5.980588134679113e-01 
 1.405024889085739e-07  5.980588134679113e-01 
 1.405224889085739e-07  5.980588134679113e-01 
 1.405424889085739e-07  5.980588134679113e-01 
 1.405624889085739e-07  5.980588134679113e-01 
 1.405824889085739e-07  5.980588134679113e-01 
 1.406024889085739e-07  5.980588134679113e-01 
 1.406224889085739e-07  5.980588134679113e-01 
 1.406424889085739e-07  5.980588134679113e-01 
 1.406624889085739e-07  5.980588134679113e-01 
 1.406824889085739e-07  5.980588134679113e-01 
 1.407024889085739e-07  5.980588134679113e-01 
 1.407224889085739e-07  5.980588134679113e-01 
 1.407424889085739e-07  5.980588134679113e-01 
 1.407624889085739e-07  5.980588134679113e-01 
 1.407824889085739e-07  5.980588134679113e-01 
 1.408024889085739e-07  5.980588134679113e-01 
 1.408224889085739e-07  5.980588134679113e-01 
 1.408424889085739e-07  5.980588134679113e-01 
 1.408624889085739e-07  5.980588134679113e-01 
 1.408824889085739e-07  5.980588134679113e-01 
 1.409024889085739e-07  5.980588134679113e-01 
 1.409224889085739e-07  5.980588134679113e-01 
 1.409424889085739e-07  5.980588134679113e-01 
 1.409624889085738e-07  5.980588134679113e-01 
 1.409824889085738e-07  5.980588134679113e-01 
 1.410024889085738e-07  5.980588134679113e-01 
 1.410224889085738e-07  5.980588134679113e-01 
 1.410424889085738e-07  5.980588134679113e-01 
 1.410624889085738e-07  5.980588134679113e-01 
 1.410824889085738e-07  5.980588134679113e-01 
 1.411024889085738e-07  5.980588134679113e-01 
 1.411224889085738e-07  5.980588134679113e-01 
 1.411424889085738e-07  5.980588134679113e-01 
 1.411624889085738e-07  5.980588134679113e-01 
 1.411824889085738e-07  5.980588134679113e-01 
 1.412024889085738e-07  5.980588134679113e-01 
 1.412224889085738e-07  5.980588134679113e-01 
 1.412424889085738e-07  5.980588134679113e-01 
 1.412624889085738e-07  5.980588134679113e-01 
 1.412824889085738e-07  5.980588134679113e-01 
 1.413024889085738e-07  5.980588134679113e-01 
 1.413224889085738e-07  5.980588134679113e-01 
 1.413424889085738e-07  5.980588134679113e-01 
 1.413624889085738e-07  5.980588134679113e-01 
 1.413824889085738e-07  5.980588134679113e-01 
 1.414024889085738e-07  5.980588134679113e-01 
 1.414224889085738e-07  5.980588134679113e-01 
 1.414424889085738e-07  5.980588134679113e-01 
 1.414624889085738e-07  5.980588134679113e-01 
 1.414824889085737e-07  5.980588134679113e-01 
 1.415024889085737e-07  5.980588134679113e-01 
 1.415224889085737e-07  5.980588134679113e-01 
 1.415424889085737e-07  5.980588134679113e-01 
 1.415624889085737e-07  5.980588134679113e-01 
 1.415824889085737e-07  5.980588134679113e-01 
 1.416024889085737e-07  5.980588134679113e-01 
 1.416224889085737e-07  5.980588134679113e-01 
 1.416424889085737e-07  5.980588134679113e-01 
 1.416624889085737e-07  5.980588134679113e-01 
 1.416824889085737e-07  5.980588134679113e-01 
 1.417024889085737e-07  5.980588134679113e-01 
 1.417224889085737e-07  5.980588134679113e-01 
 1.417424889085737e-07  5.980588134679113e-01 
 1.417624889085737e-07  5.980588134679113e-01 
 1.417824889085737e-07  5.980588134679113e-01 
 1.418024889085737e-07  5.980588134679113e-01 
 1.418224889085737e-07  5.980588134679113e-01 
 1.418424889085737e-07  5.980588134679113e-01 
 1.418624889085737e-07  5.980588134679113e-01 
 1.418824889085737e-07  5.980588134679113e-01 
 1.419024889085737e-07  5.980588134679113e-01 
 1.419224889085737e-07  5.980588134679113e-01 
 1.419424889085737e-07  5.980588134679113e-01 
 1.419624889085737e-07  5.980588134679113e-01 
 1.419824889085737e-07  5.980588134679113e-01 
 1.420024889085736e-07  5.980588134679113e-01 
 1.420224889085736e-07  5.980588134679113e-01 
 1.420424889085736e-07  5.980588134679113e-01 
 1.420624889085736e-07  5.980588134679113e-01 
 1.420824889085736e-07  5.980588134679113e-01 
 1.421024889085736e-07  5.980588134679113e-01 
 1.421224889085736e-07  5.980588134679113e-01 
 1.421424889085736e-07  5.980588134679113e-01 
 1.421624889085736e-07  5.980588134679113e-01 
 1.421824889085736e-07  5.980588134679113e-01 
 1.422024889085736e-07  5.980588134679113e-01 
 1.422224889085736e-07  5.980588134679113e-01 
 1.422424889085736e-07  5.980588134679113e-01 
 1.422624889085736e-07  5.980588134679113e-01 
 1.422824889085736e-07  5.980588134679113e-01 
 1.423024889085736e-07  5.980588134679113e-01 
 1.423224889085736e-07  5.980588134679113e-01 
 1.423424889085736e-07  5.980588134679113e-01 
 1.423624889085736e-07  5.980588134679113e-01 
 1.423824889085736e-07  5.980588134679113e-01 
 1.424024889085736e-07  5.980588134679113e-01 
 1.424224889085736e-07  5.980588134679113e-01 
 1.424424889085736e-07  5.980588134679113e-01 
 1.424624889085736e-07  5.980588134679113e-01 
 1.424824889085736e-07  5.980588134679113e-01 
 1.425024889085736e-07  5.980588134679113e-01 
 1.425224889085736e-07  5.980588134679113e-01 
 1.425424889085735e-07  5.980588134679113e-01 
 1.425624889085735e-07  5.980588134679113e-01 
 1.425824889085735e-07  5.980588134679113e-01 
 1.426024889085735e-07  5.980588134679113e-01 
 1.426224889085735e-07  5.980588134679113e-01 
 1.426424889085735e-07  5.980588134679113e-01 
 1.426624889085735e-07  5.980588134679113e-01 
 1.426824889085735e-07  5.980588134679113e-01 
 1.427024889085735e-07  5.980588134679113e-01 
 1.427224889085735e-07  5.980588134679113e-01 
 1.427424889085735e-07  5.980588134679113e-01 
 1.427624889085735e-07  5.980588134679113e-01 
 1.427824889085735e-07  5.980588134679113e-01 
 1.428024889085735e-07  5.980588134679113e-01 
 1.428224889085735e-07  5.980588134679113e-01 
 1.428424889085735e-07  5.980588134679113e-01 
 1.428624889085735e-07  5.980588134679113e-01 
 1.428824889085735e-07  5.980588134679113e-01 
 1.429024889085735e-07  5.980588134679113e-01 
 1.429224889085735e-07  5.980588134679113e-01 
 1.429424889085735e-07  5.980588134679113e-01 
 1.429624889085735e-07  5.980588134679113e-01 
 1.429824889085735e-07  5.980588134679113e-01 
 1.430024889085735e-07  5.980588134679113e-01 
 1.430224889085735e-07  5.980588134679113e-01 
 1.430424889085735e-07  5.980588134679113e-01 
 1.430624889085734e-07  5.980588134679113e-01 
 1.430824889085734e-07  5.980588134679113e-01 
 1.431024889085734e-07  5.980588134679113e-01 
 1.431224889085734e-07  5.980588134679113e-01 
 1.431424889085734e-07  5.980588134679113e-01 
 1.431624889085734e-07  5.980588134679113e-01 
 1.431824889085734e-07  5.980588134679113e-01 
 1.432024889085734e-07  5.980588134679113e-01 
 1.432224889085734e-07  5.980588134679113e-01 
 1.432424889085734e-07  5.980588134679113e-01 
 1.432624889085734e-07  5.980588134679113e-01 
 1.432824889085734e-07  5.980588134679113e-01 
 1.433024889085734e-07  5.980588134679113e-01 
 1.433224889085734e-07  5.980588134679113e-01 
 1.433424889085734e-07  5.980588134679113e-01 
 1.433624889085734e-07  5.980588134679113e-01 
 1.433824889085734e-07  5.980588134679113e-01 
 1.434024889085734e-07  5.980588134679113e-01 
 1.434224889085734e-07  5.980588134679113e-01 
 1.434424889085734e-07  5.980588134679113e-01 
 1.434624889085734e-07  5.980588134679113e-01 
 1.434824889085734e-07  5.980588134679113e-01 
 1.435024889085734e-07  5.980588134679113e-01 
 1.435224889085734e-07  5.980588134679113e-01 
 1.435424889085734e-07  5.980588134679113e-01 
 1.435624889085734e-07  5.980588134679113e-01 
 1.435824889085734e-07  5.980588134679113e-01 
 1.436024889085733e-07  5.980588134679113e-01 
 1.436224889085733e-07  5.980588134679113e-01 
 1.436424889085733e-07  5.980588134679113e-01 
 1.436624889085733e-07  5.980588134679113e-01 
 1.436824889085733e-07  5.980588134679113e-01 
 1.437024889085733e-07  5.980588134679113e-01 
 1.437224889085733e-07  5.980588134679113e-01 
 1.437424889085733e-07  5.980588134679113e-01 
 1.437624889085733e-07  5.980588134679113e-01 
 1.437824889085733e-07  5.980588134679113e-01 
 1.438024889085733e-07  5.980588134679113e-01 
 1.438224889085733e-07  5.980588134679113e-01 
 1.438424889085733e-07  5.980588134679113e-01 
 1.438624889085733e-07  5.980588134679113e-01 
 1.438824889085733e-07  5.980588134679113e-01 
 1.439024889085733e-07  5.980588134679113e-01 
 1.439224889085733e-07  5.980588134679113e-01 
 1.439424889085733e-07  5.980588134679113e-01 
 1.439624889085733e-07  5.980588134679113e-01 
 1.439824889085733e-07  5.980588134679113e-01 
 1.440024889085733e-07  5.980588134679113e-01 
 1.440224889085733e-07  5.980588134679113e-01 
 1.440424889085733e-07  5.980588134679113e-01 
 1.440624889085733e-07  5.980588134679113e-01 
 1.440824889085733e-07  5.980588134679113e-01 
 1.441024889085733e-07  5.980588134679113e-01 
 1.441224889085732e-07  5.980588134679113e-01 
 1.441424889085732e-07  5.980588134679113e-01 
 1.441624889085732e-07  5.980588134679113e-01 
 1.441824889085732e-07  5.980588134679113e-01 
 1.442024889085732e-07  5.980588134679113e-01 
 1.442224889085732e-07  5.980588134679113e-01 
 1.442424889085732e-07  5.980588134679113e-01 
 1.442624889085732e-07  5.980588134679113e-01 
 1.442824889085732e-07  5.980588134679113e-01 
 1.443024889085732e-07  5.980588134679113e-01 
 1.443224889085732e-07  5.980588134679113e-01 
 1.443424889085732e-07  5.980588134679113e-01 
 1.443624889085732e-07  5.980588134679113e-01 
 1.443824889085732e-07  5.980588134679113e-01 
 1.444024889085732e-07  5.980588134679113e-01 
 1.444224889085732e-07  5.980588134679113e-01 
 1.444424889085732e-07  5.980588134679113e-01 
 1.444624889085732e-07  5.980588134679113e-01 
 1.444824889085732e-07  5.980588134679113e-01 
 1.445024889085732e-07  5.980588134679113e-01 
 1.445224889085732e-07  5.980588134679113e-01 
 1.445424889085732e-07  5.980588134679113e-01 
 1.445624889085732e-07  5.980588134679113e-01 
 1.445824889085732e-07  5.980588134679113e-01 
 1.446024889085732e-07  5.980588134679113e-01 
 1.446224889085732e-07  5.980588134679113e-01 
 1.446424889085731e-07  5.980588134679113e-01 
 1.446624889085731e-07  5.980588134679113e-01 
 1.446824889085731e-07  5.980588134679113e-01 
 1.447024889085731e-07  5.980588134679113e-01 
 1.447224889085731e-07  5.980588134679113e-01 
 1.447424889085731e-07  5.980588134679113e-01 
 1.447624889085731e-07  5.980588134679113e-01 
 1.447824889085731e-07  5.980588134679113e-01 
 1.448024889085731e-07  5.980588134679113e-01 
 1.448224889085731e-07  5.980588134679113e-01 
 1.448424889085731e-07  5.980588134679113e-01 
 1.448624889085731e-07  5.980588134679113e-01 
 1.448824889085731e-07  5.980588134679113e-01 
 1.449024889085731e-07  5.980588134679113e-01 
 1.449224889085731e-07  5.980588134679113e-01 
 1.449424889085731e-07  5.980588134679113e-01 
 1.449624889085731e-07  5.980588134679113e-01 
 1.449824889085731e-07  5.980588134679113e-01 
 1.450024889085731e-07  5.980588134679113e-01 
 1.450224889085731e-07  5.980588134679113e-01 
 1.450424889085731e-07  5.980588134679113e-01 
 1.450624889085731e-07  5.980588134679113e-01 
 1.450824889085731e-07  5.980588134679113e-01 
 1.451024889085731e-07  5.980588134679113e-01 
 1.451224889085731e-07  5.980588134679113e-01 
 1.451424889085731e-07  5.980588134679113e-01 
 1.451624889085731e-07  5.980588134679113e-01 
 1.451824889085730e-07  5.980588134679113e-01 
 1.452024889085730e-07  5.980588134679113e-01 
 1.452224889085730e-07  5.980588134679113e-01 
 1.452424889085730e-07  5.980588134679113e-01 
 1.452624889085730e-07  5.980588134679113e-01 
 1.452824889085730e-07  5.980588134679113e-01 
 1.453024889085730e-07  5.980588134679113e-01 
 1.453224889085730e-07  5.980588134679113e-01 
 1.453424889085730e-07  5.980588134679113e-01 
 1.453624889085730e-07  5.980588134679113e-01 
 1.453824889085730e-07  5.980588134679113e-01 
 1.454024889085730e-07  5.980588134679113e-01 
 1.454224889085730e-07  5.980588134679113e-01 
 1.454424889085730e-07  5.980588134679113e-01 
 1.454624889085730e-07  5.980588134679113e-01 
 1.454824889085730e-07  5.980588134679113e-01 
 1.455024889085730e-07  5.980588134679113e-01 
 1.455224889085730e-07  5.980588134679113e-01 
 1.455424889085730e-07  5.980588134679113e-01 
 1.455624889085730e-07  5.980588134679113e-01 
 1.455824889085730e-07  5.980588134679113e-01 
 1.456024889085730e-07  5.980588134679113e-01 
 1.456224889085730e-07  5.980588134679113e-01 
 1.456424889085730e-07  5.980588134679113e-01 
 1.456624889085730e-07  5.980588134679113e-01 
 1.456824889085730e-07  5.980588134679113e-01 
 1.457024889085729e-07  5.980588134679113e-01 
 1.457224889085729e-07  5.980588134679113e-01 
 1.457424889085729e-07  5.980588134679113e-01 
 1.457624889085729e-07  5.980588134679113e-01 
 1.457824889085729e-07  5.980588134679113e-01 
 1.458024889085729e-07  5.980588134679113e-01 
 1.458224889085729e-07  5.980588134679113e-01 
 1.458424889085729e-07  5.980588134679113e-01 
 1.458624889085729e-07  5.980588134679113e-01 
 1.458824889085729e-07  5.980588134679113e-01 
 1.459024889085729e-07  5.980588134679113e-01 
 1.459224889085729e-07  5.980588134679113e-01 
 1.459424889085729e-07  5.980588134679113e-01 
 1.459624889085729e-07  5.980588134679113e-01 
 1.459824889085729e-07  5.980588134679113e-01 
 1.460024889085729e-07  5.980588134679113e-01 
 1.460224889085729e-07  5.980588134679113e-01 
 1.460424889085729e-07  5.980588134679113e-01 
 1.460624889085729e-07  5.980588134679113e-01 
 1.460824889085729e-07  5.980588134679113e-01 
 1.461024889085729e-07  5.980588134679113e-01 
 1.461224889085729e-07  5.980588134679113e-01 
 1.461424889085729e-07  5.980588134679113e-01 
 1.461624889085729e-07  5.980588134679113e-01 
 1.461824889085729e-07  5.980588134679113e-01 
 1.462024889085729e-07  5.980588134679113e-01 
 1.462224889085728e-07  5.980588134679113e-01 
 1.462424889085728e-07  5.980588134679113e-01 
 1.462624889085728e-07  5.980588134679113e-01 
 1.462824889085728e-07  5.980588134679113e-01 
 1.463024889085728e-07  5.980588134679113e-01 
 1.463224889085728e-07  5.980588134679113e-01 
 1.463424889085728e-07  5.980588134679113e-01 
 1.463624889085728e-07  5.980588134679113e-01 
 1.463824889085728e-07  5.980588134679113e-01 
 1.464024889085728e-07  5.980588134679113e-01 
 1.464224889085728e-07  5.980588134679113e-01 
 1.464424889085728e-07  5.980588134679113e-01 
 1.464624889085728e-07  5.980588134679113e-01 
 1.464824889085728e-07  5.980588134679113e-01 
 1.465024889085728e-07  5.980588134679113e-01 
 1.465224889085728e-07  5.980588134679113e-01 
 1.465424889085728e-07  5.980588134679113e-01 
 1.465624889085728e-07  5.980588134679113e-01 
 1.465824889085728e-07  5.980588134679113e-01 
 1.466024889085728e-07  5.980588134679113e-01 
 1.466224889085728e-07  5.980588134679113e-01 
 1.466424889085728e-07  5.980588134679113e-01 
 1.466624889085728e-07  5.980588134679113e-01 
 1.466824889085728e-07  5.980588134679113e-01 
 1.467024889085728e-07  5.980588134679113e-01 
 1.467224889085728e-07  5.980588134679113e-01 
 1.467424889085728e-07  5.980588134679113e-01 
 1.467624889085727e-07  5.980588134679113e-01 
 1.467824889085727e-07  5.980588134679113e-01 
 1.468024889085727e-07  5.980588134679113e-01 
 1.468224889085727e-07  5.980588134679113e-01 
 1.468424889085727e-07  5.980588134679113e-01 
 1.468624889085727e-07  5.980588134679113e-01 
 1.468824889085727e-07  5.980588134679113e-01 
 1.469024889085727e-07  5.980588134679113e-01 
 1.469224889085727e-07  5.980588134679113e-01 
 1.469424889085727e-07  5.980588134679113e-01 
 1.469624889085727e-07  5.980588134679113e-01 
 1.469824889085727e-07  5.980588134679113e-01 
 1.470024889085727e-07  5.980588134679113e-01 
 1.470224889085727e-07  5.980588134679113e-01 
 1.470424889085727e-07  5.980588134679113e-01 
 1.470624889085727e-07  5.980588134679113e-01 
 1.470824889085727e-07  5.980588134679113e-01 
 1.471024889085727e-07  5.980588134679113e-01 
 1.471224889085727e-07  5.980588134679113e-01 
 1.471424889085727e-07  5.980588134679113e-01 
 1.471624889085727e-07  5.980588134679113e-01 
 1.471824889085727e-07  5.980588134679113e-01 
 1.472024889085727e-07  5.980588134679113e-01 
 1.472224889085727e-07  5.980588134679113e-01 
 1.472424889085727e-07  5.980588134679113e-01 
 1.472624889085727e-07  5.980588134679113e-01 
 1.472824889085726e-07  5.980588134679113e-01 
 1.473024889085726e-07  5.980588134679113e-01 
 1.473224889085726e-07  5.980588134679113e-01 
 1.473424889085726e-07  5.980588134679113e-01 
 1.473624889085726e-07  5.980588134679113e-01 
 1.473824889085726e-07  5.980588134679113e-01 
 1.474024889085726e-07  5.980588134679113e-01 
 1.474224889085726e-07  5.980588134679113e-01 
 1.474424889085726e-07  5.980588134679113e-01 
 1.474624889085726e-07  5.980588134679113e-01 
 1.474824889085726e-07  5.980588134679113e-01 
 1.475024889085726e-07  5.980588134679113e-01 
 1.475224889085726e-07  5.980588134679113e-01 
 1.475424889085726e-07  5.980588134679113e-01 
 1.475624889085726e-07  5.980588134679113e-01 
 1.475824889085726e-07  5.980588134679113e-01 
 1.476024889085726e-07  5.980588134679113e-01 
 1.476224889085726e-07  5.980588134679113e-01 
 1.476424889085726e-07  5.980588134679113e-01 
 1.476624889085726e-07  5.980588134679113e-01 
 1.476824889085726e-07  5.980588134679113e-01 
 1.477024889085726e-07  5.980588134679113e-01 
 1.477224889085726e-07  5.980588134679113e-01 
 1.477424889085726e-07  5.980588134679113e-01 
 1.477624889085726e-07  5.980588134679113e-01 
 1.477824889085726e-07  5.980588134679113e-01 
 1.478024889085726e-07  5.980588134679113e-01 
 1.478224889085725e-07  5.980588134679113e-01 
 1.478424889085725e-07  5.980588134679113e-01 
 1.478624889085725e-07  5.980588134679113e-01 
 1.478824889085725e-07  5.980588134679113e-01 
 1.479024889085725e-07  5.980588134679113e-01 
 1.479224889085725e-07  5.980588134679113e-01 
 1.479424889085725e-07  5.980588134679113e-01 
 1.479624889085725e-07  5.980588134679113e-01 
 1.479824889085725e-07  5.980588134679113e-01 
 1.480024889085725e-07  5.980588134679113e-01 
 1.480224889085725e-07  5.980588134679113e-01 
 1.480424889085725e-07  5.980588134679113e-01 
 1.480624889085725e-07  5.980588134679113e-01 
 1.480824889085725e-07  5.980588134679113e-01 
 1.481024889085725e-07  5.980588134679113e-01 
 1.481224889085725e-07  5.980588134679113e-01 
 1.481424889085725e-07  5.980588134679113e-01 
 1.481624889085725e-07  5.980588134679113e-01 
 1.481824889085725e-07  5.980588134679113e-01 
 1.482024889085725e-07  5.980588134679113e-01 
 1.482224889085725e-07  5.980588134679113e-01 
 1.482424889085725e-07  5.980588134679113e-01 
 1.482624889085725e-07  5.980588134679113e-01 
 1.482824889085725e-07  5.980588134679113e-01 
 1.483024889085725e-07  5.980588134679113e-01 
 1.483224889085725e-07  5.980588134679113e-01 
 1.483424889085724e-07  5.980588134679113e-01 
 1.483624889085724e-07  5.980588134679113e-01 
 1.483824889085724e-07  5.980588134679113e-01 
 1.484024889085724e-07  5.980588134679113e-01 
 1.484224889085724e-07  5.980588134679113e-01 
 1.484424889085724e-07  5.980588134679113e-01 
 1.484624889085724e-07  5.980588134679113e-01 
 1.484824889085724e-07  5.980588134679113e-01 
 1.485024889085724e-07  5.980588134679113e-01 
 1.485224889085724e-07  5.980588134679113e-01 
 1.485424889085724e-07  5.980588134679113e-01 
 1.485624889085724e-07  5.980588134679113e-01 
 1.485824889085724e-07  5.980588134679113e-01 
 1.486024889085724e-07  5.980588134679113e-01 
 1.486224889085724e-07  5.980588134679113e-01 
 1.486424889085724e-07  5.980588134679113e-01 
 1.486624889085724e-07  5.980588134679113e-01 
 1.486824889085724e-07  5.980588134679113e-01 
 1.487024889085724e-07  5.980588134679113e-01 
 1.487224889085724e-07  5.980588134679113e-01 
 1.487424889085724e-07  5.980588134679113e-01 
 1.487624889085724e-07  5.980588134679113e-01 
 1.487824889085724e-07  5.980588134679113e-01 
 1.488024889085724e-07  5.980588134679113e-01 
 1.488224889085724e-07  5.980588134679113e-01 
 1.488424889085724e-07  5.980588134679113e-01 
 1.488624889085723e-07  5.980588134679113e-01 
 1.488824889085723e-07  5.980588134679113e-01 
 1.489024889085723e-07  5.980588134679113e-01 
 1.489224889085723e-07  5.980588134679113e-01 
 1.489424889085723e-07  5.980588134679113e-01 
 1.489624889085723e-07  5.980588134679113e-01 
 1.489824889085723e-07  5.980588134679113e-01 
 1.490024889085723e-07  5.980588134679113e-01 
 1.490224889085723e-07  5.980588134679113e-01 
 1.490424889085723e-07  5.980588134679113e-01 
 1.490624889085723e-07  5.980588134679113e-01 
 1.490824889085723e-07  5.980588134679113e-01 
 1.491024889085723e-07  5.980588134679113e-01 
 1.491224889085723e-07  5.980588134679113e-01 
 1.491424889085723e-07  5.980588134679113e-01 
 1.491624889085723e-07  5.980588134679113e-01 
 1.491824889085723e-07  5.980588134679113e-01 
 1.492024889085723e-07  5.980588134679113e-01 
 1.492224889085723e-07  5.980588134679113e-01 
 1.492424889085723e-07  5.980588134679113e-01 
 1.492624889085723e-07  5.980588134679113e-01 
 1.492824889085723e-07  5.980588134679113e-01 
 1.493024889085723e-07  5.980588134679113e-01 
 1.493224889085723e-07  5.980588134679113e-01 
 1.493424889085723e-07  5.980588134679113e-01 
 1.493624889085723e-07  5.980588134679113e-01 
 1.493824889085723e-07  5.980588134679113e-01 
 1.494024889085722e-07  5.980588134679113e-01 
 1.494224889085722e-07  5.980588134679113e-01 
 1.494424889085722e-07  5.980588134679113e-01 
 1.494624889085722e-07  5.980588134679113e-01 
 1.494824889085722e-07  5.980588134679113e-01 
 1.495024889085722e-07  5.980588134679113e-01 
 1.495224889085722e-07  5.980588134679113e-01 
 1.495424889085722e-07  5.980588134679113e-01 
 1.495624889085722e-07  5.980588134679113e-01 
 1.495824889085722e-07  5.980588134679113e-01 
 1.496024889085722e-07  5.980588134679113e-01 
 1.496224889085722e-07  5.980588134679113e-01 
 1.496424889085722e-07  5.980588134679113e-01 
 1.496624889085722e-07  5.980588134679113e-01 
 1.496824889085722e-07  5.980588134679113e-01 
 1.497024889085722e-07  5.980588134679113e-01 
 1.497224889085722e-07  5.980588134679113e-01 
 1.497424889085722e-07  5.980588134679113e-01 
 1.497624889085722e-07  5.980588134679113e-01 
 1.497824889085722e-07  5.980588134679113e-01 
 1.498024889085722e-07  5.980588134679113e-01 
 1.498224889085722e-07  5.980588134679113e-01 
 1.498424889085722e-07  5.980588134679113e-01 
 1.498624889085722e-07  5.980588134679113e-01 
 1.498824889085722e-07  5.980588134679113e-01 
 1.499024889085722e-07  5.980588134679113e-01 
 1.499224889085721e-07  5.980588134679113e-01 
 1.499424889085721e-07  5.980588134679113e-01 
 1.499624889085721e-07  5.980588134679113e-01 
 1.499824889085721e-07  5.980588134679113e-01 
 1.500024889085721e-07  5.980588134679113e-01 
 1.500224889085721e-07  5.980588134679113e-01 
 1.500424889085721e-07  5.980588134679113e-01 
 1.500624889085721e-07  5.980588134679113e-01 
 1.500824889085721e-07  5.980588134679113e-01 
 1.501024889085721e-07  5.980588134679113e-01 
 1.501224889085721e-07  5.980588134679113e-01 
 1.501424889085721e-07  5.980588134679113e-01 
 1.501624889085721e-07  5.980588134679113e-01 
 1.501824889085721e-07  5.980588134679113e-01 
 1.502024889085721e-07  5.980588134679113e-01 
 1.502224889085721e-07  5.980588134679113e-01 
 1.502424889085721e-07  5.980588134679113e-01 
 1.502624889085721e-07  5.980588134679113e-01 
 1.502824889085721e-07  5.980588134679113e-01 
 1.503024889085721e-07  5.980588134679113e-01 
 1.503224889085721e-07  5.980588134679113e-01 
 1.503424889085721e-07  5.980588134679113e-01 
 1.503624889085721e-07  5.980588134679113e-01 
 1.503824889085721e-07  5.980588134679113e-01 
 1.504024889085721e-07  5.980588134679113e-01 
 1.504224889085721e-07  5.980588134679113e-01 
 1.504424889085720e-07  5.980588134679113e-01 
 1.504624889085720e-07  5.980588134679113e-01 
 1.504824889085720e-07  5.980588134679113e-01 
 1.505024889085720e-07  5.980588134679113e-01 
 1.505224889085720e-07  5.980588134679113e-01 
 1.505424889085720e-07  5.980588134679113e-01 
 1.505624889085720e-07  5.980588134679113e-01 
 1.505824889085720e-07  5.980588134679113e-01 
 1.506024889085720e-07  5.980588134679113e-01 
 1.506224889085720e-07  5.980588134679113e-01 
 1.506424889085720e-07  5.980588134679113e-01 
 1.506624889085720e-07  5.980588134679113e-01 
 1.506824889085720e-07  5.980588134679113e-01 
 1.507024889085720e-07  5.980588134679113e-01 
 1.507224889085720e-07  5.980588134679113e-01 
 1.507424889085720e-07  5.980588134679113e-01 
 1.507624889085720e-07  5.980588134679113e-01 
 1.507824889085720e-07  5.980588134679113e-01 
 1.508024889085720e-07  5.980588134679113e-01 
 1.508224889085720e-07  5.980588134679113e-01 
 1.508424889085720e-07  5.980588134679113e-01 
 1.508624889085720e-07  5.980588134679113e-01 
 1.508824889085720e-07  5.980588134679113e-01 
 1.509024889085720e-07  5.980588134679113e-01 
 1.509224889085720e-07  5.980588134679113e-01 
 1.509424889085720e-07  5.980588134679113e-01 
 1.509624889085720e-07  5.980588134679113e-01 
 1.509824889085719e-07  5.980588134679113e-01 
 1.510024889085719e-07  5.980588134679113e-01 
 1.510224889085719e-07  5.980588134679113e-01 
 1.510424889085719e-07  5.980588134679113e-01 
 1.510624889085719e-07  5.980588134679113e-01 
 1.510824889085719e-07  5.980588134679113e-01 
 1.511024889085719e-07  5.980588134679113e-01 
 1.511224889085719e-07  5.980588134679113e-01 
 1.511424889085719e-07  5.980588134679113e-01 
 1.511624889085719e-07  5.980588134679113e-01 
 1.511824889085719e-07  5.980588134679113e-01 
 1.512024889085719e-07  5.980588134679113e-01 
 1.512224889085719e-07  5.980588134679113e-01 
 1.512424889085719e-07  5.980588134679113e-01 
 1.512624889085719e-07  5.980588134679113e-01 
 1.512824889085719e-07  5.980588134679113e-01 
 1.513024889085719e-07  5.980588134679113e-01 
 1.513224889085719e-07  5.980588134679113e-01 
 1.513424889085719e-07  5.980588134679113e-01 
 1.513624889085719e-07  5.980588134679113e-01 
 1.513824889085719e-07  5.980588134679113e-01 
 1.514024889085719e-07  5.980588134679113e-01 
 1.514224889085719e-07  5.980588134679113e-01 
 1.514424889085719e-07  5.980588134679113e-01 
 1.514624889085719e-07  5.980588134679113e-01 
 1.514824889085719e-07  5.980588134679113e-01 
 1.515024889085718e-07  5.980588134679113e-01 
 1.515224889085718e-07  5.980588134679113e-01 
 1.515424889085718e-07  5.980588134679113e-01 
 1.515624889085718e-07  5.980588134679113e-01 
 1.515824889085718e-07  5.980588134679113e-01 
 1.516024889085718e-07  5.980588134679113e-01 
 1.516224889085718e-07  5.980588134679113e-01 
 1.516424889085718e-07  5.980588134679113e-01 
 1.516624889085718e-07  5.980588134679113e-01 
 1.516824889085718e-07  5.980588134679113e-01 
 1.517024889085718e-07  5.980588134679113e-01 
 1.517224889085718e-07  5.980588134679113e-01 
 1.517424889085718e-07  5.980588134679113e-01 
 1.517624889085718e-07  5.980588134679113e-01 
 1.517824889085718e-07  5.980588134679113e-01 
 1.518024889085718e-07  5.980588134679113e-01 
 1.518224889085718e-07  5.980588134679113e-01 
 1.518424889085718e-07  5.980588134679113e-01 
 1.518624889085718e-07  5.980588134679113e-01 
 1.518824889085718e-07  5.980588134679113e-01 
 1.519024889085718e-07  5.980588134679113e-01 
 1.519224889085718e-07  5.980588134679113e-01 
 1.519424889085718e-07  5.980588134679113e-01 
 1.519624889085718e-07  5.980588134679113e-01 
 1.519824889085718e-07  5.980588134679113e-01 
 1.520024889085718e-07  5.980588134679113e-01 
 1.520224889085718e-07  5.980588134679113e-01 
 1.520424889085717e-07  5.980588134679113e-01 
 1.520624889085717e-07  5.980588134679113e-01 
 1.520824889085717e-07  5.980588134679113e-01 
 1.521024889085717e-07  5.980588134679113e-01 
 1.521224889085717e-07  5.980588134679113e-01 
 1.521424889085717e-07  5.980588134679113e-01 
 1.521624889085717e-07  5.980588134679113e-01 
 1.521824889085717e-07  5.980588134679113e-01 
 1.522024889085717e-07  5.980588134679113e-01 
 1.522224889085717e-07  5.980588134679113e-01 
 1.522424889085717e-07  5.980588134679113e-01 
 1.522624889085717e-07  5.980588134679113e-01 
 1.522824889085717e-07  5.980588134679113e-01 
 1.523024889085717e-07  5.980588134679113e-01 
 1.523224889085717e-07  5.980588134679113e-01 
 1.523424889085717e-07  5.980588134679113e-01 
 1.523624889085717e-07  5.980588134679113e-01 
 1.523824889085717e-07  5.980588134679113e-01 
 1.524024889085717e-07  5.980588134679113e-01 
 1.524224889085717e-07  5.980588134679113e-01 
 1.524424889085717e-07  5.980588134679113e-01 
 1.524624889085717e-07  5.980588134679113e-01 
 1.524824889085717e-07  5.980588134679113e-01 
 1.525024889085717e-07  5.980588134679113e-01 
 1.525224889085717e-07  5.980588134679113e-01 
 1.525424889085717e-07  5.980588134679113e-01 
 1.525624889085716e-07  5.980588134679113e-01 
 1.525824889085716e-07  5.980588134679113e-01 
 1.526024889085716e-07  5.980588134679113e-01 
 1.526224889085716e-07  5.980588134679113e-01 
 1.526424889085716e-07  5.980588134679113e-01 
 1.526624889085716e-07  5.980588134679113e-01 
 1.526824889085716e-07  5.980588134679113e-01 
 1.527024889085716e-07  5.980588134679113e-01 
 1.527224889085716e-07  5.980588134679113e-01 
 1.527424889085716e-07  5.980588134679113e-01 
 1.527624889085716e-07  5.980588134679113e-01 
 1.527824889085716e-07  5.980588134679113e-01 
 1.528024889085716e-07  5.980588134679113e-01 
 1.528224889085716e-07  5.980588134679113e-01 
 1.528424889085716e-07  5.980588134679113e-01 
 1.528624889085716e-07  5.980588134679113e-01 
 1.528824889085716e-07  5.980588134679113e-01 
 1.529024889085716e-07  5.980588134679113e-01 
 1.529224889085716e-07  5.980588134679113e-01 
 1.529424889085716e-07  5.980588134679113e-01 
 1.529624889085716e-07  5.980588134679113e-01 
 1.529824889085716e-07  5.980588134679113e-01 
 1.530024889085716e-07  5.980588134679113e-01 
 1.530224889085716e-07  5.980588134679113e-01 
 1.530424889085716e-07  5.980588134679113e-01 
 1.530624889085716e-07  5.980588134679113e-01 
 1.530824889085715e-07  5.980588134679113e-01 
 1.531024889085715e-07  5.980588134679113e-01 
 1.531224889085715e-07  5.980588134679113e-01 
 1.531424889085715e-07  5.980588134679113e-01 
 1.531624889085715e-07  5.980588134679113e-01 
 1.531824889085715e-07  5.980588134679113e-01 
 1.532024889085715e-07  5.980588134679113e-01 
 1.532224889085715e-07  5.980588134679113e-01 
 1.532424889085715e-07  5.980588134679113e-01 
 1.532624889085715e-07  5.980588134679113e-01 
 1.532824889085715e-07  5.980588134679113e-01 
 1.533024889085715e-07  5.980588134679113e-01 
 1.533224889085715e-07  5.980588134679113e-01 
 1.533424889085715e-07  5.980588134679113e-01 
 1.533624889085715e-07  5.980588134679113e-01 
 1.533824889085715e-07  5.980588134679113e-01 
 1.534024889085715e-07  5.980588134679113e-01 
 1.534224889085715e-07  5.980588134679113e-01 
 1.534424889085715e-07  5.980588134679113e-01 
 1.534624889085715e-07  5.980588134679113e-01 
 1.534824889085715e-07  5.980588134679113e-01 
 1.535024889085715e-07  5.980588134679113e-01 
 1.535224889085715e-07  5.980588134679113e-01 
 1.535424889085715e-07  5.980588134679113e-01 
 1.535624889085715e-07  5.980588134679113e-01 
 1.535824889085715e-07  5.980588134679113e-01 
 1.536024889085715e-07  5.980588134679113e-01 
 1.536224889085714e-07  5.980588134679113e-01 
 1.536424889085714e-07  5.980588134679113e-01 
 1.536624889085714e-07  5.980588134679113e-01 
 1.536824889085714e-07  5.980588134679113e-01 
 1.537024889085714e-07  5.980588134679113e-01 
 1.537224889085714e-07  5.980588134679113e-01 
 1.537424889085714e-07  5.980588134679113e-01 
 1.537624889085714e-07  5.980588134679113e-01 
 1.537824889085714e-07  5.980588134679113e-01 
 1.538024889085714e-07  5.980588134679113e-01 
 1.538224889085714e-07  5.980588134679113e-01 
 1.538424889085714e-07  5.980588134679113e-01 
 1.538624889085714e-07  5.980588134679113e-01 
 1.538824889085714e-07  5.980588134679113e-01 
 1.539024889085714e-07  5.980588134679113e-01 
 1.539224889085714e-07  5.980588134679113e-01 
 1.539424889085714e-07  5.980588134679113e-01 
 1.539624889085714e-07  5.980588134679113e-01 
 1.539824889085714e-07  5.980588134679113e-01 
 1.540024889085714e-07  5.980588134679113e-01 
 1.540224889085714e-07  5.980588134679113e-01 
 1.540424889085714e-07  5.980588134679113e-01 
 1.540624889085714e-07  5.980588134679113e-01 
 1.540824889085714e-07  5.980588134679113e-01 
 1.541024889085714e-07  5.980588134679113e-01 
 1.541224889085714e-07  5.980588134679113e-01 
 1.541424889085713e-07  5.980588134679113e-01 
 1.541624889085713e-07  5.980588134679113e-01 
 1.541824889085713e-07  5.980588134679113e-01 
 1.542024889085713e-07  5.980588134679113e-01 
 1.542224889085713e-07  5.980588134679113e-01 
 1.542424889085713e-07  5.980588134679113e-01 
 1.542624889085713e-07  5.980588134679113e-01 
 1.542824889085713e-07  5.980588134679113e-01 
 1.543024889085713e-07  5.980588134679113e-01 
 1.543224889085713e-07  5.980588134679113e-01 
 1.543424889085713e-07  5.980588134679113e-01 
 1.543624889085713e-07  5.980588134679113e-01 
 1.543824889085713e-07  5.980588134679113e-01 
 1.544024889085713e-07  5.980588134679113e-01 
 1.544224889085713e-07  5.980588134679113e-01 
 1.544424889085713e-07  5.980588134679113e-01 
 1.544624889085713e-07  5.980588134679113e-01 
 1.544824889085713e-07  5.980588134679113e-01 
 1.545024889085713e-07  5.980588134679113e-01 
 1.545224889085713e-07  5.980588134679113e-01 
 1.545424889085713e-07  5.980588134679113e-01 
 1.545624889085713e-07  5.980588134679113e-01 
 1.545824889085713e-07  5.980588134679113e-01 
 1.546024889085713e-07  5.980588134679113e-01 
 1.546224889085713e-07  5.980588134679113e-01 
 1.546424889085713e-07  5.980588134679113e-01 
 1.546624889085712e-07  5.980588134679113e-01 
 1.546824889085712e-07  5.980588134679113e-01 
 1.547024889085712e-07  5.980588134679113e-01 
 1.547224889085712e-07  5.980588134679113e-01 
 1.547424889085712e-07  5.980588134679113e-01 
 1.547624889085712e-07  5.980588134679113e-01 
 1.547824889085712e-07  5.980588134679113e-01 
 1.548024889085712e-07  5.980588134679113e-01 
 1.548224889085712e-07  5.980588134679113e-01 
 1.548424889085712e-07  5.980588134679113e-01 
 1.548624889085712e-07  5.980588134679113e-01 
 1.548824889085712e-07  5.980588134679113e-01 
 1.549024889085712e-07  5.980588134679113e-01 
 1.549224889085712e-07  5.980588134679113e-01 
 1.549424889085712e-07  5.980588134679113e-01 
 1.549624889085712e-07  5.980588134679113e-01 
 1.549824889085712e-07  5.980588134679113e-01 
 1.550024889085712e-07  5.980588134679113e-01 
 1.550224889085712e-07  5.980588134679113e-01 
 1.550424889085712e-07  5.980588134679113e-01 
 1.550624889085712e-07  5.980588134679113e-01 
 1.550824889085712e-07  5.980588134679113e-01 
 1.551024889085712e-07  5.980588134679113e-01 
 1.551224889085712e-07  5.980588134679113e-01 
 1.551424889085712e-07  5.980588134679113e-01 
 1.551624889085712e-07  5.980588134679113e-01 
 1.551824889085712e-07  5.980588134679113e-01 
 1.552024889085711e-07  5.980588134679113e-01 
 1.552224889085711e-07  5.980588134679113e-01 
 1.552424889085711e-07  5.980588134679113e-01 
 1.552624889085711e-07  5.980588134679113e-01 
 1.552824889085711e-07  5.980588134679113e-01 
 1.553024889085711e-07  5.980588134679113e-01 
 1.553224889085711e-07  5.980588134679113e-01 
 1.553424889085711e-07  5.980588134679113e-01 
 1.553624889085711e-07  5.980588134679113e-01 
 1.553824889085711e-07  5.980588134679113e-01 
 1.554024889085711e-07  5.980588134679113e-01 
 1.554224889085711e-07  5.980588134679113e-01 
 1.554424889085711e-07  5.980588134679113e-01 
 1.554624889085711e-07  5.980588134679113e-01 
 1.554824889085711e-07  5.980588134679113e-01 
 1.555024889085711e-07  5.980588134679113e-01 
 1.555224889085711e-07  5.980588134679113e-01 
 1.555424889085711e-07  5.980588134679113e-01 
 1.555624889085711e-07  5.980588134679113e-01 
 1.555824889085711e-07  5.980588134679113e-01 
 1.556024889085711e-07  5.980588134679113e-01 
 1.556224889085711e-07  5.980588134679113e-01 
 1.556424889085711e-07  5.980588134679113e-01 
 1.556624889085711e-07  5.980588134679113e-01 
 1.556824889085711e-07  5.980588134679113e-01 
 1.557024889085711e-07  5.980588134679113e-01 
 1.557224889085710e-07  5.980588134679113e-01 
 1.557424889085710e-07  5.980588134679113e-01 
 1.557624889085710e-07  5.980588134679113e-01 
 1.557824889085710e-07  5.980588134679113e-01 
 1.558024889085710e-07  5.980588134679113e-01 
 1.558224889085710e-07  5.980588134679113e-01 
 1.558424889085710e-07  5.980588134679113e-01 
 1.558624889085710e-07  5.980588134679113e-01 
 1.558824889085710e-07  5.980588134679113e-01 
 1.559024889085710e-07  5.980588134679113e-01 
 1.559224889085710e-07  5.980588134679113e-01 
 1.559424889085710e-07  5.980588134679113e-01 
 1.559624889085710e-07  5.980588134679113e-01 
 1.559824889085710e-07  5.980588134679113e-01 
 1.560024889085710e-07  5.980588134679113e-01 
 1.560224889085710e-07  5.980588134679113e-01 
 1.560424889085710e-07  5.980588134679113e-01 
 1.560624889085710e-07  5.980588134679113e-01 
 1.560824889085710e-07  5.980588134679113e-01 
 1.561024889085710e-07  5.980588134679113e-01 
 1.561224889085710e-07  5.980588134679113e-01 
 1.561424889085710e-07  5.980588134679113e-01 
 1.561624889085710e-07  5.980588134679113e-01 
 1.561824889085710e-07  5.980588134679113e-01 
 1.562024889085710e-07  5.980588134679113e-01 
 1.562224889085710e-07  5.980588134679113e-01 
 1.562424889085710e-07  5.980588134679113e-01 
 1.562624889085709e-07  5.980588134679113e-01 
 1.562824889085709e-07  5.980588134679113e-01 
 1.563024889085709e-07  5.980588134679113e-01 
 1.563224889085709e-07  5.980588134679113e-01 
 1.563424889085709e-07  5.980588134679113e-01 
 1.563624889085709e-07  5.980588134679113e-01 
 1.563824889085709e-07  5.980588134679113e-01 
 1.564024889085709e-07  5.980588134679113e-01 
 1.564224889085709e-07  5.980588134679113e-01 
 1.564424889085709e-07  5.980588134679113e-01 
 1.564624889085709e-07  5.980588134679113e-01 
 1.564824889085709e-07  5.980588134679113e-01 
 1.565024889085709e-07  5.980588134679113e-01 
 1.565224889085709e-07  5.980588134679113e-01 
 1.565424889085709e-07  5.980588134679113e-01 
 1.565624889085709e-07  5.980588134679113e-01 
 1.565824889085709e-07  5.980588134679113e-01 
 1.566024889085709e-07  5.980588134679113e-01 
 1.566224889085709e-07  5.980588134679113e-01 
 1.566424889085709e-07  5.980588134679113e-01 
 1.566624889085709e-07  5.980588134679113e-01 
 1.566824889085709e-07  5.980588134679113e-01 
 1.567024889085709e-07  5.980588134679113e-01 
 1.567224889085709e-07  5.980588134679113e-01 
 1.567424889085709e-07  5.980588134679113e-01 
 1.567624889085709e-07  5.980588134679113e-01 
 1.567824889085708e-07  5.980588134679113e-01 
 1.568024889085708e-07  5.980588134679113e-01 
 1.568224889085708e-07  5.980588134679113e-01 
 1.568424889085708e-07  5.980588134679113e-01 
 1.568624889085708e-07  5.980588134679113e-01 
 1.568824889085708e-07  5.980588134679113e-01 
 1.569024889085708e-07  5.980588134679113e-01 
 1.569224889085708e-07  5.980588134679113e-01 
 1.569424889085708e-07  5.980588134679113e-01 
 1.569624889085708e-07  5.980588134679113e-01 
 1.569824889085708e-07  5.980588134679113e-01 
 1.570024889085708e-07  5.980588134679113e-01 
 1.570224889085708e-07  5.980588134679113e-01 
 1.570424889085708e-07  5.980588134679113e-01 
 1.570624889085708e-07  5.980588134679113e-01 
 1.570824889085708e-07  5.980588134679113e-01 
 1.571024889085708e-07  5.980588134679113e-01 
 1.571224889085708e-07  5.980588134679113e-01 
 1.571424889085708e-07  5.980588134679113e-01 
 1.571624889085708e-07  5.980588134679113e-01 
 1.571824889085708e-07  5.980588134679113e-01 
 1.572024889085708e-07  5.980588134679113e-01 
 1.572224889085708e-07  5.980588134679113e-01 
 1.572424889085708e-07  5.980588134679113e-01 
 1.572624889085708e-07  5.980588134679113e-01 
 1.572824889085708e-07  5.980588134679113e-01 
 1.573024889085707e-07  5.980588134679113e-01 
 1.573224889085707e-07  5.980588134679113e-01 
 1.573424889085707e-07  5.980588134679113e-01 
 1.573624889085707e-07  5.980588134679113e-01 
 1.573824889085707e-07  5.980588134679113e-01 
 1.574024889085707e-07  5.980588134679113e-01 
 1.574224889085707e-07  5.980588134679113e-01 
 1.574424889085707e-07  5.980588134679113e-01 
 1.574624889085707e-07  5.980588134679113e-01 
 1.574824889085707e-07  5.980588134679113e-01 
 1.575024889085707e-07  5.980588134679113e-01 
 1.575224889085707e-07  5.980588134679113e-01 
 1.575424889085707e-07  5.980588134679113e-01 
 1.575624889085707e-07  5.980588134679113e-01 
 1.575824889085707e-07  5.980588134679113e-01 
 1.576024889085707e-07  5.980588134679113e-01 
 1.576224889085707e-07  5.980588134679113e-01 
 1.576424889085707e-07  5.980588134679113e-01 
 1.576624889085707e-07  5.980588134679113e-01 
 1.576824889085707e-07  5.980588134679113e-01 
 1.577024889085707e-07  5.980588134679113e-01 
 1.577224889085707e-07  5.980588134679113e-01 
 1.577424889085707e-07  5.980588134679113e-01 
 1.577624889085707e-07  5.980588134679113e-01 
 1.577824889085707e-07  5.980588134679113e-01 
 1.578024889085707e-07  5.980588134679113e-01 
 1.578224889085707e-07  5.980588134679113e-01 
 1.578424889085706e-07  5.980588134679113e-01 
 1.578624889085706e-07  5.980588134679113e-01 
 1.578824889085706e-07  5.980588134679113e-01 
 1.579024889085706e-07  5.980588134679113e-01 
 1.579224889085706e-07  5.980588134679113e-01 
 1.579424889085706e-07  5.980588134679113e-01 
 1.579624889085706e-07  5.980588134679113e-01 
 1.579824889085706e-07  5.980588134679113e-01 
 1.580024889085706e-07  5.980588134679113e-01 
 1.580224889085706e-07  5.980588134679113e-01 
 1.580424889085706e-07  5.980588134679113e-01 
 1.580624889085706e-07  5.980588134679113e-01 
 1.580824889085706e-07  5.980588134679113e-01 
 1.581024889085706e-07  5.980588134679113e-01 
 1.581224889085706e-07  5.980588134679113e-01 
 1.581424889085706e-07  5.980588134679113e-01 
 1.581624889085706e-07  5.980588134679113e-01 
 1.581824889085706e-07  5.980588134679113e-01 
 1.582024889085706e-07  5.980588134679113e-01 
 1.582224889085706e-07  5.980588134679113e-01 
 1.582424889085706e-07  5.980588134679113e-01 
 1.582624889085706e-07  5.980588134679113e-01 
 1.582824889085706e-07  5.980588134679113e-01 
 1.583024889085706e-07  5.980588134679113e-01 
 1.583224889085706e-07  5.980588134679113e-01 
 1.583424889085706e-07  5.980588134679113e-01 
 1.583624889085705e-07  5.980588134679113e-01 
 1.583824889085705e-07  5.980588134679113e-01 
 1.584024889085705e-07  5.980588134679113e-01 
 1.584224889085705e-07  5.980588134679113e-01 
 1.584424889085705e-07  5.980588134679113e-01 
 1.584624889085705e-07  5.980588134679113e-01 
 1.584824889085705e-07  5.980588134679113e-01 
 1.585024889085705e-07  5.980588134679113e-01 
 1.585224889085705e-07  5.980588134679113e-01 
 1.585424889085705e-07  5.980588134679113e-01 
 1.585624889085705e-07  5.980588134679113e-01 
 1.585824889085705e-07  5.980588134679113e-01 
 1.586024889085705e-07  5.980588134679113e-01 
 1.586224889085705e-07  5.980588134679113e-01 
 1.586424889085705e-07  5.980588134679113e-01 
 1.586624889085705e-07  5.980588134679113e-01 
 1.586824889085705e-07  5.980588134679113e-01 
 1.587024889085705e-07  5.980588134679113e-01 
 1.587224889085705e-07  5.980588134679113e-01 
 1.587424889085705e-07  5.980588134679113e-01 
 1.587624889085705e-07  5.980588134679113e-01 
 1.587824889085705e-07  5.980588134679113e-01 
 1.588024889085705e-07  5.980588134679113e-01 
 1.588224889085705e-07  5.980588134679113e-01 
 1.588424889085705e-07  5.980588134679113e-01 
 1.588624889085705e-07  5.980588134679113e-01 
 1.588824889085704e-07  5.980588134679113e-01 
 1.589024889085704e-07  5.980588134679113e-01 
 1.589224889085704e-07  5.980588134679113e-01 
 1.589424889085704e-07  5.980588134679113e-01 
 1.589624889085704e-07  5.980588134679113e-01 
 1.589824889085704e-07  5.980588134679113e-01 
 1.590024889085704e-07  5.980588134679113e-01 
 1.590224889085704e-07  5.980588134679113e-01 
 1.590424889085704e-07  5.980588134679113e-01 
 1.590624889085704e-07  5.980588134679113e-01 
 1.590824889085704e-07  5.980588134679113e-01 
 1.591024889085704e-07  5.980588134679113e-01 
 1.591224889085704e-07  5.980588134679113e-01 
 1.591424889085704e-07  5.980588134679113e-01 
 1.591624889085704e-07  5.980588134679113e-01 
 1.591824889085704e-07  5.980588134679113e-01 
 1.592024889085704e-07  5.980588134679113e-01 
 1.592224889085704e-07  5.980588134679113e-01 
 1.592424889085704e-07  5.980588134679113e-01 
 1.592624889085704e-07  5.980588134679113e-01 
 1.592824889085704e-07  5.980588134679113e-01 
 1.593024889085704e-07  5.980588134679113e-01 
 1.593224889085704e-07  5.980588134679113e-01 
 1.593424889085704e-07  5.980588134679113e-01 
 1.593624889085704e-07  5.980588134679113e-01 
 1.593824889085704e-07  5.980588134679113e-01 
 1.594024889085704e-07  5.980588134679113e-01 
 1.594224889085703e-07  5.980588134679113e-01 
 1.594424889085703e-07  5.980588134679113e-01 
 1.594624889085703e-07  5.980588134679113e-01 
 1.594824889085703e-07  5.980588134679113e-01 
 1.595024889085703e-07  5.980588134679113e-01 
 1.595224889085703e-07  5.980588134679113e-01 
 1.595424889085703e-07  5.980588134679113e-01 
 1.595624889085703e-07  5.980588134679113e-01 
 1.595824889085703e-07  5.980588134679113e-01 
 1.596024889085703e-07  5.980588134679113e-01 
 1.596224889085703e-07  5.980588134679113e-01 
 1.596424889085703e-07  5.980588134679113e-01 
 1.596624889085703e-07  5.980588134679113e-01 
 1.596824889085703e-07  5.980588134679113e-01 
 1.597024889085703e-07  5.980588134679113e-01 
 1.597224889085703e-07  5.980588134679113e-01 
 1.597424889085703e-07  5.980588134679113e-01 
 1.597624889085703e-07  5.980588134679113e-01 
 1.597824889085703e-07  5.980588134679113e-01 
 1.598024889085703e-07  5.980588134679113e-01 
 1.598224889085703e-07  5.980588134679113e-01 
 1.598424889085703e-07  5.980588134679113e-01 
 1.598624889085703e-07  5.980588134679113e-01 
 1.598824889085703e-07  5.980588134679113e-01 
 1.599024889085703e-07  5.980588134679113e-01 
 1.599224889085703e-07  5.980588134679113e-01 
 1.599424889085702e-07  5.980588134679113e-01 
 1.599624889085702e-07  5.980588134679113e-01 
 1.599824889085702e-07  5.980588134679113e-01 
 1.600024889085702e-07  5.980588134679113e-01 
 1.600224889085702e-07  5.980588134679113e-01 
 1.600424889085702e-07  5.980588134679113e-01 
 1.600624889085702e-07  5.980588134679113e-01 
 1.600824889085702e-07  5.980588134679113e-01 
 1.601024889085702e-07  5.980588134679113e-01 
 1.601224889085702e-07  5.980588134679113e-01 
 1.601424889085702e-07  5.980588134679113e-01 
 1.601624889085702e-07  5.980588134679113e-01 
 1.601824889085702e-07  5.980588134679113e-01 
 1.602024889085702e-07  5.980588134679113e-01 
 1.602224889085702e-07  5.980588134679113e-01 
 1.602424889085702e-07  5.980588134679113e-01 
 1.602624889085702e-07  5.980588134679113e-01 
 1.602824889085702e-07  5.980588134679113e-01 
 1.603024889085702e-07  5.980588134679113e-01 
 1.603224889085702e-07  5.980588134679113e-01 
 1.603424889085702e-07  5.980588134679113e-01 
 1.603624889085702e-07  5.980588134679113e-01 
 1.603824889085702e-07  5.980588134679113e-01 
 1.604024889085702e-07  5.980588134679113e-01 
 1.604224889085702e-07  5.980588134679113e-01 
 1.604424889085702e-07  5.980588134679113e-01 
 1.604624889085702e-07  5.980588134679113e-01 
 1.604824889085701e-07  5.980588134679113e-01 
 1.605024889085701e-07  5.980588134679113e-01 
 1.605224889085701e-07  5.980588134679113e-01 
 1.605424889085701e-07  5.980588134679113e-01 
 1.605624889085701e-07  5.980588134679113e-01 
 1.605824889085701e-07  5.980588134679113e-01 
 1.606024889085701e-07  5.980588134679113e-01 
 1.606224889085701e-07  5.980588134679113e-01 
 1.606424889085701e-07  5.980588134679113e-01 
 1.606624889085701e-07  5.980588134679113e-01 
 1.606824889085701e-07  5.980588134679113e-01 
 1.607024889085701e-07  5.980588134679113e-01 
 1.607224889085701e-07  5.980588134679113e-01 
 1.607424889085701e-07  5.980588134679113e-01 
 1.607624889085701e-07  5.980588134679113e-01 
 1.607824889085701e-07  5.980588134679113e-01 
 1.608024889085701e-07  5.980588134679113e-01 
 1.608224889085701e-07  5.980588134679113e-01 
 1.608424889085701e-07  5.980588134679113e-01 
 1.608624889085701e-07  5.980588134679113e-01 
 1.608824889085701e-07  5.980588134679113e-01 
 1.609024889085701e-07  5.980588134679113e-01 
 1.609224889085701e-07  5.980588134679113e-01 
 1.609424889085701e-07  5.980588134679113e-01 
 1.609624889085701e-07  5.980588134679113e-01 
 1.609824889085701e-07  5.980588134679113e-01 
 1.610024889085700e-07  5.980588134679113e-01 
 1.610224889085700e-07  5.980588134679113e-01 
 1.610424889085700e-07  5.980588134679113e-01 
 1.610624889085700e-07  5.980588134679113e-01 
 1.610824889085700e-07  5.980588134679113e-01 
 1.611024889085700e-07  5.980588134679113e-01 
 1.611224889085700e-07  5.980588134679113e-01 
 1.611424889085700e-07  5.980588134679113e-01 
 1.611624889085700e-07  5.980588134679113e-01 
 1.611824889085700e-07  5.980588134679113e-01 
 1.612024889085700e-07  5.980588134679113e-01 
 1.612224889085700e-07  5.980588134679113e-01 
 1.612424889085700e-07  5.980588134679113e-01 
 1.612624889085700e-07  5.980588134679113e-01 
 1.612824889085700e-07  5.980588134679113e-01 
 1.613024889085700e-07  5.980588134679113e-01 
 1.613224889085700e-07  5.980588134679113e-01 
 1.613424889085700e-07  5.980588134679113e-01 
 1.613624889085700e-07  5.980588134679113e-01 
 1.613824889085700e-07  5.980588134679113e-01 
 1.614024889085700e-07  5.980588134679113e-01 
 1.614224889085700e-07  5.980588134679113e-01 
 1.614424889085700e-07  5.980588134679113e-01 
 1.614624889085700e-07  5.980588134679113e-01 
 1.614824889085700e-07  5.980588134679113e-01 
 1.615024889085700e-07  5.980588134679113e-01 
 1.615224889085699e-07  5.980588134679113e-01 
 1.615424889085699e-07  5.980588134679113e-01 
 1.615624889085699e-07  5.980588134679113e-01 
 1.615824889085699e-07  5.980588134679113e-01 
 1.616024889085699e-07  5.980588134679113e-01 
 1.616224889085699e-07  5.980588134679113e-01 
 1.616424889085699e-07  5.980588134679113e-01 
 1.616624889085699e-07  5.980588134679113e-01 
 1.616824889085699e-07  5.980588134679113e-01 
 1.617024889085699e-07  5.980588134679113e-01 
 1.617224889085699e-07  5.980588134679113e-01 
 1.617424889085699e-07  5.980588134679113e-01 
 1.617624889085699e-07  5.980588134679113e-01 
 1.617824889085699e-07  5.980588134679113e-01 
 1.618024889085699e-07  5.980588134679113e-01 
 1.618224889085699e-07  5.980588134679113e-01 
 1.618424889085699e-07  5.980588134679113e-01 
 1.618624889085699e-07  5.980588134679113e-01 
 1.618824889085699e-07  5.980588134679113e-01 
 1.619024889085699e-07  5.980588134679113e-01 
 1.619224889085699e-07  5.980588134679113e-01 
 1.619424889085699e-07  5.980588134679113e-01 
 1.619624889085699e-07  5.980588134679113e-01 
 1.619824889085699e-07  5.980588134679113e-01 
 1.620024889085699e-07  5.980588134679113e-01 
 1.620224889085699e-07  5.980588134679113e-01 
 1.620424889085699e-07  5.980588134679113e-01 
 1.620624889085698e-07  5.980588134679113e-01 
 1.620824889085698e-07  5.980588134679113e-01 
 1.621024889085698e-07  5.980588134679113e-01 
 1.621224889085698e-07  5.980588134679113e-01 
 1.621424889085698e-07  5.980588134679113e-01 
 1.621624889085698e-07  5.980588134679113e-01 
 1.621824889085698e-07  5.980588134679113e-01 
 1.622024889085698e-07  5.980588134679113e-01 
 1.622224889085698e-07  5.980588134679113e-01 
 1.622424889085698e-07  5.980588134679113e-01 
 1.622624889085698e-07  5.980588134679113e-01 
 1.622824889085698e-07  5.980588134679113e-01 
 1.623024889085698e-07  5.980588134679113e-01 
 1.623224889085698e-07  5.980588134679113e-01 
 1.623424889085698e-07  5.980588134679113e-01 
 1.623624889085698e-07  5.980588134679113e-01 
 1.623824889085698e-07  5.980588134679113e-01 
 1.624024889085698e-07  5.980588134679113e-01 
 1.624224889085698e-07  5.980588134679113e-01 
 1.624424889085698e-07  5.980588134679113e-01 
 1.624624889085698e-07  5.980588134679113e-01 
 1.624824889085698e-07  5.980588134679113e-01 
 1.625024889085698e-07  5.980588134679113e-01 
 1.625224889085698e-07  5.980588134679113e-01 
 1.625424889085698e-07  5.980588134679113e-01 
 1.625624889085698e-07  5.980588134679113e-01 
 1.625824889085697e-07  5.980588134679113e-01 
 1.626024889085697e-07  5.980588134679113e-01 
 1.626224889085697e-07  5.980588134679113e-01 
 1.626424889085697e-07  5.980588134679113e-01 
 1.626624889085697e-07  5.980588134679113e-01 
 1.626824889085697e-07  5.980588134679113e-01 
 1.627024889085697e-07  5.980588134679113e-01 
 1.627224889085697e-07  5.980588134679113e-01 
 1.627424889085697e-07  5.980588134679113e-01 
 1.627624889085697e-07  5.980588134679113e-01 
 1.627824889085697e-07  5.980588134679113e-01 
 1.628024889085697e-07  5.980588134679113e-01 
 1.628224889085697e-07  5.980588134679113e-01 
 1.628424889085697e-07  5.980588134679113e-01 
 1.628624889085697e-07  5.980588134679113e-01 
 1.628824889085697e-07  5.980588134679113e-01 
 1.629024889085697e-07  5.980588134679113e-01 
 1.629224889085697e-07  5.980588134679113e-01 
 1.629424889085697e-07  5.980588134679113e-01 
 1.629624889085697e-07  5.980588134679113e-01 
 1.629824889085697e-07  5.980588134679113e-01 
 1.630024889085697e-07  5.980588134679113e-01 
 1.630224889085697e-07  5.980588134679113e-01 
 1.630424889085697e-07  5.980588134679113e-01 
 1.630624889085697e-07  5.980588134679113e-01 
 1.630824889085697e-07  5.980588134679113e-01 
 1.631024889085696e-07  5.980588134679113e-01 
 1.631224889085696e-07  5.980588134679113e-01 
 1.631424889085696e-07  5.980588134679113e-01 
 1.631624889085696e-07  5.980588134679113e-01 
 1.631824889085696e-07  5.980588134679113e-01 
 1.632024889085696e-07  5.980588134679113e-01 
 1.632224889085696e-07  5.980588134679113e-01 
 1.632424889085696e-07  5.980588134679113e-01 
 1.632624889085696e-07  5.980588134679113e-01 
 1.632824889085696e-07  5.980588134679113e-01 
 1.633024889085696e-07  5.980588134679113e-01 
 1.633224889085696e-07  5.980588134679113e-01 
 1.633424889085696e-07  5.980588134679113e-01 
 1.633624889085696e-07  5.980588134679113e-01 
 1.633824889085696e-07  5.980588134679113e-01 
 1.634024889085696e-07  5.980588134679113e-01 
 1.634224889085696e-07  5.980588134679113e-01 
 1.634424889085696e-07  5.980588134679113e-01 
 1.634624889085696e-07  5.980588134679113e-01 
 1.634824889085696e-07  5.980588134679113e-01 
 1.635024889085696e-07  5.980588134679113e-01 
 1.635224889085696e-07  5.980588134679113e-01 
 1.635424889085696e-07  5.980588134679113e-01 
 1.635624889085696e-07  5.980588134679113e-01 
 1.635824889085696e-07  5.980588134679113e-01 
 1.636024889085696e-07  5.980588134679113e-01 
 1.636224889085696e-07  5.980588134679113e-01 
 1.636424889085695e-07  5.980588134679113e-01 
 1.636624889085695e-07  5.980588134679113e-01 
 1.636824889085695e-07  5.980588134679113e-01 
 1.637024889085695e-07  5.980588134679113e-01 
 1.637224889085695e-07  5.980588134679113e-01 
 1.637424889085695e-07  5.980588134679113e-01 
 1.637624889085695e-07  5.980588134679113e-01 
 1.637824889085695e-07  5.980588134679113e-01 
 1.638024889085695e-07  5.980588134679113e-01 
 1.638224889085695e-07  5.980588134679113e-01 
 1.638424889085695e-07  5.980588134679113e-01 
 1.638624889085695e-07  5.980588134679113e-01 
 1.638824889085695e-07  5.980588134679113e-01 
 1.639024889085695e-07  5.980588134679113e-01 
 1.639224889085695e-07  5.980588134679113e-01 
 1.639424889085695e-07  5.980588134679113e-01 
 1.639624889085695e-07  5.980588134679113e-01 
 1.639824889085695e-07  5.980588134679113e-01 
 1.640024889085695e-07  5.980588134679113e-01 
 1.640224889085695e-07  5.980588134679113e-01 
 1.640424889085695e-07  5.980588134679113e-01 
 1.640624889085695e-07  5.980588134679113e-01 
 1.640824889085695e-07  5.980588134679113e-01 
 1.641024889085695e-07  5.980588134679113e-01 
 1.641224889085695e-07  5.980588134679113e-01 
 1.641424889085695e-07  5.980588134679113e-01 
 1.641624889085694e-07  5.980588134679113e-01 
 1.641824889085694e-07  5.980588134679113e-01 
 1.642024889085694e-07  5.980588134679113e-01 
 1.642224889085694e-07  5.980588134679113e-01 
 1.642424889085694e-07  5.980588134679113e-01 
 1.642624889085694e-07  5.980588134679113e-01 
 1.642824889085694e-07  5.980588134679113e-01 
 1.643024889085694e-07  5.980588134679113e-01 
 1.643224889085694e-07  5.980588134679113e-01 
 1.643424889085694e-07  5.980588134679113e-01 
 1.643624889085694e-07  5.980588134679113e-01 
 1.643824889085694e-07  5.980588134679113e-01 
 1.644024889085694e-07  5.980588134679113e-01 
 1.644224889085694e-07  5.980588134679113e-01 
 1.644424889085694e-07  5.980588134679113e-01 
 1.644624889085694e-07  5.980588134679113e-01 
 1.644824889085694e-07  5.980588134679113e-01 
 1.645024889085694e-07  5.980588134679113e-01 
 1.645224889085694e-07  5.980588134679113e-01 
 1.645424889085694e-07  5.980588134679113e-01 
 1.645624889085694e-07  5.980588134679113e-01 
 1.645824889085694e-07  5.980588134679113e-01 
 1.646024889085694e-07  5.980588134679113e-01 
 1.646224889085694e-07  5.980588134679113e-01 
 1.646424889085694e-07  5.980588134679113e-01 
 1.646624889085694e-07  5.980588134679113e-01 
 1.646824889085694e-07  5.980588134679113e-01 
 1.647024889085693e-07  5.980588134679113e-01 
 1.647224889085693e-07  5.980588134679113e-01 
 1.647424889085693e-07  5.980588134679113e-01 
 1.647624889085693e-07  5.980588134679113e-01 
 1.647824889085693e-07  5.980588134679113e-01 
 1.648024889085693e-07  5.980588134679113e-01 
 1.648224889085693e-07  5.980588134679113e-01 
 1.648424889085693e-07  5.980588134679113e-01 
 1.648624889085693e-07  5.980588134679113e-01 
 1.648824889085693e-07  5.980588134679113e-01 
 1.649024889085693e-07  5.980588134679113e-01 
 1.649224889085693e-07  5.980588134679113e-01 
 1.649424889085693e-07  5.980588134679113e-01 
 1.649624889085693e-07  5.980588134679113e-01 
 1.649824889085693e-07  5.980588134679113e-01 
 1.650024889085693e-07  5.980588134679113e-01 
 1.650224889085693e-07  5.980588134679113e-01 
 1.650424889085693e-07  5.980588134679113e-01 
 1.650624889085693e-07  5.980588134679113e-01 
 1.650824889085693e-07  5.980588134679113e-01 
 1.651024889085693e-07  5.980588134679113e-01 
 1.651224889085693e-07  5.980588134679113e-01 
 1.651424889085693e-07  5.980588134679113e-01 
 1.651624889085693e-07  5.980588134679113e-01 
 1.651824889085693e-07  5.980588134679113e-01 
 1.652024889085693e-07  5.980588134679113e-01 
 1.652224889085692e-07  5.980588134679113e-01 
 1.652424889085692e-07  5.980588134679113e-01 
 1.652624889085692e-07  5.980588134679113e-01 
 1.652824889085692e-07  5.980588134679113e-01 
 1.653024889085692e-07  5.980588134679113e-01 
 1.653224889085692e-07  5.980588134679113e-01 
 1.653424889085692e-07  5.980588134679113e-01 
 1.653624889085692e-07  5.980588134679113e-01 
 1.653824889085692e-07  5.980588134679113e-01 
 1.654024889085692e-07  5.980588134679113e-01 
 1.654224889085692e-07  5.980588134679113e-01 
 1.654424889085692e-07  5.980588134679113e-01 
 1.654624889085692e-07  5.980588134679113e-01 
 1.654824889085692e-07  5.980588134679113e-01 
 1.655024889085692e-07  5.980588134679113e-01 
 1.655224889085692e-07  5.980588134679113e-01 
 1.655424889085692e-07  5.980588134679113e-01 
 1.655624889085692e-07  5.980588134679113e-01 
 1.655824889085692e-07  5.980588134679113e-01 
 1.656024889085692e-07  5.980588134679113e-01 
 1.656224889085692e-07  5.980588134679113e-01 
 1.656424889085692e-07  5.980588134679113e-01 
 1.656624889085692e-07  5.980588134679113e-01 
 1.656824889085692e-07  5.980588134679113e-01 
 1.657024889085692e-07  5.980588134679113e-01 
 1.657224889085692e-07  5.980588134679113e-01 
 1.657424889085691e-07  5.980588134679113e-01 
 1.657624889085691e-07  5.980588134679113e-01 
 1.657824889085691e-07  5.980588134679113e-01 
 1.658024889085691e-07  5.980588134679113e-01 
 1.658224889085691e-07  5.980588134679113e-01 
 1.658424889085691e-07  5.980588134679113e-01 
 1.658624889085691e-07  5.980588134679113e-01 
 1.658824889085691e-07  5.980588134679113e-01 
 1.659024889085691e-07  5.980588134679113e-01 
 1.659224889085691e-07  5.980588134679113e-01 
 1.659424889085691e-07  5.980588134679113e-01 
 1.659624889085691e-07  5.980588134679113e-01 
 1.659824889085691e-07  5.980588134679113e-01 
 1.660024889085691e-07  5.980588134679113e-01 
 1.660224889085691e-07  5.980588134679113e-01 
 1.660424889085691e-07  5.980588134679113e-01 
 1.660624889085691e-07  5.980588134679113e-01 
 1.660824889085691e-07  5.980588134679113e-01 
 1.661024889085691e-07  5.980588134679113e-01 
 1.661224889085691e-07  5.980588134679113e-01 
 1.661424889085691e-07  5.980588134679113e-01 
 1.661624889085691e-07  5.980588134679113e-01 
 1.661824889085691e-07  5.980588134679113e-01 
 1.662024889085691e-07  5.980588134679113e-01 
 1.662224889085691e-07  5.980588134679113e-01 
 1.662424889085691e-07  5.980588134679113e-01 
 1.662624889085691e-07  5.980588134679113e-01 
 1.662824889085690e-07  5.980588134679113e-01 
 1.663024889085690e-07  5.980588134679113e-01 
 1.663224889085690e-07  5.980588134679113e-01 
 1.663424889085690e-07  5.980588134679113e-01 
 1.663624889085690e-07  5.980588134679113e-01 
 1.663824889085690e-07  5.980588134679113e-01 
 1.664024889085690e-07  5.980588134679113e-01 
 1.664224889085690e-07  5.980588134679113e-01 
 1.664424889085690e-07  5.980588134679113e-01 
 1.664624889085690e-07  5.980588134679113e-01 
 1.664824889085690e-07  5.980588134679113e-01 
 1.665024889085690e-07  5.980588134679113e-01 
 1.665224889085690e-07  5.980588134679113e-01 
 1.665424889085690e-07  5.980588134679113e-01 
 1.665624889085690e-07  5.980588134679113e-01 
 1.665824889085690e-07  5.980588134679113e-01 
 1.666024889085690e-07  5.980588134679113e-01 
 1.666224889085690e-07  5.980588134679113e-01 
 1.666424889085690e-07  5.980588134679113e-01 
 1.666624889085690e-07  5.980588134679113e-01 
 1.666824889085690e-07  5.980588134679113e-01 
 1.667024889085690e-07  5.980588134679113e-01 
 1.667224889085690e-07  5.980588134679113e-01 
 1.667424889085690e-07  5.980588134679113e-01 
 1.667624889085690e-07  5.980588134679113e-01 
 1.667824889085690e-07  5.980588134679113e-01 
 1.668024889085689e-07  5.980588134679113e-01 
 1.668224889085689e-07  5.980588134679113e-01 
 1.668424889085689e-07  5.980588134679113e-01 
 1.668624889085689e-07  5.980588134679113e-01 
 1.668824889085689e-07  5.980588134679113e-01 
 1.669024889085689e-07  5.980588134679113e-01 
 1.669224889085689e-07  5.980588134679113e-01 
 1.669424889085689e-07  5.980588134679113e-01 
 1.669624889085689e-07  5.980588134679113e-01 
 1.669824889085689e-07  5.980588134679113e-01 
 1.670024889085689e-07  5.980588134679113e-01 
 1.670224889085689e-07  5.980588134679113e-01 
 1.670424889085689e-07  5.980588134679113e-01 
 1.670624889085689e-07  5.980588134679113e-01 
 1.670824889085689e-07  5.980588134679113e-01 
 1.671024889085689e-07  5.980588134679113e-01 
 1.671224889085689e-07  5.980588134679113e-01 
 1.671424889085689e-07  5.980588134679113e-01 
 1.671624889085689e-07  5.980588134679113e-01 
 1.671824889085689e-07  5.980588134679113e-01 
 1.672024889085689e-07  5.980588134679113e-01 
 1.672224889085689e-07  5.980588134679113e-01 
 1.672424889085689e-07  5.980588134679113e-01 
 1.672624889085689e-07  5.980588134679113e-01 
 1.672824889085689e-07  5.980588134679113e-01 
 1.673024889085689e-07  5.980588134679113e-01 
 1.673224889085688e-07  5.980588134679113e-01 
 1.673424889085688e-07  5.980588134679113e-01 
 1.673624889085688e-07  5.980588134679113e-01 
 1.673824889085688e-07  5.980588134679113e-01 
 1.674024889085688e-07  5.980588134679113e-01 
 1.674224889085688e-07  5.980588134679113e-01 
 1.674424889085688e-07  5.980588134679113e-01 
 1.674624889085688e-07  5.980588134679113e-01 
 1.674824889085688e-07  5.980588134679113e-01 
 1.675024889085688e-07  5.980588134679113e-01 
 1.675224889085688e-07  5.980588134679113e-01 
 1.675424889085688e-07  5.980588134679113e-01 
 1.675624889085688e-07  5.980588134679113e-01 
 1.675824889085688e-07  5.980588134679113e-01 
 1.676024889085688e-07  5.980588134679113e-01 
 1.676224889085688e-07  5.980588134679113e-01 
 1.676424889085688e-07  5.980588134679113e-01 
 1.676624889085688e-07  5.980588134679113e-01 
 1.676824889085688e-07  5.980588134679113e-01 
 1.677024889085688e-07  5.980588134679113e-01 
 1.677224889085688e-07  5.980588134679113e-01 
 1.677424889085688e-07  5.980588134679113e-01 
 1.677624889085688e-07  5.980588134679113e-01 
 1.677824889085688e-07  5.980588134679113e-01 
 1.678024889085688e-07  5.980588134679113e-01 
 1.678224889085688e-07  5.980588134679113e-01 
 1.678424889085688e-07  5.980588134679113e-01 
 1.678624889085687e-07  5.980588134679113e-01 
 1.678824889085687e-07  5.980588134679113e-01 
 1.679024889085687e-07  5.980588134679113e-01 
 1.679224889085687e-07  5.980588134679113e-01 
 1.679424889085687e-07  5.980588134679113e-01 
 1.679624889085687e-07  5.980588134679113e-01 
 1.679824889085687e-07  5.980588134679113e-01 
 1.680024889085687e-07  5.980588134679113e-01 
 1.680224889085687e-07  5.980588134679113e-01 
 1.680424889085687e-07  5.980588134679113e-01 
 1.680624889085687e-07  5.980588134679113e-01 
 1.680824889085687e-07  5.980588134679113e-01 
 1.681024889085687e-07  5.980588134679113e-01 
 1.681224889085687e-07  5.980588134679113e-01 
 1.681424889085687e-07  5.980588134679113e-01 
 1.681624889085687e-07  5.980588134679113e-01 
 1.681824889085687e-07  5.980588134679113e-01 
 1.682024889085687e-07  5.980588134679113e-01 
 1.682224889085687e-07  5.980588134679113e-01 
 1.682424889085687e-07  5.980588134679113e-01 
 1.682624889085687e-07  5.980588134679113e-01 
 1.682824889085687e-07  5.980588134679113e-01 
 1.683024889085687e-07  5.980588134679113e-01 
 1.683224889085687e-07  5.980588134679113e-01 
 1.683424889085687e-07  5.980588134679113e-01 
 1.683624889085687e-07  5.980588134679113e-01 
 1.683824889085686e-07  5.980588134679113e-01 
 1.684024889085686e-07  5.980588134679113e-01 
 1.684224889085686e-07  5.980588134679113e-01 
 1.684424889085686e-07  5.980588134679113e-01 
 1.684624889085686e-07  5.980588134679113e-01 
 1.684824889085686e-07  5.980588134679113e-01 
 1.685024889085686e-07  5.980588134679113e-01 
 1.685224889085686e-07  5.980588134679113e-01 
 1.685424889085686e-07  5.980588134679113e-01 
 1.685624889085686e-07  5.980588134679113e-01 
 1.685824889085686e-07  5.980588134679113e-01 
 1.686024889085686e-07  5.980588134679113e-01 
 1.686224889085686e-07  5.980588134679113e-01 
 1.686424889085686e-07  5.980588134679113e-01 
 1.686624889085686e-07  5.980588134679113e-01 
 1.686824889085686e-07  5.980588134679113e-01 
 1.687024889085686e-07  5.980588134679113e-01 
 1.687224889085686e-07  5.980588134679113e-01 
 1.687424889085686e-07  5.980588134679113e-01 
 1.687624889085686e-07  5.980588134679113e-01 
 1.687824889085686e-07  5.980588134679113e-01 
 1.688024889085686e-07  5.980588134679113e-01 
 1.688224889085686e-07  5.980588134679113e-01 
 1.688424889085686e-07  5.980588134679113e-01 
 1.688624889085686e-07  5.980588134679113e-01 
 1.688824889085686e-07  5.980588134679113e-01 
 1.689024889085686e-07  5.980588134679113e-01 
 1.689224889085685e-07  5.980588134679113e-01 
 1.689424889085685e-07  5.980588134679113e-01 
 1.689624889085685e-07  5.980588134679113e-01 
 1.689824889085685e-07  5.980588134679113e-01 
 1.690024889085685e-07  5.980588134679113e-01 
 1.690224889085685e-07  5.980588134679113e-01 
 1.690424889085685e-07  5.980588134679113e-01 
 1.690624889085685e-07  5.980588134679113e-01 
 1.690824889085685e-07  5.980588134679113e-01 
 1.691024889085685e-07  5.980588134679113e-01 
 1.691224889085685e-07  5.980588134679113e-01 
 1.691424889085685e-07  5.980588134679113e-01 
 1.691624889085685e-07  5.980588134679113e-01 
 1.691824889085685e-07  5.980588134679113e-01 
 1.692024889085685e-07  5.980588134679113e-01 
 1.692224889085685e-07  5.980588134679113e-01 
 1.692424889085685e-07  5.980588134679113e-01 
 1.692624889085685e-07  5.980588134679113e-01 
 1.692824889085685e-07  5.980588134679113e-01 
 1.693024889085685e-07  5.980588134679113e-01 
 1.693224889085685e-07  5.980588134679113e-01 
 1.693424889085685e-07  5.980588134679113e-01 
 1.693624889085685e-07  5.980588134679113e-01 
 1.693824889085685e-07  5.980588134679113e-01 
 1.694024889085685e-07  5.980588134679113e-01 
 1.694224889085685e-07  5.980588134679113e-01 
 1.694424889085684e-07  5.980588134679113e-01 
 1.694624889085684e-07  5.980588134679113e-01 
 1.694824889085684e-07  5.980588134679113e-01 
 1.695024889085684e-07  5.980588134679113e-01 
 1.695224889085684e-07  5.980588134679113e-01 
 1.695424889085684e-07  5.980588134679113e-01 
 1.695624889085684e-07  5.980588134679113e-01 
 1.695824889085684e-07  5.980588134679113e-01 
 1.696024889085684e-07  5.980588134679113e-01 
 1.696224889085684e-07  5.980588134679113e-01 
 1.696424889085684e-07  5.980588134679113e-01 
 1.696624889085684e-07  5.980588134679113e-01 
 1.696824889085684e-07  5.980588134679113e-01 
 1.697024889085684e-07  5.980588134679113e-01 
 1.697224889085684e-07  5.980588134679113e-01 
 1.697424889085684e-07  5.980588134679113e-01 
 1.697624889085684e-07  5.980588134679113e-01 
 1.697824889085684e-07  5.980588134679113e-01 
 1.698024889085684e-07  5.980588134679113e-01 
 1.698224889085684e-07  5.980588134679113e-01 
 1.698424889085684e-07  5.980588134679113e-01 
 1.698624889085684e-07  5.980588134679113e-01 
 1.698824889085684e-07  5.980588134679113e-01 
 1.699024889085684e-07  5.980588134679113e-01 
 1.699224889085684e-07  5.980588134679113e-01 
 1.699424889085684e-07  5.980588134679113e-01 
 1.699624889085683e-07  5.980588134679113e-01 
 1.699824889085683e-07  5.980588134679113e-01 
 1.700024889085683e-07  5.980588134679113e-01 
 1.700224889085683e-07  5.980588134679113e-01 
 1.700424889085683e-07  5.980588134679113e-01 
 1.700624889085683e-07  5.980588134679113e-01 
 1.700824889085683e-07  5.980588134679113e-01 
 1.701024889085683e-07  5.980588134679113e-01 
 1.701224889085683e-07  5.980588134679113e-01 
 1.701424889085683e-07  5.980588134679113e-01 
 1.701624889085683e-07  5.980588134679113e-01 
 1.701824889085683e-07  5.980588134679113e-01 
 1.702024889085683e-07  5.980588134679113e-01 
 1.702224889085683e-07  5.980588134679113e-01 
 1.702424889085683e-07  5.980588134679113e-01 
 1.702624889085683e-07  5.980588134679113e-01 
 1.702824889085683e-07  5.980588134679113e-01 
 1.703024889085683e-07  5.980588134679113e-01 
 1.703224889085683e-07  5.980588134679113e-01 
 1.703424889085683e-07  5.980588134679113e-01 
 1.703624889085683e-07  5.980588134679113e-01 
 1.703824889085683e-07  5.980588134679113e-01 
 1.704024889085683e-07  5.980588134679113e-01 
 1.704224889085683e-07  5.980588134679113e-01 
 1.704424889085683e-07  5.980588134679113e-01 
 1.704624889085683e-07  5.980588134679113e-01 
 1.704824889085683e-07  5.980588134679113e-01 
 1.705024889085682e-07  5.980588134679113e-01 
 1.705224889085682e-07  5.980588134679113e-01 
 1.705424889085682e-07  5.980588134679113e-01 
 1.705624889085682e-07  5.980588134679113e-01 
 1.705824889085682e-07  5.980588134679113e-01 
 1.706024889085682e-07  5.980588134679113e-01 
 1.706224889085682e-07  5.980588134679113e-01 
 1.706424889085682e-07  5.980588134679113e-01 
 1.706624889085682e-07  5.980588134679113e-01 
 1.706824889085682e-07  5.980588134679113e-01 
 1.707024889085682e-07  5.980588134679113e-01 
 1.707224889085682e-07  5.980588134679113e-01 
 1.707424889085682e-07  5.980588134679113e-01 
 1.707624889085682e-07  5.980588134679113e-01 
 1.707824889085682e-07  5.980588134679113e-01 
 1.708024889085682e-07  5.980588134679113e-01 
 1.708224889085682e-07  5.980588134679113e-01 
 1.708424889085682e-07  5.980588134679113e-01 
 1.708624889085682e-07  5.980588134679113e-01 
 1.708824889085682e-07  5.980588134679113e-01 
 1.709024889085682e-07  5.980588134679113e-01 
 1.709224889085682e-07  5.980588134679113e-01 
 1.709424889085682e-07  5.980588134679113e-01 
 1.709624889085682e-07  5.980588134679113e-01 
 1.709824889085682e-07  5.980588134679113e-01 
 1.710024889085682e-07  5.980588134679113e-01 
 1.710224889085681e-07  5.980588134679113e-01 
 1.710424889085681e-07  5.980588134679113e-01 
 1.710624889085681e-07  5.980588134679113e-01 
 1.710824889085681e-07  5.980588134679113e-01 
 1.711024889085681e-07  5.980588134679113e-01 
 1.711224889085681e-07  5.980588134679113e-01 
 1.711424889085681e-07  5.980588134679113e-01 
 1.711624889085681e-07  5.980588134679113e-01 
 1.711824889085681e-07  5.980588134679113e-01 
 1.712024889085681e-07  5.980588134679113e-01 
 1.712224889085681e-07  5.980588134679113e-01 
 1.712424889085681e-07  5.980588134679113e-01 
 1.712624889085681e-07  5.980588134679113e-01 
 1.712824889085681e-07  5.980588134679113e-01 
 1.713024889085681e-07  5.980588134679113e-01 
 1.713224889085681e-07  5.980588134679113e-01 
 1.713424889085681e-07  5.980588134679113e-01 
 1.713624889085681e-07  5.980588134679113e-01 
 1.713824889085681e-07  5.980588134679113e-01 
 1.714024889085681e-07  5.980588134679113e-01 
 1.714224889085681e-07  5.980588134679113e-01 
 1.714424889085681e-07  5.980588134679113e-01 
 1.714624889085681e-07  5.980588134679113e-01 
 1.714824889085681e-07  5.980588134679113e-01 
 1.715024889085681e-07  5.980588134679113e-01 
 1.715224889085681e-07  5.980588134679113e-01 
 1.715424889085680e-07  5.980588134679113e-01 
 1.715624889085680e-07  5.980588134679113e-01 
 1.715824889085680e-07  5.980588134679113e-01 
 1.716024889085680e-07  5.980588134679113e-01 
 1.716224889085680e-07  5.980588134679113e-01 
 1.716424889085680e-07  5.980588134679113e-01 
 1.716624889085680e-07  5.980588134679113e-01 
 1.716824889085680e-07  5.980588134679113e-01 
 1.717024889085680e-07  5.980588134679113e-01 
 1.717224889085680e-07  5.980588134679113e-01 
 1.717424889085680e-07  5.980588134679113e-01 
 1.717624889085680e-07  5.980588134679113e-01 
 1.717824889085680e-07  5.980588134679113e-01 
 1.718024889085680e-07  5.980588134679113e-01 
 1.718224889085680e-07  5.980588134679113e-01 
 1.718424889085680e-07  5.980588134679113e-01 
 1.718624889085680e-07  5.980588134679113e-01 
 1.718824889085680e-07  5.980588134679113e-01 
 1.719024889085680e-07  5.980588134679113e-01 
 1.719224889085680e-07  5.980588134679113e-01 
 1.719424889085680e-07  5.980588134679113e-01 
 1.719624889085680e-07  5.980588134679113e-01 
 1.719824889085680e-07  5.980588134679113e-01 
 1.720024889085680e-07  5.980588134679113e-01 
 1.720224889085680e-07  5.980588134679113e-01 
 1.720424889085680e-07  5.980588134679113e-01 
 1.720624889085680e-07  5.980588134679113e-01 
 1.720824889085679e-07  5.980588134679113e-01 
 1.721024889085679e-07  5.980588134679113e-01 
 1.721224889085679e-07  5.980588134679113e-01 
 1.721424889085679e-07  5.980588134679113e-01 
 1.721624889085679e-07  5.980588134679113e-01 
 1.721824889085679e-07  5.980588134679113e-01 
 1.722024889085679e-07  5.980588134679113e-01 
 1.722224889085679e-07  5.980588134679113e-01 
 1.722424889085679e-07  5.980588134679113e-01 
 1.722624889085679e-07  5.980588134679113e-01 
 1.722824889085679e-07  5.980588134679113e-01 
 1.723024889085679e-07  5.980588134679113e-01 
 1.723224889085679e-07  5.980588134679113e-01 
 1.723424889085679e-07  5.980588134679113e-01 
 1.723624889085679e-07  5.980588134679113e-01 
 1.723824889085679e-07  5.980588134679113e-01 
 1.724024889085679e-07  5.980588134679113e-01 
 1.724224889085679e-07  5.980588134679113e-01 
 1.724424889085679e-07  5.980588134679113e-01 
 1.724624889085679e-07  5.980588134679113e-01 
 1.724824889085679e-07  5.980588134679113e-01 
 1.725024889085679e-07  5.980588134679113e-01 
 1.725224889085679e-07  5.980588134679113e-01 
 1.725424889085679e-07  5.980588134679113e-01 
 1.725624889085679e-07  5.980588134679113e-01 
 1.725824889085679e-07  5.980588134679113e-01 
 1.726024889085678e-07  5.980588134679113e-01 
 1.726224889085678e-07  5.980588134679113e-01 
 1.726424889085678e-07  5.980588134679113e-01 
 1.726624889085678e-07  5.980588134679113e-01 
 1.726824889085678e-07  5.980588134679113e-01 
 1.727024889085678e-07  5.980588134679113e-01 
 1.727224889085678e-07  5.980588134679113e-01 
 1.727424889085678e-07  5.980588134679113e-01 
 1.727624889085678e-07  5.980588134679113e-01 
 1.727824889085678e-07  5.980588134679113e-01 
 1.728024889085678e-07  5.980588134679113e-01 
 1.728224889085678e-07  5.980588134679113e-01 
 1.728424889085678e-07  5.980588134679113e-01 
 1.728624889085678e-07  5.980588134679113e-01 
 1.728824889085678e-07  5.980588134679113e-01 
 1.729024889085678e-07  5.980588134679113e-01 
 1.729224889085678e-07  5.980588134679113e-01 
 1.729424889085678e-07  5.980588134679113e-01 
 1.729624889085678e-07  5.980588134679113e-01 
 1.729824889085678e-07  5.980588134679113e-01 
 1.730024889085678e-07  5.980588134679113e-01 
 1.730224889085678e-07  5.980588134679113e-01 
 1.730424889085678e-07  5.980588134679113e-01 
 1.730624889085678e-07  5.980588134679113e-01 
 1.730824889085678e-07  5.980588134679113e-01 
 1.731024889085678e-07  5.980588134679113e-01 
 1.731224889085678e-07  5.980588134679113e-01 
 1.731424889085677e-07  5.980588134679113e-01 
 1.731624889085677e-07  5.980588134679113e-01 
 1.731824889085677e-07  5.980588134679113e-01 
 1.732024889085677e-07  5.980588134679113e-01 
 1.732224889085677e-07  5.980588134679113e-01 
 1.732424889085677e-07  5.980588134679113e-01 
 1.732624889085677e-07  5.980588134679113e-01 
 1.732824889085677e-07  5.980588134679113e-01 
 1.733024889085677e-07  5.980588134679113e-01 
 1.733224889085677e-07  5.980588134679113e-01 
 1.733424889085677e-07  5.980588134679113e-01 
 1.733624889085677e-07  5.980588134679113e-01 
 1.733824889085677e-07  5.980588134679113e-01 
 1.734024889085677e-07  5.980588134679113e-01 
 1.734224889085677e-07  5.980588134679113e-01 
 1.734424889085677e-07  5.980588134679113e-01 
 1.734624889085677e-07  5.980588134679113e-01 
 1.734824889085677e-07  5.980588134679113e-01 
 1.735024889085677e-07  5.980588134679113e-01 
 1.735224889085677e-07  5.980588134679113e-01 
 1.735424889085677e-07  5.980588134679113e-01 
 1.735624889085677e-07  5.980588134679113e-01 
 1.735824889085677e-07  5.980588134679113e-01 
 1.736024889085677e-07  5.980588134679113e-01 
 1.736224889085677e-07  5.980588134679113e-01 
 1.736424889085677e-07  5.980588134679113e-01 
 1.736624889085676e-07  5.980588134679113e-01 
 1.736824889085676e-07  5.980588134679113e-01 
 1.737024889085676e-07  5.980588134679113e-01 
 1.737224889085676e-07  5.980588134679113e-01 
 1.737424889085676e-07  5.980588134679113e-01 
 1.737624889085676e-07  5.980588134679113e-01 
 1.737824889085676e-07  5.980588134679113e-01 
 1.738024889085676e-07  5.980588134679113e-01 
 1.738224889085676e-07  5.980588134679113e-01 
 1.738424889085676e-07  5.980588134679113e-01 
 1.738624889085676e-07  5.980588134679113e-01 
 1.738824889085676e-07  5.980588134679113e-01 
 1.739024889085676e-07  5.980588134679113e-01 
 1.739224889085676e-07  5.980588134679113e-01 
 1.739424889085676e-07  5.980588134679113e-01 
 1.739624889085676e-07  5.980588134679113e-01 
 1.739824889085676e-07  5.980588134679113e-01 
 1.740024889085676e-07  5.980588134679113e-01 
 1.740224889085676e-07  5.980588134679113e-01 
 1.740424889085676e-07  5.980588134679113e-01 
 1.740624889085676e-07  5.980588134679113e-01 
 1.740824889085676e-07  5.980588134679113e-01 
 1.741024889085676e-07  5.980588134679113e-01 
 1.741224889085676e-07  5.980588134679113e-01 
 1.741424889085676e-07  5.980588134679113e-01 
 1.741624889085676e-07  5.980588134679113e-01 
 1.741824889085675e-07  5.980588134679113e-01 
 1.742024889085675e-07  5.980588134679113e-01 
 1.742224889085675e-07  5.980588134679113e-01 
 1.742424889085675e-07  5.980588134679113e-01 
 1.742624889085675e-07  5.980588134679113e-01 
 1.742824889085675e-07  5.980588134679113e-01 
 1.743024889085675e-07  5.980588134679113e-01 
 1.743224889085675e-07  5.980588134679113e-01 
 1.743424889085675e-07  5.980588134679113e-01 
 1.743624889085675e-07  5.980588134679113e-01 
 1.743824889085675e-07  5.980588134679113e-01 
 1.744024889085675e-07  5.980588134679113e-01 
 1.744224889085675e-07  5.980588134679113e-01 
 1.744424889085675e-07  5.980588134679113e-01 
 1.744624889085675e-07  5.980588134679113e-01 
 1.744824889085675e-07  5.980588134679113e-01 
 1.745024889085675e-07  5.980588134679113e-01 
 1.745224889085675e-07  5.980588134679113e-01 
 1.745424889085675e-07  5.980588134679113e-01 
 1.745624889085675e-07  5.980588134679113e-01 
 1.745824889085675e-07  5.980588134679113e-01 
 1.746024889085675e-07  5.980588134679113e-01 
 1.746224889085675e-07  5.980588134679113e-01 
 1.746424889085675e-07  5.980588134679113e-01 
 1.746624889085675e-07  5.980588134679113e-01 
 1.746824889085675e-07  5.980588134679113e-01 
 1.747024889085675e-07  5.980588134679113e-01 
 1.747224889085674e-07  5.980588134679113e-01 
 1.747424889085674e-07  5.980588134679113e-01 
 1.747624889085674e-07  5.980588134679113e-01 
 1.747824889085674e-07  5.980588134679113e-01 
 1.748024889085674e-07  5.980588134679113e-01 
 1.748224889085674e-07  5.980588134679113e-01 
 1.748424889085674e-07  5.980588134679113e-01 
 1.748624889085674e-07  5.980588134679113e-01 
 1.748824889085674e-07  5.980588134679113e-01 
 1.749024889085674e-07  5.980588134679113e-01 
 1.749224889085674e-07  5.980588134679113e-01 
 1.749424889085674e-07  5.980588134679113e-01 
 1.749624889085674e-07  5.980588134679113e-01 
 1.749824889085674e-07  5.980588134679113e-01 
 1.750024889085674e-07  5.980588134679113e-01 
 1.750224889085674e-07  5.980588134679113e-01 
 1.750424889085674e-07  5.980588134679113e-01 
 1.750624889085674e-07  5.980588134679113e-01 
 1.750824889085674e-07  5.980588134679113e-01 
 1.751024889085674e-07  5.980588134679113e-01 
 1.751224889085674e-07  5.980588134679113e-01 
 1.751424889085674e-07  5.980588134679113e-01 
 1.751624889085674e-07  5.980588134679113e-01 
 1.751824889085674e-07  5.980588134679113e-01 
 1.752024889085674e-07  5.980588134679113e-01 
 1.752224889085674e-07  5.980588134679113e-01 
 1.752424889085673e-07  5.980588134679113e-01 
 1.752624889085673e-07  5.980588134679113e-01 
 1.752824889085673e-07  5.980588134679113e-01 
 1.753024889085673e-07  5.980588134679113e-01 
 1.753224889085673e-07  5.980588134679113e-01 
 1.753424889085673e-07  5.980588134679113e-01 
 1.753624889085673e-07  5.980588134679113e-01 
 1.753824889085673e-07  5.980588134679113e-01 
 1.754024889085673e-07  5.980588134679113e-01 
 1.754224889085673e-07  5.980588134679113e-01 
 1.754424889085673e-07  5.980588134679113e-01 
 1.754624889085673e-07  5.980588134679113e-01 
 1.754824889085673e-07  5.980588134679113e-01 
 1.755024889085673e-07  5.980588134679113e-01 
 1.755224889085673e-07  5.980588134679113e-01 
 1.755424889085673e-07  5.980588134679113e-01 
 1.755624889085673e-07  5.980588134679113e-01 
 1.755824889085673e-07  5.980588134679113e-01 
 1.756024889085673e-07  5.980588134679113e-01 
 1.756224889085673e-07  5.980588134679113e-01 
 1.756424889085673e-07  5.980588134679113e-01 
 1.756624889085673e-07  5.980588134679113e-01 
 1.756824889085673e-07  5.980588134679113e-01 
 1.757024889085673e-07  5.980588134679113e-01 
 1.757224889085673e-07  5.980588134679113e-01 
 1.757424889085673e-07  5.980588134679113e-01 
 1.757624889085672e-07  5.980588134679113e-01 
 1.757824889085672e-07  5.980588134679113e-01 
 1.758024889085672e-07  5.980588134679113e-01 
 1.758224889085672e-07  5.980588134679113e-01 
 1.758424889085672e-07  5.980588134679113e-01 
 1.758624889085672e-07  5.980588134679113e-01 
 1.758824889085672e-07  5.980588134679113e-01 
 1.759024889085672e-07  5.980588134679113e-01 
 1.759224889085672e-07  5.980588134679113e-01 
 1.759424889085672e-07  5.980588134679113e-01 
 1.759624889085672e-07  5.980588134679113e-01 
 1.759824889085672e-07  5.980588134679113e-01 
 1.760024889085672e-07  5.980588134679113e-01 
 1.760224889085672e-07  5.980588134679113e-01 
 1.760424889085672e-07  5.980588134679113e-01 
 1.760624889085672e-07  5.980588134679113e-01 
 1.760824889085672e-07  5.980588134679113e-01 
 1.761024889085672e-07  5.980588134679113e-01 
 1.761224889085672e-07  5.980588134679113e-01 
 1.761424889085672e-07  5.980588134679113e-01 
 1.761624889085672e-07  5.980588134679113e-01 
 1.761824889085672e-07  5.980588134679113e-01 
 1.762024889085672e-07  5.980588134679113e-01 
 1.762224889085672e-07  5.980588134679113e-01 
 1.762424889085672e-07  5.980588134679113e-01 
 1.762624889085672e-07  5.980588134679113e-01 
 1.762824889085672e-07  5.980588134679113e-01 
 1.763024889085671e-07  5.980588134679113e-01 
 1.763224889085671e-07  5.980588134679113e-01 
 1.763424889085671e-07  5.980588134679113e-01 
 1.763624889085671e-07  5.980588134679113e-01 
 1.763824889085671e-07  5.980588134679113e-01 
 1.764024889085671e-07  5.980588134679113e-01 
 1.764224889085671e-07  5.980588134679113e-01 
 1.764424889085671e-07  5.980588134679113e-01 
 1.764624889085671e-07  5.980588134679113e-01 
 1.764824889085671e-07  5.980588134679113e-01 
 1.765024889085671e-07  5.980588134679113e-01 
 1.765224889085671e-07  5.980588134679113e-01 
 1.765424889085671e-07  5.980588134679113e-01 
 1.765624889085671e-07  5.980588134679113e-01 
 1.765824889085671e-07  5.980588134679113e-01 
 1.766024889085671e-07  5.980588134679113e-01 
 1.766224889085671e-07  5.980588134679113e-01 
 1.766424889085671e-07  5.980588134679113e-01 
 1.766624889085671e-07  5.980588134679113e-01 
 1.766824889085671e-07  5.980588134679113e-01 
 1.767024889085671e-07  5.980588134679113e-01 
 1.767224889085671e-07  5.980588134679113e-01 
 1.767424889085671e-07  5.980588134679113e-01 
 1.767624889085671e-07  5.980588134679113e-01 
 1.767824889085671e-07  5.980588134679113e-01 
 1.768024889085671e-07  5.980588134679113e-01 
 1.768224889085670e-07  5.980588134679113e-01 
 1.768424889085670e-07  5.980588134679113e-01 
 1.768624889085670e-07  5.980588134679113e-01 
 1.768824889085670e-07  5.980588134679113e-01 
 1.769024889085670e-07  5.980588134679113e-01 
 1.769224889085670e-07  5.980588134679113e-01 
 1.769424889085670e-07  5.980588134679113e-01 
 1.769624889085670e-07  5.980588134679113e-01 
 1.769824889085670e-07  5.980588134679113e-01 
 1.770024889085670e-07  5.980588134679113e-01 
 1.770224889085670e-07  5.980588134679113e-01 
 1.770424889085670e-07  5.980588134679113e-01 
 1.770624889085670e-07  5.980588134679113e-01 
 1.770824889085670e-07  5.980588134679113e-01 
 1.771024889085670e-07  5.980588134679113e-01 
 1.771224889085670e-07  5.980588134679113e-01 
 1.771424889085670e-07  5.980588134679113e-01 
 1.771624889085670e-07  5.980588134679113e-01 
 1.771824889085670e-07  5.980588134679113e-01 
 1.772024889085670e-07  5.980588134679113e-01 
 1.772224889085670e-07  5.980588134679113e-01 
 1.772424889085670e-07  5.980588134679113e-01 
 1.772624889085670e-07  5.980588134679113e-01 
 1.772824889085670e-07  5.980588134679113e-01 
 1.773024889085670e-07  5.980588134679113e-01 
 1.773224889085670e-07  5.980588134679113e-01 
 1.773424889085670e-07  5.980588134679113e-01 
 1.773624889085669e-07  5.980588134679113e-01 
 1.773824889085669e-07  5.980588134679113e-01 
 1.774024889085669e-07  5.980588134679113e-01 
 1.774224889085669e-07  5.980588134679113e-01 
 1.774424889085669e-07  5.980588134679113e-01 
 1.774624889085669e-07  5.980588134679113e-01 
 1.774824889085669e-07  5.980588134679113e-01 
 1.775024889085669e-07  5.980588134679113e-01 
 1.775224889085669e-07  5.980588134679113e-01 
 1.775424889085669e-07  5.980588134679113e-01 
 1.775624889085669e-07  5.980588134679113e-01 
 1.775824889085669e-07  5.980588134679113e-01 
 1.776024889085669e-07  5.980588134679113e-01 
 1.776224889085669e-07  5.980588134679113e-01 
 1.776424889085669e-07  5.980588134679113e-01 
 1.776624889085669e-07  5.980588134679113e-01 
 1.776824889085669e-07  5.980588134679113e-01 
 1.777024889085669e-07  5.980588134679113e-01 
 1.777224889085669e-07  5.980588134679113e-01 
 1.777424889085669e-07  5.980588134679113e-01 
 1.777624889085669e-07  5.980588134679113e-01 
 1.777824889085669e-07  5.980588134679113e-01 
 1.778024889085669e-07  5.980588134679113e-01 
 1.778224889085669e-07  5.980588134679113e-01 
 1.778424889085669e-07  5.980588134679113e-01 
 1.778624889085669e-07  5.980588134679113e-01 
 1.778824889085668e-07  5.980588134679113e-01 
 1.779024889085668e-07  5.980588134679113e-01 
 1.779224889085668e-07  5.980588134679113e-01 
 1.779424889085668e-07  5.980588134679113e-01 
 1.779624889085668e-07  5.980588134679113e-01 
 1.779824889085668e-07  5.980588134679113e-01 
 1.780024889085668e-07  5.980588134679113e-01 
 1.780224889085668e-07  5.980588134679113e-01 
 1.780424889085668e-07  5.980588134679113e-01 
 1.780624889085668e-07  5.980588134679113e-01 
 1.780824889085668e-07  5.980588134679113e-01 
 1.781024889085668e-07  5.980588134679113e-01 
 1.781224889085668e-07  5.980588134679113e-01 
 1.781424889085668e-07  5.980588134679113e-01 
 1.781624889085668e-07  5.980588134679113e-01 
 1.781824889085668e-07  5.980588134679113e-01 
 1.782024889085668e-07  5.980588134679113e-01 
 1.782224889085668e-07  5.980588134679113e-01 
 1.782424889085668e-07  5.980588134679113e-01 
 1.782624889085668e-07  5.980588134679113e-01 
 1.782824889085668e-07  5.980588134679113e-01 
 1.783024889085668e-07  5.980588134679113e-01 
 1.783224889085668e-07  5.980588134679113e-01 
 1.783424889085668e-07  5.980588134679113e-01 
 1.783624889085668e-07  5.980588134679113e-01 
 1.783824889085668e-07  5.980588134679113e-01 
 1.784024889085667e-07  5.980588134679113e-01 
 1.784224889085667e-07  5.980588134679113e-01 
 1.784424889085667e-07  5.980588134679113e-01 
 1.784624889085667e-07  5.980588134679113e-01 
 1.784824889085667e-07  5.980588134679113e-01 
 1.785024889085667e-07  5.980588134679113e-01 
 1.785224889085667e-07  5.980588134679113e-01 
 1.785424889085667e-07  5.980588134679113e-01 
 1.785624889085667e-07  5.980588134679113e-01 
 1.785824889085667e-07  5.980588134679113e-01 
 1.786024889085667e-07  5.980588134679113e-01 
 1.786224889085667e-07  5.980588134679113e-01 
 1.786424889085667e-07  5.980588134679113e-01 
 1.786624889085667e-07  5.980588134679113e-01 
 1.786824889085667e-07  5.980588134679113e-01 
 1.787024889085667e-07  5.980588134679113e-01 
 1.787224889085667e-07  5.980588134679113e-01 
 1.787424889085667e-07  5.980588134679113e-01 
 1.787624889085667e-07  5.980588134679113e-01 
 1.787824889085667e-07  5.980588134679113e-01 
 1.788024889085667e-07  5.980588134679113e-01 
 1.788224889085667e-07  5.980588134679113e-01 
 1.788424889085667e-07  5.980588134679113e-01 
 1.788624889085667e-07  5.980588134679113e-01 
 1.788824889085667e-07  5.980588134679113e-01 
 1.789024889085667e-07  5.980588134679113e-01 
 1.789224889085667e-07  5.980588134679113e-01 
 1.789424889085666e-07  5.980588134679113e-01 
 1.789624889085666e-07  5.980588134679113e-01 
 1.789824889085666e-07  5.980588134679113e-01 
 1.790024889085666e-07  5.980588134679113e-01 
 1.790224889085666e-07  5.980588134679113e-01 
 1.790424889085666e-07  5.980588134679113e-01 
 1.790624889085666e-07  5.980588134679113e-01 
 1.790824889085666e-07  5.980588134679113e-01 
 1.791024889085666e-07  5.980588134679113e-01 
 1.791224889085666e-07  5.980588134679113e-01 
 1.791424889085666e-07  5.980588134679113e-01 
 1.791624889085666e-07  5.980588134679113e-01 
 1.791824889085666e-07  5.980588134679113e-01 
 1.792024889085666e-07  5.980588134679113e-01 
 1.792224889085666e-07  5.980588134679113e-01 
 1.792424889085666e-07  5.980588134679113e-01 
 1.792624889085666e-07  5.980588134679113e-01 
 1.792824889085666e-07  5.980588134679113e-01 
 1.793024889085666e-07  5.980588134679113e-01 
 1.793224889085666e-07  5.980588134679113e-01 
 1.793424889085666e-07  5.980588134679113e-01 
 1.793624889085666e-07  5.980588134679113e-01 
 1.793824889085666e-07  5.980588134679113e-01 
 1.794024889085666e-07  5.980588134679113e-01 
 1.794224889085666e-07  5.980588134679113e-01 
 1.794424889085666e-07  5.980588134679113e-01 
 1.794624889085665e-07  5.980588134679113e-01 
 1.794824889085665e-07  5.980588134679113e-01 
 1.795024889085665e-07  5.980588134679113e-01 
 1.795224889085665e-07  5.980588134679113e-01 
 1.795424889085665e-07  5.980588134679113e-01 
 1.795624889085665e-07  5.980588134679113e-01 
 1.795824889085665e-07  5.980588134679113e-01 
 1.796024889085665e-07  5.980588134679113e-01 
 1.796224889085665e-07  5.980588134679113e-01 
 1.796424889085665e-07  5.980588134679113e-01 
 1.796624889085665e-07  5.980588134679113e-01 
 1.796824889085665e-07  5.980588134679113e-01 
 1.797024889085665e-07  5.980588134679113e-01 
 1.797224889085665e-07  5.980588134679113e-01 
 1.797424889085665e-07  5.980588134679113e-01 
 1.797624889085665e-07  5.980588134679113e-01 
 1.797824889085665e-07  5.980588134679113e-01 
 1.798024889085665e-07  5.980588134679113e-01 
 1.798224889085665e-07  5.980588134679113e-01 
 1.798424889085665e-07  5.980588134679113e-01 
 1.798624889085665e-07  5.980588134679113e-01 
 1.798824889085665e-07  5.980588134679113e-01 
 1.799024889085665e-07  5.980588134679113e-01 
 1.799224889085665e-07  5.980588134679113e-01 
 1.799424889085665e-07  5.980588134679113e-01 
 1.799624889085665e-07  5.980588134679113e-01 
 1.799824889085664e-07  5.980588134679113e-01 
 1.800024889085664e-07  5.980588134679113e-01 
 1.800224889085664e-07  5.980588134679113e-01 
 1.800424889085664e-07  5.980588134679113e-01 
 1.800624889085664e-07  5.980588134679113e-01 
 1.800824889085664e-07  5.980588134679113e-01 
 1.801024889085664e-07  5.980588134679113e-01 
 1.801224889085664e-07  5.980588134679113e-01 
 1.801424889085664e-07  5.980588134679113e-01 
 1.801624889085664e-07  5.980588134679113e-01 
 1.801824889085664e-07  5.980588134679113e-01 
 1.802024889085664e-07  5.980588134679113e-01 
 1.802224889085664e-07  5.980588134679113e-01 
 1.802424889085664e-07  5.980588134679113e-01 
 1.802624889085664e-07  5.980588134679113e-01 
 1.802824889085664e-07  5.980588134679113e-01 
 1.803024889085664e-07  5.980588134679113e-01 
 1.803224889085664e-07  5.980588134679113e-01 
 1.803424889085664e-07  5.980588134679113e-01 
 1.803624889085664e-07  5.980588134679113e-01 
 1.803824889085664e-07  5.980588134679113e-01 
 1.804024889085664e-07  5.980588134679113e-01 
 1.804224889085664e-07  5.980588134679113e-01 
 1.804424889085664e-07  5.980588134679113e-01 
 1.804624889085664e-07  5.980588134679113e-01 
 1.804824889085664e-07  5.980588134679113e-01 
 1.805024889085664e-07  5.980588134679113e-01 
 1.805224889085663e-07  5.980588134679113e-01 
 1.805424889085663e-07  5.980588134679113e-01 
 1.805624889085663e-07  5.980588134679113e-01 
 1.805824889085663e-07  5.980588134679113e-01 
 1.806024889085663e-07  5.980588134679113e-01 
 1.806224889085663e-07  5.980588134679113e-01 
 1.806424889085663e-07  5.980588134679113e-01 
 1.806624889085663e-07  5.980588134679113e-01 
 1.806824889085663e-07  5.980588134679113e-01 
 1.807024889085663e-07  5.980588134679113e-01 
 1.807224889085663e-07  5.980588134679113e-01 
 1.807424889085663e-07  5.980588134679113e-01 
 1.807624889085663e-07  5.980588134679113e-01 
 1.807824889085663e-07  5.980588134679113e-01 
 1.808024889085663e-07  5.980588134679113e-01 
 1.808224889085663e-07  5.980588134679113e-01 
 1.808424889085663e-07  5.980588134679113e-01 
 1.808624889085663e-07  5.980588134679113e-01 
 1.808824889085663e-07  5.980588134679113e-01 
 1.809024889085663e-07  5.980588134679113e-01 
 1.809224889085663e-07  5.980588134679113e-01 
 1.809424889085663e-07  5.980588134679113e-01 
 1.809624889085663e-07  5.980588134679113e-01 
 1.809824889085663e-07  5.980588134679113e-01 
 1.810024889085663e-07  5.980588134679113e-01 
 1.810224889085663e-07  5.980588134679113e-01 
 1.810424889085662e-07  5.980588134679113e-01 
 1.810624889085662e-07  5.980588134679113e-01 
 1.810824889085662e-07  5.980588134679113e-01 
 1.811024889085662e-07  5.980588134679113e-01 
 1.811224889085662e-07  5.980588134679113e-01 
 1.811424889085662e-07  5.980588134679113e-01 
 1.811624889085662e-07  5.980588134679113e-01 
 1.811824889085662e-07  5.980588134679113e-01 
 1.812024889085662e-07  5.980588134679113e-01 
 1.812224889085662e-07  5.980588134679113e-01 
 1.812424889085662e-07  5.980588134679113e-01 
 1.812624889085662e-07  5.980588134679113e-01 
 1.812824889085662e-07  5.980588134679113e-01 
 1.813024889085662e-07  5.980588134679113e-01 
 1.813224889085662e-07  5.980588134679113e-01 
 1.813424889085662e-07  5.980588134679113e-01 
 1.813624889085662e-07  5.980588134679113e-01 
 1.813824889085662e-07  5.980588134679113e-01 
 1.814024889085662e-07  5.980588134679113e-01 
 1.814224889085662e-07  5.980588134679113e-01 
 1.814424889085662e-07  5.980588134679113e-01 
 1.814624889085662e-07  5.980588134679113e-01 
 1.814824889085662e-07  5.980588134679113e-01 
 1.815024889085662e-07  5.980588134679113e-01 
 1.815224889085662e-07  5.980588134679113e-01 
 1.815424889085662e-07  5.980588134679113e-01 
 1.815624889085662e-07  5.980588134679113e-01 
 1.815824889085661e-07  5.980588134679113e-01 
 1.816024889085661e-07  5.980588134679113e-01 
 1.816224889085661e-07  5.980588134679113e-01 
 1.816424889085661e-07  5.980588134679113e-01 
 1.816624889085661e-07  5.980588134679113e-01 
 1.816824889085661e-07  5.980588134679113e-01 
 1.817024889085661e-07  5.980588134679113e-01 
 1.817224889085661e-07  5.980588134679113e-01 
 1.817424889085661e-07  5.980588134679113e-01 
 1.817624889085661e-07  5.980588134679113e-01 
 1.817824889085661e-07  5.980588134679113e-01 
 1.818024889085661e-07  5.980588134679113e-01 
 1.818224889085661e-07  5.980588134679113e-01 
 1.818424889085661e-07  5.980588134679113e-01 
 1.818624889085661e-07  5.980588134679113e-01 
 1.818824889085661e-07  5.980588134679113e-01 
 1.819024889085661e-07  5.980588134679113e-01 
 1.819224889085661e-07  5.980588134679113e-01 
 1.819424889085661e-07  5.980588134679113e-01 
 1.819624889085661e-07  5.980588134679113e-01 
 1.819824889085661e-07  5.980588134679113e-01 
 1.820024889085661e-07  5.980588134679113e-01 
 1.820224889085661e-07  5.980588134679113e-01 
 1.820424889085661e-07  5.980588134679113e-01 
 1.820624889085661e-07  5.980588134679113e-01 
 1.820824889085661e-07  5.980588134679113e-01 
 1.821024889085660e-07  5.980588134679113e-01 
 1.821224889085660e-07  5.980588134679113e-01 
 1.821424889085660e-07  5.980588134679113e-01 
 1.821624889085660e-07  5.980588134679113e-01 
 1.821824889085660e-07  5.980588134679113e-01 
 1.822024889085660e-07  5.980588134679113e-01 
 1.822224889085660e-07  5.980588134679113e-01 
 1.822424889085660e-07  5.980588134679113e-01 
 1.822624889085660e-07  5.980588134679113e-01 
 1.822824889085660e-07  5.980588134679113e-01 
 1.823024889085660e-07  5.980588134679113e-01 
 1.823224889085660e-07  5.980588134679113e-01 
 1.823424889085660e-07  5.980588134679113e-01 
 1.823624889085660e-07  5.980588134679113e-01 
 1.823824889085660e-07  5.980588134679113e-01 
 1.824024889085660e-07  5.980588134679113e-01 
 1.824224889085660e-07  5.980588134679113e-01 
 1.824424889085660e-07  5.980588134679113e-01 
 1.824624889085660e-07  5.980588134679113e-01 
 1.824824889085660e-07  5.980588134679113e-01 
 1.825024889085660e-07  5.980588134679113e-01 
 1.825224889085660e-07  5.980588134679113e-01 
 1.825424889085660e-07  5.980588134679113e-01 
 1.825624889085660e-07  5.980588134679113e-01 
 1.825824889085660e-07  5.980588134679113e-01 
 1.826024889085660e-07  5.980588134679113e-01 
 1.826224889085659e-07  5.980588134679113e-01 
 1.826424889085659e-07  5.980588134679113e-01 
 1.826624889085659e-07  5.980588134679113e-01 
 1.826824889085659e-07  5.980588134679113e-01 
 1.827024889085659e-07  5.980588134679113e-01 
 1.827224889085659e-07  5.980588134679113e-01 
 1.827424889085659e-07  5.980588134679113e-01 
 1.827624889085659e-07  5.980588134679113e-01 
 1.827824889085659e-07  5.980588134679113e-01 
 1.828024889085659e-07  5.980588134679113e-01 
 1.828224889085659e-07  5.980588134679113e-01 
 1.828424889085659e-07  5.980588134679113e-01 
 1.828624889085659e-07  5.980588134679113e-01 
 1.828824889085659e-07  5.980588134679113e-01 
 1.829024889085659e-07  5.980588134679113e-01 
 1.829224889085659e-07  5.980588134679113e-01 
 1.829424889085659e-07  5.980588134679113e-01 
 1.829624889085659e-07  5.980588134679113e-01 
 1.829824889085659e-07  5.980588134679113e-01 
 1.830024889085659e-07  5.980588134679113e-01 
 1.830224889085659e-07  5.980588134679113e-01 
 1.830424889085659e-07  5.980588134679113e-01 
 1.830624889085659e-07  5.980588134679113e-01 
 1.830824889085659e-07  5.980588134679113e-01 
 1.831024889085659e-07  5.980588134679113e-01 
 1.831224889085659e-07  5.980588134679113e-01 
 1.831424889085659e-07  5.980588134679113e-01 
 1.831624889085658e-07  5.980588134679113e-01 
 1.831824889085658e-07  5.980588134679113e-01 
 1.832024889085658e-07  5.980588134679113e-01 
 1.832224889085658e-07  5.980588134679113e-01 
 1.832424889085658e-07  5.980588134679113e-01 
 1.832624889085658e-07  5.980588134679113e-01 
 1.832824889085658e-07  5.980588134679113e-01 
 1.833024889085658e-07  5.980588134679113e-01 
 1.833224889085658e-07  5.980588134679113e-01 
 1.833424889085658e-07  5.980588134679113e-01 
 1.833624889085658e-07  5.980588134679113e-01 
 1.833824889085658e-07  5.980588134679113e-01 
 1.834024889085658e-07  5.980588134679113e-01 
 1.834224889085658e-07  5.980588134679113e-01 
 1.834424889085658e-07  5.980588134679113e-01 
 1.834624889085658e-07  5.980588134679113e-01 
 1.834824889085658e-07  5.980588134679113e-01 
 1.835024889085658e-07  5.980588134679113e-01 
 1.835224889085658e-07  5.980588134679113e-01 
 1.835424889085658e-07  5.980588134679113e-01 
 1.835624889085658e-07  5.980588134679113e-01 
 1.835824889085658e-07  5.980588134679113e-01 
 1.836024889085658e-07  5.980588134679113e-01 
 1.836224889085658e-07  5.980588134679113e-01 
 1.836424889085658e-07  5.980588134679113e-01 
 1.836624889085658e-07  5.980588134679113e-01 
 1.836824889085657e-07  5.980588134679113e-01 
 1.837024889085657e-07  5.980588134679113e-01 
 1.837224889085657e-07  5.980588134679113e-01 
 1.837424889085657e-07  5.980588134679113e-01 
 1.837624889085657e-07  5.980588134679113e-01 
 1.837824889085657e-07  5.980588134679113e-01 
 1.838024889085657e-07  5.980588134679113e-01 
 1.838224889085657e-07  5.980588134679113e-01 
 1.838424889085657e-07  5.980588134679113e-01 
 1.838624889085657e-07  5.980588134679113e-01 
 1.838824889085657e-07  5.980588134679113e-01 
 1.839024889085657e-07  5.980588134679113e-01 
 1.839224889085657e-07  5.980588134679113e-01 
 1.839424889085657e-07  5.980588134679113e-01 
 1.839624889085657e-07  5.980588134679113e-01 
 1.839824889085657e-07  5.980588134679113e-01 
 1.840024889085657e-07  5.980588134679113e-01 
 1.840224889085657e-07  5.980588134679113e-01 
 1.840424889085657e-07  5.980588134679113e-01 
 1.840624889085657e-07  5.980588134679113e-01 
 1.840824889085657e-07  5.980588134679113e-01 
 1.841024889085657e-07  5.980588134679113e-01 
 1.841224889085657e-07  5.980588134679113e-01 
 1.841424889085657e-07  5.980588134679113e-01 
 1.841624889085657e-07  5.980588134679113e-01 
 1.841824889085657e-07  5.980588134679113e-01 
 1.842024889085656e-07  5.980588134679113e-01 
 1.842224889085656e-07  5.980588134679113e-01 
 1.842424889085656e-07  5.980588134679113e-01 
 1.842624889085656e-07  5.980588134679113e-01 
 1.842824889085656e-07  5.980588134679113e-01 
 1.843024889085656e-07  5.980588134679113e-01 
 1.843224889085656e-07  5.980588134679113e-01 
 1.843424889085656e-07  5.980588134679113e-01 
 1.843624889085656e-07  5.980588134679113e-01 
 1.843824889085656e-07  5.980588134679113e-01 
 1.844024889085656e-07  5.980588134679113e-01 
 1.844224889085656e-07  5.980588134679113e-01 
 1.844424889085656e-07  5.980588134679113e-01 
 1.844624889085656e-07  5.980588134679113e-01 
 1.844824889085656e-07  5.980588134679113e-01 
 1.845024889085656e-07  5.980588134679113e-01 
 1.845224889085656e-07  5.980588134679113e-01 
 1.845424889085656e-07  5.980588134679113e-01 
 1.845624889085656e-07  5.980588134679113e-01 
 1.845824889085656e-07  5.980588134679113e-01 
 1.846024889085656e-07  5.980588134679113e-01 
 1.846224889085656e-07  5.980588134679113e-01 
 1.846424889085656e-07  5.980588134679113e-01 
 1.846624889085656e-07  5.980588134679113e-01 
 1.846824889085656e-07  5.980588134679113e-01 
 1.847024889085656e-07  5.980588134679113e-01 
 1.847224889085656e-07  5.980588134679113e-01 
 1.847424889085655e-07  5.980588134679113e-01 
 1.847624889085655e-07  5.980588134679113e-01 
 1.847824889085655e-07  5.980588134679113e-01 
 1.848024889085655e-07  5.980588134679113e-01 
 1.848224889085655e-07  5.980588134679113e-01 
 1.848424889085655e-07  5.980588134679113e-01 
 1.848624889085655e-07  5.980588134679113e-01 
 1.848824889085655e-07  5.980588134679113e-01 
 1.849024889085655e-07  5.980588134679113e-01 
 1.849224889085655e-07  5.980588134679113e-01 
 1.849424889085655e-07  5.980588134679113e-01 
 1.849624889085655e-07  5.980588134679113e-01 
 1.849824889085655e-07  5.980588134679113e-01 
 1.850024889085655e-07  5.980588134679113e-01 
 1.850224889085655e-07  5.980588134679113e-01 
 1.850424889085655e-07  5.980588134679113e-01 
 1.850624889085655e-07  5.980588134679113e-01 
 1.850824889085655e-07  5.980588134679113e-01 
 1.851024889085655e-07  5.980588134679113e-01 
 1.851224889085655e-07  5.980588134679113e-01 
 1.851424889085655e-07  5.980588134679113e-01 
 1.851624889085655e-07  5.980588134679113e-01 
 1.851824889085655e-07  5.980588134679113e-01 
 1.852024889085655e-07  5.980588134679113e-01 
 1.852224889085655e-07  5.980588134679113e-01 
 1.852424889085655e-07  5.980588134679113e-01 
 1.852624889085654e-07  5.980588134679113e-01 
 1.852824889085654e-07  5.980588134679113e-01 
 1.853024889085654e-07  5.980588134679113e-01 
 1.853224889085654e-07  5.980588134679113e-01 
 1.853424889085654e-07  5.980588134679113e-01 
 1.853624889085654e-07  5.980588134679113e-01 
 1.853824889085654e-07  5.980588134679113e-01 
 1.854024889085654e-07  5.980588134679113e-01 
 1.854224889085654e-07  5.980588134679113e-01 
 1.854424889085654e-07  5.980588134679113e-01 
 1.854624889085654e-07  5.980588134679113e-01 
 1.854824889085654e-07  5.980588134679113e-01 
 1.855024889085654e-07  5.980588134679113e-01 
 1.855224889085654e-07  5.980588134679113e-01 
 1.855424889085654e-07  5.980588134679113e-01 
 1.855624889085654e-07  5.980588134679113e-01 
 1.855824889085654e-07  5.980588134679113e-01 
 1.856024889085654e-07  5.980588134679113e-01 
 1.856224889085654e-07  5.980588134679113e-01 
 1.856424889085654e-07  5.980588134679113e-01 
 1.856624889085654e-07  5.980588134679113e-01 
 1.856824889085654e-07  5.980588134679113e-01 
 1.857024889085654e-07  5.980588134679113e-01 
 1.857224889085654e-07  5.980588134679113e-01 
 1.857424889085654e-07  5.980588134679113e-01 
 1.857624889085654e-07  5.980588134679113e-01 
 1.857824889085654e-07  5.980588134679113e-01 
 1.858024889085653e-07  5.980588134679113e-01 
 1.858224889085653e-07  5.980588134679113e-01 
 1.858424889085653e-07  5.980588134679113e-01 
 1.858624889085653e-07  5.980588134679113e-01 
 1.858824889085653e-07  5.980588134679113e-01 
 1.859024889085653e-07  5.980588134679113e-01 
 1.859224889085653e-07  5.980588134679113e-01 
 1.859424889085653e-07  5.980588134679113e-01 
 1.859624889085653e-07  5.980588134679113e-01 
 1.859824889085653e-07  5.980588134679113e-01 
 1.860024889085653e-07  5.980588134679113e-01 
 1.860224889085653e-07  5.980588134679113e-01 
 1.860424889085653e-07  5.980588134679113e-01 
 1.860624889085653e-07  5.980588134679113e-01 
 1.860824889085653e-07  5.980588134679113e-01 
 1.861024889085653e-07  5.980588134679113e-01 
 1.861224889085653e-07  5.980588134679113e-01 
 1.861424889085653e-07  5.980588134679113e-01 
 1.861624889085653e-07  5.980588134679113e-01 
 1.861824889085653e-07  5.980588134679113e-01 
 1.862024889085653e-07  5.980588134679113e-01 
 1.862224889085653e-07  5.980588134679113e-01 
 1.862424889085653e-07  5.980588134679113e-01 
 1.862624889085653e-07  5.980588134679113e-01 
 1.862824889085653e-07  5.980588134679113e-01 
 1.863024889085653e-07  5.980588134679113e-01 
 1.863224889085652e-07  5.980588134679113e-01 
 1.863424889085652e-07  5.980588134679113e-01 
 1.863624889085652e-07  5.980588134679113e-01 
 1.863824889085652e-07  5.980588134679113e-01 
 1.864024889085652e-07  5.980588134679113e-01 
 1.864224889085652e-07  5.980588134679113e-01 
 1.864424889085652e-07  5.980588134679113e-01 
 1.864624889085652e-07  5.980588134679113e-01 
 1.864824889085652e-07  5.980588134679113e-01 
 1.865024889085652e-07  5.980588134679113e-01 
 1.865224889085652e-07  5.980588134679113e-01 
 1.865424889085652e-07  5.980588134679113e-01 
 1.865624889085652e-07  5.980588134679113e-01 
 1.865824889085652e-07  5.980588134679113e-01 
 1.866024889085652e-07  5.980588134679113e-01 
 1.866224889085652e-07  5.980588134679113e-01 
 1.866424889085652e-07  5.980588134679113e-01 
 1.866624889085652e-07  5.980588134679113e-01 
 1.866824889085652e-07  5.980588134679113e-01 
 1.867024889085652e-07  5.980588134679113e-01 
 1.867224889085652e-07  5.980588134679113e-01 
 1.867424889085652e-07  5.980588134679113e-01 
 1.867624889085652e-07  5.980588134679113e-01 
 1.867824889085652e-07  5.980588134679113e-01 
 1.868024889085652e-07  5.980588134679113e-01 
 1.868224889085652e-07  5.980588134679113e-01 
 1.868424889085651e-07  5.980588134679113e-01 
 1.868624889085651e-07  5.980588134679113e-01 
 1.868824889085651e-07  5.980588134679113e-01 
 1.869024889085651e-07  5.980588134679113e-01 
 1.869224889085651e-07  5.980588134679113e-01 
 1.869424889085651e-07  5.980588134679113e-01 
 1.869624889085651e-07  5.980588134679113e-01 
 1.869824889085651e-07  5.980588134679113e-01 
 1.870024889085651e-07  5.980588134679113e-01 
 1.870224889085651e-07  5.980588134679113e-01 
 1.870424889085651e-07  5.980588134679113e-01 
 1.870624889085651e-07  5.980588134679113e-01 
 1.870824889085651e-07  5.980588134679113e-01 
 1.871024889085651e-07  5.980588134679113e-01 
 1.871224889085651e-07  5.980588134679113e-01 
 1.871424889085651e-07  5.980588134679113e-01 
 1.871624889085651e-07  5.980588134679113e-01 
 1.871824889085651e-07  5.980588134679113e-01 
 1.872024889085651e-07  5.980588134679113e-01 
 1.872224889085651e-07  5.980588134679113e-01 
 1.872424889085651e-07  5.980588134679113e-01 
 1.872624889085651e-07  5.980588134679113e-01 
 1.872824889085651e-07  5.980588134679113e-01 
 1.873024889085651e-07  5.980588134679113e-01 
 1.873224889085651e-07  5.980588134679113e-01 
 1.873424889085651e-07  5.980588134679113e-01 
 1.873624889085651e-07  5.980588134679113e-01 
 1.873824889085650e-07  5.980588134679113e-01 
 1.874024889085650e-07  5.980588134679113e-01 
 1.874224889085650e-07  5.980588134679113e-01 
 1.874424889085650e-07  5.980588134679113e-01 
 1.874624889085650e-07  5.980588134679113e-01 
 1.874824889085650e-07  5.980588134679113e-01 
 1.875024889085650e-07  5.980588134679113e-01 
 1.875224889085650e-07  5.980588134679113e-01 
 1.875424889085650e-07  5.980588134679113e-01 
 1.875624889085650e-07  5.980588134679113e-01 
 1.875824889085650e-07  5.980588134679113e-01 
 1.876024889085650e-07  5.980588134679113e-01 
 1.876224889085650e-07  5.980588134679113e-01 
 1.876424889085650e-07  5.980588134679113e-01 
 1.876624889085650e-07  5.980588134679113e-01 
 1.876824889085650e-07  5.980588134679113e-01 
 1.877024889085650e-07  5.980588134679113e-01 
 1.877224889085650e-07  5.980588134679113e-01 
 1.877424889085650e-07  5.980588134679113e-01 
 1.877624889085650e-07  5.980588134679113e-01 
 1.877824889085650e-07  5.980588134679113e-01 
 1.878024889085650e-07  5.980588134679113e-01 
 1.878224889085650e-07  5.980588134679113e-01 
 1.878424889085650e-07  5.980588134679113e-01 
 1.878624889085650e-07  5.980588134679113e-01 
 1.878824889085650e-07  5.980588134679113e-01 
 1.879024889085649e-07  5.980588134679113e-01 
 1.879224889085649e-07  5.980588134679113e-01 
 1.879424889085649e-07  5.980588134679113e-01 
 1.879624889085649e-07  5.980588134679113e-01 
 1.879824889085649e-07  5.980588134679113e-01 
 1.880024889085649e-07  5.980588134679113e-01 
 1.880224889085649e-07  5.980588134679113e-01 
 1.880424889085649e-07  5.980588134679113e-01 
 1.880624889085649e-07  5.980588134679113e-01 
 1.880824889085649e-07  5.980588134679113e-01 
 1.881024889085649e-07  5.980588134679113e-01 
 1.881224889085649e-07  5.980588134679113e-01 
 1.881424889085649e-07  5.980588134679113e-01 
 1.881624889085649e-07  5.980588134679113e-01 
 1.881824889085649e-07  5.980588134679113e-01 
 1.882024889085649e-07  5.980588134679113e-01 
 1.882224889085649e-07  5.980588134679113e-01 
 1.882424889085649e-07  5.980588134679113e-01 
 1.882624889085649e-07  5.980588134679113e-01 
 1.882824889085649e-07  5.980588134679113e-01 
 1.883024889085649e-07  5.980588134679113e-01 
 1.883224889085649e-07  5.980588134679113e-01 
 1.883424889085649e-07  5.980588134679113e-01 
 1.883624889085649e-07  5.980588134679113e-01 
 1.883824889085649e-07  5.980588134679113e-01 
 1.884024889085649e-07  5.980588134679113e-01 
 1.884224889085648e-07  5.980588134679113e-01 
 1.884424889085648e-07  5.980588134679113e-01 
 1.884624889085648e-07  5.980588134679113e-01 
 1.884824889085648e-07  5.980588134679113e-01 
 1.885024889085648e-07  5.980588134679113e-01 
 1.885224889085648e-07  5.980588134679113e-01 
 1.885424889085648e-07  5.980588134679113e-01 
 1.885624889085648e-07  5.980588134679113e-01 
 1.885824889085648e-07  5.980588134679113e-01 
 1.886024889085648e-07  5.980588134679113e-01 
 1.886224889085648e-07  5.980588134679113e-01 
 1.886424889085648e-07  5.980588134679113e-01 
 1.886624889085648e-07  5.980588134679113e-01 
 1.886824889085648e-07  5.980588134679113e-01 
 1.887024889085648e-07  5.980588134679113e-01 
 1.887224889085648e-07  5.980588134679113e-01 
 1.887424889085648e-07  5.980588134679113e-01 
 1.887624889085648e-07  5.980588134679113e-01 
 1.887824889085648e-07  5.980588134679113e-01 
 1.888024889085648e-07  5.980588134679113e-01 
 1.888224889085648e-07  5.980588134679113e-01 
 1.888424889085648e-07  5.980588134679113e-01 
 1.888624889085648e-07  5.980588134679113e-01 
 1.888824889085648e-07  5.980588134679113e-01 
 1.889024889085648e-07  5.980588134679113e-01 
 1.889224889085648e-07  5.980588134679113e-01 
 1.889424889085648e-07  5.980588134679113e-01 
 1.889624889085647e-07  5.980588134679113e-01 
 1.889824889085647e-07  5.980588134679113e-01 
 1.890024889085647e-07  5.980588134679113e-01 
 1.890224889085647e-07  5.980588134679113e-01 
 1.890424889085647e-07  5.980588134679113e-01 
 1.890624889085647e-07  5.980588134679113e-01 
 1.890824889085647e-07  5.980588134679113e-01 
 1.891024889085647e-07  5.980588134679113e-01 
 1.891224889085647e-07  5.980588134679113e-01 
 1.891424889085647e-07  5.980588134679113e-01 
 1.891624889085647e-07  5.980588134679113e-01 
 1.891824889085647e-07  5.980588134679113e-01 
 1.892024889085647e-07  5.980588134679113e-01 
 1.892224889085647e-07  5.980588134679113e-01 
 1.892424889085647e-07  5.980588134679113e-01 
 1.892624889085647e-07  5.980588134679113e-01 
 1.892824889085647e-07  5.980588134679113e-01 
 1.893024889085647e-07  5.980588134679113e-01 
 1.893224889085647e-07  5.980588134679113e-01 
 1.893424889085647e-07  5.980588134679113e-01 
 1.893624889085647e-07  5.980588134679113e-01 
 1.893824889085647e-07  5.980588134679113e-01 
 1.894024889085647e-07  5.980588134679113e-01 
 1.894224889085647e-07  5.980588134679113e-01 
 1.894424889085647e-07  5.980588134679113e-01 
 1.894624889085647e-07  5.980588134679113e-01 
 1.894824889085646e-07  5.980588134679113e-01 
 1.895024889085646e-07  5.980588134679113e-01 
 1.895224889085646e-07  5.980588134679113e-01 
 1.895424889085646e-07  5.980588134679113e-01 
 1.895624889085646e-07  5.980588134679113e-01 
 1.895824889085646e-07  5.980588134679113e-01 
 1.896024889085646e-07  5.980588134679113e-01 
 1.896224889085646e-07  5.980588134679113e-01 
 1.896424889085646e-07  5.980588134679113e-01 
 1.896624889085646e-07  5.980588134679113e-01 
 1.896824889085646e-07  5.980588134679113e-01 
 1.897024889085646e-07  5.980588134679113e-01 
 1.897224889085646e-07  5.980588134679113e-01 
 1.897424889085646e-07  5.980588134679113e-01 
 1.897624889085646e-07  5.980588134679113e-01 
 1.897824889085646e-07  5.980588134679113e-01 
 1.898024889085646e-07  5.980588134679113e-01 
 1.898224889085646e-07  5.980588134679113e-01 
 1.898424889085646e-07  5.980588134679113e-01 
 1.898624889085646e-07  5.980588134679113e-01 
 1.898824889085646e-07  5.980588134679113e-01 
 1.899024889085646e-07  5.980588134679113e-01 
 1.899224889085646e-07  5.980588134679113e-01 
 1.899424889085646e-07  5.980588134679113e-01 
 1.899624889085646e-07  5.980588134679113e-01 
 1.899824889085646e-07  5.980588134679113e-01 
 1.900024889085646e-07  5.980588134679113e-01 
 1.900224889085645e-07  5.980588134679113e-01 
 1.900424889085645e-07  5.980588134679113e-01 
 1.900624889085645e-07  5.980588134679113e-01 
 1.900824889085645e-07  5.980588134679113e-01 
 1.901024889085645e-07  5.980588134679113e-01 
 1.901224889085645e-07  5.980588134679113e-01 
 1.901424889085645e-07  5.980588134679113e-01 
 1.901624889085645e-07  5.980588134679113e-01 
 1.901824889085645e-07  5.980588134679113e-01 
 1.902024889085645e-07  5.980588134679113e-01 
 1.902224889085645e-07  5.980588134679113e-01 
 1.902424889085645e-07  5.980588134679113e-01 
 1.902624889085645e-07  5.980588134679113e-01 
 1.902824889085645e-07  5.980588134679113e-01 
 1.903024889085645e-07  5.980588134679113e-01 
 1.903224889085645e-07  5.980588134679113e-01 
 1.903424889085645e-07  5.980588134679113e-01 
 1.903624889085645e-07  5.980588134679113e-01 
 1.903824889085645e-07  5.980588134679113e-01 
 1.904024889085645e-07  5.980588134679113e-01 
 1.904224889085645e-07  5.980588134679113e-01 
 1.904424889085645e-07  5.980588134679113e-01 
 1.904624889085645e-07  5.980588134679113e-01 
 1.904824889085645e-07  5.980588134679113e-01 
 1.905024889085645e-07  5.980588134679113e-01 
 1.905224889085645e-07  5.980588134679113e-01 
 1.905424889085644e-07  5.980588134679113e-01 
 1.905624889085644e-07  5.980588134679113e-01 
 1.905824889085644e-07  5.980588134679113e-01 
 1.906024889085644e-07  5.980588134679113e-01 
 1.906224889085644e-07  5.980588134679113e-01 
 1.906424889085644e-07  5.980588134679113e-01 
 1.906624889085644e-07  5.980588134679113e-01 
 1.906824889085644e-07  5.980588134679113e-01 
 1.907024889085644e-07  5.980588134679113e-01 
 1.907224889085644e-07  5.980588134679113e-01 
 1.907424889085644e-07  5.980588134679113e-01 
 1.907624889085644e-07  5.980588134679113e-01 
 1.907824889085644e-07  5.980588134679113e-01 
 1.908024889085644e-07  5.980588134679113e-01 
 1.908224889085644e-07  5.980588134679113e-01 
 1.908424889085644e-07  5.980588134679113e-01 
 1.908624889085644e-07  5.980588134679113e-01 
 1.908824889085644e-07  5.980588134679113e-01 
 1.909024889085644e-07  5.980588134679113e-01 
 1.909224889085644e-07  5.980588134679113e-01 
 1.909424889085644e-07  5.980588134679113e-01 
 1.909624889085644e-07  5.980588134679113e-01 
 1.909824889085644e-07  5.980588134679113e-01 
 1.910024889085644e-07  5.980588134679113e-01 
 1.910224889085644e-07  5.980588134679113e-01 
 1.910424889085644e-07  5.980588134679113e-01 
 1.910624889085643e-07  5.980588134679113e-01 
 1.910824889085643e-07  5.980588134679113e-01 
 1.911024889085643e-07  5.980588134679113e-01 
 1.911224889085643e-07  5.980588134679113e-01 
 1.911424889085643e-07  5.980588134679113e-01 
 1.911624889085643e-07  5.980588134679113e-01 
 1.911824889085643e-07  5.980588134679113e-01 
 1.912024889085643e-07  5.980588134679113e-01 
 1.912224889085643e-07  5.980588134679113e-01 
 1.912424889085643e-07  5.980588134679113e-01 
 1.912624889085643e-07  5.980588134679113e-01 
 1.912824889085643e-07  5.980588134679113e-01 
 1.913024889085643e-07  5.980588134679113e-01 
 1.913224889085643e-07  5.980588134679113e-01 
 1.913424889085643e-07  5.980588134679113e-01 
 1.913624889085643e-07  5.980588134679113e-01 
 1.913824889085643e-07  5.980588134679113e-01 
 1.914024889085643e-07  5.980588134679113e-01 
 1.914224889085643e-07  5.980588134679113e-01 
 1.914424889085643e-07  5.980588134679113e-01 
 1.914624889085643e-07  5.980588134679113e-01 
 1.914824889085643e-07  5.980588134679113e-01 
 1.915024889085643e-07  5.980588134679113e-01 
 1.915224889085643e-07  5.980588134679113e-01 
 1.915424889085643e-07  5.980588134679113e-01 
 1.915624889085643e-07  5.980588134679113e-01 
 1.915824889085643e-07  5.980588134679113e-01 
 1.916024889085642e-07  5.980588134679113e-01 
 1.916224889085642e-07  5.980588134679113e-01 
 1.916424889085642e-07  5.980588134679113e-01 
 1.916624889085642e-07  5.980588134679113e-01 
 1.916824889085642e-07  5.980588134679113e-01 
 1.917024889085642e-07  5.980588134679113e-01 
 1.917224889085642e-07  5.980588134679113e-01 
 1.917424889085642e-07  5.980588134679113e-01 
 1.917624889085642e-07  5.980588134679113e-01 
 1.917824889085642e-07  5.980588134679113e-01 
 1.918024889085642e-07  5.980588134679113e-01 
 1.918224889085642e-07  5.980588134679113e-01 
 1.918424889085642e-07  5.980588134679113e-01 
 1.918624889085642e-07  5.980588134679113e-01 
 1.918824889085642e-07  5.980588134679113e-01 
 1.919024889085642e-07  5.980588134679113e-01 
 1.919224889085642e-07  5.980588134679113e-01 
 1.919424889085642e-07  5.980588134679113e-01 
 1.919624889085642e-07  5.980588134679113e-01 
 1.919824889085642e-07  5.980588134679113e-01 
 1.920024889085642e-07  5.980588134679113e-01 
 1.920224889085642e-07  5.980588134679113e-01 
 1.920424889085642e-07  5.980588134679113e-01 
 1.920624889085642e-07  5.980588134679113e-01 
 1.920824889085642e-07  5.980588134679113e-01 
 1.921024889085642e-07  5.980588134679113e-01 
 1.921224889085641e-07  5.980588134679113e-01 
 1.921424889085641e-07  5.980588134679113e-01 
 1.921624889085641e-07  5.980588134679113e-01 
 1.921824889085641e-07  5.980588134679113e-01 
 1.922024889085641e-07  5.980588134679113e-01 
 1.922224889085641e-07  5.980588134679113e-01 
 1.922424889085641e-07  5.980588134679113e-01 
 1.922624889085641e-07  5.980588134679113e-01 
 1.922824889085641e-07  5.980588134679113e-01 
 1.923024889085641e-07  5.980588134679113e-01 
 1.923224889085641e-07  5.980588134679113e-01 
 1.923424889085641e-07  5.980588134679113e-01 
 1.923624889085641e-07  5.980588134679113e-01 
 1.923824889085641e-07  5.980588134679113e-01 
 1.924024889085641e-07  5.980588134679113e-01 
 1.924224889085641e-07  5.980588134679113e-01 
 1.924424889085641e-07  5.980588134679113e-01 
 1.924624889085641e-07  5.980588134679113e-01 
 1.924824889085641e-07  5.980588134679113e-01 
 1.925024889085641e-07  5.980588134679113e-01 
 1.925224889085641e-07  5.980588134679113e-01 
 1.925424889085641e-07  5.980588134679113e-01 
 1.925624889085641e-07  5.980588134679113e-01 
 1.925824889085641e-07  5.980588134679113e-01 
 1.926024889085641e-07  5.980588134679113e-01 
 1.926224889085641e-07  5.980588134679113e-01 
 1.926424889085640e-07  5.980588134679113e-01 
 1.926624889085640e-07  5.980588134679113e-01 
 1.926824889085640e-07  5.980588134679113e-01 
 1.927024889085640e-07  5.980588134679113e-01 
 1.927224889085640e-07  5.980588134679113e-01 
 1.927424889085640e-07  5.980588134679113e-01 
 1.927624889085640e-07  5.980588134679113e-01 
 1.927824889085640e-07  5.980588134679113e-01 
 1.928024889085640e-07  5.980588134679113e-01 
 1.928224889085640e-07  5.980588134679113e-01 
 1.928424889085640e-07  5.980588134679113e-01 
 1.928624889085640e-07  5.980588134679113e-01 
 1.928824889085640e-07  5.980588134679113e-01 
 1.929024889085640e-07  5.980588134679113e-01 
 1.929224889085640e-07  5.980588134679113e-01 
 1.929424889085640e-07  5.980588134679113e-01 
 1.929624889085640e-07  5.980588134679113e-01 
 1.929824889085640e-07  5.980588134679113e-01 
 1.930024889085640e-07  5.980588134679113e-01 
 1.930224889085640e-07  5.980588134679113e-01 
 1.930424889085640e-07  5.980588134679113e-01 
 1.930624889085640e-07  5.980588134679113e-01 
 1.930824889085640e-07  5.980588134679113e-01 
 1.931024889085640e-07  5.980588134679113e-01 
 1.931224889085640e-07  5.980588134679113e-01 
 1.931424889085640e-07  5.980588134679113e-01 
 1.931624889085640e-07  5.980588134679113e-01 
 1.931824889085639e-07  5.980588134679113e-01 
 1.932024889085639e-07  5.980588134679113e-01 
 1.932224889085639e-07  5.980588134679113e-01 
 1.932424889085639e-07  5.980588134679113e-01 
 1.932624889085639e-07  5.980588134679113e-01 
 1.932824889085639e-07  5.980588134679113e-01 
 1.933024889085639e-07  5.980588134679113e-01 
 1.933224889085639e-07  5.980588134679113e-01 
 1.933424889085639e-07  5.980588134679113e-01 
 1.933624889085639e-07  5.980588134679113e-01 
 1.933824889085639e-07  5.980588134679113e-01 
 1.934024889085639e-07  5.980588134679113e-01 
 1.934224889085639e-07  5.980588134679113e-01 
 1.934424889085639e-07  5.980588134679113e-01 
 1.934624889085639e-07  5.980588134679113e-01 
 1.934824889085639e-07  5.980588134679113e-01 
 1.935024889085639e-07  5.980588134679113e-01 
 1.935224889085639e-07  5.980588134679113e-01 
 1.935424889085639e-07  5.980588134679113e-01 
 1.935624889085639e-07  5.980588134679113e-01 
 1.935824889085639e-07  5.980588134679113e-01 
 1.936024889085639e-07  5.980588134679113e-01 
 1.936224889085639e-07  5.980588134679113e-01 
 1.936424889085639e-07  5.980588134679113e-01 
 1.936624889085639e-07  5.980588134679113e-01 
 1.936824889085639e-07  5.980588134679113e-01 
 1.937024889085638e-07  5.980588134679113e-01 
 1.937224889085638e-07  5.980588134679113e-01 
 1.937424889085638e-07  5.980588134679113e-01 
 1.937624889085638e-07  5.980588134679113e-01 
 1.937824889085638e-07  5.980588134679113e-01 
 1.938024889085638e-07  5.980588134679113e-01 
 1.938224889085638e-07  5.980588134679113e-01 
 1.938424889085638e-07  5.980588134679113e-01 
 1.938624889085638e-07  5.980588134679113e-01 
 1.938824889085638e-07  5.980588134679113e-01 
 1.939024889085638e-07  5.980588134679113e-01 
 1.939224889085638e-07  5.980588134679113e-01 
 1.939424889085638e-07  5.980588134679113e-01 
 1.939624889085638e-07  5.980588134679113e-01 
 1.939824889085638e-07  5.980588134679113e-01 
 1.940024889085638e-07  5.980588134679113e-01 
 1.940224889085638e-07  5.980588134679113e-01 
 1.940424889085638e-07  5.980588134679113e-01 
 1.940624889085638e-07  5.980588134679113e-01 
 1.940824889085638e-07  5.980588134679113e-01 
 1.941024889085638e-07  5.980588134679113e-01 
 1.941224889085638e-07  5.980588134679113e-01 
 1.941424889085638e-07  5.980588134679113e-01 
 1.941624889085638e-07  5.980588134679113e-01 
 1.941824889085638e-07  5.980588134679113e-01 
 1.942024889085638e-07  5.980588134679113e-01 
 1.942224889085638e-07  5.980588134679113e-01 
 1.942424889085637e-07  5.980588134679113e-01 
 1.942624889085637e-07  5.980588134679113e-01 
 1.942824889085637e-07  5.980588134679113e-01 
 1.943024889085637e-07  5.980588134679113e-01 
 1.943224889085637e-07  5.980588134679113e-01 
 1.943424889085637e-07  5.980588134679113e-01 
 1.943624889085637e-07  5.980588134679113e-01 
 1.943824889085637e-07  5.980588134679113e-01 
 1.944024889085637e-07  5.980588134679113e-01 
 1.944224889085637e-07  5.980588134679113e-01 
 1.944424889085637e-07  5.980588134679113e-01 
 1.944624889085637e-07  5.980588134679113e-01 
 1.944824889085637e-07  5.980588134679113e-01 
 1.945024889085637e-07  5.980588134679113e-01 
 1.945224889085637e-07  5.980588134679113e-01 
 1.945424889085637e-07  5.980588134679113e-01 
 1.945624889085637e-07  5.980588134679113e-01 
 1.945824889085637e-07  5.980588134679113e-01 
 1.946024889085637e-07  5.980588134679113e-01 
 1.946224889085637e-07  5.980588134679113e-01 
 1.946424889085637e-07  5.980588134679113e-01 
 1.946624889085637e-07  5.980588134679113e-01 
 1.946824889085637e-07  5.980588134679113e-01 
 1.947024889085637e-07  5.980588134679113e-01 
 1.947224889085637e-07  5.980588134679113e-01 
 1.947424889085637e-07  5.980588134679113e-01 
 1.947624889085636e-07  5.980588134679113e-01 
 1.947824889085636e-07  5.980588134679113e-01 
 1.948024889085636e-07  5.980588134679113e-01 
 1.948224889085636e-07  5.980588134679113e-01 
 1.948424889085636e-07  5.980588134679113e-01 
 1.948624889085636e-07  5.980588134679113e-01 
 1.948824889085636e-07  5.980588134679113e-01 
 1.949024889085636e-07  5.980588134679113e-01 
 1.949224889085636e-07  5.980588134679113e-01 
 1.949424889085636e-07  5.980588134679113e-01 
 1.949624889085636e-07  5.980588134679113e-01 
 1.949824889085636e-07  5.980588134679113e-01 
 1.950024889085636e-07  5.980588134679113e-01 
 1.950224889085636e-07  5.980588134679113e-01 
 1.950424889085636e-07  5.980588134679113e-01 
 1.950624889085636e-07  5.980588134679113e-01 
 1.950824889085636e-07  5.980588134679113e-01 
 1.951024889085636e-07  5.980588134679113e-01 
 1.951224889085636e-07  5.980588134679113e-01 
 1.951424889085636e-07  5.980588134679113e-01 
 1.951624889085636e-07  5.980588134679113e-01 
 1.951824889085636e-07  5.980588134679113e-01 
 1.952024889085636e-07  5.980588134679113e-01 
 1.952224889085636e-07  5.980588134679113e-01 
 1.952424889085636e-07  5.980588134679113e-01 
 1.952624889085636e-07  5.980588134679113e-01 
 1.952824889085635e-07  5.980588134679113e-01 
 1.953024889085635e-07  5.980588134679113e-01 
 1.953224889085635e-07  5.980588134679113e-01 
 1.953424889085635e-07  5.980588134679113e-01 
 1.953624889085635e-07  5.980588134679113e-01 
 1.953824889085635e-07  5.980588134679113e-01 
 1.954024889085635e-07  5.980588134679113e-01 
 1.954224889085635e-07  5.980588134679113e-01 
 1.954424889085635e-07  5.980588134679113e-01 
 1.954624889085635e-07  5.980588134679113e-01 
 1.954824889085635e-07  5.980588134679113e-01 
 1.955024889085635e-07  5.980588134679113e-01 
 1.955224889085635e-07  5.980588134679113e-01 
 1.955424889085635e-07  5.980588134679113e-01 
 1.955624889085635e-07  5.980588134679113e-01 
 1.955824889085635e-07  5.980588134679113e-01 
 1.956024889085635e-07  5.980588134679113e-01 
 1.956224889085635e-07  5.980588134679113e-01 
 1.956424889085635e-07  5.980588134679113e-01 
 1.956624889085635e-07  5.980588134679113e-01 
 1.956824889085635e-07  5.980588134679113e-01 
 1.957024889085635e-07  5.980588134679113e-01 
 1.957224889085635e-07  5.980588134679113e-01 
 1.957424889085635e-07  5.980588134679113e-01 
 1.957624889085635e-07  5.980588134679113e-01 
 1.957824889085635e-07  5.980588134679113e-01 
 1.958024889085635e-07  5.980588134679113e-01 
 1.958224889085634e-07  5.980588134679113e-01 
 1.958424889085634e-07  5.980588134679113e-01 
 1.958624889085634e-07  5.980588134679113e-01 
 1.958824889085634e-07  5.980588134679113e-01 
 1.959024889085634e-07  5.980588134679113e-01 
 1.959224889085634e-07  5.980588134679113e-01 
 1.959424889085634e-07  5.980588134679113e-01 
 1.959624889085634e-07  5.980588134679113e-01 
 1.959824889085634e-07  5.980588134679113e-01 
 1.960024889085634e-07  5.980588134679113e-01 
 1.960224889085634e-07  5.980588134679113e-01 
 1.960424889085634e-07  5.980588134679113e-01 
 1.960624889085634e-07  5.980588134679113e-01 
 1.960824889085634e-07  5.980588134679113e-01 
 1.961024889085634e-07  5.980588134679113e-01 
 1.961224889085634e-07  5.980588134679113e-01 
 1.961424889085634e-07  5.980588134679113e-01 
 1.961624889085634e-07  5.980588134679113e-01 
 1.961824889085634e-07  5.980588134679113e-01 
 1.962024889085634e-07  5.980588134679113e-01 
 1.962224889085634e-07  5.980588134679113e-01 
 1.962424889085634e-07  5.980588134679113e-01 
 1.962624889085634e-07  5.980588134679113e-01 
 1.962824889085634e-07  5.980588134679113e-01 
 1.963024889085634e-07  5.980588134679113e-01 
 1.963224889085634e-07  5.980588134679113e-01 
 1.963424889085633e-07  5.980588134679113e-01 
 1.963624889085633e-07  5.980588134679113e-01 
 1.963824889085633e-07  5.980588134679113e-01 
 1.964024889085633e-07  5.980588134679113e-01 
 1.964224889085633e-07  5.980588134679113e-01 
 1.964424889085633e-07  5.980588134679113e-01 
 1.964624889085633e-07  5.980588134679113e-01 
 1.964824889085633e-07  5.980588134679113e-01 
 1.965024889085633e-07  5.980588134679113e-01 
 1.965224889085633e-07  5.980588134679113e-01 
 1.965424889085633e-07  5.980588134679113e-01 
 1.965624889085633e-07  5.980588134679113e-01 
 1.965824889085633e-07  5.980588134679113e-01 
 1.966024889085633e-07  5.980588134679113e-01 
 1.966224889085633e-07  5.980588134679113e-01 
 1.966424889085633e-07  5.980588134679113e-01 
 1.966624889085633e-07  5.980588134679113e-01 
 1.966824889085633e-07  5.980588134679113e-01 
 1.967024889085633e-07  5.980588134679113e-01 
 1.967224889085633e-07  5.980588134679113e-01 
 1.967424889085633e-07  5.980588134679113e-01 
 1.967624889085633e-07  5.980588134679113e-01 
 1.967824889085633e-07  5.980588134679113e-01 
 1.968024889085633e-07  5.980588134679113e-01 
 1.968224889085633e-07  5.980588134679113e-01 
 1.968424889085633e-07  5.980588134679113e-01 
 1.968624889085632e-07  5.980588134679113e-01 
 1.968824889085632e-07  5.980588134679113e-01 
 1.969024889085632e-07  5.980588134679113e-01 
 1.969224889085632e-07  5.980588134679113e-01 
 1.969424889085632e-07  5.980588134679113e-01 
 1.969624889085632e-07  5.980588134679113e-01 
 1.969824889085632e-07  5.980588134679113e-01 
 1.970024889085632e-07  5.980588134679113e-01 
 1.970224889085632e-07  5.980588134679113e-01 
 1.970424889085632e-07  5.980588134679113e-01 
 1.970624889085632e-07  5.980588134679113e-01 
 1.970824889085632e-07  5.980588134679113e-01 
 1.971024889085632e-07  5.980588134679113e-01 
 1.971224889085632e-07  5.980588134679113e-01 
 1.971424889085632e-07  5.980588134679113e-01 
 1.971624889085632e-07  5.980588134679113e-01 
 1.971824889085632e-07  5.980588134679113e-01 
 1.972024889085632e-07  5.980588134679113e-01 
 1.972224889085632e-07  5.980588134679113e-01 
 1.972424889085632e-07  5.980588134679113e-01 
 1.972624889085632e-07  5.980588134679113e-01 
 1.972824889085632e-07  5.980588134679113e-01 
 1.973024889085632e-07  5.980588134679113e-01 
 1.973224889085632e-07  5.980588134679113e-01 
 1.973424889085632e-07  5.980588134679113e-01 
 1.973624889085632e-07  5.980588134679113e-01 
 1.973824889085632e-07  5.980588134679113e-01 
 1.974024889085631e-07  5.980588134679113e-01 
 1.974224889085631e-07  5.980588134679113e-01 
 1.974424889085631e-07  5.980588134679113e-01 
 1.974624889085631e-07  5.980588134679113e-01 
 1.974824889085631e-07  5.980588134679113e-01 
 1.975024889085631e-07  5.980588134679113e-01 
 1.975224889085631e-07  5.980588134679113e-01 
 1.975424889085631e-07  5.980588134679113e-01 
 1.975624889085631e-07  5.980588134679113e-01 
 1.975824889085631e-07  5.980588134679113e-01 
 1.976024889085631e-07  5.980588134679113e-01 
 1.976224889085631e-07  5.980588134679113e-01 
 1.976424889085631e-07  5.980588134679113e-01 
 1.976624889085631e-07  5.980588134679113e-01 
 1.976824889085631e-07  5.980588134679113e-01 
 1.977024889085631e-07  5.980588134679113e-01 
 1.977224889085631e-07  5.980588134679113e-01 
 1.977424889085631e-07  5.980588134679113e-01 
 1.977624889085631e-07  5.980588134679113e-01 
 1.977824889085631e-07  5.980588134679113e-01 
 1.978024889085631e-07  5.980588134679113e-01 
 1.978224889085631e-07  5.980588134679113e-01 
 1.978424889085631e-07  5.980588134679113e-01 
 1.978624889085631e-07  5.980588134679113e-01 
 1.978824889085631e-07  5.980588134679113e-01 
 1.979024889085631e-07  5.980588134679113e-01 
 1.979224889085630e-07  5.980588134679113e-01 
 1.979424889085630e-07  5.980588134679113e-01 
 1.979624889085630e-07  5.980588134679113e-01 
 1.979824889085630e-07  5.980588134679113e-01 
 1.980024889085630e-07  5.980588134679113e-01 
 1.980224889085630e-07  5.980588134679113e-01 
 1.980424889085630e-07  5.980588134679113e-01 
 1.980624889085630e-07  5.980588134679113e-01 
 1.980824889085630e-07  5.980588134679113e-01 
 1.981024889085630e-07  5.980588134679113e-01 
 1.981224889085630e-07  5.980588134679113e-01 
 1.981424889085630e-07  5.980588134679113e-01 
 1.981624889085630e-07  5.980588134679113e-01 
 1.981824889085630e-07  5.980588134679113e-01 
 1.982024889085630e-07  5.980588134679113e-01 
 1.982224889085630e-07  5.980588134679113e-01 
 1.982424889085630e-07  5.980588134679113e-01 
 1.982624889085630e-07  5.980588134679113e-01 
 1.982824889085630e-07  5.980588134679113e-01 
 1.983024889085630e-07  5.980588134679113e-01 
 1.983224889085630e-07  5.980588134679113e-01 
 1.983424889085630e-07  5.980588134679113e-01 
 1.983624889085630e-07  5.980588134679113e-01 
 1.983824889085630e-07  5.980588134679113e-01 
 1.984024889085630e-07  5.980588134679113e-01 
 1.984224889085630e-07  5.980588134679113e-01 
 1.984424889085630e-07  5.980588134679113e-01 
 1.984624889085629e-07  5.980588134679113e-01 
 1.984824889085629e-07  5.980588134679113e-01 
 1.985024889085629e-07  5.980588134679113e-01 
 1.985224889085629e-07  5.980588134679113e-01 
 1.985424889085629e-07  5.980588134679113e-01 
 1.985624889085629e-07  5.980588134679113e-01 
 1.985824889085629e-07  5.980588134679113e-01 
 1.986024889085629e-07  5.980588134679113e-01 
 1.986224889085629e-07  5.980588134679113e-01 
 1.986424889085629e-07  5.980588134679113e-01 
 1.986624889085629e-07  5.980588134679113e-01 
 1.986824889085629e-07  5.980588134679113e-01 
 1.987024889085629e-07  5.980588134679113e-01 
 1.987224889085629e-07  5.980588134679113e-01 
 1.987424889085629e-07  5.980588134679113e-01 
 1.987624889085629e-07  5.980588134679113e-01 
 1.987824889085629e-07  5.980588134679113e-01 
 1.988024889085629e-07  5.980588134679113e-01 
 1.988224889085629e-07  5.980588134679113e-01 
 1.988424889085629e-07  5.980588134679113e-01 
 1.988624889085629e-07  5.980588134679113e-01 
 1.988824889085629e-07  5.980588134679113e-01 
 1.989024889085629e-07  5.980588134679113e-01 
 1.989224889085629e-07  5.980588134679113e-01 
 1.989424889085629e-07  5.980588134679113e-01 
 1.989624889085629e-07  5.980588134679113e-01 
 1.989824889085628e-07  5.980588134679113e-01 
 1.990024889085628e-07  5.980588134679113e-01 
 1.990224889085628e-07  5.980588134679113e-01 
 1.990424889085628e-07  5.980588134679113e-01 
 1.990624889085628e-07  5.980588134679113e-01 
 1.990824889085628e-07  5.980588134679113e-01 
 1.991024889085628e-07  5.980588134679113e-01 
 1.991224889085628e-07  5.980588134679113e-01 
 1.991424889085628e-07  5.980588134679113e-01 
 1.991624889085628e-07  5.980588134679113e-01 
 1.991824889085628e-07  5.980588134679113e-01 
 1.992024889085628e-07  5.980588134679113e-01 
 1.992224889085628e-07  5.980588134679113e-01 
 1.992424889085628e-07  5.980588134679113e-01 
 1.992624889085628e-07  5.980588134679113e-01 
 1.992824889085628e-07  5.980588134679113e-01 
 1.993024889085628e-07  5.980588134679113e-01 
 1.993224889085628e-07  5.980588134679113e-01 
 1.993424889085628e-07  5.980588134679113e-01 
 1.993624889085628e-07  5.980588134679113e-01 
 1.993824889085628e-07  5.980588134679113e-01 
 1.994024889085628e-07  5.980588134679113e-01 
 1.994224889085628e-07  5.980588134679113e-01 
 1.994424889085628e-07  5.980588134679113e-01 
 1.994624889085628e-07  5.980588134679113e-01 
 1.994824889085628e-07  5.980588134679113e-01 
 1.995024889085627e-07  5.980588134679113e-01 
 1.995224889085627e-07  5.980588134679113e-01 
 1.995424889085627e-07  5.980588134679113e-01 
 1.995624889085627e-07  5.980588134679113e-01 
 1.995824889085627e-07  5.980588134679113e-01 
 1.996024889085627e-07  5.980588134679113e-01 
 1.996224889085627e-07  5.980588134679113e-01 
 1.996424889085627e-07  5.980588134679113e-01 
 1.996624889085627e-07  5.980588134679113e-01 
 1.996824889085627e-07  5.980588134679113e-01 
 1.997024889085627e-07  5.980588134679113e-01 
 1.997224889085627e-07  5.980588134679113e-01 
 1.997424889085627e-07  5.980588134679113e-01 
 1.997624889085627e-07  5.980588134679113e-01 
 1.997824889085627e-07  5.980588134679113e-01 
 1.998024889085627e-07  5.980588134679113e-01 
 1.998224889085627e-07  5.980588134679113e-01 
 1.998424889085627e-07  5.980588134679113e-01 
 1.998624889085627e-07  5.980588134679113e-01 
 1.998824889085627e-07  5.980588134679113e-01 
 1.999024889085627e-07  5.980588134679113e-01 
 1.999224889085627e-07  5.980588134679113e-01 
 1.999424889085627e-07  5.980588134679113e-01 
 1.999624889085627e-07  5.980588134679113e-01 
 1.999824889085627e-07  5.980588134679113e-01 
 2.000024889085627e-07  5.980588134679113e-01 
 2.000224889085627e-07  5.980588134679113e-01 
 2.000424889085626e-07  5.980588134679113e-01 
 2.000624889085626e-07  5.980588134679113e-01 
 2.000824889085626e-07  5.980588134679113e-01 
 2.001024889085626e-07  5.980588134679113e-01 
 2.001224889085626e-07  5.980588134679113e-01 
 2.001424889085626e-07  5.980588134679113e-01 
 2.001624889085626e-07  5.980588134679113e-01 
 2.001824889085626e-07  5.980588134679113e-01 
 2.002024889085626e-07  5.980588134679113e-01 
 2.002224889085626e-07  5.980588134679113e-01 
 2.002424889085626e-07  5.980588134679113e-01 
 2.002624889085626e-07  5.980588134679113e-01 
 2.002824889085626e-07  5.980588134679113e-01 
 2.003024889085626e-07  5.980588134679113e-01 
 2.003224889085626e-07  5.980588134679113e-01 
 2.003424889085626e-07  5.980588134679113e-01 
 2.003624889085626e-07  5.980588134679113e-01 
 2.003824889085626e-07  5.980588134679113e-01 
 2.004024889085626e-07  5.980588134679113e-01 
 2.004224889085626e-07  5.980588134679113e-01 
 2.004424889085626e-07  5.980588134679113e-01 
 2.004624889085626e-07  5.980588134679113e-01 
 2.004824889085626e-07  5.980588134679113e-01 
 2.005024889085626e-07  5.980588134679113e-01 
 2.005224889085626e-07  5.980588134679113e-01 
 2.005424889085626e-07  5.980588134679113e-01 
 2.005624889085625e-07  5.980588134679113e-01 
 2.005824889085625e-07  5.980588134679113e-01 
 2.006024889085625e-07  5.980588134679113e-01 
 2.006224889085625e-07  5.980588134679113e-01 
 2.006424889085625e-07  5.980588134679113e-01 
 2.006624889085625e-07  5.980588134679113e-01 
 2.006824889085625e-07  5.980588134679113e-01 
 2.007024889085625e-07  5.980588134679113e-01 
 2.007224889085625e-07  5.980588134679113e-01 
 2.007424889085625e-07  5.980588134679113e-01 
 2.007624889085625e-07  5.980588134679113e-01 
 2.007824889085625e-07  5.980588134679113e-01 
 2.008024889085625e-07  5.980588134679113e-01 
 2.008224889085625e-07  5.980588134679113e-01 
 2.008424889085625e-07  5.980588134679113e-01 
 2.008624889085625e-07  5.980588134679113e-01 
 2.008824889085625e-07  5.980588134679113e-01 
 2.009024889085625e-07  5.980588134679113e-01 
 2.009224889085625e-07  5.980588134679113e-01 
 2.009424889085625e-07  5.980588134679113e-01 
 2.009624889085625e-07  5.980588134679113e-01 
 2.009824889085625e-07  5.980588134679113e-01 
 2.010024889085625e-07  5.980588134679113e-01 
 2.010224889085625e-07  5.980588134679113e-01 
 2.010424889085625e-07  5.980588134679113e-01 
 2.010624889085625e-07  5.980588134679113e-01 
 2.010824889085624e-07  5.980588134679113e-01 
 2.011024889085624e-07  5.980588134679113e-01 
 2.011224889085624e-07  5.980588134679113e-01 
 2.011424889085624e-07  5.980588134679113e-01 
 2.011624889085624e-07  5.980588134679113e-01 
 2.011824889085624e-07  5.980588134679113e-01 
 2.012024889085624e-07  5.980588134679113e-01 
 2.012224889085624e-07  5.980588134679113e-01 
 2.012424889085624e-07  5.980588134679113e-01 
 2.012624889085624e-07  5.980588134679113e-01 
 2.012824889085624e-07  5.980588134679113e-01 
 2.013024889085624e-07  5.980588134679113e-01 
 2.013224889085624e-07  5.980588134679113e-01 
 2.013424889085624e-07  5.980588134679113e-01 
 2.013624889085624e-07  5.980588134679113e-01 
 2.013824889085624e-07  5.980588134679113e-01 
 2.014024889085624e-07  5.980588134679113e-01 
 2.014224889085624e-07  5.980588134679113e-01 
 2.014424889085624e-07  5.980588134679113e-01 
 2.014624889085624e-07  5.980588134679113e-01 
 2.014824889085624e-07  5.980588134679113e-01 
 2.015024889085624e-07  5.980588134679113e-01 
 2.015224889085624e-07  5.980588134679113e-01 
 2.015424889085624e-07  5.980588134679113e-01 
 2.015624889085624e-07  5.980588134679113e-01 
 2.015824889085624e-07  5.980588134679113e-01 
 2.016024889085624e-07  5.980588134679113e-01 
 2.016224889085623e-07  5.980588134679113e-01 
 2.016424889085623e-07  5.980588134679113e-01 
 2.016624889085623e-07  5.980588134679113e-01 
 2.016824889085623e-07  5.980588134679113e-01 
 2.017024889085623e-07  5.980588134679113e-01 
 2.017224889085623e-07  5.980588134679113e-01 
 2.017424889085623e-07  5.980588134679113e-01 
 2.017624889085623e-07  5.980588134679113e-01 
 2.017824889085623e-07  5.980588134679113e-01 
 2.018024889085623e-07  5.980588134679113e-01 
 2.018224889085623e-07  5.980588134679113e-01 
 2.018424889085623e-07  5.980588134679113e-01 
 2.018624889085623e-07  5.980588134679113e-01 
 2.018824889085623e-07  5.980588134679113e-01 
 2.019024889085623e-07  5.980588134679113e-01 
 2.019224889085623e-07  5.980588134679113e-01 
 2.019424889085623e-07  5.980588134679113e-01 
 2.019624889085623e-07  5.980588134679113e-01 
 2.019824889085623e-07  5.980588134679113e-01 
 2.020024889085623e-07  5.980588134679113e-01 
 2.020224889085623e-07  5.980588134679113e-01 
 2.020424889085623e-07  5.980588134679113e-01 
 2.020624889085623e-07  5.980588134679113e-01 
 2.020824889085623e-07  5.980588134679113e-01 
 2.021024889085623e-07  5.980588134679113e-01 
 2.021224889085623e-07  5.980588134679113e-01 
 2.021424889085622e-07  5.980588134679113e-01 
 2.021624889085622e-07  5.980588134679113e-01 
 2.021824889085622e-07  5.980588134679113e-01 
 2.022024889085622e-07  5.980588134679113e-01 
 2.022224889085622e-07  5.980588134679113e-01 
 2.022424889085622e-07  5.980588134679113e-01 
 2.022624889085622e-07  5.980588134679113e-01 
 2.022824889085622e-07  5.980588134679113e-01 
 2.023024889085622e-07  5.980588134679113e-01 
 2.023224889085622e-07  5.980588134679113e-01 
 2.023424889085622e-07  5.980588134679113e-01 
 2.023624889085622e-07  5.980588134679113e-01 
 2.023824889085622e-07  5.980588134679113e-01 
 2.024024889085622e-07  5.980588134679113e-01 
 2.024224889085622e-07  5.980588134679113e-01 
 2.024424889085622e-07  5.980588134679113e-01 
 2.024624889085622e-07  5.980588134679113e-01 
 2.024824889085622e-07  5.980588134679113e-01 
 2.025024889085622e-07  5.980588134679113e-01 
 2.025224889085622e-07  5.980588134679113e-01 
 2.025424889085622e-07  5.980588134679113e-01 
 2.025624889085622e-07  5.980588134679113e-01 
 2.025824889085622e-07  5.980588134679113e-01 
 2.026024889085622e-07  5.980588134679113e-01 
 2.026224889085622e-07  5.980588134679113e-01 
 2.026424889085622e-07  5.980588134679113e-01 
 2.026624889085622e-07  5.980588134679113e-01 
 2.026824889085621e-07  5.980588134679113e-01 
 2.027024889085621e-07  5.980588134679113e-01 
 2.027224889085621e-07  5.980588134679113e-01 
 2.027424889085621e-07  5.980588134679113e-01 
 2.027624889085621e-07  5.980588134679113e-01 
 2.027824889085621e-07  5.980588134679113e-01 
 2.028024889085621e-07  5.980588134679113e-01 
 2.028224889085621e-07  5.980588134679113e-01 
 2.028424889085621e-07  5.980588134679113e-01 
 2.028624889085621e-07  5.980588134679113e-01 
 2.028824889085621e-07  5.980588134679113e-01 
 2.029024889085621e-07  5.980588134679113e-01 
 2.029224889085621e-07  5.980588134679113e-01 
 2.029424889085621e-07  5.980588134679113e-01 
 2.029624889085621e-07  5.980588134679113e-01 
 2.029824889085621e-07  5.980588134679113e-01 
 2.030024889085621e-07  5.980588134679113e-01 
 2.030224889085621e-07  5.980588134679113e-01 
 2.030424889085621e-07  5.980588134679113e-01 
 2.030624889085621e-07  5.980588134679113e-01 
 2.030824889085621e-07  5.980588134679113e-01 
 2.031024889085621e-07  5.980588134679113e-01 
 2.031224889085621e-07  5.980588134679113e-01 
 2.031424889085621e-07  5.980588134679113e-01 
 2.031624889085621e-07  5.980588134679113e-01 
 2.031824889085621e-07  5.980588134679113e-01 
 2.032024889085620e-07  5.980588134679113e-01 
 2.032224889085620e-07  5.980588134679113e-01 
 2.032424889085620e-07  5.980588134679113e-01 
 2.032624889085620e-07  5.980588134679113e-01 
 2.032824889085620e-07  5.980588134679113e-01 
 2.033024889085620e-07  5.980588134679113e-01 
 2.033224889085620e-07  5.980588134679113e-01 
 2.033424889085620e-07  5.980588134679113e-01 
 2.033624889085620e-07  5.980588134679113e-01 
 2.033824889085620e-07  5.980588134679113e-01 
 2.034024889085620e-07  5.980588134679113e-01 
 2.034224889085620e-07  5.980588134679113e-01 
 2.034424889085620e-07  5.980588134679113e-01 
 2.034624889085620e-07  5.980588134679113e-01 
 2.034824889085620e-07  5.980588134679113e-01 
 2.035024889085620e-07  5.980588134679113e-01 
 2.035224889085620e-07  5.980588134679113e-01 
 2.035424889085620e-07  5.980588134679113e-01 
 2.035624889085620e-07  5.980588134679113e-01 
 2.035824889085620e-07  5.980588134679113e-01 
 2.036024889085620e-07  5.980588134679113e-01 
 2.036224889085620e-07  5.980588134679113e-01 
 2.036424889085620e-07  5.980588134679113e-01 
 2.036624889085620e-07  5.980588134679113e-01 
 2.036824889085620e-07  5.980588134679113e-01 
 2.037024889085620e-07  5.980588134679113e-01 
 2.037224889085619e-07  5.980588134679113e-01 
 2.037424889085619e-07  5.980588134679113e-01 
 2.037624889085619e-07  5.980588134679113e-01 
 2.037824889085619e-07  5.980588134679113e-01 
 2.038024889085619e-07  5.980588134679113e-01 
 2.038224889085619e-07  5.980588134679113e-01 
 2.038424889085619e-07  5.980588134679113e-01 
 2.038624889085619e-07  5.980588134679113e-01 
 2.038824889085619e-07  5.980588134679113e-01 
 2.039024889085619e-07  5.980588134679113e-01 
 2.039224889085619e-07  5.980588134679113e-01 
 2.039424889085619e-07  5.980588134679113e-01 
 2.039624889085619e-07  5.980588134679113e-01 
 2.039824889085619e-07  5.980588134679113e-01 
 2.040024889085619e-07  5.980588134679113e-01 
 2.040224889085619e-07  5.980588134679113e-01 
 2.040424889085619e-07  5.980588134679113e-01 
 2.040624889085619e-07  5.980588134679113e-01 
 2.040824889085619e-07  5.980588134679113e-01 
 2.041024889085619e-07  5.980588134679113e-01 
 2.041224889085619e-07  5.980588134679113e-01 
 2.041424889085619e-07  5.980588134679113e-01 
 2.041624889085619e-07  5.980588134679113e-01 
 2.041824889085619e-07  5.980588134679113e-01 
 2.042024889085619e-07  5.980588134679113e-01 
 2.042224889085619e-07  5.980588134679113e-01 
 2.042424889085619e-07  5.980588134679113e-01 
 2.042624889085618e-07  5.980588134679113e-01 
 2.042824889085618e-07  5.980588134679113e-01 
 2.043024889085618e-07  5.980588134679113e-01 
 2.043224889085618e-07  5.980588134679113e-01 
 2.043424889085618e-07  5.980588134679113e-01 
 2.043624889085618e-07  5.980588134679113e-01 
 2.043824889085618e-07  5.980588134679113e-01 
 2.044024889085618e-07  5.980588134679113e-01 
 2.044224889085618e-07  5.980588134679113e-01 
 2.044424889085618e-07  5.980588134679113e-01 
 2.044624889085618e-07  5.980588134679113e-01 
 2.044824889085618e-07  5.980588134679113e-01 
 2.045024889085618e-07  5.980588134679113e-01 
 2.045224889085618e-07  5.980588134679113e-01 
 2.045424889085618e-07  5.980588134679113e-01 
 2.045624889085618e-07  5.980588134679113e-01 
 2.045824889085618e-07  5.980588134679113e-01 
 2.046024889085618e-07  5.980588134679113e-01 
 2.046224889085618e-07  5.980588134679113e-01 
 2.046424889085618e-07  5.980588134679113e-01 
 2.046624889085618e-07  5.980588134679113e-01 
 2.046824889085618e-07  5.980588134679113e-01 
 2.047024889085618e-07  5.980588134679113e-01 
 2.047224889085618e-07  5.980588134679113e-01 
 2.047424889085618e-07  5.980588134679113e-01 
 2.047624889085618e-07  5.980588134679113e-01 
 2.047824889085617e-07  5.980588134679113e-01 
 2.048024889085617e-07  5.980588134679113e-01 
 2.048224889085617e-07  5.980588134679113e-01 
 2.048424889085617e-07  5.980588134679113e-01 
 2.048624889085617e-07  5.980588134679113e-01 
 2.048824889085617e-07  5.980588134679113e-01 
 2.049024889085617e-07  5.980588134679113e-01 
 2.049224889085617e-07  5.980588134679113e-01 
 2.049424889085617e-07  5.980588134679113e-01 
 2.049624889085617e-07  5.980588134679113e-01 
 2.049824889085617e-07  5.980588134679113e-01 
 2.050024889085617e-07  5.980588134679113e-01 
 2.050224889085617e-07  5.980588134679113e-01 
 2.050424889085617e-07  5.980588134679113e-01 
 2.050624889085617e-07  5.980588134679113e-01 
 2.050824889085617e-07  5.980588134679113e-01 
 2.051024889085617e-07  5.980588134679113e-01 
 2.051224889085617e-07  5.980588134679113e-01 
 2.051424889085617e-07  5.980588134679113e-01 
 2.051624889085617e-07  5.980588134679113e-01 
 2.051824889085617e-07  5.980588134679113e-01 
 2.052024889085617e-07  5.980588134679113e-01 
 2.052224889085617e-07  5.980588134679113e-01 
 2.052424889085617e-07  5.980588134679113e-01 
 2.052624889085617e-07  5.980588134679113e-01 
 2.052824889085617e-07  5.980588134679113e-01 
 2.053024889085616e-07  5.980588134679113e-01 
 2.053224889085616e-07  5.980588134679113e-01 
 2.053424889085616e-07  5.980588134679113e-01 
 2.053624889085616e-07  5.980588134679113e-01 
 2.053824889085616e-07  5.980588134679113e-01 
 2.054024889085616e-07  5.980588134679113e-01 
 2.054224889085616e-07  5.980588134679113e-01 
 2.054424889085616e-07  5.980588134679113e-01 
 2.054624889085616e-07  5.980588134679113e-01 
 2.054824889085616e-07  5.980588134679113e-01 
 2.055024889085616e-07  5.980588134679113e-01 
 2.055224889085616e-07  5.980588134679113e-01 
 2.055424889085616e-07  5.980588134679113e-01 
 2.055624889085616e-07  5.980588134679113e-01 
 2.055824889085616e-07  5.980588134679113e-01 
 2.056024889085616e-07  5.980588134679113e-01 
 2.056224889085616e-07  5.980588134679113e-01 
 2.056424889085616e-07  5.980588134679113e-01 
 2.056624889085616e-07  5.980588134679113e-01 
 2.056824889085616e-07  5.980588134679113e-01 
 2.057024889085616e-07  5.980588134679113e-01 
 2.057224889085616e-07  5.980588134679113e-01 
 2.057424889085616e-07  5.980588134679113e-01 
 2.057624889085616e-07  5.980588134679113e-01 
 2.057824889085616e-07  5.980588134679113e-01 
 2.058024889085616e-07  5.980588134679113e-01 
 2.058224889085616e-07  5.980588134679113e-01 
 2.058424889085615e-07  5.980588134679113e-01 
 2.058624889085615e-07  5.980588134679113e-01 
 2.058824889085615e-07  5.980588134679113e-01 
 2.059024889085615e-07  5.980588134679113e-01 
 2.059224889085615e-07  5.980588134679113e-01 
 2.059424889085615e-07  5.980588134679113e-01 
 2.059624889085615e-07  5.980588134679113e-01 
 2.059824889085615e-07  5.980588134679113e-01 
 2.060024889085615e-07  5.980588134679113e-01 
 2.060224889085615e-07  5.980588134679113e-01 
 2.060424889085615e-07  5.980588134679113e-01 
 2.060624889085615e-07  5.980588134679113e-01 
 2.060824889085615e-07  5.980588134679113e-01 
 2.061024889085615e-07  5.980588134679113e-01 
 2.061224889085615e-07  5.980588134679113e-01 
 2.061424889085615e-07  5.980588134679113e-01 
 2.061624889085615e-07  5.980588134679113e-01 
 2.061824889085615e-07  5.980588134679113e-01 
 2.062024889085615e-07  5.980588134679113e-01 
 2.062224889085615e-07  5.980588134679113e-01 
 2.062424889085615e-07  5.980588134679113e-01 
 2.062624889085615e-07  5.980588134679113e-01 
 2.062824889085615e-07  5.980588134679113e-01 
 2.063024889085615e-07  5.980588134679113e-01 
 2.063224889085615e-07  5.980588134679113e-01 
 2.063424889085615e-07  5.980588134679113e-01 
 2.063624889085614e-07  5.980588134679113e-01 
 2.063824889085614e-07  5.980588134679113e-01 
 2.064024889085614e-07  5.980588134679113e-01 
 2.064224889085614e-07  5.980588134679113e-01 
 2.064424889085614e-07  5.980588134679113e-01 
 2.064624889085614e-07  5.980588134679113e-01 
 2.064824889085614e-07  5.980588134679113e-01 
 2.065024889085614e-07  5.980588134679113e-01 
 2.065224889085614e-07  5.980588134679113e-01 
 2.065424889085614e-07  5.980588134679113e-01 
 2.065624889085614e-07  5.980588134679113e-01 
 2.065824889085614e-07  5.980588134679113e-01 
 2.066024889085614e-07  5.980588134679113e-01 
 2.066224889085614e-07  5.980588134679113e-01 
 2.066424889085614e-07  5.980588134679113e-01 
 2.066624889085614e-07  5.980588134679113e-01 
 2.066824889085614e-07  5.980588134679113e-01 
 2.067024889085614e-07  5.980588134679113e-01 
 2.067224889085614e-07  5.980588134679113e-01 
 2.067424889085614e-07  5.980588134679113e-01 
 2.067624889085614e-07  5.980588134679113e-01 
 2.067824889085614e-07  5.980588134679113e-01 
 2.068024889085614e-07  5.980588134679113e-01 
 2.068224889085614e-07  5.980588134679113e-01 
 2.068424889085614e-07  5.980588134679113e-01 
 2.068624889085614e-07  5.980588134679113e-01 
 2.068824889085614e-07  5.980588134679113e-01 
 2.069024889085613e-07  5.980588134679113e-01 
 2.069224889085613e-07  5.980588134679113e-01 
 2.069424889085613e-07  5.980588134679113e-01 
 2.069624889085613e-07  5.980588134679113e-01 
 2.069824889085613e-07  5.980588134679113e-01 
 2.070024889085613e-07  5.980588134679113e-01 
 2.070224889085613e-07  5.980588134679113e-01 
 2.070424889085613e-07  5.980588134679113e-01 
 2.070624889085613e-07  5.980588134679113e-01 
 2.070824889085613e-07  5.980588134679113e-01 
 2.071024889085613e-07  5.980588134679113e-01 
 2.071224889085613e-07  5.980588134679113e-01 
 2.071424889085613e-07  5.980588134679113e-01 
 2.071624889085613e-07  5.980588134679113e-01 
 2.071824889085613e-07  5.980588134679113e-01 
 2.072024889085613e-07  5.980588134679113e-01 
 2.072224889085613e-07  5.980588134679113e-01 
 2.072424889085613e-07  5.980588134679113e-01 
 2.072624889085613e-07  5.980588134679113e-01 
 2.072824889085613e-07  5.980588134679113e-01 
 2.073024889085613e-07  5.980588134679113e-01 
 2.073224889085613e-07  5.980588134679113e-01 
 2.073424889085613e-07  5.980588134679113e-01 
 2.073624889085613e-07  5.980588134679113e-01 
 2.073824889085613e-07  5.980588134679113e-01 
 2.074024889085613e-07  5.980588134679113e-01 
 2.074224889085612e-07  5.980588134679113e-01 
 2.074424889085612e-07  5.980588134679113e-01 
 2.074624889085612e-07  5.980588134679113e-01 
 2.074824889085612e-07  5.980588134679113e-01 
 2.075024889085612e-07  5.980588134679113e-01 
 2.075224889085612e-07  5.980588134679113e-01 
 2.075424889085612e-07  5.980588134679113e-01 
 2.075624889085612e-07  5.980588134679113e-01 
 2.075824889085612e-07  5.980588134679113e-01 
 2.076024889085612e-07  5.980588134679113e-01 
 2.076224889085612e-07  5.980588134679113e-01 
 2.076424889085612e-07  5.980588134679113e-01 
 2.076624889085612e-07  5.980588134679113e-01 
 2.076824889085612e-07  5.980588134679113e-01 
 2.077024889085612e-07  5.980588134679113e-01 
 2.077224889085612e-07  5.980588134679113e-01 
 2.077424889085612e-07  5.980588134679113e-01 
 2.077624889085612e-07  5.980588134679113e-01 
 2.077824889085612e-07  5.980588134679113e-01 
 2.078024889085612e-07  5.980588134679113e-01 
 2.078224889085612e-07  5.980588134679113e-01 
 2.078424889085612e-07  5.980588134679113e-01 
 2.078624889085612e-07  5.980588134679113e-01 
 2.078824889085612e-07  5.980588134679113e-01 
 2.079024889085612e-07  5.980588134679113e-01 
 2.079224889085612e-07  5.980588134679113e-01 
 2.079424889085611e-07  5.980588134679113e-01 
 2.079624889085611e-07  5.980588134679113e-01 
 2.079824889085611e-07  5.980588134679113e-01 
 2.080024889085611e-07  5.980588134679113e-01 
 2.080224889085611e-07  5.980588134679113e-01 
 2.080424889085611e-07  5.980588134679113e-01 
 2.080624889085611e-07  5.980588134679113e-01 
 2.080824889085611e-07  5.980588134679113e-01 
 2.081024889085611e-07  5.980588134679113e-01 
 2.081224889085611e-07  5.980588134679113e-01 
 2.081424889085611e-07  5.980588134679113e-01 
 2.081624889085611e-07  5.980588134679113e-01 
 2.081824889085611e-07  5.980588134679113e-01 
 2.082024889085611e-07  5.980588134679113e-01 
 2.082224889085611e-07  5.980588134679113e-01 
 2.082424889085611e-07  5.980588134679113e-01 
 2.082624889085611e-07  5.980588134679113e-01 
 2.082824889085611e-07  5.980588134679113e-01 
 2.083024889085611e-07  5.980588134679113e-01 
 2.083224889085611e-07  5.980588134679113e-01 
 2.083424889085611e-07  5.980588134679113e-01 
 2.083624889085611e-07  5.980588134679113e-01 
 2.083824889085611e-07  5.980588134679113e-01 
 2.084024889085611e-07  5.980588134679113e-01 
 2.084224889085611e-07  5.980588134679113e-01 
 2.084424889085611e-07  5.980588134679113e-01 
 2.084624889085611e-07  5.980588134679113e-01 
 2.084824889085610e-07  5.980588134679113e-01 
 2.085024889085610e-07  5.980588134679113e-01 
 2.085224889085610e-07  5.980588134679113e-01 
 2.085424889085610e-07  5.980588134679113e-01 
 2.085624889085610e-07  5.980588134679113e-01 
 2.085824889085610e-07  5.980588134679113e-01 
 2.086024889085610e-07  5.980588134679113e-01 
 2.086224889085610e-07  5.980588134679113e-01 
 2.086424889085610e-07  5.980588134679113e-01 
 2.086624889085610e-07  5.980588134679113e-01 
 2.086824889085610e-07  5.980588134679113e-01 
 2.087024889085610e-07  5.980588134679113e-01 
 2.087224889085610e-07  5.980588134679113e-01 
 2.087424889085610e-07  5.980588134679113e-01 
 2.087624889085610e-07  5.980588134679113e-01 
 2.087824889085610e-07  5.980588134679113e-01 
 2.088024889085610e-07  5.980588134679113e-01 
 2.088224889085610e-07  5.980588134679113e-01 
 2.088424889085610e-07  5.980588134679113e-01 
 2.088624889085610e-07  5.980588134679113e-01 
 2.088824889085610e-07  5.980588134679113e-01 
 2.089024889085610e-07  5.980588134679113e-01 
 2.089224889085610e-07  5.980588134679113e-01 
 2.089424889085610e-07  5.980588134679113e-01 
 2.089624889085610e-07  5.980588134679113e-01 
 2.089824889085610e-07  5.980588134679113e-01 
 2.090024889085609e-07  5.980588134679113e-01 
 2.090224889085609e-07  5.980588134679113e-01 
 2.090424889085609e-07  5.980588134679113e-01 
 2.090624889085609e-07  5.980588134679113e-01 
 2.090824889085609e-07  5.980588134679113e-01 
 2.091024889085609e-07  5.980588134679113e-01 
 2.091224889085609e-07  5.980588134679113e-01 
 2.091424889085609e-07  5.980588134679113e-01 
 2.091624889085609e-07  5.980588134679113e-01 
 2.091824889085609e-07  5.980588134679113e-01 
 2.092024889085609e-07  5.980588134679113e-01 
 2.092224889085609e-07  5.980588134679113e-01 
 2.092424889085609e-07  5.980588134679113e-01 
 2.092624889085609e-07  5.980588134679113e-01 
 2.092824889085609e-07  5.980588134679113e-01 
 2.093024889085609e-07  5.980588134679113e-01 
 2.093224889085609e-07  5.980588134679113e-01 
 2.093424889085609e-07  5.980588134679113e-01 
 2.093624889085609e-07  5.980588134679113e-01 
 2.093824889085609e-07  5.980588134679113e-01 
 2.094024889085609e-07  5.980588134679113e-01 
 2.094224889085609e-07  5.980588134679113e-01 
 2.094424889085609e-07  5.980588134679113e-01 
 2.094624889085609e-07  5.980588134679113e-01 
 2.094824889085609e-07  5.980588134679113e-01 
 2.095024889085609e-07  5.980588134679113e-01 
 2.095224889085608e-07  5.980588134679113e-01 
 2.095424889085608e-07  5.980588134679113e-01 
 2.095624889085608e-07  5.980588134679113e-01 
 2.095824889085608e-07  5.980588134679113e-01 
 2.096024889085608e-07  5.980588134679113e-01 
 2.096224889085608e-07  5.980588134679113e-01 
 2.096424889085608e-07  5.980588134679113e-01 
 2.096624889085608e-07  5.980588134679113e-01 
 2.096824889085608e-07  5.980588134679113e-01 
 2.097024889085608e-07  5.980588134679113e-01 
 2.097224889085608e-07  5.980588134679113e-01 
 2.097424889085608e-07  5.980588134679113e-01 
 2.097624889085608e-07  5.980588134679113e-01 
 2.097824889085608e-07  5.980588134679113e-01 
 2.098024889085608e-07  5.980588134679113e-01 
 2.098224889085608e-07  5.980588134679113e-01 
 2.098424889085608e-07  5.980588134679113e-01 
 2.098624889085608e-07  5.980588134679113e-01 
 2.098824889085608e-07  5.980588134679113e-01 
 2.099024889085608e-07  5.980588134679113e-01 
 2.099224889085608e-07  5.980588134679113e-01 
 2.099424889085608e-07  5.980588134679113e-01 
 2.099624889085608e-07  5.980588134679113e-01 
 2.099824889085608e-07  5.980588134679113e-01 
 2.100024889085608e-07  5.980588134679113e-01 
 2.100224889085608e-07  5.980588134679113e-01 
 2.100424889085608e-07  5.980588134679113e-01 
 2.100624889085607e-07  5.980588134679113e-01 
 2.100824889085607e-07  5.980588134679113e-01 
 2.101024889085607e-07  5.980588134679113e-01 
 2.101224889085607e-07  5.980588134679113e-01 
 2.101424889085607e-07  5.980588134679113e-01 
 2.101624889085607e-07  5.980588134679113e-01 
 2.101824889085607e-07  5.980588134679113e-01 
 2.102024889085607e-07  5.980588134679113e-01 
 2.102224889085607e-07  5.980588134679113e-01 
 2.102424889085607e-07  5.980588134679113e-01 
 2.102624889085607e-07  5.980588134679113e-01 
 2.102824889085607e-07  5.980588134679113e-01 
 2.103024889085607e-07  5.980588134679113e-01 
 2.103224889085607e-07  5.980588134679113e-01 
 2.103424889085607e-07  5.980588134679113e-01 
 2.103624889085607e-07  5.980588134679113e-01 
 2.103824889085607e-07  5.980588134679113e-01 
 2.104024889085607e-07  5.980588134679113e-01 
 2.104224889085607e-07  5.980588134679113e-01 
 2.104424889085607e-07  5.980588134679113e-01 
 2.104624889085607e-07  5.980588134679113e-01 
 2.104824889085607e-07  5.980588134679113e-01 
 2.105024889085607e-07  5.980588134679113e-01 
 2.105224889085607e-07  5.980588134679113e-01 
 2.105424889085607e-07  5.980588134679113e-01 
 2.105624889085607e-07  5.980588134679113e-01 
 2.105824889085606e-07  5.980588134679113e-01 
 2.106024889085606e-07  5.980588134679113e-01 
 2.106224889085606e-07  5.980588134679113e-01 
 2.106424889085606e-07  5.980588134679113e-01 
 2.106624889085606e-07  5.980588134679113e-01 
 2.106824889085606e-07  5.980588134679113e-01 
 2.107024889085606e-07  5.980588134679113e-01 
 2.107224889085606e-07  5.980588134679113e-01 
 2.107424889085606e-07  5.980588134679113e-01 
 2.107624889085606e-07  5.980588134679113e-01 
 2.107824889085606e-07  5.980588134679113e-01 
 2.108024889085606e-07  5.980588134679113e-01 
 2.108224889085606e-07  5.980588134679113e-01 
 2.108424889085606e-07  5.980588134679113e-01 
 2.108624889085606e-07  5.980588134679113e-01 
 2.108824889085606e-07  5.980588134679113e-01 
 2.109024889085606e-07  5.980588134679113e-01 
 2.109224889085606e-07  5.980588134679113e-01 
 2.109424889085606e-07  5.980588134679113e-01 
 2.109624889085606e-07  5.980588134679113e-01 
 2.109824889085606e-07  5.980588134679113e-01 
 2.110024889085606e-07  5.980588134679113e-01 
 2.110224889085606e-07  5.980588134679113e-01 
 2.110424889085606e-07  5.980588134679113e-01 
 2.110624889085606e-07  5.980588134679113e-01 
 2.110824889085606e-07  5.980588134679113e-01 
 2.111024889085606e-07  5.980588134679113e-01 
 2.111224889085605e-07  5.980588134679113e-01 
 2.111424889085605e-07  5.980588134679113e-01 
 2.111624889085605e-07  5.980588134679113e-01 
 2.111824889085605e-07  5.980588134679113e-01 
 2.112024889085605e-07  5.980588134679113e-01 
 2.112224889085605e-07  5.980588134679113e-01 
 2.112424889085605e-07  5.980588134679113e-01 
 2.112624889085605e-07  5.980588134679113e-01 
 2.112824889085605e-07  5.980588134679113e-01 
 2.113024889085605e-07  5.980588134679113e-01 
 2.113224889085605e-07  5.980588134679113e-01 
 2.113424889085605e-07  5.980588134679113e-01 
 2.113624889085605e-07  5.980588134679113e-01 
 2.113824889085605e-07  5.980588134679113e-01 
 2.114024889085605e-07  5.980588134679113e-01 
 2.114224889085605e-07  5.980588134679113e-01 
 2.114424889085605e-07  5.980588134679113e-01 
 2.114624889085605e-07  5.980588134679113e-01 
 2.114824889085605e-07  5.980588134679113e-01 
 2.115024889085605e-07  5.980588134679113e-01 
 2.115224889085605e-07  5.980588134679113e-01 
 2.115424889085605e-07  5.980588134679113e-01 
 2.115624889085605e-07  5.980588134679113e-01 
 2.115824889085605e-07  5.980588134679113e-01 
 2.116024889085605e-07  5.980588134679113e-01 
 2.116224889085605e-07  5.980588134679113e-01 
 2.116424889085604e-07  5.980588134679113e-01 
 2.116624889085604e-07  5.980588134679113e-01 
 2.116824889085604e-07  5.980588134679113e-01 
 2.117024889085604e-07  5.980588134679113e-01 
 2.117224889085604e-07  5.980588134679113e-01 
 2.117424889085604e-07  5.980588134679113e-01 
 2.117624889085604e-07  5.980588134679113e-01 
 2.117824889085604e-07  5.980588134679113e-01 
 2.118024889085604e-07  5.980588134679113e-01 
 2.118224889085604e-07  5.980588134679113e-01 
 2.118424889085604e-07  5.980588134679113e-01 
 2.118624889085604e-07  5.980588134679113e-01 
 2.118824889085604e-07  5.980588134679113e-01 
 2.119024889085604e-07  5.980588134679113e-01 
 2.119224889085604e-07  5.980588134679113e-01 
 2.119424889085604e-07  5.980588134679113e-01 
 2.119624889085604e-07  5.980588134679113e-01 
 2.119824889085604e-07  5.980588134679113e-01 
 2.120024889085604e-07  5.980588134679113e-01 
 2.120224889085604e-07  5.980588134679113e-01 
 2.120424889085604e-07  5.980588134679113e-01 
 2.120624889085604e-07  5.980588134679113e-01 
 2.120824889085604e-07  5.980588134679113e-01 
 2.121024889085604e-07  5.980588134679113e-01 
 2.121224889085604e-07  5.980588134679113e-01 
 2.121424889085604e-07  5.980588134679113e-01 
 2.121624889085603e-07  5.980588134679113e-01 
 2.121824889085603e-07  5.980588134679113e-01 
 2.122024889085603e-07  5.980588134679113e-01 
 2.122224889085603e-07  5.980588134679113e-01 
 2.122424889085603e-07  5.980588134679113e-01 
 2.122624889085603e-07  5.980588134679113e-01 
 2.122824889085603e-07  5.980588134679113e-01 
 2.123024889085603e-07  5.980588134679113e-01 
 2.123224889085603e-07  5.980588134679113e-01 
 2.123424889085603e-07  5.980588134679113e-01 
 2.123624889085603e-07  5.980588134679113e-01 
 2.123824889085603e-07  5.980588134679113e-01 
 2.124024889085603e-07  5.980588134679113e-01 
 2.124224889085603e-07  5.980588134679113e-01 
 2.124424889085603e-07  5.980588134679113e-01 
 2.124624889085603e-07  5.980588134679113e-01 
 2.124824889085603e-07  5.980588134679113e-01 
 2.125024889085603e-07  5.980588134679113e-01 
 2.125224889085603e-07  5.980588134679113e-01 
 2.125424889085603e-07  5.980588134679113e-01 
 2.125624889085603e-07  5.980588134679113e-01 
 2.125824889085603e-07  5.980588134679113e-01 
 2.126024889085603e-07  5.980588134679113e-01 
 2.126224889085603e-07  5.980588134679113e-01 
 2.126424889085603e-07  5.980588134679113e-01 
 2.126624889085603e-07  5.980588134679113e-01 
 2.126824889085603e-07  5.980588134679113e-01 
 2.127024889085602e-07  5.980588134679113e-01 
 2.127224889085602e-07  5.980588134679113e-01 
 2.127424889085602e-07  5.980588134679113e-01 
 2.127624889085602e-07  5.980588134679113e-01 
 2.127824889085602e-07  5.980588134679113e-01 
 2.128024889085602e-07  5.980588134679113e-01 
 2.128224889085602e-07  5.980588134679113e-01 
 2.128424889085602e-07  5.980588134679113e-01 
 2.128624889085602e-07  5.980588134679113e-01 
 2.128824889085602e-07  5.980588134679113e-01 
 2.129024889085602e-07  5.980588134679113e-01 
 2.129224889085602e-07  5.980588134679113e-01 
 2.129424889085602e-07  5.980588134679113e-01 
 2.129624889085602e-07  5.980588134679113e-01 
 2.129824889085602e-07  5.980588134679113e-01 
 2.130024889085602e-07  5.980588134679113e-01 
 2.130224889085602e-07  5.980588134679113e-01 
 2.130424889085602e-07  5.980588134679113e-01 
 2.130624889085602e-07  5.980588134679113e-01 
 2.130824889085602e-07  5.980588134679113e-01 
 2.131024889085602e-07  5.980588134679113e-01 
 2.131224889085602e-07  5.980588134679113e-01 
 2.131424889085602e-07  5.980588134679113e-01 
 2.131624889085602e-07  5.980588134679113e-01 
 2.131824889085602e-07  5.980588134679113e-01 
 2.132024889085602e-07  5.980588134679113e-01 
 2.132224889085601e-07  5.980588134679113e-01 
 2.132424889085601e-07  5.980588134679113e-01 
 2.132624889085601e-07  5.980588134679113e-01 
 2.132824889085601e-07  5.980588134679113e-01 
 2.133024889085601e-07  5.980588134679113e-01 
 2.133224889085601e-07  5.980588134679113e-01 
 2.133424889085601e-07  5.980588134679113e-01 
 2.133624889085601e-07  5.980588134679113e-01 
 2.133824889085601e-07  5.980588134679113e-01 
 2.134024889085601e-07  5.980588134679113e-01 
 2.134224889085601e-07  5.980588134679113e-01 
 2.134424889085601e-07  5.980588134679113e-01 
 2.134624889085601e-07  5.980588134679113e-01 
 2.134824889085601e-07  5.980588134679113e-01 
 2.135024889085601e-07  5.980588134679113e-01 
 2.135224889085601e-07  5.980588134679113e-01 
 2.135424889085601e-07  5.980588134679113e-01 
 2.135624889085601e-07  5.980588134679113e-01 
 2.135824889085601e-07  5.980588134679113e-01 
 2.136024889085601e-07  5.980588134679113e-01 
 2.136224889085601e-07  5.980588134679113e-01 
 2.136424889085601e-07  5.980588134679113e-01 
 2.136624889085601e-07  5.980588134679113e-01 
 2.136824889085601e-07  5.980588134679113e-01 
 2.137024889085601e-07  5.980588134679113e-01 
 2.137224889085601e-07  5.980588134679113e-01 
 2.137424889085600e-07  5.980588134679113e-01 
 2.137624889085600e-07  5.980588134679113e-01 
 2.137824889085600e-07  5.980588134679113e-01 
 2.138024889085600e-07  5.980588134679113e-01 
 2.138224889085600e-07  5.980588134679113e-01 
 2.138424889085600e-07  5.980588134679113e-01 
 2.138624889085600e-07  5.980588134679113e-01 
 2.138824889085600e-07  5.980588134679113e-01 
 2.139024889085600e-07  5.980588134679113e-01 
 2.139224889085600e-07  5.980588134679113e-01 
 2.139424889085600e-07  5.980588134679113e-01 
 2.139624889085600e-07  5.980588134679113e-01 
 2.139824889085600e-07  5.980588134679113e-01 
 2.140024889085600e-07  5.980588134679113e-01 
 2.140224889085600e-07  5.980588134679113e-01 
 2.140424889085600e-07  5.980588134679113e-01 
 2.140624889085600e-07  5.980588134679113e-01 
 2.140824889085600e-07  5.980588134679113e-01 
 2.141024889085600e-07  5.980588134679113e-01 
 2.141224889085600e-07  5.980588134679113e-01 
 2.141424889085600e-07  5.980588134679113e-01 
 2.141624889085600e-07  5.980588134679113e-01 
 2.141824889085600e-07  5.980588134679113e-01 
 2.142024889085600e-07  5.980588134679113e-01 
 2.142224889085600e-07  5.980588134679113e-01 
 2.142424889085600e-07  5.980588134679113e-01 
 2.142624889085600e-07  5.980588134679113e-01 
 2.142824889085599e-07  5.980588134679113e-01 
 2.143024889085599e-07  5.980588134679113e-01 
 2.143224889085599e-07  5.980588134679113e-01 
 2.143424889085599e-07  5.980588134679113e-01 
 2.143624889085599e-07  5.980588134679113e-01 
 2.143824889085599e-07  5.980588134679113e-01 
 2.144024889085599e-07  5.980588134679113e-01 
 2.144224889085599e-07  5.980588134679113e-01 
 2.144424889085599e-07  5.980588134679113e-01 
 2.144624889085599e-07  5.980588134679113e-01 
 2.144824889085599e-07  5.980588134679113e-01 
 2.145024889085599e-07  5.980588134679113e-01 
 2.145224889085599e-07  5.980588134679113e-01 
 2.145424889085599e-07  5.980588134679113e-01 
 2.145624889085599e-07  5.980588134679113e-01 
 2.145824889085599e-07  5.980588134679113e-01 
 2.146024889085599e-07  5.980588134679113e-01 
 2.146224889085599e-07  5.980588134679113e-01 
 2.146424889085599e-07  5.980588134679113e-01 
 2.146624889085599e-07  5.980588134679113e-01 
 2.146824889085599e-07  5.980588134679113e-01 
 2.147024889085599e-07  5.980588134679113e-01 
 2.147224889085599e-07  5.980588134679113e-01 
 2.147424889085599e-07  5.980588134679113e-01 
 2.147624889085599e-07  5.980588134679113e-01 
 2.147824889085599e-07  5.980588134679113e-01 
 2.148024889085598e-07  5.980588134679113e-01 
 2.148224889085598e-07  5.980588134679113e-01 
 2.148424889085598e-07  5.980588134679113e-01 
 2.148624889085598e-07  5.980588134679113e-01 
 2.148824889085598e-07  5.980588134679113e-01 
 2.149024889085598e-07  5.980588134679113e-01 
 2.149224889085598e-07  5.980588134679113e-01 
 2.149424889085598e-07  5.980588134679113e-01 
 2.149624889085598e-07  5.980588134679113e-01 
 2.149824889085598e-07  5.980588134679113e-01 
 2.150024889085598e-07  5.980588134679113e-01 
 2.150224889085598e-07  5.980588134679113e-01 
 2.150424889085598e-07  5.980588134679113e-01 
 2.150624889085598e-07  5.980588134679113e-01 
 2.150824889085598e-07  5.980588134679113e-01 
 2.151024889085598e-07  5.980588134679113e-01 
 2.151224889085598e-07  5.980588134679113e-01 
 2.151424889085598e-07  5.980588134679113e-01 
 2.151624889085598e-07  5.980588134679113e-01 
 2.151824889085598e-07  5.980588134679113e-01 
 2.152024889085598e-07  5.980588134679113e-01 
 2.152224889085598e-07  5.980588134679113e-01 
 2.152424889085598e-07  5.980588134679113e-01 
 2.152624889085598e-07  5.980588134679113e-01 
 2.152824889085598e-07  5.980588134679113e-01 
 2.153024889085598e-07  5.980588134679113e-01 
 2.153224889085598e-07  5.980588134679113e-01 
 2.153424889085597e-07  5.980588134679113e-01 
 2.153624889085597e-07  5.980588134679113e-01 
 2.153824889085597e-07  5.980588134679113e-01 
 2.154024889085597e-07  5.980588134679113e-01 
 2.154224889085597e-07  5.980588134679113e-01 
 2.154424889085597e-07  5.980588134679113e-01 
 2.154624889085597e-07  5.980588134679113e-01 
 2.154824889085597e-07  5.980588134679113e-01 
 2.155024889085597e-07  5.980588134679113e-01 
 2.155224889085597e-07  5.980588134679113e-01 
 2.155424889085597e-07  5.980588134679113e-01 
 2.155624889085597e-07  5.980588134679113e-01 
 2.155824889085597e-07  5.980588134679113e-01 
 2.156024889085597e-07  5.980588134679113e-01 
 2.156224889085597e-07  5.980588134679113e-01 
 2.156424889085597e-07  5.980588134679113e-01 
 2.156624889085597e-07  5.980588134679113e-01 
 2.156824889085597e-07  5.980588134679113e-01 
 2.157024889085597e-07  5.980588134679113e-01 
 2.157224889085597e-07  5.980588134679113e-01 
 2.157424889085597e-07  5.980588134679113e-01 
 2.157624889085597e-07  5.980588134679113e-01 
 2.157824889085597e-07  5.980588134679113e-01 
 2.158024889085597e-07  5.980588134679113e-01 
 2.158224889085597e-07  5.980588134679113e-01 
 2.158424889085597e-07  5.980588134679113e-01 
 2.158624889085596e-07  5.980588134679113e-01 
 2.158824889085596e-07  5.980588134679113e-01 
 2.159024889085596e-07  5.980588134679113e-01 
 2.159224889085596e-07  5.980588134679113e-01 
 2.159424889085596e-07  5.980588134679113e-01 
 2.159624889085596e-07  5.980588134679113e-01 
 2.159824889085596e-07  5.980588134679113e-01 
 2.160024889085596e-07  5.980588134679113e-01 
 2.160224889085596e-07  5.980588134679113e-01 
 2.160424889085596e-07  5.980588134679113e-01 
 2.160624889085596e-07  5.980588134679113e-01 
 2.160824889085596e-07  5.980588134679113e-01 
 2.161024889085596e-07  5.980588134679113e-01 
 2.161224889085596e-07  5.980588134679113e-01 
 2.161424889085596e-07  5.980588134679113e-01 
 2.161624889085596e-07  5.980588134679113e-01 
 2.161824889085596e-07  5.980588134679113e-01 
 2.162024889085596e-07  5.980588134679113e-01 
 2.162224889085596e-07  5.980588134679113e-01 
 2.162424889085596e-07  5.980588134679113e-01 
 2.162624889085596e-07  5.980588134679113e-01 
 2.162824889085596e-07  5.980588134679113e-01 
 2.163024889085596e-07  5.980588134679113e-01 
 2.163224889085596e-07  5.980588134679113e-01 
 2.163424889085596e-07  5.980588134679113e-01 
 2.163624889085596e-07  5.980588134679113e-01 
 2.163824889085595e-07  5.980588134679113e-01 
 2.164024889085595e-07  5.980588134679113e-01 
 2.164224889085595e-07  5.980588134679113e-01 
 2.164424889085595e-07  5.980588134679113e-01 
 2.164624889085595e-07  5.980588134679113e-01 
 2.164824889085595e-07  5.980588134679113e-01 
 2.165024889085595e-07  5.980588134679113e-01 
 2.165224889085595e-07  5.980588134679113e-01 
 2.165424889085595e-07  5.980588134679113e-01 
 2.165624889085595e-07  5.980588134679113e-01 
 2.165824889085595e-07  5.980588134679113e-01 
 2.166024889085595e-07  5.980588134679113e-01 
 2.166224889085595e-07  5.980588134679113e-01 
 2.166424889085595e-07  5.980588134679113e-01 
 2.166624889085595e-07  5.980588134679113e-01 
 2.166824889085595e-07  5.980588134679113e-01 
 2.167024889085595e-07  5.980588134679113e-01 
 2.167224889085595e-07  5.980588134679113e-01 
 2.167424889085595e-07  5.980588134679113e-01 
 2.167624889085595e-07  5.980588134679113e-01 
 2.167824889085595e-07  5.980588134679113e-01 
 2.168024889085595e-07  5.980588134679113e-01 
 2.168224889085595e-07  5.980588134679113e-01 
 2.168424889085595e-07  5.980588134679113e-01 
 2.168624889085595e-07  5.980588134679113e-01 
 2.168824889085595e-07  5.980588134679113e-01 
 2.169024889085595e-07  5.980588134679113e-01 
 2.169224889085594e-07  5.980588134679113e-01 
 2.169424889085594e-07  5.980588134679113e-01 
 2.169624889085594e-07  5.980588134679113e-01 
 2.169824889085594e-07  5.980588134679113e-01 
 2.170024889085594e-07  5.980588134679113e-01 
 2.170224889085594e-07  5.980588134679113e-01 
 2.170424889085594e-07  5.980588134679113e-01 
 2.170624889085594e-07  5.980588134679113e-01 
 2.170824889085594e-07  5.980588134679113e-01 
 2.171024889085594e-07  5.980588134679113e-01 
 2.171224889085594e-07  5.980588134679113e-01 
 2.171424889085594e-07  5.980588134679113e-01 
 2.171624889085594e-07  5.980588134679113e-01 
 2.171824889085594e-07  5.980588134679113e-01 
 2.172024889085594e-07  5.980588134679113e-01 
 2.172224889085594e-07  5.980588134679113e-01 
 2.172424889085594e-07  5.980588134679113e-01 
 2.172624889085594e-07  5.980588134679113e-01 
 2.172824889085594e-07  5.980588134679113e-01 
 2.173024889085594e-07  5.980588134679113e-01 
 2.173224889085594e-07  5.980588134679113e-01 
 2.173424889085594e-07  5.980588134679113e-01 
 2.173624889085594e-07  5.980588134679113e-01 
 2.173824889085594e-07  5.980588134679113e-01 
 2.174024889085594e-07  5.980588134679113e-01 
 2.174224889085594e-07  5.980588134679113e-01 
 2.174424889085593e-07  5.980588134679113e-01 
 2.174624889085593e-07  5.980588134679113e-01 
 2.174824889085593e-07  5.980588134679113e-01 
 2.175024889085593e-07  5.980588134679113e-01 
 2.175224889085593e-07  5.980588134679113e-01 
 2.175424889085593e-07  5.980588134679113e-01 
 2.175624889085593e-07  5.980588134679113e-01 
 2.175824889085593e-07  5.980588134679113e-01 
 2.176024889085593e-07  5.980588134679113e-01 
 2.176224889085593e-07  5.980588134679113e-01 
 2.176424889085593e-07  5.980588134679113e-01 
 2.176624889085593e-07  5.980588134679113e-01 
 2.176824889085593e-07  5.980588134679113e-01 
 2.177024889085593e-07  5.980588134679113e-01 
 2.177224889085593e-07  5.980588134679113e-01 
 2.177424889085593e-07  5.980588134679113e-01 
 2.177624889085593e-07  5.980588134679113e-01 
 2.177824889085593e-07  5.980588134679113e-01 
 2.178024889085593e-07  5.980588134679113e-01 
 2.178224889085593e-07  5.980588134679113e-01 
 2.178424889085593e-07  5.980588134679113e-01 
 2.178624889085593e-07  5.980588134679113e-01 
 2.178824889085593e-07  5.980588134679113e-01 
 2.179024889085593e-07  5.980588134679113e-01 
 2.179224889085593e-07  5.980588134679113e-01 
 2.179424889085593e-07  5.980588134679113e-01 
 2.179624889085592e-07  5.980588134679113e-01 
 2.179824889085592e-07  5.980588134679113e-01 
 2.180024889085592e-07  5.980588134679113e-01 
 2.180224889085592e-07  5.980588134679113e-01 
 2.180424889085592e-07  5.980588134679113e-01 
 2.180624889085592e-07  5.980588134679113e-01 
 2.180824889085592e-07  5.980588134679113e-01 
 2.181024889085592e-07  5.980588134679113e-01 
 2.181224889085592e-07  5.980588134679113e-01 
 2.181424889085592e-07  5.980588134679113e-01 
 2.181624889085592e-07  5.980588134679113e-01 
 2.181824889085592e-07  5.980588134679113e-01 
 2.182024889085592e-07  5.980588134679113e-01 
 2.182224889085592e-07  5.980588134679113e-01 
 2.182424889085592e-07  5.980588134679113e-01 
 2.182624889085592e-07  5.980588134679113e-01 
 2.182824889085592e-07  5.980588134679113e-01 
 2.183024889085592e-07  5.980588134679113e-01 
 2.183224889085592e-07  5.980588134679113e-01 
 2.183424889085592e-07  5.980588134679113e-01 
 2.183624889085592e-07  5.980588134679113e-01 
 2.183824889085592e-07  5.980588134679113e-01 
 2.184024889085592e-07  5.980588134679113e-01 
 2.184224889085592e-07  5.980588134679113e-01 
 2.184424889085592e-07  5.980588134679113e-01 
 2.184624889085592e-07  5.980588134679113e-01 
 2.184824889085592e-07  5.980588134679113e-01 
 2.185024889085591e-07  5.980588134679113e-01 
 2.185224889085591e-07  5.980588134679113e-01 
 2.185424889085591e-07  5.980588134679113e-01 
 2.185624889085591e-07  5.980588134679113e-01 
 2.185824889085591e-07  5.980588134679113e-01 
 2.186024889085591e-07  5.980588134679113e-01 
 2.186224889085591e-07  5.980588134679113e-01 
 2.186424889085591e-07  5.980588134679113e-01 
 2.186624889085591e-07  5.980588134679113e-01 
 2.186824889085591e-07  5.980588134679113e-01 
 2.187024889085591e-07  5.980588134679113e-01 
 2.187224889085591e-07  5.980588134679113e-01 
 2.187424889085591e-07  5.980588134679113e-01 
 2.187624889085591e-07  5.980588134679113e-01 
 2.187824889085591e-07  5.980588134679113e-01 
 2.188024889085591e-07  5.980588134679113e-01 
 2.188224889085591e-07  5.980588134679113e-01 
 2.188424889085591e-07  5.980588134679113e-01 
 2.188624889085591e-07  5.980588134679113e-01 
 2.188824889085591e-07  5.980588134679113e-01 
 2.189024889085591e-07  5.980588134679113e-01 
 2.189224889085591e-07  5.980588134679113e-01 
 2.189424889085591e-07  5.980588134679113e-01 
 2.189624889085591e-07  5.980588134679113e-01 
 2.189824889085591e-07  5.980588134679113e-01 
 2.190024889085591e-07  5.980588134679113e-01 
 2.190224889085590e-07  5.980588134679113e-01 
 2.190424889085590e-07  5.980588134679113e-01 
 2.190624889085590e-07  5.980588134679113e-01 
 2.190824889085590e-07  5.980588134679113e-01 
 2.191024889085590e-07  5.980588134679113e-01 
 2.191224889085590e-07  5.980588134679113e-01 
 2.191424889085590e-07  5.980588134679113e-01 
 2.191624889085590e-07  5.980588134679113e-01 
 2.191824889085590e-07  5.980588134679113e-01 
 2.192024889085590e-07  5.980588134679113e-01 
 2.192224889085590e-07  5.980588134679113e-01 
 2.192424889085590e-07  5.980588134679113e-01 
 2.192624889085590e-07  5.980588134679113e-01 
 2.192824889085590e-07  5.980588134679113e-01 
 2.193024889085590e-07  5.980588134679113e-01 
 2.193224889085590e-07  5.980588134679113e-01 
 2.193424889085590e-07  5.980588134679113e-01 
 2.193624889085590e-07  5.980588134679113e-01 
 2.193824889085590e-07  5.980588134679113e-01 
 2.194024889085590e-07  5.980588134679113e-01 
 2.194224889085590e-07  5.980588134679113e-01 
 2.194424889085590e-07  5.980588134679113e-01 
 2.194624889085590e-07  5.980588134679113e-01 
 2.194824889085590e-07  5.980588134679113e-01 
 2.195024889085590e-07  5.980588134679113e-01 
 2.195224889085590e-07  5.980588134679113e-01 
 2.195424889085590e-07  5.980588134679113e-01 
 2.195624889085589e-07  5.980588134679113e-01 
 2.195824889085589e-07  5.980588134679113e-01 
 2.196024889085589e-07  5.980588134679113e-01 
 2.196224889085589e-07  5.980588134679113e-01 
 2.196424889085589e-07  5.980588134679113e-01 
 2.196624889085589e-07  5.980588134679113e-01 
 2.196824889085589e-07  5.980588134679113e-01 
 2.197024889085589e-07  5.980588134679113e-01 
 2.197224889085589e-07  5.980588134679113e-01 
 2.197424889085589e-07  5.980588134679113e-01 
 2.197624889085589e-07  5.980588134679113e-01 
 2.197824889085589e-07  5.980588134679113e-01 
 2.198024889085589e-07  5.980588134679113e-01 
 2.198224889085589e-07  5.980588134679113e-01 
 2.198424889085589e-07  5.980588134679113e-01 
 2.198624889085589e-07  5.980588134679113e-01 
 2.198824889085589e-07  5.980588134679113e-01 
 2.199024889085589e-07  5.980588134679113e-01 
 2.199224889085589e-07  5.980588134679113e-01 
 2.199424889085589e-07  5.980588134679113e-01 
 2.199624889085589e-07  5.980588134679113e-01 
 2.199824889085589e-07  5.980588134679113e-01 
 2.200000000000000e-07  5.980588134679113e-01 
