 time                   v(n0)                 
 0.000000000000000e+00  5.917317968764753e-01 
 2.000000000000000e-13  5.917317968764753e-01 
 4.000000000000000e-13  5.917317968764753e-01 
 8.000000000000000e-13  5.917317968764753e-01 
 1.600000000000000e-12  5.917317968764753e-01 
 3.200000000000000e-12  5.917317968764753e-01 
 6.400000000000000e-12  5.917317968764751e-01 
 1.280000000000000e-11  5.917317968764748e-01 
 2.560000000000000e-11  5.917317968764748e-01 
 4.560000000000000e-11  5.917317968764748e-01 
 6.560000000000000e-11  5.917317968764748e-01 
 8.559999999999999e-11  5.917317968764748e-01 
 1.056000000000000e-10  5.917317968764748e-01 
 1.256000000000000e-10  5.917317968764749e-01 
 1.456000000000000e-10  5.917317968764750e-01 
 1.656000000000000e-10  5.917317968764750e-01 
 1.856000000000000e-10  5.917317968764751e-01 
 2.056000000000000e-10  5.917317968764753e-01 
 2.256000000000000e-10  5.917317968764753e-01 
 2.456000000000000e-10  5.917317968764753e-01 
 2.656000000000000e-10  5.917317968764753e-01 
 2.856000000000000e-10  5.917317968764753e-01 
 3.056000000000000e-10  5.917317968764753e-01 
 3.255999999999999e-10  5.917317968764753e-01 
 3.455999999999999e-10  5.917317968764753e-01 
 3.655999999999999e-10  5.917317968764753e-01 
 3.855999999999999e-10  5.917317968764753e-01 
 4.055999999999999e-10  5.917317968764753e-01 
 4.255999999999999e-10  5.917317968764753e-01 
 4.455999999999998e-10  5.917317968764753e-01 
 4.655999999999998e-10  5.917317968764753e-01 
 4.855999999999999e-10  5.917317968764753e-01 
 5.055999999999999e-10  5.917317968764753e-01 
 5.255999999999999e-10  5.917317968764753e-01 
 5.456000000000000e-10  5.917317968764753e-01 
 5.656000000000000e-10  5.917317968764753e-01 
 5.856000000000000e-10  5.917317968764753e-01 
 6.056000000000001e-10  5.917317968764753e-01 
 6.256000000000001e-10  5.917317968764753e-01 
 6.456000000000001e-10  5.917317968764753e-01 
 6.656000000000002e-10  5.917317968764753e-01 
 6.856000000000002e-10  5.917317968764753e-01 
 7.056000000000002e-10  5.917317968764753e-01 
 7.256000000000003e-10  5.917317968764753e-01 
 7.456000000000003e-10  5.917317968764753e-01 
 7.656000000000003e-10  5.917317968764753e-01 
 7.856000000000004e-10  5.917317968764753e-01 
 8.056000000000004e-10  5.917317968764753e-01 
 8.256000000000004e-10  5.917317968764753e-01 
 8.456000000000005e-10  5.917317968764753e-01 
 8.656000000000005e-10  5.917317968764753e-01 
 8.856000000000005e-10  5.917317968764753e-01 
 9.056000000000006e-10  5.917317968764753e-01 
 9.256000000000006e-10  5.917317968764753e-01 
 9.456000000000005e-10  5.917317968764753e-01 
 9.656000000000005e-10  5.917317968764753e-01 
 9.856000000000004e-10  5.917317968764753e-01 
 1.005600000000000e-09  5.917317968764753e-01 
 1.025600000000000e-09  5.917317968764753e-01 
 1.045600000000000e-09  5.917317968764753e-01 
 1.065600000000000e-09  5.917317968764753e-01 
 1.085600000000000e-09  5.917317968764753e-01 
 1.105600000000000e-09  5.917317968764753e-01 
 1.125600000000000e-09  5.917317968764753e-01 
 1.145600000000000e-09  5.917317968764753e-01 
 1.165600000000000e-09  5.917317968764753e-01 
 1.185600000000000e-09  5.917317968764753e-01 
 1.205600000000000e-09  5.917317968764753e-01 
 1.225600000000000e-09  5.917317968764753e-01 
 1.245600000000000e-09  5.917317968764753e-01 
 1.265599999999999e-09  5.917317968764753e-01 
 1.285599999999999e-09  5.917317968764753e-01 
 1.305599999999999e-09  5.917317968764753e-01 
 1.325599999999999e-09  5.917317968764753e-01 
 1.345599999999999e-09  5.917317968764753e-01 
 1.365599999999999e-09  5.917317968764753e-01 
 1.385599999999999e-09  5.917317968764753e-01 
 1.405599999999999e-09  5.917317968764753e-01 
 1.425599999999999e-09  5.917317968764753e-01 
 1.445599999999999e-09  5.917317968764753e-01 
 1.465599999999999e-09  5.917317968764753e-01 
 1.485599999999999e-09  5.917317968764753e-01 
 1.505599999999999e-09  5.917317968764753e-01 
 1.525599999999999e-09  5.917317968764753e-01 
 1.545599999999998e-09  5.917317968764753e-01 
 1.565599999999998e-09  5.917317968764753e-01 
 1.585599999999998e-09  5.917317968764753e-01 
 1.605599999999998e-09  5.917317968764753e-01 
 1.625599999999998e-09  5.917317968764753e-01 
 1.645599999999998e-09  5.917317968764753e-01 
 1.665599999999998e-09  5.917317968764753e-01 
 1.685599999999998e-09  5.917317968764753e-01 
 1.705599999999998e-09  5.917317968764753e-01 
 1.725599999999998e-09  5.917317968764753e-01 
 1.745599999999998e-09  5.917317968764753e-01 
 1.765599999999998e-09  5.917317968764753e-01 
 1.785599999999998e-09  5.917317968764753e-01 
 1.805599999999998e-09  5.917317968764753e-01 
 1.825599999999998e-09  5.917317968764753e-01 
 1.845599999999997e-09  5.917317968764753e-01 
 1.865599999999997e-09  5.917317968764753e-01 
 1.885599999999997e-09  5.917317968764753e-01 
 1.905599999999997e-09  5.917317968764753e-01 
 1.925599999999997e-09  5.917317968764753e-01 
 1.945599999999997e-09  5.917317968764753e-01 
 1.965599999999997e-09  5.917317968764753e-01 
 1.985599999999997e-09  5.917317968764753e-01 
 2.005599999999997e-09  5.917317968764753e-01 
 2.025599999999997e-09  5.917317968764753e-01 
 2.045599999999997e-09  5.917317968764753e-01 
 2.065599999999997e-09  5.917317968764753e-01 
 2.085599999999997e-09  5.917317968764753e-01 
 2.105599999999997e-09  5.917317968764753e-01 
 2.125599999999996e-09  5.917317968764753e-01 
 2.145599999999996e-09  5.917317968764753e-01 
 2.165599999999996e-09  5.917317968764753e-01 
 2.185599999999996e-09  5.917317968764753e-01 
 2.205599999999996e-09  5.917317968764753e-01 
 2.225599999999996e-09  5.917317968764753e-01 
 2.245599999999996e-09  5.917317968764753e-01 
 2.265599999999996e-09  5.917317968764753e-01 
 2.285599999999996e-09  5.917317968764753e-01 
 2.305599999999996e-09  5.917317968764753e-01 
 2.325599999999996e-09  5.917317968764753e-01 
 2.345599999999996e-09  5.917317968764753e-01 
 2.365599999999996e-09  5.917317968764753e-01 
 2.385599999999996e-09  5.917317968764753e-01 
 2.405599999999995e-09  5.917317968764753e-01 
 2.425599999999995e-09  5.917317968764753e-01 
 2.445599999999995e-09  5.917317968764753e-01 
 2.465599999999995e-09  5.917317968764753e-01 
 2.485599999999995e-09  5.917317968764753e-01 
 2.505599999999995e-09  5.917317968764753e-01 
 2.525599999999995e-09  5.917317968764753e-01 
 2.545599999999995e-09  5.917317968764753e-01 
 2.565599999999995e-09  5.917317968764753e-01 
 2.585599999999995e-09  5.917317968764753e-01 
 2.605599999999995e-09  5.917317968764753e-01 
 2.625599999999995e-09  5.917317968764753e-01 
 2.645599999999995e-09  5.917317968764753e-01 
 2.665599999999995e-09  5.917317968764753e-01 
 2.685599999999995e-09  5.917317968764753e-01 
 2.705599999999994e-09  5.917317968764753e-01 
 2.725599999999994e-09  5.917317968764753e-01 
 2.745599999999994e-09  5.917317968764753e-01 
 2.765599999999994e-09  5.917317968764753e-01 
 2.785599999999994e-09  5.917317968764753e-01 
 2.805599999999994e-09  5.917317968764753e-01 
 2.825599999999994e-09  5.917317968764753e-01 
 2.845599999999994e-09  5.917317968764753e-01 
 2.865599999999994e-09  5.917317968764753e-01 
 2.885599999999994e-09  5.917317968764753e-01 
 2.905599999999994e-09  5.917317968764753e-01 
 2.925599999999994e-09  5.917317968764753e-01 
 2.945599999999994e-09  5.917317968764753e-01 
 2.965599999999994e-09  5.917317968764753e-01 
 2.985599999999993e-09  5.917317968764753e-01 
 3.005599999999993e-09  5.917317968764753e-01 
 3.025599999999993e-09  5.917317968764753e-01 
 3.045599999999993e-09  5.917317968764753e-01 
 3.065599999999993e-09  5.917317968764753e-01 
 3.085599999999993e-09  5.917317968764753e-01 
 3.105599999999993e-09  5.917317968764753e-01 
 3.125599999999993e-09  5.917317968764753e-01 
 3.145599999999993e-09  5.917317968764753e-01 
 3.165599999999993e-09  5.917317968764753e-01 
 3.185599999999993e-09  5.917317968764753e-01 
 3.205599999999993e-09  5.917317968764753e-01 
 3.225599999999993e-09  5.917317968764753e-01 
 3.245599999999993e-09  5.917317968764753e-01 
 3.265599999999993e-09  5.917317968764753e-01 
 3.285599999999992e-09  5.917317968764753e-01 
 3.305599999999992e-09  5.917317968764753e-01 
 3.325599999999992e-09  5.917317968764753e-01 
 3.345599999999992e-09  5.917317968764753e-01 
 3.365599999999992e-09  5.917317968764753e-01 
 3.385599999999992e-09  5.917317968764753e-01 
 3.405599999999992e-09  5.917317968764753e-01 
 3.425599999999992e-09  5.917317968764753e-01 
 3.445599999999992e-09  5.917317968764753e-01 
 3.465599999999992e-09  5.917317968764753e-01 
 3.485599999999992e-09  5.917317968764753e-01 
 3.505599999999992e-09  5.917317968764753e-01 
 3.525599999999992e-09  5.917317968764753e-01 
 3.545599999999992e-09  5.917317968764753e-01 
 3.565599999999991e-09  5.917317968764753e-01 
 3.585599999999991e-09  5.917317968764753e-01 
 3.605599999999991e-09  5.917317968764753e-01 
 3.625599999999991e-09  5.917317968764753e-01 
 3.645599999999991e-09  5.917317968764753e-01 
 3.665599999999991e-09  5.917317968764753e-01 
 3.685599999999991e-09  5.917317968764753e-01 
 3.705599999999991e-09  5.917317968764753e-01 
 3.725599999999991e-09  5.917317968764753e-01 
 3.745599999999992e-09  5.917317968764753e-01 
 3.765599999999992e-09  5.917317968764753e-01 
 3.785599999999992e-09  5.917317968764753e-01 
 3.805599999999993e-09  5.917317968764753e-01 
 3.825599999999993e-09  5.917317968764753e-01 
 3.845599999999993e-09  5.917317968764753e-01 
 3.865599999999994e-09  5.917317968764753e-01 
 3.885599999999994e-09  5.917317968764753e-01 
 3.905599999999994e-09  5.917317968764753e-01 
 3.925599999999995e-09  5.917317968764753e-01 
 3.945599999999995e-09  5.917317968764753e-01 
 3.965599999999995e-09  5.917317968764753e-01 
 3.985599999999996e-09  5.917317968764753e-01 
 4.005599999999996e-09  5.917317968764753e-01 
 4.025599999999997e-09  5.917317968764753e-01 
 4.045599999999997e-09  5.917317968764753e-01 
 4.065599999999997e-09  5.917317968764753e-01 
 4.085599999999998e-09  5.917317968764753e-01 
 4.105599999999998e-09  5.917317968764753e-01 
 4.125599999999998e-09  5.917317968764753e-01 
 4.145599999999999e-09  5.917317968764753e-01 
 4.165599999999999e-09  5.917317968764753e-01 
 4.185599999999999e-09  5.917317968764753e-01 
 4.205600000000000e-09  5.917317968764753e-01 
 4.225600000000000e-09  5.917317968764753e-01 
 4.245600000000000e-09  5.917317968764753e-01 
 4.265600000000001e-09  5.917317968764753e-01 
 4.285600000000001e-09  5.917317968764753e-01 
 4.305600000000001e-09  5.917317968764753e-01 
 4.325600000000002e-09  5.917317968764753e-01 
 4.345600000000002e-09  5.917317968764753e-01 
 4.365600000000002e-09  5.917317968764753e-01 
 4.385600000000003e-09  5.917317968764753e-01 
 4.405600000000003e-09  5.917317968764753e-01 
 4.425600000000003e-09  5.917317968764753e-01 
 4.445600000000004e-09  5.917317968764753e-01 
 4.465600000000004e-09  5.917317968764753e-01 
 4.485600000000004e-09  5.917317968764753e-01 
 4.505600000000005e-09  5.917317968764753e-01 
 4.525600000000005e-09  5.917317968764753e-01 
 4.545600000000005e-09  5.917317968764753e-01 
 4.565600000000006e-09  5.917317968764753e-01 
 4.585600000000006e-09  5.917317968764753e-01 
 4.605600000000007e-09  5.917317968764753e-01 
 4.625600000000007e-09  5.917317968764753e-01 
 4.645600000000007e-09  5.917317968764753e-01 
 4.665600000000008e-09  5.917317968764753e-01 
 4.685600000000008e-09  5.917317968764753e-01 
 4.705600000000008e-09  5.917317968764753e-01 
 4.725600000000009e-09  5.917317968764753e-01 
 4.745600000000009e-09  5.917317968764753e-01 
 4.765600000000009e-09  5.917317968764753e-01 
 4.785600000000010e-09  5.917317968764753e-01 
 4.805600000000010e-09  5.917317968764753e-01 
 4.825600000000010e-09  5.917317968764753e-01 
 4.845600000000011e-09  5.917317968764753e-01 
 4.865600000000011e-09  5.917317968764753e-01 
 4.885600000000011e-09  5.917317968764753e-01 
 4.905600000000012e-09  5.917317968764753e-01 
 4.925600000000012e-09  5.917317968764753e-01 
 4.945600000000012e-09  5.917317968764753e-01 
 4.965600000000013e-09  5.917317968764753e-01 
 4.985600000000013e-09  5.917317968764753e-01 
 5.005600000000013e-09  5.917317968764753e-01 
 5.025600000000014e-09  5.917317968764753e-01 
 5.045600000000014e-09  5.917317968764753e-01 
 5.065600000000014e-09  5.917317968764753e-01 
 5.085600000000015e-09  5.917317968764753e-01 
 5.105600000000015e-09  5.917317968764753e-01 
 5.125600000000015e-09  5.917317968764753e-01 
 5.145600000000016e-09  5.917317968764753e-01 
 5.165600000000016e-09  5.917317968764753e-01 
 5.185600000000017e-09  5.917317968764753e-01 
 5.205600000000017e-09  5.917317968764753e-01 
 5.225600000000017e-09  5.917317968764753e-01 
 5.245600000000018e-09  5.917317968764753e-01 
 5.265600000000018e-09  5.917317968764753e-01 
 5.285600000000018e-09  5.917317968764753e-01 
 5.305600000000019e-09  5.917317968764753e-01 
 5.325600000000019e-09  5.917317968764753e-01 
 5.345600000000019e-09  5.917317968764753e-01 
 5.365600000000020e-09  5.917317968764753e-01 
 5.385600000000020e-09  5.917317968764753e-01 
 5.405600000000020e-09  5.917317968764753e-01 
 5.425600000000021e-09  5.917317968764753e-01 
 5.445600000000021e-09  5.917317968764753e-01 
 5.465600000000021e-09  5.917317968764753e-01 
 5.485600000000022e-09  5.917317968764753e-01 
 5.505600000000022e-09  5.917317968764753e-01 
 5.525600000000022e-09  5.917317968764753e-01 
 5.545600000000023e-09  5.917317968764753e-01 
 5.565600000000023e-09  5.917317968764753e-01 
 5.585600000000023e-09  5.917317968764753e-01 
 5.605600000000024e-09  5.917317968764753e-01 
 5.625600000000024e-09  5.917317968764753e-01 
 5.645600000000024e-09  5.917317968764753e-01 
 5.665600000000025e-09  5.917317968764753e-01 
 5.685600000000025e-09  5.917317968764753e-01 
 5.705600000000025e-09  5.917317968764753e-01 
 5.725600000000026e-09  5.917317968764753e-01 
 5.745600000000026e-09  5.917317968764753e-01 
 5.765600000000026e-09  5.917317968764753e-01 
 5.785600000000027e-09  5.917317968764753e-01 
 5.805600000000027e-09  5.917317968764753e-01 
 5.825600000000028e-09  5.917317968764753e-01 
 5.845600000000028e-09  5.917317968764753e-01 
 5.865600000000028e-09  5.917317968764753e-01 
 5.885600000000029e-09  5.917317968764753e-01 
 5.905600000000029e-09  5.917317968764753e-01 
 5.925600000000029e-09  5.917317968764753e-01 
 5.945600000000030e-09  5.917317968764753e-01 
 5.965600000000030e-09  5.917317968764753e-01 
 5.985600000000030e-09  5.917317968764753e-01 
 6.005600000000031e-09  5.917317968764753e-01 
 6.025600000000031e-09  5.917317968764753e-01 
 6.045600000000031e-09  5.917317968764753e-01 
 6.065600000000032e-09  5.917317968764753e-01 
 6.085600000000032e-09  5.917317968764753e-01 
 6.105600000000032e-09  5.917317968764753e-01 
 6.125600000000033e-09  5.917317968764753e-01 
 6.145600000000033e-09  5.917317968764753e-01 
 6.165600000000033e-09  5.917317968764753e-01 
 6.185600000000034e-09  5.917317968764753e-01 
 6.205600000000034e-09  5.917317968764753e-01 
 6.225600000000034e-09  5.917317968764753e-01 
 6.245600000000035e-09  5.917317968764753e-01 
 6.265600000000035e-09  5.917317968764753e-01 
 6.285600000000035e-09  5.917317968764753e-01 
 6.305600000000036e-09  5.917317968764753e-01 
 6.325600000000036e-09  5.917317968764753e-01 
 6.345600000000036e-09  5.917317968764753e-01 
 6.365600000000037e-09  5.917317968764753e-01 
 6.385600000000037e-09  5.917317968764753e-01 
 6.405600000000038e-09  5.917317968764753e-01 
 6.425600000000038e-09  5.917317968764753e-01 
 6.445600000000038e-09  5.917317968764753e-01 
 6.465600000000039e-09  5.917317968764753e-01 
 6.485600000000039e-09  5.917317968764753e-01 
 6.505600000000039e-09  5.917317968764753e-01 
 6.525600000000040e-09  5.917317968764753e-01 
 6.545600000000040e-09  5.917317968764753e-01 
 6.565600000000040e-09  5.917317968764753e-01 
 6.585600000000041e-09  5.917317968764753e-01 
 6.605600000000041e-09  5.917317968764753e-01 
 6.625600000000041e-09  5.917317968764753e-01 
 6.645600000000042e-09  5.917317968764753e-01 
 6.665600000000042e-09  5.917317968764753e-01 
 6.685600000000042e-09  5.917317968764753e-01 
 6.705600000000043e-09  5.917317968764753e-01 
 6.725600000000043e-09  5.917317968764753e-01 
 6.745600000000043e-09  5.917317968764753e-01 
 6.765600000000044e-09  5.917317968764753e-01 
 6.785600000000044e-09  5.917317968764753e-01 
 6.805600000000044e-09  5.917317968764753e-01 
 6.825600000000045e-09  5.917317968764753e-01 
 6.845600000000045e-09  5.917317968764753e-01 
 6.865600000000045e-09  5.917317968764753e-01 
 6.885600000000046e-09  5.917317968764753e-01 
 6.905600000000046e-09  5.917317968764753e-01 
 6.925600000000046e-09  5.917317968764753e-01 
 6.945600000000047e-09  5.917317968764753e-01 
 6.965600000000047e-09  5.917317968764753e-01 
 6.985600000000048e-09  5.917317968764753e-01 
 7.005600000000048e-09  5.917317968764753e-01 
 7.025600000000048e-09  5.917317968764753e-01 
 7.045600000000049e-09  5.917317968764753e-01 
 7.065600000000049e-09  5.917317968764753e-01 
 7.085600000000049e-09  5.917317968764753e-01 
 7.105600000000050e-09  5.917317968764753e-01 
 7.125600000000050e-09  5.917317968764753e-01 
 7.145600000000050e-09  5.917317968764753e-01 
 7.165600000000051e-09  5.917317968764753e-01 
 7.185600000000051e-09  5.917317968764753e-01 
 7.205600000000051e-09  5.917317968764753e-01 
 7.225600000000052e-09  5.917317968764753e-01 
 7.245600000000052e-09  5.917317968764753e-01 
 7.265600000000052e-09  5.917317968764753e-01 
 7.285600000000053e-09  5.917317968764753e-01 
 7.305600000000053e-09  5.917317968764753e-01 
 7.325600000000053e-09  5.917317968764753e-01 
 7.345600000000054e-09  5.917317968764753e-01 
 7.365600000000054e-09  5.917317968764753e-01 
 7.385600000000054e-09  5.917317968764753e-01 
 7.405600000000055e-09  5.917317968764753e-01 
 7.425600000000055e-09  5.917317968764753e-01 
 7.445600000000055e-09  5.917317968764753e-01 
 7.465600000000055e-09  5.917317968764753e-01 
 7.485600000000054e-09  5.917317968764753e-01 
 7.505600000000054e-09  5.917317968764753e-01 
 7.525600000000054e-09  5.917317968764753e-01 
 7.545600000000053e-09  5.917317968764753e-01 
 7.565600000000053e-09  5.917317968764753e-01 
 7.585600000000052e-09  5.917317968764753e-01 
 7.605600000000052e-09  5.917317968764753e-01 
 7.625600000000051e-09  5.917317968764753e-01 
 7.645600000000051e-09  5.917317968764753e-01 
 7.665600000000050e-09  5.917317968764753e-01 
 7.685600000000050e-09  5.917317968764753e-01 
 7.705600000000049e-09  5.917317968764753e-01 
 7.725600000000049e-09  5.917317968764753e-01 
 7.745600000000048e-09  5.917317968764753e-01 
 7.765600000000048e-09  5.917317968764753e-01 
 7.785600000000047e-09  5.917317968764753e-01 
 7.805600000000047e-09  5.917317968764753e-01 
 7.825600000000046e-09  5.917317968764753e-01 
 7.845600000000046e-09  5.917317968764753e-01 
 7.865600000000045e-09  5.917317968764753e-01 
 7.885600000000045e-09  5.917317968764753e-01 
 7.905600000000044e-09  5.917317968764753e-01 
 7.925600000000044e-09  5.917317968764753e-01 
 7.945600000000043e-09  5.917317968764753e-01 
 7.965600000000043e-09  5.917317968764753e-01 
 7.985600000000042e-09  5.917317968764753e-01 
 8.005600000000042e-09  5.917317968764753e-01 
 8.025600000000041e-09  5.917317968764753e-01 
 8.045600000000041e-09  5.917317968764753e-01 
 8.065600000000040e-09  5.917317968764753e-01 
 8.085600000000040e-09  5.917317968764753e-01 
 8.105600000000040e-09  5.917317968764753e-01 
 8.125600000000039e-09  5.917317968764753e-01 
 8.145600000000039e-09  5.917317968764753e-01 
 8.165600000000038e-09  5.917317968764753e-01 
 8.185600000000038e-09  5.917317968764753e-01 
 8.205600000000037e-09  5.917317968764753e-01 
 8.225600000000037e-09  5.917317968764753e-01 
 8.245600000000036e-09  5.917317968764753e-01 
 8.265600000000036e-09  5.917317968764753e-01 
 8.285600000000035e-09  5.917317968764753e-01 
 8.305600000000035e-09  5.917317968764753e-01 
 8.325600000000034e-09  5.917317968764753e-01 
 8.345600000000034e-09  5.917317968764753e-01 
 8.365600000000033e-09  5.917317968764753e-01 
 8.385600000000033e-09  5.917317968764753e-01 
 8.405600000000032e-09  5.917317968764753e-01 
 8.425600000000032e-09  5.917317968764753e-01 
 8.445600000000031e-09  5.917317968764753e-01 
 8.465600000000031e-09  5.917317968764753e-01 
 8.485600000000030e-09  5.917317968764753e-01 
 8.505600000000030e-09  5.917317968764753e-01 
 8.525600000000029e-09  5.917317968764753e-01 
 8.545600000000029e-09  5.917317968764753e-01 
 8.565600000000028e-09  5.917317968764753e-01 
 8.585600000000028e-09  5.917317968764753e-01 
 8.605600000000027e-09  5.917317968764753e-01 
 8.625600000000027e-09  5.917317968764753e-01 
 8.645600000000026e-09  5.917317968764753e-01 
 8.665600000000026e-09  5.917317968764753e-01 
 8.685600000000026e-09  5.917317968764753e-01 
 8.705600000000025e-09  5.917317968764753e-01 
 8.725600000000025e-09  5.917317968764753e-01 
 8.745600000000024e-09  5.917317968764753e-01 
 8.765600000000024e-09  5.917317968764753e-01 
 8.785600000000023e-09  5.917317968764753e-01 
 8.805600000000023e-09  5.917317968764753e-01 
 8.825600000000022e-09  5.917317968764753e-01 
 8.845600000000022e-09  5.917317968764753e-01 
 8.865600000000021e-09  5.917317968764753e-01 
 8.885600000000021e-09  5.917317968764753e-01 
 8.905600000000020e-09  5.917317968764753e-01 
 8.925600000000020e-09  5.917317968764753e-01 
 8.945600000000019e-09  5.917317968764753e-01 
 8.965600000000019e-09  5.917317968764753e-01 
 8.985600000000018e-09  5.917317968764753e-01 
 9.005600000000018e-09  5.917317968764753e-01 
 9.025600000000017e-09  5.917317968764753e-01 
 9.045600000000017e-09  5.917317968764753e-01 
 9.065600000000016e-09  5.917317968764753e-01 
 9.085600000000016e-09  5.917317968764753e-01 
 9.105600000000015e-09  5.917317968764753e-01 
 9.125600000000015e-09  5.917317968764753e-01 
 9.145600000000014e-09  5.917317968764753e-01 
 9.165600000000014e-09  5.917317968764753e-01 
 9.185600000000013e-09  5.917317968764753e-01 
 9.205600000000013e-09  5.917317968764753e-01 
 9.225600000000012e-09  5.917317968764753e-01 
 9.245600000000012e-09  5.917317968764753e-01 
 9.265600000000012e-09  5.917317968764753e-01 
 9.285600000000011e-09  5.917317968764753e-01 
 9.305600000000011e-09  5.917317968764753e-01 
 9.325600000000010e-09  5.917317968764753e-01 
 9.345600000000010e-09  5.917317968764753e-01 
 9.365600000000009e-09  5.917317968764753e-01 
 9.385600000000009e-09  5.917317968764753e-01 
 9.405600000000008e-09  5.917317968764753e-01 
 9.425600000000008e-09  5.917317968764753e-01 
 9.445600000000007e-09  5.917317968764753e-01 
 9.465600000000007e-09  5.917317968764753e-01 
 9.485600000000006e-09  5.917317968764753e-01 
 9.505600000000006e-09  5.917317968764753e-01 
 9.525600000000005e-09  5.917317968764753e-01 
 9.545600000000005e-09  5.917317968764753e-01 
 9.565600000000004e-09  5.917317968764753e-01 
 9.585600000000004e-09  5.917317968764753e-01 
 9.605600000000003e-09  5.917317968764753e-01 
 9.625600000000003e-09  5.917317968764753e-01 
 9.645600000000002e-09  5.917317968764753e-01 
 9.665600000000002e-09  5.917317968764753e-01 
 9.685600000000001e-09  5.917317968764753e-01 
 9.705600000000001e-09  5.917317968764753e-01 
 9.725600000000000e-09  5.917317968764753e-01 
 9.745600000000000e-09  5.917317968764753e-01 
 9.765599999999999e-09  5.917317968764753e-01 
 9.785599999999999e-09  5.917317968764753e-01 
 9.805599999999998e-09  5.917317968764753e-01 
 9.825599999999998e-09  5.917317968764753e-01 
 9.845599999999998e-09  5.917317968764753e-01 
 9.865599999999997e-09  5.917317968764753e-01 
 9.885599999999997e-09  5.917317968764753e-01 
 9.905599999999996e-09  5.917317968764753e-01 
 9.925599999999996e-09  5.917317968764753e-01 
 9.945599999999995e-09  5.917317968764753e-01 
 9.965599999999995e-09  5.917317968764753e-01 
 9.985599999999994e-09  5.917317968764753e-01 
 1.000559999999999e-08  5.917317968764753e-01 
 1.002559999999999e-08  5.917317968764753e-01 
 1.004559999999999e-08  5.917317968764753e-01 
 1.006559999999999e-08  5.917317968764753e-01 
 1.008559999999999e-08  5.917317968764753e-01 
 1.010559999999999e-08  5.917317968764753e-01 
 1.012559999999999e-08  5.917317968764753e-01 
 1.014559999999999e-08  5.917317968764753e-01 
 1.016559999999999e-08  5.917317968764753e-01 
 1.018559999999999e-08  5.917317968764753e-01 
 1.020559999999999e-08  5.917317968764753e-01 
 1.022559999999999e-08  5.917317968764753e-01 
 1.024559999999999e-08  5.917317968764753e-01 
 1.026559999999999e-08  5.917317968764753e-01 
 1.028559999999999e-08  5.917317968764753e-01 
 1.030559999999999e-08  5.917317968764753e-01 
 1.032559999999999e-08  5.917317968764753e-01 
 1.034559999999999e-08  5.917317968764753e-01 
 1.036559999999998e-08  5.917317968764753e-01 
 1.038559999999998e-08  5.917317968764753e-01 
 1.040559999999998e-08  5.917317968764753e-01 
 1.042559999999998e-08  5.917317968764753e-01 
 1.044559999999998e-08  5.917317968764753e-01 
 1.046559999999998e-08  5.917317968764753e-01 
 1.048559999999998e-08  5.917317968764753e-01 
 1.050559999999998e-08  5.917317968764753e-01 
 1.052559999999998e-08  5.917317968764753e-01 
 1.054559999999998e-08  5.917317968764753e-01 
 1.056559999999998e-08  5.917317968764753e-01 
 1.058559999999998e-08  5.917317968764753e-01 
 1.060559999999998e-08  5.917317968764753e-01 
 1.062559999999998e-08  5.917317968764753e-01 
 1.064559999999998e-08  5.917317968764753e-01 
 1.066559999999998e-08  5.917317968764753e-01 
 1.068559999999998e-08  5.917317968764753e-01 
 1.070559999999998e-08  5.917317968764753e-01 
 1.072559999999998e-08  5.917317968764753e-01 
 1.074559999999998e-08  5.917317968764753e-01 
 1.076559999999998e-08  5.917317968764753e-01 
 1.078559999999997e-08  5.917317968764753e-01 
 1.080559999999997e-08  5.917317968764753e-01 
 1.082559999999997e-08  5.917317968764753e-01 
 1.084559999999997e-08  5.917317968764753e-01 
 1.086559999999997e-08  5.917317968764753e-01 
 1.088559999999997e-08  5.917317968764753e-01 
 1.090559999999997e-08  5.917317968764753e-01 
 1.092559999999997e-08  5.917317968764753e-01 
 1.094559999999997e-08  5.917317968764753e-01 
 1.096559999999997e-08  5.917317968764753e-01 
 1.098559999999997e-08  5.917317968764753e-01 
 1.100559999999997e-08  5.917317968764753e-01 
 1.102559999999997e-08  5.917317968764753e-01 
 1.104559999999997e-08  5.917317968764753e-01 
 1.106559999999997e-08  5.917317968764753e-01 
 1.108559999999997e-08  5.917317968764753e-01 
 1.110559999999997e-08  5.917317968764753e-01 
 1.112559999999997e-08  5.917317968764753e-01 
 1.114559999999997e-08  5.917317968764753e-01 
 1.116559999999997e-08  5.917317968764753e-01 
 1.118559999999997e-08  5.917317968764753e-01 
 1.120559999999996e-08  5.917317968764753e-01 
 1.122559999999996e-08  5.917317968764753e-01 
 1.124559999999996e-08  5.917317968764753e-01 
 1.126559999999996e-08  5.917317968764753e-01 
 1.128559999999996e-08  5.917317968764753e-01 
 1.130559999999996e-08  5.917317968764753e-01 
 1.132559999999996e-08  5.917317968764753e-01 
 1.134559999999996e-08  5.917317968764753e-01 
 1.136559999999996e-08  5.917317968764753e-01 
 1.138559999999996e-08  5.917317968764753e-01 
 1.140559999999996e-08  5.917317968764753e-01 
 1.142559999999996e-08  5.917317968764753e-01 
 1.144559999999996e-08  5.917317968764753e-01 
 1.146559999999996e-08  5.917317968764753e-01 
 1.148559999999996e-08  5.917317968764753e-01 
 1.150559999999996e-08  5.917317968764753e-01 
 1.152559999999996e-08  5.917317968764753e-01 
 1.154559999999996e-08  5.917317968764753e-01 
 1.156559999999996e-08  5.917317968764753e-01 
 1.158559999999996e-08  5.917317968764753e-01 
 1.160559999999996e-08  5.917317968764753e-01 
 1.162559999999995e-08  5.917317968764753e-01 
 1.164559999999995e-08  5.917317968764753e-01 
 1.166559999999995e-08  5.917317968764753e-01 
 1.168559999999995e-08  5.917317968764753e-01 
 1.170559999999995e-08  5.917317968764753e-01 
 1.172559999999995e-08  5.917317968764753e-01 
 1.174559999999995e-08  5.917317968764753e-01 
 1.176559999999995e-08  5.917317968764753e-01 
 1.178559999999995e-08  5.917317968764753e-01 
 1.180559999999995e-08  5.917317968764753e-01 
 1.182559999999995e-08  5.917317968764753e-01 
 1.184559999999995e-08  5.917317968764753e-01 
 1.186559999999995e-08  5.917317968764753e-01 
 1.188559999999995e-08  5.917317968764753e-01 
 1.190559999999995e-08  5.917317968764753e-01 
 1.192559999999995e-08  5.917317968764753e-01 
 1.194559999999995e-08  5.917317968764753e-01 
 1.196559999999995e-08  5.917317968764753e-01 
 1.198559999999995e-08  5.917317968764753e-01 
 1.200559999999995e-08  5.917317968764753e-01 
 1.202559999999994e-08  5.917317968764753e-01 
 1.204559999999994e-08  5.917317968764753e-01 
 1.206559999999994e-08  5.917317968764753e-01 
 1.208559999999994e-08  5.917317968764753e-01 
 1.210559999999994e-08  5.917317968764753e-01 
 1.212559999999994e-08  5.917317968764753e-01 
 1.214559999999994e-08  5.917317968764753e-01 
 1.216559999999994e-08  5.917317968764753e-01 
 1.218559999999994e-08  5.917317968764753e-01 
 1.220559999999994e-08  5.917317968764753e-01 
 1.222559999999994e-08  5.917317968764753e-01 
 1.224559999999994e-08  5.917317968764753e-01 
 1.226559999999994e-08  5.917317968764753e-01 
 1.228559999999994e-08  5.917317968764753e-01 
 1.230559999999994e-08  5.917317968764753e-01 
 1.232559999999994e-08  5.917317968764753e-01 
 1.234559999999994e-08  5.917317968764753e-01 
 1.236559999999994e-08  5.917317968764753e-01 
 1.238559999999994e-08  5.917317968764753e-01 
 1.240559999999994e-08  5.917317968764753e-01 
 1.242559999999994e-08  5.917317968764753e-01 
 1.244559999999993e-08  5.917317968764753e-01 
 1.246559999999993e-08  5.917317968764753e-01 
 1.248559999999993e-08  5.917317968764753e-01 
 1.250559999999993e-08  5.917317968764753e-01 
 1.252559999999993e-08  5.917317968764753e-01 
 1.254559999999993e-08  5.917317968764753e-01 
 1.256559999999993e-08  5.917317968764753e-01 
 1.258559999999993e-08  5.917317968764753e-01 
 1.260559999999993e-08  5.917317968764753e-01 
 1.262559999999993e-08  5.917317968764753e-01 
 1.264559999999993e-08  5.917317968764753e-01 
 1.266559999999993e-08  5.917317968764753e-01 
 1.268559999999993e-08  5.917317968764753e-01 
 1.270559999999993e-08  5.917317968764753e-01 
 1.272559999999993e-08  5.917317968764753e-01 
 1.274559999999993e-08  5.917317968764753e-01 
 1.276559999999993e-08  5.917317968764753e-01 
 1.278559999999993e-08  5.917317968764753e-01 
 1.280559999999993e-08  5.917317968764753e-01 
 1.282559999999993e-08  5.917317968764753e-01 
 1.284559999999993e-08  5.917317968764753e-01 
 1.286559999999992e-08  5.917317968764753e-01 
 1.288559999999992e-08  5.917317968764753e-01 
 1.290559999999992e-08  5.917317968764753e-01 
 1.292559999999992e-08  5.917317968764753e-01 
 1.294559999999992e-08  5.917317968764753e-01 
 1.296559999999992e-08  5.917317968764753e-01 
 1.298559999999992e-08  5.917317968764753e-01 
 1.300559999999992e-08  5.917317968764753e-01 
 1.302559999999992e-08  5.917317968764753e-01 
 1.304559999999992e-08  5.917317968764753e-01 
 1.306559999999992e-08  5.917317968764753e-01 
 1.308559999999992e-08  5.917317968764753e-01 
 1.310559999999992e-08  5.917317968764753e-01 
 1.312559999999992e-08  5.917317968764753e-01 
 1.314559999999992e-08  5.917317968764753e-01 
 1.316559999999992e-08  5.917317968764753e-01 
 1.318559999999992e-08  5.917317968764753e-01 
 1.320559999999992e-08  5.917317968764753e-01 
 1.322559999999992e-08  5.917317968764753e-01 
 1.324559999999992e-08  5.917317968764753e-01 
 1.326559999999991e-08  5.917317968764753e-01 
 1.328559999999991e-08  5.917317968764753e-01 
 1.330559999999991e-08  5.917317968764753e-01 
 1.332559999999991e-08  5.917317968764753e-01 
 1.334559999999991e-08  5.917317968764753e-01 
 1.336559999999991e-08  5.917317968764753e-01 
 1.338559999999991e-08  5.917317968764753e-01 
 1.340559999999991e-08  5.917317968764753e-01 
 1.342559999999991e-08  5.917317968764753e-01 
 1.344559999999991e-08  5.917317968764753e-01 
 1.346559999999991e-08  5.917317968764753e-01 
 1.348559999999991e-08  5.917317968764753e-01 
 1.350559999999991e-08  5.917317968764753e-01 
 1.352559999999991e-08  5.917317968764753e-01 
 1.354559999999991e-08  5.917317968764753e-01 
 1.356559999999991e-08  5.917317968764753e-01 
 1.358559999999991e-08  5.917317968764753e-01 
 1.360559999999991e-08  5.917317968764753e-01 
 1.362559999999991e-08  5.917317968764753e-01 
 1.364559999999991e-08  5.917317968764753e-01 
 1.366559999999991e-08  5.917317968764753e-01 
 1.368559999999990e-08  5.917317968764753e-01 
 1.370559999999990e-08  5.917317968764753e-01 
 1.372559999999990e-08  5.917317968764753e-01 
 1.374559999999990e-08  5.917317968764753e-01 
 1.376559999999990e-08  5.917317968764753e-01 
 1.378559999999990e-08  5.917317968764753e-01 
 1.380559999999990e-08  5.917317968764753e-01 
 1.382559999999990e-08  5.917317968764753e-01 
 1.384559999999990e-08  5.917317968764753e-01 
 1.386559999999990e-08  5.917317968764753e-01 
 1.388559999999990e-08  5.917317968764753e-01 
 1.390559999999990e-08  5.917317968764753e-01 
 1.392559999999990e-08  5.917317968764753e-01 
 1.394559999999990e-08  5.917317968764753e-01 
 1.396559999999990e-08  5.917317968764753e-01 
 1.398559999999990e-08  5.917317968764753e-01 
 1.400559999999990e-08  5.917317968764753e-01 
 1.402559999999990e-08  5.917317968764753e-01 
 1.404559999999990e-08  5.917317968764753e-01 
 1.406559999999990e-08  5.917317968764753e-01 
 1.408559999999990e-08  5.917317968764753e-01 
 1.410559999999989e-08  5.917317968764753e-01 
 1.412559999999989e-08  5.917317968764753e-01 
 1.414559999999989e-08  5.917317968764753e-01 
 1.416559999999989e-08  5.917317968764753e-01 
 1.418559999999989e-08  5.917317968764753e-01 
 1.420559999999989e-08  5.917317968764753e-01 
 1.422559999999989e-08  5.917317968764753e-01 
 1.424559999999989e-08  5.917317968764753e-01 
 1.426559999999989e-08  5.917317968764753e-01 
 1.428559999999989e-08  5.917317968764753e-01 
 1.430559999999989e-08  5.917317968764753e-01 
 1.432559999999989e-08  5.917317968764753e-01 
 1.434559999999989e-08  5.917317968764753e-01 
 1.436559999999989e-08  5.917317968764753e-01 
 1.438559999999989e-08  5.917317968764753e-01 
 1.440559999999989e-08  5.917317968764753e-01 
 1.442559999999989e-08  5.917317968764753e-01 
 1.444559999999989e-08  5.917317968764753e-01 
 1.446559999999989e-08  5.917317968764753e-01 
 1.448559999999989e-08  5.917317968764753e-01 
 1.450559999999989e-08  5.917317968764753e-01 
 1.452559999999988e-08  5.917317968764753e-01 
 1.454559999999988e-08  5.917317968764753e-01 
 1.456559999999988e-08  5.917317968764753e-01 
 1.458559999999988e-08  5.917317968764753e-01 
 1.460559999999988e-08  5.917317968764753e-01 
 1.462559999999988e-08  5.917317968764753e-01 
 1.464559999999988e-08  5.917317968764753e-01 
 1.466559999999988e-08  5.917317968764753e-01 
 1.468559999999988e-08  5.917317968764753e-01 
 1.470559999999988e-08  5.917317968764753e-01 
 1.472559999999988e-08  5.917317968764753e-01 
 1.474559999999988e-08  5.917317968764753e-01 
 1.476559999999988e-08  5.917317968764753e-01 
 1.478559999999988e-08  5.917317968764753e-01 
 1.480559999999988e-08  5.917317968764753e-01 
 1.482559999999988e-08  5.917317968764753e-01 
 1.484559999999988e-08  5.917317968764753e-01 
 1.486559999999988e-08  5.917317968764753e-01 
 1.488559999999988e-08  5.917317968764753e-01 
 1.490559999999988e-08  5.917317968764753e-01 
 1.492559999999988e-08  5.917317968764753e-01 
 1.494559999999988e-08  5.917317968764753e-01 
 1.496559999999988e-08  5.917317968764753e-01 
 1.498559999999988e-08  5.917317968764753e-01 
 1.500559999999987e-08  5.917317968764753e-01 
 1.502559999999987e-08  5.917317968764753e-01 
 1.504559999999987e-08  5.917317968764753e-01 
 1.506559999999987e-08  5.917317968764753e-01 
 1.508559999999987e-08  5.917317968764753e-01 
 1.510559999999987e-08  5.917317968764753e-01 
 1.512559999999987e-08  5.917317968764753e-01 
 1.514559999999987e-08  5.917317968764753e-01 
 1.516559999999987e-08  5.917317968764753e-01 
 1.518559999999987e-08  5.917317968764753e-01 
 1.520559999999987e-08  5.917317968764753e-01 
 1.522559999999987e-08  5.917317968764753e-01 
 1.524559999999987e-08  5.917317968764753e-01 
 1.526559999999987e-08  5.917317968764753e-01 
 1.528559999999987e-08  5.917317968764753e-01 
 1.530559999999987e-08  5.917317968764753e-01 
 1.532559999999987e-08  5.917317968764753e-01 
 1.534559999999987e-08  5.917317968764753e-01 
 1.536559999999987e-08  5.917317968764753e-01 
 1.538559999999987e-08  5.917317968764753e-01 
 1.540559999999986e-08  5.917317968764753e-01 
 1.542559999999986e-08  5.917317968764753e-01 
 1.544559999999986e-08  5.917317968764753e-01 
 1.546559999999986e-08  5.917317968764753e-01 
 1.548559999999986e-08  5.917317968764753e-01 
 1.550559999999986e-08  5.917317968764753e-01 
 1.552559999999986e-08  5.917317968764753e-01 
 1.554559999999986e-08  5.917317968764753e-01 
 1.556559999999986e-08  5.917317968764753e-01 
 1.558559999999986e-08  5.917317968764753e-01 
 1.560559999999986e-08  5.917317968764753e-01 
 1.562559999999986e-08  5.917317968764753e-01 
 1.564559999999986e-08  5.917317968764753e-01 
 1.566559999999986e-08  5.917317968764753e-01 
 1.568559999999986e-08  5.917317968764753e-01 
 1.570559999999986e-08  5.917317968764753e-01 
 1.572559999999986e-08  5.917317968764753e-01 
 1.574559999999986e-08  5.917317968764753e-01 
 1.576559999999986e-08  5.917317968764753e-01 
 1.578559999999986e-08  5.917317968764753e-01 
 1.580559999999986e-08  5.917317968764753e-01 
 1.582559999999985e-08  5.917317968764753e-01 
 1.584559999999985e-08  5.917317968764753e-01 
 1.586559999999985e-08  5.917317968764753e-01 
 1.588559999999985e-08  5.917317968764753e-01 
 1.590559999999985e-08  5.917317968764753e-01 
 1.592559999999985e-08  5.917317968764753e-01 
 1.594559999999985e-08  5.917317968764753e-01 
 1.596559999999985e-08  5.917317968764753e-01 
 1.598559999999985e-08  5.917317968764753e-01 
 1.600559999999985e-08  5.917317968764753e-01 
 1.602559999999985e-08  5.917317968764753e-01 
 1.604559999999985e-08  5.917317968764753e-01 
 1.606559999999985e-08  5.917317968764753e-01 
 1.608559999999985e-08  5.917317968764753e-01 
 1.610559999999985e-08  5.917317968764753e-01 
 1.612559999999985e-08  5.917317968764753e-01 
 1.614559999999985e-08  5.917317968764753e-01 
 1.616559999999985e-08  5.917317968764753e-01 
 1.618559999999985e-08  5.917317968764753e-01 
 1.620559999999985e-08  5.917317968764753e-01 
 1.622559999999985e-08  5.917317968764753e-01 
 1.624559999999984e-08  5.917317968764753e-01 
 1.626559999999984e-08  5.917317968764753e-01 
 1.628559999999984e-08  5.917317968764753e-01 
 1.630559999999984e-08  5.917317968764753e-01 
 1.632559999999984e-08  5.917317968764753e-01 
 1.634559999999984e-08  5.917317968764753e-01 
 1.636559999999984e-08  5.917317968764753e-01 
 1.638559999999984e-08  5.917317968764753e-01 
 1.640559999999984e-08  5.917317968764753e-01 
 1.642559999999984e-08  5.917317968764753e-01 
 1.644559999999984e-08  5.917317968764753e-01 
 1.646559999999984e-08  5.917317968764753e-01 
 1.648559999999984e-08  5.917317968764753e-01 
 1.650559999999984e-08  5.917317968764753e-01 
 1.652559999999984e-08  5.917317968764753e-01 
 1.654559999999984e-08  5.917317968764753e-01 
 1.656559999999984e-08  5.917317968764753e-01 
 1.658559999999984e-08  5.917317968764753e-01 
 1.660559999999984e-08  5.917317968764753e-01 
 1.662559999999984e-08  5.917317968764753e-01 
 1.664559999999984e-08  5.917317968764753e-01 
 1.666559999999983e-08  5.917317968764753e-01 
 1.668559999999983e-08  5.917317968764753e-01 
 1.670559999999983e-08  5.917317968764753e-01 
 1.672559999999983e-08  5.917317968764753e-01 
 1.674559999999983e-08  5.917317968764753e-01 
 1.676559999999983e-08  5.917317968764753e-01 
 1.678559999999983e-08  5.917317968764753e-01 
 1.680559999999983e-08  5.917317968764753e-01 
 1.682559999999983e-08  5.917317968764753e-01 
 1.684559999999983e-08  5.917317968764753e-01 
 1.686559999999983e-08  5.917317968764753e-01 
 1.688559999999983e-08  5.917317968764753e-01 
 1.690559999999983e-08  5.917317968764753e-01 
 1.692559999999983e-08  5.917317968764753e-01 
 1.694559999999983e-08  5.917317968764753e-01 
 1.696559999999983e-08  5.917317968764753e-01 
 1.698559999999983e-08  5.917317968764753e-01 
 1.700559999999983e-08  5.917317968764753e-01 
 1.702559999999983e-08  5.917317968764753e-01 
 1.704559999999983e-08  5.917317968764753e-01 
 1.706559999999982e-08  5.917317968764753e-01 
 1.708559999999982e-08  5.917317968764753e-01 
 1.710559999999982e-08  5.917317968764753e-01 
 1.712559999999982e-08  5.917317968764753e-01 
 1.714559999999982e-08  5.917317968764753e-01 
 1.716559999999982e-08  5.917317968764753e-01 
 1.718559999999982e-08  5.917317968764753e-01 
 1.720559999999982e-08  5.917317968764753e-01 
 1.722559999999982e-08  5.917317968764753e-01 
 1.724559999999982e-08  5.917317968764753e-01 
 1.726559999999982e-08  5.917317968764753e-01 
 1.728559999999982e-08  5.917317968764753e-01 
 1.730559999999982e-08  5.917317968764753e-01 
 1.732559999999982e-08  5.917317968764753e-01 
 1.734559999999982e-08  5.917317968764753e-01 
 1.736559999999982e-08  5.917317968764753e-01 
 1.738559999999982e-08  5.917317968764753e-01 
 1.740559999999982e-08  5.917317968764753e-01 
 1.742559999999982e-08  5.917317968764753e-01 
 1.744559999999982e-08  5.917317968764753e-01 
 1.746559999999982e-08  5.917317968764753e-01 
 1.748559999999981e-08  5.917317968764753e-01 
 1.750559999999981e-08  5.917317968764753e-01 
 1.752559999999981e-08  5.917317968764753e-01 
 1.754559999999981e-08  5.917317968764753e-01 
 1.756559999999981e-08  5.917317968764753e-01 
 1.758559999999981e-08  5.917317968764753e-01 
 1.760559999999981e-08  5.917317968764753e-01 
 1.762559999999981e-08  5.917317968764753e-01 
 1.764559999999981e-08  5.917317968764753e-01 
 1.766559999999981e-08  5.917317968764753e-01 
 1.768559999999981e-08  5.917317968764753e-01 
 1.770559999999981e-08  5.917317968764753e-01 
 1.772559999999981e-08  5.917317968764753e-01 
 1.774559999999981e-08  5.917317968764753e-01 
 1.776559999999981e-08  5.917317968764753e-01 
 1.778559999999981e-08  5.917317968764753e-01 
 1.780559999999981e-08  5.917317968764753e-01 
 1.782559999999981e-08  5.917317968764753e-01 
 1.784559999999981e-08  5.917317968764753e-01 
 1.786559999999981e-08  5.917317968764753e-01 
 1.788559999999981e-08  5.917317968764753e-01 
 1.790559999999980e-08  5.917317968764753e-01 
 1.792559999999980e-08  5.917317968764753e-01 
 1.794559999999980e-08  5.917317968764753e-01 
 1.796559999999980e-08  5.917317968764753e-01 
 1.798559999999980e-08  5.917317968764753e-01 
 1.800559999999980e-08  5.917317968764753e-01 
 1.802559999999980e-08  5.917317968764753e-01 
 1.804559999999980e-08  5.917317968764753e-01 
 1.806559999999980e-08  5.917317968764753e-01 
 1.808559999999980e-08  5.917317968764753e-01 
 1.810559999999980e-08  5.917317968764753e-01 
 1.812559999999980e-08  5.917317968764753e-01 
 1.814559999999980e-08  5.917317968764753e-01 
 1.816559999999980e-08  5.917317968764753e-01 
 1.818559999999980e-08  5.917317968764753e-01 
 1.820559999999980e-08  5.917317968764753e-01 
 1.822559999999980e-08  5.917317968764753e-01 
 1.824559999999980e-08  5.917317968764753e-01 
 1.826559999999980e-08  5.917317968764753e-01 
 1.828559999999980e-08  5.917317968764753e-01 
 1.830559999999980e-08  5.917317968764753e-01 
 1.832559999999979e-08  5.917317968764753e-01 
 1.834559999999979e-08  5.917317968764753e-01 
 1.836559999999979e-08  5.917317968764753e-01 
 1.838559999999979e-08  5.917317968764753e-01 
 1.840559999999979e-08  5.917317968764753e-01 
 1.842559999999979e-08  5.917317968764753e-01 
 1.844559999999979e-08  5.917317968764753e-01 
 1.846559999999979e-08  5.917317968764753e-01 
 1.848559999999979e-08  5.917317968764753e-01 
 1.850559999999979e-08  5.917317968764753e-01 
 1.852559999999979e-08  5.917317968764753e-01 
 1.854559999999979e-08  5.917317968764753e-01 
 1.856559999999979e-08  5.917317968764753e-01 
 1.858559999999979e-08  5.917317968764753e-01 
 1.860559999999979e-08  5.917317968764753e-01 
 1.862559999999979e-08  5.917317968764753e-01 
 1.864559999999979e-08  5.917317968764753e-01 
 1.866559999999979e-08  5.917317968764753e-01 
 1.868559999999979e-08  5.917317968764753e-01 
 1.870559999999979e-08  5.917317968764753e-01 
 1.872559999999978e-08  5.917317968764753e-01 
 1.874559999999978e-08  5.917317968764753e-01 
 1.876559999999978e-08  5.917317968764753e-01 
 1.878559999999978e-08  5.917317968764753e-01 
 1.880559999999978e-08  5.917317968764753e-01 
 1.882559999999978e-08  5.917317968764753e-01 
 1.884559999999978e-08  5.917317968764753e-01 
 1.886559999999978e-08  5.917317968764753e-01 
 1.888559999999978e-08  5.917317968764753e-01 
 1.890559999999978e-08  5.917317968764753e-01 
 1.892559999999978e-08  5.917317968764753e-01 
 1.894559999999978e-08  5.917317968764753e-01 
 1.896559999999978e-08  5.917317968764753e-01 
 1.898559999999978e-08  5.917317968764753e-01 
 1.900559999999978e-08  5.917317968764753e-01 
 1.902559999999978e-08  5.917317968764753e-01 
 1.904559999999978e-08  5.917317968764753e-01 
 1.906559999999978e-08  5.917317968764753e-01 
 1.908559999999978e-08  5.917317968764753e-01 
 1.910559999999978e-08  5.917317968764753e-01 
 1.912559999999978e-08  5.917317968764753e-01 
 1.914559999999977e-08  5.917317968764753e-01 
 1.916559999999977e-08  5.917317968764753e-01 
 1.918559999999977e-08  5.917317968764753e-01 
 1.920559999999977e-08  5.917317968764753e-01 
 1.922559999999977e-08  5.917317968764753e-01 
 1.924559999999977e-08  5.917317968764753e-01 
 1.926559999999977e-08  5.917317968764753e-01 
 1.928559999999977e-08  5.917317968764753e-01 
 1.930559999999977e-08  5.917317968764753e-01 
 1.932559999999977e-08  5.917317968764753e-01 
 1.934559999999977e-08  5.917317968764753e-01 
 1.936559999999977e-08  5.917317968764753e-01 
 1.938559999999977e-08  5.917317968764753e-01 
 1.940559999999977e-08  5.917317968764753e-01 
 1.942559999999977e-08  5.917317968764753e-01 
 1.944559999999977e-08  5.917317968764753e-01 
 1.946559999999977e-08  5.917317968764753e-01 
 1.948559999999977e-08  5.917317968764753e-01 
 1.950559999999977e-08  5.917317968764753e-01 
 1.952559999999977e-08  5.917317968764753e-01 
 1.954559999999977e-08  5.917317968764753e-01 
 1.956559999999976e-08  5.917317968764753e-01 
 1.958559999999976e-08  5.917317968764753e-01 
 1.960559999999976e-08  5.917317968764753e-01 
 1.962559999999976e-08  5.917317968764753e-01 
 1.964559999999976e-08  5.917317968764753e-01 
 1.966559999999976e-08  5.917317968764753e-01 
 1.968559999999976e-08  5.917317968764753e-01 
 1.970559999999976e-08  5.917317968764753e-01 
 1.972559999999976e-08  5.917317968764753e-01 
 1.974559999999976e-08  5.917317968764753e-01 
 1.976559999999976e-08  5.917317968764753e-01 
 1.978559999999976e-08  5.917317968764753e-01 
 1.980559999999976e-08  5.917317968764753e-01 
 1.982559999999976e-08  5.917317968764753e-01 
 1.984559999999976e-08  5.917317968764753e-01 
 1.986559999999976e-08  5.917317968764753e-01 
 1.988559999999976e-08  5.917317968764753e-01 
 1.990559999999976e-08  5.917317968764753e-01 
 1.992559999999976e-08  5.917317968764753e-01 
 1.994559999999976e-08  5.917317968764753e-01 
 1.996559999999975e-08  5.917317968764753e-01 
 1.998559999999975e-08  5.917317968764753e-01 
 2.000000000000000e-08  5.917317968764753e-01 
 2.000011460658546e-08  5.917319722749487e-01 
 2.000034381975639e-08  5.917326793014632e-01 
 2.000080224609824e-08  5.917364975488170e-01 
 2.000154298306396e-08  5.917508266667807e-01 
 2.000235540279756e-08  5.917799314568303e-01 
 2.000371263265418e-08  5.918631983125088e-01 
 2.000514967125806e-08  5.920004773639236e-01 
 2.000718446528899e-08  5.922793869965658e-01 
 2.000961781424355e-08  5.927323529408002e-01 
 2.001277118112173e-08  5.934915891327595e-01 
 2.001907791487810e-08  5.955165297043562e-01 
 2.002531042427803e-08  5.980975243414727e-01 
 2.003221205647731e-08  6.014889129416144e-01 
 2.003845012093669e-08  6.048257468063347e-01 
 2.004297731179504e-08  6.071336942603085e-01 
 2.004631396399168e-08  6.084913443659773e-01 
 2.005013618659109e-08  6.091974174555341e-01 
 2.005435195900939e-08  6.081924832239877e-01 
 2.005766043757463e-08  6.055704942737993e-01 
 2.006187500291653e-08  5.990751329585626e-01 
 2.006507180239334e-08  5.913611139014817e-01 
 2.006689043525999e-08  5.858840358080160e-01 
 2.006843085718992e-08  5.807979829536758e-01 
 2.006964348696593e-08  5.766289168941819e-01 
 2.007117415642621e-08  5.712959871665716e-01 
 2.007309092193742e-08  5.646698978224436e-01 
 2.007508993214037e-08  5.579706732738328e-01 
 2.007735105527892e-08  5.507803531624748e-01 
 2.007977250292223e-08  5.436117613195824e-01 
 2.008275354104736e-08  5.355916358356192e-01 
 2.008650652731318e-08  5.267953454274388e-01 
 2.009230600752311e-08  5.161609308794239e-01 
 2.010000000000000e-08  5.078890414500092e-01 
 2.010013452326893e-08  5.078060986887126e-01 
 2.010040356980680e-08  5.076441972652377e-01 
 2.010094166288253e-08  5.073439344449208e-01 
 2.010171298714660e-08  5.069663183370786e-01 
 2.010265307792208e-08  5.065852790306948e-01 
 2.010453325947304e-08  5.060559022642837e-01 
 2.010829362257496e-08  5.057543675828384e-01 
 2.011229235833134e-08  5.062841683972913e-01 
 2.011735052772829e-08  5.077933317552498e-01 
 2.012307384984330e-08  5.102272220004614e-01 
 2.013069752811493e-08  5.141167956140472e-01 
 2.013997275394375e-08  5.192519379564493e-01 
 2.015088135186402e-08  5.252914698201029e-01 
 2.016201455508659e-08  5.311250072914224e-01 
 2.017610513388352e-08  5.378297394691455e-01 
 2.019371930608794e-08  5.451174733750349e-01 
 2.021371930608794e-08  5.520531536422920e-01 
 2.023371930608794e-08  5.577729607138838e-01 
 2.025371930608794e-08  5.624854387685011e-01 
 2.027371930608794e-08  5.663673076032492e-01 
 2.029371930608793e-08  5.695648583704502e-01 
 2.031371930608793e-08  5.721986967061089e-01 
 2.033371930608793e-08  5.743681938869752e-01 
 2.035371930608793e-08  5.761552029871445e-01 
 2.037371930608793e-08  5.776271560721841e-01 
 2.039371930608793e-08  5.788395929263999e-01 
 2.041371930608793e-08  5.798382689242282e-01 
 2.043371930608793e-08  5.806608674898641e-01 
 2.045371930608793e-08  5.813384347674906e-01 
 2.047371930608793e-08  5.818965377359331e-01 
 2.049371930608793e-08  5.823562418133063e-01 
 2.051371930608793e-08  5.827348927358590e-01 
 2.053371930608793e-08  5.830467838989002e-01 
 2.055371930608793e-08  5.833036829415817e-01 
 2.057371930608793e-08  5.835152884853179e-01 
 2.059371930608793e-08  5.836895835238347e-01 
 2.061371930608793e-08  5.838331492030828e-01 
 2.063371930608793e-08  5.839514007384552e-01 
 2.065371930608793e-08  5.840488041425009e-01 
 2.067371930608793e-08  5.841290324839742e-01 
 2.069371930608792e-08  5.841951167145861e-01 
 2.071371930608792e-08  5.842495479300112e-01 
 2.073371930608792e-08  5.842943834330854e-01 
 2.075371930608792e-08  5.843313124081266e-01 
 2.077371930608792e-08  5.843617315626149e-01 
 2.079371930608792e-08  5.843867860285987e-01 
 2.081371930608792e-08  5.844074243139078e-01 
 2.083371930608792e-08  5.844244224461442e-01 
 2.085371930608792e-08  5.844384248358653e-01 
 2.087371930608792e-08  5.844499571014143e-01 
 2.089371930608792e-08  5.844594573237831e-01 
 2.091371930608792e-08  5.844672812418482e-01 
 2.093371930608792e-08  5.844737269384146e-01 
 2.095371930608792e-08  5.844790349089310e-01 
 2.097371930608792e-08  5.844834082411005e-01 
 2.099371930608792e-08  5.844870092551090e-01 
 2.101371930608792e-08  5.844899765762781e-01 
 2.103371930608792e-08  5.844924194986197e-01 
 2.105371930608792e-08  5.844944329002676e-01 
 2.107371930608792e-08  5.844960901115533e-01 
 2.109371930608792e-08  5.844974563178507e-01 
 2.111371930608791e-08  5.844985804618934e-01 
 2.113371930608791e-08  5.844995075716866e-01 
 2.115371930608791e-08  5.845002700561504e-01 
 2.117371930608791e-08  5.845008992553479e-01 
 2.119371930608791e-08  5.845014163727470e-01 
 2.121371930608791e-08  5.845018434497785e-01 
 2.123371930608791e-08  5.845021940994279e-01 
 2.125371930608791e-08  5.845024840425377e-01 
 2.127371930608791e-08  5.845027217541156e-01 
 2.129371930608791e-08  5.845029186549826e-01 
 2.131371930608791e-08  5.845030797459874e-01 
 2.133371930608791e-08  5.845032135188943e-01 
 2.135371930608791e-08  5.845033226291191e-01 
 2.137371930608791e-08  5.845034135696113e-01 
 2.139371930608791e-08  5.845034874160411e-01 
 2.141371930608791e-08  5.845035492937761e-01 
 2.143371930608791e-08  5.845035992181197e-01 
 2.145371930608791e-08  5.845036413752296e-01 
 2.147371930608791e-08  5.845036750723083e-01 
 2.149371930608791e-08  5.845037038470452e-01 
 2.151371930608791e-08  5.845037265374270e-01 
 2.153371930608790e-08  5.845037462300433e-01 
 2.155371930608790e-08  5.845037614556242e-01 
 2.157371930608790e-08  5.845037749836801e-01 
 2.159371930608790e-08  5.845037851474513e-01 
 2.161371930608790e-08  5.845037944904117e-01 
 2.163371930608790e-08  5.845038012226665e-01 
 2.165371930608790e-08  5.845038077235407e-01 
 2.167371930608790e-08  5.845038121303324e-01 
 2.169371930608790e-08  5.845038167003231e-01 
 2.171371930608790e-08  5.845038194950887e-01 
 2.173371930608790e-08  5.845038227201464e-01 
 2.175371930608790e-08  5.845038244995071e-01 
 2.177371930608790e-08  5.845038268804950e-01 
 2.179371930608790e-08  5.845038279400470e-01 
 2.181371930608790e-08  5.845038297076895e-01 
 2.183371930608790e-08  5.845038302761166e-01 
 2.185371930608790e-08  5.845038316243608e-01 
 2.187371930608790e-08  5.845038318619968e-01 
 2.189371930608790e-08  5.845038329231856e-01 
 2.191371930608790e-08  5.845038329388803e-01 
 2.193371930608790e-08  5.845038338028471e-01 
 2.195371930608789e-08  5.845038336704211e-01 
 2.197371930608789e-08  5.845038343981456e-01 
 2.199371930608789e-08  5.845038341676523e-01 
 2.201371930608789e-08  5.845038348005374e-01 
 2.203371930608789e-08  5.845038345059015e-01 
 2.205371930608789e-08  5.845038350720673e-01 
 2.207371930608789e-08  5.845038347362812e-01 
 2.209371930608789e-08  5.845038352548384e-01 
 2.211371930608789e-08  5.845038348934654e-01 
 2.213371930608789e-08  5.845038353774102e-01 
 2.215371930608789e-08  5.845038350009794e-01 
 2.217371930608789e-08  5.845038354591596e-01 
 2.219371930608789e-08  5.845038350747842e-01 
 2.221371930608789e-08  5.845038355132340e-01 
 2.223371930608789e-08  5.845038351257087e-01 
 2.225371930608789e-08  5.845038355485518e-01 
 2.227371930608789e-08  5.845038351610992e-01 
 2.229371930608789e-08  5.845038355711638e-01 
 2.231371930608789e-08  5.845038351859396e-01 
 2.233371930608789e-08  5.845038355851753e-01 
 2.235371930608788e-08  5.845038352036122e-01 
 2.237371930608788e-08  5.845038355933717e-01 
 2.239371930608788e-08  5.845038352164119e-01 
 2.241371930608788e-08  5.845038355976431e-01 
 2.243371930608788e-08  5.845038352258956e-01 
 2.245371930608788e-08  5.845038355992707e-01 
 2.247371930608788e-08  5.845038352331186e-01 
 2.249371930608788e-08  5.845038355991238e-01 
 2.251371930608788e-08  5.845038352387985e-01 
 2.253371930608788e-08  5.845038355977926e-01 
 2.255371930608788e-08  5.845038352434209e-01 
 2.257371930608788e-08  5.845038355956766e-01 
 2.259371930608788e-08  5.845038352473161e-01 
 2.261371930608788e-08  5.845038355930394e-01 
 2.263371930608788e-08  5.845038352506841e-01 
 2.265371930608788e-08  5.845038355900508e-01 
 2.267371930608788e-08  5.845038352537005e-01 
 2.269371930608788e-08  5.845038355868670e-01 
 2.271371930608788e-08  5.845038352564775e-01 
 2.273371930608788e-08  5.845038355835696e-01 
 2.275371930608788e-08  5.845038352590824e-01 
 2.277371930608787e-08  5.845038355802129e-01 
 2.279371930608787e-08  5.845038352615608e-01 
 2.281371930608787e-08  5.845038355768341e-01 
 2.283371930608787e-08  5.845038352639439e-01 
 2.285371930608787e-08  5.845038355734574e-01 
 2.287371930608787e-08  5.845038352662524e-01 
 2.289371930608787e-08  5.845038355700999e-01 
 2.291371930608787e-08  5.845038352685015e-01 
 2.293371930608787e-08  5.845038355667731e-01 
 2.295371930608787e-08  5.845038352707008e-01 
 2.297371930608787e-08  5.845038355634837e-01 
 2.299371930608787e-08  5.845038352728571e-01 
 2.301371930608787e-08  5.845038355602368e-01 
 2.303371930608787e-08  5.845038352749750e-01 
 2.305371930608787e-08  5.845038355570351e-01 
 2.307371930608787e-08  5.845038352770581e-01 
 2.309371930608787e-08  5.845038355538806e-01 
 2.311371930608787e-08  5.845038352791082e-01 
 2.313371930608787e-08  5.845038355507743e-01 
 2.315371930608787e-08  5.845038352811274e-01 
 2.317371930608787e-08  5.845038355477168e-01 
 2.319371930608786e-08  5.845038352831166e-01 
 2.321371930608786e-08  5.845038355447082e-01 
 2.323371930608786e-08  5.845038352850773e-01 
 2.325371930608786e-08  5.845038355417487e-01 
 2.327371930608786e-08  5.845038352870098e-01 
 2.329371930608786e-08  5.845038355388370e-01 
 2.331371930608786e-08  5.845038352889143e-01 
 2.333371930608786e-08  5.845038355359735e-01 
 2.335371930608786e-08  5.845038352907921e-01 
 2.337371930608786e-08  5.845038355331575e-01 
 2.339371930608786e-08  5.845038352926428e-01 
 2.341371930608786e-08  5.845038355303882e-01 
 2.343371930608786e-08  5.845038352944673e-01 
 2.345371930608786e-08  5.845038355276655e-01 
 2.347371930608786e-08  5.845038352962658e-01 
 2.349371930608786e-08  5.845038355249884e-01 
 2.351371930608786e-08  5.845038353213003e-01 
 2.353371930608786e-08  5.845038355905192e-01 
 2.355371930608786e-08  5.845038354082746e-01 
 2.357371930608786e-08  5.845038356617221e-01 
 2.359371930608785e-08  5.845038354708219e-01 
 2.361371930608785e-08  5.845038357088285e-01 
 2.363371930608785e-08  5.845038355129024e-01 
 2.365371930608785e-08  5.845038357390697e-01 
 2.367371930608785e-08  5.845038355410267e-01 
 2.369371930608785e-08  5.845038357578830e-01 
 2.371371930608785e-08  5.845038355596843e-01 
 2.373371930608785e-08  5.845038357689664e-01 
 2.375371930608785e-08  5.845038355719223e-01 
 2.377371930608785e-08  5.845038357529100e-01 
 2.379371930608785e-08  5.845038355140709e-01 
 2.381371930608785e-08  5.845038356936373e-01 
 2.383371930608785e-08  5.845038355118349e-01 
 2.385371930608785e-08  5.845038357165314e-01 
 2.387371930608785e-08  5.845038355376690e-01 
 2.389371930608785e-08  5.845038357343468e-01 
 2.391371930608785e-08  5.845038355553295e-01 
 2.393371930608785e-08  5.845038357449440e-01 
 2.395371930608785e-08  5.845038355669182e-01 
 2.397371930608785e-08  5.845038357505921e-01 
 2.399371930608785e-08  5.845038355743802e-01 
 2.401371930608784e-08  5.845038357529024e-01 
 2.403371930608784e-08  5.845038355790459e-01 
 2.405371930608784e-08  5.845038357529703e-01 
 2.407371930608784e-08  5.845038355614940e-01 
 2.409371930608784e-08  5.845038356921676e-01 
 2.411371930608784e-08  5.845038354888850e-01 
 2.413371930608784e-08  5.845038356255862e-01 
 2.415371930608784e-08  5.845038354366182e-01 
 2.417371930608784e-08  5.845038355793172e-01 
 2.419371930608784e-08  5.845038354015220e-01 
 2.421371930608784e-08  5.845038355473097e-01 
 2.423371930608784e-08  5.845038353781338e-01 
 2.425371930608784e-08  5.845038355249983e-01 
 2.427371930608784e-08  5.845038353626844e-01 
 2.429371930608784e-08  5.845038355092753e-01 
 2.431371930608784e-08  5.845038353526137e-01 
 2.433371930608784e-08  5.845038354980325e-01 
 2.435371930608784e-08  5.845038353461871e-01 
 2.437371930608784e-08  5.845038354898399e-01 
 2.439371930608784e-08  5.845038353422265e-01 
 2.441371930608784e-08  5.845038354837260e-01 
 2.443371930608783e-08  5.845038353399326e-01 
 2.445371930608783e-08  5.845038354790325e-01 
 2.447371930608783e-08  5.845038353387639e-01 
 2.449371930608783e-08  5.845038354753123e-01 
 2.451371930608783e-08  5.845038353383526e-01 
 2.453371930608783e-08  5.845038354722611e-01 
 2.455371930608783e-08  5.845038353384493e-01 
 2.457371930608783e-08  5.845038354696743e-01 
 2.459371930608783e-08  5.845038353388858e-01 
 2.461371930608783e-08  5.845038354674116e-01 
 2.463371930608783e-08  5.845038353395468e-01 
 2.465371930608783e-08  5.845038354653771e-01 
 2.467371930608783e-08  5.845038353403548e-01 
 2.469371930608783e-08  5.845038354635070e-01 
 2.471371930608783e-08  5.845038353412569e-01 
 2.473371930608783e-08  5.845038354617564e-01 
 2.475371930608783e-08  5.845038353422175e-01 
 2.477371930608783e-08  5.845038354600959e-01 
 2.479371930608783e-08  5.845038353432127e-01 
 2.481371930608783e-08  5.845038354585047e-01 
 2.483371930608783e-08  5.845038353612293e-01 
 2.485371930608782e-08  5.845038355064617e-01 
 2.487371930608782e-08  5.845038354238952e-01 
 2.489371930608782e-08  5.845038355421279e-01 
 2.491371930608782e-08  5.845038354200136e-01 
 2.493371930608782e-08  5.845038355144251e-01 
 2.495371930608782e-08  5.845038353963325e-01 
 2.497371930608782e-08  5.845038354922681e-01 
 2.499371930608782e-08  5.845038353802245e-01 
 2.501371930608782e-08  5.845038354768080e-01 
 2.503371930608782e-08  5.845038353696559e-01 
 2.505371930608782e-08  5.845038354659544e-01 
 2.507371930608782e-08  5.845038353628469e-01 
 2.509371930608782e-08  5.845038354582330e-01 
 2.511371930608782e-08  5.845038353585825e-01 
 2.513371930608782e-08  5.845038354526433e-01 
 2.515371930608782e-08  5.845038353560396e-01 
 2.517371930608782e-08  5.845038354485055e-01 
 2.519371930608782e-08  5.845038353546574e-01 
 2.521371930608782e-08  5.845038354453583e-01 
 2.523371930608782e-08  5.845038353540579e-01 
 2.525371930608781e-08  5.845038354428891e-01 
 2.527371930608781e-08  5.845038353539834e-01 
 2.529371930608781e-08  5.845038354408855e-01 
 2.531371930608781e-08  5.845038353542593e-01 
 2.533371930608781e-08  5.845038354392030e-01 
 2.535371930608781e-08  5.845038353547675e-01 
 2.537371930608781e-08  5.845038354377440e-01 
 2.539371930608781e-08  5.845038353554280e-01 
 2.541371930608781e-08  5.845038354364419e-01 
 2.543371930608781e-08  5.845038353561866e-01 
 2.545371930608781e-08  5.845038354352518e-01 
 2.547371930608781e-08  5.845038353570063e-01 
 2.549371930608781e-08  5.845038354341423e-01 
 2.551371930608781e-08  5.845038353578623e-01 
 2.553371930608781e-08  5.845038354330929e-01 
 2.555371930608781e-08  5.845038353587382e-01 
 2.557371930608781e-08  5.845038354320893e-01 
 2.559371930608781e-08  5.845038353596220e-01 
 2.561371930608781e-08  5.845038354311214e-01 
 2.563371930608781e-08  5.845038353605067e-01 
 2.565371930608781e-08  5.845038354301828e-01 
 2.567371930608780e-08  5.845038353613873e-01 
 2.569371930608780e-08  5.845038354292691e-01 
 2.571371930608780e-08  5.845038353622599e-01 
 2.573371930608780e-08  5.845038354283763e-01 
 2.575371930608780e-08  5.845038353631226e-01 
 2.577371930608780e-08  5.845038354275026e-01 
 2.579371930608780e-08  5.845038353639740e-01 
 2.581371930608780e-08  5.845038354266466e-01 
 2.583371930608780e-08  5.845038353648132e-01 
 2.585371930608780e-08  5.845038354258064e-01 
 2.587371930608780e-08  5.845038353656392e-01 
 2.589371930608780e-08  5.845038354249819e-01 
 2.591371930608780e-08  5.845038353664526e-01 
 2.593371930608780e-08  5.845038354241723e-01 
 2.595371930608780e-08  5.845038353672529e-01 
 2.597371930608780e-08  5.845038354233769e-01 
 2.599371930608780e-08  5.845038353680398e-01 
 2.601371930608780e-08  5.845038354225953e-01 
 2.603371930608780e-08  5.845038353688139e-01 
 2.605371930608780e-08  5.845038354218276e-01 
 2.607371930608780e-08  5.845038353695751e-01 
 2.609371930608779e-08  5.845038354210729e-01 
 2.611371930608779e-08  5.845038353703231e-01 
 2.613371930608779e-08  5.845038354203310e-01 
 2.615371930608779e-08  5.845038353710583e-01 
 2.617371930608779e-08  5.845038354196018e-01 
 2.619371930608779e-08  5.845038353717815e-01 
 2.621371930608779e-08  5.845038354188853e-01 
 2.623371930608779e-08  5.845038353724921e-01 
 2.625371930608779e-08  5.845038354181809e-01 
 2.627371930608779e-08  5.845038353731907e-01 
 2.629371930608779e-08  5.845038354174888e-01 
 2.631371930608779e-08  5.845038353738773e-01 
 2.633371930608779e-08  5.845038354168081e-01 
 2.635371930608779e-08  5.845038353745516e-01 
 2.637371930608779e-08  5.845038354161390e-01 
 2.639371930608779e-08  5.845038353752150e-01 
 2.641371930608779e-08  5.845038354154818e-01 
 2.643371930608779e-08  5.845038353758668e-01 
 2.645371930608779e-08  5.845038354148355e-01 
 2.647371930608779e-08  5.845038353765072e-01 
 2.649371930608779e-08  5.845038354142001e-01 
 2.651371930608778e-08  5.845038353771365e-01 
 2.653371930608778e-08  5.845038354135758e-01 
 2.655371930608778e-08  5.845038353777550e-01 
 2.657371930608778e-08  5.845038354129625e-01 
 2.659371930608778e-08  5.845038353783631e-01 
 2.661371930608778e-08  5.845038354123594e-01 
 2.663371930608778e-08  5.845038353789606e-01 
 2.665371930608778e-08  5.845038354117669e-01 
 2.667371930608778e-08  5.845038353795478e-01 
 2.669371930608778e-08  5.845038354111847e-01 
 2.671371930608778e-08  5.845038353801248e-01 
 2.673371930608778e-08  5.845038354106123e-01 
 2.675371930608778e-08  5.845038353806918e-01 
 2.677371930608778e-08  5.845038354100499e-01 
 2.679371930608778e-08  5.845038353812487e-01 
 2.681371930608778e-08  5.845038354094969e-01 
 2.683371930608778e-08  5.845038353817960e-01 
 2.685371930608778e-08  5.845038354089535e-01 
 2.687371930608778e-08  5.845038353823337e-01 
 2.689371930608778e-08  5.845038354084199e-01 
 2.691371930608777e-08  5.845038353828623e-01 
 2.693371930608777e-08  5.845038354078952e-01 
 2.695371930608777e-08  5.845038353833812e-01 
 2.697371930608777e-08  5.845038354073795e-01 
 2.699371930608777e-08  5.845038353838914e-01 
 2.701371930608777e-08  5.845038354068731e-01 
 2.703371930608777e-08  5.845038353843929e-01 
 2.705371930608777e-08  5.845038354063754e-01 
 2.707371930608777e-08  5.845038353848850e-01 
 2.709371930608777e-08  5.845038354058862e-01 
 2.711371930608777e-08  5.845038353853688e-01 
 2.713371930608777e-08  5.845038354054055e-01 
 2.715371930608777e-08  5.845038353858439e-01 
 2.717371930608777e-08  5.845038354049336e-01 
 2.719371930608777e-08  5.845038353863110e-01 
 2.721371930608777e-08  5.845038354044696e-01 
 2.723371930608777e-08  5.845038353867694e-01 
 2.725371930608777e-08  5.845038354040135e-01 
 2.727371930608777e-08  5.845038353872198e-01 
 2.729371930608777e-08  5.845038354035658e-01 
 2.731371930608777e-08  5.845038353876626e-01 
 2.733371930608776e-08  5.845038354031262e-01 
 2.735371930608776e-08  5.845038353880977e-01 
 2.737371930608776e-08  5.845038354026940e-01 
 2.739371930608776e-08  5.845038353885246e-01 
 2.741371930608776e-08  5.845038354022694e-01 
 2.743371930608776e-08  5.845038353889440e-01 
 2.745371930608776e-08  5.845038354018526e-01 
 2.747371930608776e-08  5.845038353893561e-01 
 2.749371930608776e-08  5.845038354014427e-01 
 2.751371930608776e-08  5.845038353897607e-01 
 2.753371930608776e-08  5.845038354010403e-01 
 2.755371930608776e-08  5.845038353901584e-01 
 2.757371930608776e-08  5.845038354006452e-01 
 2.759371930608776e-08  5.845038353905486e-01 
 2.761371930608776e-08  5.845038354002570e-01 
 2.763371930608776e-08  5.845038353909321e-01 
 2.765371930608776e-08  5.845038353998758e-01 
 2.767371930608776e-08  5.845038353913087e-01 
 2.769371930608776e-08  5.845038353995011e-01 
 2.771371930608776e-08  5.845038353916785e-01 
 2.773371930608776e-08  5.845038353991338e-01 
 2.775371930608775e-08  5.845038353920419e-01 
 2.777371930608775e-08  5.845038353987726e-01 
 2.779371930608775e-08  5.845038353923984e-01 
 2.781371930608775e-08  5.845038353984178e-01 
 2.783371930608775e-08  5.845038353927483e-01 
 2.785371930608775e-08  5.845038353980692e-01 
 2.787371930608775e-08  5.845038353930917e-01 
 2.789371930608775e-08  5.845038353977268e-01 
 2.791371930608775e-08  5.845038353934290e-01 
 2.793371930608775e-08  5.845038353973907e-01 
 2.795371930608775e-08  5.845038353937601e-01 
 2.797371930608775e-08  5.845038353970607e-01 
 2.799371930608775e-08  5.845038353940857e-01 
 2.801371930608775e-08  5.845038353967370e-01 
 2.803371930608775e-08  5.845038353944050e-01 
 2.805371930608775e-08  5.845038353964193e-01 
 2.807371930608775e-08  5.845038353947186e-01 
 2.809371930608775e-08  5.845038353961072e-01 
 2.811371930608775e-08  5.845038353950265e-01 
 2.813371930608775e-08  5.845038353958005e-01 
 2.815371930608774e-08  5.845038353953285e-01 
 2.817371930608774e-08  5.845038353954998e-01 
 2.819371930608774e-08  5.845038353956252e-01 
 2.821371930608774e-08  5.845038353952047e-01 
 2.823371930608774e-08  5.845038353959164e-01 
 2.825371930608774e-08  5.845038353949148e-01 
 2.827371930608774e-08  5.845038353962018e-01 
 2.829371930608774e-08  5.845038353946299e-01 
 2.831371930608774e-08  5.845038353964820e-01 
 2.833371930608774e-08  5.845038353943506e-01 
 2.835371930608774e-08  5.845038353967570e-01 
 2.837371930608774e-08  5.845038353940762e-01 
 2.839371930608774e-08  5.845038353970270e-01 
 2.841371930608774e-08  5.845038353938075e-01 
 2.843371930608774e-08  5.845038353972921e-01 
 2.845371930608774e-08  5.845038353935432e-01 
 2.847371930608774e-08  5.845038353975518e-01 
 2.849371930608774e-08  5.845038353932840e-01 
 2.851371930608774e-08  5.845038353978068e-01 
 2.853371930608774e-08  5.845038353930299e-01 
 2.855371930608774e-08  5.845038353980569e-01 
 2.857371930608773e-08  5.845038353927803e-01 
 2.859371930608773e-08  5.845038353983025e-01 
 2.861371930608773e-08  5.845038353925355e-01 
 2.863371930608773e-08  5.845038353985432e-01 
 2.865371930608773e-08  5.845038353922954e-01 
 2.867371930608773e-08  5.845038353987797e-01 
 2.869371930608773e-08  5.845038353989996e-01 
 2.871371930608773e-08  5.845038354125690e-01 
 2.873371930608773e-08  5.845038354039002e-01 
 2.875371930608773e-08  5.845038354091093e-01 
 2.877371930608773e-08  5.845038353995301e-01 
 2.879371930608773e-08  5.845038354057663e-01 
 2.881371930608773e-08  5.845038353963475e-01 
 2.883371930608773e-08  5.845038354035439e-01 
 2.885371930608773e-08  5.845038353941169e-01 
 2.887371930608773e-08  5.845038354021002e-01 
 2.889371930608773e-08  5.845038353925367e-01 
 2.891371930608773e-08  5.845038354011847e-01 
 2.893371930608773e-08  5.845038353913992e-01 
 2.895371930608773e-08  5.845038354079377e-01 
 2.897371930608773e-08  5.845038354116193e-01 
 2.899371930608772e-08  5.845038354337246e-01 
 2.901371930608772e-08  5.845038354336178e-01 
 2.903371930608772e-08  5.845038354522614e-01 
 2.905371930608772e-08  5.845038354484365e-01 
 2.907371930608772e-08  5.845038354647114e-01 
 2.909371930608772e-08  5.845038354582257e-01 
 2.911371930608772e-08  5.845038354730101e-01 
 2.913371930608772e-08  5.845038354646022e-01 
 2.915371930608772e-08  5.845038354784926e-01 
 2.917371930608772e-08  5.845038354623135e-01 
 2.919371930608772e-08  5.845038354626532e-01 
 2.921371930608772e-08  5.845038354399640e-01 
 2.923371930608772e-08  5.845038354433291e-01 
 2.925371930608772e-08  5.845038354298060e-01 
 2.927371930608772e-08  5.845038354492413e-01 
 2.929371930608772e-08  5.845038354430860e-01 
 2.931371930608772e-08  5.845038354616167e-01 
 2.933371930608772e-08  5.845038354530327e-01 
 2.935371930608772e-08  5.845038354700355e-01 
 2.937371930608772e-08  5.845038354595589e-01 
 2.939371930608772e-08  5.845038354756089e-01 
 2.941371930608771e-08  5.845038354637446e-01 
 2.943371930608771e-08  5.845038354725257e-01 
 2.945371930608771e-08  5.845038354469910e-01 
 2.947371930608771e-08  5.845038354508619e-01 
 2.949371930608771e-08  5.845038354277149e-01 
 2.951371930608771e-08  5.845038354351155e-01 
 2.953371930608771e-08  5.845038354144377e-01 
 2.955371930608771e-08  5.845038354244584e-01 
 2.957371930608771e-08  5.845038354053812e-01 
 2.959371930608771e-08  5.845038354172737e-01 
 2.961371930608771e-08  5.845038353991916e-01 
 2.963371930608771e-08  5.845038354124443e-01 
 2.965371930608771e-08  5.845038353949483e-01 
 2.967371930608771e-08  5.845038354092121e-01 
 2.969371930608771e-08  5.845038353920263e-01 
 2.971371930608771e-08  5.845038354070627e-01 
 2.973371930608771e-08  5.845038353900017e-01 
 2.975371930608771e-08  5.845038354056470e-01 
 2.977371930608771e-08  5.845038353885874e-01 
 2.979371930608771e-08  5.845038354047286e-01 
 2.981371930608771e-08  5.845038353875877e-01 
 2.983371930608771e-08  5.845038354041464e-01 
 2.985371930608771e-08  5.845038353868705e-01 
 2.987371930608772e-08  5.845038354037917e-01 
 2.989371930608772e-08  5.845038353863458e-01 
 2.991371930608772e-08  5.845038354035904e-01 
 2.993371930608773e-08  5.845038353859523e-01 
 2.995371930608773e-08  5.845038354034922e-01 
 2.997371930608773e-08  5.845038353856488e-01 
 2.999371930608773e-08  5.845038354034630e-01 
 3.001371930608774e-08  5.845038353854072e-01 
 3.003371930608774e-08  5.845038354034803e-01 
 3.005371930608774e-08  5.845038353852090e-01 
 3.007371930608774e-08  5.845038354035286e-01 
 3.009371930608775e-08  5.845038353850408e-01 
 3.011371930608775e-08  5.845038354035967e-01 
 3.013371930608775e-08  5.845038353848940e-01 
 3.015371930608776e-08  5.845038354036779e-01 
 3.017371930608776e-08  5.845038353847622e-01 
 3.019371930608776e-08  5.845038354037668e-01 
 3.021371930608776e-08  5.845038353846412e-01 
 3.023371930608777e-08  5.845038354038600e-01 
 3.025371930608777e-08  5.845038353845288e-01 
 3.027371930608777e-08  5.845038354039565e-01 
 3.029371930608778e-08  5.845038353844232e-01 
 3.031371930608778e-08  5.845038354040533e-01 
 3.033371930608778e-08  5.845038353843220e-01 
 3.035371930608778e-08  5.845038354041500e-01 
 3.037371930608779e-08  5.845038353842253e-01 
 3.039371930608779e-08  5.845038354042464e-01 
 3.041371930608779e-08  5.845038353841326e-01 
 3.043371930608780e-08  5.845038354043415e-01 
 3.045371930608780e-08  5.845038353840429e-01 
 3.047371930608780e-08  5.845038354044356e-01 
 3.049371930608780e-08  5.845038353839564e-01 
 3.051371930608781e-08  5.845038354045278e-01 
 3.053371930608781e-08  5.845038353838723e-01 
 3.055371930608781e-08  5.845038354046183e-01 
 3.057371930608782e-08  5.845038353837908e-01 
 3.059371930608782e-08  5.845038354047067e-01 
 3.061371930608782e-08  5.845038353837115e-01 
 3.063371930608782e-08  5.845038354047934e-01 
 3.065371930608783e-08  5.845038353836344e-01 
 3.067371930608783e-08  5.845038354048779e-01 
 3.069371930608783e-08  5.845038353835594e-01 
 3.071371930608784e-08  5.845038354049609e-01 
 3.073371930608784e-08  5.845038353834867e-01 
 3.075371930608784e-08  5.845038354050416e-01 
 3.077371930608784e-08  5.845038353834159e-01 
 3.079371930608785e-08  5.845038354051205e-01 
 3.081371930608785e-08  5.845038353833474e-01 
 3.083371930608785e-08  5.845038354051980e-01 
 3.085371930608786e-08  5.845038353832810e-01 
 3.087371930608786e-08  5.845038354052735e-01 
 3.089371930608786e-08  5.845038353832166e-01 
 3.091371930608786e-08  5.845038354053474e-01 
 3.093371930608787e-08  5.845038353831543e-01 
 3.095371930608787e-08  5.845038354054197e-01 
 3.097371930608787e-08  5.845038353830937e-01 
 3.099371930608787e-08  5.845038354054898e-01 
 3.101371930608788e-08  5.845038353830347e-01 
 3.103371930608788e-08  5.845038354055585e-01 
 3.105371930608788e-08  5.845038353829783e-01 
 3.107371930608789e-08  5.845038354056258e-01 
 3.109371930608789e-08  5.845038353829232e-01 
 3.111371930608789e-08  5.845038354056906e-01 
 3.113371930608789e-08  5.845038353828697e-01 
 3.115371930608790e-08  5.845038354057540e-01 
 3.117371930608790e-08  5.845038353828178e-01 
 3.119371930608790e-08  5.845038354058159e-01 
 3.121371930608791e-08  5.845038353827682e-01 
 3.123371930608791e-08  5.845038354058765e-01 
 3.125371930608791e-08  5.845038353827198e-01 
 3.127371930608791e-08  5.845038354059349e-01 
 3.129371930608792e-08  5.845038353826730e-01 
 3.131371930608792e-08  5.845038354059922e-01 
 3.133371930608792e-08  5.845038353826284e-01 
 3.135371930608793e-08  5.845038354060480e-01 
 3.137371930608793e-08  5.845038353825850e-01 
 3.139371930608793e-08  5.845038354061022e-01 
 3.141371930608793e-08  5.845038353825431e-01 
 3.143371930608794e-08  5.845038354061547e-01 
 3.145371930608794e-08  5.845038353825028e-01 
 3.147371930608794e-08  5.845038354062060e-01 
 3.149371930608795e-08  5.845038353824641e-01 
 3.151371930608795e-08  5.845038354062558e-01 
 3.153371930608795e-08  5.845038353824269e-01 
 3.155371930608795e-08  5.845038354063041e-01 
 3.157371930608796e-08  5.845038353823910e-01 
 3.159371930608796e-08  5.845038354063511e-01 
 3.161371930608796e-08  5.845038353823565e-01 
 3.163371930608797e-08  5.845038354063962e-01 
 3.165371930608797e-08  5.845038353823232e-01 
 3.167371930608797e-08  5.845038354064408e-01 
 3.169371930608797e-08  5.845038353822922e-01 
 3.171371930608798e-08  5.845038354064840e-01 
 3.173371930608798e-08  5.845038353822620e-01 
 3.175371930608798e-08  5.845038354065253e-01 
 3.177371930608799e-08  5.845038353822327e-01 
 3.179371930608799e-08  5.845038354065653e-01 
 3.181371930608799e-08  5.845038353822049e-01 
 3.183371930608799e-08  5.845038354066042e-01 
 3.185371930608800e-08  5.845038353821784e-01 
 3.187371930608800e-08  5.845038354066419e-01 
 3.189371930608800e-08  5.845038353821539e-01 
 3.191371930608800e-08  5.845038354066791e-01 
 3.193371930608801e-08  5.845038353821306e-01 
 3.195371930608801e-08  5.845038354067147e-01 
 3.197371930608801e-08  5.845038353821082e-01 
 3.199371930608802e-08  5.845038354067486e-01 
 3.201371930608802e-08  5.845038353820866e-01 
 3.203371930608802e-08  5.845038354067817e-01 
 3.205371930608802e-08  5.845038353820668e-01 
 3.207371930608803e-08  5.845038354068136e-01 
 3.209371930608803e-08  5.845038353820479e-01 
 3.211371930608803e-08  5.845038354068444e-01 
 3.213371930608804e-08  5.845038353820300e-01 
 3.215371930608804e-08  5.845038354068736e-01 
 3.217371930608804e-08  5.845038353820130e-01 
 3.219371930608804e-08  5.845038354069020e-01 
 3.221371930608805e-08  5.845038353819973e-01 
 3.223371930608805e-08  5.845038354069290e-01 
 3.225371930608805e-08  5.845038353819826e-01 
 3.227371930608806e-08  5.845038354069554e-01 
 3.229371930608806e-08  5.845038353819694e-01 
 3.231371930608806e-08  5.845038354069808e-01 
 3.233371930608806e-08  5.845038353819569e-01 
 3.235371930608807e-08  5.845038354070045e-01 
 3.237371930608807e-08  5.845038353819449e-01 
 3.239371930608807e-08  5.845038354070271e-01 
 3.241371930608808e-08  5.845038353819343e-01 
 3.243371930608808e-08  5.845038354070491e-01 
 3.245371930608808e-08  5.845038353819250e-01 
 3.247371930608808e-08  5.845038354070704e-01 
 3.249371930608809e-08  5.845038353819164e-01 
 3.251371930608809e-08  5.845038354070902e-01 
 3.253371930608809e-08  5.845038353819089e-01 
 3.255371930608810e-08  5.845038354071097e-01 
 3.257371930608810e-08  5.845038353819029e-01 
 3.259371930608810e-08  5.845038354071282e-01 
 3.261371930608810e-08  5.845038353818972e-01 
 3.263371930608811e-08  5.845038354071455e-01 
 3.265371930608811e-08  5.845038353818924e-01 
 3.267371930608811e-08  5.845038354071617e-01 
 3.269371930608812e-08  5.845038353818885e-01 
 3.271371930608812e-08  5.845038354071772e-01 
 3.273371930608812e-08  5.845038353818859e-01 
 3.275371930608812e-08  5.845038354071918e-01 
 3.277371930608813e-08  5.845038353818833e-01 
 3.279371930608813e-08  5.845038354072051e-01 
 3.281371930608813e-08  5.845038353818819e-01 
 3.283371930608813e-08  5.845038354072178e-01 
 3.285371930608814e-08  5.845038353818813e-01 
 3.287371930608814e-08  5.845038354072298e-01 
 3.289371930608814e-08  5.845038353818820e-01 
 3.291371930608815e-08  5.845038354072413e-01 
 3.293371930608815e-08  5.845038353818837e-01 
 3.295371930608815e-08  5.845038354072520e-01 
 3.297371930608815e-08  5.845038353818857e-01 
 3.299371930608816e-08  5.845038354072614e-01 
 3.301371930608816e-08  5.845038353818883e-01 
 3.303371930608816e-08  5.845038354072700e-01 
 3.305371930608817e-08  5.845038353818914e-01 
 3.307371930608817e-08  5.845038354072777e-01 
 3.309371930608817e-08  5.845038353818958e-01 
 3.311371930608817e-08  5.845038354072850e-01 
 3.313371930608818e-08  5.845038353819009e-01 
 3.315371930608818e-08  5.845038354072916e-01 
 3.317371930608818e-08  5.845038353819068e-01 
 3.319371930608819e-08  5.845038354072972e-01 
 3.321371930608819e-08  5.845038353819128e-01 
 3.323371930608819e-08  5.845038354073019e-01 
 3.325371930608819e-08  5.845038353819197e-01 
 3.327371930608820e-08  5.845038354073062e-01 
 3.329371930608820e-08  5.845038353819274e-01 
 3.331371930608820e-08  5.845038354073095e-01 
 3.333371930608821e-08  5.845038353819360e-01 
 3.335371930608821e-08  5.845038354073124e-01 
 3.337371930608821e-08  5.845038353819448e-01 
 3.339371930608821e-08  5.845038354073142e-01 
 3.341371930608822e-08  5.845038353819543e-01 
 3.343371930608822e-08  5.845038354073157e-01 
 3.345371930608822e-08  5.845038353819645e-01 
 3.347371930608823e-08  5.845038354073163e-01 
 3.349371930608823e-08  5.845038353819754e-01 
 3.351371930608823e-08  5.845038354073163e-01 
 3.353371930608823e-08  5.845038353819866e-01 
 3.355371930608824e-08  5.845038354073155e-01 
 3.357371930608824e-08  5.845038353819988e-01 
 3.359371930608824e-08  5.845038354073145e-01 
 3.361371930608825e-08  5.845038353820114e-01 
 3.363371930608825e-08  5.845038354073128e-01 
 3.365371930608825e-08  5.845038353820249e-01 
 3.367371930608825e-08  5.845038354073105e-01 
 3.369371930608826e-08  5.845038353820387e-01 
 3.371371930608826e-08  5.845038354073073e-01 
 3.373371930608826e-08  5.845038353820527e-01 
 3.375371930608826e-08  5.845038354073037e-01 
 3.377371930608827e-08  5.845038353820676e-01 
 3.379371930608827e-08  5.845038354072993e-01 
 3.381371930608827e-08  5.845038353820828e-01 
 3.383371930608828e-08  5.845038354072944e-01 
 3.385371930608828e-08  5.845038353820987e-01 
 3.387371930608828e-08  5.845038354072889e-01 
 3.389371930608828e-08  5.845038353821147e-01 
 3.391371930608829e-08  5.845038354072827e-01 
 3.393371930608829e-08  5.845038353821314e-01 
 3.395371930608829e-08  5.845038354072759e-01 
 3.397371930608830e-08  5.845038353821485e-01 
 3.399371930608830e-08  5.845038354072689e-01 
 3.401371930608830e-08  5.845038353821662e-01 
 3.403371930608830e-08  5.845038354072615e-01 
 3.405371930608831e-08  5.845038353821849e-01 
 3.407371930608831e-08  5.845038354072535e-01 
 3.409371930608831e-08  5.845038353822034e-01 
 3.411371930608832e-08  5.845038354072450e-01 
 3.413371930608832e-08  5.845038353822231e-01 
 3.415371930608832e-08  5.845038354072362e-01 
 3.417371930608832e-08  5.845038353822425e-01 
 3.419371930608833e-08  5.845038354072266e-01 
 3.421371930608833e-08  5.845038353822627e-01 
 3.423371930608833e-08  5.845038354072167e-01 
 3.425371930608834e-08  5.845038353822832e-01 
 3.427371930608834e-08  5.845038354072061e-01 
 3.429371930608834e-08  5.845038353823041e-01 
 3.431371930608834e-08  5.845038354071956e-01 
 3.433371930608835e-08  5.845038353823262e-01 
 3.435371930608835e-08  5.845038354071846e-01 
 3.437371930608835e-08  5.845038353823476e-01 
 3.439371930608836e-08  5.845038354071724e-01 
 3.441371930608836e-08  5.845038353823696e-01 
 3.443371930608836e-08  5.845038354071599e-01 
 3.445371930608836e-08  5.845038353823916e-01 
 3.447371930608837e-08  5.845038354071468e-01 
 3.449371930608837e-08  5.845038353824141e-01 
 3.451371930608837e-08  5.845038354071335e-01 
 3.453371930608838e-08  5.845038353824373e-01 
 3.455371930608838e-08  5.845038354071199e-01 
 3.457371930608838e-08  5.845038353824610e-01 
 3.459371930608838e-08  5.845038354071059e-01 
 3.461371930608839e-08  5.845038353824848e-01 
 3.463371930608839e-08  5.845038354070916e-01 
 3.465371930608839e-08  5.845038353825092e-01 
 3.467371930608839e-08  5.845038354070768e-01 
 3.469371930608840e-08  5.845038353825337e-01 
 3.471371930608840e-08  5.845038354070613e-01 
 3.473371930608840e-08  5.845038353825581e-01 
 3.475371930608841e-08  5.845038354070458e-01 
 3.477371930608841e-08  5.845038353825837e-01 
 3.479371930608841e-08  5.845038354070301e-01 
 3.481371930608841e-08  5.845038353826094e-01 
 3.483371930608842e-08  5.845038354070142e-01 
 3.485371930608842e-08  5.845038353826358e-01 
 3.487371930608842e-08  5.845038354069978e-01 
 3.489371930608843e-08  5.845038353826616e-01 
 3.491371930608843e-08  5.845038354069806e-01 
 3.493371930608843e-08  5.845038353826881e-01 
 3.495371930608843e-08  5.845038354069633e-01 
 3.497371930608844e-08  5.845038353827147e-01 
 3.499371930608844e-08  5.845038354069451e-01 
 3.501371930608844e-08  5.845038353827412e-01 
 3.503371930608845e-08  5.845038354069270e-01 
 3.505371930608845e-08  5.845038353827685e-01 
 3.507371930608845e-08  5.845038354069084e-01 
 3.509371930608845e-08  5.845038353827956e-01 
 3.511371930608846e-08  5.845038354068894e-01 
 3.513371930608846e-08  5.845038353828234e-01 
 3.515371930608846e-08  5.845038354068706e-01 
 3.517371930608847e-08  5.845038353828517e-01 
 3.519371930608847e-08  5.845038354068515e-01 
 3.521371930608847e-08  5.845038353828800e-01 
 3.523371930608847e-08  5.845038354068318e-01 
 3.525371930608848e-08  5.845038353829084e-01 
 3.527371930608848e-08  5.845038354068118e-01 
 3.529371930608848e-08  5.845038353829372e-01 
 3.531371930608849e-08  5.845038354067920e-01 
 3.533371930608849e-08  5.845038353829665e-01 
 3.535371930608849e-08  5.845038354067713e-01 
 3.537371930608849e-08  5.845038353829954e-01 
 3.539371930608850e-08  5.845038354067505e-01 
 3.541371930608850e-08  5.845038353830248e-01 
 3.543371930608850e-08  5.845038354067292e-01 
 3.545371930608851e-08  5.845038353830543e-01 
 3.547371930608851e-08  5.845038354067080e-01 
 3.549371930608851e-08  5.845038353830841e-01 
 3.551371930608851e-08  5.845038354066864e-01 
 3.553371930608852e-08  5.845038353831141e-01 
 3.555371930608852e-08  5.845038354066645e-01 
 3.557371930608852e-08  5.845038353831445e-01 
 3.559371930608852e-08  5.845038354066427e-01 
 3.561371930608853e-08  5.845038353831752e-01 
 3.563371930608853e-08  5.845038354066203e-01 
 3.565371930608853e-08  5.845038353832056e-01 
 3.567371930608854e-08  5.845038354065976e-01 
 3.569371930608854e-08  5.845038353832364e-01 
 3.571371930608854e-08  5.845038354065749e-01 
 3.573371930608854e-08  5.845038353832673e-01 
 3.575371930608855e-08  5.845038354065515e-01 
 3.577371930608855e-08  5.845038353832981e-01 
 3.579371930608855e-08  5.845038354065279e-01 
 3.581371930608856e-08  5.845038353833294e-01 
 3.583371930608856e-08  5.845038354065045e-01 
 3.585371930608856e-08  5.845038353833608e-01 
 3.587371930608856e-08  5.845038354064807e-01 
 3.589371930608857e-08  5.845038353833923e-01 
 3.591371930608857e-08  5.845038354064568e-01 
 3.593371930608857e-08  5.845038353834242e-01 
 3.595371930608858e-08  5.845038354064327e-01 
 3.597371930608858e-08  5.845038353834561e-01 
 3.599371930608858e-08  5.845038354064080e-01 
 3.601371930608858e-08  5.845038353834880e-01 
 3.603371930608859e-08  5.845038354063835e-01 
 3.605371930608859e-08  5.845038353835201e-01 
 3.607371930608859e-08  5.845038354063586e-01 
 3.609371930608860e-08  5.845038353835526e-01 
 3.611371930608860e-08  5.845038354063340e-01 
 3.613371930608860e-08  5.845038353835852e-01 
 3.615371930608860e-08  5.845038354063086e-01 
 3.617371930608861e-08  5.845038353836176e-01 
 3.619371930608861e-08  5.845038354062835e-01 
 3.621371930608861e-08  5.845038353836507e-01 
 3.623371930608862e-08  5.845038354062582e-01 
 3.625371930608862e-08  5.845038353836836e-01 
 3.627371930608862e-08  5.845038354062324e-01 
 3.629371930608862e-08  5.845038353837162e-01 
 3.631371930608863e-08  5.845038354062062e-01 
 3.633371930608863e-08  5.845038353837492e-01 
 3.635371930608863e-08  5.845038354061801e-01 
 3.637371930608864e-08  5.845038353837823e-01 
 3.639371930608864e-08  5.845038354061541e-01 
 3.641371930608864e-08  5.845038353838159e-01 
 3.643371930608864e-08  5.845038354061279e-01 
 3.645371930608865e-08  5.845038353838492e-01 
 3.647371930608865e-08  5.845038354061012e-01 
 3.649371930608865e-08  5.845038353838824e-01 
 3.651371930608865e-08  5.845038354060743e-01 
 3.653371930608866e-08  5.845038353839159e-01 
 3.655371930608866e-08  5.845038354060474e-01 
 3.657371930608866e-08  5.845038353839489e-01 
 3.659371930608867e-08  5.845038354060197e-01 
 3.661371930608867e-08  5.845038353839825e-01 
 3.663371930608867e-08  5.845038354059929e-01 
 3.665371930608867e-08  5.845038353840165e-01 
 3.667371930608868e-08  5.845038354059656e-01 
 3.669371930608868e-08  5.845038353840504e-01 
 3.671371930608868e-08  5.845038354059384e-01 
 3.673371930608869e-08  5.845038353840846e-01 
 3.675371930608869e-08  5.845038354059112e-01 
 3.677371930608869e-08  5.845038353841189e-01 
 3.679371930608869e-08  5.845038354058837e-01 
 3.681371930608870e-08  5.845038353841530e-01 
 3.683371930608870e-08  5.845038354058559e-01 
 3.685371930608870e-08  5.845038353841873e-01 
 3.687371930608871e-08  5.845038354058282e-01 
 3.689371930608871e-08  5.845038353842216e-01 
 3.691371930608871e-08  5.845038354058003e-01 
 3.693371930608871e-08  5.845038353842560e-01 
 3.695371930608872e-08  5.845038354057723e-01 
 3.697371930608872e-08  5.845038353842904e-01 
 3.699371930608872e-08  5.845038354057440e-01 
 3.701371930608873e-08  5.845038353843246e-01 
 3.703371930608873e-08  5.845038354057156e-01 
 3.705371930608873e-08  5.845038353843590e-01 
 3.707371930608873e-08  5.845038354056870e-01 
 3.709371930608874e-08  5.845038353843932e-01 
 3.711371930608874e-08  5.845038354056582e-01 
 3.713371930608874e-08  5.845038353844276e-01 
 3.715371930608875e-08  5.845038354056298e-01 
 3.717371930608875e-08  5.845038353844626e-01 
 3.719371930608875e-08  5.845038354056011e-01 
 3.721371930608875e-08  5.845038353844971e-01 
 3.723371930608876e-08  5.845038354055724e-01 
 3.725371930608876e-08  5.845038353845318e-01 
 3.727371930608876e-08  5.845038354055435e-01 
 3.729371930608877e-08  5.845038353845666e-01 
 3.731371930608877e-08  5.845038354055145e-01 
 3.733371930608877e-08  5.845038353846014e-01 
 3.735371930608877e-08  5.845038354054856e-01 
 3.737371930608878e-08  5.845038353846362e-01 
 3.739371930608878e-08  5.845038354054565e-01 
 3.741371930608878e-08  5.845038353846712e-01 
 3.743371930608878e-08  5.845038354054275e-01 
 3.745371930608879e-08  5.845038353847060e-01 
 3.747371930608879e-08  5.845038354053981e-01 
 3.749371930608879e-08  5.845038353847409e-01 
 3.751371930608880e-08  5.845038354053687e-01 
 3.753371930608880e-08  5.845038353847757e-01 
 3.755371930608880e-08  5.845038354053391e-01 
 3.757371930608880e-08  5.845038353848102e-01 
 3.759371930608881e-08  5.845038354053093e-01 
 3.761371930608881e-08  5.845038353848448e-01 
 3.763371930608881e-08  5.845038354052797e-01 
 3.765371930608882e-08  5.845038353848799e-01 
 3.767371930608882e-08  5.845038354052501e-01 
 3.769371930608882e-08  5.845038353849150e-01 
 3.771371930608882e-08  5.845038354052207e-01 
 3.773371930608883e-08  5.845038353849502e-01 
 3.775371930608883e-08  5.845038354051912e-01 
 3.777371930608883e-08  5.845038353849855e-01 
 3.779371930608884e-08  5.845038354051618e-01 
 3.781371930608884e-08  5.845038353850207e-01 
 3.783371930608884e-08  5.845038354051321e-01 
 3.785371930608884e-08  5.845038353850559e-01 
 3.787371930608885e-08  5.845038354051025e-01 
 3.789371930608885e-08  5.845038353850910e-01 
 3.791371930608885e-08  5.845038354050724e-01 
 3.793371930608886e-08  5.845038353851256e-01 
 3.795371930608886e-08  5.845038354050422e-01 
 3.797371930608886e-08  5.845038353851605e-01 
 3.799371930608886e-08  5.845038354050119e-01 
 3.801371930608887e-08  5.845038353851952e-01 
 3.803371930608887e-08  5.845038354049820e-01 
 3.805371930608887e-08  5.845038353852303e-01 
 3.807371930608888e-08  5.845038354049518e-01 
 3.809371930608888e-08  5.845038353852651e-01 
 3.811371930608888e-08  5.845038354049217e-01 
 3.813371930608888e-08  5.845038353853002e-01 
 3.815371930608889e-08  5.845038354048914e-01 
 3.817371930608889e-08  5.845038353853349e-01 
 3.819371930608889e-08  5.845038354048613e-01 
 3.821371930608890e-08  5.845038353853699e-01 
 3.823371930608890e-08  5.845038354048311e-01 
 3.825371930608890e-08  5.845038353854050e-01 
 3.827371930608890e-08  5.845038354048009e-01 
 3.829371930608891e-08  5.845038353854397e-01 
 3.831371930608891e-08  5.845038354047705e-01 
 3.833371930608891e-08  5.845038353854747e-01 
 3.835371930608891e-08  5.845038354047405e-01 
 3.837371930608892e-08  5.845038353855099e-01 
 3.839371930608892e-08  5.845038354047104e-01 
 3.841371930608892e-08  5.845038353855447e-01 
 3.843371930608893e-08  5.845038354046803e-01 
 3.845371930608893e-08  5.845038353855800e-01 
 3.847371930608893e-08  5.845038354046501e-01 
 3.849371930608893e-08  5.845038353856147e-01 
 3.851371930608894e-08  5.845038354046195e-01 
 3.853371930608894e-08  5.845038353856493e-01 
 3.855371930608894e-08  5.845038354045892e-01 
 3.857371930608895e-08  5.845038353856840e-01 
 3.859371930608895e-08  5.845038354045585e-01 
 3.861371930608895e-08  5.845038353857185e-01 
 3.863371930608895e-08  5.845038354045282e-01 
 3.865371930608896e-08  5.845038353857536e-01 
 3.867371930608896e-08  5.845038354044979e-01 
 3.869371930608896e-08  5.845038353857881e-01 
 3.871371930608897e-08  5.845038354044677e-01 
 3.873371930608897e-08  5.845038353858231e-01 
 3.875371930608897e-08  5.845038354044374e-01 
 3.877371930608897e-08  5.845038353858576e-01 
 3.879371930608898e-08  5.845038354044071e-01 
 3.881371930608898e-08  5.845038353858923e-01 
 3.883371930608898e-08  5.845038354043766e-01 
 3.885371930608899e-08  5.845038353859264e-01 
 3.887371930608899e-08  5.845038354043457e-01 
 3.889371930608899e-08  5.845038353859606e-01 
 3.891371930608899e-08  5.845038354043152e-01 
 3.893371930608900e-08  5.845038353859953e-01 
 3.895371930608900e-08  5.845038354042851e-01 
 3.897371930608900e-08  5.845038353860298e-01 
 3.899371930608901e-08  5.845038354042548e-01 
 3.901371930608901e-08  5.845038353860643e-01 
 3.903371930608901e-08  5.845038354042245e-01 
 3.905371930608901e-08  5.845038353860987e-01 
 3.907371930608902e-08  5.845038354041943e-01 
 3.909371930608902e-08  5.845038353861333e-01 
 3.911371930608902e-08  5.845038354041640e-01 
 3.913371930608903e-08  5.845038353861672e-01 
 3.915371930608903e-08  5.845038354041333e-01 
 3.917371930608903e-08  5.845038353862014e-01 
 3.919371930608903e-08  5.845038354041029e-01 
 3.921371930608904e-08  5.845038353862354e-01 
 3.923371930608904e-08  5.845038354040726e-01 
 3.925371930608904e-08  5.845038353862695e-01 
 3.927371930608904e-08  5.845038354040420e-01 
 3.929371930608905e-08  5.845038353863035e-01 
 3.931371930608905e-08  5.845038354040117e-01 
 3.933371930608905e-08  5.845038353863374e-01 
 3.935371930608906e-08  5.845038354039812e-01 
 3.937371930608906e-08  5.845038353863712e-01 
 3.939371930608906e-08  5.845038354039509e-01 
 3.941371930608906e-08  5.845038353864052e-01 
 3.943371930608907e-08  5.845038354039210e-01 
 3.945371930608907e-08  5.845038353864396e-01 
 3.947371930608907e-08  5.845038354038913e-01 
 3.949371930608908e-08  5.845038353864737e-01 
 3.951371930608908e-08  5.845038354038611e-01 
 3.953371930608908e-08  5.845038353865071e-01 
 3.955371930608908e-08  5.845038354038304e-01 
 3.957371930608909e-08  5.845038353865404e-01 
 3.959371930608909e-08  5.845038354038001e-01 
 3.961371930608909e-08  5.845038353865739e-01 
 3.963371930608910e-08  5.845038354037698e-01 
 3.965371930608910e-08  5.845038353866076e-01 
 3.967371930608910e-08  5.845038354037401e-01 
 3.969371930608910e-08  5.845038353866414e-01 
 3.971371930608911e-08  5.845038354037104e-01 
 3.973371930608911e-08  5.845038353866751e-01 
 3.975371930608911e-08  5.845038354036801e-01 
 3.977371930608912e-08  5.845038353867084e-01 
 3.979371930608912e-08  5.845038354036503e-01 
 3.981371930608912e-08  5.845038353867419e-01 
 3.983371930608912e-08  5.845038354036204e-01 
 3.985371930608913e-08  5.845038353867752e-01 
 3.987371930608913e-08  5.845038354035905e-01 
 3.989371930608913e-08  5.845038353868083e-01 
 3.991371930608914e-08  5.845038354035601e-01 
 3.993371930608914e-08  5.845038353868409e-01 
 3.995371930608914e-08  5.845038354035301e-01 
 3.997371930608914e-08  5.845038353868743e-01 
 3.999371930608915e-08  5.845038354035007e-01 
 4.001371930608915e-08  5.845038353869076e-01 
 4.003371930608915e-08  5.845038354034710e-01 
 4.005371930608916e-08  5.845038353869405e-01 
 4.007371930608916e-08  5.845038354034412e-01 
 4.009371930608916e-08  5.845038353869735e-01 
 4.011371930608916e-08  5.845038354034114e-01 
 4.013371930608917e-08  5.845038353870062e-01 
 4.015371930608917e-08  5.845038354033816e-01 
 4.017371930608917e-08  5.845038353870388e-01 
 4.019371930608917e-08  5.845038354033518e-01 
 4.021371930608918e-08  5.845038353870712e-01 
 4.023371930608918e-08  5.845038354033218e-01 
 4.025371930608918e-08  5.845038353871035e-01 
 4.027371930608919e-08  5.845038354032921e-01 
 4.029371930608919e-08  5.845038353871360e-01 
 4.031371930608919e-08  5.845038354032628e-01 
 4.033371930608919e-08  5.845038353871689e-01 
 4.035371930608920e-08  5.845038354032334e-01 
 4.037371930608920e-08  5.845038353872011e-01 
 4.039371930608920e-08  5.845038354032041e-01 
 4.041371930608921e-08  5.845038353872339e-01 
 4.043371930608921e-08  5.845038354031751e-01 
 4.045371930608921e-08  5.845038353872665e-01 
 4.047371930608921e-08  5.845038354031459e-01 
 4.049371930608922e-08  5.845038353872984e-01 
 4.051371930608922e-08  5.845038354031162e-01 
 4.053371930608922e-08  5.845038353873303e-01 
 4.055371930608923e-08  5.845038354030870e-01 
 4.057371930608923e-08  5.845038353873626e-01 
 4.059371930608923e-08  5.845038354030579e-01 
 4.061371930608923e-08  5.845038353873945e-01 
 4.063371930608924e-08  5.845038354030289e-01 
 4.065371930608924e-08  5.845038353874266e-01 
 4.067371930608924e-08  5.845038354029998e-01 
 4.069371930608925e-08  5.845038353874583e-01 
 4.071371930608925e-08  5.845038354029705e-01 
 4.073371930608925e-08  5.845038353874896e-01 
 4.075371930608925e-08  5.845038354029412e-01 
 4.077371930608926e-08  5.845038353875214e-01 
 4.079371930608926e-08  5.845038354029126e-01 
 4.081371930608926e-08  5.845038353875532e-01 
 4.083371930608927e-08  5.845038354028839e-01 
 4.085371930608927e-08  5.845038353875847e-01 
 4.087371930608927e-08  5.845038354028548e-01 
 4.089371930608927e-08  5.845038353876162e-01 
 4.091371930608928e-08  5.845038354028261e-01 
 4.093371930608928e-08  5.845038353876473e-01 
 4.095371930608928e-08  5.845038354027972e-01 
 4.097371930608929e-08  5.845038353876784e-01 
 4.099371930608929e-08  5.845038354027682e-01 
 4.101371930608929e-08  5.845038353877093e-01 
 4.103371930608929e-08  5.845038354027393e-01 
 4.105371930608930e-08  5.845038353877401e-01 
 4.107371930608930e-08  5.845038354027104e-01 
 4.109371930608930e-08  5.845038353877713e-01 
 4.111371930608930e-08  5.845038354026825e-01 
 4.113371930608931e-08  5.845038353878026e-01 
 4.115371930608931e-08  5.845038354026542e-01 
 4.117371930608931e-08  5.845038353878335e-01 
 4.119371930608932e-08  5.845038354026260e-01 
 4.121371930608932e-08  5.845038353878645e-01 
 4.123371930608932e-08  5.845038354025975e-01 
 4.125371930608932e-08  5.845038353878951e-01 
 4.127371930608933e-08  5.845038354025691e-01 
 4.129371930608933e-08  5.845038353879255e-01 
 4.131371930608933e-08  5.845038354025408e-01 
 4.133371930608934e-08  5.845038353879564e-01 
 4.135371930608934e-08  5.845038354025133e-01 
 4.137371930608934e-08  5.845038353879872e-01 
 4.139371930608934e-08  5.845038354024850e-01 
 4.141371930608935e-08  5.845038353880172e-01 
 4.143371930608935e-08  5.845038354024568e-01 
 4.145371930608935e-08  5.845038353880474e-01 
 4.147371930608936e-08  5.845038354024288e-01 
 4.149371930608936e-08  5.845038353880776e-01 
 4.151371930608936e-08  5.845038354024008e-01 
 4.153371930608936e-08  5.845038353881076e-01 
 4.155371930608937e-08  5.845038354023729e-01 
 4.157371930608937e-08  5.845038353881378e-01 
 4.159371930608937e-08  5.845038354023451e-01 
 4.161371930608938e-08  5.845038353881676e-01 
 4.163371930608938e-08  5.845038354023173e-01 
 4.165371930608938e-08  5.845038353881973e-01 
 4.167371930608938e-08  5.845038354022897e-01 
 4.169371930608939e-08  5.845038353882275e-01 
 4.171371930608939e-08  5.845038354022625e-01 
 4.173371930608939e-08  5.845038353882572e-01 
 4.175371930608940e-08  5.845038354022347e-01 
 4.177371930608940e-08  5.845038353882867e-01 
 4.179371930608940e-08  5.845038354022072e-01 
 4.181371930608940e-08  5.845038353883162e-01 
 4.183371930608941e-08  5.845038354021797e-01 
 4.185371930608941e-08  5.845038353883453e-01 
 4.187371930608941e-08  5.845038354021523e-01 
 4.189371930608942e-08  5.845038353883750e-01 
 4.191371930608942e-08  5.845038354021251e-01 
 4.193371930608942e-08  5.845038353884041e-01 
 4.195371930608942e-08  5.845038354020978e-01 
 4.197371930608943e-08  5.845038353884334e-01 
 4.199371930608943e-08  5.845038354020708e-01 
 4.201371930608943e-08  5.845038353884626e-01 
 4.203371930608943e-08  5.845038354020440e-01 
 4.205371930608944e-08  5.845038353884919e-01 
 4.207371930608944e-08  5.845038354020171e-01 
 4.209371930608944e-08  5.845038353885208e-01 
 4.211371930608945e-08  5.845038354019902e-01 
 4.213371930608945e-08  5.845038353885498e-01 
 4.215371930608945e-08  5.845038354019635e-01 
 4.217371930608945e-08  5.845038353885784e-01 
 4.219371930608946e-08  5.845038354019363e-01 
 4.221371930608946e-08  5.845038353886067e-01 
 4.223371930608946e-08  5.845038354019094e-01 
 4.225371930608947e-08  5.845038353886355e-01 
 4.227371930608947e-08  5.845038354018831e-01 
 4.229371930608947e-08  5.845038353886640e-01 
 4.231371930608947e-08  5.845038354018564e-01 
 4.233371930608948e-08  5.845038353886923e-01 
 4.235371930608948e-08  5.845038354018298e-01 
 4.237371930608948e-08  5.845038353887206e-01 
 4.239371930608949e-08  5.845038354018034e-01 
 4.241371930608949e-08  5.845038353887491e-01 
 4.243371930608949e-08  5.845038354017773e-01 
 4.245371930608949e-08  5.845038353887773e-01 
 4.247371930608950e-08  5.845038354017508e-01 
 4.249371930608950e-08  5.845038353888051e-01 
 4.251371930608950e-08  5.845038354017246e-01 
 4.253371930608951e-08  5.845038353888331e-01 
 4.255371930608951e-08  5.845038354016983e-01 
 4.257371930608951e-08  5.845038353888609e-01 
 4.259371930608951e-08  5.845038354016723e-01 
 4.261371930608952e-08  5.845038353888886e-01 
 4.263371930608952e-08  5.845038354016460e-01 
 4.265371930608952e-08  5.845038353889160e-01 
 4.267371930608953e-08  5.845038354016199e-01 
 4.269371930608953e-08  5.845038353889436e-01 
 4.271371930608953e-08  5.845038354015941e-01 
 4.273371930608953e-08  5.845038353889713e-01 
 4.275371930608954e-08  5.845038354015684e-01 
 4.277371930608954e-08  5.845038353889987e-01 
 4.279371930608954e-08  5.845038354015429e-01 
 4.281371930608955e-08  5.845038353890264e-01 
 4.283371930608955e-08  5.845038354015174e-01 
 4.285371930608955e-08  5.845038353890538e-01 
 4.287371930608955e-08  5.845038354014920e-01 
 4.289371930608956e-08  5.845038353890810e-01 
 4.291371930608956e-08  5.845038354014664e-01 
 4.293371930608956e-08  5.845038353891079e-01 
 4.295371930608956e-08  5.845038354014406e-01 
 4.297371930608957e-08  5.845038353891343e-01 
 4.299371930608957e-08  5.845038354014147e-01 
 4.301371930608957e-08  5.845038353891610e-01 
 4.303371930608958e-08  5.845038354013894e-01 
 4.305371930608958e-08  5.845038353891878e-01 
 4.307371930608958e-08  5.845038354013641e-01 
 4.309371930608958e-08  5.845038353892147e-01 
 4.311371930608959e-08  5.845038354013392e-01 
 4.313371930608959e-08  5.845038353892411e-01 
 4.315371930608959e-08  5.845038354013139e-01 
 4.317371930608960e-08  5.845038353892676e-01 
 4.319371930608960e-08  5.845038354012888e-01 
 4.321371930608960e-08  5.845038353892942e-01 
 4.323371930608960e-08  5.845038354012644e-01 
 4.325371930608961e-08  5.845038353893209e-01 
 4.327371930608961e-08  5.845038354012396e-01 
 4.329371930608961e-08  5.845038353893471e-01 
 4.331371930608962e-08  5.845038354012149e-01 
 4.333371930608962e-08  5.845038353893732e-01 
 4.335371930608962e-08  5.845038354011900e-01 
 4.337371930608962e-08  5.845038353893992e-01 
 4.339371930608963e-08  5.845038354011654e-01 
 4.341371930608963e-08  5.845038353894254e-01 
 4.343371930608963e-08  5.845038354011408e-01 
 4.345371930608964e-08  5.845038353894511e-01 
 4.347371930608964e-08  5.845038354011162e-01 
 4.349371930608964e-08  5.845038353894770e-01 
 4.351371930608964e-08  5.845038354010921e-01 
 4.353371930608965e-08  5.845038353895029e-01 
 4.355371930608965e-08  5.845038354010677e-01 
 4.357371930608965e-08  5.845038353895283e-01 
 4.359371930608966e-08  5.845038354010436e-01 
 4.361371930608966e-08  5.845038353895544e-01 
 4.363371930608966e-08  5.845038354010196e-01 
 4.365371930608966e-08  5.845038353895797e-01 
 4.367371930608967e-08  5.845038354009953e-01 
 4.369371930608967e-08  5.845038353896048e-01 
 4.371371930608967e-08  5.845038354009712e-01 
 4.373371930608968e-08  5.845038353896304e-01 
 4.375371930608968e-08  5.845038354009474e-01 
 4.377371930608968e-08  5.845038353896556e-01 
 4.379371930608968e-08  5.845038354009235e-01 
 4.381371930608969e-08  5.845038353896808e-01 
 4.383371930608969e-08  5.845038354009000e-01 
 4.385371930608969e-08  5.845038353897059e-01 
 4.387371930608969e-08  5.845038354008761e-01 
 4.389371930608970e-08  5.845038353897307e-01 
 4.391371930608970e-08  5.845038354008525e-01 
 4.393371930608970e-08  5.845038353897556e-01 
 4.395371930608971e-08  5.845038354008291e-01 
 4.397371930608971e-08  5.845038353897808e-01 
 4.399371930608971e-08  5.845038354008061e-01 
 4.401371930608971e-08  5.845038353898055e-01 
 4.403371930608972e-08  5.845038354007824e-01 
 4.405371930608972e-08  5.845038353898301e-01 
 4.407371930608972e-08  5.845038354007592e-01 
 4.409371930608973e-08  5.845038353898545e-01 
 4.411371930608973e-08  5.845038354007358e-01 
 4.413371930608973e-08  5.845038353898786e-01 
 4.415371930608973e-08  5.845038354007122e-01 
 4.417371930608974e-08  5.845038353899027e-01 
 4.419371930608974e-08  5.845038354006890e-01 
 4.421371930608974e-08  5.845038353899270e-01 
 4.423371930608975e-08  5.845038354006661e-01 
 4.425371930608975e-08  5.845038353899510e-01 
 4.427371930608975e-08  5.845038354006429e-01 
 4.429371930608975e-08  5.845038353899749e-01 
 4.431371930608976e-08  5.845038354006199e-01 
 4.433371930608976e-08  5.845038353899989e-01 
 4.435371930608976e-08  5.845038354005972e-01 
 4.437371930608977e-08  5.845038353900227e-01 
 4.439371930608977e-08  5.845038354005743e-01 
 4.441371930608977e-08  5.845038353900465e-01 
 4.443371930608977e-08  5.845038354005517e-01 
 4.445371930608978e-08  5.845038353900702e-01 
 4.447371930608978e-08  5.845038354005290e-01 
 4.449371930608978e-08  5.845038353900933e-01 
 4.451371930608979e-08  5.845038354005063e-01 
 4.453371930608979e-08  5.845038353901173e-01 
 4.455371930608979e-08  5.845038354004842e-01 
 4.457371930608979e-08  5.845038353901408e-01 
 4.459371930608980e-08  5.845038354004620e-01 
 4.461371930608980e-08  5.845038353901644e-01 
 4.463371930608980e-08  5.845038354004398e-01 
 4.465371930608981e-08  5.845038353901876e-01 
 4.467371930608981e-08  5.845038354004176e-01 
 4.469371930608981e-08  5.845038353902110e-01 
 4.471371930608981e-08  5.845038354003957e-01 
 4.473371930608982e-08  5.845038353902341e-01 
 4.475371930608982e-08  5.845038354003737e-01 
 4.477371930608982e-08  5.845038353902572e-01 
 4.479371930608982e-08  5.845038354003516e-01 
 4.481371930608983e-08  5.845038353902802e-01 
 4.483371930608983e-08  5.845038354003300e-01 
 4.485371930608983e-08  5.845038353903032e-01 
 4.487371930608984e-08  5.845038354003083e-01 
 4.489371930608984e-08  5.845038353903260e-01 
 4.491371930608984e-08  5.845038354002867e-01 
 4.493371930608984e-08  5.845038353903488e-01 
 4.495371930608985e-08  5.845038354002650e-01 
 4.497371930608985e-08  5.845038353903714e-01 
 4.499371930608985e-08  5.845038354002434e-01 
 4.501371930608986e-08  5.845038353903937e-01 
 4.503371930608986e-08  5.845038354002215e-01 
 4.505371930608986e-08  5.845038353904157e-01 
 4.507371930608986e-08  5.845038354001999e-01 
 4.509371930608987e-08  5.845038353904380e-01 
 4.511371930608987e-08  5.845038354001787e-01 
 4.513371930608987e-08  5.845038353904605e-01 
 4.515371930608988e-08  5.845038354001575e-01 
 4.517371930608988e-08  5.845038353904827e-01 
 4.519371930608988e-08  5.845038354001365e-01 
 4.521371930608988e-08  5.845038353905049e-01 
 4.523371930608989e-08  5.845038354001153e-01 
 4.525371930608989e-08  5.845038353905270e-01 
 4.527371930608989e-08  5.845038354000942e-01 
 4.529371930608990e-08  5.845038353905487e-01 
 4.531371930608990e-08  5.845038354000732e-01 
 4.533371930608990e-08  5.845038353905705e-01 
 4.535371930608990e-08  5.845038354000526e-01 
 4.537371930608991e-08  5.845038353905928e-01 
 4.539371930608991e-08  5.845038354000321e-01 
 4.541371930608991e-08  5.845038353906145e-01 
 4.543371930608992e-08  5.845038354000112e-01 
 4.545371930608992e-08  5.845038353906359e-01 
 4.547371930608992e-08  5.845038353999904e-01 
 4.549371930608992e-08  5.845038353906573e-01 
 4.551371930608993e-08  5.845038353999696e-01 
 4.553371930608993e-08  5.845038353906785e-01 
 4.555371930608993e-08  5.845038353999489e-01 
 4.557371930608994e-08  5.845038353906997e-01 
 4.559371930608994e-08  5.845038353999287e-01 
 4.561371930608994e-08  5.845038353907214e-01 
 4.563371930608994e-08  5.845038353999084e-01 
 4.565371930608995e-08  5.845038353907425e-01 
 4.567371930608995e-08  5.845038353998881e-01 
 4.569371930608995e-08  5.845038353907634e-01 
 4.571371930608995e-08  5.845038353998676e-01 
 4.573371930608996e-08  5.845038353907844e-01 
 4.575371930608996e-08  5.845038353998477e-01 
 4.577371930608996e-08  5.845038353908054e-01 
 4.579371930608997e-08  5.845038353998278e-01 
 4.581371930608997e-08  5.845038353908266e-01 
 4.583371930608997e-08  5.845038353998078e-01 
 4.585371930608997e-08  5.845038353908469e-01 
 4.587371930608998e-08  5.845038353997875e-01 
 4.589371930608998e-08  5.845038353908676e-01 
 4.591371930608998e-08  5.845038353997678e-01 
 4.593371930608999e-08  5.845038353908882e-01 
 4.595371930608999e-08  5.845038353997479e-01 
 4.597371930608999e-08  5.845038353909088e-01 
 4.599371930608999e-08  5.845038353997284e-01 
 4.601371930609000e-08  5.845038353909292e-01 
 4.603371930609000e-08  5.845038353997085e-01 
 4.605371930609000e-08  5.845038353909493e-01 
 4.607371930609001e-08  5.845038353996886e-01 
 4.609371930609001e-08  5.845038353909693e-01 
 4.611371930609001e-08  5.845038353996693e-01 
 4.613371930609001e-08  5.845038353909900e-01 
 4.615371930609002e-08  5.845038353996505e-01 
 4.617371930609002e-08  5.845038353910105e-01 
 4.619371930609002e-08  5.845038353996312e-01 
 4.621371930609003e-08  5.845038353910305e-01 
 4.623371930609003e-08  5.845038353996121e-01 
 4.625371930609003e-08  5.845038353910507e-01 
 4.627371930609003e-08  5.845038353995931e-01 
 4.629371930609004e-08  5.845038353910705e-01 
 4.631371930609004e-08  5.845038353995737e-01 
 4.633371930609004e-08  5.845038353910900e-01 
 4.635371930609005e-08  5.845038353995544e-01 
 4.637371930609005e-08  5.845038353911098e-01 
 4.639371930609005e-08  5.845038353995355e-01 
 4.641371930609005e-08  5.845038353911292e-01 
 4.643371930609006e-08  5.845038353995166e-01 
 4.645371930609006e-08  5.845038353911488e-01 
 4.647371930609006e-08  5.845038353994977e-01 
 4.649371930609007e-08  5.845038353911682e-01 
 4.651371930609007e-08  5.845038353994787e-01 
 4.653371930609007e-08  5.845038353911876e-01 
 4.655371930609007e-08  5.845038353994603e-01 
 4.657371930609008e-08  5.845038353912069e-01 
 4.659371930609008e-08  5.845038353994414e-01 
 4.661371930609008e-08  5.845038353912260e-01 
 4.663371930609008e-08  5.845038353994229e-01 
 4.665371930609009e-08  5.845038353912452e-01 
 4.667371930609009e-08  5.845038353994043e-01 
 4.669371930609009e-08  5.845038353912642e-01 
 4.671371930609010e-08  5.845038353993859e-01 
 4.673371930609010e-08  5.845038353912831e-01 
 4.675371930609010e-08  5.845038353993676e-01 
 4.677371930609010e-08  5.845038353913020e-01 
 4.679371930609011e-08  5.845038353993492e-01 
 4.681371930609011e-08  5.845038353913210e-01 
 4.683371930609011e-08  5.845038353993313e-01 
 4.685371930609012e-08  5.845038353913399e-01 
 4.687371930609012e-08  5.845038353993132e-01 
 4.689371930609012e-08  5.845038353913584e-01 
 4.691371930609012e-08  5.845038353992948e-01 
 4.693371930609013e-08  5.845038353913770e-01 
 4.695371930609013e-08  5.845038353992770e-01 
 4.697371930609013e-08  5.845038353913956e-01 
 4.699371930609014e-08  5.845038353992592e-01 
 4.701371930609014e-08  5.845038353914144e-01 
 4.703371930609014e-08  5.845038353992416e-01 
 4.705371930609014e-08  5.845038353914327e-01 
 4.707371930609015e-08  5.845038353992237e-01 
 4.709371930609015e-08  5.845038353914509e-01 
 4.711371930609015e-08  5.845038353992058e-01 
 4.713371930609016e-08  5.845038353914689e-01 
 4.715371930609016e-08  5.845038353991879e-01 
 4.717371930609016e-08  5.845038353914871e-01 
 4.719371930609016e-08  5.845038353991706e-01 
 4.721371930609017e-08  5.845038353915054e-01 
 4.723371930609017e-08  5.845038353991534e-01 
 4.725371930609017e-08  5.845038353915237e-01 
 4.727371930609018e-08  5.845038353991361e-01 
 4.729371930609018e-08  5.845038353915414e-01 
 4.731371930609018e-08  5.845038353991184e-01 
 4.733371930609018e-08  5.845038353915593e-01 
 4.735371930609019e-08  5.845038353991013e-01 
 4.737371930609019e-08  5.845038353915771e-01 
 4.739371930609019e-08  5.845038353990840e-01 
 4.741371930609020e-08  5.845038353915947e-01 
 4.743371930609020e-08  5.845038353990665e-01 
 4.745371930609020e-08  5.845038353916119e-01 
 4.747371930609020e-08  5.845038353990493e-01 
 4.749371930609021e-08  5.845038353916295e-01 
 4.751371930609021e-08  5.845038353990327e-01 
 4.753371930609021e-08  5.845038353916475e-01 
 4.755371930609021e-08  5.845038353990160e-01 
 4.757371930609022e-08  5.845038353916651e-01 
 4.759371930609022e-08  5.845038353989989e-01 
 4.761371930609022e-08  5.845038353916822e-01 
 4.763371930609023e-08  5.845038353989822e-01 
 4.765371930609023e-08  5.845038353916994e-01 
 4.767371930609023e-08  5.845038353989652e-01 
 4.769371930609023e-08  5.845038353917168e-01 
 4.771371930609024e-08  5.845038353989489e-01 
 4.773371930609024e-08  5.845038353917340e-01 
 4.775371930609024e-08  5.845038353989322e-01 
 4.777371930609025e-08  5.845038353917511e-01 
 4.779371930609025e-08  5.845038353989159e-01 
 4.781371930609025e-08  5.845038353917684e-01 
 4.783371930609025e-08  5.845038353988995e-01 
 4.785371930609026e-08  5.845038353917850e-01 
 4.787371930609026e-08  5.845038353988828e-01 
 4.789371930609026e-08  5.845038353918018e-01 
 4.791371930609027e-08  5.845038353988667e-01 
 4.793371930609027e-08  5.845038353918189e-01 
 4.795371930609027e-08  5.845038353988506e-01 
 4.797371930609027e-08  5.845038353918356e-01 
 4.799371930609028e-08  5.845038353988344e-01 
 4.801371930609028e-08  5.845038353918521e-01 
 4.803371930609028e-08  5.845038353988179e-01 
 4.805371930609029e-08  5.845038353918685e-01 
 4.807371930609029e-08  5.845038353988017e-01 
 4.809371930609029e-08  5.845038353918849e-01 
 4.811371930609029e-08  5.845038353987859e-01 
 4.813371930609030e-08  5.845038353919015e-01 
 4.815371930609030e-08  5.845038353987702e-01 
 4.817371930609030e-08  5.845038353919182e-01 
 4.819371930609031e-08  5.845038353987544e-01 
 4.821371930609031e-08  5.845038353919343e-01 
 4.823371930609031e-08  5.845038353987384e-01 
 4.825371930609031e-08  5.845038353919505e-01 
 4.827371930609032e-08  5.845038353987226e-01 
 4.829371930609032e-08  5.845038353919666e-01 
 4.831371930609032e-08  5.845038353987069e-01 
 4.833371930609033e-08  5.845038353919825e-01 
 4.835371930609033e-08  5.845038353986910e-01 
 4.837371930609033e-08  5.845038353919981e-01 
 4.839371930609033e-08  5.845038353986752e-01 
 4.841371930609034e-08  5.845038353920141e-01 
 4.843371930609034e-08  5.845038353986598e-01 
 4.845371930609034e-08  5.845038353920299e-01 
 4.847371930609034e-08  5.845038353986441e-01 
 4.849371930609035e-08  5.845038353920455e-01 
 4.851371930609035e-08  5.845038353986286e-01 
 4.853371930609035e-08  5.845038353920611e-01 
 4.855371930609036e-08  5.845038353986134e-01 
 4.857371930609036e-08  5.845038353920771e-01 
 4.859371930609036e-08  5.845038353985986e-01 
 4.861371930609036e-08  5.845038353920932e-01 
 4.863371930609037e-08  5.845038353985836e-01 
 4.865371930609037e-08  5.845038353921085e-01 
 4.867371930609037e-08  5.845038353985683e-01 
 4.869371930609038e-08  5.845038353921237e-01 
 4.871371930609038e-08  5.845038353985530e-01 
 4.873371930609038e-08  5.845038353921391e-01 
 4.875371930609038e-08  5.845038353985382e-01 
 4.877371930609039e-08  5.845038353921548e-01 
 4.879371930609039e-08  5.845038353985237e-01 
 4.881371930609039e-08  5.845038353921703e-01 
 4.883371930609040e-08  5.845038353985088e-01 
 4.885371930609040e-08  5.845038353921853e-01 
 4.887371930609040e-08  5.845038353984938e-01 
 4.889371930609040e-08  5.845038353922004e-01 
 4.891371930609041e-08  5.845038353984791e-01 
 4.893371930609041e-08  5.845038353922153e-01 
 4.895371930609041e-08  5.845038353984641e-01 
 4.897371930609042e-08  5.845038353922301e-01 
 4.899371930609042e-08  5.845038353984493e-01 
 4.901371930609042e-08  5.845038353922450e-01 
 4.903371930609042e-08  5.845038353984351e-01 
 4.905371930609043e-08  5.845038353922601e-01 
 4.907371930609043e-08  5.845038353984208e-01 
 4.909371930609043e-08  5.845038353922749e-01 
 4.911371930609044e-08  5.845038353984059e-01 
 4.913371930609044e-08  5.845038353922892e-01 
 4.915371930609044e-08  5.845038353983916e-01 
 4.917371930609044e-08  5.845038353923043e-01 
 4.919371930609045e-08  5.845038353983775e-01 
 4.921371930609045e-08  5.845038353923188e-01 
 4.923371930609045e-08  5.845038353983630e-01 
 4.925371930609046e-08  5.845038353923332e-01 
 4.927371930609046e-08  5.845038353983487e-01 
 4.929371930609046e-08  5.845038353923476e-01 
 4.931371930609046e-08  5.845038353983346e-01 
 4.933371930609047e-08  5.845038353923621e-01 
 4.935371930609047e-08  5.845038353983205e-01 
 4.937371930609047e-08  5.845038353923766e-01 
 4.939371930609047e-08  5.845038353983069e-01 
 4.941371930609048e-08  5.845038353923911e-01 
 4.943371930609048e-08  5.845038353982931e-01 
 4.945371930609048e-08  5.845038353924057e-01 
 4.947371930609049e-08  5.845038353982795e-01 
 4.949371930609049e-08  5.845038353924200e-01 
 4.951371930609049e-08  5.845038353982656e-01 
 4.953371930609049e-08  5.845038353924337e-01 
 4.955371930609050e-08  5.845038353982513e-01 
 4.957371930609050e-08  5.845038353924477e-01 
 4.959371930609050e-08  5.845038353982379e-01 
 4.961371930609051e-08  5.845038353924621e-01 
 4.963371930609051e-08  5.845038353982246e-01 
 4.965371930609051e-08  5.845038353924759e-01 
 4.967371930609051e-08  5.845038353982106e-01 
 4.969371930609052e-08  5.845038353924896e-01 
 4.971371930609052e-08  5.845038353981972e-01 
 4.973371930609052e-08  5.845038353925035e-01 
 4.975371930609053e-08  5.845038353981840e-01 
 4.977371930609053e-08  5.845038353925176e-01 
 4.979371930609053e-08  5.845038353981704e-01 
 4.981371930609053e-08  5.845038353925308e-01 
 4.983371930609054e-08  5.845038353981569e-01 
 4.985371930609054e-08  5.845038353925446e-01 
 4.987371930609054e-08  5.845038353981435e-01 
 4.989371930609055e-08  5.845038353925580e-01 
 4.991371930609055e-08  5.845038353981301e-01 
 4.993371930609055e-08  5.845038353925712e-01 
 4.995371930609055e-08  5.845038353981168e-01 
 4.997371930609056e-08  5.845038353925847e-01 
 4.999371930609056e-08  5.845038353981037e-01 
 5.001371930609056e-08  5.845038353925981e-01 
 5.003371930609057e-08  5.845038353980908e-01 
 5.005371930609057e-08  5.845038353926116e-01 
 5.007371930609057e-08  5.845038353980777e-01 
 5.009371930609057e-08  5.845038353926248e-01 
 5.011371930609058e-08  5.845038353980649e-01 
 5.013371930609058e-08  5.845038353926382e-01 
 5.015371930609058e-08  5.845038353980520e-01 
 5.017371930609059e-08  5.845038353926512e-01 
 5.019371930609059e-08  5.845038353980390e-01 
 5.021371930609059e-08  5.845038353926644e-01 
 5.023371930609059e-08  5.845038353980263e-01 
 5.025371930609060e-08  5.845038353926773e-01 
 5.027371930609060e-08  5.845038353980135e-01 
 5.029371930609060e-08  5.845038353926906e-01 
 5.031371930609060e-08  5.845038353980010e-01 
 5.033371930609061e-08  5.845038353927032e-01 
 5.035371930609061e-08  5.845038353979880e-01 
 5.037371930609061e-08  5.845038353927158e-01 
 5.039371930609062e-08  5.845038353979753e-01 
 5.041371930609062e-08  5.845038353927287e-01 
 5.043371930609062e-08  5.845038353979628e-01 
 5.045371930609062e-08  5.845038353927413e-01 
 5.047371930609063e-08  5.845038353979505e-01 
 5.049371930609063e-08  5.845038353927543e-01 
 5.051371930609063e-08  5.845038353979384e-01 
 5.053371930609064e-08  5.845038353927674e-01 
 5.055371930609064e-08  5.845038353979265e-01 
 5.057371930609064e-08  5.845038353927801e-01 
 5.059371930609064e-08  5.845038353979141e-01 
 5.061371930609065e-08  5.845038353927926e-01 
 5.063371930609065e-08  5.845038353979017e-01 
 5.065371930609065e-08  5.845038353928047e-01 
 5.067371930609066e-08  5.845038353978893e-01 
 5.069371930609066e-08  5.845038353928170e-01 
 5.071371930609066e-08  5.845038353978770e-01 
 5.073371930609066e-08  5.845038353928295e-01 
 5.075371930609067e-08  5.845038353978651e-01 
 5.077371930609067e-08  5.845038353928417e-01 
 5.079371930609067e-08  5.845038353978531e-01 
 5.081371930609068e-08  5.845038353928542e-01 
 5.083371930609068e-08  5.845038353978412e-01 
 5.085371930609068e-08  5.845038353928661e-01 
 5.087371930609068e-08  5.845038353978289e-01 
 5.089371930609069e-08  5.845038353928780e-01 
 5.091371930609069e-08  5.845038353978171e-01 
 5.093371930609069e-08  5.845038353928903e-01 
 5.095371930609070e-08  5.845038353978053e-01 
 5.097371930609070e-08  5.845038353929021e-01 
 5.099371930609070e-08  5.845038353977935e-01 
 5.101371930609070e-08  5.845038353929143e-01 
 5.103371930609071e-08  5.845038353977818e-01 
 5.105371930609071e-08  5.845038353929261e-01 
 5.107371930609071e-08  5.845038353977701e-01 
 5.109371930609072e-08  5.845038353929379e-01 
 5.111371930609072e-08  5.845038353977586e-01 
 5.113371930609072e-08  5.845038353929498e-01 
 5.115371930609072e-08  5.845038353977469e-01 
 5.117371930609073e-08  5.845038353929615e-01 
 5.119371930609073e-08  5.845038353977354e-01 
 5.121371930609073e-08  5.845038353929733e-01 
 5.123371930609073e-08  5.845038353977241e-01 
 5.125371930609074e-08  5.845038353929849e-01 
 5.127371930609074e-08  5.845038353977124e-01 
 5.129371930609074e-08  5.845038353929963e-01 
 5.131371930609075e-08  5.845038353977011e-01 
 5.133371930609075e-08  5.845038353930080e-01 
 5.135371930609075e-08  5.845038353976899e-01 
 5.137371930609075e-08  5.845038353930194e-01 
 5.139371930609076e-08  5.845038353976787e-01 
 5.141371930609076e-08  5.845038353930312e-01 
 5.143371930609076e-08  5.845038353976677e-01 
 5.145371930609077e-08  5.845038353930425e-01 
 5.147371930609077e-08  5.845038353976565e-01 
 5.149371930609077e-08  5.845038353930541e-01 
 5.151371930609077e-08  5.845038353976456e-01 
 5.153371930609078e-08  5.845038353930654e-01 
 5.155371930609078e-08  5.845038353976344e-01 
 5.157371930609078e-08  5.845038353930763e-01 
 5.159371930609079e-08  5.845038353976231e-01 
 5.161371930609079e-08  5.845038353930874e-01 
 5.163371930609079e-08  5.845038353976121e-01 
 5.165371930609079e-08  5.845038353930984e-01 
 5.167371930609080e-08  5.845038353976009e-01 
 5.169371930609080e-08  5.845038353931090e-01 
 5.171371930609080e-08  5.845038353975900e-01 
 5.173371930609081e-08  5.845038353931205e-01 
 5.175371930609081e-08  5.845038353975794e-01 
 5.177371930609081e-08  5.845038353931314e-01 
 5.179371930609081e-08  5.845038353975687e-01 
 5.181371930609082e-08  5.845038353931424e-01 
 5.183371930609082e-08  5.845038353975580e-01 
 5.185371930609082e-08  5.845038353931534e-01 
 5.187371930609083e-08  5.845038353975476e-01 
 5.189371930609083e-08  5.845038353931645e-01 
 5.191371930609083e-08  5.845038353975371e-01 
 5.193371930609083e-08  5.845038353931755e-01 
 5.195371930609084e-08  5.845038353975268e-01 
 5.197371930609084e-08  5.845038353931864e-01 
 5.199371930609084e-08  5.845038353975163e-01 
 5.201371930609085e-08  5.845038353931969e-01 
 5.203371930609085e-08  5.845038353975057e-01 
 5.205371930609085e-08  5.845038353932074e-01 
 5.207371930609085e-08  5.845038353974951e-01 
 5.209371930609086e-08  5.845038353932179e-01 
 5.211371930609086e-08  5.845038353974847e-01 
 5.213371930609086e-08  5.845038353932284e-01 
 5.215371930609086e-08  5.845038353974742e-01 
 5.217371930609087e-08  5.845038353932388e-01 
 5.219371930609087e-08  5.845038353974639e-01 
 5.221371930609087e-08  5.845038353932493e-01 
 5.223371930609088e-08  5.845038353974540e-01 
 5.225371930609088e-08  5.845038353932599e-01 
 5.227371930609088e-08  5.845038353974437e-01 
 5.229371930609088e-08  5.845038353932702e-01 
 5.231371930609089e-08  5.845038353974336e-01 
 5.233371930609089e-08  5.845038353932803e-01 
 5.235371930609089e-08  5.845038353974232e-01 
 5.237371930609090e-08  5.845038353932904e-01 
 5.239371930609090e-08  5.845038353974131e-01 
 5.241371930609090e-08  5.845038353933008e-01 
 5.243371930609090e-08  5.845038353974032e-01 
 5.245371930609091e-08  5.845038353933112e-01 
 5.247371930609091e-08  5.845038353973937e-01 
 5.249371930609091e-08  5.845038353933213e-01 
 5.251371930609092e-08  5.845038353973834e-01 
 5.253371930609092e-08  5.845038353933311e-01 
 5.255371930609092e-08  5.845038353973734e-01 
 5.257371930609092e-08  5.845038353933409e-01 
 5.259371930609093e-08  5.845038353973634e-01 
 5.261371930609093e-08  5.845038353933508e-01 
 5.263371930609093e-08  5.845038353973536e-01 
 5.265371930609094e-08  5.845038353933607e-01 
 5.267371930609094e-08  5.845038353973437e-01 
 5.269371930609094e-08  5.845038353933705e-01 
 5.271371930609094e-08  5.845038353973341e-01 
 5.273371930609095e-08  5.845038353933805e-01 
 5.275371930609095e-08  5.845038353973245e-01 
 5.277371930609095e-08  5.845038353933900e-01 
 5.279371930609096e-08  5.845038353973145e-01 
 5.281371930609096e-08  5.845038353933998e-01 
 5.283371930609096e-08  5.845038353973052e-01 
 5.285371930609096e-08  5.845038353934096e-01 
 5.287371930609097e-08  5.845038353972956e-01 
 5.289371930609097e-08  5.845038353934191e-01 
 5.291371930609097e-08  5.845038353972861e-01 
 5.293371930609098e-08  5.845038353934288e-01 
 5.295371930609098e-08  5.845038353972770e-01 
 5.297371930609098e-08  5.845038353934385e-01 
 5.299371930609098e-08  5.845038353972672e-01 
 5.301371930609099e-08  5.845038353934476e-01 
 5.303371930609099e-08  5.845038353972580e-01 
 5.305371930609099e-08  5.845038353934576e-01 
 5.307371930609099e-08  5.845038353972494e-01 
 5.309371930609100e-08  5.845038353934675e-01 
 5.311371930609100e-08  5.845038353972403e-01 
 5.313371930609100e-08  5.845038353934769e-01 
 5.315371930609101e-08  5.845038353972309e-01 
 5.317371930609101e-08  5.845038353934863e-01 
 5.319371930609101e-08  5.845038353972218e-01 
 5.321371930609101e-08  5.845038353934956e-01 
 5.323371930609102e-08  5.845038353972127e-01 
 5.325371930609102e-08  5.845038353935046e-01 
 5.327371930609102e-08  5.845038353972033e-01 
 5.329371930609103e-08  5.845038353935138e-01 
 5.331371930609103e-08  5.845038353971943e-01 
 5.333371930609103e-08  5.845038353935229e-01 
 5.335371930609103e-08  5.845038353971851e-01 
 5.337371930609104e-08  5.845038353935317e-01 
 5.339371930609104e-08  5.845038353971758e-01 
 5.341371930609104e-08  5.845038353935406e-01 
 5.343371930609105e-08  5.845038353971669e-01 
 5.345371930609105e-08  5.845038353935499e-01 
 5.347371930609105e-08  5.845038353971582e-01 
 5.349371930609105e-08  5.845038353935588e-01 
 5.351371930609106e-08  5.845038353971495e-01 
 5.353371930609106e-08  5.845038353935681e-01 
 5.355371930609106e-08  5.845038353971408e-01 
 5.357371930609107e-08  5.845038353935769e-01 
 5.359371930609107e-08  5.845038353971319e-01 
 5.361371930609107e-08  5.845038353935859e-01 
 5.363371930609107e-08  5.845038353971235e-01 
 5.365371930609108e-08  5.845038353935951e-01 
 5.367371930609108e-08  5.845038353971150e-01 
 5.369371930609108e-08  5.845038353936038e-01 
 5.371371930609109e-08  5.845038353971063e-01 
 5.373371930609109e-08  5.845038353936124e-01 
 5.375371930609109e-08  5.845038353970974e-01 
 5.377371930609109e-08  5.845038353936209e-01 
 5.379371930609110e-08  5.845038353970887e-01 
 5.381371930609110e-08  5.845038353936295e-01 
 5.383371930609110e-08  5.845038353970803e-01 
 5.385371930609111e-08  5.845038353936380e-01 
 5.387371930609111e-08  5.845038353970716e-01 
 5.389371930609111e-08  5.845038353936466e-01 
 5.391371930609111e-08  5.845038353970632e-01 
 5.393371930609112e-08  5.845038353936552e-01 
 5.395371930609112e-08  5.845038353970551e-01 
 5.397371930609112e-08  5.845038353936639e-01 
 5.399371930609112e-08  5.845038353970463e-01 
 5.401371930609113e-08  5.845038353936720e-01 
 5.403371930609113e-08  5.845038353970379e-01 
 5.405371930609113e-08  5.845038353936803e-01 
 5.407371930609114e-08  5.845038353970297e-01 
 5.409371930609114e-08  5.845038353936888e-01 
 5.411371930609114e-08  5.845038353970214e-01 
 5.413371930609114e-08  5.845038353936971e-01 
 5.415371930609115e-08  5.845038353970131e-01 
 5.417371930609115e-08  5.845038353937055e-01 
 5.419371930609115e-08  5.845038353970052e-01 
 5.421371930609116e-08  5.845038353937140e-01 
 5.423371930609116e-08  5.845038353969972e-01 
 5.425371930609116e-08  5.845038353937224e-01 
 5.427371930609116e-08  5.845038353969892e-01 
 5.429371930609117e-08  5.845038353937305e-01 
 5.431371930609117e-08  5.845038353969811e-01 
 5.433371930609117e-08  5.845038353937385e-01 
 5.435371930609118e-08  5.845038353969728e-01 
 5.437371930609118e-08  5.845038353937464e-01 
 5.439371930609118e-08  5.845038353969647e-01 
 5.441371930609118e-08  5.845038353937545e-01 
 5.443371930609119e-08  5.845038353969568e-01 
 5.445371930609119e-08  5.845038353937626e-01 
 5.447371930609119e-08  5.845038353969491e-01 
 5.449371930609120e-08  5.845038353937707e-01 
 5.451371930609120e-08  5.845038353969412e-01 
 5.453371930609120e-08  5.845038353937788e-01 
 5.455371930609120e-08  5.845038353969336e-01 
 5.457371930609121e-08  5.845038353937868e-01 
 5.459371930609121e-08  5.845038353969257e-01 
 5.461371930609121e-08  5.845038353937946e-01 
 5.463371930609122e-08  5.845038353969177e-01 
 5.465371930609122e-08  5.845038353938024e-01 
 5.467371930609122e-08  5.845038353969102e-01 
 5.469371930609122e-08  5.845038353938102e-01 
 5.471371930609123e-08  5.845038353969023e-01 
 5.473371930609123e-08  5.845038353938177e-01 
 5.475371930609123e-08  5.845038353968945e-01 
 5.477371930609124e-08  5.845038353938258e-01 
 5.479371930609124e-08  5.845038353968874e-01 
 5.481371930609124e-08  5.845038353938338e-01 
 5.483371930609124e-08  5.845038353968800e-01 
 5.485371930609125e-08  5.845038353938413e-01 
 5.487371930609125e-08  5.845038353968721e-01 
 5.489371930609125e-08  5.845038353938488e-01 
 5.491371930609125e-08  5.845038353968647e-01 
 5.493371930609126e-08  5.845038353938562e-01 
 5.495371930609126e-08  5.845038353968566e-01 
 5.497371930609126e-08  5.845038353938631e-01 
 5.499371930609127e-08  5.845038353968488e-01 
 5.501371930609127e-08  5.845038353938705e-01 
 5.503371930609127e-08  5.845038353968414e-01 
 5.505371930609127e-08  5.845038353938781e-01 
 5.507371930609128e-08  5.845038353968343e-01 
 5.509371930609128e-08  5.845038353938857e-01 
 5.511371930609128e-08  5.845038353968269e-01 
 5.513371930609129e-08  5.845038353938934e-01 
 5.515371930609129e-08  5.845038353968200e-01 
 5.517371930609129e-08  5.845038353939007e-01 
 5.519371930609129e-08  5.845038353968124e-01 
 5.521371930609130e-08  5.845038353939079e-01 
 5.523371930609130e-08  5.845038353968054e-01 
 5.525371930609130e-08  5.845038353939155e-01 
 5.527371930609131e-08  5.845038353967983e-01 
 5.529371930609131e-08  5.845038353939228e-01 
 5.531371930609131e-08  5.845038353967912e-01 
 5.533371930609131e-08  5.845038353939300e-01 
 5.535371930609132e-08  5.845038353967841e-01 
 5.537371930609132e-08  5.845038353939370e-01 
 5.539371930609132e-08  5.845038353967764e-01 
 5.541371930609133e-08  5.845038353939436e-01 
 5.543371930609133e-08  5.845038353967690e-01 
 5.545371930609133e-08  5.845038353939508e-01 
 5.547371930609133e-08  5.845038353967622e-01 
 5.549371930609134e-08  5.845038353939583e-01 
 5.551371930609134e-08  5.845038353967559e-01 
 5.553371930609134e-08  5.845038353939656e-01 
 5.555371930609135e-08  5.845038353967483e-01 
 5.557371930609135e-08  5.845038353939722e-01 
 5.559371930609135e-08  5.845038353967417e-01 
 5.561371930609135e-08  5.845038353939794e-01 
 5.563371930609136e-08  5.845038353967347e-01 
 5.565371930609136e-08  5.845038353939863e-01 
 5.567371930609136e-08  5.845038353967276e-01 
 5.569371930609137e-08  5.845038353939931e-01 
 5.571371930609137e-08  5.845038353967208e-01 
 5.573371930609137e-08  5.845038353939999e-01 
 5.575371930609137e-08  5.845038353967138e-01 
 5.577371930609138e-08  5.845038353940064e-01 
 5.579371930609138e-08  5.845038353967065e-01 
 5.581371930609138e-08  5.845038353940130e-01 
 5.583371930609138e-08  5.845038353966999e-01 
 5.585371930609139e-08  5.845038353940202e-01 
 5.587371930609139e-08  5.845038353966937e-01 
 5.589371930609139e-08  5.845038353940274e-01 
 5.591371930609140e-08  5.845038353966873e-01 
 5.593371930609140e-08  5.845038353940341e-01 
 5.595371930609140e-08  5.845038353966806e-01 
 5.597371930609140e-08  5.845038353940408e-01 
 5.599371930609141e-08  5.845038353966739e-01 
 5.601371930609141e-08  5.845038353940473e-01 
 5.603371930609141e-08  5.845038353966672e-01 
 5.605371930609142e-08  5.845038353940538e-01 
 5.607371930609142e-08  5.845038353966606e-01 
 5.609371930609142e-08  5.845038353940607e-01 
 5.611371930609142e-08  5.845038353966544e-01 
 5.613371930609143e-08  5.845038353940674e-01 
 5.615371930609143e-08  5.845038353966480e-01 
 5.617371930609143e-08  5.845038353940740e-01 
 5.619371930609144e-08  5.845038353966415e-01 
 5.621371930609144e-08  5.845038353940805e-01 
 5.623371930609144e-08  5.845038353966352e-01 
 5.625371930609144e-08  5.845038353940870e-01 
 5.627371930609145e-08  5.845038353966288e-01 
 5.629371930609145e-08  5.845038353940933e-01 
 5.631371930609145e-08  5.845038353966222e-01 
 5.633371930609146e-08  5.845038353940996e-01 
 5.635371930609146e-08  5.845038353966159e-01 
 5.637371930609146e-08  5.845038353941060e-01 
 5.639371930609146e-08  5.845038353966094e-01 
 5.641371930609147e-08  5.845038353941123e-01 
 5.643371930609147e-08  5.845038353966031e-01 
 5.645371930609147e-08  5.845038353941184e-01 
 5.647371930609148e-08  5.845038353965969e-01 
 5.649371930609148e-08  5.845038353941248e-01 
 5.651371930609148e-08  5.845038353965903e-01 
 5.653371930609148e-08  5.845038353941306e-01 
 5.655371930609149e-08  5.845038353965839e-01 
 5.657371930609149e-08  5.845038353941368e-01 
 5.659371930609149e-08  5.845038353965778e-01 
 5.661371930609150e-08  5.845038353941431e-01 
 5.663371930609150e-08  5.845038353965719e-01 
 5.665371930609150e-08  5.845038353941494e-01 
 5.667371930609150e-08  5.845038353965657e-01 
 5.669371930609151e-08  5.845038353941555e-01 
 5.671371930609151e-08  5.845038353965598e-01 
 5.673371930609151e-08  5.845038353941617e-01 
 5.675371930609151e-08  5.845038353965539e-01 
 5.677371930609152e-08  5.845038353941681e-01 
 5.679371930609152e-08  5.845038353965480e-01 
 5.681371930609152e-08  5.845038353941743e-01 
 5.683371930609153e-08  5.845038353965423e-01 
 5.685371930609153e-08  5.845038353941805e-01 
 5.687371930609153e-08  5.845038353965366e-01 
 5.689371930609153e-08  5.845038353941864e-01 
 5.691371930609154e-08  5.845038353965303e-01 
 5.693371930609154e-08  5.845038353941923e-01 
 5.695371930609154e-08  5.845038353965244e-01 
 5.697371930609155e-08  5.845038353941981e-01 
 5.699371930609155e-08  5.845038353965187e-01 
 5.701371930609155e-08  5.845038353942044e-01 
 5.703371930609155e-08  5.845038353965131e-01 
 5.705371930609156e-08  5.845038353942104e-01 
 5.707371930609156e-08  5.845038353965074e-01 
 5.709371930609156e-08  5.845038353942161e-01 
 5.711371930609157e-08  5.845038353965014e-01 
 5.713371930609157e-08  5.845038353942220e-01 
 5.715371930609157e-08  5.845038353964958e-01 
 5.717371930609157e-08  5.845038353942278e-01 
 5.719371930609158e-08  5.845038353964900e-01 
 5.721371930609158e-08  5.845038353942335e-01 
 5.723371930609158e-08  5.845038353964841e-01 
 5.725371930609159e-08  5.845038353942389e-01 
 5.727371930609159e-08  5.845038353964781e-01 
 5.729371930609159e-08  5.845038353942446e-01 
 5.731371930609159e-08  5.845038353964724e-01 
 5.733371930609160e-08  5.845038353942501e-01 
 5.735371930609160e-08  5.845038353964667e-01 
 5.737371930609160e-08  5.845038353942557e-01 
 5.739371930609161e-08  5.845038353964613e-01 
 5.741371930609161e-08  5.845038353942617e-01 
 5.743371930609161e-08  5.845038353964558e-01 
 5.745371930609161e-08  5.845038353942671e-01 
 5.747371930609162e-08  5.845038353964501e-01 
 5.749371930609162e-08  5.845038353942725e-01 
 5.751371930609162e-08  5.845038353964447e-01 
 5.753371930609163e-08  5.845038353942783e-01 
 5.755371930609163e-08  5.845038353964395e-01 
 5.757371930609163e-08  5.845038353942841e-01 
 5.759371930609163e-08  5.845038353964341e-01 
 5.761371930609164e-08  5.845038353942895e-01 
 5.763371930609164e-08  5.845038353964286e-01 
 5.765371930609164e-08  5.845038353942947e-01 
 5.767371930609164e-08  5.845038353964228e-01 
 5.769371930609165e-08  5.845038353943000e-01 
 5.771371930609165e-08  5.845038353964174e-01 
 5.773371930609165e-08  5.845038353943055e-01 
 5.775371930609166e-08  5.845038353964123e-01 
 5.777371930609166e-08  5.845038353943109e-01 
 5.779371930609166e-08  5.845038353964070e-01 
 5.781371930609166e-08  5.845038353943166e-01 
 5.783371930609167e-08  5.845038353964018e-01 
 5.785371930609167e-08  5.845038353943218e-01 
 5.787371930609167e-08  5.845038353963966e-01 
 5.789371930609168e-08  5.845038353943273e-01 
 5.791371930609168e-08  5.845038353963913e-01 
 5.793371930609168e-08  5.845038353943324e-01 
 5.795371930609168e-08  5.845038353963860e-01 
 5.797371930609169e-08  5.845038353943374e-01 
 5.799371930609169e-08  5.845038353963806e-01 
 5.801371930609169e-08  5.845038353943427e-01 
 5.803371930609170e-08  5.845038353963754e-01 
 5.805371930609170e-08  5.845038353943478e-01 
 5.807371930609170e-08  5.845038353963702e-01 
 5.809371930609170e-08  5.845038353943529e-01 
 5.811371930609171e-08  5.845038353963652e-01 
 5.813371930609171e-08  5.845038353943584e-01 
 5.815371930609171e-08  5.845038353963603e-01 
 5.817371930609172e-08  5.845038353943633e-01 
 5.819371930609172e-08  5.845038353963550e-01 
 5.821371930609172e-08  5.845038353943683e-01 
 5.823371930609172e-08  5.845038353963499e-01 
 5.825371930609173e-08  5.845038353943736e-01 
 5.827371930609173e-08  5.845038353963450e-01 
 5.829371930609173e-08  5.845038353943787e-01 
 5.831371930609174e-08  5.845038353963402e-01 
 5.833371930609174e-08  5.845038353943840e-01 
 5.835371930609174e-08  5.845038353963353e-01 
 5.837371930609174e-08  5.845038353943890e-01 
 5.839371930609175e-08  5.845038353963304e-01 
 5.841371930609175e-08  5.845038353943939e-01 
 5.843371930609175e-08  5.845038353963252e-01 
 5.845371930609176e-08  5.845038353943988e-01 
 5.847371930609176e-08  5.845038353963204e-01 
 5.849371930609176e-08  5.845038353944035e-01 
 5.851371930609176e-08  5.845038353963152e-01 
 5.853371930609177e-08  5.845038353944083e-01 
 5.855371930609177e-08  5.845038353963103e-01 
 5.857371930609177e-08  5.845038353944131e-01 
 5.859371930609177e-08  5.845038353963056e-01 
 5.861371930609178e-08  5.845038353944182e-01 
 5.863371930609178e-08  5.845038353963008e-01 
 5.865371930609178e-08  5.845038353944229e-01 
 5.867371930609179e-08  5.845038353962958e-01 
 5.869371930609179e-08  5.845038353944275e-01 
 5.871371930609179e-08  5.845038353962910e-01 
 5.873371930609179e-08  5.845038353944323e-01 
 5.875371930609180e-08  5.845038353962864e-01 
 5.877371930609180e-08  5.845038353944372e-01 
 5.879371930609180e-08  5.845038353962817e-01 
 5.881371930609181e-08  5.845038353944421e-01 
 5.883371930609181e-08  5.845038353962773e-01 
 5.885371930609181e-08  5.845038353944471e-01 
 5.887371930609181e-08  5.845038353962728e-01 
 5.889371930609182e-08  5.845038353944518e-01 
 5.891371930609182e-08  5.845038353962683e-01 
 5.893371930609182e-08  5.845038353944565e-01 
 5.895371930609183e-08  5.845038353962636e-01 
 5.897371930609183e-08  5.845038353944614e-01 
 5.899371930609183e-08  5.845038353962594e-01 
 5.901371930609183e-08  5.845038353944660e-01 
 5.903371930609184e-08  5.845038353962544e-01 
 5.905371930609184e-08  5.845038353944704e-01 
 5.907371930609184e-08  5.845038353962498e-01 
 5.909371930609185e-08  5.845038353944748e-01 
 5.911371930609185e-08  5.845038353962452e-01 
 5.913371930609185e-08  5.845038353944795e-01 
 5.915371930609185e-08  5.845038353962407e-01 
 5.917371930609186e-08  5.845038353944840e-01 
 5.919371930609186e-08  5.845038353962363e-01 
 5.921371930609186e-08  5.845038353944884e-01 
 5.923371930609187e-08  5.845038353962315e-01 
 5.925371930609187e-08  5.845038353944928e-01 
 5.927371930609187e-08  5.845038353962272e-01 
 5.929371930609187e-08  5.845038353944972e-01 
 5.931371930609188e-08  5.845038353962225e-01 
 5.933371930609188e-08  5.845038353945013e-01 
 5.935371930609188e-08  5.845038353962178e-01 
 5.937371930609189e-08  5.845038353945055e-01 
 5.939371930609189e-08  5.845038353962131e-01 
 5.941371930609189e-08  5.845038353945097e-01 
 5.943371930609189e-08  5.845038353962088e-01 
 5.945371930609190e-08  5.845038353945141e-01 
 5.947371930609190e-08  5.845038353962045e-01 
 5.949371930609190e-08  5.845038353945188e-01 
 5.951371930609190e-08  5.845038353962004e-01 
 5.953371930609191e-08  5.845038353945231e-01 
 5.955371930609191e-08  5.845038353961961e-01 
 5.957371930609191e-08  5.845038353945274e-01 
 5.959371930609192e-08  5.845038353961918e-01 
 5.961371930609192e-08  5.845038353945314e-01 
 5.963371930609192e-08  5.845038353961872e-01 
 5.965371930609191e-08  5.845038353945358e-01 
 5.967371930609191e-08  5.845038353961836e-01 
 5.969371930609190e-08  5.845038353945408e-01 
 5.971371930609190e-08  5.845038353961798e-01 
 5.973371930609190e-08  5.845038353945452e-01 
 5.975371930609189e-08  5.845038353961758e-01 
 5.977371930609189e-08  5.845038353945495e-01 
 5.979371930609188e-08  5.845038353961716e-01 
 5.981371930609188e-08  5.845038353945535e-01 
 5.983371930609188e-08  5.845038353961672e-01 
 5.985371930609187e-08  5.845038353945579e-01 
 5.987371930609187e-08  5.845038353961636e-01 
 5.989371930609187e-08  5.845038353945623e-01 
 5.991371930609186e-08  5.845038353961594e-01 
 5.993371930609186e-08  5.845038353945661e-01 
 5.995371930609185e-08  5.845038353961550e-01 
 5.997371930609185e-08  5.845038353945702e-01 
 5.999371930609185e-08  5.845038353961507e-01 
 6.001371930609184e-08  5.845038353945736e-01 
 6.003371930609184e-08  5.845038353961463e-01 
 6.005371930609184e-08  5.845038353945776e-01 
 6.007371930609183e-08  5.845038353961423e-01 
 6.009371930609183e-08  5.845038353945816e-01 
 6.011371930609182e-08  5.845038353961381e-01 
 6.013371930609182e-08  5.845038353945858e-01 
 6.015371930609182e-08  5.845038353961345e-01 
 6.017371930609181e-08  5.845038353945901e-01 
 6.019371930609181e-08  5.845038353961306e-01 
 6.021371930609181e-08  5.845038353945941e-01 
 6.023371930609180e-08  5.845038353961265e-01 
 6.025371930609180e-08  5.845038353945978e-01 
 6.027371930609179e-08  5.845038353961225e-01 
 6.029371930609179e-08  5.845038353946018e-01 
 6.031371930609179e-08  5.845038353961188e-01 
 6.033371930609178e-08  5.845038353946060e-01 
 6.035371930609178e-08  5.845038353961152e-01 
 6.037371930609177e-08  5.845038353946099e-01 
 6.039371930609177e-08  5.845038353961111e-01 
 6.041371930609177e-08  5.845038353946139e-01 
 6.043371930609176e-08  5.845038353961075e-01 
 6.045371930609176e-08  5.845038353946179e-01 
 6.047371930609176e-08  5.845038353961037e-01 
 6.049371930609175e-08  5.845038353946217e-01 
 6.051371930609175e-08  5.845038353960997e-01 
 6.053371930609174e-08  5.845038353946252e-01 
 6.055371930609174e-08  5.845038353960956e-01 
 6.057371930609174e-08  5.845038353946288e-01 
 6.059371930609173e-08  5.845038353960916e-01 
 6.061371930609173e-08  5.845038353946326e-01 
 6.063371930609173e-08  5.845038353960882e-01 
 6.065371930609172e-08  5.845038353946367e-01 
 6.067371930609172e-08  5.845038353960844e-01 
 6.069371930609171e-08  5.845038353946403e-01 
 6.071371930609171e-08  5.845038353960808e-01 
 6.073371930609171e-08  5.845038353946442e-01 
 6.075371930609170e-08  5.845038353960773e-01 
 6.077371930609170e-08  5.845038353946479e-01 
 6.079371930609170e-08  5.845038353960733e-01 
 6.081371930609169e-08  5.845038353946514e-01 
 6.083371930609169e-08  5.845038353960696e-01 
 6.085371930609168e-08  5.845038353946552e-01 
 6.087371930609168e-08  5.845038353960660e-01 
 6.089371930609168e-08  5.845038353946587e-01 
 6.091371930609167e-08  5.845038353960623e-01 
 6.093371930609167e-08  5.845038353946624e-01 
 6.095371930609167e-08  5.845038353960587e-01 
 6.097371930609166e-08  5.845038353946660e-01 
 6.099371930609166e-08  5.845038353960550e-01 
 6.101371930609165e-08  5.845038353946697e-01 
 6.103371930609165e-08  5.845038353960517e-01 
 6.105371930609165e-08  5.845038353946733e-01 
 6.107371930609164e-08  5.845038353960478e-01 
 6.109371930609164e-08  5.845038353946765e-01 
 6.111371930609163e-08  5.845038353960442e-01 
 6.113371930609163e-08  5.845038353946802e-01 
 6.115371930609163e-08  5.845038353960406e-01 
 6.117371930609162e-08  5.845038353946835e-01 
 6.119371930609162e-08  5.845038353960372e-01 
 6.121371930609162e-08  5.845038353946872e-01 
 6.123371930609161e-08  5.845038353960336e-01 
 6.125371930609161e-08  5.845038353946904e-01 
 6.127371930609160e-08  5.845038353960300e-01 
 6.129371930609160e-08  5.845038353946941e-01 
 6.131371930609160e-08  5.845038353960267e-01 
 6.133371930609159e-08  5.845038353946976e-01 
 6.135371930609159e-08  5.845038353960235e-01 
 6.137371930609159e-08  5.845038353947013e-01 
 6.139371930609158e-08  5.845038353960204e-01 
 6.141371930609158e-08  5.845038353947050e-01 
 6.143371930609157e-08  5.845038353960167e-01 
 6.145371930609157e-08  5.845038353947082e-01 
 6.147371930609157e-08  5.845038353960134e-01 
 6.149371930609156e-08  5.845038353947115e-01 
 6.151371930609156e-08  5.845038353960099e-01 
 6.153371930609156e-08  5.845038353947151e-01 
 6.155371930609155e-08  5.845038353960066e-01 
 6.157371930609155e-08  5.845038353947182e-01 
 6.159371930609154e-08  5.845038353960031e-01 
 6.161371930609154e-08  5.845038353947215e-01 
 6.163371930609154e-08  5.845038353959997e-01 
 6.165371930609153e-08  5.845038353947246e-01 
 6.167371930609153e-08  5.845038353959964e-01 
 6.169371930609152e-08  5.845038353947279e-01 
 6.171371930609152e-08  5.845038353959930e-01 
 6.173371930609152e-08  5.845038353947314e-01 
 6.175371930609151e-08  5.845038353959898e-01 
 6.177371930609151e-08  5.845038353947347e-01 
 6.179371930609151e-08  5.845038353959868e-01 
 6.181371930609150e-08  5.845038353947380e-01 
 6.183371930609150e-08  5.845038353959837e-01 
 6.185371930609149e-08  5.845038353947418e-01 
 6.187371930609149e-08  5.845038353959809e-01 
 6.189371930609149e-08  5.845038353947450e-01 
 6.191371930609148e-08  5.845038353959774e-01 
 6.193371930609148e-08  5.845038353947477e-01 
 6.195371930609148e-08  5.845038353959735e-01 
 6.197371930609147e-08  5.845038353947506e-01 
 6.199371930609147e-08  5.845038353959706e-01 
 6.201371930609146e-08  5.845038353947543e-01 
 6.203371930609146e-08  5.845038353959678e-01 
 6.205371930609146e-08  5.845038353947575e-01 
 6.207371930609145e-08  5.845038353959646e-01 
 6.209371930609145e-08  5.845038353947605e-01 
 6.211371930609145e-08  5.845038353959612e-01 
 6.213371930609144e-08  5.845038353947635e-01 
 6.215371930609144e-08  5.845038353959580e-01 
 6.217371930609143e-08  5.845038353947664e-01 
 6.219371930609143e-08  5.845038353959547e-01 
 6.221371930609143e-08  5.845038353947695e-01 
 6.223371930609142e-08  5.845038353959516e-01 
 6.225371930609142e-08  5.845038353947725e-01 
 6.227371930609141e-08  5.845038353959484e-01 
 6.229371930609141e-08  5.845038353947754e-01 
 6.231371930609141e-08  5.845038353959455e-01 
 6.233371930609140e-08  5.845038353947788e-01 
 6.235371930609140e-08  5.845038353959425e-01 
 6.237371930609140e-08  5.845038353947816e-01 
 6.239371930609139e-08  5.845038353959394e-01 
 6.241371930609139e-08  5.845038353947847e-01 
 6.243371930609138e-08  5.845038353959365e-01 
 6.245371930609138e-08  5.845038353947877e-01 
 6.247371930609138e-08  5.845038353959333e-01 
 6.249371930609137e-08  5.845038353947907e-01 
 6.251371930609137e-08  5.845038353959306e-01 
 6.253371930609137e-08  5.845038353947941e-01 
 6.255371930609136e-08  5.845038353959280e-01 
 6.257371930609136e-08  5.845038353947970e-01 
 6.259371930609135e-08  5.845038353959250e-01 
 6.261371930609135e-08  5.845038353948000e-01 
 6.263371930609135e-08  5.845038353959221e-01 
 6.265371930609134e-08  5.845038353948030e-01 
 6.267371930609134e-08  5.845038353959192e-01 
 6.269371930609134e-08  5.845038353948061e-01 
 6.271371930609133e-08  5.845038353959167e-01 
 6.273371930609133e-08  5.845038353948093e-01 
 6.275371930609132e-08  5.845038353959140e-01 
 6.277371930609132e-08  5.845038353948124e-01 
 6.279371930609132e-08  5.845038353959111e-01 
 6.281371930609131e-08  5.845038353948151e-01 
 6.283371930609131e-08  5.845038353959082e-01 
 6.285371930609130e-08  5.845038353948180e-01 
 6.287371930609130e-08  5.845038353959052e-01 
 6.289371930609130e-08  5.845038353948205e-01 
 6.291371930609129e-08  5.845038353959021e-01 
 6.293371930609129e-08  5.845038353948233e-01 
 6.295371930609129e-08  5.845038353958995e-01 
 6.297371930609128e-08  5.845038353948261e-01 
 6.299371930609128e-08  5.845038353958965e-01 
 6.301371930609127e-08  5.845038353948289e-01 
 6.303371930609127e-08  5.845038353958938e-01 
 6.305371930609127e-08  5.845038353948317e-01 
 6.307371930609126e-08  5.845038353958910e-01 
 6.309371930609126e-08  5.845038353948344e-01 
 6.311371930609126e-08  5.845038353958880e-01 
 6.313371930609125e-08  5.845038353948369e-01 
 6.315371930609125e-08  5.845038353958849e-01 
 6.317371930609124e-08  5.845038353948395e-01 
 6.319371930609124e-08  5.845038353958825e-01 
 6.321371930609124e-08  5.845038353948425e-01 
 6.323371930609123e-08  5.845038353958797e-01 
 6.325371930609123e-08  5.845038353948452e-01 
 6.327371930609123e-08  5.845038353958772e-01 
 6.329371930609122e-08  5.845038353948482e-01 
 6.331371930609122e-08  5.845038353958746e-01 
 6.333371930609121e-08  5.845038353948506e-01 
 6.335371930609121e-08  5.845038353958716e-01 
 6.337371930609121e-08  5.845038353948531e-01 
 6.339371930609120e-08  5.845038353958690e-01 
 6.341371930609120e-08  5.845038353948560e-01 
 6.343371930609119e-08  5.845038353958661e-01 
 6.345371930609119e-08  5.845038353948584e-01 
 6.347371930609119e-08  5.845038353958635e-01 
 6.349371930609118e-08  5.845038353948608e-01 
 6.351371930609118e-08  5.845038353958606e-01 
 6.353371930609118e-08  5.845038353948633e-01 
 6.355371930609117e-08  5.845038353958577e-01 
 6.357371930609117e-08  5.845038353948657e-01 
 6.359371930609116e-08  5.845038353958554e-01 
 6.361371930609116e-08  5.845038353948686e-01 
 6.363371930609116e-08  5.845038353958527e-01 
 6.365371930609115e-08  5.845038353948709e-01 
 6.367371930609115e-08  5.845038353958499e-01 
 6.369371930609115e-08  5.845038353948736e-01 
 6.371371930609114e-08  5.845038353958478e-01 
 6.373371930609114e-08  5.845038353948766e-01 
 6.375371930609113e-08  5.845038353958455e-01 
 6.377371930609113e-08  5.845038353948792e-01 
 6.379371930609113e-08  5.845038353958431e-01 
 6.381371930609112e-08  5.845038353948819e-01 
 6.383371930609112e-08  5.845038353958409e-01 
 6.385371930609112e-08  5.845038353948846e-01 
 6.387371930609111e-08  5.845038353958382e-01 
 6.389371930609111e-08  5.845038353948868e-01 
 6.391371930609110e-08  5.845038353958354e-01 
 6.393371930609110e-08  5.845038353948891e-01 
 6.395371930609110e-08  5.845038353958328e-01 
 6.397371930609109e-08  5.845038353948916e-01 
 6.399371930609109e-08  5.845038353958304e-01 
 6.401371930609108e-08  5.845038353948943e-01 
 6.403371930609108e-08  5.845038353958282e-01 
 6.405371930609108e-08  5.845038353948969e-01 
 6.407371930609107e-08  5.845038353958260e-01 
 6.409371930609107e-08  5.845038353948995e-01 
 6.411371930609107e-08  5.845038353958234e-01 
 6.413371930609106e-08  5.845038353949017e-01 
 6.415371930609106e-08  5.845038353958207e-01 
 6.417371930609105e-08  5.845038353949039e-01 
 6.419371930609105e-08  5.845038353958182e-01 
 6.421371930609105e-08  5.845038353949064e-01 
 6.423371930609104e-08  5.845038353958160e-01 
 6.425371930609104e-08  5.845038353949088e-01 
 6.427371930609104e-08  5.845038353958135e-01 
 6.429371930609103e-08  5.845038353949112e-01 
 6.431371930609103e-08  5.845038353958115e-01 
 6.433371930609102e-08  5.845038353949140e-01 
 6.435371930609102e-08  5.845038353958094e-01 
 6.437371930609102e-08  5.845038353949165e-01 
 6.439371930609101e-08  5.845038353958067e-01 
 6.441371930609101e-08  5.845038353949183e-01 
 6.443371930609101e-08  5.845038353958042e-01 
 6.445371930609100e-08  5.845038353949206e-01 
 6.447371930609100e-08  5.845038353958018e-01 
 6.449371930609099e-08  5.845038353949228e-01 
 6.451371930609099e-08  5.845038353957994e-01 
 6.453371930609099e-08  5.845038353949252e-01 
 6.455371930609098e-08  5.845038353957974e-01 
 6.457371930609098e-08  5.845038353949277e-01 
 6.459371930609097e-08  5.845038353957952e-01 
 6.461371930609097e-08  5.845038353949301e-01 
 6.463371930609097e-08  5.845038353957929e-01 
 6.465371930609096e-08  5.845038353949322e-01 
 6.467371930609096e-08  5.845038353957904e-01 
 6.469371930609096e-08  5.845038353949343e-01 
 6.471371930609095e-08  5.845038353957882e-01 
 6.473371930609095e-08  5.845038353949368e-01 
 6.475371930609094e-08  5.845038353957860e-01 
 6.477371930609094e-08  5.845038353949389e-01 
 6.479371930609094e-08  5.845038353957837e-01 
 6.481371930609093e-08  5.845038353949410e-01 
 6.483371930609093e-08  5.845038353957813e-01 
 6.485371930609093e-08  5.845038353949431e-01 
 6.487371930609092e-08  5.845038353957790e-01 
 6.489371930609092e-08  5.845038353949452e-01 
 6.491371930609091e-08  5.845038353957768e-01 
 6.493371930609091e-08  5.845038353949475e-01 
 6.495371930609091e-08  5.845038353957747e-01 
 6.497371930609090e-08  5.845038353949497e-01 
 6.499371930609090e-08  5.845038353957724e-01 
 6.501371930609090e-08  5.845038353949518e-01 
 6.503371930609089e-08  5.845038353957702e-01 
 6.505371930609089e-08  5.845038353949541e-01 
 6.507371930609088e-08  5.845038353957684e-01 
 6.509371930609088e-08  5.845038353949568e-01 
 6.511371930609088e-08  5.845038353957667e-01 
 6.513371930609087e-08  5.845038353949591e-01 
 6.515371930609087e-08  5.845038353957648e-01 
 6.517371930609087e-08  5.845038353949614e-01 
 6.519371930609086e-08  5.845038353957628e-01 
 6.521371930609086e-08  5.845038353949638e-01 
 6.523371930609085e-08  5.845038353957606e-01 
 6.525371930609085e-08  5.845038353949654e-01 
 6.527371930609085e-08  5.845038353957582e-01 
 6.529371930609084e-08  5.845038353949675e-01 
 6.531371930609084e-08  5.845038353957561e-01 
 6.533371930609083e-08  5.845038353949694e-01 
 6.535371930609083e-08  5.845038353957540e-01 
 6.537371930609083e-08  5.845038353949716e-01 
 6.539371930609082e-08  5.845038353957519e-01 
 6.541371930609082e-08  5.845038353949736e-01 
 6.543371930609082e-08  5.845038353957498e-01 
 6.545371930609081e-08  5.845038353949755e-01 
 6.547371930609081e-08  5.845038353957475e-01 
 6.549371930609080e-08  5.845038353949773e-01 
 6.551371930609080e-08  5.845038353957454e-01 
 6.553371930609080e-08  5.845038353949795e-01 
 6.555371930609079e-08  5.845038353957435e-01 
 6.557371930609079e-08  5.845038353949815e-01 
 6.559371930609079e-08  5.845038353957416e-01 
 6.561371930609078e-08  5.845038353949837e-01 
 6.563371930609078e-08  5.845038353957395e-01 
 6.565371930609077e-08  5.845038353949855e-01 
 6.567371930609077e-08  5.845038353957375e-01 
 6.569371930609077e-08  5.845038353949875e-01 
 6.571371930609076e-08  5.845038353957356e-01 
 6.573371930609076e-08  5.845038353949898e-01 
 6.575371930609076e-08  5.845038353957339e-01 
 6.577371930609075e-08  5.845038353949921e-01 
 6.579371930609075e-08  5.845038353957323e-01 
 6.581371930609074e-08  5.845038353949943e-01 
 6.583371930609074e-08  5.845038353957304e-01 
 6.585371930609074e-08  5.845038353949962e-01 
 6.587371930609073e-08  5.845038353957283e-01 
 6.589371930609073e-08  5.845038353949978e-01 
 6.591371930609072e-08  5.845038353957260e-01 
 6.593371930609072e-08  5.845038353949994e-01 
 6.595371930609072e-08  5.845038353957236e-01 
 6.597371930609071e-08  5.845038353950009e-01 
 6.599371930609071e-08  5.845038353957215e-01 
 6.601371930609071e-08  5.845038353950027e-01 
 6.603371930609070e-08  5.845038353957196e-01 
 6.605371930609070e-08  5.845038353950045e-01 
 6.607371930609069e-08  5.845038353957176e-01 
 6.609371930609069e-08  5.845038353950066e-01 
 6.611371930609069e-08  5.845038353957158e-01 
 6.613371930609068e-08  5.845038353950086e-01 
 6.615371930609068e-08  5.845038353957143e-01 
 6.617371930609068e-08  5.845038353950107e-01 
 6.619371930609067e-08  5.845038353957124e-01 
 6.621371930609067e-08  5.845038353950126e-01 
 6.623371930609066e-08  5.845038353957107e-01 
 6.625371930609066e-08  5.845038353950148e-01 
 6.627371930609066e-08  5.845038353957089e-01 
 6.629371930609065e-08  5.845038353950164e-01 
 6.631371930609065e-08  5.845038353957070e-01 
 6.633371930609065e-08  5.845038353950183e-01 
 6.635371930609064e-08  5.845038353957052e-01 
 6.637371930609064e-08  5.845038353950198e-01 
 6.639371930609063e-08  5.845038353957032e-01 
 6.641371930609063e-08  5.845038353950217e-01 
 6.643371930609063e-08  5.845038353957014e-01 
 6.645371930609062e-08  5.845038353950235e-01 
 6.647371930609062e-08  5.845038353956994e-01 
 6.649371930609061e-08  5.845038353950250e-01 
 6.651371930609061e-08  5.845038353956975e-01 
 6.653371930609061e-08  5.845038353950269e-01 
 6.655371930609060e-08  5.845038353956959e-01 
 6.657371930609060e-08  5.845038353950288e-01 
 6.659371930609060e-08  5.845038353956942e-01 
 6.661371930609059e-08  5.845038353950308e-01 
 6.663371930609059e-08  5.845038353956926e-01 
 6.665371930609058e-08  5.845038353950325e-01 
 6.667371930609058e-08  5.845038353956907e-01 
 6.669371930609058e-08  5.845038353950343e-01 
 6.671371930609057e-08  5.845038353956891e-01 
 6.673371930609057e-08  5.845038353950360e-01 
 6.675371930609057e-08  5.845038353956873e-01 
 6.677371930609056e-08  5.845038353950379e-01 
 6.679371930609056e-08  5.845038353956858e-01 
 6.681371930609055e-08  5.845038353950398e-01 
 6.683371930609055e-08  5.845038353956841e-01 
 6.685371930609055e-08  5.845038353950412e-01 
 6.687371930609054e-08  5.845038353956820e-01 
 6.689371930609054e-08  5.845038353950426e-01 
 6.691371930609054e-08  5.845038353956801e-01 
 6.693371930609053e-08  5.845038353950441e-01 
 6.695371930609053e-08  5.845038353956782e-01 
 6.697371930609052e-08  5.845038353950457e-01 
 6.699371930609052e-08  5.845038353956767e-01 
 6.701371930609052e-08  5.845038353950478e-01 
 6.703371930609051e-08  5.845038353956750e-01 
 6.705371930609051e-08  5.845038353950492e-01 
 6.707371930609050e-08  5.845038353956734e-01 
 6.709371930609050e-08  5.845038353950511e-01 
 6.711371930609050e-08  5.845038353956721e-01 
 6.713371930609049e-08  5.845038353950531e-01 
 6.715371930609049e-08  5.845038353956705e-01 
 6.717371930609049e-08  5.845038353950547e-01 
 6.719371930609048e-08  5.845038353956690e-01 
 6.721371930609048e-08  5.845038353950566e-01 
 6.723371930609047e-08  5.845038353956674e-01 
 6.725371930609047e-08  5.845038353950582e-01 
 6.727371930609047e-08  5.845038353956659e-01 
 6.729371930609046e-08  5.845038353950598e-01 
 6.731371930609046e-08  5.845038353956640e-01 
 6.733371930609046e-08  5.845038353950611e-01 
 6.735371930609045e-08  5.845038353956623e-01 
 6.737371930609045e-08  5.845038353950628e-01 
 6.739371930609044e-08  5.845038353956606e-01 
 6.741371930609044e-08  5.845038353950642e-01 
 6.743371930609044e-08  5.845038353956589e-01 
 6.745371930609043e-08  5.845038353950658e-01 
 6.747371930609043e-08  5.845038353956572e-01 
 6.749371930609043e-08  5.845038353950672e-01 
 6.751371930609042e-08  5.845038353956558e-01 
 6.753371930609042e-08  5.845038353950689e-01 
 6.755371930609041e-08  5.845038353956542e-01 
 6.757371930609041e-08  5.845038353950702e-01 
 6.759371930609041e-08  5.845038353956522e-01 
 6.761371930609040e-08  5.845038353950718e-01 
 6.763371930609040e-08  5.845038353956509e-01 
 6.765371930609039e-08  5.845038353950733e-01 
 6.767371930609039e-08  5.845038353956492e-01 
 6.769371930609039e-08  5.845038353950749e-01 
 6.771371930609038e-08  5.845038353956479e-01 
 6.773371930609038e-08  5.845038353950766e-01 
 6.775371930609038e-08  5.845038353956464e-01 
 6.777371930609037e-08  5.845038353950782e-01 
 6.779371930609037e-08  5.845038353956449e-01 
 6.781371930609036e-08  5.845038353950798e-01 
 6.783371930609036e-08  5.845038353956437e-01 
 6.785371930609036e-08  5.845038353950814e-01 
 6.787371930609035e-08  5.845038353956419e-01 
 6.789371930609035e-08  5.845038353950827e-01 
 6.791371930609035e-08  5.845038353956404e-01 
 6.793371930609034e-08  5.845038353950841e-01 
 6.795371930609034e-08  5.845038353956389e-01 
 6.797371930609033e-08  5.845038353950860e-01 
 6.799371930609033e-08  5.845038353956379e-01 
 6.801371930609033e-08  5.845038353950877e-01 
 6.803371930609032e-08  5.845038353956363e-01 
 6.805371930609032e-08  5.845038353950888e-01 
 6.807371930609032e-08  5.845038353956346e-01 
 6.809371930609031e-08  5.845038353950901e-01 
 6.811371930609031e-08  5.845038353956330e-01 
 6.813371930609030e-08  5.845038353950915e-01 
 6.815371930609030e-08  5.845038353956314e-01 
 6.817371930609030e-08  5.845038353950930e-01 
 6.819371930609029e-08  5.845038353956303e-01 
 6.821371930609029e-08  5.845038353950949e-01 
 6.823371930609028e-08  5.845038353956291e-01 
 6.825371930609028e-08  5.845038353950963e-01 
 6.827371930609028e-08  5.845038353956277e-01 
 6.829371930609027e-08  5.845038353950976e-01 
 6.831371930609027e-08  5.845038353956261e-01 
 6.833371930609027e-08  5.845038353950989e-01 
 6.835371930609026e-08  5.845038353956243e-01 
 6.837371930609026e-08  5.845038353951001e-01 
 6.839371930609025e-08  5.845038353956229e-01 
 6.841371930609025e-08  5.845038353951013e-01 
 6.843371930609025e-08  5.845038353956213e-01 
 6.845371930609024e-08  5.845038353951029e-01 
 6.847371930609024e-08  5.845038353956201e-01 
 6.849371930609024e-08  5.845038353951043e-01 
 6.851371930609023e-08  5.845038353956189e-01 
 6.853371930609023e-08  5.845038353951058e-01 
 6.855371930609022e-08  5.845038353956175e-01 
 6.857371930609022e-08  5.845038353951072e-01 
 6.859371930609022e-08  5.845038353956161e-01 
 6.861371930609021e-08  5.845038353951086e-01 
 6.863371930609021e-08  5.845038353956150e-01 
 6.865371930609021e-08  5.845038353951101e-01 
 6.867371930609020e-08  5.845038353956136e-01 
 6.869371930609020e-08  5.845038353951114e-01 
 6.871371930609019e-08  5.845038353956121e-01 
 6.873371930609019e-08  5.845038353951125e-01 
 6.875371930609019e-08  5.845038353956107e-01 
 6.877371930609018e-08  5.845038353951140e-01 
 6.879371930609018e-08  5.845038353956095e-01 
 6.881371930609017e-08  5.845038353951155e-01 
 6.883371930609017e-08  5.845038353956085e-01 
 6.885371930609017e-08  5.845038353951170e-01 
 6.887371930609016e-08  5.845038353956070e-01 
 6.889371930609016e-08  5.845038353951182e-01 
 6.891371930609016e-08  5.845038353956058e-01 
 6.893371930609015e-08  5.845038353951196e-01 
 6.895371930609015e-08  5.845038353956044e-01 
 6.897371930609014e-08  5.845038353951206e-01 
 6.899371930609014e-08  5.845038353956029e-01 
 6.901371930609014e-08  5.845038353951219e-01 
 6.903371930609013e-08  5.845038353956015e-01 
 6.905371930609013e-08  5.845038353951233e-01 
 6.907371930609013e-08  5.845038353956005e-01 
 6.909371930609012e-08  5.845038353951248e-01 
 6.911371930609012e-08  5.845038353955995e-01 
 6.913371930609011e-08  5.845038353951262e-01 
 6.915371930609011e-08  5.845038353955981e-01 
 6.917371930609011e-08  5.845038353951276e-01 
 6.919371930609010e-08  5.845038353955970e-01 
 6.921371930609010e-08  5.845038353951288e-01 
 6.923371930609010e-08  5.845038353955956e-01 
 6.925371930609009e-08  5.845038353951298e-01 
 6.927371930609009e-08  5.845038353955940e-01 
 6.929371930609008e-08  5.845038353951308e-01 
 6.931371930609008e-08  5.845038353955926e-01 
 6.933371930609008e-08  5.845038353951318e-01 
 6.935371930609007e-08  5.845038353955913e-01 
 6.937371930609007e-08  5.845038353951331e-01 
 6.939371930609007e-08  5.845038353955901e-01 
 6.941371930609006e-08  5.845038353951347e-01 
 6.943371930609006e-08  5.845038353955893e-01 
 6.945371930609005e-08  5.845038353951361e-01 
 6.947371930609005e-08  5.845038353955883e-01 
 6.949371930609005e-08  5.845038353951375e-01 
 6.951371930609004e-08  5.845038353955870e-01 
 6.953371930609004e-08  5.845038353951386e-01 
 6.955371930609003e-08  5.845038353955856e-01 
 6.957371930609003e-08  5.845038353951397e-01 
 6.959371930609003e-08  5.845038353955845e-01 
 6.961371930609002e-08  5.845038353951411e-01 
 6.963371930609002e-08  5.845038353955835e-01 
 6.965371930609002e-08  5.845038353951423e-01 
 6.967371930609001e-08  5.845038353955821e-01 
 6.969371930609001e-08  5.845038353951435e-01 
 6.971371930609000e-08  5.845038353955813e-01 
 6.973371930609000e-08  5.845038353951449e-01 
 6.975371930609000e-08  5.845038353955800e-01 
 6.977371930608999e-08  5.845038353951458e-01 
 6.979371930608999e-08  5.845038353955787e-01 
 6.981371930608999e-08  5.845038353951471e-01 
 6.983371930608998e-08  5.845038353955774e-01 
 6.985371930608998e-08  5.845038353951479e-01 
 6.987371930608997e-08  5.845038353955760e-01 
 6.989371930608997e-08  5.845038353951491e-01 
 6.991371930608997e-08  5.845038353955748e-01 
 6.993371930608996e-08  5.845038353951499e-01 
 6.995371930608996e-08  5.845038353955734e-01 
 6.997371930608996e-08  5.845038353951512e-01 
 6.999371930608995e-08  5.845038353955725e-01 
 7.001371930608995e-08  5.845038353951523e-01 
 7.003371930608994e-08  5.845038353955712e-01 
 7.005371930608994e-08  5.845038353951533e-01 
 7.007371930608994e-08  5.845038353955697e-01 
 7.009371930608993e-08  5.845038353951539e-01 
 7.011371930608993e-08  5.845038353955685e-01 
 7.013371930608992e-08  5.845038353951555e-01 
 7.015371930608992e-08  5.845038353955679e-01 
 7.017371930608992e-08  5.845038353951568e-01 
 7.019371930608991e-08  5.845038353955667e-01 
 7.021371930608991e-08  5.845038353951578e-01 
 7.023371930608991e-08  5.845038353955655e-01 
 7.025371930608990e-08  5.845038353951589e-01 
 7.027371930608990e-08  5.845038353955647e-01 
 7.029371930608989e-08  5.845038353951604e-01 
 7.031371930608989e-08  5.845038353955636e-01 
 7.033371930608989e-08  5.845038353951614e-01 
 7.035371930608988e-08  5.845038353955625e-01 
 7.037371930608988e-08  5.845038353951626e-01 
 7.039371930608988e-08  5.845038353955618e-01 
 7.041371930608987e-08  5.845038353951639e-01 
 7.043371930608987e-08  5.845038353955606e-01 
 7.045371930608986e-08  5.845038353951647e-01 
 7.047371930608986e-08  5.845038353955594e-01 
 7.049371930608986e-08  5.845038353951661e-01 
 7.051371930608985e-08  5.845038353955588e-01 
 7.053371930608985e-08  5.845038353951674e-01 
 7.055371930608985e-08  5.845038353955575e-01 
 7.057371930608984e-08  5.845038353951680e-01 
 7.059371930608984e-08  5.845038353955564e-01 
 7.061371930608983e-08  5.845038353951693e-01 
 7.063371930608983e-08  5.845038353955554e-01 
 7.065371930608983e-08  5.845038353951703e-01 
 7.067371930608982e-08  5.845038353955543e-01 
 7.069371930608982e-08  5.845038353951713e-01 
 7.071371930608981e-08  5.845038353955532e-01 
 7.073371930608981e-08  5.845038353951723e-01 
 7.075371930608981e-08  5.845038353955520e-01 
 7.077371930608980e-08  5.845038353951729e-01 
 7.079371930608980e-08  5.845038353955508e-01 
 7.081371930608980e-08  5.845038353951739e-01 
 7.083371930608979e-08  5.845038353955496e-01 
 7.085371930608979e-08  5.845038353951748e-01 
 7.087371930608978e-08  5.845038353955483e-01 
 7.089371930608978e-08  5.845038353951755e-01 
 7.091371930608978e-08  5.845038353955473e-01 
 7.093371930608977e-08  5.845038353951766e-01 
 7.095371930608977e-08  5.845038353955461e-01 
 7.097371930608977e-08  5.845038353951776e-01 
 7.099371930608976e-08  5.845038353955457e-01 
 7.101371930608976e-08  5.845038353951791e-01 
 7.103371930608975e-08  5.845038353955450e-01 
 7.105371930608975e-08  5.845038353951804e-01 
 7.107371930608975e-08  5.845038353955438e-01 
 7.109371930608974e-08  5.845038353951811e-01 
 7.111371930608974e-08  5.845038353955430e-01 
 7.113371930608974e-08  5.845038353951822e-01 
 7.115371930608973e-08  5.845038353955421e-01 
 7.117371930608973e-08  5.845038353951832e-01 
 7.119371930608972e-08  5.845038353955410e-01 
 7.121371930608972e-08  5.845038353951841e-01 
 7.123371930608972e-08  5.845038353955400e-01 
 7.125371930608971e-08  5.845038353951850e-01 
 7.127371930608971e-08  5.845038353955389e-01 
 7.129371930608970e-08  5.845038353951860e-01 
 7.131371930608970e-08  5.845038353955381e-01 
 7.133371930608970e-08  5.845038353951869e-01 
 7.135371930608969e-08  5.845038353955371e-01 
 7.137371930608969e-08  5.845038353951881e-01 
 7.139371930608969e-08  5.845038353955362e-01 
 7.141371930608968e-08  5.845038353951890e-01 
 7.143371930608968e-08  5.845038353955354e-01 
 7.145371930608967e-08  5.845038353951901e-01 
 7.147371930608967e-08  5.845038353955346e-01 
 7.149371930608967e-08  5.845038353951914e-01 
 7.151371930608966e-08  5.845038353955339e-01 
 7.153371930608966e-08  5.845038353951925e-01 
 7.155371930608966e-08  5.845038353955331e-01 
 7.157371930608965e-08  5.845038353951932e-01 
 7.159371930608965e-08  5.845038353955317e-01 
 7.161371930608964e-08  5.845038353951939e-01 
 7.163371930608964e-08  5.845038353955310e-01 
 7.165371930608964e-08  5.845038353951952e-01 
 7.167371930608963e-08  5.845038353955305e-01 
 7.169371930608963e-08  5.845038353951963e-01 
 7.171371930608963e-08  5.845038353955291e-01 
 7.173371930608962e-08  5.845038353951963e-01 
 7.175371930608962e-08  5.845038353955275e-01 
 7.177371930608961e-08  5.845038353951971e-01 
 7.179371930608961e-08  5.845038353955269e-01 
 7.181371930608961e-08  5.845038353951982e-01 
 7.183371930608960e-08  5.845038353955260e-01 
 7.185371930608960e-08  5.845038353951991e-01 
 7.187371930608959e-08  5.845038353955252e-01 
 7.189371930608959e-08  5.845038353952000e-01 
 7.191371930608959e-08  5.845038353955241e-01 
 7.193371930608958e-08  5.845038353952009e-01 
 7.195371930608958e-08  5.845038353955235e-01 
 7.197371930608958e-08  5.845038353952018e-01 
 7.199371930608957e-08  5.845038353955222e-01 
 7.201371930608957e-08  5.845038353952023e-01 
 7.203371930608956e-08  5.845038353955213e-01 
 7.205371930608956e-08  5.845038353952035e-01 
 7.207371930608956e-08  5.845038353955206e-01 
 7.209371930608955e-08  5.845038353952043e-01 
 7.211371930608955e-08  5.845038353955200e-01 
 7.213371930608955e-08  5.845038353952055e-01 
 7.215371930608954e-08  5.845038353955192e-01 
 7.217371930608954e-08  5.845038353952062e-01 
 7.219371930608953e-08  5.845038353955181e-01 
 7.221371930608953e-08  5.845038353952067e-01 
 7.223371930608953e-08  5.845038353955168e-01 
 7.225371930608952e-08  5.845038353952074e-01 
 7.227371930608952e-08  5.845038353955161e-01 
 7.229371930608952e-08  5.845038353952084e-01 
 7.231371930608951e-08  5.845038353955154e-01 
 7.233371930608951e-08  5.845038353952094e-01 
 7.235371930608950e-08  5.845038353955149e-01 
 7.237371930608950e-08  5.845038353952106e-01 
 7.239371930608950e-08  5.845038353955141e-01 
 7.241371930608949e-08  5.845038353952111e-01 
 7.243371930608949e-08  5.845038353955130e-01 
 7.245371930608948e-08  5.845038353952119e-01 
 7.247371930608948e-08  5.845038353955120e-01 
 7.249371930608948e-08  5.845038353952127e-01 
 7.251371930608947e-08  5.845038353955112e-01 
 7.253371930608947e-08  5.845038353952137e-01 
 7.255371930608947e-08  5.845038353955107e-01 
 7.257371930608946e-08  5.845038353952144e-01 
 7.259371930608946e-08  5.845038353955097e-01 
 7.261371930608945e-08  5.845038353952150e-01 
 7.263371930608945e-08  5.845038353955087e-01 
 7.265371930608945e-08  5.845038353952158e-01 
 7.267371930608944e-08  5.845038353955078e-01 
 7.269371930608944e-08  5.845038353952166e-01 
 7.271371930608944e-08  5.845038353955072e-01 
 7.273371930608943e-08  5.845038353952177e-01 
 7.275371930608943e-08  5.845038353955069e-01 
 7.277371930608942e-08  5.845038353952188e-01 
 7.279371930608942e-08  5.845038353955059e-01 
 7.281371930608942e-08  5.845038353952193e-01 
 7.283371930608941e-08  5.845038353955050e-01 
 7.285371930608941e-08  5.845038353952200e-01 
 7.287371930608941e-08  5.845038353955040e-01 
 7.289371930608940e-08  5.845038353952206e-01 
 7.291371930608940e-08  5.845038353955032e-01 
 7.293371930608939e-08  5.845038353952215e-01 
 7.295371930608939e-08  5.845038353955025e-01 
 7.297371930608939e-08  5.845038353952222e-01 
 7.299371930608938e-08  5.845038353955017e-01 
 7.301371930608938e-08  5.845038353952231e-01 
 7.303371930608938e-08  5.845038353955010e-01 
 7.305371930608937e-08  5.845038353952237e-01 
 7.307371930608937e-08  5.845038353955002e-01 
 7.309371930608936e-08  5.845038353952245e-01 
 7.311371930608936e-08  5.845038353954993e-01 
 7.313371930608936e-08  5.845038353952252e-01 
 7.315371930608935e-08  5.845038353954987e-01 
 7.317371930608935e-08  5.845038353952261e-01 
 7.319371930608934e-08  5.845038353954978e-01 
 7.321371930608934e-08  5.845038353952265e-01 
 7.323371930608934e-08  5.845038353954969e-01 
 7.325371930608933e-08  5.845038353952273e-01 
 7.327371930608933e-08  5.845038353954962e-01 
 7.329371930608933e-08  5.845038353952281e-01 
 7.331371930608932e-08  5.845038353954954e-01 
 7.333371930608932e-08  5.845038353952288e-01 
 7.335371930608931e-08  5.845038353954946e-01 
 7.337371930608931e-08  5.845038353952294e-01 
 7.339371930608931e-08  5.845038353954939e-01 
 7.341371930608930e-08  5.845038353952303e-01 
 7.343371930608930e-08  5.845038353954934e-01 
 7.345371930608930e-08  5.845038353952313e-01 
 7.347371930608929e-08  5.845038353954928e-01 
 7.349371930608929e-08  5.845038353952319e-01 
 7.351371930608928e-08  5.845038353954921e-01 
 7.353371930608928e-08  5.845038353952330e-01 
 7.355371930608928e-08  5.845038353954918e-01 
 7.357371930608927e-08  5.845038353952338e-01 
 7.359371930608927e-08  5.845038353954909e-01 
 7.361371930608927e-08  5.845038353952343e-01 
 7.363371930608926e-08  5.845038353954901e-01 
 7.365371930608926e-08  5.845038353952348e-01 
 7.367371930608925e-08  5.845038353954888e-01 
 7.369371930608925e-08  5.845038353952350e-01 
 7.371371930608925e-08  5.845038353954881e-01 
 7.373371930608924e-08  5.845038353952360e-01 
 7.375371930608924e-08  5.845038353954877e-01 
 7.377371930608923e-08  5.845038353952368e-01 
 7.379371930608923e-08  5.845038353954870e-01 
 7.381371930608923e-08  5.845038353952376e-01 
 7.383371930608922e-08  5.845038353954864e-01 
 7.385371930608922e-08  5.845038353952382e-01 
 7.387371930608922e-08  5.845038353954857e-01 
 7.389371930608921e-08  5.845038353952391e-01 
 7.391371930608921e-08  5.845038353954850e-01 
 7.393371930608920e-08  5.845038353952395e-01 
 7.395371930608920e-08  5.845038353954843e-01 
 7.397371930608920e-08  5.845038353952406e-01 
 7.399371930608919e-08  5.845038353954840e-01 
 7.401371930608919e-08  5.845038353952413e-01 
 7.403371930608919e-08  5.845038353954833e-01 
 7.405371930608918e-08  5.845038353952420e-01 
 7.407371930608918e-08  5.845038353954825e-01 
 7.409371930608917e-08  5.845038353952424e-01 
 7.411371930608917e-08  5.845038353954817e-01 
 7.413371930608917e-08  5.845038353952430e-01 
 7.415371930608916e-08  5.845038353954810e-01 
 7.417371930608916e-08  5.845038353952435e-01 
 7.419371930608916e-08  5.845038353954801e-01 
 7.421371930608915e-08  5.845038353952440e-01 
 7.423371930608915e-08  5.845038353954792e-01 
 7.425371930608914e-08  5.845038353952445e-01 
 7.427371930608914e-08  5.845038353954786e-01 
 7.429371930608914e-08  5.845038353952452e-01 
 7.431371930608913e-08  5.845038353954782e-01 
 7.433371930608913e-08  5.845038353952464e-01 
 7.435371930608912e-08  5.845038353954780e-01 
 7.437371930608912e-08  5.845038353952474e-01 
 7.439371930608912e-08  5.845038353954777e-01 
 7.441371930608911e-08  5.845038353952481e-01 
 7.443371930608911e-08  5.845038353954770e-01 
 7.445371930608911e-08  5.845038353952489e-01 
 7.447371930608910e-08  5.845038353954763e-01 
 7.449371930608910e-08  5.845038353952492e-01 
 7.451371930608909e-08  5.845038353954753e-01 
 7.453371930608909e-08  5.845038353952496e-01 
 7.455371930608909e-08  5.845038353954746e-01 
 7.457371930608908e-08  5.845038353952500e-01 
 7.459371930608908e-08  5.845038353954739e-01 
 7.461371930608908e-08  5.845038353952506e-01 
 7.463371930608907e-08  5.845038353954733e-01 
 7.465371930608907e-08  5.845038353952516e-01 
 7.467371930608906e-08  5.845038353954730e-01 
 7.469371930608906e-08  5.845038353952523e-01 
 7.471371930608906e-08  5.845038353954722e-01 
 7.473371930608905e-08  5.845038353952526e-01 
 7.475371930608905e-08  5.845038353954717e-01 
 7.477371930608905e-08  5.845038353952534e-01 
 7.479371930608904e-08  5.845038353954710e-01 
 7.481371930608904e-08  5.845038353952540e-01 
 7.483371930608903e-08  5.845038353954706e-01 
 7.485371930608903e-08  5.845038353952547e-01 
 7.487371930608903e-08  5.845038353954700e-01 
 7.489371930608902e-08  5.845038353952555e-01 
 7.491371930608902e-08  5.845038353954697e-01 
 7.493371930608901e-08  5.845038353952562e-01 
 7.495371930608901e-08  5.845038353954691e-01 
 7.497371930608901e-08  5.845038353952567e-01 
 7.499371930608900e-08  5.845038353954682e-01 
 7.501371930608900e-08  5.845038353952569e-01 
 7.503371930608900e-08  5.845038353954670e-01 
 7.505371930608899e-08  5.845038353952571e-01 
 7.507371930608899e-08  5.845038353954665e-01 
 7.509371930608898e-08  5.845038353952579e-01 
 7.511371930608898e-08  5.845038353954660e-01 
 7.513371930608898e-08  5.845038353952585e-01 
 7.515371930608897e-08  5.845038353954656e-01 
 7.517371930608897e-08  5.845038353952590e-01 
 7.519371930608897e-08  5.845038353954647e-01 
 7.521371930608896e-08  5.845038353952594e-01 
 7.523371930608896e-08  5.845038353954640e-01 
 7.525371930608895e-08  5.845038353952601e-01 
 7.527371930608895e-08  5.845038353954638e-01 
 7.529371930608895e-08  5.845038353952610e-01 
 7.531371930608894e-08  5.845038353954636e-01 
 7.533371930608894e-08  5.845038353952617e-01 
 7.535371930608894e-08  5.845038353954629e-01 
 7.537371930608893e-08  5.845038353952624e-01 
 7.539371930608893e-08  5.845038353954627e-01 
 7.541371930608892e-08  5.845038353952631e-01 
 7.543371930608892e-08  5.845038353954621e-01 
 7.545371930608892e-08  5.845038353952638e-01 
 7.547371930608891e-08  5.845038353954617e-01 
 7.549371930608891e-08  5.845038353952642e-01 
 7.551371930608890e-08  5.845038353954607e-01 
 7.553371930608890e-08  5.845038353952640e-01 
 7.555371930608890e-08  5.845038353954595e-01 
 7.557371930608889e-08  5.845038353952642e-01 
 7.559371930608889e-08  5.845038353954587e-01 
 7.561371930608889e-08  5.845038353952646e-01 
 7.563371930608888e-08  5.845038353954581e-01 
 7.565371930608888e-08  5.845038353952651e-01 
 7.567371930608887e-08  5.845038353954576e-01 
 7.569371930608887e-08  5.845038353952657e-01 
 7.571371930608887e-08  5.845038353954571e-01 
 7.573371930608886e-08  5.845038353952664e-01 
 7.575371930608886e-08  5.845038353954568e-01 
 7.577371930608886e-08  5.845038353952670e-01 
 7.579371930608885e-08  5.845038353954563e-01 
 7.581371930608885e-08  5.845038353952676e-01 
 7.583371930608884e-08  5.845038353954559e-01 
 7.585371930608884e-08  5.845038353952683e-01 
 7.587371930608884e-08  5.845038353954554e-01 
 7.589371930608883e-08  5.845038353952690e-01 
 7.591371930608883e-08  5.845038353954553e-01 
 7.593371930608883e-08  5.845038353952698e-01 
 7.595371930608882e-08  5.845038353954549e-01 
 7.597371930608882e-08  5.845038353952704e-01 
 7.599371930608881e-08  5.845038353954543e-01 
 7.601371930608881e-08  5.845038353952708e-01 
 7.603371930608881e-08  5.845038353954538e-01 
 7.605371930608880e-08  5.845038353952713e-01 
 7.607371930608880e-08  5.845038353954533e-01 
 7.609371930608879e-08  5.845038353952718e-01 
 7.611371930608879e-08  5.845038353954526e-01 
 7.613371930608879e-08  5.845038353952723e-01 
 7.615371930608878e-08  5.845038353954521e-01 
 7.617371930608878e-08  5.845038353952728e-01 
 7.619371930608878e-08  5.845038353954516e-01 
 7.621371930608877e-08  5.845038353952733e-01 
 7.623371930608877e-08  5.845038353954514e-01 
 7.625371930608876e-08  5.845038353952740e-01 
 7.627371930608876e-08  5.845038353954509e-01 
 7.629371930608876e-08  5.845038353952746e-01 
 7.631371930608875e-08  5.845038353954504e-01 
 7.633371930608875e-08  5.845038353952748e-01 
 7.635371930608875e-08  5.845038353954493e-01 
 7.637371930608874e-08  5.845038353952746e-01 
 7.639371930608874e-08  5.845038353954486e-01 
 7.641371930608873e-08  5.845038353952752e-01 
 7.643371930608873e-08  5.845038353954480e-01 
 7.645371930608873e-08  5.845038353952756e-01 
 7.647371930608872e-08  5.845038353954476e-01 
 7.649371930608872e-08  5.845038353952763e-01 
 7.651371930608872e-08  5.845038353954474e-01 
 7.653371930608871e-08  5.845038353952769e-01 
 7.655371930608871e-08  5.845038353954469e-01 
 7.657371930608870e-08  5.845038353952774e-01 
 7.659371930608870e-08  5.845038353954464e-01 
 7.661371930608870e-08  5.845038353952779e-01 
 7.663371930608869e-08  5.845038353954463e-01 
 7.665371930608869e-08  5.845038353952786e-01 
 7.667371930608868e-08  5.845038353954457e-01 
 7.669371930608868e-08  5.845038353952789e-01 
 7.671371930608868e-08  5.845038353954451e-01 
 7.673371930608867e-08  5.845038353952792e-01 
 7.675371930608867e-08  5.845038353954443e-01 
 7.677371930608867e-08  5.845038353952796e-01 
 7.679371930608866e-08  5.845038353954441e-01 
 7.681371930608866e-08  5.845038353952804e-01 
 7.683371930608865e-08  5.845038353954437e-01 
 7.685371930608865e-08  5.845038353952807e-01 
 7.687371930608865e-08  5.845038353954431e-01 
 7.689371930608864e-08  5.845038353952809e-01 
 7.691371930608864e-08  5.845038353954425e-01 
 7.693371930608864e-08  5.845038353952815e-01 
 7.695371930608863e-08  5.845038353954420e-01 
 7.697371930608863e-08  5.845038353952819e-01 
 7.699371930608862e-08  5.845038353954419e-01 
 7.701371930608862e-08  5.845038353952827e-01 
 7.703371930608862e-08  5.845038353954414e-01 
 7.705371930608861e-08  5.845038353952829e-01 
 7.707371930608861e-08  5.845038353954408e-01 
 7.709371930608861e-08  5.845038353952835e-01 
 7.711371930608860e-08  5.845038353954406e-01 
 7.713371930608860e-08  5.845038353952842e-01 
 7.715371930608859e-08  5.845038353954405e-01 
 7.717371930608859e-08  5.845038353952846e-01 
 7.719371930608859e-08  5.845038353954397e-01 
 7.721371930608858e-08  5.845038353952849e-01 
 7.723371930608858e-08  5.845038353954395e-01 
 7.725371930608858e-08  5.845038353952857e-01 
 7.727371930608857e-08  5.845038353954393e-01 
 7.729371930608857e-08  5.845038353952863e-01 
 7.731371930608856e-08  5.845038353954387e-01 
 7.733371930608856e-08  5.845038353952864e-01 
 7.735371930608856e-08  5.845038353954382e-01 
 7.737371930608855e-08  5.845038353952867e-01 
 7.739371930608855e-08  5.845038353954377e-01 
 7.741371930608854e-08  5.845038353952874e-01 
 7.743371930608854e-08  5.845038353954376e-01 
 7.745371930608854e-08  5.845038353952879e-01 
 7.747371930608853e-08  5.845038353954369e-01 
 7.749371930608853e-08  5.845038353952881e-01 
 7.751371930608853e-08  5.845038353954366e-01 
 7.753371930608852e-08  5.845038353952887e-01 
 7.755371930608852e-08  5.845038353954358e-01 
 7.757371930608851e-08  5.845038353952886e-01 
 7.759371930608851e-08  5.845038353954354e-01 
 7.761371930608851e-08  5.845038353952893e-01 
 7.763371930608850e-08  5.845038353954352e-01 
 7.765371930608850e-08  5.845038353952899e-01 
 7.767371930608850e-08  5.845038353954350e-01 
 7.769371930608849e-08  5.845038353952904e-01 
 7.771371930608849e-08  5.845038353954345e-01 
 7.773371930608848e-08  5.845038353952905e-01 
 7.775371930608848e-08  5.845038353954339e-01 
 7.777371930608848e-08  5.845038353952910e-01 
 7.779371930608847e-08  5.845038353954335e-01 
 7.781371930608847e-08  5.845038353952914e-01 
 7.783371930608847e-08  5.845038353954332e-01 
 7.785371930608846e-08  5.845038353952918e-01 
 7.787371930608846e-08  5.845038353954329e-01 
 7.789371930608845e-08  5.845038353952926e-01 
 7.791371930608845e-08  5.845038353954328e-01 
 7.793371930608845e-08  5.845038353952932e-01 
 7.795371930608844e-08  5.845038353954327e-01 
 7.797371930608844e-08  5.845038353952939e-01 
 7.799371930608843e-08  5.845038353954324e-01 
 7.801371930608843e-08  5.845038353952939e-01 
 7.803371930608843e-08  5.845038353954314e-01 
 7.805371930608842e-08  5.845038353952939e-01 
 7.807371930608842e-08  5.845038353954309e-01 
 7.809371930608842e-08  5.845038353952943e-01 
 7.811371930608841e-08  5.845038353954305e-01 
 7.813371930608841e-08  5.845038353952947e-01 
 7.815371930608840e-08  5.845038353954300e-01 
 7.817371930608840e-08  5.845038353952950e-01 
 7.819371930608840e-08  5.845038353954296e-01 
 7.821371930608839e-08  5.845038353952954e-01 
 7.823371930608839e-08  5.845038353954293e-01 
 7.825371930608839e-08  5.845038353952957e-01 
 7.827371930608838e-08  5.845038353954288e-01 
 7.829371930608838e-08  5.845038353952962e-01 
 7.831371930608837e-08  5.845038353954285e-01 
 7.833371930608837e-08  5.845038353952964e-01 
 7.835371930608837e-08  5.845038353954279e-01 
 7.837371930608836e-08  5.845038353952968e-01 
 7.839371930608836e-08  5.845038353954276e-01 
 7.841371930608836e-08  5.845038353952972e-01 
 7.843371930608835e-08  5.845038353954273e-01 
 7.845371930608835e-08  5.845038353952977e-01 
 7.847371930608834e-08  5.845038353954269e-01 
 7.849371930608834e-08  5.845038353952979e-01 
 7.851371930608834e-08  5.845038353954264e-01 
 7.853371930608833e-08  5.845038353952982e-01 
 7.855371930608833e-08  5.845038353954261e-01 
 7.857371930608832e-08  5.845038353952986e-01 
 7.859371930608832e-08  5.845038353954257e-01 
 7.861371930608832e-08  5.845038353952988e-01 
 7.863371930608831e-08  5.845038353954251e-01 
 7.865371930608831e-08  5.845038353952990e-01 
 7.867371930608831e-08  5.845038353954247e-01 
 7.869371930608830e-08  5.845038353952996e-01 
 7.871371930608830e-08  5.845038353954246e-01 
 7.873371930608829e-08  5.845038353953000e-01 
 7.875371930608829e-08  5.845038353954241e-01 
 7.877371930608829e-08  5.845038353952999e-01 
 7.879371930608828e-08  5.845038353954234e-01 
 7.881371930608828e-08  5.845038353953003e-01 
 7.883371930608828e-08  5.845038353954232e-01 
 7.885371930608827e-08  5.845038353953009e-01 
 7.887371930608827e-08  5.845038353954232e-01 
 7.889371930608826e-08  5.845038353953015e-01 
 7.891371930608826e-08  5.845038353954227e-01 
 7.893371930608826e-08  5.845038353953016e-01 
 7.895371930608825e-08  5.845038353954224e-01 
 7.897371930608825e-08  5.845038353953020e-01 
 7.899371930608825e-08  5.845038353954219e-01 
 7.901371930608824e-08  5.845038353953023e-01 
 7.903371930608824e-08  5.845038353954217e-01 
 7.905371930608823e-08  5.845038353953027e-01 
 7.907371930608823e-08  5.845038353954213e-01 
 7.909371930608823e-08  5.845038353953030e-01 
 7.911371930608822e-08  5.845038353954212e-01 
 7.913371930608822e-08  5.845038353953036e-01 
 7.915371930608821e-08  5.845038353954207e-01 
 7.917371930608821e-08  5.845038353953037e-01 
 7.919371930608821e-08  5.845038353954201e-01 
 7.921371930608820e-08  5.845038353953037e-01 
 7.923371930608820e-08  5.845038353954197e-01 
 7.925371930608820e-08  5.845038353953043e-01 
 7.927371930608819e-08  5.845038353954195e-01 
 7.929371930608819e-08  5.845038353953047e-01 
 7.931371930608818e-08  5.845038353954193e-01 
 7.933371930608818e-08  5.845038353953049e-01 
 7.935371930608818e-08  5.845038353954189e-01 
 7.937371930608817e-08  5.845038353953054e-01 
 7.939371930608817e-08  5.845038353954188e-01 
 7.941371930608817e-08  5.845038353953059e-01 
 7.943371930608816e-08  5.845038353954185e-01 
 7.945371930608816e-08  5.845038353953061e-01 
 7.947371930608815e-08  5.845038353954179e-01 
 7.949371930608815e-08  5.845038353953064e-01 
 7.951371930608815e-08  5.845038353954176e-01 
 7.953371930608814e-08  5.845038353953064e-01 
 7.955371930608814e-08  5.845038353954168e-01 
 7.957371930608814e-08  5.845038353953066e-01 
 7.959371930608813e-08  5.845038353954168e-01 
 7.961371930608813e-08  5.845038353953075e-01 
 7.963371930608812e-08  5.845038353954171e-01 
 7.965371930608812e-08  5.845038353953079e-01 
 7.967371930608812e-08  5.845038353954167e-01 
 7.969371930608811e-08  5.845038353953083e-01 
 7.971371930608811e-08  5.845038353954162e-01 
 7.973371930608810e-08  5.845038353953083e-01 
 7.975371930608810e-08  5.845038353954158e-01 
 7.977371930608810e-08  5.845038353953087e-01 
 7.979371930608809e-08  5.845038353954155e-01 
 7.981371930608809e-08  5.845038353953088e-01 
 7.983371930608809e-08  5.845038353954150e-01 
 7.985371930608808e-08  5.845038353953091e-01 
 7.987371930608808e-08  5.845038353954148e-01 
 7.989371930608807e-08  5.845038353953096e-01 
 7.991371930608807e-08  5.845038353954146e-01 
 7.993371930608807e-08  5.845038353953098e-01 
 7.995371930608806e-08  5.845038353954143e-01 
 7.997371930608806e-08  5.845038353953101e-01 
 7.999371930608806e-08  5.845038353954138e-01 
 8.001371930608805e-08  5.845038353953103e-01 
 8.003371930608805e-08  5.845038353954135e-01 
 8.005371930608804e-08  5.845038353953105e-01 
 8.007371930608804e-08  5.845038353954130e-01 
 8.009371930608804e-08  5.845038353953107e-01 
 8.011371930608803e-08  5.845038353954128e-01 
 8.013371930608803e-08  5.845038353953111e-01 
 8.015371930608803e-08  5.845038353954125e-01 
 8.017371930608802e-08  5.845038353953114e-01 
 8.019371930608802e-08  5.845038353954123e-01 
 8.021371930608801e-08  5.845038353953119e-01 
 8.023371930608801e-08  5.845038353954124e-01 
 8.025371930608801e-08  5.845038353953124e-01 
 8.027371930608800e-08  5.845038353954120e-01 
 8.029371930608800e-08  5.845038353953127e-01 
 8.031371930608799e-08  5.845038353954117e-01 
 8.033371930608799e-08  5.845038353953127e-01 
 8.035371930608799e-08  5.845038353954111e-01 
 8.037371930608798e-08  5.845038353953129e-01 
 8.039371930608798e-08  5.845038353954110e-01 
 8.041371930608798e-08  5.845038353953134e-01 
 8.043371930608797e-08  5.845038353954107e-01 
 8.045371930608797e-08  5.845038353953136e-01 
 8.047371930608796e-08  5.845038353954103e-01 
 8.049371930608796e-08  5.845038353953136e-01 
 8.051371930608796e-08  5.845038353954098e-01 
 8.053371930608795e-08  5.845038353953138e-01 
 8.055371930608795e-08  5.845038353954094e-01 
 8.057371930608795e-08  5.845038353953140e-01 
 8.059371930608794e-08  5.845038353954091e-01 
 8.061371930608794e-08  5.845038353953144e-01 
 8.063371930608793e-08  5.845038353954092e-01 
 8.065371930608793e-08  5.845038353953148e-01 
 8.067371930608793e-08  5.845038353954087e-01 
 8.069371930608792e-08  5.845038353953151e-01 
 8.071371930608792e-08  5.845038353954087e-01 
 8.073371930608792e-08  5.845038353953156e-01 
 8.075371930608791e-08  5.845038353954085e-01 
 8.077371930608791e-08  5.845038353953159e-01 
 8.079371930608790e-08  5.845038353954082e-01 
 8.081371930608790e-08  5.845038353953161e-01 
 8.083371930608790e-08  5.845038353954080e-01 
 8.085371930608789e-08  5.845038353953165e-01 
 8.087371930608789e-08  5.845038353954078e-01 
 8.089371930608789e-08  5.845038353953168e-01 
 8.091371930608788e-08  5.845038353954074e-01 
 8.093371930608788e-08  5.845038353953168e-01 
 8.095371930608787e-08  5.845038353954070e-01 
 8.097371930608787e-08  5.845038353953171e-01 
 8.099371930608787e-08  5.845038353954071e-01 
 8.101371930608786e-08  5.845038353953178e-01 
 8.103371930608786e-08  5.845038353954071e-01 
 8.105371930608785e-08  5.845038353953184e-01 
 8.107371930608785e-08  5.845038353954071e-01 
 8.109371930608785e-08  5.845038353953188e-01 
 8.111371930608784e-08  5.845038353954070e-01 
 8.113371930608784e-08  5.845038353953190e-01 
 8.115371930608784e-08  5.845038353954066e-01 
 8.117371930608783e-08  5.845038353953191e-01 
 8.119371930608783e-08  5.845038353954060e-01 
 8.121371930608782e-08  5.845038353953189e-01 
 8.123371930608782e-08  5.845038353954055e-01 
 8.125371930608782e-08  5.845038353953192e-01 
 8.127371930608781e-08  5.845038353954053e-01 
 8.129371930608781e-08  5.845038353953194e-01 
 8.131371930608781e-08  5.845038353954047e-01 
 8.133371930608780e-08  5.845038353953195e-01 
 8.135371930608780e-08  5.845038353954046e-01 
 8.137371930608779e-08  5.845038353953197e-01 
 8.139371930608779e-08  5.845038353954043e-01 
 8.141371930608779e-08  5.845038353953200e-01 
 8.143371930608778e-08  5.845038353954038e-01 
 8.145371930608778e-08  5.845038353953199e-01 
 8.147371930608778e-08  5.845038353954035e-01 
 8.149371930608777e-08  5.845038353953202e-01 
 8.151371930608777e-08  5.845038353954034e-01 
 8.153371930608776e-08  5.845038353953207e-01 
 8.155371930608776e-08  5.845038353954033e-01 
 8.157371930608776e-08  5.845038353953210e-01 
 8.159371930608775e-08  5.845038353954032e-01 
 8.161371930608775e-08  5.845038353953210e-01 
 8.163371930608774e-08  5.845038353954026e-01 
 8.165371930608774e-08  5.845038353953214e-01 
 8.167371930608774e-08  5.845038353954026e-01 
 8.169371930608773e-08  5.845038353953218e-01 
 8.171371930608773e-08  5.845038353954025e-01 
 8.173371930608773e-08  5.845038353953220e-01 
 8.175371930608772e-08  5.845038353954022e-01 
 8.177371930608772e-08  5.845038353953222e-01 
 8.179371930608771e-08  5.845038353954020e-01 
 8.181371930608771e-08  5.845038353953226e-01 
 8.183371930608771e-08  5.845038353954018e-01 
 8.185371930608770e-08  5.845038353953229e-01 
 8.187371930608770e-08  5.845038353954017e-01 
 8.189371930608770e-08  5.845038353953230e-01 
 8.191371930608769e-08  5.845038353954011e-01 
 8.193371930608769e-08  5.845038353953230e-01 
 8.195371930608768e-08  5.845038353954011e-01 
 8.197371930608768e-08  5.845038353953236e-01 
 8.199371930608768e-08  5.845038353954007e-01 
 8.201371930608767e-08  5.845038353953236e-01 
 8.203371930608767e-08  5.845038353954005e-01 
 8.205371930608767e-08  5.845038353953238e-01 
 8.207371930608766e-08  5.845038353954002e-01 
 8.209371930608766e-08  5.845038353953240e-01 
 8.211371930608765e-08  5.845038353954001e-01 
 8.213371930608765e-08  5.845038353953242e-01 
 8.215371930608765e-08  5.845038353954000e-01 
 8.217371930608764e-08  5.845038353953248e-01 
 8.219371930608764e-08  5.845038353953999e-01 
 8.221371930608763e-08  5.845038353953248e-01 
 8.223371930608763e-08  5.845038353953995e-01 
 8.225371930608763e-08  5.845038353953252e-01 
 8.227371930608762e-08  5.845038353953995e-01 
 8.229371930608762e-08  5.845038353953256e-01 
 8.231371930608762e-08  5.845038353953995e-01 
 8.233371930608761e-08  5.845038353953260e-01 
 8.235371930608761e-08  5.845038353953995e-01 
 8.237371930608760e-08  5.845038353953266e-01 
 8.239371930608760e-08  5.845038353953994e-01 
 8.241371930608760e-08  5.845038353953268e-01 
 8.243371930608759e-08  5.845038353953992e-01 
 8.245371930608759e-08  5.845038353953269e-01 
 8.247371930608759e-08  5.845038353953989e-01 
 8.249371930608758e-08  5.845038353953268e-01 
 8.251371930608758e-08  5.845038353953982e-01 
 8.253371930608757e-08  5.845038353953265e-01 
 8.255371930608757e-08  5.845038353953975e-01 
 8.257371930608757e-08  5.845038353953266e-01 
 8.259371930608756e-08  5.845038353953973e-01 
 8.261371930608756e-08  5.845038353953269e-01 
 8.263371930608756e-08  5.845038353953972e-01 
 8.265371930608755e-08  5.845038353953268e-01 
 8.267371930608755e-08  5.845038353953967e-01 
 8.269371930608754e-08  5.845038353953271e-01 
 8.271371930608754e-08  5.845038353953966e-01 
 8.273371930608754e-08  5.845038353953274e-01 
 8.275371930608753e-08  5.845038353953965e-01 
 8.277371930608753e-08  5.845038353953278e-01 
 8.279371930608752e-08  5.845038353953964e-01 
 8.281371930608752e-08  5.845038353953279e-01 
 8.283371930608752e-08  5.845038353953962e-01 
 8.285371930608751e-08  5.845038353953280e-01 
 8.287371930608751e-08  5.845038353953959e-01 
 8.289371930608751e-08  5.845038353953285e-01 
 8.291371930608750e-08  5.845038353953959e-01 
 8.293371930608750e-08  5.845038353953285e-01 
 8.295371930608749e-08  5.845038353953953e-01 
 8.297371930608749e-08  5.845038353953282e-01 
 8.299371930608749e-08  5.845038353953949e-01 
 8.301371930608748e-08  5.845038353953286e-01 
 8.303371930608748e-08  5.845038353953950e-01 
 8.305371930608748e-08  5.845038353953289e-01 
 8.307371930608747e-08  5.845038353953946e-01 
 8.309371930608747e-08  5.845038353953290e-01 
 8.311371930608746e-08  5.845038353953946e-01 
 8.313371930608746e-08  5.845038353953295e-01 
 8.315371930608746e-08  5.845038353953946e-01 
 8.317371930608745e-08  5.845038353953298e-01 
 8.319371930608745e-08  5.845038353953943e-01 
 8.321371930608745e-08  5.845038353953298e-01 
 8.323371930608744e-08  5.845038353953942e-01 
 8.325371930608744e-08  5.845038353953300e-01 
 8.327371930608743e-08  5.845038353953941e-01 
 8.329371930608743e-08  5.845038353953306e-01 
 8.331371930608743e-08  5.845038353953940e-01 
 8.333371930608742e-08  5.845038353953307e-01 
 8.335371930608742e-08  5.845038353953937e-01 
 8.337371930608741e-08  5.845038353953308e-01 
 8.339371930608741e-08  5.845038353953935e-01 
 8.341371930608741e-08  5.845038353953309e-01 
 8.343371930608740e-08  5.845038353953933e-01 
 8.345371930608740e-08  5.845038353953311e-01 
 8.347371930608740e-08  5.845038353953931e-01 
 8.349371930608739e-08  5.845038353953312e-01 
 8.351371930608739e-08  5.845038353953931e-01 
 8.353371930608738e-08  5.845038353953318e-01 
 8.355371930608738e-08  5.845038353953929e-01 
 8.357371930608738e-08  5.845038353953319e-01 
 8.359371930608737e-08  5.845038353953929e-01 
 8.361371930608737e-08  5.845038353953322e-01 
 8.363371930608737e-08  5.845038353953927e-01 
 8.365371930608736e-08  5.845038353953322e-01 
 8.367371930608736e-08  5.845038353953924e-01 
 8.369371930608735e-08  5.845038353953325e-01 
 8.371371930608735e-08  5.845038353953922e-01 
 8.373371930608735e-08  5.845038353953326e-01 
 8.375371930608734e-08  5.845038353953917e-01 
 8.377371930608734e-08  5.845038353953323e-01 
 8.379371930608734e-08  5.845038353953913e-01 
 8.381371930608733e-08  5.845038353953322e-01 
 8.383371930608733e-08  5.845038353953907e-01 
 8.385371930608732e-08  5.845038353953321e-01 
 8.387371930608732e-08  5.845038353953904e-01 
 8.389371930608732e-08  5.845038353953321e-01 
 8.391371930608731e-08  5.845038353953902e-01 
 8.393371930608731e-08  5.845038353953327e-01 
 8.395371930608730e-08  5.845038353953905e-01 
 8.397371930608730e-08  5.845038353953331e-01 
 8.399371930608730e-08  5.845038353953903e-01 
 8.401371930608729e-08  5.845038353953332e-01 
 8.403371930608729e-08  5.845038353953904e-01 
 8.405371930608729e-08  5.845038353953337e-01 
 8.407371930608728e-08  5.845038353953902e-01 
 8.409371930608728e-08  5.845038353953338e-01 
 8.411371930608727e-08  5.845038353953902e-01 
 8.413371930608727e-08  5.845038353953341e-01 
 8.415371930608727e-08  5.845038353953900e-01 
 8.417371930608726e-08  5.845038353953342e-01 
 8.419371930608726e-08  5.845038353953896e-01 
 8.421371930608726e-08  5.845038353953341e-01 
 8.423371930608725e-08  5.845038353953893e-01 
 8.425371930608725e-08  5.845038353953342e-01 
 8.427371930608724e-08  5.845038353953891e-01 
 8.429371930608724e-08  5.845038353953345e-01 
 8.431371930608724e-08  5.845038353953891e-01 
 8.433371930608723e-08  5.845038353953348e-01 
 8.435371930608723e-08  5.845038353953889e-01 
 8.437371930608723e-08  5.845038353953346e-01 
 8.439371930608722e-08  5.845038353953885e-01 
 8.441371930608722e-08  5.845038353953350e-01 
 8.443371930608721e-08  5.845038353953886e-01 
 8.445371930608721e-08  5.845038353953351e-01 
 8.447371930608721e-08  5.845038353953883e-01 
 8.449371930608720e-08  5.845038353953351e-01 
 8.451371930608720e-08  5.845038353953882e-01 
 8.453371930608719e-08  5.845038353953355e-01 
 8.455371930608719e-08  5.845038353953881e-01 
 8.457371930608719e-08  5.845038353953358e-01 
 8.459371930608718e-08  5.845038353953882e-01 
 8.461371930608718e-08  5.845038353953360e-01 
 8.463371930608718e-08  5.845038353953880e-01 
 8.465371930608717e-08  5.845038353953362e-01 
 8.467371930608717e-08  5.845038353953877e-01 
 8.469371930608716e-08  5.845038353953361e-01 
 8.471371930608716e-08  5.845038353953874e-01 
 8.473371930608716e-08  5.845038353953365e-01 
 8.475371930608715e-08  5.845038353953876e-01 
 8.477371930608715e-08  5.845038353953369e-01 
 8.479371930608715e-08  5.845038353953875e-01 
 8.481371930608714e-08  5.845038353953368e-01 
 8.483371930608714e-08  5.845038353953872e-01 
 8.485371930608713e-08  5.845038353953370e-01 
 8.487371930608713e-08  5.845038353953871e-01 
 8.489371930608713e-08  5.845038353953370e-01 
 8.491371930608712e-08  5.845038353953868e-01 
 8.493371930608712e-08  5.845038353953370e-01 
 8.495371930608712e-08  5.845038353953863e-01 
 8.497371930608711e-08  5.845038353953369e-01 
 8.499371930608711e-08  5.845038353953863e-01 
 8.501371930608710e-08  5.845038353953373e-01 
 8.503371930608710e-08  5.845038353953862e-01 
 8.505371930608710e-08  5.845038353953373e-01 
 8.507371930608709e-08  5.845038353953860e-01 
 8.509371930608709e-08  5.845038353953378e-01 
 8.511371930608709e-08  5.845038353953863e-01 
 8.513371930608708e-08  5.845038353953382e-01 
 8.515371930608708e-08  5.845038353953861e-01 
 8.517371930608707e-08  5.845038353953382e-01 
 8.519371930608707e-08  5.845038353953858e-01 
 8.521371930608707e-08  5.845038353953380e-01 
 8.523371930608706e-08  5.845038353953853e-01 
 8.525371930608706e-08  5.845038353953382e-01 
 8.527371930608705e-08  5.845038353953855e-01 
 8.529371930608705e-08  5.845038353953389e-01 
 8.531371930608705e-08  5.845038353953859e-01 
 8.533371930608704e-08  5.845038353953392e-01 
 8.535371930608704e-08  5.845038353953859e-01 
 8.537371930608704e-08  5.845038353953397e-01 
 8.539371930608703e-08  5.845038353953860e-01 
 8.541371930608703e-08  5.845038353953399e-01 
 8.543371930608702e-08  5.845038353953858e-01 
 8.545371930608702e-08  5.845038353953398e-01 
 8.547371930608702e-08  5.845038353953854e-01 
 8.549371930608701e-08  5.845038353953399e-01 
 8.551371930608701e-08  5.845038353953852e-01 
 8.553371930608701e-08  5.845038353953397e-01 
 8.555371930608700e-08  5.845038353953844e-01 
 8.557371930608700e-08  5.845038353953395e-01 
 8.559371930608699e-08  5.845038353953843e-01 
 8.561371930608699e-08  5.845038353953397e-01 
 8.563371930608699e-08  5.845038353953842e-01 
 8.565371930608698e-08  5.845038353953400e-01 
 8.567371930608698e-08  5.845038353953843e-01 
 8.569371930608698e-08  5.845038353953399e-01 
 8.571371930608697e-08  5.845038353953836e-01 
 8.573371930608697e-08  5.845038353953398e-01 
 8.575371930608696e-08  5.845038353953835e-01 
 8.577371930608696e-08  5.845038353953399e-01 
 8.579371930608696e-08  5.845038353953833e-01 
 8.581371930608695e-08  5.845038353953401e-01 
 8.583371930608695e-08  5.845038353953833e-01 
 8.585371930608694e-08  5.845038353953402e-01 
 8.587371930608694e-08  5.845038353953833e-01 
 8.589371930608694e-08  5.845038353953406e-01 
 8.591371930608693e-08  5.845038353953832e-01 
 8.593371930608693e-08  5.845038353953408e-01 
 8.595371930608693e-08  5.845038353953832e-01 
 8.597371930608692e-08  5.845038353953410e-01 
 8.599371930608692e-08  5.845038353953831e-01 
 8.601371930608691e-08  5.845038353953410e-01 
 8.603371930608691e-08  5.845038353953828e-01 
 8.605371930608691e-08  5.845038353953411e-01 
 8.607371930608690e-08  5.845038353953826e-01 
 8.609371930608690e-08  5.845038353953411e-01 
 8.611371930608690e-08  5.845038353953824e-01 
 8.613371930608689e-08  5.845038353953412e-01 
 8.615371930608689e-08  5.845038353953823e-01 
 8.617371930608688e-08  5.845038353953415e-01 
 8.619371930608688e-08  5.845038353953823e-01 
 8.621371930608688e-08  5.845038353953417e-01 
 8.623371930608687e-08  5.845038353953823e-01 
 8.625371930608687e-08  5.845038353953419e-01 
 8.627371930608687e-08  5.845038353953823e-01 
 8.629371930608686e-08  5.845038353953422e-01 
 8.631371930608686e-08  5.845038353953822e-01 
 8.633371930608685e-08  5.845038353953421e-01 
 8.635371930608685e-08  5.845038353953819e-01 
 8.637371930608685e-08  5.845038353953423e-01 
 8.639371930608684e-08  5.845038353953819e-01 
 8.641371930608684e-08  5.845038353953423e-01 
 8.643371930608683e-08  5.845038353953814e-01 
 8.645371930608683e-08  5.845038353953422e-01 
 8.647371930608683e-08  5.845038353953813e-01 
 8.649371930608682e-08  5.845038353953423e-01 
 8.651371930608682e-08  5.845038353953812e-01 
 8.653371930608682e-08  5.845038353953426e-01 
 8.655371930608681e-08  5.845038353953811e-01 
 8.657371930608681e-08  5.845038353953426e-01 
 8.659371930608680e-08  5.845038353953808e-01 
 8.661371930608680e-08  5.845038353953427e-01 
 8.663371930608680e-08  5.845038353953809e-01 
 8.665371930608679e-08  5.845038353953429e-01 
 8.667371930608679e-08  5.845038353953805e-01 
 8.669371930608679e-08  5.845038353953429e-01 
 8.671371930608678e-08  5.845038353953806e-01 
 8.673371930608678e-08  5.845038353953432e-01 
 8.675371930608677e-08  5.845038353953804e-01 
 8.677371930608677e-08  5.845038353953431e-01 
 8.679371930608677e-08  5.845038353953802e-01 
 8.681371930608676e-08  5.845038353953432e-01 
 8.683371930608676e-08  5.845038353953801e-01 
 8.685371930608676e-08  5.845038353953433e-01 
 8.687371930608675e-08  5.845038353953801e-01 
 8.689371930608675e-08  5.845038353953437e-01 
 8.691371930608674e-08  5.845038353953799e-01 
 8.693371930608674e-08  5.845038353953437e-01 
 8.695371930608674e-08  5.845038353953800e-01 
 8.697371930608673e-08  5.845038353953438e-01 
 8.699371930608673e-08  5.845038353953796e-01 
 8.701371930608672e-08  5.845038353953439e-01 
 8.703371930608672e-08  5.845038353953799e-01 
 8.705371930608672e-08  5.845038353953446e-01 
 8.707371930608671e-08  5.845038353953801e-01 
 8.709371930608671e-08  5.845038353953448e-01 
 8.711371930608671e-08  5.845038353953802e-01 
 8.713371930608670e-08  5.845038353953451e-01 
 8.715371930608670e-08  5.845038353953801e-01 
 8.717371930608669e-08  5.845038353953452e-01 
 8.719371930608669e-08  5.845038353953800e-01 
 8.721371930608669e-08  5.845038353953450e-01 
 8.723371930608668e-08  5.845038353953796e-01 
 8.725371930608668e-08  5.845038353953453e-01 
 8.727371930608668e-08  5.845038353953798e-01 
 8.729371930608667e-08  5.845038353953452e-01 
 8.731371930608667e-08  5.845038353953793e-01 
 8.733371930608666e-08  5.845038353953453e-01 
 8.735371930608666e-08  5.845038353953793e-01 
 8.737371930608666e-08  5.845038353953455e-01 
 8.739371930608665e-08  5.845038353953792e-01 
 8.741371930608665e-08  5.845038353953456e-01 
 8.743371930608665e-08  5.845038353953791e-01 
 8.745371930608664e-08  5.845038353953456e-01 
 8.747371930608664e-08  5.845038353953786e-01 
 8.749371930608663e-08  5.845038353953455e-01 
 8.751371930608663e-08  5.845038353953789e-01 
 8.753371930608663e-08  5.845038353953459e-01 
 8.755371930608662e-08  5.845038353953785e-01 
 8.757371930608662e-08  5.845038353953457e-01 
 8.759371930608661e-08  5.845038353953784e-01 
 8.761371930608661e-08  5.845038353953460e-01 
 8.763371930608661e-08  5.845038353953784e-01 
 8.765371930608660e-08  5.845038353953460e-01 
 8.767371930608660e-08  5.845038353953781e-01 
 8.769371930608660e-08  5.845038353953458e-01 
 8.771371930608659e-08  5.845038353953780e-01 
 8.773371930608659e-08  5.845038353953462e-01 
 8.775371930608658e-08  5.845038353953780e-01 
 8.777371930608658e-08  5.845038353953461e-01 
 8.779371930608658e-08  5.845038353953778e-01 
 8.781371930608657e-08  5.845038353953463e-01 
 8.783371930608657e-08  5.845038353953778e-01 
 8.785371930608657e-08  5.845038353953464e-01 
 8.787371930608656e-08  5.845038353953775e-01 
 8.789371930608656e-08  5.845038353953463e-01 
 8.791371930608655e-08  5.845038353953776e-01 
 8.793371930608655e-08  5.845038353953468e-01 
 8.795371930608655e-08  5.845038353953774e-01 
 8.797371930608654e-08  5.845038353953467e-01 
 8.799371930608654e-08  5.845038353953774e-01 
 8.801371930608654e-08  5.845038353953470e-01 
 8.803371930608653e-08  5.845038353953772e-01 
 8.805371930608653e-08  5.845038353953468e-01 
 8.807371930608652e-08  5.845038353953769e-01 
 8.809371930608652e-08  5.845038353953467e-01 
 8.811371930608652e-08  5.845038353953769e-01 
 8.813371930608651e-08  5.845038353953471e-01 
 8.815371930608651e-08  5.845038353953771e-01 
 8.817371930608650e-08  5.845038353953473e-01 
 8.819371930608650e-08  5.845038353953768e-01 
 8.821371930608650e-08  5.845038353953472e-01 
 8.823371930608649e-08  5.845038353953766e-01 
 8.825371930608649e-08  5.845038353953471e-01 
 8.827371930608649e-08  5.845038353953764e-01 
 8.829371930608648e-08  5.845038353953472e-01 
 8.831371930608648e-08  5.845038353953763e-01 
 8.833371930608647e-08  5.845038353953474e-01 
 8.835371930608647e-08  5.845038353953763e-01 
 8.837371930608647e-08  5.845038353953476e-01 
 8.839371930608646e-08  5.845038353953762e-01 
 8.841371930608646e-08  5.845038353953474e-01 
 8.843371930608646e-08  5.845038353953760e-01 
 8.845371930608645e-08  5.845038353953476e-01 
 8.847371930608645e-08  5.845038353953759e-01 
 8.849371930608644e-08  5.845038353953478e-01 
 8.851371930608644e-08  5.845038353953760e-01 
 8.853371930608644e-08  5.845038353953482e-01 
 8.855371930608643e-08  5.845038353953764e-01 
 8.857371930608643e-08  5.845038353953484e-01 
 8.859371930608643e-08  5.845038353953762e-01 
 8.861371930608642e-08  5.845038353953484e-01 
 8.863371930608642e-08  5.845038353953761e-01 
 8.865371930608641e-08  5.845038353953488e-01 
 8.867371930608641e-08  5.845038353953764e-01 
 8.869371930608641e-08  5.845038353953490e-01 
 8.871371930608640e-08  5.845038353953763e-01 
 8.873371930608640e-08  5.845038353953492e-01 
 8.875371930608639e-08  5.845038353953762e-01 
 8.877371930608639e-08  5.845038353953490e-01 
 8.879371930608639e-08  5.845038353953755e-01 
 8.881371930608638e-08  5.845038353953484e-01 
 8.883371930608638e-08  5.845038353953750e-01 
 8.885371930608638e-08  5.845038353953481e-01 
 8.887371930608637e-08  5.845038353953745e-01 
 8.889371930608637e-08  5.845038353953482e-01 
 8.891371930608636e-08  5.845038353953749e-01 
 8.893371930608636e-08  5.845038353953489e-01 
 8.895371930608636e-08  5.845038353953752e-01 
 8.897371930608635e-08  5.845038353953491e-01 
 8.899371930608635e-08  5.845038353953751e-01 
 8.901371930608635e-08  5.845038353953492e-01 
 8.903371930608634e-08  5.845038353953750e-01 
 8.905371930608634e-08  5.845038353953492e-01 
 8.907371930608633e-08  5.845038353953748e-01 
 8.909371930608633e-08  5.845038353953491e-01 
 8.911371930608633e-08  5.845038353953748e-01 
 8.913371930608632e-08  5.845038353953494e-01 
 8.915371930608632e-08  5.845038353953748e-01 
 8.917371930608632e-08  5.845038353953496e-01 
 8.919371930608631e-08  5.845038353953746e-01 
 8.921371930608631e-08  5.845038353953493e-01 
 8.923371930608630e-08  5.845038353953742e-01 
 8.925371930608630e-08  5.845038353953492e-01 
 8.927371930608630e-08  5.845038353953740e-01 
 8.929371930608629e-08  5.845038353953493e-01 
 8.931371930608629e-08  5.845038353953740e-01 
 8.933371930608629e-08  5.845038353953493e-01 
 8.935371930608628e-08  5.845038353953742e-01 
 8.937371930608628e-08  5.845038353953499e-01 
 8.939371930608627e-08  5.845038353953742e-01 
 8.941371930608627e-08  5.845038353953500e-01 
 8.943371930608627e-08  5.845038353953743e-01 
 8.945371930608626e-08  5.845038353953503e-01 
 8.947371930608626e-08  5.845038353953743e-01 
 8.949371930608625e-08  5.845038353953502e-01 
 8.951371930608625e-08  5.845038353953741e-01 
 8.953371930608625e-08  5.845038353953506e-01 
 8.955371930608624e-08  5.845038353953742e-01 
 8.957371930608624e-08  5.845038353953506e-01 
 8.959371930608624e-08  5.845038353953741e-01 
 8.961371930608623e-08  5.845038353953506e-01 
 8.963371930608623e-08  5.845038353953739e-01 
 8.965371930608622e-08  5.845038353953506e-01 
 8.967371930608622e-08  5.845038353953735e-01 
 8.969371930608622e-08  5.845038353953503e-01 
 8.971371930608621e-08  5.845038353953733e-01 
 8.973371930608621e-08  5.845038353953504e-01 
 8.975371930608621e-08  5.845038353953733e-01 
 8.977371930608620e-08  5.845038353953503e-01 
 8.979371930608620e-08  5.845038353953730e-01 
 8.981371930608619e-08  5.845038353953503e-01 
 8.983371930608619e-08  5.845038353953730e-01 
 8.985371930608619e-08  5.845038353953506e-01 
 8.987371930608618e-08  5.845038353953729e-01 
 8.989371930608618e-08  5.845038353953506e-01 
 8.991371930608618e-08  5.845038353953730e-01 
 8.993371930608617e-08  5.845038353953509e-01 
 8.995371930608617e-08  5.845038353953731e-01 
 8.997371930608616e-08  5.845038353953511e-01 
 8.999371930608616e-08  5.845038353953732e-01 
 9.001371930608616e-08  5.845038353953512e-01 
 9.003371930608615e-08  5.845038353953731e-01 
 9.005371930608615e-08  5.845038353953512e-01 
 9.007371930608614e-08  5.845038353953729e-01 
 9.009371930608614e-08  5.845038353953512e-01 
 9.011371930608614e-08  5.845038353953729e-01 
 9.013371930608613e-08  5.845038353953511e-01 
 9.015371930608613e-08  5.845038353953724e-01 
 9.017371930608613e-08  5.845038353953513e-01 
 9.019371930608612e-08  5.845038353953727e-01 
 9.021371930608612e-08  5.845038353953516e-01 
 9.023371930608611e-08  5.845038353953729e-01 
 9.025371930608611e-08  5.845038353953517e-01 
 9.027371930608611e-08  5.845038353953724e-01 
 9.029371930608610e-08  5.845038353953516e-01 
 9.031371930608610e-08  5.845038353953723e-01 
 9.033371930608610e-08  5.845038353953514e-01 
 9.035371930608609e-08  5.845038353953722e-01 
 9.037371930608609e-08  5.845038353953514e-01 
 9.039371930608608e-08  5.845038353953721e-01 
 9.041371930608608e-08  5.845038353953516e-01 
 9.043371930608608e-08  5.845038353953720e-01 
 9.045371930608607e-08  5.845038353953519e-01 
 9.047371930608607e-08  5.845038353953722e-01 
 9.049371930608607e-08  5.845038353953519e-01 
 9.051371930608606e-08  5.845038353953720e-01 
 9.053371930608606e-08  5.845038353953518e-01 
 9.055371930608605e-08  5.845038353953715e-01 
 9.057371930608605e-08  5.845038353953514e-01 
 9.059371930608605e-08  5.845038353953715e-01 
 9.061371930608604e-08  5.845038353953519e-01 
 9.063371930608604e-08  5.845038353953718e-01 
 9.065371930608603e-08  5.845038353953522e-01 
 9.067371930608603e-08  5.845038353953719e-01 
 9.069371930608603e-08  5.845038353953526e-01 
 9.071371930608602e-08  5.845038353953722e-01 
 9.073371930608602e-08  5.845038353953528e-01 
 9.075371930608602e-08  5.845038353953719e-01 
 9.077371930608601e-08  5.845038353953526e-01 
 9.079371930608601e-08  5.845038353953720e-01 
 9.081371930608600e-08  5.845038353953530e-01 
 9.083371930608600e-08  5.845038353953719e-01 
 9.085371930608600e-08  5.845038353953528e-01 
 9.087371930608599e-08  5.845038353953715e-01 
 9.089371930608599e-08  5.845038353953524e-01 
 9.091371930608599e-08  5.845038353953710e-01 
 9.093371930608598e-08  5.845038353953522e-01 
 9.095371930608598e-08  5.845038353953711e-01 
 9.097371930608597e-08  5.845038353953528e-01 
 9.099371930608597e-08  5.845038353953714e-01 
 9.101371930608597e-08  5.845038353953530e-01 
 9.103371930608596e-08  5.845038353953714e-01 
 9.105371930608596e-08  5.845038353953532e-01 
 9.107371930608596e-08  5.845038353953718e-01 
 9.109371930608595e-08  5.845038353953537e-01 
 9.111371930608595e-08  5.845038353953719e-01 
 9.113371930608594e-08  5.845038353953536e-01 
 9.115371930608594e-08  5.845038353953712e-01 
 9.117371930608594e-08  5.845038353953530e-01 
 9.119371930608593e-08  5.845038353953708e-01 
 9.121371930608593e-08  5.845038353953529e-01 
 9.123371930608592e-08  5.845038353953708e-01 
 9.125371930608592e-08  5.845038353953529e-01 
 9.127371930608592e-08  5.845038353953707e-01 
 9.129371930608591e-08  5.845038353953533e-01 
 9.131371930608591e-08  5.845038353953709e-01 
 9.133371930608591e-08  5.845038353953533e-01 
 9.135371930608590e-08  5.845038353953708e-01 
 9.137371930608590e-08  5.845038353953533e-01 
 9.139371930608589e-08  5.845038353953705e-01 
 9.141371930608589e-08  5.845038353953533e-01 
 9.143371930608589e-08  5.845038353953704e-01 
 9.145371930608588e-08  5.845038353953532e-01 
 9.147371930608588e-08  5.845038353953703e-01 
 9.149371930608588e-08  5.845038353953533e-01 
 9.151371930608587e-08  5.845038353953700e-01 
 9.153371930608587e-08  5.845038353953530e-01 
 9.155371930608586e-08  5.845038353953700e-01 
 9.157371930608586e-08  5.845038353953537e-01 
 9.159371930608586e-08  5.845038353953707e-01 
 9.161371930608585e-08  5.845038353953540e-01 
 9.163371930608585e-08  5.845038353953707e-01 
 9.165371930608585e-08  5.845038353953542e-01 
 9.167371930608584e-08  5.845038353953708e-01 
 9.169371930608584e-08  5.845038353953541e-01 
 9.171371930608583e-08  5.845038353953702e-01 
 9.173371930608583e-08  5.845038353953538e-01 
 9.175371930608583e-08  5.845038353953701e-01 
 9.177371930608582e-08  5.845038353953540e-01 
 9.179371930608582e-08  5.845038353953702e-01 
 9.181371930608581e-08  5.845038353953541e-01 
 9.183371930608581e-08  5.845038353953701e-01 
 9.185371930608581e-08  5.845038353953542e-01 
 9.187371930608580e-08  5.845038353953703e-01 
 9.189371930608580e-08  5.845038353953547e-01 
 9.191371930608580e-08  5.845038353953705e-01 
 9.193371930608579e-08  5.845038353953551e-01 
 9.195371930608579e-08  5.845038353953709e-01 
 9.197371930608578e-08  5.845038353953551e-01 
 9.199371930608578e-08  5.845038353953707e-01 
 9.201371930608578e-08  5.845038353953550e-01 
 9.203371930608577e-08  5.845038353953702e-01 
 9.205371930608577e-08  5.845038353953547e-01 
 9.207371930608577e-08  5.845038353953702e-01 
 9.209371930608576e-08  5.845038353953550e-01 
 9.211371930608576e-08  5.845038353953703e-01 
 9.213371930608575e-08  5.845038353953550e-01 
 9.215371930608575e-08  5.845038353953700e-01 
 9.217371930608575e-08  5.845038353953549e-01 
 9.219371930608574e-08  5.845038353953699e-01 
 9.221371930608574e-08  5.845038353953549e-01 
 9.223371930608574e-08  5.845038353953697e-01 
 9.225371930608573e-08  5.845038353953547e-01 
 9.227371930608573e-08  5.845038353953695e-01 
 9.229371930608572e-08  5.845038353953549e-01 
 9.231371930608572e-08  5.845038353953695e-01 
 9.233371930608572e-08  5.845038353953548e-01 
 9.235371930608571e-08  5.845038353953694e-01 
 9.237371930608571e-08  5.845038353953551e-01 
 9.239371930608570e-08  5.845038353953698e-01 
 9.241371930608570e-08  5.845038353953553e-01 
 9.243371930608570e-08  5.845038353953695e-01 
 9.245371930608569e-08  5.845038353953551e-01 
 9.247371930608569e-08  5.845038353953693e-01 
 9.249371930608569e-08  5.845038353953551e-01 
 9.251371930608568e-08  5.845038353953692e-01 
 9.253371930608568e-08  5.845038353953549e-01 
 9.255371930608567e-08  5.845038353953691e-01 
 9.257371930608567e-08  5.845038353953551e-01 
 9.259371930608567e-08  5.845038353953691e-01 
 9.261371930608566e-08  5.845038353953552e-01 
 9.263371930608566e-08  5.845038353953691e-01 
 9.265371930608566e-08  5.845038353953551e-01 
 9.267371930608565e-08  5.845038353953689e-01 
 9.269371930608565e-08  5.845038353953552e-01 
 9.271371930608564e-08  5.845038353953688e-01 
 9.273371930608564e-08  5.845038353953552e-01 
 9.275371930608564e-08  5.845038353953689e-01 
 9.277371930608563e-08  5.845038353953553e-01 
 9.279371930608563e-08  5.845038353953689e-01 
 9.281371930608563e-08  5.845038353953556e-01 
 9.283371930608562e-08  5.845038353953688e-01 
 9.285371930608562e-08  5.845038353953553e-01 
 9.287371930608561e-08  5.845038353953688e-01 
 9.289371930608561e-08  5.845038353953556e-01 
 9.291371930608561e-08  5.845038353953687e-01 
 9.293371930608560e-08  5.845038353953556e-01 
 9.295371930608560e-08  5.845038353953688e-01 
 9.297371930608560e-08  5.845038353953557e-01 
 9.299371930608559e-08  5.845038353953689e-01 
 9.301371930608559e-08  5.845038353953559e-01 
 9.303371930608558e-08  5.845038353953684e-01 
 9.305371930608558e-08  5.845038353953554e-01 
 9.307371930608558e-08  5.845038353953682e-01 
 9.309371930608557e-08  5.845038353953556e-01 
 9.311371930608557e-08  5.845038353953683e-01 
 9.313371930608556e-08  5.845038353953556e-01 
 9.315371930608556e-08  5.845038353953683e-01 
 9.317371930608556e-08  5.845038353953557e-01 
 9.319371930608555e-08  5.845038353953683e-01 
 9.321371930608555e-08  5.845038353953559e-01 
 9.323371930608555e-08  5.845038353953684e-01 
 9.325371930608554e-08  5.845038353953561e-01 
 9.327371930608554e-08  5.845038353953684e-01 
 9.329371930608553e-08  5.845038353953560e-01 
 9.331371930608553e-08  5.845038353953681e-01 
 9.333371930608553e-08  5.845038353953559e-01 
 9.335371930608552e-08  5.845038353953681e-01 
 9.337371930608552e-08  5.845038353953560e-01 
 9.339371930608552e-08  5.845038353953680e-01 
 9.341371930608551e-08  5.845038353953559e-01 
 9.343371930608551e-08  5.845038353953678e-01 
 9.345371930608550e-08  5.845038353953554e-01 
 9.347371930608550e-08  5.845038353953673e-01 
 9.349371930608550e-08  5.845038353953558e-01 
 9.351371930608549e-08  5.845038353953678e-01 
 9.353371930608549e-08  5.845038353953560e-01 
 9.355371930608549e-08  5.845038353953675e-01 
 9.357371930608548e-08  5.845038353953559e-01 
 9.359371930608548e-08  5.845038353953674e-01 
 9.361371930608547e-08  5.845038353953559e-01 
 9.363371930608547e-08  5.845038353953675e-01 
 9.365371930608547e-08  5.845038353953559e-01 
 9.367371930608546e-08  5.845038353953673e-01 
 9.369371930608546e-08  5.845038353953560e-01 
 9.371371930608545e-08  5.845038353953674e-01 
 9.373371930608545e-08  5.845038353953562e-01 
 9.375371930608545e-08  5.845038353953675e-01 
 9.377371930608544e-08  5.845038353953564e-01 
 9.379371930608544e-08  5.845038353953677e-01 
 9.381371930608544e-08  5.845038353953564e-01 
 9.383371930608543e-08  5.845038353953678e-01 
 9.385371930608543e-08  5.845038353953567e-01 
 9.387371930608542e-08  5.845038353953678e-01 
 9.389371930608542e-08  5.845038353953567e-01 
 9.391371930608542e-08  5.845038353953674e-01 
 9.393371930608541e-08  5.845038353953564e-01 
 9.395371930608541e-08  5.845038353953675e-01 
 9.397371930608541e-08  5.845038353953568e-01 
 9.399371930608540e-08  5.845038353953674e-01 
 9.401371930608540e-08  5.845038353953567e-01 
 9.403371930608539e-08  5.845038353953674e-01 
 9.405371930608539e-08  5.845038353953567e-01 
 9.407371930608539e-08  5.845038353953674e-01 
 9.409371930608538e-08  5.845038353953570e-01 
 9.411371930608538e-08  5.845038353953677e-01 
 9.413371930608538e-08  5.845038353953572e-01 
 9.415371930608537e-08  5.845038353953677e-01 
 9.417371930608537e-08  5.845038353953572e-01 
 9.419371930608536e-08  5.845038353953678e-01 
 9.421371930608536e-08  5.845038353953572e-01 
 9.423371930608536e-08  5.845038353953674e-01 
 9.425371930608535e-08  5.845038353953571e-01 
 9.427371930608535e-08  5.845038353953673e-01 
 9.429371930608534e-08  5.845038353953572e-01 
 9.431371930608534e-08  5.845038353953673e-01 
 9.433371930608534e-08  5.845038353953571e-01 
 9.435371930608533e-08  5.845038353953671e-01 
 9.437371930608533e-08  5.845038353953571e-01 
 9.439371930608533e-08  5.845038353953670e-01 
 9.441371930608532e-08  5.845038353953571e-01 
 9.443371930608532e-08  5.845038353953671e-01 
 9.445371930608531e-08  5.845038353953573e-01 
 9.447371930608531e-08  5.845038353953672e-01 
 9.449371930608531e-08  5.845038353953573e-01 
 9.451371930608530e-08  5.845038353953670e-01 
 9.453371930608530e-08  5.845038353953572e-01 
 9.455371930608530e-08  5.845038353953670e-01 
 9.457371930608529e-08  5.845038353953574e-01 
 9.459371930608529e-08  5.845038353953670e-01 
 9.461371930608528e-08  5.845038353953573e-01 
 9.463371930608528e-08  5.845038353953668e-01 
 9.465371930608528e-08  5.845038353953572e-01 
 9.467371930608527e-08  5.845038353953668e-01 
 9.469371930608527e-08  5.845038353953574e-01 
 9.471371930608527e-08  5.845038353953669e-01 
 9.473371930608526e-08  5.845038353953573e-01 
 9.475371930608526e-08  5.845038353953664e-01 
 9.477371930608525e-08  5.845038353953571e-01 
 9.479371930608525e-08  5.845038353953663e-01 
 9.481371930608525e-08  5.845038353953571e-01 
 9.483371930608524e-08  5.845038353953663e-01 
 9.485371930608524e-08  5.845038353953573e-01 
 9.487371930608523e-08  5.845038353953667e-01 
 9.489371930608523e-08  5.845038353953577e-01 
 9.491371930608523e-08  5.845038353953665e-01 
 9.493371930608522e-08  5.845038353953576e-01 
 9.495371930608522e-08  5.845038353953665e-01 
 9.497371930608522e-08  5.845038353953577e-01 
 9.499371930608521e-08  5.845038353953664e-01 
 9.501371930608521e-08  5.845038353953576e-01 
 9.503371930608520e-08  5.845038353953665e-01 
 9.505371930608520e-08  5.845038353953578e-01 
 9.507371930608520e-08  5.845038353953664e-01 
 9.509371930608519e-08  5.845038353953578e-01 
 9.511371930608519e-08  5.845038353953664e-01 
 9.513371930608519e-08  5.845038353953579e-01 
 9.515371930608518e-08  5.845038353953665e-01 
 9.517371930608518e-08  5.845038353953580e-01 
 9.519371930608517e-08  5.845038353953667e-01 
 9.521371930608517e-08  5.845038353953579e-01 
 9.523371930608517e-08  5.845038353953661e-01 
 9.525371930608516e-08  5.845038353953576e-01 
 9.527371930608516e-08  5.845038353953661e-01 
 9.529371930608516e-08  5.845038353953577e-01 
 9.531371930608515e-08  5.845038353953659e-01 
 9.533371930608515e-08  5.845038353953579e-01 
 9.535371930608514e-08  5.845038353953664e-01 
 9.537371930608514e-08  5.845038353953584e-01 
 9.539371930608514e-08  5.845038353953665e-01 
 9.541371930608513e-08  5.845038353953582e-01 
 9.543371930608513e-08  5.845038353953662e-01 
 9.545371930608512e-08  5.845038353953581e-01 
 9.547371930608512e-08  5.845038353953662e-01 
 9.549371930608512e-08  5.845038353953582e-01 
 9.551371930608511e-08  5.845038353953661e-01 
 9.553371930608511e-08  5.845038353953580e-01 
 9.555371930608511e-08  5.845038353953661e-01 
 9.557371930608510e-08  5.845038353953583e-01 
 9.559371930608510e-08  5.845038353953663e-01 
 9.561371930608509e-08  5.845038353953583e-01 
 9.563371930608509e-08  5.845038353953661e-01 
 9.565371930608509e-08  5.845038353953583e-01 
 9.567371930608508e-08  5.845038353953661e-01 
 9.569371930608508e-08  5.845038353953580e-01 
 9.571371930608508e-08  5.845038353953654e-01 
 9.573371930608507e-08  5.845038353953577e-01 
 9.575371930608507e-08  5.845038353953652e-01 
 9.577371930608506e-08  5.845038353953578e-01 
 9.579371930608506e-08  5.845038353953657e-01 
 9.581371930608506e-08  5.845038353953583e-01 
 9.583371930608505e-08  5.845038353953659e-01 
 9.585371930608505e-08  5.845038353953584e-01 
 9.587371930608505e-08  5.845038353953659e-01 
 9.589371930608504e-08  5.845038353953586e-01 
 9.591371930608504e-08  5.845038353953659e-01 
 9.593371930608503e-08  5.845038353953584e-01 
 9.595371930608503e-08  5.845038353953657e-01 
 9.597371930608503e-08  5.845038353953586e-01 
 9.599371930608502e-08  5.845038353953659e-01 
 9.601371930608502e-08  5.845038353953586e-01 
 9.603371930608501e-08  5.845038353953657e-01 
 9.605371930608501e-08  5.845038353953586e-01 
 9.607371930608501e-08  5.845038353953660e-01 
 9.609371930608500e-08  5.845038353953590e-01 
 9.611371930608500e-08  5.845038353953662e-01 
 9.613371930608500e-08  5.845038353953592e-01 
 9.615371930608499e-08  5.845038353953661e-01 
 9.617371930608499e-08  5.845038353953591e-01 
 9.619371930608498e-08  5.845038353953660e-01 
 9.621371930608498e-08  5.845038353953588e-01 
 9.623371930608498e-08  5.845038353953657e-01 
 9.625371930608497e-08  5.845038353953589e-01 
 9.627371930608497e-08  5.845038353953657e-01 
 9.629371930608497e-08  5.845038353953589e-01 
 9.631371930608496e-08  5.845038353953659e-01 
 9.633371930608496e-08  5.845038353953593e-01 
 9.635371930608495e-08  5.845038353953660e-01 
 9.637371930608495e-08  5.845038353953592e-01 
 9.639371930608495e-08  5.845038353953659e-01 
 9.641371930608494e-08  5.845038353953593e-01 
 9.643371930608494e-08  5.845038353953660e-01 
 9.645371930608494e-08  5.845038353953593e-01 
 9.647371930608493e-08  5.845038353953655e-01 
 9.649371930608493e-08  5.845038353953589e-01 
 9.651371930608492e-08  5.845038353953654e-01 
 9.653371930608492e-08  5.845038353953589e-01 
 9.655371930608492e-08  5.845038353953651e-01 
 9.657371930608491e-08  5.845038353953584e-01 
 9.659371930608491e-08  5.845038353953648e-01 
 9.661371930608490e-08  5.845038353953584e-01 
 9.663371930608490e-08  5.845038353953650e-01 
 9.665371930608490e-08  5.845038353953589e-01 
 9.667371930608489e-08  5.845038353953652e-01 
 9.669371930608489e-08  5.845038353953589e-01 
 9.671371930608489e-08  5.845038353953651e-01 
 9.673371930608488e-08  5.845038353953589e-01 
 9.675371930608488e-08  5.845038353953651e-01 
 9.677371930608487e-08  5.845038353953591e-01 
 9.679371930608487e-08  5.845038353953651e-01 
 9.681371930608487e-08  5.845038353953588e-01 
 9.683371930608486e-08  5.845038353953648e-01 
 9.685371930608486e-08  5.845038353953586e-01 
 9.687371930608486e-08  5.845038353953647e-01 
 9.689371930608485e-08  5.845038353953587e-01 
 9.691371930608485e-08  5.845038353953649e-01 
 9.693371930608484e-08  5.845038353953593e-01 
 9.695371930608484e-08  5.845038353953652e-01 
 9.697371930608484e-08  5.845038353953592e-01 
 9.699371930608483e-08  5.845038353953651e-01 
 9.701371930608483e-08  5.845038353953593e-01 
 9.703371930608483e-08  5.845038353953650e-01 
 9.705371930608482e-08  5.845038353953591e-01 
 9.707371930608482e-08  5.845038353953648e-01 
 9.709371930608481e-08  5.845038353953588e-01 
 9.711371930608481e-08  5.845038353953645e-01 
 9.713371930608481e-08  5.845038353953590e-01 
 9.715371930608480e-08  5.845038353953645e-01 
 9.717371930608480e-08  5.845038353953590e-01 
 9.719371930608480e-08  5.845038353953645e-01 
 9.721371930608479e-08  5.845038353953589e-01 
 9.723371930608479e-08  5.845038353953643e-01 
 9.725371930608478e-08  5.845038353953589e-01 
 9.727371930608478e-08  5.845038353953647e-01 
 9.729371930608478e-08  5.845038353953593e-01 
 9.731371930608477e-08  5.845038353953650e-01 
 9.733371930608477e-08  5.845038353953597e-01 
 9.735371930608476e-08  5.845038353953651e-01 
 9.737371930608476e-08  5.845038353953598e-01 
 9.739371930608476e-08  5.845038353953651e-01 
 9.741371930608475e-08  5.845038353953596e-01 
 9.743371930608475e-08  5.845038353953647e-01 
 9.745371930608475e-08  5.845038353953593e-01 
 9.747371930608474e-08  5.845038353953645e-01 
 9.749371930608474e-08  5.845038353953593e-01 
 9.751371930608473e-08  5.845038353953647e-01 
 9.753371930608473e-08  5.845038353953596e-01 
 9.755371930608473e-08  5.845038353953645e-01 
 9.757371930608472e-08  5.845038353953592e-01 
 9.759371930608472e-08  5.845038353953642e-01 
 9.761371930608472e-08  5.845038353953591e-01 
 9.763371930608471e-08  5.845038353953643e-01 
 9.765371930608471e-08  5.845038353953591e-01 
 9.767371930608470e-08  5.845038353953639e-01 
 9.769371930608470e-08  5.845038353953587e-01 
 9.771371930608470e-08  5.845038353953638e-01 
 9.773371930608469e-08  5.845038353953590e-01 
 9.775371930608469e-08  5.845038353953640e-01 
 9.777371930608469e-08  5.845038353953592e-01 
 9.779371930608468e-08  5.845038353953640e-01 
 9.781371930608468e-08  5.845038353953591e-01 
 9.783371930608467e-08  5.845038353953640e-01 
 9.785371930608467e-08  5.845038353953592e-01 
 9.787371930608467e-08  5.845038353953640e-01 
 9.789371930608466e-08  5.845038353953593e-01 
 9.791371930608466e-08  5.845038353953642e-01 
 9.793371930608465e-08  5.845038353953596e-01 
 9.795371930608465e-08  5.845038353953644e-01 
 9.797371930608465e-08  5.845038353953599e-01 
 9.799371930608464e-08  5.845038353953648e-01 
 9.801371930608464e-08  5.845038353953601e-01 
 9.803371930608464e-08  5.845038353953647e-01 
 9.805371930608463e-08  5.845038353953599e-01 
 9.807371930608463e-08  5.845038353953643e-01 
 9.809371930608462e-08  5.845038353953597e-01 
 9.811371930608462e-08  5.845038353953642e-01 
 9.813371930608462e-08  5.845038353953598e-01 
 9.815371930608461e-08  5.845038353953647e-01 
 9.817371930608461e-08  5.845038353953602e-01 
 9.819371930608461e-08  5.845038353953644e-01 
 9.821371930608460e-08  5.845038353953597e-01 
 9.823371930608460e-08  5.845038353953641e-01 
 9.825371930608459e-08  5.845038353953597e-01 
 9.827371930608459e-08  5.845038353953640e-01 
 9.829371930608459e-08  5.845038353953596e-01 
 9.831371930608458e-08  5.845038353953638e-01 
 9.833371930608458e-08  5.845038353953596e-01 
 9.835371930608458e-08  5.845038353953640e-01 
 9.837371930608457e-08  5.845038353953600e-01 
 9.839371930608457e-08  5.845038353953643e-01 
 9.841371930608456e-08  5.845038353953601e-01 
 9.843371930608456e-08  5.845038353953643e-01 
 9.845371930608456e-08  5.845038353953601e-01 
 9.847371930608455e-08  5.845038353953641e-01 
 9.849371930608455e-08  5.845038353953600e-01 
 9.851371930608454e-08  5.845038353953642e-01 
 9.853371930608454e-08  5.845038353953601e-01 
 9.855371930608454e-08  5.845038353953643e-01 
 9.857371930608453e-08  5.845038353953603e-01 
 9.859371930608453e-08  5.845038353953645e-01 
 9.861371930608453e-08  5.845038353953607e-01 
 9.863371930608452e-08  5.845038353953645e-01 
 9.865371930608452e-08  5.845038353953604e-01 
 9.867371930608451e-08  5.845038353953643e-01 
 9.869371930608451e-08  5.845038353953603e-01 
 9.871371930608451e-08  5.845038353953641e-01 
 9.873371930608450e-08  5.845038353953600e-01 
 9.875371930608450e-08  5.845038353953637e-01 
 9.877371930608450e-08  5.845038353953598e-01 
 9.879371930608449e-08  5.845038353953639e-01 
 9.881371930608449e-08  5.845038353953602e-01 
 9.883371930608448e-08  5.845038353953641e-01 
 9.885371930608448e-08  5.845038353953601e-01 
 9.887371930608448e-08  5.845038353953639e-01 
 9.889371930608447e-08  5.845038353953602e-01 
 9.891371930608447e-08  5.845038353953640e-01 
 9.893371930608447e-08  5.845038353953602e-01 
 9.895371930608446e-08  5.845038353953640e-01 
 9.897371930608446e-08  5.845038353953603e-01 
 9.899371930608445e-08  5.845038353953639e-01 
 9.901371930608445e-08  5.845038353953601e-01 
 9.903371930608445e-08  5.845038353953635e-01 
 9.905371930608444e-08  5.845038353953600e-01 
 9.907371930608444e-08  5.845038353953638e-01 
 9.909371930608443e-08  5.845038353953603e-01 
 9.911371930608443e-08  5.845038353953639e-01 
 9.913371930608443e-08  5.845038353953603e-01 
 9.915371930608442e-08  5.845038353953639e-01 
 9.917371930608442e-08  5.845038353953604e-01 
 9.919371930608442e-08  5.845038353953642e-01 
 9.921371930608441e-08  5.845038353953607e-01 
 9.923371930608441e-08  5.845038353953640e-01 
 9.925371930608440e-08  5.845038353953605e-01 
 9.927371930608440e-08  5.845038353953640e-01 
 9.929371930608440e-08  5.845038353953607e-01 
 9.931371930608439e-08  5.845038353953639e-01 
 9.933371930608439e-08  5.845038353953603e-01 
 9.935371930608439e-08  5.845038353953635e-01 
 9.937371930608438e-08  5.845038353953602e-01 
 9.939371930608438e-08  5.845038353953634e-01 
 9.941371930608437e-08  5.845038353953600e-01 
 9.943371930608437e-08  5.845038353953631e-01 
 9.945371930608437e-08  5.845038353953599e-01 
 9.947371930608436e-08  5.845038353953633e-01 
 9.949371930608436e-08  5.845038353953600e-01 
 9.951371930608436e-08  5.845038353953633e-01 
 9.953371930608435e-08  5.845038353953603e-01 
 9.955371930608435e-08  5.845038353953637e-01 
 9.957371930608434e-08  5.845038353953607e-01 
 9.959371930608434e-08  5.845038353953639e-01 
 9.961371930608434e-08  5.845038353953607e-01 
 9.963371930608433e-08  5.845038353953637e-01 
 9.965371930608433e-08  5.845038353953605e-01 
 9.967371930608432e-08  5.845038353953637e-01 
 9.969371930608432e-08  5.845038353953605e-01 
 9.971371930608432e-08  5.845038353953635e-01 
 9.973371930608431e-08  5.845038353953604e-01 
 9.975371930608431e-08  5.845038353953635e-01 
 9.977371930608431e-08  5.845038353953608e-01 
 9.979371930608430e-08  5.845038353953639e-01 
 9.981371930608430e-08  5.845038353953609e-01 
 9.983371930608429e-08  5.845038353953638e-01 
 9.985371930608429e-08  5.845038353953607e-01 
 9.987371930608429e-08  5.845038353953633e-01 
 9.989371930608428e-08  5.845038353953602e-01 
 9.991371930608428e-08  5.845038353953631e-01 
 9.993371930608428e-08  5.845038353953603e-01 
 9.995371930608427e-08  5.845038353953632e-01 
 9.997371930608427e-08  5.845038353953604e-01 
 9.999371930608426e-08  5.845038353953634e-01 
 1.000137193060843e-07  5.845038353953607e-01 
 1.000337193060843e-07  5.845038353953632e-01 
 1.000537193060843e-07  5.845038353953605e-01 
 1.000737193060842e-07  5.845038353953634e-01 
 1.000937193060842e-07  5.845038353953607e-01 
 1.001137193060842e-07  5.845038353953632e-01 
 1.001337193060842e-07  5.845038353953605e-01 
 1.001537193060842e-07  5.845038353953633e-01 
 1.001737193060842e-07  5.845038353953608e-01 
 1.001937193060842e-07  5.845038353953635e-01 
 1.002137193060842e-07  5.845038353953609e-01 
 1.002337193060842e-07  5.845038353953635e-01 
 1.002537193060842e-07  5.845038353953610e-01 
 1.002737193060842e-07  5.845038353953637e-01 
 1.002937193060842e-07  5.845038353953609e-01 
 1.003137193060842e-07  5.845038353953634e-01 
 1.003337193060842e-07  5.845038353953610e-01 
 1.003537193060842e-07  5.845038353953635e-01 
 1.003737193060842e-07  5.845038353953610e-01 
 1.003937193060842e-07  5.845038353953637e-01 
 1.004137193060842e-07  5.845038353953613e-01 
 1.004337193060842e-07  5.845038353953640e-01 
 1.004537193060842e-07  5.845038353953617e-01 
 1.004737193060842e-07  5.845038353953641e-01 
 1.004937193060842e-07  5.845038353953614e-01 
 1.005137193060842e-07  5.845038353953637e-01 
 1.005337193060842e-07  5.845038353953612e-01 
 1.005537193060842e-07  5.845038353953635e-01 
 1.005737193060842e-07  5.845038353953610e-01 
 1.005937193060842e-07  5.845038353953634e-01 
 1.006137193060841e-07  5.845038353953612e-01 
 1.006337193060841e-07  5.845038353953633e-01 
 1.006537193060841e-07  5.845038353953610e-01 
 1.006737193060841e-07  5.845038353953634e-01 
 1.006937193060841e-07  5.845038353953611e-01 
 1.007137193060841e-07  5.845038353953631e-01 
 1.007337193060841e-07  5.845038353953605e-01 
 1.007537193060841e-07  5.845038353953630e-01 
 1.007737193060841e-07  5.845038353953611e-01 
 1.007937193060841e-07  5.845038353953633e-01 
 1.008137193060841e-07  5.845038353953609e-01 
 1.008337193060841e-07  5.845038353953630e-01 
 1.008537193060841e-07  5.845038353953609e-01 
 1.008737193060841e-07  5.845038353953632e-01 
 1.008937193060841e-07  5.845038353953610e-01 
 1.009137193060841e-07  5.845038353953631e-01 
 1.009337193060841e-07  5.845038353953610e-01 
 1.009537193060841e-07  5.845038353953633e-01 
 1.009737193060841e-07  5.845038353953613e-01 
 1.009937193060841e-07  5.845038353953634e-01 
 1.010137193060841e-07  5.845038353953614e-01 
 1.010337193060841e-07  5.845038353953635e-01 
 1.010537193060841e-07  5.845038353953615e-01 
 1.010737193060841e-07  5.845038353953637e-01 
 1.010937193060841e-07  5.845038353953617e-01 
 1.011137193060841e-07  5.845038353953638e-01 
 1.011337193060840e-07  5.845038353953617e-01 
 1.011537193060840e-07  5.845038353953634e-01 
 1.011737193060840e-07  5.845038353953613e-01 
 1.011937193060840e-07  5.845038353953632e-01 
 1.012137193060840e-07  5.845038353953612e-01 
 1.012337193060840e-07  5.845038353953630e-01 
 1.012537193060840e-07  5.845038353953610e-01 
 1.012737193060840e-07  5.845038353953630e-01 
 1.012937193060840e-07  5.845038353953611e-01 
 1.013137193060840e-07  5.845038353953629e-01 
 1.013337193060840e-07  5.845038353953610e-01 
 1.013537193060840e-07  5.845038353953629e-01 
 1.013737193060840e-07  5.845038353953610e-01 
 1.013937193060840e-07  5.845038353953628e-01 
 1.014137193060840e-07  5.845038353953610e-01 
 1.014337193060840e-07  5.845038353953630e-01 
 1.014537193060840e-07  5.845038353953612e-01 
 1.014737193060840e-07  5.845038353953630e-01 
 1.014937193060840e-07  5.845038353953612e-01 
 1.015137193060840e-07  5.845038353953629e-01 
 1.015337193060840e-07  5.845038353953612e-01 
 1.015537193060840e-07  5.845038353953629e-01 
 1.015737193060840e-07  5.845038353953612e-01 
 1.015937193060840e-07  5.845038353953628e-01 
 1.016137193060840e-07  5.845038353953610e-01 
 1.016337193060840e-07  5.845038353953629e-01 
 1.016537193060839e-07  5.845038353953612e-01 
 1.016737193060839e-07  5.845038353953627e-01 
 1.016937193060839e-07  5.845038353953610e-01 
 1.017137193060839e-07  5.845038353953628e-01 
 1.017337193060839e-07  5.845038353953612e-01 
 1.017537193060839e-07  5.845038353953627e-01 
 1.017737193060839e-07  5.845038353953611e-01 
 1.017937193060839e-07  5.845038353953628e-01 
 1.018137193060839e-07  5.845038353953613e-01 
 1.018337193060839e-07  5.845038353953632e-01 
 1.018537193060839e-07  5.845038353953615e-01 
 1.018737193060839e-07  5.845038353953630e-01 
 1.018937193060839e-07  5.845038353953615e-01 
 1.019137193060839e-07  5.845038353953631e-01 
 1.019337193060839e-07  5.845038353953615e-01 
 1.019537193060839e-07  5.845038353953633e-01 
 1.019737193060839e-07  5.845038353953618e-01 
 1.019937193060839e-07  5.845038353953631e-01 
 1.020137193060839e-07  5.845038353953617e-01 
 1.020337193060839e-07  5.845038353953631e-01 
 1.020537193060839e-07  5.845038353953615e-01 
 1.020737193060839e-07  5.845038353953632e-01 
 1.020937193060839e-07  5.845038353953618e-01 
 1.021137193060839e-07  5.845038353953629e-01 
 1.021337193060839e-07  5.845038353953614e-01 
 1.021537193060839e-07  5.845038353953628e-01 
 1.021737193060839e-07  5.845038353953614e-01 
 1.021937193060838e-07  5.845038353953629e-01 
 1.022137193060838e-07  5.845038353953617e-01 
 1.022337193060838e-07  5.845038353953631e-01 
 1.022537193060838e-07  5.845038353953617e-01 
 1.022737193060838e-07  5.845038353953630e-01 
 1.022937193060838e-07  5.845038353953618e-01 
 1.023137193060838e-07  5.845038353953629e-01 
 1.023337193060838e-07  5.845038353953615e-01 
 1.023537193060838e-07  5.845038353953629e-01 
 1.023737193060838e-07  5.845038353953615e-01 
 1.023937193060838e-07  5.845038353953629e-01 
 1.024137193060838e-07  5.845038353953618e-01 
 1.024337193060838e-07  5.845038353953628e-01 
 1.024537193060838e-07  5.845038353953613e-01 
 1.024737193060838e-07  5.845038353953625e-01 
 1.024937193060838e-07  5.845038353953612e-01 
 1.025137193060838e-07  5.845038353953623e-01 
 1.025337193060838e-07  5.845038353953610e-01 
 1.025537193060838e-07  5.845038353953622e-01 
 1.025737193060838e-07  5.845038353953610e-01 
 1.025937193060838e-07  5.845038353953622e-01 
 1.026137193060838e-07  5.845038353953611e-01 
 1.026337193060838e-07  5.845038353953623e-01 
 1.026537193060838e-07  5.845038353953611e-01 
 1.026737193060838e-07  5.845038353953622e-01 
 1.026937193060838e-07  5.845038353953610e-01 
 1.027137193060837e-07  5.845038353953622e-01 
 1.027337193060837e-07  5.845038353953612e-01 
 1.027537193060837e-07  5.845038353953622e-01 
 1.027737193060837e-07  5.845038353953611e-01 
 1.027937193060837e-07  5.845038353953622e-01 
 1.028137193060837e-07  5.845038353953613e-01 
 1.028337193060837e-07  5.845038353953624e-01 
 1.028537193060837e-07  5.845038353953613e-01 
 1.028737193060837e-07  5.845038353953625e-01 
 1.028937193060837e-07  5.845038353953615e-01 
 1.029137193060837e-07  5.845038353953627e-01 
 1.029337193060837e-07  5.845038353953618e-01 
 1.029537193060837e-07  5.845038353953628e-01 
 1.029737193060837e-07  5.845038353953617e-01 
 1.029937193060837e-07  5.845038353953624e-01 
 1.030137193060837e-07  5.845038353953614e-01 
 1.030337193060837e-07  5.845038353953623e-01 
 1.030537193060837e-07  5.845038353953613e-01 
 1.030737193060837e-07  5.845038353953624e-01 
 1.030937193060837e-07  5.845038353953618e-01 
 1.031137193060837e-07  5.845038353953629e-01 
 1.031337193060837e-07  5.845038353953621e-01 
 1.031537193060837e-07  5.845038353953631e-01 
 1.031737193060837e-07  5.845038353953622e-01 
 1.031937193060837e-07  5.845038353953630e-01 
 1.032137193060837e-07  5.845038353953619e-01 
 1.032337193060837e-07  5.845038353953627e-01 
 1.032537193060836e-07  5.845038353953619e-01 
 1.032737193060836e-07  5.845038353953629e-01 
 1.032937193060836e-07  5.845038353953623e-01 
 1.033137193060836e-07  5.845038353953631e-01 
 1.033337193060836e-07  5.845038353953622e-01 
 1.033537193060836e-07  5.845038353953630e-01 
 1.033737193060836e-07  5.845038353953621e-01 
 1.033937193060836e-07  5.845038353953630e-01 
 1.034137193060836e-07  5.845038353953622e-01 
 1.034337193060836e-07  5.845038353953630e-01 
 1.034537193060836e-07  5.845038353953622e-01 
 1.034737193060836e-07  5.845038353953630e-01 
 1.034937193060836e-07  5.845038353953622e-01 
 1.035137193060836e-07  5.845038353953629e-01 
 1.035337193060836e-07  5.845038353953622e-01 
 1.035537193060836e-07  5.845038353953630e-01 
 1.035737193060836e-07  5.845038353953624e-01 
 1.035937193060836e-07  5.845038353953632e-01 
 1.036137193060836e-07  5.845038353953624e-01 
 1.036337193060836e-07  5.845038353953632e-01 
 1.036537193060836e-07  5.845038353953627e-01 
 1.036737193060836e-07  5.845038353953632e-01 
 1.036937193060836e-07  5.845038353953624e-01 
 1.037137193060836e-07  5.845038353953630e-01 
 1.037337193060836e-07  5.845038353953621e-01 
 1.037537193060836e-07  5.845038353953627e-01 
 1.037737193060835e-07  5.845038353953621e-01 
 1.037937193060835e-07  5.845038353953629e-01 
 1.038137193060835e-07  5.845038353953622e-01 
 1.038337193060835e-07  5.845038353953629e-01 
 1.038537193060835e-07  5.845038353953625e-01 
 1.038737193060835e-07  5.845038353953631e-01 
 1.038937193060835e-07  5.845038353953625e-01 
 1.039137193060835e-07  5.845038353953629e-01 
 1.039337193060835e-07  5.845038353953620e-01 
 1.039537193060835e-07  5.845038353953624e-01 
 1.039737193060835e-07  5.845038353953620e-01 
 1.039937193060835e-07  5.845038353953624e-01 
 1.040137193060835e-07  5.845038353953617e-01 
 1.040337193060835e-07  5.845038353953620e-01 
 1.040537193060835e-07  5.845038353953613e-01 
 1.040737193060835e-07  5.845038353953620e-01 
 1.040937193060835e-07  5.845038353953614e-01 
 1.041137193060835e-07  5.845038353953619e-01 
 1.041337193060835e-07  5.845038353953614e-01 
 1.041537193060835e-07  5.845038353953618e-01 
 1.041737193060835e-07  5.845038353953611e-01 
 1.041937193060835e-07  5.845038353953617e-01 
 1.042137193060835e-07  5.845038353953613e-01 
 1.042337193060835e-07  5.845038353953620e-01 
 1.042537193060835e-07  5.845038353953617e-01 
 1.042737193060835e-07  5.845038353953621e-01 
 1.042937193060834e-07  5.845038353953617e-01 
 1.043137193060834e-07  5.845038353953622e-01 
 1.043337193060834e-07  5.845038353953620e-01 
 1.043537193060834e-07  5.845038353953624e-01 
 1.043737193060834e-07  5.845038353953621e-01 
 1.043937193060834e-07  5.845038353953625e-01 
 1.044137193060834e-07  5.845038353953620e-01 
 1.044337193060834e-07  5.845038353953623e-01 
 1.044537193060834e-07  5.845038353953618e-01 
 1.044737193060834e-07  5.845038353953621e-01 
 1.044937193060834e-07  5.845038353953619e-01 
 1.045137193060834e-07  5.845038353953623e-01 
 1.045337193060834e-07  5.845038353953619e-01 
 1.045537193060834e-07  5.845038353953623e-01 
 1.045737193060834e-07  5.845038353953621e-01 
 1.045937193060834e-07  5.845038353953627e-01 
 1.046137193060834e-07  5.845038353953624e-01 
 1.046337193060834e-07  5.845038353953629e-01 
 1.046537193060834e-07  5.845038353953627e-01 
 1.046737193060834e-07  5.845038353953629e-01 
 1.046937193060834e-07  5.845038353953624e-01 
 1.047137193060834e-07  5.845038353953625e-01 
 1.047337193060834e-07  5.845038353953621e-01 
 1.047537193060834e-07  5.845038353953623e-01 
 1.047737193060834e-07  5.845038353953621e-01 
 1.047937193060834e-07  5.845038353953627e-01 
 1.048137193060834e-07  5.845038353953625e-01 
 1.048337193060833e-07  5.845038353953627e-01 
 1.048537193060833e-07  5.845038353953622e-01 
 1.048737193060833e-07  5.845038353953624e-01 
 1.048937193060833e-07  5.845038353953623e-01 
 1.049137193060833e-07  5.845038353953624e-01 
 1.049337193060833e-07  5.845038353953622e-01 
 1.049537193060833e-07  5.845038353953624e-01 
 1.049737193060833e-07  5.845038353953622e-01 
 1.049937193060833e-07  5.845038353953624e-01 
 1.050137193060833e-07  5.845038353953622e-01 
 1.050337193060833e-07  5.845038353953622e-01 
 1.050537193060833e-07  5.845038353953621e-01 
 1.050737193060833e-07  5.845038353953625e-01 
 1.050937193060833e-07  5.845038353953622e-01 
 1.051137193060833e-07  5.845038353953623e-01 
 1.051337193060833e-07  5.845038353953623e-01 
 1.051537193060833e-07  5.845038353953624e-01 
 1.051737193060833e-07  5.845038353953622e-01 
 1.051937193060833e-07  5.845038353953624e-01 
 1.052137193060833e-07  5.845038353953623e-01 
 1.052337193060833e-07  5.845038353953622e-01 
 1.052537193060833e-07  5.845038353953621e-01 
 1.052737193060833e-07  5.845038353953623e-01 
 1.052937193060833e-07  5.845038353953619e-01 
 1.053137193060833e-07  5.845038353953619e-01 
 1.053337193060833e-07  5.845038353953618e-01 
 1.053537193060832e-07  5.845038353953619e-01 
 1.053737193060832e-07  5.845038353953621e-01 
 1.053937193060832e-07  5.845038353953623e-01 
 1.054137193060832e-07  5.845038353953621e-01 
 1.054337193060832e-07  5.845038353953622e-01 
 1.054537193060832e-07  5.845038353953621e-01 
 1.054737193060832e-07  5.845038353953623e-01 
 1.054937193060832e-07  5.845038353953622e-01 
 1.055137193060832e-07  5.845038353953622e-01 
 1.055337193060832e-07  5.845038353953622e-01 
 1.055537193060832e-07  5.845038353953622e-01 
 1.055737193060832e-07  5.845038353953623e-01 
 1.055937193060832e-07  5.845038353953623e-01 
 1.056137193060832e-07  5.845038353953621e-01 
 1.056337193060832e-07  5.845038353953621e-01 
 1.056537193060832e-07  5.845038353953621e-01 
 1.056737193060832e-07  5.845038353953621e-01 
 1.056937193060832e-07  5.845038353953621e-01 
 1.057137193060832e-07  5.845038353953622e-01 
 1.057337193060832e-07  5.845038353953624e-01 
 1.057537193060832e-07  5.845038353953627e-01 
 1.057737193060832e-07  5.845038353953629e-01 
 1.057937193060832e-07  5.845038353953630e-01 
 1.058137193060832e-07  5.845038353953629e-01 
 1.058337193060832e-07  5.845038353953628e-01 
 1.058537193060832e-07  5.845038353953627e-01 
 1.058737193060831e-07  5.845038353953625e-01 
 1.058937193060831e-07  5.845038353953623e-01 
 1.059137193060831e-07  5.845038353953619e-01 
 1.059337193060831e-07  5.845038353953620e-01 
 1.059537193060831e-07  5.845038353953620e-01 
 1.059737193060831e-07  5.845038353953620e-01 
 1.059937193060831e-07  5.845038353953618e-01 
 1.060137193060831e-07  5.845038353953619e-01 
 1.060337193060831e-07  5.845038353953621e-01 
 1.060537193060831e-07  5.845038353953624e-01 
 1.060737193060831e-07  5.845038353953623e-01 
 1.060937193060831e-07  5.845038353953624e-01 
 1.061137193060831e-07  5.845038353953627e-01 
 1.061337193060831e-07  5.845038353953629e-01 
 1.061537193060831e-07  5.845038353953627e-01 
 1.061737193060831e-07  5.845038353953627e-01 
 1.061937193060831e-07  5.845038353953624e-01 
 1.062137193060831e-07  5.845038353953625e-01 
 1.062337193060831e-07  5.845038353953623e-01 
 1.062537193060831e-07  5.845038353953623e-01 
 1.062737193060831e-07  5.845038353953619e-01 
 1.062937193060831e-07  5.845038353953621e-01 
 1.063137193060831e-07  5.845038353953622e-01 
 1.063337193060831e-07  5.845038353953625e-01 
 1.063537193060831e-07  5.845038353953622e-01 
 1.063737193060831e-07  5.845038353953622e-01 
 1.063937193060831e-07  5.845038353953621e-01 
 1.064137193060830e-07  5.845038353953623e-01 
 1.064337193060830e-07  5.845038353953620e-01 
 1.064537193060830e-07  5.845038353953621e-01 
 1.064737193060830e-07  5.845038353953620e-01 
 1.064937193060830e-07  5.845038353953622e-01 
 1.065137193060830e-07  5.845038353953621e-01 
 1.065337193060830e-07  5.845038353953624e-01 
 1.065537193060830e-07  5.845038353953622e-01 
 1.065737193060830e-07  5.845038353953623e-01 
 1.065937193060830e-07  5.845038353953619e-01 
 1.066137193060830e-07  5.845038353953621e-01 
 1.066337193060830e-07  5.845038353953619e-01 
 1.066537193060830e-07  5.845038353953620e-01 
 1.066737193060830e-07  5.845038353953617e-01 
 1.066937193060830e-07  5.845038353953619e-01 
 1.067137193060830e-07  5.845038353953617e-01 
 1.067337193060830e-07  5.845038353953619e-01 
 1.067537193060830e-07  5.845038353953617e-01 
 1.067737193060830e-07  5.845038353953621e-01 
 1.067937193060830e-07  5.845038353953619e-01 
 1.068137193060830e-07  5.845038353953621e-01 
 1.068337193060830e-07  5.845038353953618e-01 
 1.068537193060830e-07  5.845038353953621e-01 
 1.068737193060830e-07  5.845038353953621e-01 
 1.068937193060830e-07  5.845038353953624e-01 
 1.069137193060830e-07  5.845038353953621e-01 
 1.069337193060829e-07  5.845038353953624e-01 
 1.069537193060829e-07  5.845038353953621e-01 
 1.069737193060829e-07  5.845038353953625e-01 
 1.069937193060829e-07  5.845038353953621e-01 
 1.070137193060829e-07  5.845038353953622e-01 
 1.070337193060829e-07  5.845038353953619e-01 
 1.070537193060829e-07  5.845038353953622e-01 
 1.070737193060829e-07  5.845038353953619e-01 
 1.070937193060829e-07  5.845038353953624e-01 
 1.071137193060829e-07  5.845038353953622e-01 
 1.071337193060829e-07  5.845038353953625e-01 
 1.071537193060829e-07  5.845038353953621e-01 
 1.071737193060829e-07  5.845038353953624e-01 
 1.071937193060829e-07  5.845038353953621e-01 
 1.072137193060829e-07  5.845038353953627e-01 
 1.072337193060829e-07  5.845038353953623e-01 
 1.072537193060829e-07  5.845038353953624e-01 
 1.072737193060829e-07  5.845038353953620e-01 
 1.072937193060829e-07  5.845038353953622e-01 
 1.073137193060829e-07  5.845038353953618e-01 
 1.073337193060829e-07  5.845038353953621e-01 
 1.073537193060829e-07  5.845038353953617e-01 
 1.073737193060829e-07  5.845038353953620e-01 
 1.073937193060829e-07  5.845038353953615e-01 
 1.074137193060829e-07  5.845038353953619e-01 
 1.074337193060829e-07  5.845038353953614e-01 
 1.074537193060829e-07  5.845038353953619e-01 
 1.074737193060828e-07  5.845038353953614e-01 
 1.074937193060828e-07  5.845038353953615e-01 
 1.075137193060828e-07  5.845038353953611e-01 
 1.075337193060828e-07  5.845038353953617e-01 
 1.075537193060828e-07  5.845038353953612e-01 
 1.075737193060828e-07  5.845038353953615e-01 
 1.075937193060828e-07  5.845038353953613e-01 
 1.076137193060828e-07  5.845038353953621e-01 
 1.076337193060828e-07  5.845038353953619e-01 
 1.076537193060828e-07  5.845038353953623e-01 
 1.076737193060828e-07  5.845038353953619e-01 
 1.076937193060828e-07  5.845038353953625e-01 
 1.077137193060828e-07  5.845038353953621e-01 
 1.077337193060828e-07  5.845038353953625e-01 
 1.077537193060828e-07  5.845038353953619e-01 
 1.077737193060828e-07  5.845038353953623e-01 
 1.077937193060828e-07  5.845038353953618e-01 
 1.078137193060828e-07  5.845038353953621e-01 
 1.078337193060828e-07  5.845038353953617e-01 
 1.078537193060828e-07  5.845038353953621e-01 
 1.078737193060828e-07  5.845038353953618e-01 
 1.078937193060828e-07  5.845038353953622e-01 
 1.079137193060828e-07  5.845038353953618e-01 
 1.079337193060828e-07  5.845038353953623e-01 
 1.079537193060828e-07  5.845038353953617e-01 
 1.079737193060828e-07  5.845038353953621e-01 
 1.079937193060827e-07  5.845038353953617e-01 
 1.080137193060827e-07  5.845038353953620e-01 
 1.080337193060827e-07  5.845038353953613e-01 
 1.080537193060827e-07  5.845038353953619e-01 
 1.080737193060827e-07  5.845038353953613e-01 
 1.080937193060827e-07  5.845038353953619e-01 
 1.081137193060827e-07  5.845038353953615e-01 
 1.081337193060827e-07  5.845038353953622e-01 
 1.081537193060827e-07  5.845038353953618e-01 
 1.081737193060827e-07  5.845038353953623e-01 
 1.081937193060827e-07  5.845038353953618e-01 
 1.082137193060827e-07  5.845038353953623e-01 
 1.082337193060827e-07  5.845038353953618e-01 
 1.082537193060827e-07  5.845038353953624e-01 
 1.082737193060827e-07  5.845038353953621e-01 
 1.082937193060827e-07  5.845038353953628e-01 
 1.083137193060827e-07  5.845038353953622e-01 
 1.083337193060827e-07  5.845038353953628e-01 
 1.083537193060827e-07  5.845038353953622e-01 
 1.083737193060827e-07  5.845038353953628e-01 
 1.083937193060827e-07  5.845038353953621e-01 
 1.084137193060827e-07  5.845038353953627e-01 
 1.084337193060827e-07  5.845038353953622e-01 
 1.084537193060827e-07  5.845038353953629e-01 
 1.084737193060827e-07  5.845038353953624e-01 
 1.084937193060827e-07  5.845038353953631e-01 
 1.085137193060826e-07  5.845038353953624e-01 
 1.085337193060826e-07  5.845038353953628e-01 
 1.085537193060826e-07  5.845038353953619e-01 
 1.085737193060826e-07  5.845038353953624e-01 
 1.085937193060826e-07  5.845038353953619e-01 
 1.086137193060826e-07  5.845038353953627e-01 
 1.086337193060826e-07  5.845038353953623e-01 
 1.086537193060826e-07  5.845038353953629e-01 
 1.086737193060826e-07  5.845038353953622e-01 
 1.086937193060826e-07  5.845038353953627e-01 
 1.087137193060826e-07  5.845038353953619e-01 
 1.087337193060826e-07  5.845038353953624e-01 
 1.087537193060826e-07  5.845038353953620e-01 
 1.087737193060826e-07  5.845038353953627e-01 
 1.087937193060826e-07  5.845038353953620e-01 
 1.088137193060826e-07  5.845038353953624e-01 
 1.088337193060826e-07  5.845038353953617e-01 
 1.088537193060826e-07  5.845038353953621e-01 
 1.088737193060826e-07  5.845038353953614e-01 
 1.088937193060826e-07  5.845038353953620e-01 
 1.089137193060826e-07  5.845038353953613e-01 
 1.089337193060826e-07  5.845038353953621e-01 
 1.089537193060826e-07  5.845038353953615e-01 
 1.089737193060826e-07  5.845038353953624e-01 
 1.089937193060826e-07  5.845038353953619e-01 
 1.090137193060826e-07  5.845038353953624e-01 
 1.090337193060826e-07  5.845038353953618e-01 
 1.090537193060825e-07  5.845038353953623e-01 
 1.090737193060825e-07  5.845038353953615e-01 
 1.090937193060825e-07  5.845038353953624e-01 
 1.091137193060825e-07  5.845038353953618e-01 
 1.091337193060825e-07  5.845038353953622e-01 
 1.091537193060825e-07  5.845038353953617e-01 
 1.091737193060825e-07  5.845038353953624e-01 
 1.091937193060825e-07  5.845038353953618e-01 
 1.092137193060825e-07  5.845038353953625e-01 
 1.092337193060825e-07  5.845038353953619e-01 
 1.092537193060825e-07  5.845038353953627e-01 
 1.092737193060825e-07  5.845038353953621e-01 
 1.092937193060825e-07  5.845038353953628e-01 
 1.093137193060825e-07  5.845038353953621e-01 
 1.093337193060825e-07  5.845038353953629e-01 
 1.093537193060825e-07  5.845038353953622e-01 
 1.093737193060825e-07  5.845038353953629e-01 
 1.093937193060825e-07  5.845038353953622e-01 
 1.094137193060825e-07  5.845038353953629e-01 
 1.094337193060825e-07  5.845038353953622e-01 
 1.094537193060825e-07  5.845038353953629e-01 
 1.094737193060825e-07  5.845038353953622e-01 
 1.094937193060825e-07  5.845038353953628e-01 
 1.095137193060825e-07  5.845038353953620e-01 
 1.095337193060825e-07  5.845038353953625e-01 
 1.095537193060825e-07  5.845038353953617e-01 
 1.095737193060824e-07  5.845038353953623e-01 
 1.095937193060824e-07  5.845038353953615e-01 
 1.096137193060824e-07  5.845038353953625e-01 
 1.096337193060824e-07  5.845038353953618e-01 
 1.096537193060824e-07  5.845038353953623e-01 
 1.096737193060824e-07  5.845038353953615e-01 
 1.096937193060824e-07  5.845038353953624e-01 
 1.097137193060824e-07  5.845038353953618e-01 
 1.097337193060824e-07  5.845038353953624e-01 
 1.097537193060824e-07  5.845038353953617e-01 
 1.097737193060824e-07  5.845038353953624e-01 
 1.097937193060824e-07  5.845038353953619e-01 
 1.098137193060824e-07  5.845038353953629e-01 
 1.098337193060824e-07  5.845038353953623e-01 
 1.098537193060824e-07  5.845038353953630e-01 
 1.098737193060824e-07  5.845038353953621e-01 
 1.098937193060824e-07  5.845038353953629e-01 
 1.099137193060824e-07  5.845038353953622e-01 
 1.099337193060824e-07  5.845038353953629e-01 
 1.099537193060824e-07  5.845038353953621e-01 
 1.099737193060824e-07  5.845038353953627e-01 
 1.099937193060824e-07  5.845038353953619e-01 
 1.100137193060824e-07  5.845038353953628e-01 
 1.100337193060824e-07  5.845038353953620e-01 
 1.100537193060824e-07  5.845038353953628e-01 
 1.100737193060824e-07  5.845038353953620e-01 
 1.100937193060823e-07  5.845038353953627e-01 
 1.101137193060823e-07  5.845038353953620e-01 
 1.101337193060823e-07  5.845038353953628e-01 
 1.101537193060823e-07  5.845038353953619e-01 
 1.101737193060823e-07  5.845038353953628e-01 
 1.101937193060823e-07  5.845038353953622e-01 
 1.102137193060823e-07  5.845038353953632e-01 
 1.102337193060823e-07  5.845038353953624e-01 
 1.102537193060823e-07  5.845038353953631e-01 
 1.102737193060823e-07  5.845038353953622e-01 
 1.102937193060823e-07  5.845038353953631e-01 
 1.103137193060823e-07  5.845038353953623e-01 
 1.103337193060823e-07  5.845038353953630e-01 
 1.103537193060823e-07  5.845038353953621e-01 
 1.103737193060823e-07  5.845038353953629e-01 
 1.103937193060823e-07  5.845038353953621e-01 
 1.104137193060823e-07  5.845038353953629e-01 
 1.104337193060823e-07  5.845038353953621e-01 
 1.104537193060823e-07  5.845038353953629e-01 
 1.104737193060823e-07  5.845038353953620e-01 
 1.104937193060823e-07  5.845038353953627e-01 
 1.105137193060823e-07  5.845038353953619e-01 
 1.105337193060823e-07  5.845038353953628e-01 
 1.105537193060823e-07  5.845038353953620e-01 
 1.105737193060823e-07  5.845038353953628e-01 
 1.105937193060823e-07  5.845038353953621e-01 
 1.106137193060823e-07  5.845038353953632e-01 
 1.106337193060822e-07  5.845038353953625e-01 
 1.106537193060822e-07  5.845038353953633e-01 
 1.106737193060822e-07  5.845038353953624e-01 
 1.106937193060822e-07  5.845038353953633e-01 
 1.107137193060822e-07  5.845038353953625e-01 
 1.107337193060822e-07  5.845038353953633e-01 
 1.107537193060822e-07  5.845038353953622e-01 
 1.107737193060822e-07  5.845038353953629e-01 
 1.107937193060822e-07  5.845038353953621e-01 
 1.108137193060822e-07  5.845038353953630e-01 
 1.108337193060822e-07  5.845038353953621e-01 
 1.108537193060822e-07  5.845038353953629e-01 
 1.108737193060822e-07  5.845038353953620e-01 
 1.108937193060822e-07  5.845038353953628e-01 
 1.109137193060822e-07  5.845038353953620e-01 
 1.109337193060822e-07  5.845038353953627e-01 
 1.109537193060822e-07  5.845038353953617e-01 
 1.109737193060822e-07  5.845038353953624e-01 
 1.109937193060822e-07  5.845038353953615e-01 
 1.110137193060822e-07  5.845038353953624e-01 
 1.110337193060822e-07  5.845038353953617e-01 
 1.110537193060822e-07  5.845038353953627e-01 
 1.110737193060822e-07  5.845038353953620e-01 
 1.110937193060822e-07  5.845038353953628e-01 
 1.111137193060822e-07  5.845038353953618e-01 
 1.111337193060822e-07  5.845038353953627e-01 
 1.111537193060821e-07  5.845038353953619e-01 
 1.111737193060821e-07  5.845038353953628e-01 
 1.111937193060821e-07  5.845038353953619e-01 
 1.112137193060821e-07  5.845038353953628e-01 
 1.112337193060821e-07  5.845038353953619e-01 
 1.112537193060821e-07  5.845038353953629e-01 
 1.112737193060821e-07  5.845038353953622e-01 
 1.112937193060821e-07  5.845038353953631e-01 
 1.113137193060821e-07  5.845038353953621e-01 
 1.113337193060821e-07  5.845038353953629e-01 
 1.113537193060821e-07  5.845038353953619e-01 
 1.113737193060821e-07  5.845038353953627e-01 
 1.113937193060821e-07  5.845038353953619e-01 
 1.114137193060821e-07  5.845038353953630e-01 
 1.114337193060821e-07  5.845038353953622e-01 
 1.114537193060821e-07  5.845038353953631e-01 
 1.114737193060821e-07  5.845038353953622e-01 
 1.114937193060821e-07  5.845038353953631e-01 
 1.115137193060821e-07  5.845038353953622e-01 
 1.115337193060821e-07  5.845038353953631e-01 
 1.115537193060821e-07  5.845038353953622e-01 
 1.115737193060821e-07  5.845038353953631e-01 
 1.115937193060821e-07  5.845038353953621e-01 
 1.116137193060821e-07  5.845038353953630e-01 
 1.116337193060821e-07  5.845038353953619e-01 
 1.116537193060821e-07  5.845038353953628e-01 
 1.116737193060821e-07  5.845038353953619e-01 
 1.116937193060820e-07  5.845038353953628e-01 
 1.117137193060820e-07  5.845038353953619e-01 
 1.117337193060820e-07  5.845038353953629e-01 
 1.117537193060820e-07  5.845038353953621e-01 
 1.117737193060820e-07  5.845038353953630e-01 
 1.117937193060820e-07  5.845038353953620e-01 
 1.118137193060820e-07  5.845038353953628e-01 
 1.118337193060820e-07  5.845038353953618e-01 
 1.118537193060820e-07  5.845038353953625e-01 
 1.118737193060820e-07  5.845038353953617e-01 
 1.118937193060820e-07  5.845038353953627e-01 
 1.119137193060820e-07  5.845038353953618e-01 
 1.119337193060820e-07  5.845038353953625e-01 
 1.119537193060820e-07  5.845038353953615e-01 
 1.119737193060820e-07  5.845038353953624e-01 
 1.119937193060820e-07  5.845038353953615e-01 
 1.120137193060820e-07  5.845038353953627e-01 
 1.120337193060820e-07  5.845038353953618e-01 
 1.120537193060820e-07  5.845038353953625e-01 
 1.120737193060820e-07  5.845038353953615e-01 
 1.120937193060820e-07  5.845038353953625e-01 
 1.121137193060820e-07  5.845038353953615e-01 
 1.121337193060820e-07  5.845038353953625e-01 
 1.121537193060820e-07  5.845038353953617e-01 
 1.121737193060820e-07  5.845038353953624e-01 
 1.121937193060820e-07  5.845038353953614e-01 
 1.122137193060819e-07  5.845038353953624e-01 
 1.122337193060819e-07  5.845038353953617e-01 
 1.122537193060819e-07  5.845038353953627e-01 
 1.122737193060819e-07  5.845038353953618e-01 
 1.122937193060819e-07  5.845038353953625e-01 
 1.123137193060819e-07  5.845038353953614e-01 
 1.123337193060819e-07  5.845038353953622e-01 
 1.123537193060819e-07  5.845038353953611e-01 
 1.123737193060819e-07  5.845038353953620e-01 
 1.123937193060819e-07  5.845038353953612e-01 
 1.124137193060819e-07  5.845038353953622e-01 
 1.124337193060819e-07  5.845038353953613e-01 
 1.124537193060819e-07  5.845038353953624e-01 
 1.124737193060819e-07  5.845038353953615e-01 
 1.124937193060819e-07  5.845038353953625e-01 
 1.125137193060819e-07  5.845038353953614e-01 
 1.125337193060819e-07  5.845038353953623e-01 
 1.125537193060819e-07  5.845038353953613e-01 
 1.125737193060819e-07  5.845038353953624e-01 
 1.125937193060819e-07  5.845038353953617e-01 
 1.126137193060819e-07  5.845038353953624e-01 
 1.126337193060819e-07  5.845038353953614e-01 
 1.126537193060819e-07  5.845038353953624e-01 
 1.126737193060819e-07  5.845038353953615e-01 
 1.126937193060819e-07  5.845038353953625e-01 
 1.127137193060819e-07  5.845038353953617e-01 
 1.127337193060818e-07  5.845038353953625e-01 
 1.127537193060818e-07  5.845038353953614e-01 
 1.127737193060818e-07  5.845038353953623e-01 
 1.127937193060818e-07  5.845038353953612e-01 
 1.128137193060818e-07  5.845038353953620e-01 
 1.128337193060818e-07  5.845038353953610e-01 
 1.128537193060818e-07  5.845038353953621e-01 
 1.128737193060818e-07  5.845038353953613e-01 
 1.128937193060818e-07  5.845038353953625e-01 
 1.129137193060818e-07  5.845038353953617e-01 
 1.129337193060818e-07  5.845038353953627e-01 
 1.129537193060818e-07  5.845038353953619e-01 
 1.129737193060818e-07  5.845038353953631e-01 
 1.129937193060818e-07  5.845038353953622e-01 
 1.130137193060818e-07  5.845038353953632e-01 
 1.130337193060818e-07  5.845038353953622e-01 
 1.130537193060818e-07  5.845038353953630e-01 
 1.130737193060818e-07  5.845038353953619e-01 
 1.130937193060818e-07  5.845038353953629e-01 
 1.131137193060818e-07  5.845038353953622e-01 
 1.131337193060818e-07  5.845038353953634e-01 
 1.131537193060818e-07  5.845038353953627e-01 
 1.131737193060818e-07  5.845038353953637e-01 
 1.131937193060818e-07  5.845038353953627e-01 
 1.132137193060818e-07  5.845038353953637e-01 
 1.132337193060818e-07  5.845038353953625e-01 
 1.132537193060818e-07  5.845038353953632e-01 
 1.132737193060817e-07  5.845038353953620e-01 
 1.132937193060817e-07  5.845038353953628e-01 
 1.133137193060817e-07  5.845038353953619e-01 
 1.133337193060817e-07  5.845038353953631e-01 
 1.133537193060817e-07  5.845038353953622e-01 
 1.133737193060817e-07  5.845038353953633e-01 
 1.133937193060817e-07  5.845038353953624e-01 
 1.134137193060817e-07  5.845038353953635e-01 
 1.134337193060817e-07  5.845038353953627e-01 
 1.134537193060817e-07  5.845038353953635e-01 
 1.134737193060817e-07  5.845038353953623e-01 
 1.134937193060817e-07  5.845038353953630e-01 
 1.135137193060817e-07  5.845038353953620e-01 
 1.135337193060817e-07  5.845038353953629e-01 
 1.135537193060817e-07  5.845038353953619e-01 
 1.135737193060817e-07  5.845038353953629e-01 
 1.135937193060817e-07  5.845038353953619e-01 
 1.136137193060817e-07  5.845038353953629e-01 
 1.136337193060817e-07  5.845038353953620e-01 
 1.136537193060817e-07  5.845038353953629e-01 
 1.136737193060817e-07  5.845038353953620e-01 
 1.136937193060817e-07  5.845038353953629e-01 
 1.137137193060817e-07  5.845038353953619e-01 
 1.137337193060817e-07  5.845038353953628e-01 
 1.137537193060817e-07  5.845038353953619e-01 
 1.137737193060817e-07  5.845038353953631e-01 
 1.137937193060816e-07  5.845038353953621e-01 
 1.138137193060816e-07  5.845038353953631e-01 
 1.138337193060816e-07  5.845038353953620e-01 
 1.138537193060816e-07  5.845038353953628e-01 
 1.138737193060816e-07  5.845038353953617e-01 
 1.138937193060816e-07  5.845038353953628e-01 
 1.139137193060816e-07  5.845038353953620e-01 
 1.139337193060816e-07  5.845038353953631e-01 
 1.139537193060816e-07  5.845038353953622e-01 
 1.139737193060816e-07  5.845038353953633e-01 
 1.139937193060816e-07  5.845038353953624e-01 
 1.140137193060816e-07  5.845038353953634e-01 
 1.140337193060816e-07  5.845038353953623e-01 
 1.140537193060816e-07  5.845038353953630e-01 
 1.140737193060816e-07  5.845038353953619e-01 
 1.140937193060816e-07  5.845038353953630e-01 
 1.141137193060816e-07  5.845038353953620e-01 
 1.141337193060816e-07  5.845038353953628e-01 
 1.141537193060816e-07  5.845038353953617e-01 
 1.141737193060816e-07  5.845038353953625e-01 
 1.141937193060816e-07  5.845038353953615e-01 
 1.142137193060816e-07  5.845038353953627e-01 
 1.142337193060816e-07  5.845038353953615e-01 
 1.142537193060816e-07  5.845038353953625e-01 
 1.142737193060816e-07  5.845038353953617e-01 
 1.142937193060816e-07  5.845038353953628e-01 
 1.143137193060815e-07  5.845038353953618e-01 
 1.143337193060815e-07  5.845038353953627e-01 
 1.143537193060815e-07  5.845038353953617e-01 
 1.143737193060815e-07  5.845038353953625e-01 
 1.143937193060815e-07  5.845038353953614e-01 
 1.144137193060815e-07  5.845038353953623e-01 
 1.144337193060815e-07  5.845038353953612e-01 
 1.144537193060815e-07  5.845038353953621e-01 
 1.144737193060815e-07  5.845038353953612e-01 
 1.144937193060815e-07  5.845038353953623e-01 
 1.145137193060815e-07  5.845038353953613e-01 
 1.145337193060815e-07  5.845038353953623e-01 
 1.145537193060815e-07  5.845038353953611e-01 
 1.145737193060815e-07  5.845038353953621e-01 
 1.145937193060815e-07  5.845038353953614e-01 
 1.146137193060815e-07  5.845038353953625e-01 
 1.146337193060815e-07  5.845038353953614e-01 
 1.146537193060815e-07  5.845038353953623e-01 
 1.146737193060815e-07  5.845038353953613e-01 
 1.146937193060815e-07  5.845038353953625e-01 
 1.147137193060815e-07  5.845038353953615e-01 
 1.147337193060815e-07  5.845038353953627e-01 
 1.147537193060815e-07  5.845038353953618e-01 
 1.147737193060815e-07  5.845038353953627e-01 
 1.147937193060815e-07  5.845038353953619e-01 
 1.148137193060815e-07  5.845038353953630e-01 
 1.148337193060815e-07  5.845038353953619e-01 
 1.148537193060814e-07  5.845038353953628e-01 
 1.148737193060814e-07  5.845038353953617e-01 
 1.148937193060814e-07  5.845038353953627e-01 
 1.149137193060814e-07  5.845038353953618e-01 
 1.149337193060814e-07  5.845038353953627e-01 
 1.149537193060814e-07  5.845038353953615e-01 
 1.149737193060814e-07  5.845038353953625e-01 
 1.149937193060814e-07  5.845038353953614e-01 
 1.150137193060814e-07  5.845038353953625e-01 
 1.150337193060814e-07  5.845038353953618e-01 
 1.150537193060814e-07  5.845038353953627e-01 
 1.150737193060814e-07  5.845038353953617e-01 
 1.150937193060814e-07  5.845038353953627e-01 
 1.151137193060814e-07  5.845038353953618e-01 
 1.151337193060814e-07  5.845038353953628e-01 
 1.151537193060814e-07  5.845038353953617e-01 
 1.151737193060814e-07  5.845038353953627e-01 
 1.151937193060814e-07  5.845038353953618e-01 
 1.152137193060814e-07  5.845038353953627e-01 
 1.152337193060814e-07  5.845038353953617e-01 
 1.152537193060814e-07  5.845038353953627e-01 
 1.152737193060814e-07  5.845038353953617e-01 
 1.152937193060814e-07  5.845038353953625e-01 
 1.153137193060814e-07  5.845038353953615e-01 
 1.153337193060814e-07  5.845038353953628e-01 
 1.153537193060814e-07  5.845038353953618e-01 
 1.153737193060813e-07  5.845038353953627e-01 
 1.153937193060813e-07  5.845038353953617e-01 
 1.154137193060813e-07  5.845038353953624e-01 
 1.154337193060813e-07  5.845038353953612e-01 
 1.154537193060813e-07  5.845038353953623e-01 
 1.154737193060813e-07  5.845038353953615e-01 
 1.154937193060813e-07  5.845038353953628e-01 
 1.155137193060813e-07  5.845038353953618e-01 
 1.155337193060813e-07  5.845038353953625e-01 
 1.155537193060813e-07  5.845038353953614e-01 
 1.155737193060813e-07  5.845038353953624e-01 
 1.155937193060813e-07  5.845038353953614e-01 
 1.156137193060813e-07  5.845038353953624e-01 
 1.156337193060813e-07  5.845038353953614e-01 
 1.156537193060813e-07  5.845038353953623e-01 
 1.156737193060813e-07  5.845038353953612e-01 
 1.156937193060813e-07  5.845038353953622e-01 
 1.157137193060813e-07  5.845038353953614e-01 
 1.157337193060813e-07  5.845038353953625e-01 
 1.157537193060813e-07  5.845038353953614e-01 
 1.157737193060813e-07  5.845038353953625e-01 
 1.157937193060813e-07  5.845038353953615e-01 
 1.158137193060813e-07  5.845038353953625e-01 
 1.158337193060813e-07  5.845038353953615e-01 
 1.158537193060813e-07  5.845038353953625e-01 
 1.158737193060813e-07  5.845038353953614e-01 
 1.158937193060813e-07  5.845038353953624e-01 
 1.159137193060812e-07  5.845038353953615e-01 
 1.159337193060812e-07  5.845038353953627e-01 
 1.159537193060812e-07  5.845038353953618e-01 
 1.159737193060812e-07  5.845038353953628e-01 
 1.159937193060812e-07  5.845038353953618e-01 
 1.160137193060812e-07  5.845038353953627e-01 
 1.160337193060812e-07  5.845038353953614e-01 
 1.160537193060812e-07  5.845038353953622e-01 
 1.160737193060812e-07  5.845038353953612e-01 
 1.160937193060812e-07  5.845038353953621e-01 
 1.161137193060812e-07  5.845038353953612e-01 
 1.161337193060812e-07  5.845038353953622e-01 
 1.161537193060812e-07  5.845038353953612e-01 
 1.161737193060812e-07  5.845038353953621e-01 
 1.161937193060812e-07  5.845038353953612e-01 
 1.162137193060812e-07  5.845038353953623e-01 
 1.162337193060812e-07  5.845038353953611e-01 
 1.162537193060812e-07  5.845038353953619e-01 
 1.162737193060812e-07  5.845038353953609e-01 
 1.162937193060812e-07  5.845038353953618e-01 
 1.163137193060812e-07  5.845038353953608e-01 
 1.163337193060812e-07  5.845038353953620e-01 
 1.163537193060812e-07  5.845038353953609e-01 
 1.163737193060812e-07  5.845038353953618e-01 
 1.163937193060812e-07  5.845038353953607e-01 
 1.164137193060812e-07  5.845038353953615e-01 
 1.164337193060811e-07  5.845038353953609e-01 
 1.164537193060811e-07  5.845038353953622e-01 
 1.164737193060811e-07  5.845038353953613e-01 
 1.164937193060811e-07  5.845038353953624e-01 
 1.165137193060811e-07  5.845038353953614e-01 
 1.165337193060811e-07  5.845038353953624e-01 
 1.165537193060811e-07  5.845038353953615e-01 
 1.165737193060811e-07  5.845038353953627e-01 
 1.165937193060811e-07  5.845038353953618e-01 
 1.166137193060811e-07  5.845038353953628e-01 
 1.166337193060811e-07  5.845038353953619e-01 
 1.166537193060811e-07  5.845038353953630e-01 
 1.166737193060811e-07  5.845038353953620e-01 
 1.166937193060811e-07  5.845038353953629e-01 
 1.167137193060811e-07  5.845038353953619e-01 
 1.167337193060811e-07  5.845038353953628e-01 
 1.167537193060811e-07  5.845038353953617e-01 
 1.167737193060811e-07  5.845038353953627e-01 
 1.167937193060811e-07  5.845038353953617e-01 
 1.168137193060811e-07  5.845038353953625e-01 
 1.168337193060811e-07  5.845038353953615e-01 
 1.168537193060811e-07  5.845038353953628e-01 
 1.168737193060811e-07  5.845038353953619e-01 
 1.168937193060811e-07  5.845038353953630e-01 
 1.169137193060811e-07  5.845038353953619e-01 
 1.169337193060811e-07  5.845038353953628e-01 
 1.169537193060810e-07  5.845038353953619e-01 
 1.169737193060810e-07  5.845038353953630e-01 
 1.169937193060810e-07  5.845038353953620e-01 
 1.170137193060810e-07  5.845038353953628e-01 
 1.170337193060810e-07  5.845038353953617e-01 
 1.170537193060810e-07  5.845038353953627e-01 
 1.170737193060810e-07  5.845038353953617e-01 
 1.170937193060810e-07  5.845038353953627e-01 
 1.171137193060810e-07  5.845038353953618e-01 
 1.171337193060810e-07  5.845038353953627e-01 
 1.171537193060810e-07  5.845038353953618e-01 
 1.171737193060810e-07  5.845038353953628e-01 
 1.171937193060810e-07  5.845038353953618e-01 
 1.172137193060810e-07  5.845038353953629e-01 
 1.172337193060810e-07  5.845038353953621e-01 
 1.172537193060810e-07  5.845038353953631e-01 
 1.172737193060810e-07  5.845038353953620e-01 
 1.172937193060810e-07  5.845038353953630e-01 
 1.173137193060810e-07  5.845038353953621e-01 
 1.173337193060810e-07  5.845038353953631e-01 
 1.173537193060810e-07  5.845038353953621e-01 
 1.173737193060810e-07  5.845038353953633e-01 
 1.173937193060810e-07  5.845038353953624e-01 
 1.174137193060810e-07  5.845038353953635e-01 
 1.174337193060810e-07  5.845038353953624e-01 
 1.174537193060810e-07  5.845038353953631e-01 
 1.174737193060810e-07  5.845038353953618e-01 
 1.174937193060809e-07  5.845038353953625e-01 
 1.175137193060809e-07  5.845038353953613e-01 
 1.175337193060809e-07  5.845038353953624e-01 
 1.175537193060809e-07  5.845038353953617e-01 
 1.175737193060809e-07  5.845038353953625e-01 
 1.175937193060809e-07  5.845038353953615e-01 
 1.176137193060809e-07  5.845038353953627e-01 
 1.176337193060809e-07  5.845038353953619e-01 
 1.176537193060809e-07  5.845038353953629e-01 
 1.176737193060809e-07  5.845038353953619e-01 
 1.176937193060809e-07  5.845038353953629e-01 
 1.177137193060809e-07  5.845038353953618e-01 
 1.177337193060809e-07  5.845038353953625e-01 
 1.177537193060809e-07  5.845038353953613e-01 
 1.177737193060809e-07  5.845038353953621e-01 
 1.177937193060809e-07  5.845038353953611e-01 
 1.178137193060809e-07  5.845038353953622e-01 
 1.178337193060809e-07  5.845038353953615e-01 
 1.178537193060809e-07  5.845038353953629e-01 
 1.178737193060809e-07  5.845038353953621e-01 
 1.178937193060809e-07  5.845038353953631e-01 
 1.179137193060809e-07  5.845038353953622e-01 
 1.179337193060809e-07  5.845038353953634e-01 
 1.179537193060809e-07  5.845038353953625e-01 
 1.179737193060809e-07  5.845038353953633e-01 
 1.179937193060809e-07  5.845038353953622e-01 
 1.180137193060808e-07  5.845038353953632e-01 
 1.180337193060808e-07  5.845038353953622e-01 
 1.180537193060808e-07  5.845038353953631e-01 
 1.180737193060808e-07  5.845038353953622e-01 
 1.180937193060808e-07  5.845038353953632e-01 
 1.181137193060808e-07  5.845038353953621e-01 
 1.181337193060808e-07  5.845038353953631e-01 
 1.181537193060808e-07  5.845038353953620e-01 
 1.181737193060808e-07  5.845038353953627e-01 
 1.181937193060808e-07  5.845038353953615e-01 
 1.182137193060808e-07  5.845038353953625e-01 
 1.182337193060808e-07  5.845038353953613e-01 
 1.182537193060808e-07  5.845038353953622e-01 
 1.182737193060808e-07  5.845038353953614e-01 
 1.182937193060808e-07  5.845038353953624e-01 
 1.183137193060808e-07  5.845038353953615e-01 
 1.183337193060808e-07  5.845038353953627e-01 
 1.183537193060808e-07  5.845038353953618e-01 
 1.183737193060808e-07  5.845038353953627e-01 
 1.183937193060808e-07  5.845038353953615e-01 
 1.184137193060808e-07  5.845038353953625e-01 
 1.184337193060808e-07  5.845038353953617e-01 
 1.184537193060808e-07  5.845038353953627e-01 
 1.184737193060808e-07  5.845038353953617e-01 
 1.184937193060808e-07  5.845038353953627e-01 
 1.185137193060808e-07  5.845038353953618e-01 
 1.185337193060807e-07  5.845038353953624e-01 
 1.185537193060807e-07  5.845038353953612e-01 
 1.185737193060807e-07  5.845038353953620e-01 
 1.185937193060807e-07  5.845038353953610e-01 
 1.186137193060807e-07  5.845038353953620e-01 
 1.186337193060807e-07  5.845038353953610e-01 
 1.186537193060807e-07  5.845038353953621e-01 
 1.186737193060807e-07  5.845038353953612e-01 
 1.186937193060807e-07  5.845038353953622e-01 
 1.187137193060807e-07  5.845038353953613e-01 
 1.187337193060807e-07  5.845038353953623e-01 
 1.187537193060807e-07  5.845038353953612e-01 
 1.187737193060807e-07  5.845038353953622e-01 
 1.187937193060807e-07  5.845038353953614e-01 
 1.188137193060807e-07  5.845038353953623e-01 
 1.188337193060807e-07  5.845038353953612e-01 
 1.188537193060807e-07  5.845038353953621e-01 
 1.188737193060807e-07  5.845038353953612e-01 
 1.188937193060807e-07  5.845038353953621e-01 
 1.189137193060807e-07  5.845038353953613e-01 
 1.189337193060807e-07  5.845038353953625e-01 
 1.189537193060807e-07  5.845038353953617e-01 
 1.189737193060807e-07  5.845038353953627e-01 
 1.189937193060807e-07  5.845038353953618e-01 
 1.190137193060807e-07  5.845038353953625e-01 
 1.190337193060807e-07  5.845038353953613e-01 
 1.190537193060807e-07  5.845038353953623e-01 
 1.190737193060806e-07  5.845038353953614e-01 
 1.190937193060806e-07  5.845038353953623e-01 
 1.191137193060806e-07  5.845038353953612e-01 
 1.191337193060806e-07  5.845038353953622e-01 
 1.191537193060806e-07  5.845038353953614e-01 
 1.191737193060806e-07  5.845038353953624e-01 
 1.191937193060806e-07  5.845038353953615e-01 
 1.192137193060806e-07  5.845038353953628e-01 
 1.192337193060806e-07  5.845038353953621e-01 
 1.192537193060806e-07  5.845038353953631e-01 
 1.192737193060806e-07  5.845038353953620e-01 
 1.192937193060806e-07  5.845038353953629e-01 
 1.193137193060806e-07  5.845038353953620e-01 
 1.193337193060806e-07  5.845038353953629e-01 
 1.193537193060806e-07  5.845038353953619e-01 
 1.193737193060806e-07  5.845038353953628e-01 
 1.193937193060806e-07  5.845038353953619e-01 
 1.194137193060806e-07  5.845038353953631e-01 
 1.194337193060806e-07  5.845038353953622e-01 
 1.194537193060806e-07  5.845038353953631e-01 
 1.194737193060806e-07  5.845038353953621e-01 
 1.194937193060806e-07  5.845038353953631e-01 
 1.195137193060806e-07  5.845038353953621e-01 
 1.195337193060806e-07  5.845038353953630e-01 
 1.195537193060806e-07  5.845038353953619e-01 
 1.195737193060806e-07  5.845038353953627e-01 
 1.195937193060806e-07  5.845038353953617e-01 
 1.196137193060806e-07  5.845038353953625e-01 
 1.196337193060806e-07  5.845038353953614e-01 
 1.196537193060806e-07  5.845038353953621e-01 
 1.196737193060805e-07  5.845038353953611e-01 
 1.196937193060805e-07  5.845038353953621e-01 
 1.197137193060805e-07  5.845038353953613e-01 
 1.197337193060805e-07  5.845038353953625e-01 
 1.197537193060805e-07  5.845038353953617e-01 
 1.197737193060805e-07  5.845038353953624e-01 
 1.197937193060805e-07  5.845038353953614e-01 
 1.198137193060805e-07  5.845038353953623e-01 
 1.198337193060805e-07  5.845038353953613e-01 
 1.198537193060805e-07  5.845038353953624e-01 
 1.198737193060805e-07  5.845038353953617e-01 
 1.198937193060805e-07  5.845038353953625e-01 
 1.199137193060805e-07  5.845038353953614e-01 
 1.199337193060805e-07  5.845038353953623e-01 
 1.199537193060805e-07  5.845038353953612e-01 
 1.199737193060805e-07  5.845038353953620e-01 
 1.199937193060805e-07  5.845038353953610e-01 
 1.200137193060805e-07  5.845038353953620e-01 
 1.200337193060805e-07  5.845038353953609e-01 
 1.200537193060805e-07  5.845038353953615e-01 
 1.200737193060805e-07  5.845038353953609e-01 
 1.200937193060805e-07  5.845038353953621e-01 
 1.201137193060805e-07  5.845038353953613e-01 
 1.201337193060805e-07  5.845038353953623e-01 
 1.201537193060805e-07  5.845038353953613e-01 
 1.201737193060805e-07  5.845038353953623e-01 
 1.201937193060804e-07  5.845038353953615e-01 
 1.202137193060804e-07  5.845038353953628e-01 
 1.202337193060804e-07  5.845038353953621e-01 
 1.202537193060804e-07  5.845038353953633e-01 
 1.202737193060804e-07  5.845038353953623e-01 
 1.202937193060804e-07  5.845038353953630e-01 
 1.203137193060804e-07  5.845038353953620e-01 
 1.203337193060804e-07  5.845038353953628e-01 
 1.203537193060804e-07  5.845038353953618e-01 
 1.203737193060804e-07  5.845038353953627e-01 
 1.203937193060804e-07  5.845038353953619e-01 
 1.204137193060804e-07  5.845038353953629e-01 
 1.204337193060804e-07  5.845038353953620e-01 
 1.204537193060804e-07  5.845038353953630e-01 
 1.204737193060804e-07  5.845038353953622e-01 
 1.204937193060804e-07  5.845038353953630e-01 
 1.205137193060804e-07  5.845038353953619e-01 
 1.205337193060804e-07  5.845038353953627e-01 
 1.205537193060804e-07  5.845038353953618e-01 
 1.205737193060804e-07  5.845038353953627e-01 
 1.205937193060804e-07  5.845038353953618e-01 
 1.206137193060804e-07  5.845038353953627e-01 
 1.206337193060804e-07  5.845038353953619e-01 
 1.206537193060804e-07  5.845038353953629e-01 
 1.206737193060804e-07  5.845038353953621e-01 
 1.206937193060804e-07  5.845038353953631e-01 
 1.207137193060803e-07  5.845038353953621e-01 
 1.207337193060803e-07  5.845038353953631e-01 
 1.207537193060803e-07  5.845038353953621e-01 
 1.207737193060803e-07  5.845038353953629e-01 
 1.207937193060803e-07  5.845038353953620e-01 
 1.208137193060803e-07  5.845038353953628e-01 
 1.208337193060803e-07  5.845038353953618e-01 
 1.208537193060803e-07  5.845038353953627e-01 
 1.208737193060803e-07  5.845038353953618e-01 
 1.208937193060803e-07  5.845038353953625e-01 
 1.209137193060803e-07  5.845038353953614e-01 
 1.209337193060803e-07  5.845038353953622e-01 
 1.209537193060803e-07  5.845038353953614e-01 
 1.209737193060803e-07  5.845038353953623e-01 
 1.209937193060803e-07  5.845038353953612e-01 
 1.210137193060803e-07  5.845038353953620e-01 
 1.210337193060803e-07  5.845038353953611e-01 
 1.210537193060803e-07  5.845038353953621e-01 
 1.210737193060803e-07  5.845038353953613e-01 
 1.210937193060803e-07  5.845038353953623e-01 
 1.211137193060803e-07  5.845038353953613e-01 
 1.211337193060803e-07  5.845038353953621e-01 
 1.211537193060803e-07  5.845038353953613e-01 
 1.211737193060803e-07  5.845038353953624e-01 
 1.211937193060803e-07  5.845038353953615e-01 
 1.212137193060803e-07  5.845038353953625e-01 
 1.212337193060803e-07  5.845038353953615e-01 
 1.212537193060802e-07  5.845038353953622e-01 
 1.212737193060802e-07  5.845038353953614e-01 
 1.212937193060802e-07  5.845038353953627e-01 
 1.213137193060802e-07  5.845038353953620e-01 
 1.213337193060802e-07  5.845038353953628e-01 
 1.213537193060802e-07  5.845038353953615e-01 
 1.213737193060802e-07  5.845038353953623e-01 
 1.213937193060802e-07  5.845038353953613e-01 
 1.214137193060802e-07  5.845038353953622e-01 
 1.214337193060802e-07  5.845038353953614e-01 
 1.214537193060802e-07  5.845038353953624e-01 
 1.214737193060802e-07  5.845038353953615e-01 
 1.214937193060802e-07  5.845038353953624e-01 
 1.215137193060802e-07  5.845038353953617e-01 
 1.215337193060802e-07  5.845038353953625e-01 
 1.215537193060802e-07  5.845038353953615e-01 
 1.215737193060802e-07  5.845038353953627e-01 
 1.215937193060802e-07  5.845038353953620e-01 
 1.216137193060802e-07  5.845038353953629e-01 
 1.216337193060802e-07  5.845038353953620e-01 
 1.216537193060802e-07  5.845038353953627e-01 
 1.216737193060802e-07  5.845038353953618e-01 
 1.216937193060802e-07  5.845038353953625e-01 
 1.217137193060802e-07  5.845038353953614e-01 
 1.217337193060802e-07  5.845038353953620e-01 
 1.217537193060802e-07  5.845038353953611e-01 
 1.217737193060801e-07  5.845038353953622e-01 
 1.217937193060801e-07  5.845038353953615e-01 
 1.218137193060801e-07  5.845038353953627e-01 
 1.218337193060801e-07  5.845038353953619e-01 
 1.218537193060801e-07  5.845038353953628e-01 
 1.218737193060801e-07  5.845038353953619e-01 
 1.218937193060801e-07  5.845038353953630e-01 
 1.219137193060801e-07  5.845038353953623e-01 
 1.219337193060801e-07  5.845038353953631e-01 
 1.219537193060801e-07  5.845038353953622e-01 
 1.219737193060801e-07  5.845038353953633e-01 
 1.219937193060801e-07  5.845038353953625e-01 
 1.220137193060801e-07  5.845038353953632e-01 
 1.220337193060801e-07  5.845038353953622e-01 
 1.220537193060801e-07  5.845038353953629e-01 
 1.220737193060801e-07  5.845038353953620e-01 
 1.220937193060801e-07  5.845038353953628e-01 
 1.221137193060801e-07  5.845038353953619e-01 
 1.221337193060801e-07  5.845038353953630e-01 
 1.221537193060801e-07  5.845038353953621e-01 
 1.221737193060801e-07  5.845038353953628e-01 
 1.221937193060801e-07  5.845038353953620e-01 
 1.222137193060801e-07  5.845038353953629e-01 
 1.222337193060801e-07  5.845038353953620e-01 
 1.222537193060801e-07  5.845038353953627e-01 
 1.222737193060801e-07  5.845038353953618e-01 
 1.222937193060801e-07  5.845038353953625e-01 
 1.223137193060800e-07  5.845038353953615e-01 
 1.223337193060800e-07  5.845038353953624e-01 
 1.223537193060800e-07  5.845038353953617e-01 
 1.223737193060800e-07  5.845038353953627e-01 
 1.223937193060800e-07  5.845038353953620e-01 
 1.224137193060800e-07  5.845038353953628e-01 
 1.224337193060800e-07  5.845038353953618e-01 
 1.224537193060800e-07  5.845038353953625e-01 
 1.224737193060800e-07  5.845038353953615e-01 
 1.224937193060800e-07  5.845038353953623e-01 
 1.225137193060800e-07  5.845038353953613e-01 
 1.225337193060800e-07  5.845038353953622e-01 
 1.225537193060800e-07  5.845038353953614e-01 
 1.225737193060800e-07  5.845038353953623e-01 
 1.225937193060800e-07  5.845038353953613e-01 
 1.226137193060800e-07  5.845038353953622e-01 
 1.226337193060800e-07  5.845038353953615e-01 
 1.226537193060800e-07  5.845038353953625e-01 
 1.226737193060800e-07  5.845038353953617e-01 
 1.226937193060800e-07  5.845038353953625e-01 
 1.227137193060800e-07  5.845038353953617e-01 
 1.227337193060800e-07  5.845038353953623e-01 
 1.227537193060800e-07  5.845038353953613e-01 
 1.227737193060800e-07  5.845038353953622e-01 
 1.227937193060800e-07  5.845038353953614e-01 
 1.228137193060800e-07  5.845038353953623e-01 
 1.228337193060799e-07  5.845038353953613e-01 
 1.228537193060799e-07  5.845038353953622e-01 
 1.228737193060799e-07  5.845038353953615e-01 
 1.228937193060799e-07  5.845038353953627e-01 
 1.229137193060799e-07  5.845038353953620e-01 
 1.229337193060799e-07  5.845038353953628e-01 
 1.229537193060799e-07  5.845038353953621e-01 
 1.229737193060799e-07  5.845038353953632e-01 
 1.229937193060799e-07  5.845038353953623e-01 
 1.230137193060799e-07  5.845038353953630e-01 
 1.230337193060799e-07  5.845038353953621e-01 
 1.230537193060799e-07  5.845038353953630e-01 
 1.230737193060799e-07  5.845038353953622e-01 
 1.230937193060799e-07  5.845038353953629e-01 
 1.231137193060799e-07  5.845038353953618e-01 
 1.231337193060799e-07  5.845038353953624e-01 
 1.231537193060799e-07  5.845038353953618e-01 
 1.231737193060799e-07  5.845038353953627e-01 
 1.231937193060799e-07  5.845038353953620e-01 
 1.232137193060799e-07  5.845038353953627e-01 
 1.232337193060799e-07  5.845038353953618e-01 
 1.232537193060799e-07  5.845038353953627e-01 
 1.232737193060799e-07  5.845038353953620e-01 
 1.232937193060799e-07  5.845038353953628e-01 
 1.233137193060799e-07  5.845038353953619e-01 
 1.233337193060799e-07  5.845038353953627e-01 
 1.233537193060798e-07  5.845038353953619e-01 
 1.233737193060798e-07  5.845038353953628e-01 
 1.233937193060798e-07  5.845038353953619e-01 
 1.234137193060798e-07  5.845038353953627e-01 
 1.234337193060798e-07  5.845038353953619e-01 
 1.234537193060798e-07  5.845038353953628e-01 
 1.234737193060798e-07  5.845038353953620e-01 
 1.234937193060798e-07  5.845038353953627e-01 
 1.235137193060798e-07  5.845038353953617e-01 
 1.235337193060798e-07  5.845038353953622e-01 
 1.235537193060798e-07  5.845038353953614e-01 
 1.235737193060798e-07  5.845038353953624e-01 
 1.235937193060798e-07  5.845038353953617e-01 
 1.236137193060798e-07  5.845038353953623e-01 
 1.236337193060798e-07  5.845038353953613e-01 
 1.236537193060798e-07  5.845038353953623e-01 
 1.236737193060798e-07  5.845038353953615e-01 
 1.236937193060798e-07  5.845038353953624e-01 
 1.237137193060798e-07  5.845038353953617e-01 
 1.237337193060798e-07  5.845038353953623e-01 
 1.237537193060798e-07  5.845038353953613e-01 
 1.237737193060798e-07  5.845038353953621e-01 
 1.237937193060798e-07  5.845038353953613e-01 
 1.238137193060798e-07  5.845038353953623e-01 
 1.238337193060798e-07  5.845038353953615e-01 
 1.238537193060798e-07  5.845038353953624e-01 
 1.238737193060798e-07  5.845038353953615e-01 
 1.238937193060797e-07  5.845038353953623e-01 
 1.239137193060797e-07  5.845038353953615e-01 
 1.239337193060797e-07  5.845038353953624e-01 
 1.239537193060797e-07  5.845038353953617e-01 
 1.239737193060797e-07  5.845038353953624e-01 
 1.239937193060797e-07  5.845038353953617e-01 
 1.240137193060797e-07  5.845038353953624e-01 
 1.240337193060797e-07  5.845038353953617e-01 
 1.240537193060797e-07  5.845038353953627e-01 
 1.240737193060797e-07  5.845038353953620e-01 
 1.240937193060797e-07  5.845038353953627e-01 
 1.241137193060797e-07  5.845038353953619e-01 
 1.241337193060797e-07  5.845038353953627e-01 
 1.241537193060797e-07  5.845038353953619e-01 
 1.241737193060797e-07  5.845038353953627e-01 
 1.241937193060797e-07  5.845038353953620e-01 
 1.242137193060797e-07  5.845038353953628e-01 
 1.242337193060797e-07  5.845038353953618e-01 
 1.242537193060797e-07  5.845038353953625e-01 
 1.242737193060797e-07  5.845038353953618e-01 
 1.242937193060797e-07  5.845038353953623e-01 
 1.243137193060797e-07  5.845038353953613e-01 
 1.243337193060797e-07  5.845038353953622e-01 
 1.243537193060797e-07  5.845038353953614e-01 
 1.243737193060797e-07  5.845038353953621e-01 
 1.243937193060797e-07  5.845038353953613e-01 
 1.244137193060796e-07  5.845038353953621e-01 
 1.244337193060796e-07  5.845038353953614e-01 
 1.244537193060796e-07  5.845038353953621e-01 
 1.244737193060796e-07  5.845038353953615e-01 
 1.244937193060796e-07  5.845038353953627e-01 
 1.245137193060796e-07  5.845038353953619e-01 
 1.245337193060796e-07  5.845038353953628e-01 
 1.245537193060796e-07  5.845038353953620e-01 
 1.245737193060796e-07  5.845038353953625e-01 
 1.245937193060796e-07  5.845038353953617e-01 
 1.246137193060796e-07  5.845038353953625e-01 
 1.246337193060796e-07  5.845038353953617e-01 
 1.246537193060796e-07  5.845038353953622e-01 
 1.246737193060796e-07  5.845038353953614e-01 
 1.246937193060796e-07  5.845038353953623e-01 
 1.247137193060796e-07  5.845038353953615e-01 
 1.247337193060796e-07  5.845038353953624e-01 
 1.247537193060796e-07  5.845038353953618e-01 
 1.247737193060796e-07  5.845038353953627e-01 
 1.247937193060796e-07  5.845038353953619e-01 
 1.248137193060796e-07  5.845038353953627e-01 
 1.248337193060796e-07  5.845038353953620e-01 
 1.248537193060796e-07  5.845038353953627e-01 
 1.248737193060796e-07  5.845038353953620e-01 
 1.248937193060796e-07  5.845038353953627e-01 
 1.249137193060796e-07  5.845038353953620e-01 
 1.249337193060795e-07  5.845038353953628e-01 
 1.249537193060795e-07  5.845038353953619e-01 
 1.249737193060795e-07  5.845038353953628e-01 
 1.249937193060795e-07  5.845038353953620e-01 
 1.250137193060795e-07  5.845038353953625e-01 
 1.250337193060795e-07  5.845038353953617e-01 
 1.250537193060795e-07  5.845038353953624e-01 
 1.250737193060795e-07  5.845038353953618e-01 
 1.250937193060795e-07  5.845038353953624e-01 
 1.251137193060795e-07  5.845038353953617e-01 
 1.251337193060795e-07  5.845038353953624e-01 
 1.251537193060795e-07  5.845038353953617e-01 
 1.251737193060795e-07  5.845038353953623e-01 
 1.251937193060795e-07  5.845038353953614e-01 
 1.252137193060795e-07  5.845038353953620e-01 
 1.252337193060795e-07  5.845038353953611e-01 
 1.252537193060795e-07  5.845038353953619e-01 
 1.252737193060795e-07  5.845038353953612e-01 
 1.252937193060795e-07  5.845038353953620e-01 
 1.253137193060795e-07  5.845038353953611e-01 
 1.253337193060795e-07  5.845038353953619e-01 
 1.253537193060795e-07  5.845038353953613e-01 
 1.253737193060795e-07  5.845038353953623e-01 
 1.253937193060795e-07  5.845038353953615e-01 
 1.254137193060795e-07  5.845038353953623e-01 
 1.254337193060795e-07  5.845038353953615e-01 
 1.254537193060795e-07  5.845038353953624e-01 
 1.254737193060794e-07  5.845038353953618e-01 
 1.254937193060794e-07  5.845038353953623e-01 
 1.255137193060794e-07  5.845038353953615e-01 
 1.255337193060794e-07  5.845038353953624e-01 
 1.255537193060794e-07  5.845038353953617e-01 
 1.255737193060794e-07  5.845038353953624e-01 
 1.255937193060794e-07  5.845038353953618e-01 
 1.256137193060794e-07  5.845038353953625e-01 
 1.256337193060794e-07  5.845038353953618e-01 
 1.256537193060794e-07  5.845038353953624e-01 
 1.256737193060794e-07  5.845038353953618e-01 
 1.256937193060794e-07  5.845038353953624e-01 
 1.257137193060794e-07  5.845038353953618e-01 
 1.257337193060794e-07  5.845038353953625e-01 
 1.257537193060794e-07  5.845038353953617e-01 
 1.257737193060794e-07  5.845038353953621e-01 
 1.257937193060794e-07  5.845038353953614e-01 
 1.258137193060794e-07  5.845038353953624e-01 
 1.258337193060794e-07  5.845038353953618e-01 
 1.258537193060794e-07  5.845038353953623e-01 
 1.258737193060794e-07  5.845038353953614e-01 
 1.258937193060794e-07  5.845038353953621e-01 
 1.259137193060794e-07  5.845038353953614e-01 
 1.259337193060794e-07  5.845038353953621e-01 
 1.259537193060794e-07  5.845038353953615e-01 
 1.259737193060794e-07  5.845038353953624e-01 
 1.259937193060793e-07  5.845038353953618e-01 
 1.260137193060793e-07  5.845038353953625e-01 
 1.260337193060793e-07  5.845038353953618e-01 
 1.260537193060793e-07  5.845038353953623e-01 
 1.260737193060793e-07  5.845038353953614e-01 
 1.260937193060793e-07  5.845038353953620e-01 
 1.261137193060793e-07  5.845038353953612e-01 
 1.261337193060793e-07  5.845038353953620e-01 
 1.261537193060793e-07  5.845038353953612e-01 
 1.261737193060793e-07  5.845038353953619e-01 
 1.261937193060793e-07  5.845038353953613e-01 
 1.262137193060793e-07  5.845038353953622e-01 
 1.262337193060793e-07  5.845038353953615e-01 
 1.262537193060793e-07  5.845038353953624e-01 
 1.262737193060793e-07  5.845038353953618e-01 
 1.262937193060793e-07  5.845038353953623e-01 
 1.263137193060793e-07  5.845038353953615e-01 
 1.263337193060793e-07  5.845038353953623e-01 
 1.263537193060793e-07  5.845038353953614e-01 
 1.263737193060793e-07  5.845038353953621e-01 
 1.263937193060793e-07  5.845038353953615e-01 
 1.264137193060793e-07  5.845038353953623e-01 
 1.264337193060793e-07  5.845038353953615e-01 
 1.264537193060793e-07  5.845038353953623e-01 
 1.264737193060793e-07  5.845038353953615e-01 
 1.264937193060793e-07  5.845038353953624e-01 
 1.265137193060793e-07  5.845038353953619e-01 
 1.265337193060792e-07  5.845038353953627e-01 
 1.265537193060792e-07  5.845038353953619e-01 
 1.265737193060792e-07  5.845038353953625e-01 
 1.265937193060792e-07  5.845038353953617e-01 
 1.266137193060792e-07  5.845038353953623e-01 
 1.266337193060792e-07  5.845038353953615e-01 
 1.266537193060792e-07  5.845038353953622e-01 
 1.266737193060792e-07  5.845038353953617e-01 
 1.266937193060792e-07  5.845038353953624e-01 
 1.267137193060792e-07  5.845038353953617e-01 
 1.267337193060792e-07  5.845038353953622e-01 
 1.267537193060792e-07  5.845038353953613e-01 
 1.267737193060792e-07  5.845038353953620e-01 
 1.267937193060792e-07  5.845038353953612e-01 
 1.268137193060792e-07  5.845038353953619e-01 
 1.268337193060792e-07  5.845038353953614e-01 
 1.268537193060792e-07  5.845038353953622e-01 
 1.268737193060792e-07  5.845038353953617e-01 
 1.268937193060792e-07  5.845038353953624e-01 
 1.269137193060792e-07  5.845038353953617e-01 
 1.269337193060792e-07  5.845038353953623e-01 
 1.269537193060792e-07  5.845038353953615e-01 
 1.269737193060792e-07  5.845038353953622e-01 
 1.269937193060792e-07  5.845038353953615e-01 
 1.270137193060792e-07  5.845038353953624e-01 
 1.270337193060792e-07  5.845038353953618e-01 
 1.270537193060791e-07  5.845038353953623e-01 
 1.270737193060791e-07  5.845038353953615e-01 
 1.270937193060791e-07  5.845038353953624e-01 
 1.271137193060791e-07  5.845038353953619e-01 
 1.271337193060791e-07  5.845038353953625e-01 
 1.271537193060791e-07  5.845038353953617e-01 
 1.271737193060791e-07  5.845038353953621e-01 
 1.271937193060791e-07  5.845038353953614e-01 
 1.272137193060791e-07  5.845038353953622e-01 
 1.272337193060791e-07  5.845038353953618e-01 
 1.272537193060791e-07  5.845038353953627e-01 
 1.272737193060791e-07  5.845038353953620e-01 
 1.272937193060791e-07  5.845038353953627e-01 
 1.273137193060791e-07  5.845038353953620e-01 
 1.273337193060791e-07  5.845038353953625e-01 
 1.273537193060791e-07  5.845038353953617e-01 
 1.273737193060791e-07  5.845038353953621e-01 
 1.273937193060791e-07  5.845038353953613e-01 
 1.274137193060791e-07  5.845038353953621e-01 
 1.274337193060791e-07  5.845038353953615e-01 
 1.274537193060791e-07  5.845038353953621e-01 
 1.274737193060791e-07  5.845038353953615e-01 
 1.274937193060791e-07  5.845038353953624e-01 
 1.275137193060791e-07  5.845038353953618e-01 
 1.275337193060791e-07  5.845038353953623e-01 
 1.275537193060791e-07  5.845038353953615e-01 
 1.275737193060790e-07  5.845038353953623e-01 
 1.275937193060790e-07  5.845038353953617e-01 
 1.276137193060790e-07  5.845038353953623e-01 
 1.276337193060790e-07  5.845038353953615e-01 
 1.276537193060790e-07  5.845038353953623e-01 
 1.276737193060790e-07  5.845038353953617e-01 
 1.276937193060790e-07  5.845038353953623e-01 
 1.277137193060790e-07  5.845038353953615e-01 
 1.277337193060790e-07  5.845038353953623e-01 
 1.277537193060790e-07  5.845038353953617e-01 
 1.277737193060790e-07  5.845038353953622e-01 
 1.277937193060790e-07  5.845038353953614e-01 
 1.278137193060790e-07  5.845038353953621e-01 
 1.278337193060790e-07  5.845038353953615e-01 
 1.278537193060790e-07  5.845038353953622e-01 
 1.278737193060790e-07  5.845038353953615e-01 
 1.278937193060790e-07  5.845038353953623e-01 
 1.279137193060790e-07  5.845038353953615e-01 
 1.279337193060790e-07  5.845038353953624e-01 
 1.279537193060790e-07  5.845038353953620e-01 
 1.279737193060790e-07  5.845038353953625e-01 
 1.279937193060790e-07  5.845038353953619e-01 
 1.280137193060790e-07  5.845038353953628e-01 
 1.280337193060790e-07  5.845038353953622e-01 
 1.280537193060790e-07  5.845038353953629e-01 
 1.280737193060790e-07  5.845038353953623e-01 
 1.280937193060790e-07  5.845038353953630e-01 
 1.281137193060789e-07  5.845038353953625e-01 
 1.281337193060789e-07  5.845038353953631e-01 
 1.281537193060789e-07  5.845038353953621e-01 
 1.281737193060789e-07  5.845038353953627e-01 
 1.281937193060789e-07  5.845038353953621e-01 
 1.282137193060789e-07  5.845038353953629e-01 
 1.282337193060789e-07  5.845038353953623e-01 
 1.282537193060789e-07  5.845038353953627e-01 
 1.282737193060789e-07  5.845038353953619e-01 
 1.282937193060789e-07  5.845038353953625e-01 
 1.283137193060789e-07  5.845038353953618e-01 
 1.283337193060789e-07  5.845038353953624e-01 
 1.283537193060789e-07  5.845038353953620e-01 
 1.283737193060789e-07  5.845038353953625e-01 
 1.283937193060789e-07  5.845038353953618e-01 
 1.284137193060789e-07  5.845038353953622e-01 
 1.284337193060789e-07  5.845038353953614e-01 
 1.284537193060789e-07  5.845038353953621e-01 
 1.284737193060789e-07  5.845038353953615e-01 
 1.284937193060789e-07  5.845038353953622e-01 
 1.285137193060789e-07  5.845038353953615e-01 
 1.285337193060789e-07  5.845038353953623e-01 
 1.285537193060789e-07  5.845038353953615e-01 
 1.285737193060789e-07  5.845038353953621e-01 
 1.285937193060789e-07  5.845038353953615e-01 
 1.286137193060789e-07  5.845038353953622e-01 
 1.286337193060788e-07  5.845038353953615e-01 
 1.286537193060788e-07  5.845038353953623e-01 
 1.286737193060788e-07  5.845038353953617e-01 
 1.286937193060788e-07  5.845038353953623e-01 
 1.287137193060788e-07  5.845038353953618e-01 
 1.287337193060788e-07  5.845038353953624e-01 
 1.287537193060788e-07  5.845038353953618e-01 
 1.287737193060788e-07  5.845038353953622e-01 
 1.287937193060788e-07  5.845038353953617e-01 
 1.288137193060788e-07  5.845038353953623e-01 
 1.288337193060788e-07  5.845038353953614e-01 
 1.288537193060788e-07  5.845038353953619e-01 
 1.288737193060788e-07  5.845038353953613e-01 
 1.288937193060788e-07  5.845038353953621e-01 
 1.289137193060788e-07  5.845038353953615e-01 
 1.289337193060788e-07  5.845038353953622e-01 
 1.289537193060788e-07  5.845038353953617e-01 
 1.289737193060788e-07  5.845038353953623e-01 
 1.289937193060788e-07  5.845038353953617e-01 
 1.290137193060788e-07  5.845038353953623e-01 
 1.290337193060788e-07  5.845038353953614e-01 
 1.290537193060788e-07  5.845038353953619e-01 
 1.290737193060788e-07  5.845038353953614e-01 
 1.290937193060788e-07  5.845038353953622e-01 
 1.291137193060788e-07  5.845038353953618e-01 
 1.291337193060788e-07  5.845038353953624e-01 
 1.291537193060787e-07  5.845038353953619e-01 
 1.291737193060787e-07  5.845038353953625e-01 
 1.291937193060787e-07  5.845038353953619e-01 
 1.292137193060787e-07  5.845038353953624e-01 
 1.292337193060787e-07  5.845038353953618e-01 
 1.292537193060787e-07  5.845038353953622e-01 
 1.292737193060787e-07  5.845038353953615e-01 
 1.292937193060787e-07  5.845038353953623e-01 
 1.293137193060787e-07  5.845038353953615e-01 
 1.293337193060787e-07  5.845038353953622e-01 
 1.293537193060787e-07  5.845038353953618e-01 
 1.293737193060787e-07  5.845038353953624e-01 
 1.293937193060787e-07  5.845038353953619e-01 
 1.294137193060787e-07  5.845038353953624e-01 
 1.294337193060787e-07  5.845038353953620e-01 
 1.294537193060787e-07  5.845038353953629e-01 
 1.294737193060787e-07  5.845038353953625e-01 
 1.294937193060787e-07  5.845038353953630e-01 
 1.295137193060787e-07  5.845038353953623e-01 
 1.295337193060787e-07  5.845038353953629e-01 
 1.295537193060787e-07  5.845038353953623e-01 
 1.295737193060787e-07  5.845038353953629e-01 
 1.295937193060787e-07  5.845038353953624e-01 
 1.296137193060787e-07  5.845038353953632e-01 
 1.296337193060787e-07  5.845038353953627e-01 
 1.296537193060787e-07  5.845038353953632e-01 
 1.296737193060787e-07  5.845038353953625e-01 
 1.296937193060786e-07  5.845038353953631e-01 
 1.297137193060786e-07  5.845038353953624e-01 
 1.297337193060786e-07  5.845038353953631e-01 
 1.297537193060786e-07  5.845038353953627e-01 
 1.297737193060786e-07  5.845038353953632e-01 
 1.297937193060786e-07  5.845038353953624e-01 
 1.298137193060786e-07  5.845038353953629e-01 
 1.298337193060786e-07  5.845038353953623e-01 
 1.298537193060786e-07  5.845038353953629e-01 
 1.298737193060786e-07  5.845038353953622e-01 
 1.298937193060786e-07  5.845038353953625e-01 
 1.299137193060786e-07  5.845038353953618e-01 
 1.299337193060786e-07  5.845038353953622e-01 
 1.299537193060786e-07  5.845038353953617e-01 
 1.299737193060786e-07  5.845038353953623e-01 
 1.299937193060786e-07  5.845038353953618e-01 
 1.300137193060786e-07  5.845038353953623e-01 
 1.300337193060786e-07  5.845038353953615e-01 
 1.300537193060786e-07  5.845038353953622e-01 
 1.300737193060786e-07  5.845038353953618e-01 
 1.300937193060786e-07  5.845038353953623e-01 
 1.301137193060786e-07  5.845038353953615e-01 
 1.301337193060786e-07  5.845038353953621e-01 
 1.301537193060786e-07  5.845038353953615e-01 
 1.301737193060786e-07  5.845038353953622e-01 
 1.301937193060786e-07  5.845038353953618e-01 
 1.302137193060785e-07  5.845038353953625e-01 
 1.302337193060785e-07  5.845038353953620e-01 
 1.302537193060785e-07  5.845038353953624e-01 
 1.302737193060785e-07  5.845038353953619e-01 
 1.302937193060785e-07  5.845038353953624e-01 
 1.303137193060785e-07  5.845038353953619e-01 
 1.303337193060785e-07  5.845038353953624e-01 
 1.303537193060785e-07  5.845038353953618e-01 
 1.303737193060785e-07  5.845038353953622e-01 
 1.303937193060785e-07  5.845038353953617e-01 
 1.304137193060785e-07  5.845038353953623e-01 
 1.304337193060785e-07  5.845038353953618e-01 
 1.304537193060785e-07  5.845038353953623e-01 
 1.304737193060785e-07  5.845038353953618e-01 
 1.304937193060785e-07  5.845038353953624e-01 
 1.305137193060785e-07  5.845038353953620e-01 
 1.305337193060785e-07  5.845038353953625e-01 
 1.305537193060785e-07  5.845038353953619e-01 
 1.305737193060785e-07  5.845038353953627e-01 
 1.305937193060785e-07  5.845038353953622e-01 
 1.306137193060785e-07  5.845038353953628e-01 
 1.306337193060785e-07  5.845038353953623e-01 
 1.306537193060785e-07  5.845038353953628e-01 
 1.306737193060785e-07  5.845038353953621e-01 
 1.306937193060785e-07  5.845038353953628e-01 
 1.307137193060785e-07  5.845038353953623e-01 
 1.307337193060785e-07  5.845038353953629e-01 
 1.307537193060784e-07  5.845038353953622e-01 
 1.307737193060784e-07  5.845038353953625e-01 
 1.307937193060784e-07  5.845038353953620e-01 
 1.308137193060784e-07  5.845038353953625e-01 
 1.308337193060784e-07  5.845038353953620e-01 
 1.308537193060784e-07  5.845038353953625e-01 
 1.308737193060784e-07  5.845038353953618e-01 
 1.308937193060784e-07  5.845038353953621e-01 
 1.309137193060784e-07  5.845038353953615e-01 
 1.309337193060784e-07  5.845038353953621e-01 
 1.309537193060784e-07  5.845038353953615e-01 
 1.309737193060784e-07  5.845038353953621e-01 
 1.309937193060784e-07  5.845038353953615e-01 
 1.310137193060784e-07  5.845038353953621e-01 
 1.310337193060784e-07  5.845038353953617e-01 
 1.310537193060784e-07  5.845038353953622e-01 
 1.310737193060784e-07  5.845038353953615e-01 
 1.310937193060784e-07  5.845038353953622e-01 
 1.311137193060784e-07  5.845038353953618e-01 
 1.311337193060784e-07  5.845038353953623e-01 
 1.311537193060784e-07  5.845038353953618e-01 
 1.311737193060784e-07  5.845038353953623e-01 
 1.311937193060784e-07  5.845038353953617e-01 
 1.312137193060784e-07  5.845038353953621e-01 
 1.312337193060784e-07  5.845038353953617e-01 
 1.312537193060784e-07  5.845038353953621e-01 
 1.312737193060783e-07  5.845038353953614e-01 
 1.312937193060783e-07  5.845038353953620e-01 
 1.313137193060783e-07  5.845038353953617e-01 
 1.313337193060783e-07  5.845038353953624e-01 
 1.313537193060783e-07  5.845038353953620e-01 
 1.313737193060783e-07  5.845038353953624e-01 
 1.313937193060783e-07  5.845038353953620e-01 
 1.314137193060783e-07  5.845038353953627e-01 
 1.314337193060783e-07  5.845038353953621e-01 
 1.314537193060783e-07  5.845038353953628e-01 
 1.314737193060783e-07  5.845038353953624e-01 
 1.314937193060783e-07  5.845038353953630e-01 
 1.315137193060783e-07  5.845038353953624e-01 
 1.315337193060783e-07  5.845038353953631e-01 
 1.315537193060783e-07  5.845038353953625e-01 
 1.315737193060783e-07  5.845038353953629e-01 
 1.315937193060783e-07  5.845038353953622e-01 
 1.316137193060783e-07  5.845038353953628e-01 
 1.316337193060783e-07  5.845038353953623e-01 
 1.316537193060783e-07  5.845038353953628e-01 
 1.316737193060783e-07  5.845038353953623e-01 
 1.316937193060783e-07  5.845038353953629e-01 
 1.317137193060783e-07  5.845038353953623e-01 
 1.317337193060783e-07  5.845038353953627e-01 
 1.317537193060783e-07  5.845038353953621e-01 
 1.317737193060783e-07  5.845038353953628e-01 
 1.317937193060782e-07  5.845038353953623e-01 
 1.318137193060782e-07  5.845038353953628e-01 
 1.318337193060782e-07  5.845038353953622e-01 
 1.318537193060782e-07  5.845038353953628e-01 
 1.318737193060782e-07  5.845038353953622e-01 
 1.318937193060782e-07  5.845038353953628e-01 
 1.319137193060782e-07  5.845038353953623e-01 
 1.319337193060782e-07  5.845038353953628e-01 
 1.319537193060782e-07  5.845038353953622e-01 
 1.319737193060782e-07  5.845038353953628e-01 
 1.319937193060782e-07  5.845038353953622e-01 
 1.320137193060782e-07  5.845038353953628e-01 
 1.320337193060782e-07  5.845038353953622e-01 
 1.320537193060782e-07  5.845038353953627e-01 
 1.320737193060782e-07  5.845038353953622e-01 
 1.320937193060782e-07  5.845038353953627e-01 
 1.321137193060782e-07  5.845038353953622e-01 
 1.321337193060782e-07  5.845038353953628e-01 
 1.321537193060782e-07  5.845038353953621e-01 
 1.321737193060782e-07  5.845038353953625e-01 
 1.321937193060782e-07  5.845038353953620e-01 
 1.322137193060782e-07  5.845038353953624e-01 
 1.322337193060782e-07  5.845038353953620e-01 
 1.322537193060782e-07  5.845038353953627e-01 
 1.322737193060782e-07  5.845038353953623e-01 
 1.322937193060782e-07  5.845038353953628e-01 
 1.323137193060782e-07  5.845038353953623e-01 
 1.323337193060781e-07  5.845038353953629e-01 
 1.323537193060781e-07  5.845038353953623e-01 
 1.323737193060781e-07  5.845038353953624e-01 
 1.323937193060781e-07  5.845038353953617e-01 
 1.324137193060781e-07  5.845038353953620e-01 
 1.324337193060781e-07  5.845038353953615e-01 
 1.324537193060781e-07  5.845038353953623e-01 
 1.324737193060781e-07  5.845038353953618e-01 
 1.324937193060781e-07  5.845038353953622e-01 
 1.325137193060781e-07  5.845038353953618e-01 
 1.325337193060781e-07  5.845038353953623e-01 
 1.325537193060781e-07  5.845038353953618e-01 
 1.325737193060781e-07  5.845038353953622e-01 
 1.325937193060781e-07  5.845038353953618e-01 
 1.326137193060781e-07  5.845038353953622e-01 
 1.326337193060781e-07  5.845038353953618e-01 
 1.326537193060781e-07  5.845038353953624e-01 
 1.326737193060781e-07  5.845038353953620e-01 
 1.326937193060781e-07  5.845038353953624e-01 
 1.327137193060781e-07  5.845038353953621e-01 
 1.327337193060781e-07  5.845038353953628e-01 
 1.327537193060781e-07  5.845038353953623e-01 
 1.327737193060781e-07  5.845038353953627e-01 
 1.327937193060781e-07  5.845038353953621e-01 
 1.328137193060781e-07  5.845038353953629e-01 
 1.328337193060781e-07  5.845038353953628e-01 
 1.328537193060780e-07  5.845038353953633e-01 
 1.328737193060780e-07  5.845038353953628e-01 
 1.328937193060780e-07  5.845038353953632e-01 
 1.329137193060780e-07  5.845038353953628e-01 
 1.329337193060780e-07  5.845038353953632e-01 
 1.329537193060780e-07  5.845038353953625e-01 
 1.329737193060780e-07  5.845038353953627e-01 
 1.329937193060780e-07  5.845038353953620e-01 
 1.330137193060780e-07  5.845038353953623e-01 
 1.330337193060780e-07  5.845038353953615e-01 
 1.330537193060780e-07  5.845038353953620e-01 
 1.330737193060780e-07  5.845038353953614e-01 
 1.330937193060780e-07  5.845038353953618e-01 
 1.331137193060780e-07  5.845038353953611e-01 
 1.331337193060780e-07  5.845038353953617e-01 
 1.331537193060780e-07  5.845038353953613e-01 
 1.331737193060780e-07  5.845038353953619e-01 
 1.331937193060780e-07  5.845038353953615e-01 
 1.332137193060780e-07  5.845038353953622e-01 
 1.332337193060780e-07  5.845038353953617e-01 
 1.332537193060780e-07  5.845038353953622e-01 
 1.332737193060780e-07  5.845038353953620e-01 
 1.332937193060780e-07  5.845038353953625e-01 
 1.333137193060780e-07  5.845038353953620e-01 
 1.333337193060780e-07  5.845038353953624e-01 
 1.333537193060780e-07  5.845038353953619e-01 
 1.333737193060779e-07  5.845038353953624e-01 
 1.333937193060779e-07  5.845038353953622e-01 
 1.334137193060779e-07  5.845038353953628e-01 
 1.334337193060779e-07  5.845038353953623e-01 
 1.334537193060779e-07  5.845038353953629e-01 
 1.334737193060779e-07  5.845038353953625e-01 
 1.334937193060779e-07  5.845038353953629e-01 
 1.335137193060779e-07  5.845038353953623e-01 
 1.335337193060779e-07  5.845038353953625e-01 
 1.335537193060779e-07  5.845038353953620e-01 
 1.335737193060779e-07  5.845038353953625e-01 
 1.335937193060779e-07  5.845038353953620e-01 
 1.336137193060779e-07  5.845038353953622e-01 
 1.336337193060779e-07  5.845038353953618e-01 
 1.336537193060779e-07  5.845038353953623e-01 
 1.336737193060779e-07  5.845038353953617e-01 
 1.336937193060779e-07  5.845038353953621e-01 
 1.337137193060779e-07  5.845038353953619e-01 
 1.337337193060779e-07  5.845038353953624e-01 
 1.337537193060779e-07  5.845038353953620e-01 
 1.337737193060779e-07  5.845038353953624e-01 
 1.337937193060779e-07  5.845038353953620e-01 
 1.338137193060779e-07  5.845038353953624e-01 
 1.338337193060779e-07  5.845038353953619e-01 
 1.338537193060779e-07  5.845038353953623e-01 
 1.338737193060779e-07  5.845038353953617e-01 
 1.338937193060779e-07  5.845038353953620e-01 
 1.339137193060778e-07  5.845038353953615e-01 
 1.339337193060778e-07  5.845038353953622e-01 
 1.339537193060778e-07  5.845038353953619e-01 
 1.339737193060778e-07  5.845038353953623e-01 
 1.339937193060778e-07  5.845038353953617e-01 
 1.340137193060778e-07  5.845038353953620e-01 
 1.340337193060778e-07  5.845038353953614e-01 
 1.340537193060778e-07  5.845038353953618e-01 
 1.340737193060778e-07  5.845038353953612e-01 
 1.340937193060778e-07  5.845038353953618e-01 
 1.341137193060778e-07  5.845038353953614e-01 
 1.341337193060778e-07  5.845038353953620e-01 
 1.341537193060778e-07  5.845038353953614e-01 
 1.341737193060778e-07  5.845038353953618e-01 
 1.341937193060778e-07  5.845038353953613e-01 
 1.342137193060778e-07  5.845038353953620e-01 
 1.342337193060778e-07  5.845038353953617e-01 
 1.342537193060778e-07  5.845038353953621e-01 
 1.342737193060778e-07  5.845038353953615e-01 
 1.342937193060778e-07  5.845038353953620e-01 
 1.343137193060778e-07  5.845038353953615e-01 
 1.343337193060778e-07  5.845038353953621e-01 
 1.343537193060778e-07  5.845038353953619e-01 
 1.343737193060778e-07  5.845038353953625e-01 
 1.343937193060778e-07  5.845038353953620e-01 
 1.344137193060778e-07  5.845038353953624e-01 
 1.344337193060777e-07  5.845038353953621e-01 
 1.344537193060777e-07  5.845038353953628e-01 
 1.344737193060777e-07  5.845038353953625e-01 
 1.344937193060777e-07  5.845038353953630e-01 
 1.345137193060777e-07  5.845038353953625e-01 
 1.345337193060777e-07  5.845038353953627e-01 
 1.345537193060777e-07  5.845038353953620e-01 
 1.345737193060777e-07  5.845038353953625e-01 
 1.345937193060777e-07  5.845038353953620e-01 
 1.346137193060777e-07  5.845038353953622e-01 
 1.346337193060777e-07  5.845038353953618e-01 
 1.346537193060777e-07  5.845038353953621e-01 
 1.346737193060777e-07  5.845038353953617e-01 
 1.346937193060777e-07  5.845038353953620e-01 
 1.347137193060777e-07  5.845038353953615e-01 
 1.347337193060777e-07  5.845038353953622e-01 
 1.347537193060777e-07  5.845038353953618e-01 
 1.347737193060777e-07  5.845038353953621e-01 
 1.347937193060777e-07  5.845038353953618e-01 
 1.348137193060777e-07  5.845038353953622e-01 
 1.348337193060777e-07  5.845038353953619e-01 
 1.348537193060777e-07  5.845038353953625e-01 
 1.348737193060777e-07  5.845038353953620e-01 
 1.348937193060777e-07  5.845038353953623e-01 
 1.349137193060777e-07  5.845038353953619e-01 
 1.349337193060777e-07  5.845038353953623e-01 
 1.349537193060777e-07  5.845038353953618e-01 
 1.349737193060776e-07  5.845038353953621e-01 
 1.349937193060776e-07  5.845038353953619e-01 
 1.350137193060776e-07  5.845038353953625e-01 
 1.350337193060776e-07  5.845038353953620e-01 
 1.350537193060776e-07  5.845038353953623e-01 
 1.350737193060776e-07  5.845038353953619e-01 
 1.350937193060776e-07  5.845038353953624e-01 
 1.351137193060776e-07  5.845038353953622e-01 
 1.351337193060776e-07  5.845038353953627e-01 
 1.351537193060776e-07  5.845038353953622e-01 
 1.351737193060776e-07  5.845038353953627e-01 
 1.351937193060776e-07  5.845038353953623e-01 
 1.352137193060776e-07  5.845038353953627e-01 
 1.352337193060776e-07  5.845038353953622e-01 
 1.352537193060776e-07  5.845038353953625e-01 
 1.352737193060776e-07  5.845038353953620e-01 
 1.352937193060776e-07  5.845038353953622e-01 
 1.353137193060776e-07  5.845038353953618e-01 
 1.353337193060776e-07  5.845038353953622e-01 
 1.353537193060776e-07  5.845038353953619e-01 
 1.353737193060776e-07  5.845038353953625e-01 
 1.353937193060776e-07  5.845038353953621e-01 
 1.354137193060776e-07  5.845038353953625e-01 
 1.354337193060776e-07  5.845038353953621e-01 
 1.354537193060776e-07  5.845038353953624e-01 
 1.354737193060776e-07  5.845038353953620e-01 
 1.354937193060775e-07  5.845038353953624e-01 
 1.355137193060775e-07  5.845038353953622e-01 
 1.355337193060775e-07  5.845038353953627e-01 
 1.355537193060775e-07  5.845038353953620e-01 
 1.355737193060775e-07  5.845038353953622e-01 
 1.355937193060775e-07  5.845038353953617e-01 
 1.356137193060775e-07  5.845038353953620e-01 
 1.356337193060775e-07  5.845038353953617e-01 
 1.356537193060775e-07  5.845038353953621e-01 
 1.356737193060775e-07  5.845038353953617e-01 
 1.356937193060775e-07  5.845038353953621e-01 
 1.357137193060775e-07  5.845038353953618e-01 
 1.357337193060775e-07  5.845038353953620e-01 
 1.357537193060775e-07  5.845038353953614e-01 
 1.357737193060775e-07  5.845038353953620e-01 
 1.357937193060775e-07  5.845038353953618e-01 
 1.358137193060775e-07  5.845038353953622e-01 
 1.358337193060775e-07  5.845038353953620e-01 
 1.358537193060775e-07  5.845038353953624e-01 
 1.358737193060775e-07  5.845038353953619e-01 
 1.358937193060775e-07  5.845038353953622e-01 
 1.359137193060775e-07  5.845038353953618e-01 
 1.359337193060775e-07  5.845038353953622e-01 
 1.359537193060775e-07  5.845038353953621e-01 
 1.359737193060775e-07  5.845038353953627e-01 
 1.359937193060775e-07  5.845038353953622e-01 
 1.360137193060774e-07  5.845038353953627e-01 
 1.360337193060774e-07  5.845038353953623e-01 
 1.360537193060774e-07  5.845038353953625e-01 
 1.360737193060774e-07  5.845038353953619e-01 
 1.360937193060774e-07  5.845038353953623e-01 
 1.361137193060774e-07  5.845038353953620e-01 
 1.361337193060774e-07  5.845038353953622e-01 
 1.361537193060774e-07  5.845038353953617e-01 
 1.361737193060774e-07  5.845038353953620e-01 
 1.361937193060774e-07  5.845038353953615e-01 
 1.362137193060774e-07  5.845038353953621e-01 
 1.362337193060774e-07  5.845038353953619e-01 
 1.362537193060774e-07  5.845038353953624e-01 
 1.362737193060774e-07  5.845038353953623e-01 
 1.362937193060774e-07  5.845038353953629e-01 
 1.363137193060774e-07  5.845038353953625e-01 
 1.363337193060774e-07  5.845038353953628e-01 
 1.363537193060774e-07  5.845038353953623e-01 
 1.363737193060774e-07  5.845038353953625e-01 
 1.363937193060774e-07  5.845038353953617e-01 
 1.364137193060774e-07  5.845038353953619e-01 
 1.364337193060774e-07  5.845038353953618e-01 
 1.364537193060774e-07  5.845038353953622e-01 
 1.364737193060774e-07  5.845038353953617e-01 
 1.364937193060774e-07  5.845038353953620e-01 
 1.365137193060774e-07  5.845038353953617e-01 
 1.365337193060774e-07  5.845038353953620e-01 
 1.365537193060773e-07  5.845038353953613e-01 
 1.365737193060773e-07  5.845038353953618e-01 
 1.365937193060773e-07  5.845038353953615e-01 
 1.366137193060773e-07  5.845038353953622e-01 
 1.366337193060773e-07  5.845038353953620e-01 
 1.366537193060773e-07  5.845038353953625e-01 
 1.366737193060773e-07  5.845038353953622e-01 
 1.366937193060773e-07  5.845038353953625e-01 
 1.367137193060773e-07  5.845038353953620e-01 
 1.367337193060773e-07  5.845038353953622e-01 
 1.367537193060773e-07  5.845038353953619e-01 
 1.367737193060773e-07  5.845038353953623e-01 
 1.367937193060773e-07  5.845038353953617e-01 
 1.368137193060773e-07  5.845038353953620e-01 
 1.368337193060773e-07  5.845038353953618e-01 
 1.368537193060773e-07  5.845038353953621e-01 
 1.368737193060773e-07  5.845038353953618e-01 
 1.368937193060773e-07  5.845038353953622e-01 
 1.369137193060773e-07  5.845038353953621e-01 
 1.369337193060773e-07  5.845038353953627e-01 
 1.369537193060773e-07  5.845038353953621e-01 
 1.369737193060773e-07  5.845038353953625e-01 
 1.369937193060773e-07  5.845038353953622e-01 
 1.370137193060773e-07  5.845038353953624e-01 
 1.370337193060773e-07  5.845038353953620e-01 
 1.370537193060773e-07  5.845038353953622e-01 
 1.370737193060772e-07  5.845038353953618e-01 
 1.370937193060772e-07  5.845038353953621e-01 
 1.371137193060772e-07  5.845038353953617e-01 
 1.371337193060772e-07  5.845038353953620e-01 
 1.371537193060772e-07  5.845038353953615e-01 
 1.371737193060772e-07  5.845038353953620e-01 
 1.371937193060772e-07  5.845038353953615e-01 
 1.372137193060772e-07  5.845038353953619e-01 
 1.372337193060772e-07  5.845038353953617e-01 
 1.372537193060772e-07  5.845038353953622e-01 
 1.372737193060772e-07  5.845038353953619e-01 
 1.372937193060772e-07  5.845038353953624e-01 
 1.373137193060772e-07  5.845038353953622e-01 
 1.373337193060772e-07  5.845038353953627e-01 
 1.373537193060772e-07  5.845038353953624e-01 
 1.373737193060772e-07  5.845038353953629e-01 
 1.373937193060772e-07  5.845038353953624e-01 
 1.374137193060772e-07  5.845038353953627e-01 
 1.374337193060772e-07  5.845038353953623e-01 
 1.374537193060772e-07  5.845038353953625e-01 
 1.374737193060772e-07  5.845038353953621e-01 
 1.374937193060772e-07  5.845038353953625e-01 
 1.375137193060772e-07  5.845038353953622e-01 
 1.375337193060772e-07  5.845038353953625e-01 
 1.375537193060772e-07  5.845038353953621e-01 
 1.375737193060772e-07  5.845038353953627e-01 
 1.375937193060771e-07  5.845038353953624e-01 
 1.376137193060771e-07  5.845038353953629e-01 
 1.376337193060771e-07  5.845038353953625e-01 
 1.376537193060771e-07  5.845038353953625e-01 
 1.376737193060771e-07  5.845038353953619e-01 
 1.376937193060771e-07  5.845038353953622e-01 
 1.377137193060771e-07  5.845038353953617e-01 
 1.377337193060771e-07  5.845038353953620e-01 
 1.377537193060771e-07  5.845038353953618e-01 
 1.377737193060771e-07  5.845038353953622e-01 
 1.377937193060771e-07  5.845038353953620e-01 
 1.378137193060771e-07  5.845038353953623e-01 
 1.378337193060771e-07  5.845038353953620e-01 
 1.378537193060771e-07  5.845038353953623e-01 
 1.378737193060771e-07  5.845038353953617e-01 
 1.378937193060771e-07  5.845038353953618e-01 
 1.379137193060771e-07  5.845038353953612e-01 
 1.379337193060771e-07  5.845038353953617e-01 
 1.379537193060771e-07  5.845038353953614e-01 
 1.379737193060771e-07  5.845038353953618e-01 
 1.379937193060771e-07  5.845038353953614e-01 
 1.380137193060771e-07  5.845038353953619e-01 
 1.380337193060771e-07  5.845038353953618e-01 
 1.380537193060771e-07  5.845038353953622e-01 
 1.380737193060771e-07  5.845038353953618e-01 
 1.380937193060771e-07  5.845038353953621e-01 
 1.381137193060771e-07  5.845038353953620e-01 
 1.381337193060770e-07  5.845038353953624e-01 
 1.381537193060770e-07  5.845038353953621e-01 
 1.381737193060770e-07  5.845038353953624e-01 
 1.381937193060770e-07  5.845038353953620e-01 
 1.382137193060770e-07  5.845038353953622e-01 
 1.382337193060770e-07  5.845038353953618e-01 
 1.382537193060770e-07  5.845038353953620e-01 
 1.382737193060770e-07  5.845038353953617e-01 
 1.382937193060770e-07  5.845038353953621e-01 
 1.383137193060770e-07  5.845038353953620e-01 
 1.383337193060770e-07  5.845038353953624e-01 
 1.383537193060770e-07  5.845038353953621e-01 
 1.383737193060770e-07  5.845038353953627e-01 
 1.383937193060770e-07  5.845038353953625e-01 
 1.384137193060770e-07  5.845038353953629e-01 
 1.384337193060770e-07  5.845038353953625e-01 
 1.384537193060770e-07  5.845038353953628e-01 
 1.384737193060770e-07  5.845038353953624e-01 
 1.384937193060770e-07  5.845038353953628e-01 
 1.385137193060770e-07  5.845038353953623e-01 
 1.385337193060770e-07  5.845038353953624e-01 
 1.385537193060770e-07  5.845038353953619e-01 
 1.385737193060770e-07  5.845038353953623e-01 
 1.385937193060770e-07  5.845038353953620e-01 
 1.386137193060770e-07  5.845038353953622e-01 
 1.386337193060770e-07  5.845038353953619e-01 
 1.386537193060769e-07  5.845038353953623e-01 
 1.386737193060769e-07  5.845038353953620e-01 
 1.386937193060769e-07  5.845038353953622e-01 
 1.387137193060769e-07  5.845038353953618e-01 
 1.387337193060769e-07  5.845038353953622e-01 
 1.387537193060769e-07  5.845038353953621e-01 
 1.387737193060769e-07  5.845038353953627e-01 
 1.387937193060769e-07  5.845038353953624e-01 
 1.388137193060769e-07  5.845038353953627e-01 
 1.388337193060769e-07  5.845038353953622e-01 
 1.388537193060769e-07  5.845038353953625e-01 
 1.388737193060769e-07  5.845038353953621e-01 
 1.388937193060769e-07  5.845038353953623e-01 
 1.389137193060769e-07  5.845038353953618e-01 
 1.389337193060769e-07  5.845038353953620e-01 
 1.389537193060769e-07  5.845038353953617e-01 
 1.389737193060769e-07  5.845038353953619e-01 
 1.389937193060769e-07  5.845038353953612e-01 
 1.390137193060769e-07  5.845038353953613e-01 
 1.390337193060769e-07  5.845038353953611e-01 
 1.390537193060769e-07  5.845038353953614e-01 
 1.390737193060769e-07  5.845038353953612e-01 
 1.390937193060769e-07  5.845038353953618e-01 
 1.391137193060769e-07  5.845038353953615e-01 
 1.391337193060769e-07  5.845038353953621e-01 
 1.391537193060769e-07  5.845038353953620e-01 
 1.391737193060769e-07  5.845038353953623e-01 
 1.391937193060768e-07  5.845038353953619e-01 
 1.392137193060768e-07  5.845038353953622e-01 
 1.392337193060768e-07  5.845038353953619e-01 
 1.392537193060768e-07  5.845038353953623e-01 
 1.392737193060768e-07  5.845038353953621e-01 
 1.392937193060768e-07  5.845038353953627e-01 
 1.393137193060768e-07  5.845038353953623e-01 
 1.393337193060768e-07  5.845038353953624e-01 
 1.393537193060768e-07  5.845038353953623e-01 
 1.393737193060768e-07  5.845038353953627e-01 
 1.393937193060768e-07  5.845038353953623e-01 
 1.394137193060768e-07  5.845038353953625e-01 
 1.394337193060768e-07  5.845038353953619e-01 
 1.394537193060768e-07  5.845038353953621e-01 
 1.394737193060768e-07  5.845038353953619e-01 
 1.394937193060768e-07  5.845038353953621e-01 
 1.395137193060768e-07  5.845038353953618e-01 
 1.395337193060768e-07  5.845038353953621e-01 
 1.395537193060768e-07  5.845038353953620e-01 
 1.395737193060768e-07  5.845038353953622e-01 
 1.395937193060768e-07  5.845038353953618e-01 
 1.396137193060768e-07  5.845038353953620e-01 
 1.396337193060768e-07  5.845038353953615e-01 
 1.396537193060768e-07  5.845038353953620e-01 
 1.396737193060768e-07  5.845038353953617e-01 
 1.396937193060768e-07  5.845038353953619e-01 
 1.397137193060767e-07  5.845038353953617e-01 
 1.397337193060767e-07  5.845038353953620e-01 
 1.397537193060767e-07  5.845038353953617e-01 
 1.397737193060767e-07  5.845038353953621e-01 
 1.397937193060767e-07  5.845038353953619e-01 
 1.398137193060767e-07  5.845038353953623e-01 
 1.398337193060767e-07  5.845038353953620e-01 
 1.398537193060767e-07  5.845038353953622e-01 
 1.398737193060767e-07  5.845038353953621e-01 
 1.398937193060767e-07  5.845038353953629e-01 
 1.399137193060767e-07  5.845038353953628e-01 
 1.399337193060767e-07  5.845038353953631e-01 
 1.399537193060767e-07  5.845038353953629e-01 
 1.399737193060767e-07  5.845038353953631e-01 
 1.399937193060767e-07  5.845038353953624e-01 
 1.400137193060767e-07  5.845038353953625e-01 
 1.400337193060767e-07  5.845038353953620e-01 
 1.400537193060767e-07  5.845038353953621e-01 
 1.400737193060767e-07  5.845038353953618e-01 
 1.400937193060767e-07  5.845038353953620e-01 
 1.401137193060767e-07  5.845038353953615e-01 
 1.401337193060767e-07  5.845038353953619e-01 
 1.401537193060767e-07  5.845038353953618e-01 
 1.401737193060767e-07  5.845038353953622e-01 
 1.401937193060767e-07  5.845038353953620e-01 
 1.402137193060767e-07  5.845038353953622e-01 
 1.402337193060766e-07  5.845038353953618e-01 
 1.402537193060766e-07  5.845038353953621e-01 
 1.402737193060766e-07  5.845038353953620e-01 
 1.402937193060766e-07  5.845038353953622e-01 
 1.403137193060766e-07  5.845038353953619e-01 
 1.403337193060766e-07  5.845038353953623e-01 
 1.403537193060766e-07  5.845038353953619e-01 
 1.403737193060766e-07  5.845038353953621e-01 
 1.403937193060766e-07  5.845038353953619e-01 
 1.404137193060766e-07  5.845038353953622e-01 
 1.404337193060766e-07  5.845038353953620e-01 
 1.404537193060766e-07  5.845038353953623e-01 
 1.404737193060766e-07  5.845038353953619e-01 
 1.404937193060766e-07  5.845038353953621e-01 
 1.405137193060766e-07  5.845038353953620e-01 
 1.405337193060766e-07  5.845038353953624e-01 
 1.405537193060766e-07  5.845038353953620e-01 
 1.405737193060766e-07  5.845038353953620e-01 
 1.405937193060766e-07  5.845038353953615e-01 
 1.406137193060766e-07  5.845038353953619e-01 
 1.406337193060766e-07  5.845038353953618e-01 
 1.406537193060766e-07  5.845038353953622e-01 
 1.406737193060766e-07  5.845038353953619e-01 
 1.406937193060766e-07  5.845038353953622e-01 
 1.407137193060766e-07  5.845038353953620e-01 
 1.407337193060766e-07  5.845038353953622e-01 
 1.407537193060766e-07  5.845038353953620e-01 
 1.407737193060765e-07  5.845038353953623e-01 
 1.407937193060765e-07  5.845038353953620e-01 
 1.408137193060765e-07  5.845038353953623e-01 
 1.408337193060765e-07  5.845038353953621e-01 
 1.408537193060765e-07  5.845038353953627e-01 
 1.408737193060765e-07  5.845038353953624e-01 
 1.408937193060765e-07  5.845038353953629e-01 
 1.409137193060765e-07  5.845038353953628e-01 
 1.409337193060765e-07  5.845038353953630e-01 
 1.409537193060765e-07  5.845038353953624e-01 
 1.409737193060765e-07  5.845038353953624e-01 
 1.409937193060765e-07  5.845038353953621e-01 
 1.410137193060765e-07  5.845038353953625e-01 
 1.410337193060765e-07  5.845038353953622e-01 
 1.410537193060765e-07  5.845038353953624e-01 
 1.410737193060765e-07  5.845038353953623e-01 
 1.410937193060765e-07  5.845038353953625e-01 
 1.411137193060765e-07  5.845038353953620e-01 
 1.411337193060765e-07  5.845038353953620e-01 
 1.411537193060765e-07  5.845038353953617e-01 
 1.411737193060765e-07  5.845038353953620e-01 
 1.411937193060765e-07  5.845038353953617e-01 
 1.412137193060765e-07  5.845038353953620e-01 
 1.412337193060765e-07  5.845038353953617e-01 
 1.412537193060765e-07  5.845038353953619e-01 
 1.412737193060765e-07  5.845038353953615e-01 
 1.412937193060764e-07  5.845038353953620e-01 
 1.413137193060764e-07  5.845038353953618e-01 
 1.413337193060764e-07  5.845038353953619e-01 
 1.413537193060764e-07  5.845038353953615e-01 
 1.413737193060764e-07  5.845038353953619e-01 
 1.413937193060764e-07  5.845038353953615e-01 
 1.414137193060764e-07  5.845038353953620e-01 
 1.414337193060764e-07  5.845038353953618e-01 
 1.414537193060764e-07  5.845038353953619e-01 
 1.414737193060764e-07  5.845038353953617e-01 
 1.414937193060764e-07  5.845038353953620e-01 
 1.415137193060764e-07  5.845038353953617e-01 
 1.415337193060764e-07  5.845038353953619e-01 
 1.415537193060764e-07  5.845038353953615e-01 
 1.415737193060764e-07  5.845038353953619e-01 
 1.415937193060764e-07  5.845038353953617e-01 
 1.416137193060764e-07  5.845038353953620e-01 
 1.416337193060764e-07  5.845038353953617e-01 
 1.416537193060764e-07  5.845038353953620e-01 
 1.416737193060764e-07  5.845038353953618e-01 
 1.416937193060764e-07  5.845038353953618e-01 
 1.417137193060764e-07  5.845038353953612e-01 
 1.417337193060764e-07  5.845038353953615e-01 
 1.417537193060764e-07  5.845038353953613e-01 
 1.417737193060764e-07  5.845038353953615e-01 
 1.417937193060764e-07  5.845038353953615e-01 
 1.418137193060763e-07  5.845038353953620e-01 
 1.418337193060763e-07  5.845038353953614e-01 
 1.418537193060763e-07  5.845038353953617e-01 
 1.418737193060763e-07  5.845038353953615e-01 
 1.418937193060763e-07  5.845038353953620e-01 
 1.419137193060763e-07  5.845038353953617e-01 
 1.419337193060763e-07  5.845038353953618e-01 
 1.419537193060763e-07  5.845038353953613e-01 
 1.419737193060763e-07  5.845038353953617e-01 
 1.419937193060763e-07  5.845038353953615e-01 
 1.420137193060763e-07  5.845038353953620e-01 
 1.420337193060763e-07  5.845038353953617e-01 
 1.420537193060763e-07  5.845038353953618e-01 
 1.420737193060763e-07  5.845038353953613e-01 
 1.420937193060763e-07  5.845038353953615e-01 
 1.421137193060763e-07  5.845038353953613e-01 
 1.421337193060763e-07  5.845038353953618e-01 
 1.421537193060763e-07  5.845038353953615e-01 
 1.421737193060763e-07  5.845038353953619e-01 
 1.421937193060763e-07  5.845038353953615e-01 
 1.422137193060763e-07  5.845038353953619e-01 
 1.422337193060763e-07  5.845038353953617e-01 
 1.422537193060763e-07  5.845038353953619e-01 
 1.422737193060763e-07  5.845038353953617e-01 
 1.422937193060763e-07  5.845038353953619e-01 
 1.423137193060763e-07  5.845038353953618e-01 
 1.423337193060763e-07  5.845038353953622e-01 
 1.423537193060762e-07  5.845038353953621e-01 
 1.423737193060762e-07  5.845038353953624e-01 
 1.423937193060762e-07  5.845038353953621e-01 
 1.424137193060762e-07  5.845038353953623e-01 
 1.424337193060762e-07  5.845038353953619e-01 
 1.424537193060762e-07  5.845038353953622e-01 
 1.424737193060762e-07  5.845038353953620e-01 
 1.424937193060762e-07  5.845038353953623e-01 
 1.425137193060762e-07  5.845038353953619e-01 
 1.425337193060762e-07  5.845038353953620e-01 
 1.425537193060762e-07  5.845038353953618e-01 
 1.425737193060762e-07  5.845038353953620e-01 
 1.425937193060762e-07  5.845038353953617e-01 
 1.426137193060762e-07  5.845038353953618e-01 
 1.426337193060762e-07  5.845038353953614e-01 
 1.426537193060762e-07  5.845038353953617e-01 
 1.426737193060762e-07  5.845038353953613e-01 
 1.426937193060762e-07  5.845038353953615e-01 
 1.427137193060762e-07  5.845038353953612e-01 
 1.427337193060762e-07  5.845038353953613e-01 
 1.427537193060762e-07  5.845038353953612e-01 
 1.427737193060762e-07  5.845038353953617e-01 
 1.427937193060762e-07  5.845038353953614e-01 
 1.428137193060762e-07  5.845038353953617e-01 
 1.428337193060762e-07  5.845038353953614e-01 
 1.428537193060762e-07  5.845038353953617e-01 
 1.428737193060761e-07  5.845038353953614e-01 
 1.428937193060761e-07  5.845038353953618e-01 
 1.429137193060761e-07  5.845038353953617e-01 
 1.429337193060761e-07  5.845038353953620e-01 
 1.429537193060761e-07  5.845038353953615e-01 
 1.429737193060761e-07  5.845038353953618e-01 
 1.429937193060761e-07  5.845038353953613e-01 
 1.430137193060761e-07  5.845038353953617e-01 
 1.430337193060761e-07  5.845038353953615e-01 
 1.430537193060761e-07  5.845038353953620e-01 
 1.430737193060761e-07  5.845038353953619e-01 
 1.430937193060761e-07  5.845038353953622e-01 
 1.431137193060761e-07  5.845038353953620e-01 
 1.431337193060761e-07  5.845038353953621e-01 
 1.431537193060761e-07  5.845038353953618e-01 
 1.431737193060761e-07  5.845038353953620e-01 
 1.431937193060761e-07  5.845038353953619e-01 
 1.432137193060761e-07  5.845038353953623e-01 
 1.432337193060761e-07  5.845038353953621e-01 
 1.432537193060761e-07  5.845038353953624e-01 
 1.432737193060761e-07  5.845038353953622e-01 
 1.432937193060761e-07  5.845038353953625e-01 
 1.433137193060761e-07  5.845038353953623e-01 
 1.433337193060761e-07  5.845038353953624e-01 
 1.433537193060761e-07  5.845038353953622e-01 
 1.433737193060761e-07  5.845038353953624e-01 
 1.433937193060761e-07  5.845038353953622e-01 
 1.434137193060760e-07  5.845038353953625e-01 
 1.434337193060760e-07  5.845038353953621e-01 
 1.434537193060760e-07  5.845038353953622e-01 
 1.434737193060760e-07  5.845038353953621e-01 
 1.434937193060760e-07  5.845038353953627e-01 
 1.435137193060760e-07  5.845038353953624e-01 
 1.435337193060760e-07  5.845038353953625e-01 
 1.435537193060760e-07  5.845038353953621e-01 
 1.435737193060760e-07  5.845038353953622e-01 
 1.435937193060760e-07  5.845038353953619e-01 
 1.436137193060760e-07  5.845038353953621e-01 
 1.436337193060760e-07  5.845038353953620e-01 
 1.436537193060760e-07  5.845038353953622e-01 
 1.436737193060760e-07  5.845038353953619e-01 
 1.436937193060760e-07  5.845038353953621e-01 
 1.437137193060760e-07  5.845038353953620e-01 
 1.437337193060760e-07  5.845038353953623e-01 
 1.437537193060760e-07  5.845038353953620e-01 
 1.437737193060760e-07  5.845038353953621e-01 
 1.437937193060760e-07  5.845038353953619e-01 
 1.438137193060760e-07  5.845038353953622e-01 
 1.438337193060760e-07  5.845038353953620e-01 
 1.438537193060760e-07  5.845038353953622e-01 
 1.438737193060760e-07  5.845038353953620e-01 
 1.438937193060760e-07  5.845038353953621e-01 
 1.439137193060760e-07  5.845038353953620e-01 
 1.439337193060759e-07  5.845038353953622e-01 
 1.439537193060759e-07  5.845038353953618e-01 
 1.439737193060759e-07  5.845038353953618e-01 
 1.439937193060759e-07  5.845038353953613e-01 
 1.440137193060759e-07  5.845038353953618e-01 
 1.440337193060759e-07  5.845038353953617e-01 
 1.440537193060759e-07  5.845038353953619e-01 
 1.440737193060759e-07  5.845038353953618e-01 
 1.440937193060759e-07  5.845038353953620e-01 
 1.441137193060759e-07  5.845038353953617e-01 
 1.441337193060759e-07  5.845038353953619e-01 
 1.441537193060759e-07  5.845038353953618e-01 
 1.441737193060759e-07  5.845038353953620e-01 
 1.441937193060759e-07  5.845038353953617e-01 
 1.442137193060759e-07  5.845038353953619e-01 
 1.442337193060759e-07  5.845038353953618e-01 
 1.442537193060759e-07  5.845038353953618e-01 
 1.442737193060759e-07  5.845038353953613e-01 
 1.442937193060759e-07  5.845038353953620e-01 
 1.443137193060759e-07  5.845038353953620e-01 
 1.443337193060759e-07  5.845038353953620e-01 
 1.443537193060759e-07  5.845038353953617e-01 
 1.443737193060759e-07  5.845038353953618e-01 
 1.443937193060759e-07  5.845038353953613e-01 
 1.444137193060759e-07  5.845038353953617e-01 
 1.444337193060759e-07  5.845038353953614e-01 
 1.444537193060758e-07  5.845038353953617e-01 
 1.444737193060758e-07  5.845038353953615e-01 
 1.444937193060758e-07  5.845038353953619e-01 
 1.445137193060758e-07  5.845038353953617e-01 
 1.445337193060758e-07  5.845038353953619e-01 
 1.445537193060758e-07  5.845038353953619e-01 
 1.445737193060758e-07  5.845038353953622e-01 
 1.445937193060758e-07  5.845038353953619e-01 
 1.446137193060758e-07  5.845038353953622e-01 
 1.446337193060758e-07  5.845038353953622e-01 
 1.446537193060758e-07  5.845038353953625e-01 
 1.446737193060758e-07  5.845038353953623e-01 
 1.446937193060758e-07  5.845038353953624e-01 
 1.447137193060758e-07  5.845038353953621e-01 
 1.447337193060758e-07  5.845038353953623e-01 
 1.447537193060758e-07  5.845038353953619e-01 
 1.447737193060758e-07  5.845038353953621e-01 
 1.447937193060758e-07  5.845038353953621e-01 
 1.448137193060758e-07  5.845038353953624e-01 
 1.448337193060758e-07  5.845038353953621e-01 
 1.448537193060758e-07  5.845038353953623e-01 
 1.448737193060758e-07  5.845038353953619e-01 
 1.448937193060758e-07  5.845038353953620e-01 
 1.449137193060758e-07  5.845038353953618e-01 
 1.449337193060758e-07  5.845038353953620e-01 
 1.449537193060758e-07  5.845038353953618e-01 
 1.449737193060758e-07  5.845038353953619e-01 
 1.449937193060757e-07  5.845038353953618e-01 
 1.450137193060757e-07  5.845038353953619e-01 
 1.450337193060757e-07  5.845038353953615e-01 
 1.450537193060757e-07  5.845038353953620e-01 
 1.450737193060757e-07  5.845038353953617e-01 
 1.450937193060757e-07  5.845038353953617e-01 
 1.451137193060757e-07  5.845038353953614e-01 
 1.451337193060757e-07  5.845038353953617e-01 
 1.451537193060757e-07  5.845038353953614e-01 
 1.451737193060757e-07  5.845038353953614e-01 
 1.451937193060757e-07  5.845038353953611e-01 
 1.452137193060757e-07  5.845038353953614e-01 
 1.452337193060757e-07  5.845038353953613e-01 
 1.452537193060757e-07  5.845038353953618e-01 
 1.452737193060757e-07  5.845038353953617e-01 
 1.452937193060757e-07  5.845038353953619e-01 
 1.453137193060757e-07  5.845038353953618e-01 
 1.453337193060757e-07  5.845038353953619e-01 
 1.453537193060757e-07  5.845038353953615e-01 
 1.453737193060757e-07  5.845038353953621e-01 
 1.453937193060757e-07  5.845038353953622e-01 
 1.454137193060757e-07  5.845038353953624e-01 
 1.454337193060757e-07  5.845038353953622e-01 
 1.454537193060757e-07  5.845038353953624e-01 
 1.454737193060757e-07  5.845038353953622e-01 
 1.454937193060757e-07  5.845038353953623e-01 
 1.455137193060756e-07  5.845038353953620e-01 
 1.455337193060756e-07  5.845038353953621e-01 
 1.455537193060756e-07  5.845038353953621e-01 
 1.455737193060756e-07  5.845038353953625e-01 
 1.455937193060756e-07  5.845038353953622e-01 
 1.456137193060756e-07  5.845038353953623e-01 
 1.456337193060756e-07  5.845038353953622e-01 
 1.456537193060756e-07  5.845038353953624e-01 
 1.456737193060756e-07  5.845038353953620e-01 
 1.456937193060756e-07  5.845038353953621e-01 
 1.457137193060756e-07  5.845038353953620e-01 
 1.457337193060756e-07  5.845038353953621e-01 
 1.457537193060756e-07  5.845038353953619e-01 
 1.457737193060756e-07  5.845038353953621e-01 
 1.457937193060756e-07  5.845038353953620e-01 
 1.458137193060756e-07  5.845038353953623e-01 
 1.458337193060756e-07  5.845038353953620e-01 
 1.458537193060756e-07  5.845038353953621e-01 
 1.458737193060756e-07  5.845038353953621e-01 
 1.458937193060756e-07  5.845038353953624e-01 
 1.459137193060756e-07  5.845038353953623e-01 
 1.459337193060756e-07  5.845038353953625e-01 
 1.459537193060756e-07  5.845038353953623e-01 
 1.459737193060756e-07  5.845038353953624e-01 
 1.459937193060756e-07  5.845038353953622e-01 
 1.460137193060756e-07  5.845038353953623e-01 
 1.460337193060755e-07  5.845038353953619e-01 
 1.460537193060755e-07  5.845038353953621e-01 
 1.460737193060755e-07  5.845038353953621e-01 
 1.460937193060755e-07  5.845038353953624e-01 
 1.461137193060755e-07  5.845038353953623e-01 
 1.461337193060755e-07  5.845038353953624e-01 
 1.461537193060755e-07  5.845038353953621e-01 
 1.461737193060755e-07  5.845038353953623e-01 
 1.461937193060755e-07  5.845038353953620e-01 
 1.462137193060755e-07  5.845038353953621e-01 
 1.462337193060755e-07  5.845038353953621e-01 
 1.462537193060755e-07  5.845038353953625e-01 
 1.462737193060755e-07  5.845038353953623e-01 
 1.462937193060755e-07  5.845038353953623e-01 
 1.463137193060755e-07  5.845038353953620e-01 
 1.463337193060755e-07  5.845038353953621e-01 
 1.463537193060755e-07  5.845038353953619e-01 
 1.463737193060755e-07  5.845038353953620e-01 
 1.463937193060755e-07  5.845038353953617e-01 
 1.464137193060755e-07  5.845038353953618e-01 
 1.464337193060755e-07  5.845038353953615e-01 
 1.464537193060755e-07  5.845038353953620e-01 
 1.464737193060755e-07  5.845038353953620e-01 
 1.464937193060755e-07  5.845038353953622e-01 
 1.465137193060755e-07  5.845038353953620e-01 
 1.465337193060755e-07  5.845038353953621e-01 
 1.465537193060755e-07  5.845038353953618e-01 
 1.465737193060754e-07  5.845038353953619e-01 
 1.465937193060754e-07  5.845038353953617e-01 
 1.466137193060754e-07  5.845038353953617e-01 
 1.466337193060754e-07  5.845038353953614e-01 
 1.466537193060754e-07  5.845038353953618e-01 
 1.466737193060754e-07  5.845038353953617e-01 
 1.466937193060754e-07  5.845038353953618e-01 
 1.467137193060754e-07  5.845038353953614e-01 
 1.467337193060754e-07  5.845038353953617e-01 
 1.467537193060754e-07  5.845038353953614e-01 
 1.467737193060754e-07  5.845038353953615e-01 
 1.467937193060754e-07  5.845038353953614e-01 
 1.468137193060754e-07  5.845038353953617e-01 
 1.468337193060754e-07  5.845038353953615e-01 
 1.468537193060754e-07  5.845038353953620e-01 
 1.468737193060754e-07  5.845038353953619e-01 
 1.468937193060754e-07  5.845038353953621e-01 
 1.469137193060754e-07  5.845038353953620e-01 
 1.469337193060754e-07  5.845038353953621e-01 
 1.469537193060754e-07  5.845038353953619e-01 
 1.469737193060754e-07  5.845038353953621e-01 
 1.469937193060754e-07  5.845038353953621e-01 
 1.470137193060754e-07  5.845038353953624e-01 
 1.470337193060754e-07  5.845038353953622e-01 
 1.470537193060754e-07  5.845038353953624e-01 
 1.470737193060754e-07  5.845038353953623e-01 
 1.470937193060753e-07  5.845038353953624e-01 
 1.471137193060753e-07  5.845038353953624e-01 
 1.471337193060753e-07  5.845038353953629e-01 
 1.471537193060753e-07  5.845038353953628e-01 
 1.471737193060753e-07  5.845038353953628e-01 
 1.471937193060753e-07  5.845038353953625e-01 
 1.472137193060753e-07  5.845038353953627e-01 
 1.472337193060753e-07  5.845038353953623e-01 
 1.472537193060753e-07  5.845038353953623e-01 
 1.472737193060753e-07  5.845038353953620e-01 
 1.472937193060753e-07  5.845038353953621e-01 
 1.473137193060753e-07  5.845038353953620e-01 
 1.473337193060753e-07  5.845038353953620e-01 
 1.473537193060753e-07  5.845038353953615e-01 
 1.473737193060753e-07  5.845038353953619e-01 
 1.473937193060753e-07  5.845038353953619e-01 
 1.474137193060753e-07  5.845038353953621e-01 
 1.474337193060753e-07  5.845038353953619e-01 
 1.474537193060753e-07  5.845038353953619e-01 
 1.474737193060753e-07  5.845038353953617e-01 
 1.474937193060753e-07  5.845038353953619e-01 
 1.475137193060753e-07  5.845038353953619e-01 
 1.475337193060753e-07  5.845038353953623e-01 
 1.475537193060753e-07  5.845038353953622e-01 
 1.475737193060753e-07  5.845038353953625e-01 
 1.475937193060753e-07  5.845038353953623e-01 
 1.476137193060753e-07  5.845038353953623e-01 
 1.476337193060752e-07  5.845038353953619e-01 
 1.476537193060752e-07  5.845038353953619e-01 
 1.476737193060752e-07  5.845038353953618e-01 
 1.476937193060752e-07  5.845038353953620e-01 
 1.477137193060752e-07  5.845038353953619e-01 
 1.477337193060752e-07  5.845038353953622e-01 
 1.477537193060752e-07  5.845038353953621e-01 
 1.477737193060752e-07  5.845038353953623e-01 
 1.477937193060752e-07  5.845038353953620e-01 
 1.478137193060752e-07  5.845038353953621e-01 
 1.478337193060752e-07  5.845038353953619e-01 
 1.478537193060752e-07  5.845038353953620e-01 
 1.478737193060752e-07  5.845038353953618e-01 
 1.478937193060752e-07  5.845038353953619e-01 
 1.479137193060752e-07  5.845038353953618e-01 
 1.479337193060752e-07  5.845038353953620e-01 
 1.479537193060752e-07  5.845038353953619e-01 
 1.479737193060752e-07  5.845038353953622e-01 
 1.479937193060752e-07  5.845038353953623e-01 
 1.480137193060752e-07  5.845038353953625e-01 
 1.480337193060752e-07  5.845038353953621e-01 
 1.480537193060752e-07  5.845038353953622e-01 
 1.480737193060752e-07  5.845038353953621e-01 
 1.480937193060752e-07  5.845038353953624e-01 
 1.481137193060752e-07  5.845038353953624e-01 
 1.481337193060752e-07  5.845038353953627e-01 
 1.481537193060751e-07  5.845038353953624e-01 
 1.481737193060751e-07  5.845038353953624e-01 
 1.481937193060751e-07  5.845038353953622e-01 
 1.482137193060751e-07  5.845038353953624e-01 
 1.482337193060751e-07  5.845038353953622e-01 
 1.482537193060751e-07  5.845038353953623e-01 
 1.482737193060751e-07  5.845038353953620e-01 
 1.482937193060751e-07  5.845038353953621e-01 
 1.483137193060751e-07  5.845038353953620e-01 
 1.483337193060751e-07  5.845038353953622e-01 
 1.483537193060751e-07  5.845038353953622e-01 
 1.483737193060751e-07  5.845038353953624e-01 
 1.483937193060751e-07  5.845038353953623e-01 
 1.484137193060751e-07  5.845038353953624e-01 
 1.484337193060751e-07  5.845038353953622e-01 
 1.484537193060751e-07  5.845038353953623e-01 
 1.484737193060751e-07  5.845038353953620e-01 
 1.484937193060751e-07  5.845038353953620e-01 
 1.485137193060751e-07  5.845038353953618e-01 
 1.485337193060751e-07  5.845038353953619e-01 
 1.485537193060751e-07  5.845038353953618e-01 
 1.485737193060751e-07  5.845038353953618e-01 
 1.485937193060751e-07  5.845038353953615e-01 
 1.486137193060751e-07  5.845038353953620e-01 
 1.486337193060751e-07  5.845038353953618e-01 
 1.486537193060751e-07  5.845038353953619e-01 
 1.486737193060750e-07  5.845038353953618e-01 
 1.486937193060750e-07  5.845038353953620e-01 
 1.487137193060750e-07  5.845038353953618e-01 
 1.487337193060750e-07  5.845038353953618e-01 
 1.487537193060750e-07  5.845038353953615e-01 
 1.487737193060750e-07  5.845038353953618e-01 
 1.487937193060750e-07  5.845038353953615e-01 
 1.488137193060750e-07  5.845038353953618e-01 
 1.488337193060750e-07  5.845038353953613e-01 
 1.488537193060750e-07  5.845038353953614e-01 
 1.488737193060750e-07  5.845038353953614e-01 
 1.488937193060750e-07  5.845038353953617e-01 
 1.489137193060750e-07  5.845038353953615e-01 
 1.489337193060750e-07  5.845038353953619e-01 
 1.489537193060750e-07  5.845038353953618e-01 
 1.489737193060750e-07  5.845038353953618e-01 
 1.489937193060750e-07  5.845038353953617e-01 
 1.490137193060750e-07  5.845038353953620e-01 
 1.490337193060750e-07  5.845038353953618e-01 
 1.490537193060750e-07  5.845038353953619e-01 
 1.490737193060750e-07  5.845038353953617e-01 
 1.490937193060750e-07  5.845038353953617e-01 
 1.491137193060750e-07  5.845038353953614e-01 
 1.491337193060750e-07  5.845038353953618e-01 
 1.491537193060750e-07  5.845038353953617e-01 
 1.491737193060750e-07  5.845038353953618e-01 
 1.491937193060750e-07  5.845038353953615e-01 
 1.492137193060749e-07  5.845038353953618e-01 
 1.492337193060749e-07  5.845038353953617e-01 
 1.492537193060749e-07  5.845038353953620e-01 
 1.492737193060749e-07  5.845038353953617e-01 
 1.492937193060749e-07  5.845038353953615e-01 
 1.493137193060749e-07  5.845038353953614e-01 
 1.493337193060749e-07  5.845038353953617e-01 
 1.493537193060749e-07  5.845038353953615e-01 
 1.493737193060749e-07  5.845038353953619e-01 
 1.493937193060749e-07  5.845038353953619e-01 
 1.494137193060749e-07  5.845038353953620e-01 
 1.494337193060749e-07  5.845038353953618e-01 
 1.494537193060749e-07  5.845038353953619e-01 
 1.494737193060749e-07  5.845038353953617e-01 
 1.494937193060749e-07  5.845038353953617e-01 
 1.495137193060749e-07  5.845038353953613e-01 
 1.495337193060749e-07  5.845038353953614e-01 
 1.495537193060749e-07  5.845038353953613e-01 
 1.495737193060749e-07  5.845038353953617e-01 
 1.495937193060749e-07  5.845038353953615e-01 
 1.496137193060749e-07  5.845038353953618e-01 
 1.496337193060749e-07  5.845038353953615e-01 
 1.496537193060749e-07  5.845038353953619e-01 
 1.496737193060749e-07  5.845038353953620e-01 
 1.496937193060749e-07  5.845038353953621e-01 
 1.497137193060749e-07  5.845038353953619e-01 
 1.497337193060748e-07  5.845038353953621e-01 
 1.497537193060748e-07  5.845038353953620e-01 
 1.497737193060748e-07  5.845038353953621e-01 
 1.497937193060748e-07  5.845038353953620e-01 
 1.498137193060748e-07  5.845038353953621e-01 
 1.498337193060748e-07  5.845038353953621e-01 
 1.498537193060748e-07  5.845038353953624e-01 
 1.498737193060748e-07  5.845038353953624e-01 
 1.498937193060748e-07  5.845038353953627e-01 
 1.499137193060748e-07  5.845038353953624e-01 
 1.499337193060748e-07  5.845038353953625e-01 
 1.499537193060748e-07  5.845038353953622e-01 
 1.499737193060748e-07  5.845038353953622e-01 
 1.499937193060748e-07  5.845038353953620e-01 
 1.500137193060748e-07  5.845038353953621e-01 
 1.500337193060748e-07  5.845038353953621e-01 
 1.500537193060748e-07  5.845038353953622e-01 
 1.500737193060748e-07  5.845038353953620e-01 
 1.500937193060748e-07  5.845038353953622e-01 
 1.501137193060748e-07  5.845038353953622e-01 
 1.501337193060748e-07  5.845038353953624e-01 
 1.501537193060748e-07  5.845038353953624e-01 
 1.501737193060748e-07  5.845038353953627e-01 
 1.501937193060748e-07  5.845038353953624e-01 
 1.502137193060748e-07  5.845038353953625e-01 
 1.502337193060748e-07  5.845038353953622e-01 
 1.502537193060747e-07  5.845038353953623e-01 
 1.502737193060747e-07  5.845038353953620e-01 
 1.502937193060747e-07  5.845038353953619e-01 
 1.503137193060747e-07  5.845038353953617e-01 
 1.503337193060747e-07  5.845038353953618e-01 
 1.503537193060747e-07  5.845038353953615e-01 
 1.503737193060747e-07  5.845038353953619e-01 
 1.503937193060747e-07  5.845038353953620e-01 
 1.504137193060747e-07  5.845038353953621e-01 
 1.504337193060747e-07  5.845038353953619e-01 
 1.504537193060747e-07  5.845038353953620e-01 
 1.504737193060747e-07  5.845038353953618e-01 
 1.504937193060747e-07  5.845038353953619e-01 
 1.505137193060747e-07  5.845038353953618e-01 
 1.505337193060747e-07  5.845038353953619e-01 
 1.505537193060747e-07  5.845038353953619e-01 
 1.505737193060747e-07  5.845038353953622e-01 
 1.505937193060747e-07  5.845038353953621e-01 
 1.506137193060747e-07  5.845038353953622e-01 
 1.506337193060747e-07  5.845038353953621e-01 
 1.506537193060747e-07  5.845038353953624e-01 
 1.506737193060747e-07  5.845038353953622e-01 
 1.506937193060747e-07  5.845038353953622e-01 
 1.507137193060747e-07  5.845038353953620e-01 
 1.507337193060747e-07  5.845038353953620e-01 
 1.507537193060747e-07  5.845038353953618e-01 
 1.507737193060747e-07  5.845038353953619e-01 
 1.507937193060746e-07  5.845038353953618e-01 
 1.508137193060746e-07  5.845038353953618e-01 
 1.508337193060746e-07  5.845038353953615e-01 
 1.508537193060746e-07  5.845038353953620e-01 
 1.508737193060746e-07  5.845038353953620e-01 
 1.508937193060746e-07  5.845038353953621e-01 
 1.509137193060746e-07  5.845038353953620e-01 
 1.509337193060746e-07  5.845038353953621e-01 
 1.509537193060746e-07  5.845038353953620e-01 
 1.509737193060746e-07  5.845038353953620e-01 
 1.509937193060746e-07  5.845038353953618e-01 
 1.510137193060746e-07  5.845038353953619e-01 
 1.510337193060746e-07  5.845038353953619e-01 
 1.510537193060746e-07  5.845038353953622e-01 
 1.510737193060746e-07  5.845038353953621e-01 
 1.510937193060746e-07  5.845038353953623e-01 
 1.511137193060746e-07  5.845038353953621e-01 
 1.511337193060746e-07  5.845038353953622e-01 
 1.511537193060746e-07  5.845038353953621e-01 
 1.511737193060746e-07  5.845038353953623e-01 
 1.511937193060746e-07  5.845038353953621e-01 
 1.512137193060746e-07  5.845038353953622e-01 
 1.512337193060746e-07  5.845038353953619e-01 
 1.512537193060746e-07  5.845038353953621e-01 
 1.512737193060746e-07  5.845038353953622e-01 
 1.512937193060746e-07  5.845038353953624e-01 
 1.513137193060745e-07  5.845038353953623e-01 
 1.513337193060745e-07  5.845038353953623e-01 
 1.513537193060745e-07  5.845038353953621e-01 
 1.513737193060745e-07  5.845038353953623e-01 
 1.513937193060745e-07  5.845038353953621e-01 
 1.514137193060745e-07  5.845038353953623e-01 
 1.514337193060745e-07  5.845038353953621e-01 
 1.514537193060745e-07  5.845038353953622e-01 
 1.514737193060745e-07  5.845038353953621e-01 
 1.514937193060745e-07  5.845038353953622e-01 
 1.515137193060745e-07  5.845038353953619e-01 
 1.515337193060745e-07  5.845038353953621e-01 
 1.515537193060745e-07  5.845038353953622e-01 
 1.515737193060745e-07  5.845038353953624e-01 
 1.515937193060745e-07  5.845038353953623e-01 
 1.516137193060745e-07  5.845038353953624e-01 
 1.516337193060745e-07  5.845038353953623e-01 
 1.516537193060745e-07  5.845038353953623e-01 
 1.516737193060745e-07  5.845038353953621e-01 
 1.516937193060745e-07  5.845038353953622e-01 
 1.517137193060745e-07  5.845038353953620e-01 
 1.517337193060745e-07  5.845038353953620e-01 
 1.517537193060745e-07  5.845038353953618e-01 
 1.517737193060745e-07  5.845038353953620e-01 
 1.517937193060745e-07  5.845038353953620e-01 
 1.518137193060745e-07  5.845038353953621e-01 
 1.518337193060745e-07  5.845038353953622e-01 
 1.518537193060744e-07  5.845038353953627e-01 
 1.518737193060744e-07  5.845038353953627e-01 
 1.518937193060744e-07  5.845038353953627e-01 
 1.519137193060744e-07  5.845038353953623e-01 
 1.519337193060744e-07  5.845038353953622e-01 
 1.519537193060744e-07  5.845038353953622e-01 
 1.519737193060744e-07  5.845038353953624e-01 
 1.519937193060744e-07  5.845038353953620e-01 
 1.520137193060744e-07  5.845038353953618e-01 
 1.520337193060744e-07  5.845038353953613e-01 
 1.520537193060744e-07  5.845038353953615e-01 
 1.520737193060744e-07  5.845038353953617e-01 
 1.520937193060744e-07  5.845038353953618e-01 
 1.521137193060744e-07  5.845038353953615e-01 
 1.521337193060744e-07  5.845038353953618e-01 
 1.521537193060744e-07  5.845038353953615e-01 
 1.521737193060744e-07  5.845038353953618e-01 
 1.521937193060744e-07  5.845038353953617e-01 
 1.522137193060744e-07  5.845038353953618e-01 
 1.522337193060744e-07  5.845038353953618e-01 
 1.522537193060744e-07  5.845038353953619e-01 
 1.522737193060744e-07  5.845038353953617e-01 
 1.522937193060744e-07  5.845038353953619e-01 
 1.523137193060744e-07  5.845038353953619e-01 
 1.523337193060744e-07  5.845038353953621e-01 
 1.523537193060744e-07  5.845038353953621e-01 
 1.523737193060743e-07  5.845038353953623e-01 
 1.523937193060743e-07  5.845038353953622e-01 
 1.524137193060743e-07  5.845038353953625e-01 
 1.524337193060743e-07  5.845038353953624e-01 
 1.524537193060743e-07  5.845038353953625e-01 
 1.524737193060743e-07  5.845038353953623e-01 
 1.524937193060743e-07  5.845038353953623e-01 
 1.525137193060743e-07  5.845038353953621e-01 
 1.525337193060743e-07  5.845038353953621e-01 
 1.525537193060743e-07  5.845038353953618e-01 
 1.525737193060743e-07  5.845038353953618e-01 
 1.525937193060743e-07  5.845038353953615e-01 
 1.526137193060743e-07  5.845038353953618e-01 
 1.526337193060743e-07  5.845038353953617e-01 
 1.526537193060743e-07  5.845038353953618e-01 
 1.526737193060743e-07  5.845038353953617e-01 
 1.526937193060743e-07  5.845038353953620e-01 
 1.527137193060743e-07  5.845038353953620e-01 
 1.527337193060743e-07  5.845038353953621e-01 
 1.527537193060743e-07  5.845038353953620e-01 
 1.527737193060743e-07  5.845038353953621e-01 
 1.527937193060743e-07  5.845038353953622e-01 
 1.528137193060743e-07  5.845038353953624e-01 
 1.528337193060743e-07  5.845038353953622e-01 
 1.528537193060743e-07  5.845038353953623e-01 
 1.528737193060743e-07  5.845038353953622e-01 
 1.528937193060742e-07  5.845038353953623e-01 
 1.529137193060742e-07  5.845038353953621e-01 
 1.529337193060742e-07  5.845038353953622e-01 
 1.529537193060742e-07  5.845038353953621e-01 
 1.529737193060742e-07  5.845038353953624e-01 
 1.529937193060742e-07  5.845038353953624e-01 
 1.530137193060742e-07  5.845038353953627e-01 
 1.530337193060742e-07  5.845038353953629e-01 
 1.530537193060742e-07  5.845038353953632e-01 
 1.530737193060742e-07  5.845038353953630e-01 
 1.530937193060742e-07  5.845038353953630e-01 
 1.531137193060742e-07  5.845038353953627e-01 
 1.531337193060742e-07  5.845038353953625e-01 
 1.531537193060742e-07  5.845038353953621e-01 
 1.531737193060742e-07  5.845038353953621e-01 
 1.531937193060742e-07  5.845038353953621e-01 
 1.532137193060742e-07  5.845038353953624e-01 
 1.532337193060742e-07  5.845038353953623e-01 
 1.532537193060742e-07  5.845038353953624e-01 
 1.532737193060742e-07  5.845038353953624e-01 
 1.532937193060742e-07  5.845038353953627e-01 
 1.533137193060742e-07  5.845038353953627e-01 
 1.533337193060742e-07  5.845038353953627e-01 
 1.533537193060742e-07  5.845038353953624e-01 
 1.533737193060742e-07  5.845038353953625e-01 
 1.533937193060742e-07  5.845038353953623e-01 
 1.534137193060742e-07  5.845038353953622e-01 
 1.534337193060741e-07  5.845038353953620e-01 
 1.534537193060741e-07  5.845038353953621e-01 
 1.534737193060741e-07  5.845038353953622e-01 
 1.534937193060741e-07  5.845038353953624e-01 
 1.535137193060741e-07  5.845038353953623e-01 
 1.535337193060741e-07  5.845038353953623e-01 
 1.535537193060741e-07  5.845038353953620e-01 
 1.535737193060741e-07  5.845038353953620e-01 
 1.535937193060741e-07  5.845038353953618e-01 
 1.536137193060741e-07  5.845038353953618e-01 
 1.536337193060741e-07  5.845038353953617e-01 
 1.536537193060741e-07  5.845038353953618e-01 
 1.536737193060741e-07  5.845038353953617e-01 
 1.536937193060741e-07  5.845038353953619e-01 
 1.537137193060741e-07  5.845038353953620e-01 
 1.537337193060741e-07  5.845038353953622e-01 
 1.537537193060741e-07  5.845038353953620e-01 
 1.537737193060741e-07  5.845038353953619e-01 
 1.537937193060741e-07  5.845038353953615e-01 
 1.538137193060741e-07  5.845038353953615e-01 
 1.538337193060741e-07  5.845038353953615e-01 
 1.538537193060741e-07  5.845038353953619e-01 
 1.538737193060741e-07  5.845038353953619e-01 
 1.538937193060741e-07  5.845038353953622e-01 
 1.539137193060741e-07  5.845038353953623e-01 
 1.539337193060741e-07  5.845038353953625e-01 
 1.539537193060740e-07  5.845038353953623e-01 
 1.539737193060740e-07  5.845038353953622e-01 
 1.539937193060740e-07  5.845038353953620e-01 
 1.540137193060740e-07  5.845038353953620e-01 
 1.540337193060740e-07  5.845038353953618e-01 
 1.540537193060740e-07  5.845038353953617e-01 
 1.540737193060740e-07  5.845038353953614e-01 
 1.540937193060740e-07  5.845038353953615e-01 
 1.541137193060740e-07  5.845038353953615e-01 
 1.541337193060740e-07  5.845038353953618e-01 
 1.541537193060740e-07  5.845038353953615e-01 
 1.541737193060740e-07  5.845038353953617e-01 
 1.541937193060740e-07  5.845038353953615e-01 
 1.542137193060740e-07  5.845038353953619e-01 
 1.542337193060740e-07  5.845038353953620e-01 
 1.542537193060740e-07  5.845038353953621e-01 
 1.542737193060740e-07  5.845038353953621e-01 
 1.542937193060740e-07  5.845038353953622e-01 
 1.543137193060740e-07  5.845038353953621e-01 
 1.543337193060740e-07  5.845038353953623e-01 
 1.543537193060740e-07  5.845038353953621e-01 
 1.543737193060740e-07  5.845038353953623e-01 
 1.543937193060740e-07  5.845038353953623e-01 
 1.544137193060740e-07  5.845038353953623e-01 
 1.544337193060740e-07  5.845038353953620e-01 
 1.544537193060740e-07  5.845038353953619e-01 
 1.544737193060739e-07  5.845038353953617e-01 
 1.544937193060739e-07  5.845038353953620e-01 
 1.545137193060739e-07  5.845038353953620e-01 
 1.545337193060739e-07  5.845038353953621e-01 
 1.545537193060739e-07  5.845038353953621e-01 
 1.545737193060739e-07  5.845038353953623e-01 
 1.545937193060739e-07  5.845038353953622e-01 
 1.546137193060739e-07  5.845038353953623e-01 
 1.546337193060739e-07  5.845038353953622e-01 
 1.546537193060739e-07  5.845038353953624e-01 
 1.546737193060739e-07  5.845038353953624e-01 
 1.546937193060739e-07  5.845038353953627e-01 
 1.547137193060739e-07  5.845038353953628e-01 
 1.547337193060739e-07  5.845038353953629e-01 
 1.547537193060739e-07  5.845038353953627e-01 
 1.547737193060739e-07  5.845038353953628e-01 
 1.547937193060739e-07  5.845038353953627e-01 
 1.548137193060739e-07  5.845038353953627e-01 
 1.548337193060739e-07  5.845038353953624e-01 
 1.548537193060739e-07  5.845038353953625e-01 
 1.548737193060739e-07  5.845038353953624e-01 
 1.548937193060739e-07  5.845038353953627e-01 
 1.549137193060739e-07  5.845038353953627e-01 
 1.549337193060739e-07  5.845038353953628e-01 
 1.549537193060739e-07  5.845038353953627e-01 
 1.549737193060739e-07  5.845038353953629e-01 
 1.549937193060739e-07  5.845038353953628e-01 
 1.550137193060738e-07  5.845038353953627e-01 
 1.550337193060738e-07  5.845038353953625e-01 
 1.550537193060738e-07  5.845038353953625e-01 
 1.550737193060738e-07  5.845038353953622e-01 
 1.550937193060738e-07  5.845038353953622e-01 
 1.551137193060738e-07  5.845038353953622e-01 
 1.551337193060738e-07  5.845038353953624e-01 
 1.551537193060738e-07  5.845038353953623e-01 
 1.551737193060738e-07  5.845038353953623e-01 
 1.551937193060738e-07  5.845038353953622e-01 
 1.552137193060738e-07  5.845038353953624e-01 
 1.552337193060738e-07  5.845038353953625e-01 
 1.552537193060738e-07  5.845038353953627e-01 
 1.552737193060738e-07  5.845038353953625e-01 
 1.552937193060738e-07  5.845038353953624e-01 
 1.553137193060738e-07  5.845038353953622e-01 
 1.553337193060738e-07  5.845038353953624e-01 
 1.553537193060738e-07  5.845038353953627e-01 
 1.553737193060738e-07  5.845038353953630e-01 
 1.553937193060738e-07  5.845038353953629e-01 
 1.554137193060738e-07  5.845038353953630e-01 
 1.554337193060738e-07  5.845038353953628e-01 
 1.554537193060738e-07  5.845038353953628e-01 
 1.554737193060738e-07  5.845038353953627e-01 
 1.554937193060738e-07  5.845038353953627e-01 
 1.555137193060738e-07  5.845038353953623e-01 
 1.555337193060737e-07  5.845038353953623e-01 
 1.555537193060737e-07  5.845038353953621e-01 
 1.555737193060737e-07  5.845038353953622e-01 
 1.555937193060737e-07  5.845038353953622e-01 
 1.556137193060737e-07  5.845038353953624e-01 
 1.556337193060737e-07  5.845038353953625e-01 
 1.556537193060737e-07  5.845038353953627e-01 
 1.556737193060737e-07  5.845038353953624e-01 
 1.556937193060737e-07  5.845038353953624e-01 
 1.557137193060737e-07  5.845038353953623e-01 
 1.557337193060737e-07  5.845038353953623e-01 
 1.557537193060737e-07  5.845038353953622e-01 
 1.557737193060737e-07  5.845038353953624e-01 
 1.557937193060737e-07  5.845038353953624e-01 
 1.558137193060737e-07  5.845038353953624e-01 
 1.558337193060737e-07  5.845038353953622e-01 
 1.558537193060737e-07  5.845038353953623e-01 
 1.558737193060737e-07  5.845038353953621e-01 
 1.558937193060737e-07  5.845038353953623e-01 
 1.559137193060737e-07  5.845038353953623e-01 
 1.559337193060737e-07  5.845038353953624e-01 
 1.559537193060737e-07  5.845038353953624e-01 
 1.559737193060737e-07  5.845038353953627e-01 
 1.559937193060737e-07  5.845038353953627e-01 
 1.560137193060737e-07  5.845038353953627e-01 
 1.560337193060737e-07  5.845038353953624e-01 
 1.560537193060737e-07  5.845038353953624e-01 
 1.560737193060736e-07  5.845038353953623e-01 
 1.560937193060736e-07  5.845038353953622e-01 
 1.561137193060736e-07  5.845038353953621e-01 
 1.561337193060736e-07  5.845038353953623e-01 
 1.561537193060736e-07  5.845038353953621e-01 
 1.561737193060736e-07  5.845038353953622e-01 
 1.561937193060736e-07  5.845038353953620e-01 
 1.562137193060736e-07  5.845038353953619e-01 
 1.562337193060736e-07  5.845038353953618e-01 
 1.562537193060736e-07  5.845038353953618e-01 
 1.562737193060736e-07  5.845038353953615e-01 
 1.562937193060736e-07  5.845038353953619e-01 
 1.563137193060736e-07  5.845038353953619e-01 
 1.563337193060736e-07  5.845038353953620e-01 
 1.563537193060736e-07  5.845038353953619e-01 
 1.563737193060736e-07  5.845038353953621e-01 
 1.563937193060736e-07  5.845038353953621e-01 
 1.564137193060736e-07  5.845038353953621e-01 
 1.564337193060736e-07  5.845038353953620e-01 
 1.564537193060736e-07  5.845038353953621e-01 
 1.564737193060736e-07  5.845038353953622e-01 
 1.564937193060736e-07  5.845038353953624e-01 
 1.565137193060736e-07  5.845038353953624e-01 
 1.565337193060736e-07  5.845038353953625e-01 
 1.565537193060736e-07  5.845038353953623e-01 
 1.565737193060736e-07  5.845038353953621e-01 
 1.565937193060735e-07  5.845038353953618e-01 
 1.566137193060735e-07  5.845038353953618e-01 
 1.566337193060735e-07  5.845038353953618e-01 
 1.566537193060735e-07  5.845038353953618e-01 
 1.566737193060735e-07  5.845038353953615e-01 
 1.566937193060735e-07  5.845038353953618e-01 
 1.567137193060735e-07  5.845038353953618e-01 
 1.567337193060735e-07  5.845038353953620e-01 
 1.567537193060735e-07  5.845038353953618e-01 
 1.567737193060735e-07  5.845038353953615e-01 
 1.567937193060735e-07  5.845038353953615e-01 
 1.568137193060735e-07  5.845038353953618e-01 
 1.568337193060735e-07  5.845038353953617e-01 
 1.568537193060735e-07  5.845038353953618e-01 
 1.568737193060735e-07  5.845038353953617e-01 
 1.568937193060735e-07  5.845038353953618e-01 
 1.569137193060735e-07  5.845038353953615e-01 
 1.569337193060735e-07  5.845038353953615e-01 
 1.569537193060735e-07  5.845038353953614e-01 
 1.569737193060735e-07  5.845038353953614e-01 
 1.569937193060735e-07  5.845038353953611e-01 
 1.570137193060735e-07  5.845038353953612e-01 
 1.570337193060735e-07  5.845038353953611e-01 
 1.570537193060735e-07  5.845038353953611e-01 
 1.570737193060735e-07  5.845038353953610e-01 
 1.570937193060735e-07  5.845038353953614e-01 
 1.571137193060734e-07  5.845038353953618e-01 
 1.571337193060734e-07  5.845038353953621e-01 
 1.571537193060734e-07  5.845038353953621e-01 
 1.571737193060734e-07  5.845038353953622e-01 
 1.571937193060734e-07  5.845038353953621e-01 
 1.572137193060734e-07  5.845038353953623e-01 
 1.572337193060734e-07  5.845038353953624e-01 
 1.572537193060734e-07  5.845038353953628e-01 
 1.572737193060734e-07  5.845038353953627e-01 
 1.572937193060734e-07  5.845038353953628e-01 
 1.573137193060734e-07  5.845038353953625e-01 
 1.573337193060734e-07  5.845038353953623e-01 
 1.573537193060734e-07  5.845038353953620e-01 
 1.573737193060734e-07  5.845038353953620e-01 
 1.573937193060734e-07  5.845038353953620e-01 
 1.574137193060734e-07  5.845038353953622e-01 
 1.574337193060734e-07  5.845038353953622e-01 
 1.574537193060734e-07  5.845038353953622e-01 
 1.574737193060734e-07  5.845038353953621e-01 
 1.574937193060734e-07  5.845038353953622e-01 
 1.575137193060734e-07  5.845038353953621e-01 
 1.575337193060734e-07  5.845038353953624e-01 
 1.575537193060734e-07  5.845038353953625e-01 
 1.575737193060734e-07  5.845038353953627e-01 
 1.575937193060734e-07  5.845038353953625e-01 
 1.576137193060734e-07  5.845038353953624e-01 
 1.576337193060734e-07  5.845038353953622e-01 
 1.576537193060733e-07  5.845038353953623e-01 
 1.576737193060733e-07  5.845038353953622e-01 
 1.576937193060733e-07  5.845038353953623e-01 
 1.577137193060733e-07  5.845038353953623e-01 
 1.577337193060733e-07  5.845038353953624e-01 
 1.577537193060733e-07  5.845038353953624e-01 
 1.577737193060733e-07  5.845038353953625e-01 
 1.577937193060733e-07  5.845038353953623e-01 
 1.578137193060733e-07  5.845038353953622e-01 
 1.578337193060733e-07  5.845038353953620e-01 
 1.578537193060733e-07  5.845038353953619e-01 
 1.578737193060733e-07  5.845038353953618e-01 
 1.578937193060733e-07  5.845038353953617e-01 
 1.579137193060733e-07  5.845038353953613e-01 
 1.579337193060733e-07  5.845038353953614e-01 
 1.579537193060733e-07  5.845038353953614e-01 
 1.579737193060733e-07  5.845038353953615e-01 
 1.579937193060733e-07  5.845038353953617e-01 
 1.580137193060733e-07  5.845038353953620e-01 
 1.580337193060733e-07  5.845038353953620e-01 
 1.580537193060733e-07  5.845038353953620e-01 
 1.580737193060733e-07  5.845038353953620e-01 
 1.580937193060733e-07  5.845038353953622e-01 
 1.581137193060733e-07  5.845038353953622e-01 
 1.581337193060733e-07  5.845038353953623e-01 
 1.581537193060733e-07  5.845038353953621e-01 
 1.581737193060732e-07  5.845038353953622e-01 
 1.581937193060732e-07  5.845038353953622e-01 
 1.582137193060732e-07  5.845038353953623e-01 
 1.582337193060732e-07  5.845038353953622e-01 
 1.582537193060732e-07  5.845038353953625e-01 
 1.582737193060732e-07  5.845038353953624e-01 
 1.582937193060732e-07  5.845038353953623e-01 
 1.583137193060732e-07  5.845038353953619e-01 
 1.583337193060732e-07  5.845038353953618e-01 
 1.583537193060732e-07  5.845038353953615e-01 
 1.583737193060732e-07  5.845038353953618e-01 
 1.583937193060732e-07  5.845038353953618e-01 
 1.584137193060732e-07  5.845038353953619e-01 
 1.584337193060732e-07  5.845038353953620e-01 
 1.584537193060732e-07  5.845038353953622e-01 
 1.584737193060732e-07  5.845038353953622e-01 
 1.584937193060732e-07  5.845038353953622e-01 
 1.585137193060732e-07  5.845038353953620e-01 
 1.585337193060732e-07  5.845038353953620e-01 
 1.585537193060732e-07  5.845038353953619e-01 
 1.585737193060732e-07  5.845038353953621e-01 
 1.585937193060732e-07  5.845038353953622e-01 
 1.586137193060732e-07  5.845038353953623e-01 
 1.586337193060732e-07  5.845038353953622e-01 
 1.586537193060732e-07  5.845038353953623e-01 
 1.586737193060732e-07  5.845038353953622e-01 
 1.586937193060731e-07  5.845038353953622e-01 
 1.587137193060731e-07  5.845038353953621e-01 
 1.587337193060731e-07  5.845038353953622e-01 
 1.587537193060731e-07  5.845038353953621e-01 
 1.587737193060731e-07  5.845038353953622e-01 
 1.587937193060731e-07  5.845038353953621e-01 
 1.588137193060731e-07  5.845038353953623e-01 
 1.588337193060731e-07  5.845038353953623e-01 
 1.588537193060731e-07  5.845038353953622e-01 
 1.588737193060731e-07  5.845038353953620e-01 
 1.588937193060731e-07  5.845038353953620e-01 
 1.589137193060731e-07  5.845038353953617e-01 
 1.589337193060731e-07  5.845038353953617e-01 
 1.589537193060731e-07  5.845038353953617e-01 
 1.589737193060731e-07  5.845038353953618e-01 
 1.589937193060731e-07  5.845038353953617e-01 
 1.590137193060731e-07  5.845038353953619e-01 
 1.590337193060731e-07  5.845038353953621e-01 
 1.590537193060731e-07  5.845038353953625e-01 
 1.590737193060731e-07  5.845038353953625e-01 
 1.590937193060731e-07  5.845038353953624e-01 
 1.591137193060731e-07  5.845038353953622e-01 
 1.591337193060731e-07  5.845038353953623e-01 
 1.591537193060731e-07  5.845038353953622e-01 
 1.591737193060731e-07  5.845038353953623e-01 
 1.591937193060731e-07  5.845038353953623e-01 
 1.592137193060731e-07  5.845038353953623e-01 
 1.592337193060730e-07  5.845038353953622e-01 
 1.592537193060730e-07  5.845038353953622e-01 
 1.592737193060730e-07  5.845038353953620e-01 
 1.592937193060730e-07  5.845038353953620e-01 
 1.593137193060730e-07  5.845038353953618e-01 
 1.593337193060730e-07  5.845038353953617e-01 
 1.593537193060730e-07  5.845038353953614e-01 
 1.593737193060730e-07  5.845038353953617e-01 
 1.593937193060730e-07  5.845038353953618e-01 
 1.594137193060730e-07  5.845038353953619e-01 
 1.594337193060730e-07  5.845038353953620e-01 
 1.594537193060730e-07  5.845038353953620e-01 
 1.594737193060730e-07  5.845038353953619e-01 
 1.594937193060730e-07  5.845038353953621e-01 
 1.595137193060730e-07  5.845038353953621e-01 
 1.595337193060730e-07  5.845038353953623e-01 
 1.595537193060730e-07  5.845038353953623e-01 
 1.595737193060730e-07  5.845038353953623e-01 
 1.595937193060730e-07  5.845038353953622e-01 
 1.596137193060730e-07  5.845038353953624e-01 
 1.596337193060730e-07  5.845038353953625e-01 
 1.596537193060730e-07  5.845038353953624e-01 
 1.596737193060730e-07  5.845038353953622e-01 
 1.596937193060730e-07  5.845038353953622e-01 
 1.597137193060730e-07  5.845038353953621e-01 
 1.597337193060730e-07  5.845038353953623e-01 
 1.597537193060729e-07  5.845038353953622e-01 
 1.597737193060729e-07  5.845038353953623e-01 
 1.597937193060729e-07  5.845038353953621e-01 
 1.598137193060729e-07  5.845038353953621e-01 
 1.598337193060729e-07  5.845038353953621e-01 
 1.598537193060729e-07  5.845038353953622e-01 
 1.598737193060729e-07  5.845038353953621e-01 
 1.598937193060729e-07  5.845038353953622e-01 
 1.599137193060729e-07  5.845038353953621e-01 
 1.599337193060729e-07  5.845038353953622e-01 
 1.599537193060729e-07  5.845038353953621e-01 
 1.599737193060729e-07  5.845038353953622e-01 
 1.599937193060729e-07  5.845038353953621e-01 
 1.600137193060729e-07  5.845038353953623e-01 
 1.600337193060729e-07  5.845038353953623e-01 
 1.600537193060729e-07  5.845038353953622e-01 
 1.600737193060729e-07  5.845038353953621e-01 
 1.600937193060729e-07  5.845038353953623e-01 
 1.601137193060729e-07  5.845038353953622e-01 
 1.601337193060729e-07  5.845038353953622e-01 
 1.601537193060729e-07  5.845038353953621e-01 
 1.601737193060729e-07  5.845038353953622e-01 
 1.601937193060729e-07  5.845038353953622e-01 
 1.602137193060729e-07  5.845038353953624e-01 
 1.602337193060729e-07  5.845038353953624e-01 
 1.602537193060729e-07  5.845038353953625e-01 
 1.602737193060729e-07  5.845038353953622e-01 
 1.602937193060728e-07  5.845038353953621e-01 
 1.603137193060728e-07  5.845038353953620e-01 
 1.603337193060728e-07  5.845038353953619e-01 
 1.603537193060728e-07  5.845038353953618e-01 
 1.603737193060728e-07  5.845038353953617e-01 
 1.603937193060728e-07  5.845038353953614e-01 
 1.604137193060728e-07  5.845038353953615e-01 
 1.604337193060728e-07  5.845038353953618e-01 
 1.604537193060728e-07  5.845038353953621e-01 
 1.604737193060728e-07  5.845038353953623e-01 
 1.604937193060728e-07  5.845038353953624e-01 
 1.605137193060728e-07  5.845038353953625e-01 
 1.605337193060728e-07  5.845038353953627e-01 
 1.605537193060728e-07  5.845038353953627e-01 
 1.605737193060728e-07  5.845038353953628e-01 
 1.605937193060728e-07  5.845038353953627e-01 
 1.606137193060728e-07  5.845038353953627e-01 
 1.606337193060728e-07  5.845038353953624e-01 
 1.606537193060728e-07  5.845038353953624e-01 
 1.606737193060728e-07  5.845038353953623e-01 
 1.606937193060728e-07  5.845038353953622e-01 
 1.607137193060728e-07  5.845038353953621e-01 
 1.607337193060728e-07  5.845038353953622e-01 
 1.607537193060728e-07  5.845038353953621e-01 
 1.607737193060728e-07  5.845038353953621e-01 
 1.607937193060728e-07  5.845038353953621e-01 
 1.608137193060727e-07  5.845038353953623e-01 
 1.608337193060727e-07  5.845038353953621e-01 
 1.608537193060727e-07  5.845038353953621e-01 
 1.608737193060727e-07  5.845038353953620e-01 
 1.608937193060727e-07  5.845038353953620e-01 
 1.609137193060727e-07  5.845038353953618e-01 
 1.609337193060727e-07  5.845038353953615e-01 
 1.609537193060727e-07  5.845038353953614e-01 
 1.609737193060727e-07  5.845038353953614e-01 
 1.609937193060727e-07  5.845038353953613e-01 
 1.610137193060727e-07  5.845038353953615e-01 
 1.610337193060727e-07  5.845038353953618e-01 
 1.610537193060727e-07  5.845038353953619e-01 
 1.610737193060727e-07  5.845038353953619e-01 
 1.610937193060727e-07  5.845038353953620e-01 
 1.611137193060727e-07  5.845038353953618e-01 
 1.611337193060727e-07  5.845038353953617e-01 
 1.611537193060727e-07  5.845038353953617e-01 
 1.611737193060727e-07  5.845038353953618e-01 
 1.611937193060727e-07  5.845038353953618e-01 
 1.612137193060727e-07  5.845038353953618e-01 
 1.612337193060727e-07  5.845038353953617e-01 
 1.612537193060727e-07  5.845038353953618e-01 
 1.612737193060727e-07  5.845038353953617e-01 
 1.612937193060727e-07  5.845038353953618e-01 
 1.613137193060727e-07  5.845038353953617e-01 
 1.613337193060726e-07  5.845038353953619e-01 
 1.613537193060726e-07  5.845038353953619e-01 
 1.613737193060726e-07  5.845038353953620e-01 
 1.613937193060726e-07  5.845038353953618e-01 
 1.614137193060726e-07  5.845038353953617e-01 
 1.614337193060726e-07  5.845038353953615e-01 
 1.614537193060726e-07  5.845038353953615e-01 
 1.614737193060726e-07  5.845038353953614e-01 
 1.614937193060726e-07  5.845038353953613e-01 
 1.615137193060726e-07  5.845038353953611e-01 
 1.615337193060726e-07  5.845038353953610e-01 
 1.615537193060726e-07  5.845038353953610e-01 
 1.615737193060726e-07  5.845038353953613e-01 
 1.615937193060726e-07  5.845038353953614e-01 
 1.616137193060726e-07  5.845038353953617e-01 
 1.616337193060726e-07  5.845038353953617e-01 
 1.616537193060726e-07  5.845038353953617e-01 
 1.616737193060726e-07  5.845038353953617e-01 
 1.616937193060726e-07  5.845038353953618e-01 
 1.617137193060726e-07  5.845038353953617e-01 
 1.617337193060726e-07  5.845038353953618e-01 
 1.617537193060726e-07  5.845038353953617e-01 
 1.617737193060726e-07  5.845038353953617e-01 
 1.617937193060726e-07  5.845038353953617e-01 
 1.618137193060726e-07  5.845038353953617e-01 
 1.618337193060726e-07  5.845038353953614e-01 
 1.618537193060726e-07  5.845038353953615e-01 
 1.618737193060725e-07  5.845038353953617e-01 
 1.618937193060725e-07  5.845038353953617e-01 
 1.619137193060725e-07  5.845038353953615e-01 
 1.619337193060725e-07  5.845038353953618e-01 
 1.619537193060725e-07  5.845038353953618e-01 
 1.619737193060725e-07  5.845038353953617e-01 
 1.619937193060725e-07  5.845038353953614e-01 
 1.620137193060725e-07  5.845038353953615e-01 
 1.620337193060725e-07  5.845038353953617e-01 
 1.620537193060725e-07  5.845038353953617e-01 
 1.620737193060725e-07  5.845038353953615e-01 
 1.620937193060725e-07  5.845038353953618e-01 
 1.621137193060725e-07  5.845038353953617e-01 
 1.621337193060725e-07  5.845038353953615e-01 
 1.621537193060725e-07  5.845038353953614e-01 
 1.621737193060725e-07  5.845038353953615e-01 
 1.621937193060725e-07  5.845038353953615e-01 
 1.622137193060725e-07  5.845038353953617e-01 
 1.622337193060725e-07  5.845038353953617e-01 
 1.622537193060725e-07  5.845038353953618e-01 
 1.622737193060725e-07  5.845038353953617e-01 
 1.622937193060725e-07  5.845038353953617e-01 
 1.623137193060725e-07  5.845038353953617e-01 
 1.623337193060725e-07  5.845038353953618e-01 
 1.623537193060725e-07  5.845038353953617e-01 
 1.623737193060725e-07  5.845038353953618e-01 
 1.623937193060724e-07  5.845038353953617e-01 
 1.624137193060724e-07  5.845038353953618e-01 
 1.624337193060724e-07  5.845038353953617e-01 
 1.624537193060724e-07  5.845038353953617e-01 
 1.624737193060724e-07  5.845038353953615e-01 
 1.624937193060724e-07  5.845038353953618e-01 
 1.625137193060724e-07  5.845038353953618e-01 
 1.625337193060724e-07  5.845038353953618e-01 
 1.625537193060724e-07  5.845038353953618e-01 
 1.625737193060724e-07  5.845038353953618e-01 
 1.625937193060724e-07  5.845038353953617e-01 
 1.626137193060724e-07  5.845038353953618e-01 
 1.626337193060724e-07  5.845038353953615e-01 
 1.626537193060724e-07  5.845038353953615e-01 
 1.626737193060724e-07  5.845038353953615e-01 
 1.626937193060724e-07  5.845038353953618e-01 
 1.627137193060724e-07  5.845038353953617e-01 
 1.627337193060724e-07  5.845038353953617e-01 
 1.627537193060724e-07  5.845038353953615e-01 
 1.627737193060724e-07  5.845038353953618e-01 
 1.627937193060724e-07  5.845038353953618e-01 
 1.628137193060724e-07  5.845038353953619e-01 
 1.628337193060724e-07  5.845038353953620e-01 
 1.628537193060724e-07  5.845038353953622e-01 
 1.628737193060724e-07  5.845038353953623e-01 
 1.628937193060724e-07  5.845038353953624e-01 
 1.629137193060723e-07  5.845038353953625e-01 
 1.629337193060723e-07  5.845038353953627e-01 
 1.629537193060723e-07  5.845038353953625e-01 
 1.629737193060723e-07  5.845038353953623e-01 
 1.629937193060723e-07  5.845038353953621e-01 
 1.630137193060723e-07  5.845038353953623e-01 
 1.630337193060723e-07  5.845038353953623e-01 
 1.630537193060723e-07  5.845038353953623e-01 
 1.630737193060723e-07  5.845038353953622e-01 
 1.630937193060723e-07  5.845038353953624e-01 
 1.631137193060723e-07  5.845038353953627e-01 
 1.631337193060723e-07  5.845038353953629e-01 
 1.631537193060723e-07  5.845038353953629e-01 
 1.631737193060723e-07  5.845038353953629e-01 
 1.631937193060723e-07  5.845038353953628e-01 
 1.632137193060723e-07  5.845038353953628e-01 
 1.632337193060723e-07  5.845038353953627e-01 
 1.632537193060723e-07  5.845038353953627e-01 
 1.632737193060723e-07  5.845038353953627e-01 
 1.632937193060723e-07  5.845038353953627e-01 
 1.633137193060723e-07  5.845038353953623e-01 
 1.633337193060723e-07  5.845038353953621e-01 
 1.633537193060723e-07  5.845038353953620e-01 
 1.633737193060723e-07  5.845038353953620e-01 
 1.633937193060723e-07  5.845038353953618e-01 
 1.634137193060723e-07  5.845038353953615e-01 
 1.634337193060723e-07  5.845038353953615e-01 
 1.634537193060722e-07  5.845038353953619e-01 
 1.634737193060722e-07  5.845038353953620e-01 
 1.634937193060722e-07  5.845038353953619e-01 
 1.635137193060722e-07  5.845038353953619e-01 
 1.635337193060722e-07  5.845038353953621e-01 
 1.635537193060722e-07  5.845038353953622e-01 
 1.635737193060722e-07  5.845038353953623e-01 
 1.635937193060722e-07  5.845038353953622e-01 
 1.636137193060722e-07  5.845038353953623e-01 
 1.636337193060722e-07  5.845038353953622e-01 
 1.636537193060722e-07  5.845038353953623e-01 
 1.636737193060722e-07  5.845038353953623e-01 
 1.636937193060722e-07  5.845038353953623e-01 
 1.637137193060722e-07  5.845038353953622e-01 
 1.637337193060722e-07  5.845038353953624e-01 
 1.637537193060722e-07  5.845038353953625e-01 
 1.637737193060722e-07  5.845038353953624e-01 
 1.637937193060722e-07  5.845038353953623e-01 
 1.638137193060722e-07  5.845038353953623e-01 
 1.638337193060722e-07  5.845038353953622e-01 
 1.638537193060722e-07  5.845038353953623e-01 
 1.638737193060722e-07  5.845038353953621e-01 
 1.638937193060722e-07  5.845038353953621e-01 
 1.639137193060722e-07  5.845038353953621e-01 
 1.639337193060722e-07  5.845038353953622e-01 
 1.639537193060722e-07  5.845038353953622e-01 
 1.639737193060721e-07  5.845038353953623e-01 
 1.639937193060721e-07  5.845038353953622e-01 
 1.640137193060721e-07  5.845038353953622e-01 
 1.640337193060721e-07  5.845038353953621e-01 
 1.640537193060721e-07  5.845038353953622e-01 
 1.640737193060721e-07  5.845038353953622e-01 
 1.640937193060721e-07  5.845038353953623e-01 
 1.641137193060721e-07  5.845038353953622e-01 
 1.641337193060721e-07  5.845038353953621e-01 
 1.641537193060721e-07  5.845038353953621e-01 
 1.641737193060721e-07  5.845038353953622e-01 
 1.641937193060721e-07  5.845038353953621e-01 
 1.642137193060721e-07  5.845038353953623e-01 
 1.642337193060721e-07  5.845038353953622e-01 
 1.642537193060721e-07  5.845038353953623e-01 
 1.642737193060721e-07  5.845038353953621e-01 
 1.642937193060721e-07  5.845038353953620e-01 
 1.643137193060721e-07  5.845038353953619e-01 
 1.643337193060721e-07  5.845038353953620e-01 
 1.643537193060721e-07  5.845038353953620e-01 
 1.643737193060721e-07  5.845038353953620e-01 
 1.643937193060721e-07  5.845038353953618e-01 
 1.644137193060721e-07  5.845038353953618e-01 
 1.644337193060721e-07  5.845038353953617e-01 
 1.644537193060721e-07  5.845038353953615e-01 
 1.644737193060721e-07  5.845038353953614e-01 
 1.644937193060721e-07  5.845038353953614e-01 
 1.645137193060720e-07  5.845038353953615e-01 
 1.645337193060720e-07  5.845038353953619e-01 
 1.645537193060720e-07  5.845038353953620e-01 
 1.645737193060720e-07  5.845038353953620e-01 
 1.645937193060720e-07  5.845038353953618e-01 
 1.646137193060720e-07  5.845038353953618e-01 
 1.646337193060720e-07  5.845038353953617e-01 
 1.646537193060720e-07  5.845038353953617e-01 
 1.646737193060720e-07  5.845038353953617e-01 
 1.646937193060720e-07  5.845038353953618e-01 
 1.647137193060720e-07  5.845038353953617e-01 
 1.647337193060720e-07  5.845038353953618e-01 
 1.647537193060720e-07  5.845038353953615e-01 
 1.647737193060720e-07  5.845038353953614e-01 
 1.647937193060720e-07  5.845038353953612e-01 
 1.648137193060720e-07  5.845038353953611e-01 
 1.648337193060720e-07  5.845038353953610e-01 
 1.648537193060720e-07  5.845038353953611e-01 
 1.648737193060720e-07  5.845038353953610e-01 
 1.648937193060720e-07  5.845038353953611e-01 
 1.649137193060720e-07  5.845038353953610e-01 
 1.649337193060720e-07  5.845038353953611e-01 
 1.649537193060720e-07  5.845038353953612e-01 
 1.649737193060720e-07  5.845038353953614e-01 
 1.649937193060720e-07  5.845038353953615e-01 
 1.650137193060720e-07  5.845038353953618e-01 
 1.650337193060719e-07  5.845038353953618e-01 
 1.650537193060719e-07  5.845038353953619e-01 
 1.650737193060719e-07  5.845038353953620e-01 
 1.650937193060719e-07  5.845038353953621e-01 
 1.651137193060719e-07  5.845038353953622e-01 
 1.651337193060719e-07  5.845038353953624e-01 
 1.651537193060719e-07  5.845038353953628e-01 
 1.651737193060719e-07  5.845038353953630e-01 
 1.651937193060719e-07  5.845038353953629e-01 
 1.652137193060719e-07  5.845038353953629e-01 
 1.652337193060719e-07  5.845038353953628e-01 
 1.652537193060719e-07  5.845038353953628e-01 
 1.652737193060719e-07  5.845038353953628e-01 
 1.652937193060719e-07  5.845038353953629e-01 
 1.653137193060719e-07  5.845038353953630e-01 
 1.653337193060719e-07  5.845038353953631e-01 
 1.653537193060719e-07  5.845038353953630e-01 
 1.653737193060719e-07  5.845038353953630e-01 
 1.653937193060719e-07  5.845038353953629e-01 
 1.654137193060719e-07  5.845038353953629e-01 
 1.654337193060719e-07  5.845038353953628e-01 
 1.654537193060719e-07  5.845038353953627e-01 
 1.654737193060719e-07  5.845038353953625e-01 
 1.654937193060719e-07  5.845038353953623e-01 
 1.655137193060719e-07  5.845038353953620e-01 
 1.655337193060719e-07  5.845038353953620e-01 
 1.655537193060718e-07  5.845038353953620e-01 
 1.655737193060718e-07  5.845038353953621e-01 
 1.655937193060718e-07  5.845038353953623e-01 
 1.656137193060718e-07  5.845038353953625e-01 
 1.656337193060718e-07  5.845038353953623e-01 
 1.656537193060718e-07  5.845038353953619e-01 
 1.656737193060718e-07  5.845038353953618e-01 
 1.656937193060718e-07  5.845038353953619e-01 
 1.657137193060718e-07  5.845038353953619e-01 
 1.657337193060718e-07  5.845038353953619e-01 
 1.657537193060718e-07  5.845038353953618e-01 
 1.657737193060718e-07  5.845038353953618e-01 
 1.657937193060718e-07  5.845038353953618e-01 
 1.658137193060718e-07  5.845038353953619e-01 
 1.658337193060718e-07  5.845038353953620e-01 
 1.658537193060718e-07  5.845038353953621e-01 
 1.658737193060718e-07  5.845038353953622e-01 
 1.658937193060718e-07  5.845038353953624e-01 
 1.659137193060718e-07  5.845038353953624e-01 
 1.659337193060718e-07  5.845038353953624e-01 
 1.659537193060718e-07  5.845038353953624e-01 
 1.659737193060718e-07  5.845038353953624e-01 
 1.659937193060718e-07  5.845038353953624e-01 
 1.660137193060718e-07  5.845038353953625e-01 
 1.660337193060718e-07  5.845038353953624e-01 
 1.660537193060718e-07  5.845038353953625e-01 
 1.660737193060718e-07  5.845038353953624e-01 
 1.660937193060717e-07  5.845038353953624e-01 
 1.661137193060717e-07  5.845038353953624e-01 
 1.661337193060717e-07  5.845038353953625e-01 
 1.661537193060717e-07  5.845038353953624e-01 
 1.661737193060717e-07  5.845038353953624e-01 
 1.661937193060717e-07  5.845038353953624e-01 
 1.662137193060717e-07  5.845038353953625e-01 
 1.662337193060717e-07  5.845038353953624e-01 
 1.662537193060717e-07  5.845038353953624e-01 
 1.662737193060717e-07  5.845038353953624e-01 
 1.662937193060717e-07  5.845038353953625e-01 
 1.663137193060717e-07  5.845038353953624e-01 
 1.663337193060717e-07  5.845038353953625e-01 
 1.663537193060717e-07  5.845038353953625e-01 
 1.663737193060717e-07  5.845038353953625e-01 
 1.663937193060717e-07  5.845038353953625e-01 
 1.664137193060717e-07  5.845038353953625e-01 
 1.664337193060717e-07  5.845038353953622e-01 
 1.664537193060717e-07  5.845038353953622e-01 
 1.664737193060717e-07  5.845038353953622e-01 
 1.664937193060717e-07  5.845038353953623e-01 
 1.665137193060717e-07  5.845038353953622e-01 
 1.665337193060717e-07  5.845038353953623e-01 
 1.665537193060717e-07  5.845038353953622e-01 
 1.665737193060717e-07  5.845038353953620e-01 
 1.665937193060717e-07  5.845038353953619e-01 
 1.666137193060716e-07  5.845038353953620e-01 
 1.666337193060716e-07  5.845038353953619e-01 
 1.666537193060716e-07  5.845038353953620e-01 
 1.666737193060716e-07  5.845038353953620e-01 
 1.666937193060716e-07  5.845038353953620e-01 
 1.667137193060716e-07  5.845038353953619e-01 
 1.667337193060716e-07  5.845038353953621e-01 
 1.667537193060716e-07  5.845038353953622e-01 
 1.667737193060716e-07  5.845038353953622e-01 
 1.667937193060716e-07  5.845038353953622e-01 
 1.668137193060716e-07  5.845038353953623e-01 
 1.668337193060716e-07  5.845038353953623e-01 
 1.668537193060716e-07  5.845038353953623e-01 
 1.668737193060716e-07  5.845038353953623e-01 
 1.668937193060716e-07  5.845038353953624e-01 
 1.669137193060716e-07  5.845038353953623e-01 
 1.669337193060716e-07  5.845038353953623e-01 
 1.669537193060716e-07  5.845038353953623e-01 
 1.669737193060716e-07  5.845038353953624e-01 
 1.669937193060716e-07  5.845038353953625e-01 
 1.670137193060716e-07  5.845038353953624e-01 
 1.670337193060716e-07  5.845038353953623e-01 
 1.670537193060716e-07  5.845038353953623e-01 
 1.670737193060716e-07  5.845038353953623e-01 
 1.670937193060716e-07  5.845038353953624e-01 
 1.671137193060716e-07  5.845038353953623e-01 
 1.671337193060715e-07  5.845038353953621e-01 
 1.671537193060715e-07  5.845038353953620e-01 
 1.671737193060715e-07  5.845038353953619e-01 
 1.671937193060715e-07  5.845038353953618e-01 
 1.672137193060715e-07  5.845038353953617e-01 
 1.672337193060715e-07  5.845038353953617e-01 
 1.672537193060715e-07  5.845038353953618e-01 
 1.672737193060715e-07  5.845038353953617e-01 
 1.672937193060715e-07  5.845038353953618e-01 
 1.673137193060715e-07  5.845038353953617e-01 
 1.673337193060715e-07  5.845038353953615e-01 
 1.673537193060715e-07  5.845038353953614e-01 
 1.673737193060715e-07  5.845038353953613e-01 
 1.673937193060715e-07  5.845038353953612e-01 
 1.674137193060715e-07  5.845038353953611e-01 
 1.674337193060715e-07  5.845038353953610e-01 
 1.674537193060715e-07  5.845038353953611e-01 
 1.674737193060715e-07  5.845038353953611e-01 
 1.674937193060715e-07  5.845038353953611e-01 
 1.675137193060715e-07  5.845038353953611e-01 
 1.675337193060715e-07  5.845038353953612e-01 
 1.675537193060715e-07  5.845038353953613e-01 
 1.675737193060715e-07  5.845038353953617e-01 
 1.675937193060715e-07  5.845038353953617e-01 
 1.676137193060715e-07  5.845038353953617e-01 
 1.676337193060715e-07  5.845038353953615e-01 
 1.676537193060715e-07  5.845038353953618e-01 
 1.676737193060714e-07  5.845038353953619e-01 
 1.676937193060714e-07  5.845038353953621e-01 
 1.677137193060714e-07  5.845038353953622e-01 
 1.677337193060714e-07  5.845038353953623e-01 
 1.677537193060714e-07  5.845038353953622e-01 
 1.677737193060714e-07  5.845038353953622e-01 
 1.677937193060714e-07  5.845038353953624e-01 
 1.678137193060714e-07  5.845038353953628e-01 
 1.678337193060714e-07  5.845038353953627e-01 
 1.678537193060714e-07  5.845038353953627e-01 
 1.678737193060714e-07  5.845038353953627e-01 
 1.678937193060714e-07  5.845038353953628e-01 
 1.679137193060714e-07  5.845038353953627e-01 
 1.679337193060714e-07  5.845038353953625e-01 
 1.679537193060714e-07  5.845038353953623e-01 
 1.679737193060714e-07  5.845038353953621e-01 
 1.679937193060714e-07  5.845038353953621e-01 
 1.680137193060714e-07  5.845038353953622e-01 
 1.680337193060714e-07  5.845038353953622e-01 
 1.680537193060714e-07  5.845038353953623e-01 
 1.680737193060714e-07  5.845038353953621e-01 
 1.680937193060714e-07  5.845038353953621e-01 
 1.681137193060714e-07  5.845038353953621e-01 
 1.681337193060714e-07  5.845038353953621e-01 
 1.681537193060714e-07  5.845038353953621e-01 
 1.681737193060714e-07  5.845038353953622e-01 
 1.681937193060713e-07  5.845038353953621e-01 
 1.682137193060713e-07  5.845038353953622e-01 
 1.682337193060713e-07  5.845038353953622e-01 
 1.682537193060713e-07  5.845038353953623e-01 
 1.682737193060713e-07  5.845038353953622e-01 
 1.682937193060713e-07  5.845038353953623e-01 
 1.683137193060713e-07  5.845038353953622e-01 
 1.683337193060713e-07  5.845038353953621e-01 
 1.683537193060713e-07  5.845038353953620e-01 
 1.683737193060713e-07  5.845038353953619e-01 
 1.683937193060713e-07  5.845038353953618e-01 
 1.684137193060713e-07  5.845038353953615e-01 
 1.684337193060713e-07  5.845038353953614e-01 
 1.684537193060713e-07  5.845038353953613e-01 
 1.684737193060713e-07  5.845038353953612e-01 
 1.684937193060713e-07  5.845038353953612e-01 
 1.685137193060713e-07  5.845038353953611e-01 
 1.685337193060713e-07  5.845038353953611e-01 
 1.685537193060713e-07  5.845038353953611e-01 
 1.685737193060713e-07  5.845038353953611e-01 
 1.685937193060713e-07  5.845038353953610e-01 
 1.686137193060713e-07  5.845038353953612e-01 
 1.686337193060713e-07  5.845038353953612e-01 
 1.686537193060713e-07  5.845038353953613e-01 
 1.686737193060713e-07  5.845038353953615e-01 
 1.686937193060713e-07  5.845038353953619e-01 
 1.687137193060713e-07  5.845038353953620e-01 
 1.687337193060712e-07  5.845038353953621e-01 
 1.687537193060712e-07  5.845038353953622e-01 
 1.687737193060712e-07  5.845038353953622e-01 
 1.687937193060712e-07  5.845038353953621e-01 
 1.688137193060712e-07  5.845038353953622e-01 
 1.688337193060712e-07  5.845038353953623e-01 
 1.688537193060712e-07  5.845038353953623e-01 
 1.688737193060712e-07  5.845038353953621e-01 
 1.688937193060712e-07  5.845038353953622e-01 
 1.689137193060712e-07  5.845038353953622e-01 
 1.689337193060712e-07  5.845038353953622e-01 
 1.689537193060712e-07  5.845038353953622e-01 
 1.689737193060712e-07  5.845038353953623e-01 
 1.689937193060712e-07  5.845038353953623e-01 
 1.690137193060712e-07  5.845038353953623e-01 
 1.690337193060712e-07  5.845038353953622e-01 
 1.690537193060712e-07  5.845038353953622e-01 
 1.690737193060712e-07  5.845038353953623e-01 
 1.690937193060712e-07  5.845038353953624e-01 
 1.691137193060712e-07  5.845038353953624e-01 
 1.691337193060712e-07  5.845038353953624e-01 
 1.691537193060712e-07  5.845038353953623e-01 
 1.691737193060712e-07  5.845038353953622e-01 
 1.691937193060712e-07  5.845038353953622e-01 
 1.692137193060712e-07  5.845038353953623e-01 
 1.692337193060712e-07  5.845038353953622e-01 
 1.692537193060711e-07  5.845038353953623e-01 
 1.692737193060711e-07  5.845038353953622e-01 
 1.692937193060711e-07  5.845038353953622e-01 
 1.693137193060711e-07  5.845038353953623e-01 
 1.693337193060711e-07  5.845038353953622e-01 
 1.693537193060711e-07  5.845038353953620e-01 
 1.693737193060711e-07  5.845038353953620e-01 
 1.693937193060711e-07  5.845038353953620e-01 
 1.694137193060711e-07  5.845038353953620e-01 
 1.694337193060711e-07  5.845038353953619e-01 
 1.694537193060711e-07  5.845038353953621e-01 
 1.694737193060711e-07  5.845038353953622e-01 
 1.694937193060711e-07  5.845038353953622e-01 
 1.695137193060711e-07  5.845038353953622e-01 
 1.695337193060711e-07  5.845038353953623e-01 
 1.695537193060711e-07  5.845038353953623e-01 
 1.695737193060711e-07  5.845038353953623e-01 
 1.695937193060711e-07  5.845038353953623e-01 
 1.696137193060711e-07  5.845038353953623e-01 
 1.696337193060711e-07  5.845038353953622e-01 
 1.696537193060711e-07  5.845038353953623e-01 
 1.696737193060711e-07  5.845038353953622e-01 
 1.696937193060711e-07  5.845038353953622e-01 
 1.697137193060711e-07  5.845038353953622e-01 
 1.697337193060711e-07  5.845038353953624e-01 
 1.697537193060711e-07  5.845038353953625e-01 
 1.697737193060710e-07  5.845038353953625e-01 
 1.697937193060710e-07  5.845038353953624e-01 
 1.698137193060710e-07  5.845038353953624e-01 
 1.698337193060710e-07  5.845038353953624e-01 
 1.698537193060710e-07  5.845038353953627e-01 
 1.698737193060710e-07  5.845038353953629e-01 
 1.698937193060710e-07  5.845038353953631e-01 
 1.699137193060710e-07  5.845038353953631e-01 
 1.699337193060710e-07  5.845038353953632e-01 
 1.699537193060710e-07  5.845038353953633e-01 
 1.699737193060710e-07  5.845038353953632e-01 
 1.699937193060710e-07  5.845038353953631e-01 
 1.700137193060710e-07  5.845038353953631e-01 
 1.700337193060710e-07  5.845038353953631e-01 
 1.700537193060710e-07  5.845038353953631e-01 
 1.700737193060710e-07  5.845038353953630e-01 
 1.700937193060710e-07  5.845038353953630e-01 
 1.701137193060710e-07  5.845038353953630e-01 
 1.701337193060710e-07  5.845038353953630e-01 
 1.701537193060710e-07  5.845038353953629e-01 
 1.701737193060710e-07  5.845038353953630e-01 
 1.701937193060710e-07  5.845038353953630e-01 
 1.702137193060710e-07  5.845038353953631e-01 
 1.702337193060710e-07  5.845038353953631e-01 
 1.702537193060710e-07  5.845038353953631e-01 
 1.702737193060710e-07  5.845038353953630e-01 
 1.702937193060710e-07  5.845038353953631e-01 
 1.703137193060709e-07  5.845038353953630e-01 
 1.703337193060709e-07  5.845038353953629e-01 
 1.703537193060709e-07  5.845038353953628e-01 
 1.703737193060709e-07  5.845038353953627e-01 
 1.703937193060709e-07  5.845038353953627e-01 
 1.704137193060709e-07  5.845038353953628e-01 
 1.704337193060709e-07  5.845038353953628e-01 
 1.704537193060709e-07  5.845038353953628e-01 
 1.704737193060709e-07  5.845038353953628e-01 
 1.704937193060709e-07  5.845038353953629e-01 
 1.705137193060709e-07  5.845038353953629e-01 
 1.705337193060709e-07  5.845038353953629e-01 
 1.705537193060709e-07  5.845038353953629e-01 
 1.705737193060709e-07  5.845038353953629e-01 
 1.705937193060709e-07  5.845038353953628e-01 
 1.706137193060709e-07  5.845038353953627e-01 
 1.706337193060709e-07  5.845038353953625e-01 
 1.706537193060709e-07  5.845038353953624e-01 
 1.706737193060709e-07  5.845038353953624e-01 
 1.706937193060709e-07  5.845038353953624e-01 
 1.707137193060709e-07  5.845038353953624e-01 
 1.707337193060709e-07  5.845038353953625e-01 
 1.707537193060709e-07  5.845038353953624e-01 
 1.707737193060709e-07  5.845038353953625e-01 
 1.707937193060709e-07  5.845038353953625e-01 
 1.708137193060709e-07  5.845038353953624e-01 
 1.708337193060708e-07  5.845038353953624e-01 
 1.708537193060708e-07  5.845038353953627e-01 
 1.708737193060708e-07  5.845038353953627e-01 
 1.708937193060708e-07  5.845038353953627e-01 
 1.709137193060708e-07  5.845038353953625e-01 
 1.709337193060708e-07  5.845038353953624e-01 
 1.709537193060708e-07  5.845038353953625e-01 
 1.709737193060708e-07  5.845038353953628e-01 
 1.709937193060708e-07  5.845038353953628e-01 
 1.710137193060708e-07  5.845038353953629e-01 
 1.710337193060708e-07  5.845038353953631e-01 
 1.710537193060708e-07  5.845038353953632e-01 
 1.710737193060708e-07  5.845038353953632e-01 
 1.710937193060708e-07  5.845038353953632e-01 
 1.711137193060708e-07  5.845038353953632e-01 
 1.711337193060708e-07  5.845038353953632e-01 
 1.711537193060708e-07  5.845038353953631e-01 
 1.711737193060708e-07  5.845038353953631e-01 
 1.711937193060708e-07  5.845038353953631e-01 
 1.712137193060708e-07  5.845038353953631e-01 
 1.712337193060708e-07  5.845038353953631e-01 
 1.712537193060708e-07  5.845038353953632e-01 
 1.712737193060708e-07  5.845038353953634e-01 
 1.712937193060708e-07  5.845038353953637e-01 
 1.713137193060708e-07  5.845038353953637e-01 
 1.713337193060708e-07  5.845038353953638e-01 
 1.713537193060707e-07  5.845038353953638e-01 
 1.713737193060707e-07  5.845038353953638e-01 
 1.713937193060707e-07  5.845038353953637e-01 
 1.714137193060707e-07  5.845038353953635e-01 
 1.714337193060707e-07  5.845038353953635e-01 
 1.714537193060707e-07  5.845038353953635e-01 
 1.714737193060707e-07  5.845038353953634e-01 
 1.714937193060707e-07  5.845038353953633e-01 
 1.715137193060707e-07  5.845038353953632e-01 
 1.715337193060707e-07  5.845038353953633e-01 
 1.715537193060707e-07  5.845038353953633e-01 
 1.715737193060707e-07  5.845038353953634e-01 
 1.715937193060707e-07  5.845038353953634e-01 
 1.716137193060707e-07  5.845038353953634e-01 
 1.716337193060707e-07  5.845038353953633e-01 
 1.716537193060707e-07  5.845038353953632e-01 
 1.716737193060707e-07  5.845038353953633e-01 
 1.716937193060707e-07  5.845038353953634e-01 
 1.717137193060707e-07  5.845038353953634e-01 
 1.717337193060707e-07  5.845038353953633e-01 
 1.717537193060707e-07  5.845038353953631e-01 
 1.717737193060707e-07  5.845038353953631e-01 
 1.717937193060707e-07  5.845038353953632e-01 
 1.718137193060707e-07  5.845038353953634e-01 
 1.718337193060707e-07  5.845038353953634e-01 
 1.718537193060707e-07  5.845038353953634e-01 
 1.718737193060707e-07  5.845038353953633e-01 
 1.718937193060706e-07  5.845038353953633e-01 
 1.719137193060706e-07  5.845038353953632e-01 
 1.719337193060706e-07  5.845038353953632e-01 
 1.719537193060706e-07  5.845038353953633e-01 
 1.719737193060706e-07  5.845038353953633e-01 
 1.719937193060706e-07  5.845038353953631e-01 
 1.720137193060706e-07  5.845038353953629e-01 
 1.720337193060706e-07  5.845038353953627e-01 
 1.720537193060706e-07  5.845038353953624e-01 
 1.720737193060706e-07  5.845038353953623e-01 
 1.720937193060706e-07  5.845038353953622e-01 
 1.721137193060706e-07  5.845038353953621e-01 
 1.721337193060706e-07  5.845038353953621e-01 
 1.721537193060706e-07  5.845038353953620e-01 
 1.721737193060706e-07  5.845038353953619e-01 
 1.721937193060706e-07  5.845038353953619e-01 
 1.722137193060706e-07  5.845038353953619e-01 
 1.722337193060706e-07  5.845038353953619e-01 
 1.722537193060706e-07  5.845038353953620e-01 
 1.722737193060706e-07  5.845038353953618e-01 
 1.722937193060706e-07  5.845038353953615e-01 
 1.723137193060706e-07  5.845038353953617e-01 
 1.723337193060706e-07  5.845038353953619e-01 
 1.723537193060706e-07  5.845038353953619e-01 
 1.723737193060706e-07  5.845038353953620e-01 
 1.723937193060706e-07  5.845038353953620e-01 
 1.724137193060705e-07  5.845038353953620e-01 
 1.724337193060705e-07  5.845038353953619e-01 
 1.724537193060705e-07  5.845038353953620e-01 
 1.724737193060705e-07  5.845038353953621e-01 
 1.724937193060705e-07  5.845038353953623e-01 
 1.725137193060705e-07  5.845038353953623e-01 
 1.725337193060705e-07  5.845038353953622e-01 
 1.725537193060705e-07  5.845038353953621e-01 
 1.725737193060705e-07  5.845038353953622e-01 
 1.725937193060705e-07  5.845038353953622e-01 
 1.726137193060705e-07  5.845038353953624e-01 
 1.726337193060705e-07  5.845038353953627e-01 
 1.726537193060705e-07  5.845038353953628e-01 
 1.726737193060705e-07  5.845038353953627e-01 
 1.726937193060705e-07  5.845038353953624e-01 
 1.727137193060705e-07  5.845038353953623e-01 
 1.727337193060705e-07  5.845038353953623e-01 
 1.727537193060705e-07  5.845038353953621e-01 
 1.727737193060705e-07  5.845038353953621e-01 
 1.727937193060705e-07  5.845038353953622e-01 
 1.728137193060705e-07  5.845038353953623e-01 
 1.728337193060705e-07  5.845038353953623e-01 
 1.728537193060705e-07  5.845038353953623e-01 
 1.728737193060705e-07  5.845038353953622e-01 
 1.728937193060705e-07  5.845038353953623e-01 
 1.729137193060705e-07  5.845038353953623e-01 
 1.729337193060705e-07  5.845038353953623e-01 
 1.729537193060704e-07  5.845038353953622e-01 
 1.729737193060704e-07  5.845038353953623e-01 
 1.729937193060704e-07  5.845038353953624e-01 
 1.730137193060704e-07  5.845038353953625e-01 
 1.730337193060704e-07  5.845038353953624e-01 
 1.730537193060704e-07  5.845038353953623e-01 
 1.730737193060704e-07  5.845038353953621e-01 
 1.730937193060704e-07  5.845038353953621e-01 
 1.731137193060704e-07  5.845038353953620e-01 
 1.731337193060704e-07  5.845038353953619e-01 
 1.731537193060704e-07  5.845038353953618e-01 
 1.731737193060704e-07  5.845038353953617e-01 
 1.731937193060704e-07  5.845038353953617e-01 
 1.732137193060704e-07  5.845038353953617e-01 
 1.732337193060704e-07  5.845038353953615e-01 
 1.732537193060704e-07  5.845038353953617e-01 
 1.732737193060704e-07  5.845038353953617e-01 
 1.732937193060704e-07  5.845038353953617e-01 
 1.733137193060704e-07  5.845038353953615e-01 
 1.733337193060704e-07  5.845038353953617e-01 
 1.733537193060704e-07  5.845038353953618e-01 
 1.733737193060704e-07  5.845038353953618e-01 
 1.733937193060704e-07  5.845038353953618e-01 
 1.734137193060704e-07  5.845038353953619e-01 
 1.734337193060704e-07  5.845038353953621e-01 
 1.734537193060704e-07  5.845038353953623e-01 
 1.734737193060703e-07  5.845038353953621e-01 
 1.734937193060703e-07  5.845038353953622e-01 
 1.735137193060703e-07  5.845038353953623e-01 
 1.735337193060703e-07  5.845038353953623e-01 
 1.735537193060703e-07  5.845038353953620e-01 
 1.735737193060703e-07  5.845038353953615e-01 
 1.735937193060703e-07  5.845038353953614e-01 
 1.736137193060703e-07  5.845038353953615e-01 
 1.736337193060703e-07  5.845038353953618e-01 
 1.736537193060703e-07  5.845038353953617e-01 
 1.736737193060703e-07  5.845038353953613e-01 
 1.736937193060703e-07  5.845038353953613e-01 
 1.737137193060703e-07  5.845038353953615e-01 
 1.737337193060703e-07  5.845038353953618e-01 
 1.737537193060703e-07  5.845038353953619e-01 
 1.737737193060703e-07  5.845038353953621e-01 
 1.737937193060703e-07  5.845038353953621e-01 
 1.738137193060703e-07  5.845038353953621e-01 
 1.738337193060703e-07  5.845038353953621e-01 
 1.738537193060703e-07  5.845038353953622e-01 
 1.738737193060703e-07  5.845038353953622e-01 
 1.738937193060703e-07  5.845038353953623e-01 
 1.739137193060703e-07  5.845038353953623e-01 
 1.739337193060703e-07  5.845038353953622e-01 
 1.739537193060703e-07  5.845038353953621e-01 
 1.739737193060703e-07  5.845038353953622e-01 
 1.739937193060702e-07  5.845038353953622e-01 
 1.740137193060702e-07  5.845038353953623e-01 
 1.740337193060702e-07  5.845038353953622e-01 
 1.740537193060702e-07  5.845038353953621e-01 
 1.740737193060702e-07  5.845038353953621e-01 
 1.740937193060702e-07  5.845038353953622e-01 
 1.741137193060702e-07  5.845038353953622e-01 
 1.741337193060702e-07  5.845038353953622e-01 
 1.741537193060702e-07  5.845038353953621e-01 
 1.741737193060702e-07  5.845038353953621e-01 
 1.741937193060702e-07  5.845038353953621e-01 
 1.742137193060702e-07  5.845038353953621e-01 
 1.742337193060702e-07  5.845038353953621e-01 
 1.742537193060702e-07  5.845038353953621e-01 
 1.742737193060702e-07  5.845038353953621e-01 
 1.742937193060702e-07  5.845038353953622e-01 
 1.743137193060702e-07  5.845038353953622e-01 
 1.743337193060702e-07  5.845038353953624e-01 
 1.743537193060702e-07  5.845038353953628e-01 
 1.743737193060702e-07  5.845038353953629e-01 
 1.743937193060702e-07  5.845038353953628e-01 
 1.744137193060702e-07  5.845038353953627e-01 
 1.744337193060702e-07  5.845038353953628e-01 
 1.744537193060702e-07  5.845038353953629e-01 
 1.744737193060702e-07  5.845038353953630e-01 
 1.744937193060702e-07  5.845038353953630e-01 
 1.745137193060702e-07  5.845038353953628e-01 
 1.745337193060701e-07  5.845038353953627e-01 
 1.745537193060701e-07  5.845038353953627e-01 
 1.745737193060701e-07  5.845038353953627e-01 
 1.745937193060701e-07  5.845038353953627e-01 
 1.746137193060701e-07  5.845038353953628e-01 
 1.746337193060701e-07  5.845038353953628e-01 
 1.746537193060701e-07  5.845038353953628e-01 
 1.746737193060701e-07  5.845038353953628e-01 
 1.746937193060701e-07  5.845038353953627e-01 
 1.747137193060701e-07  5.845038353953624e-01 
 1.747337193060701e-07  5.845038353953623e-01 
 1.747537193060701e-07  5.845038353953622e-01 
 1.747737193060701e-07  5.845038353953622e-01 
 1.747937193060701e-07  5.845038353953622e-01 
 1.748137193060701e-07  5.845038353953623e-01 
 1.748337193060701e-07  5.845038353953622e-01 
 1.748537193060701e-07  5.845038353953622e-01 
 1.748737193060701e-07  5.845038353953622e-01 
 1.748937193060701e-07  5.845038353953622e-01 
 1.749137193060701e-07  5.845038353953622e-01 
 1.749337193060701e-07  5.845038353953623e-01 
 1.749537193060701e-07  5.845038353953622e-01 
 1.749737193060701e-07  5.845038353953622e-01 
 1.749937193060701e-07  5.845038353953622e-01 
 1.750137193060701e-07  5.845038353953621e-01 
 1.750337193060701e-07  5.845038353953621e-01 
 1.750537193060700e-07  5.845038353953622e-01 
 1.750737193060700e-07  5.845038353953622e-01 
 1.750937193060700e-07  5.845038353953622e-01 
 1.751137193060700e-07  5.845038353953622e-01 
 1.751337193060700e-07  5.845038353953623e-01 
 1.751537193060700e-07  5.845038353953620e-01 
 1.751737193060700e-07  5.845038353953618e-01 
 1.751937193060700e-07  5.845038353953615e-01 
 1.752137193060700e-07  5.845038353953615e-01 
 1.752337193060700e-07  5.845038353953617e-01 
 1.752537193060700e-07  5.845038353953618e-01 
 1.752737193060700e-07  5.845038353953618e-01 
 1.752937193060700e-07  5.845038353953618e-01 
 1.753137193060700e-07  5.845038353953617e-01 
 1.753337193060700e-07  5.845038353953617e-01 
 1.753537193060700e-07  5.845038353953614e-01 
 1.753737193060700e-07  5.845038353953612e-01 
 1.753937193060700e-07  5.845038353953611e-01 
 1.754137193060700e-07  5.845038353953611e-01 
 1.754337193060700e-07  5.845038353953610e-01 
 1.754537193060700e-07  5.845038353953611e-01 
 1.754737193060700e-07  5.845038353953611e-01 
 1.754937193060700e-07  5.845038353953611e-01 
 1.755137193060700e-07  5.845038353953611e-01 
 1.755337193060700e-07  5.845038353953611e-01 
 1.755537193060700e-07  5.845038353953610e-01 
 1.755737193060699e-07  5.845038353953610e-01 
 1.755937193060699e-07  5.845038353953611e-01 
 1.756137193060699e-07  5.845038353953611e-01 
 1.756337193060699e-07  5.845038353953609e-01 
 1.756537193060699e-07  5.845038353953609e-01 
 1.756737193060699e-07  5.845038353953610e-01 
 1.756937193060699e-07  5.845038353953612e-01 
 1.757137193060699e-07  5.845038353953612e-01 
 1.757337193060699e-07  5.845038353953613e-01 
 1.757537193060699e-07  5.845038353953615e-01 
 1.757737193060699e-07  5.845038353953618e-01 
 1.757937193060699e-07  5.845038353953617e-01 
 1.758137193060699e-07  5.845038353953615e-01 
 1.758337193060699e-07  5.845038353953615e-01 
 1.758537193060699e-07  5.845038353953618e-01 
 1.758737193060699e-07  5.845038353953619e-01 
 1.758937193060699e-07  5.845038353953622e-01 
 1.759137193060699e-07  5.845038353953624e-01 
 1.759337193060699e-07  5.845038353953625e-01 
 1.759537193060699e-07  5.845038353953624e-01 
 1.759737193060699e-07  5.845038353953623e-01 
 1.759937193060699e-07  5.845038353953620e-01 
 1.760137193060699e-07  5.845038353953617e-01 
 1.760337193060699e-07  5.845038353953615e-01 
 1.760537193060699e-07  5.845038353953618e-01 
 1.760737193060699e-07  5.845038353953618e-01 
 1.760937193060699e-07  5.845038353953618e-01 
 1.761137193060698e-07  5.845038353953618e-01 
 1.761337193060698e-07  5.845038353953618e-01 
 1.761537193060698e-07  5.845038353953617e-01 
 1.761737193060698e-07  5.845038353953615e-01 
 1.761937193060698e-07  5.845038353953615e-01 
 1.762137193060698e-07  5.845038353953618e-01 
 1.762337193060698e-07  5.845038353953619e-01 
 1.762537193060698e-07  5.845038353953621e-01 
 1.762737193060698e-07  5.845038353953621e-01 
 1.762937193060698e-07  5.845038353953621e-01 
 1.763137193060698e-07  5.845038353953621e-01 
 1.763337193060698e-07  5.845038353953622e-01 
 1.763537193060698e-07  5.845038353953622e-01 
 1.763737193060698e-07  5.845038353953621e-01 
 1.763937193060698e-07  5.845038353953621e-01 
 1.764137193060698e-07  5.845038353953622e-01 
 1.764337193060698e-07  5.845038353953622e-01 
 1.764537193060698e-07  5.845038353953622e-01 
 1.764737193060698e-07  5.845038353953622e-01 
 1.764937193060698e-07  5.845038353953623e-01 
 1.765137193060698e-07  5.845038353953622e-01 
 1.765337193060698e-07  5.845038353953621e-01 
 1.765537193060698e-07  5.845038353953621e-01 
 1.765737193060698e-07  5.845038353953621e-01 
 1.765937193060698e-07  5.845038353953621e-01 
 1.766137193060698e-07  5.845038353953622e-01 
 1.766337193060697e-07  5.845038353953624e-01 
 1.766537193060697e-07  5.845038353953628e-01 
 1.766737193060697e-07  5.845038353953628e-01 
 1.766937193060697e-07  5.845038353953628e-01 
 1.767137193060697e-07  5.845038353953628e-01 
 1.767337193060697e-07  5.845038353953628e-01 
 1.767537193060697e-07  5.845038353953627e-01 
 1.767737193060697e-07  5.845038353953627e-01 
 1.767937193060697e-07  5.845038353953627e-01 
 1.768137193060697e-07  5.845038353953627e-01 
 1.768337193060697e-07  5.845038353953627e-01 
 1.768537193060697e-07  5.845038353953627e-01 
 1.768737193060697e-07  5.845038353953625e-01 
 1.768937193060697e-07  5.845038353953623e-01 
 1.769137193060697e-07  5.845038353953621e-01 
 1.769337193060697e-07  5.845038353953620e-01 
 1.769537193060697e-07  5.845038353953618e-01 
 1.769737193060697e-07  5.845038353953615e-01 
 1.769937193060697e-07  5.845038353953614e-01 
 1.770137193060697e-07  5.845038353953614e-01 
 1.770337193060697e-07  5.845038353953613e-01 
 1.770537193060697e-07  5.845038353953614e-01 
 1.770737193060697e-07  5.845038353953614e-01 
 1.770937193060697e-07  5.845038353953614e-01 
 1.771137193060697e-07  5.845038353953614e-01 
 1.771337193060697e-07  5.845038353953614e-01 
 1.771537193060697e-07  5.845038353953614e-01 
 1.771737193060696e-07  5.845038353953614e-01 
 1.771937193060696e-07  5.845038353953614e-01 
 1.772137193060696e-07  5.845038353953615e-01 
 1.772337193060696e-07  5.845038353953615e-01 
 1.772537193060696e-07  5.845038353953615e-01 
 1.772737193060696e-07  5.845038353953615e-01 
 1.772937193060696e-07  5.845038353953617e-01 
 1.773137193060696e-07  5.845038353953617e-01 
 1.773337193060696e-07  5.845038353953617e-01 
 1.773537193060696e-07  5.845038353953617e-01 
 1.773737193060696e-07  5.845038353953617e-01 
 1.773937193060696e-07  5.845038353953615e-01 
 1.774137193060696e-07  5.845038353953615e-01 
 1.774337193060696e-07  5.845038353953617e-01 
 1.774537193060696e-07  5.845038353953617e-01 
 1.774737193060696e-07  5.845038353953615e-01 
 1.774937193060696e-07  5.845038353953617e-01 
 1.775137193060696e-07  5.845038353953617e-01 
 1.775337193060696e-07  5.845038353953615e-01 
 1.775537193060696e-07  5.845038353953615e-01 
 1.775737193060696e-07  5.845038353953618e-01 
 1.775937193060696e-07  5.845038353953618e-01 
 1.776137193060696e-07  5.845038353953618e-01 
 1.776337193060696e-07  5.845038353953617e-01 
 1.776537193060696e-07  5.845038353953615e-01 
 1.776737193060696e-07  5.845038353953615e-01 
 1.776937193060695e-07  5.845038353953618e-01 
 1.777137193060695e-07  5.845038353953619e-01 
 1.777337193060695e-07  5.845038353953621e-01 
 1.777537193060695e-07  5.845038353953623e-01 
 1.777737193060695e-07  5.845038353953623e-01 
 1.777937193060695e-07  5.845038353953622e-01 
 1.778137193060695e-07  5.845038353953623e-01 
 1.778337193060695e-07  5.845038353953623e-01 
 1.778537193060695e-07  5.845038353953622e-01 
 1.778737193060695e-07  5.845038353953622e-01 
 1.778937193060695e-07  5.845038353953623e-01 
 1.779137193060695e-07  5.845038353953622e-01 
 1.779337193060695e-07  5.845038353953622e-01 
 1.779537193060695e-07  5.845038353953622e-01 
 1.779737193060695e-07  5.845038353953623e-01 
 1.779937193060695e-07  5.845038353953624e-01 
 1.780137193060695e-07  5.845038353953625e-01 
 1.780337193060695e-07  5.845038353953624e-01 
 1.780537193060695e-07  5.845038353953625e-01 
 1.780737193060695e-07  5.845038353953627e-01 
 1.780937193060695e-07  5.845038353953628e-01 
 1.781137193060695e-07  5.845038353953629e-01 
 1.781337193060695e-07  5.845038353953630e-01 
 1.781537193060695e-07  5.845038353953629e-01 
 1.781737193060695e-07  5.845038353953630e-01 
 1.781937193060695e-07  5.845038353953630e-01 
 1.782137193060694e-07  5.845038353953630e-01 
 1.782337193060694e-07  5.845038353953630e-01 
 1.782537193060694e-07  5.845038353953630e-01 
 1.782737193060694e-07  5.845038353953630e-01 
 1.782937193060694e-07  5.845038353953630e-01 
 1.783137193060694e-07  5.845038353953629e-01 
 1.783337193060694e-07  5.845038353953630e-01 
 1.783537193060694e-07  5.845038353953630e-01 
 1.783737193060694e-07  5.845038353953630e-01 
 1.783937193060694e-07  5.845038353953629e-01 
 1.784137193060694e-07  5.845038353953628e-01 
 1.784337193060694e-07  5.845038353953625e-01 
 1.784537193060694e-07  5.845038353953623e-01 
 1.784737193060694e-07  5.845038353953621e-01 
 1.784937193060694e-07  5.845038353953622e-01 
 1.785137193060694e-07  5.845038353953623e-01 
 1.785337193060694e-07  5.845038353953623e-01 
 1.785537193060694e-07  5.845038353953622e-01 
 1.785737193060694e-07  5.845038353953622e-01 
 1.785937193060694e-07  5.845038353953623e-01 
 1.786137193060694e-07  5.845038353953623e-01 
 1.786337193060694e-07  5.845038353953621e-01 
 1.786537193060694e-07  5.845038353953621e-01 
 1.786737193060694e-07  5.845038353953621e-01 
 1.786937193060694e-07  5.845038353953621e-01 
 1.787137193060694e-07  5.845038353953621e-01 
 1.787337193060694e-07  5.845038353953621e-01 
 1.787537193060693e-07  5.845038353953620e-01 
 1.787737193060693e-07  5.845038353953618e-01 
 1.787937193060693e-07  5.845038353953617e-01 
 1.788137193060693e-07  5.845038353953618e-01 
 1.788337193060693e-07  5.845038353953617e-01 
 1.788537193060693e-07  5.845038353953615e-01 
 1.788737193060693e-07  5.845038353953617e-01 
 1.788937193060693e-07  5.845038353953618e-01 
 1.789137193060693e-07  5.845038353953617e-01 
 1.789337193060693e-07  5.845038353953617e-01 
 1.789537193060693e-07  5.845038353953617e-01 
 1.789737193060693e-07  5.845038353953618e-01 
 1.789937193060693e-07  5.845038353953618e-01 
 1.790137193060693e-07  5.845038353953618e-01 
 1.790337193060693e-07  5.845038353953618e-01 
 1.790537193060693e-07  5.845038353953617e-01 
 1.790737193060693e-07  5.845038353953615e-01 
 1.790937193060693e-07  5.845038353953617e-01 
 1.791137193060693e-07  5.845038353953617e-01 
 1.791337193060693e-07  5.845038353953618e-01 
 1.791537193060693e-07  5.845038353953618e-01 
 1.791737193060693e-07  5.845038353953618e-01 
 1.791937193060693e-07  5.845038353953618e-01 
 1.792137193060693e-07  5.845038353953618e-01 
 1.792337193060693e-07  5.845038353953618e-01 
 1.792537193060693e-07  5.845038353953618e-01 
 1.792737193060692e-07  5.845038353953617e-01 
 1.792937193060692e-07  5.845038353953617e-01 
 1.793137193060692e-07  5.845038353953617e-01 
 1.793337193060692e-07  5.845038353953617e-01 
 1.793537193060692e-07  5.845038353953617e-01 
 1.793737193060692e-07  5.845038353953617e-01 
 1.793937193060692e-07  5.845038353953617e-01 
 1.794137193060692e-07  5.845038353953617e-01 
 1.794337193060692e-07  5.845038353953617e-01 
 1.794537193060692e-07  5.845038353953618e-01 
 1.794737193060692e-07  5.845038353953615e-01 
 1.794937193060692e-07  5.845038353953615e-01 
 1.795137193060692e-07  5.845038353953615e-01 
 1.795337193060692e-07  5.845038353953617e-01 
 1.795537193060692e-07  5.845038353953617e-01 
 1.795737193060692e-07  5.845038353953614e-01 
 1.795937193060692e-07  5.845038353953612e-01 
 1.796137193060692e-07  5.845038353953611e-01 
 1.796337193060692e-07  5.845038353953610e-01 
 1.796537193060692e-07  5.845038353953610e-01 
 1.796737193060692e-07  5.845038353953611e-01 
 1.796937193060692e-07  5.845038353953611e-01 
 1.797137193060692e-07  5.845038353953610e-01 
 1.797337193060692e-07  5.845038353953611e-01 
 1.797537193060692e-07  5.845038353953610e-01 
 1.797737193060692e-07  5.845038353953610e-01 
 1.797937193060691e-07  5.845038353953611e-01 
 1.798137193060691e-07  5.845038353953611e-01 
 1.798337193060691e-07  5.845038353953610e-01 
 1.798537193060691e-07  5.845038353953611e-01 
 1.798737193060691e-07  5.845038353953612e-01 
 1.798937193060691e-07  5.845038353953612e-01 
 1.799137193060691e-07  5.845038353953612e-01 
 1.799337193060691e-07  5.845038353953612e-01 
 1.799537193060691e-07  5.845038353953611e-01 
 1.799737193060691e-07  5.845038353953611e-01 
 1.799937193060691e-07  5.845038353953611e-01 
 1.800137193060691e-07  5.845038353953611e-01 
 1.800337193060691e-07  5.845038353953611e-01 
 1.800537193060691e-07  5.845038353953611e-01 
 1.800737193060691e-07  5.845038353953610e-01 
 1.800937193060691e-07  5.845038353953610e-01 
 1.801137193060691e-07  5.845038353953611e-01 
 1.801337193060691e-07  5.845038353953611e-01 
 1.801537193060691e-07  5.845038353953610e-01 
 1.801737193060691e-07  5.845038353953613e-01 
 1.801937193060691e-07  5.845038353953614e-01 
 1.802137193060691e-07  5.845038353953613e-01 
 1.802337193060691e-07  5.845038353953613e-01 
 1.802537193060691e-07  5.845038353953614e-01 
 1.802737193060691e-07  5.845038353953614e-01 
 1.802937193060691e-07  5.845038353953614e-01 
 1.803137193060691e-07  5.845038353953614e-01 
 1.803337193060690e-07  5.845038353953614e-01 
 1.803537193060690e-07  5.845038353953613e-01 
 1.803737193060690e-07  5.845038353953614e-01 
 1.803937193060690e-07  5.845038353953614e-01 
 1.804137193060690e-07  5.845038353953613e-01 
 1.804337193060690e-07  5.845038353953613e-01 
 1.804537193060690e-07  5.845038353953614e-01 
 1.804737193060690e-07  5.845038353953615e-01 
 1.804937193060690e-07  5.845038353953618e-01 
 1.805137193060690e-07  5.845038353953618e-01 
 1.805337193060690e-07  5.845038353953618e-01 
 1.805537193060690e-07  5.845038353953618e-01 
 1.805737193060690e-07  5.845038353953618e-01 
 1.805937193060690e-07  5.845038353953618e-01 
 1.806137193060690e-07  5.845038353953618e-01 
 1.806337193060690e-07  5.845038353953617e-01 
 1.806537193060690e-07  5.845038353953617e-01 
 1.806737193060690e-07  5.845038353953617e-01 
 1.806937193060690e-07  5.845038353953617e-01 
 1.807137193060690e-07  5.845038353953617e-01 
 1.807337193060690e-07  5.845038353953617e-01 
 1.807537193060690e-07  5.845038353953617e-01 
 1.807737193060690e-07  5.845038353953617e-01 
 1.807937193060690e-07  5.845038353953617e-01 
 1.808137193060690e-07  5.845038353953618e-01 
 1.808337193060690e-07  5.845038353953618e-01 
 1.808537193060689e-07  5.845038353953618e-01 
 1.808737193060689e-07  5.845038353953618e-01 
 1.808937193060689e-07  5.845038353953618e-01 
 1.809137193060689e-07  5.845038353953617e-01 
 1.809337193060689e-07  5.845038353953617e-01 
 1.809537193060689e-07  5.845038353953617e-01 
 1.809737193060689e-07  5.845038353953618e-01 
 1.809937193060689e-07  5.845038353953618e-01 
 1.810137193060689e-07  5.845038353953618e-01 
 1.810337193060689e-07  5.845038353953618e-01 
 1.810537193060689e-07  5.845038353953618e-01 
 1.810737193060689e-07  5.845038353953617e-01 
 1.810937193060689e-07  5.845038353953615e-01 
 1.811137193060689e-07  5.845038353953615e-01 
 1.811337193060689e-07  5.845038353953617e-01 
 1.811537193060689e-07  5.845038353953617e-01 
 1.811737193060689e-07  5.845038353953617e-01 
 1.811937193060689e-07  5.845038353953617e-01 
 1.812137193060689e-07  5.845038353953617e-01 
 1.812337193060689e-07  5.845038353953617e-01 
 1.812537193060689e-07  5.845038353953618e-01 
 1.812737193060689e-07  5.845038353953619e-01 
 1.812937193060689e-07  5.845038353953621e-01 
 1.813137193060689e-07  5.845038353953621e-01 
 1.813337193060689e-07  5.845038353953621e-01 
 1.813537193060689e-07  5.845038353953621e-01 
 1.813737193060689e-07  5.845038353953622e-01 
 1.813937193060688e-07  5.845038353953623e-01 
 1.814137193060688e-07  5.845038353953623e-01 
 1.814337193060688e-07  5.845038353953621e-01 
 1.814537193060688e-07  5.845038353953620e-01 
 1.814737193060688e-07  5.845038353953619e-01 
 1.814937193060688e-07  5.845038353953620e-01 
 1.815137193060688e-07  5.845038353953621e-01 
 1.815337193060688e-07  5.845038353953623e-01 
 1.815537193060688e-07  5.845038353953622e-01 
 1.815737193060688e-07  5.845038353953622e-01 
 1.815937193060688e-07  5.845038353953622e-01 
 1.816137193060688e-07  5.845038353953622e-01 
 1.816337193060688e-07  5.845038353953622e-01 
 1.816537193060688e-07  5.845038353953622e-01 
 1.816737193060688e-07  5.845038353953622e-01 
 1.816937193060688e-07  5.845038353953623e-01 
 1.817137193060688e-07  5.845038353953623e-01 
 1.817337193060688e-07  5.845038353953622e-01 
 1.817537193060688e-07  5.845038353953621e-01 
 1.817737193060688e-07  5.845038353953621e-01 
 1.817937193060688e-07  5.845038353953621e-01 
 1.818137193060688e-07  5.845038353953621e-01 
 1.818337193060688e-07  5.845038353953621e-01 
 1.818537193060688e-07  5.845038353953622e-01 
 1.818737193060688e-07  5.845038353953624e-01 
 1.818937193060688e-07  5.845038353953627e-01 
 1.819137193060687e-07  5.845038353953628e-01 
 1.819337193060687e-07  5.845038353953628e-01 
 1.819537193060687e-07  5.845038353953628e-01 
 1.819737193060687e-07  5.845038353953628e-01 
 1.819937193060687e-07  5.845038353953628e-01 
 1.820137193060687e-07  5.845038353953628e-01 
 1.820337193060687e-07  5.845038353953628e-01 
 1.820537193060687e-07  5.845038353953629e-01 
 1.820737193060687e-07  5.845038353953630e-01 
 1.820937193060687e-07  5.845038353953630e-01 
 1.821137193060687e-07  5.845038353953629e-01 
 1.821337193060687e-07  5.845038353953628e-01 
 1.821537193060687e-07  5.845038353953627e-01 
 1.821737193060687e-07  5.845038353953628e-01 
 1.821937193060687e-07  5.845038353953629e-01 
 1.822137193060687e-07  5.845038353953630e-01 
 1.822337193060687e-07  5.845038353953629e-01 
 1.822537193060687e-07  5.845038353953628e-01 
 1.822737193060687e-07  5.845038353953627e-01 
 1.822937193060687e-07  5.845038353953628e-01 
 1.823137193060687e-07  5.845038353953628e-01 
 1.823337193060687e-07  5.845038353953628e-01 
 1.823537193060687e-07  5.845038353953627e-01 
 1.823737193060687e-07  5.845038353953627e-01 
 1.823937193060687e-07  5.845038353953625e-01 
 1.824137193060687e-07  5.845038353953624e-01 
 1.824337193060686e-07  5.845038353953624e-01 
 1.824537193060686e-07  5.845038353953624e-01 
 1.824737193060686e-07  5.845038353953623e-01 
 1.824937193060686e-07  5.845038353953621e-01 
 1.825137193060686e-07  5.845038353953620e-01 
 1.825337193060686e-07  5.845038353953619e-01 
 1.825537193060686e-07  5.845038353953620e-01 
 1.825737193060686e-07  5.845038353953620e-01 
 1.825937193060686e-07  5.845038353953617e-01 
 1.826137193060686e-07  5.845038353953613e-01 
 1.826337193060686e-07  5.845038353953611e-01 
 1.826537193060686e-07  5.845038353953610e-01 
 1.826737193060686e-07  5.845038353953610e-01 
 1.826937193060686e-07  5.845038353953610e-01 
 1.827137193060686e-07  5.845038353953610e-01 
 1.827337193060686e-07  5.845038353953611e-01 
 1.827537193060686e-07  5.845038353953611e-01 
 1.827737193060686e-07  5.845038353953611e-01 
 1.827937193060686e-07  5.845038353953610e-01 
 1.828137193060686e-07  5.845038353953611e-01 
 1.828337193060686e-07  5.845038353953612e-01 
 1.828537193060686e-07  5.845038353953611e-01 
 1.828737193060686e-07  5.845038353953610e-01 
 1.828937193060686e-07  5.845038353953611e-01 
 1.829137193060686e-07  5.845038353953611e-01 
 1.829337193060686e-07  5.845038353953610e-01 
 1.829537193060686e-07  5.845038353953611e-01 
 1.829737193060685e-07  5.845038353953612e-01 
 1.829937193060685e-07  5.845038353953611e-01 
 1.830137193060685e-07  5.845038353953611e-01 
 1.830337193060685e-07  5.845038353953611e-01 
 1.830537193060685e-07  5.845038353953611e-01 
 1.830737193060685e-07  5.845038353953610e-01 
 1.830937193060685e-07  5.845038353953611e-01 
 1.831137193060685e-07  5.845038353953611e-01 
 1.831337193060685e-07  5.845038353953610e-01 
 1.831537193060685e-07  5.845038353953610e-01 
 1.831737193060685e-07  5.845038353953612e-01 
 1.831937193060685e-07  5.845038353953614e-01 
 1.832137193060685e-07  5.845038353953614e-01 
 1.832337193060685e-07  5.845038353953614e-01 
 1.832537193060685e-07  5.845038353953614e-01 
 1.832737193060685e-07  5.845038353953613e-01 
 1.832937193060685e-07  5.845038353953615e-01 
 1.833137193060685e-07  5.845038353953618e-01 
 1.833337193060685e-07  5.845038353953618e-01 
 1.833537193060685e-07  5.845038353953617e-01 
 1.833737193060685e-07  5.845038353953615e-01 
 1.833937193060685e-07  5.845038353953617e-01 
 1.834137193060685e-07  5.845038353953618e-01 
 1.834337193060685e-07  5.845038353953617e-01 
 1.834537193060685e-07  5.845038353953617e-01 
 1.834737193060685e-07  5.845038353953617e-01 
 1.834937193060684e-07  5.845038353953618e-01 
 1.835137193060684e-07  5.845038353953618e-01 
 1.835337193060684e-07  5.845038353953617e-01 
 1.835537193060684e-07  5.845038353953617e-01 
 1.835737193060684e-07  5.845038353953618e-01 
 1.835937193060684e-07  5.845038353953618e-01 
 1.836137193060684e-07  5.845038353953618e-01 
 1.836337193060684e-07  5.845038353953618e-01 
 1.836537193060684e-07  5.845038353953618e-01 
 1.836737193060684e-07  5.845038353953618e-01 
 1.836937193060684e-07  5.845038353953618e-01 
 1.837137193060684e-07  5.845038353953617e-01 
 1.837337193060684e-07  5.845038353953618e-01 
 1.837537193060684e-07  5.845038353953618e-01 
 1.837737193060684e-07  5.845038353953618e-01 
 1.837937193060684e-07  5.845038353953618e-01 
 1.838137193060684e-07  5.845038353953618e-01 
 1.838337193060684e-07  5.845038353953617e-01 
 1.838537193060684e-07  5.845038353953615e-01 
 1.838737193060684e-07  5.845038353953617e-01 
 1.838937193060684e-07  5.845038353953618e-01 
 1.839137193060684e-07  5.845038353953617e-01 
 1.839337193060684e-07  5.845038353953615e-01 
 1.839537193060684e-07  5.845038353953617e-01 
 1.839737193060684e-07  5.845038353953618e-01 
 1.839937193060684e-07  5.845038353953617e-01 
 1.840137193060683e-07  5.845038353953617e-01 
 1.840337193060683e-07  5.845038353953617e-01 
 1.840537193060683e-07  5.845038353953617e-01 
 1.840737193060683e-07  5.845038353953617e-01 
 1.840937193060683e-07  5.845038353953617e-01 
 1.841137193060683e-07  5.845038353953617e-01 
 1.841337193060683e-07  5.845038353953617e-01 
 1.841537193060683e-07  5.845038353953615e-01 
 1.841737193060683e-07  5.845038353953617e-01 
 1.841937193060683e-07  5.845038353953617e-01 
 1.842137193060683e-07  5.845038353953617e-01 
 1.842337193060683e-07  5.845038353953617e-01 
 1.842537193060683e-07  5.845038353953617e-01 
 1.842737193060683e-07  5.845038353953617e-01 
 1.842937193060683e-07  5.845038353953617e-01 
 1.843137193060683e-07  5.845038353953617e-01 
 1.843337193060683e-07  5.845038353953618e-01 
 1.843537193060683e-07  5.845038353953618e-01 
 1.843737193060683e-07  5.845038353953617e-01 
 1.843937193060683e-07  5.845038353953615e-01 
 1.844137193060683e-07  5.845038353953617e-01 
 1.844337193060683e-07  5.845038353953618e-01 
 1.844537193060683e-07  5.845038353953618e-01 
 1.844737193060683e-07  5.845038353953617e-01 
 1.844937193060683e-07  5.845038353953615e-01 
 1.845137193060683e-07  5.845038353953617e-01 
 1.845337193060683e-07  5.845038353953618e-01 
 1.845537193060682e-07  5.845038353953617e-01 
 1.845737193060682e-07  5.845038353953617e-01 
 1.845937193060682e-07  5.845038353953617e-01 
 1.846137193060682e-07  5.845038353953617e-01 
 1.846337193060682e-07  5.845038353953617e-01 
 1.846537193060682e-07  5.845038353953617e-01 
 1.846737193060682e-07  5.845038353953617e-01 
 1.846937193060682e-07  5.845038353953617e-01 
 1.847137193060682e-07  5.845038353953617e-01 
 1.847337193060682e-07  5.845038353953618e-01 
 1.847537193060682e-07  5.845038353953617e-01 
 1.847737193060682e-07  5.845038353953617e-01 
 1.847937193060682e-07  5.845038353953617e-01 
 1.848137193060682e-07  5.845038353953617e-01 
 1.848337193060682e-07  5.845038353953617e-01 
 1.848537193060682e-07  5.845038353953617e-01 
 1.848737193060682e-07  5.845038353953617e-01 
 1.848937193060682e-07  5.845038353953617e-01 
 1.849137193060682e-07  5.845038353953617e-01 
 1.849337193060682e-07  5.845038353953617e-01 
 1.849537193060682e-07  5.845038353953615e-01 
 1.849737193060682e-07  5.845038353953615e-01 
 1.849937193060682e-07  5.845038353953617e-01 
 1.850137193060682e-07  5.845038353953618e-01 
 1.850337193060682e-07  5.845038353953618e-01 
 1.850537193060682e-07  5.845038353953618e-01 
 1.850737193060681e-07  5.845038353953618e-01 
 1.850937193060681e-07  5.845038353953618e-01 
 1.851137193060681e-07  5.845038353953617e-01 
 1.851337193060681e-07  5.845038353953614e-01 
 1.851537193060681e-07  5.845038353953612e-01 
 1.851737193060681e-07  5.845038353953610e-01 
 1.851937193060681e-07  5.845038353953611e-01 
 1.852137193060681e-07  5.845038353953613e-01 
 1.852337193060681e-07  5.845038353953615e-01 
 1.852537193060681e-07  5.845038353953618e-01 
 1.852737193060681e-07  5.845038353953618e-01 
 1.852937193060681e-07  5.845038353953617e-01 
 1.853137193060681e-07  5.845038353953614e-01 
 1.853337193060681e-07  5.845038353953613e-01 
 1.853537193060681e-07  5.845038353953614e-01 
 1.853737193060681e-07  5.845038353953614e-01 
 1.853937193060681e-07  5.845038353953613e-01 
 1.854137193060681e-07  5.845038353953613e-01 
 1.854337193060681e-07  5.845038353953614e-01 
 1.854537193060681e-07  5.845038353953615e-01 
 1.854737193060681e-07  5.845038353953618e-01 
 1.854937193060681e-07  5.845038353953618e-01 
 1.855137193060681e-07  5.845038353953618e-01 
 1.855337193060681e-07  5.845038353953618e-01 
 1.855537193060681e-07  5.845038353953618e-01 
 1.855737193060681e-07  5.845038353953620e-01 
 1.855937193060681e-07  5.845038353953620e-01 
 1.856137193060680e-07  5.845038353953618e-01 
 1.856337193060680e-07  5.845038353953617e-01 
 1.856537193060680e-07  5.845038353953617e-01 
 1.856737193060680e-07  5.845038353953617e-01 
 1.856937193060680e-07  5.845038353953617e-01 
 1.857137193060680e-07  5.845038353953617e-01 
 1.857337193060680e-07  5.845038353953617e-01 
 1.857537193060680e-07  5.845038353953617e-01 
 1.857737193060680e-07  5.845038353953617e-01 
 1.857937193060680e-07  5.845038353953615e-01 
 1.858137193060680e-07  5.845038353953617e-01 
 1.858337193060680e-07  5.845038353953617e-01 
 1.858537193060680e-07  5.845038353953617e-01 
 1.858737193060680e-07  5.845038353953617e-01 
 1.858937193060680e-07  5.845038353953617e-01 
 1.859137193060680e-07  5.845038353953617e-01 
 1.859337193060680e-07  5.845038353953617e-01 
 1.859537193060680e-07  5.845038353953615e-01 
 1.859737193060680e-07  5.845038353953617e-01 
 1.859937193060680e-07  5.845038353953618e-01 
 1.860137193060680e-07  5.845038353953617e-01 
 1.860337193060680e-07  5.845038353953615e-01 
 1.860537193060680e-07  5.845038353953617e-01 
 1.860737193060680e-07  5.845038353953618e-01 
 1.860937193060680e-07  5.845038353953617e-01 
 1.861137193060680e-07  5.845038353953615e-01 
 1.861337193060679e-07  5.845038353953617e-01 
 1.861537193060679e-07  5.845038353953618e-01 
 1.861737193060679e-07  5.845038353953618e-01 
 1.861937193060679e-07  5.845038353953615e-01 
 1.862137193060679e-07  5.845038353953617e-01 
 1.862337193060679e-07  5.845038353953618e-01 
 1.862537193060679e-07  5.845038353953617e-01 
 1.862737193060679e-07  5.845038353953615e-01 
 1.862937193060679e-07  5.845038353953617e-01 
 1.863137193060679e-07  5.845038353953615e-01 
 1.863337193060679e-07  5.845038353953615e-01 
 1.863537193060679e-07  5.845038353953617e-01 
 1.863737193060679e-07  5.845038353953617e-01 
 1.863937193060679e-07  5.845038353953615e-01 
 1.864137193060679e-07  5.845038353953615e-01 
 1.864337193060679e-07  5.845038353953617e-01 
 1.864537193060679e-07  5.845038353953617e-01 
 1.864737193060679e-07  5.845038353953614e-01 
 1.864937193060679e-07  5.845038353953612e-01 
 1.865137193060679e-07  5.845038353953611e-01 
 1.865337193060679e-07  5.845038353953610e-01 
 1.865537193060679e-07  5.845038353953609e-01 
 1.865737193060679e-07  5.845038353953610e-01 
 1.865937193060679e-07  5.845038353953613e-01 
 1.866137193060679e-07  5.845038353953615e-01 
 1.866337193060679e-07  5.845038353953617e-01 
 1.866537193060678e-07  5.845038353953617e-01 
 1.866737193060678e-07  5.845038353953615e-01 
 1.866937193060678e-07  5.845038353953617e-01 
 1.867137193060678e-07  5.845038353953618e-01 
 1.867337193060678e-07  5.845038353953617e-01 
 1.867537193060678e-07  5.845038353953614e-01 
 1.867737193060678e-07  5.845038353953612e-01 
 1.867937193060678e-07  5.845038353953611e-01 
 1.868137193060678e-07  5.845038353953610e-01 
 1.868337193060678e-07  5.845038353953610e-01 
 1.868537193060678e-07  5.845038353953611e-01 
 1.868737193060678e-07  5.845038353953611e-01 
 1.868937193060678e-07  5.845038353953611e-01 
 1.869137193060678e-07  5.845038353953611e-01 
 1.869337193060678e-07  5.845038353953611e-01 
 1.869537193060678e-07  5.845038353953611e-01 
 1.869737193060678e-07  5.845038353953611e-01 
 1.869937193060678e-07  5.845038353953610e-01 
 1.870137193060678e-07  5.845038353953610e-01 
 1.870337193060678e-07  5.845038353953611e-01 
 1.870537193060678e-07  5.845038353953612e-01 
 1.870737193060678e-07  5.845038353953612e-01 
 1.870937193060678e-07  5.845038353953612e-01 
 1.871137193060678e-07  5.845038353953612e-01 
 1.871337193060678e-07  5.845038353953612e-01 
 1.871537193060678e-07  5.845038353953612e-01 
 1.871737193060678e-07  5.845038353953612e-01 
 1.871937193060677e-07  5.845038353953612e-01 
 1.872137193060677e-07  5.845038353953613e-01 
 1.872337193060677e-07  5.845038353953614e-01 
 1.872537193060677e-07  5.845038353953613e-01 
 1.872737193060677e-07  5.845038353953613e-01 
 1.872937193060677e-07  5.845038353953615e-01 
 1.873137193060677e-07  5.845038353953617e-01 
 1.873337193060677e-07  5.845038353953615e-01 
 1.873537193060677e-07  5.845038353953614e-01 
 1.873737193060677e-07  5.845038353953612e-01 
 1.873937193060677e-07  5.845038353953610e-01 
 1.874137193060677e-07  5.845038353953613e-01 
 1.874337193060677e-07  5.845038353953617e-01 
 1.874537193060677e-07  5.845038353953617e-01 
 1.874737193060677e-07  5.845038353953615e-01 
 1.874937193060677e-07  5.845038353953615e-01 
 1.875137193060677e-07  5.845038353953615e-01 
 1.875337193060677e-07  5.845038353953618e-01 
 1.875537193060677e-07  5.845038353953620e-01 
 1.875737193060677e-07  5.845038353953620e-01 
 1.875937193060677e-07  5.845038353953618e-01 
 1.876137193060677e-07  5.845038353953615e-01 
 1.876337193060677e-07  5.845038353953615e-01 
 1.876537193060677e-07  5.845038353953618e-01 
 1.876737193060677e-07  5.845038353953619e-01 
 1.876937193060677e-07  5.845038353953620e-01 
 1.877137193060676e-07  5.845038353953620e-01 
 1.877337193060676e-07  5.845038353953620e-01 
 1.877537193060676e-07  5.845038353953619e-01 
 1.877737193060676e-07  5.845038353953619e-01 
 1.877937193060676e-07  5.845038353953620e-01 
 1.878137193060676e-07  5.845038353953620e-01 
 1.878337193060676e-07  5.845038353953619e-01 
 1.878537193060676e-07  5.845038353953619e-01 
 1.878737193060676e-07  5.845038353953620e-01 
 1.878937193060676e-07  5.845038353953620e-01 
 1.879137193060676e-07  5.845038353953619e-01 
 1.879337193060676e-07  5.845038353953620e-01 
 1.879537193060676e-07  5.845038353953620e-01 
 1.879737193060676e-07  5.845038353953620e-01 
 1.879937193060676e-07  5.845038353953620e-01 
 1.880137193060676e-07  5.845038353953620e-01 
 1.880337193060676e-07  5.845038353953620e-01 
 1.880537193060676e-07  5.845038353953620e-01 
 1.880737193060676e-07  5.845038353953619e-01 
 1.880937193060676e-07  5.845038353953619e-01 
 1.881137193060676e-07  5.845038353953620e-01 
 1.881337193060676e-07  5.845038353953620e-01 
 1.881537193060676e-07  5.845038353953618e-01 
 1.881737193060676e-07  5.845038353953617e-01 
 1.881937193060676e-07  5.845038353953618e-01 
 1.882137193060676e-07  5.845038353953618e-01 
 1.882337193060675e-07  5.845038353953618e-01 
 1.882537193060675e-07  5.845038353953618e-01 
 1.882737193060675e-07  5.845038353953618e-01 
 1.882937193060675e-07  5.845038353953618e-01 
 1.883137193060675e-07  5.845038353953618e-01 
 1.883337193060675e-07  5.845038353953618e-01 
 1.883537193060675e-07  5.845038353953617e-01 
 1.883737193060675e-07  5.845038353953615e-01 
 1.883937193060675e-07  5.845038353953615e-01 
 1.884137193060675e-07  5.845038353953617e-01 
 1.884337193060675e-07  5.845038353953617e-01 
 1.884537193060675e-07  5.845038353953617e-01 
 1.884737193060675e-07  5.845038353953617e-01 
 1.884937193060675e-07  5.845038353953615e-01 
 1.885137193060675e-07  5.845038353953615e-01 
 1.885337193060675e-07  5.845038353953618e-01 
 1.885537193060675e-07  5.845038353953617e-01 
 1.885737193060675e-07  5.845038353953615e-01 
 1.885937193060675e-07  5.845038353953615e-01 
 1.886137193060675e-07  5.845038353953617e-01 
 1.886337193060675e-07  5.845038353953617e-01 
 1.886537193060675e-07  5.845038353953615e-01 
 1.886737193060675e-07  5.845038353953615e-01 
 1.886937193060675e-07  5.845038353953617e-01 
 1.887137193060675e-07  5.845038353953617e-01 
 1.887337193060675e-07  5.845038353953617e-01 
 1.887537193060675e-07  5.845038353953617e-01 
 1.887737193060674e-07  5.845038353953617e-01 
 1.887937193060674e-07  5.845038353953617e-01 
 1.888137193060674e-07  5.845038353953617e-01 
 1.888337193060674e-07  5.845038353953617e-01 
 1.888537193060674e-07  5.845038353953617e-01 
 1.888737193060674e-07  5.845038353953617e-01 
 1.888937193060674e-07  5.845038353953617e-01 
 1.889137193060674e-07  5.845038353953617e-01 
 1.889337193060674e-07  5.845038353953618e-01 
 1.889537193060674e-07  5.845038353953618e-01 
 1.889737193060674e-07  5.845038353953617e-01 
 1.889937193060674e-07  5.845038353953615e-01 
 1.890137193060674e-07  5.845038353953617e-01 
 1.890337193060674e-07  5.845038353953618e-01 
 1.890537193060674e-07  5.845038353953618e-01 
 1.890737193060674e-07  5.845038353953618e-01 
 1.890937193060674e-07  5.845038353953618e-01 
 1.891137193060674e-07  5.845038353953617e-01 
 1.891337193060674e-07  5.845038353953615e-01 
 1.891537193060674e-07  5.845038353953617e-01 
 1.891737193060674e-07  5.845038353953618e-01 
 1.891937193060674e-07  5.845038353953618e-01 
 1.892137193060674e-07  5.845038353953618e-01 
 1.892337193060674e-07  5.845038353953617e-01 
 1.892537193060674e-07  5.845038353953617e-01 
 1.892737193060674e-07  5.845038353953618e-01 
 1.892937193060673e-07  5.845038353953619e-01 
 1.893137193060673e-07  5.845038353953620e-01 
 1.893337193060673e-07  5.845038353953620e-01 
 1.893537193060673e-07  5.845038353953620e-01 
 1.893737193060673e-07  5.845038353953620e-01 
 1.893937193060673e-07  5.845038353953620e-01 
 1.894137193060673e-07  5.845038353953620e-01 
 1.894337193060673e-07  5.845038353953619e-01 
 1.894537193060673e-07  5.845038353953620e-01 
 1.894737193060673e-07  5.845038353953620e-01 
 1.894937193060673e-07  5.845038353953619e-01 
 1.895137193060673e-07  5.845038353953619e-01 
 1.895337193060673e-07  5.845038353953620e-01 
 1.895537193060673e-07  5.845038353953622e-01 
 1.895737193060673e-07  5.845038353953624e-01 
 1.895937193060673e-07  5.845038353953625e-01 
 1.896137193060673e-07  5.845038353953624e-01 
 1.896337193060673e-07  5.845038353953624e-01 
 1.896537193060673e-07  5.845038353953625e-01 
 1.896737193060673e-07  5.845038353953623e-01 
 1.896937193060673e-07  5.845038353953620e-01 
 1.897137193060673e-07  5.845038353953619e-01 
 1.897337193060673e-07  5.845038353953620e-01 
 1.897537193060673e-07  5.845038353953620e-01 
 1.897737193060673e-07  5.845038353953620e-01 
 1.897937193060673e-07  5.845038353953621e-01 
 1.898137193060673e-07  5.845038353953622e-01 
 1.898337193060672e-07  5.845038353953622e-01 
 1.898537193060672e-07  5.845038353953623e-01 
 1.898737193060672e-07  5.845038353953622e-01 
 1.898937193060672e-07  5.845038353953621e-01 
 1.899137193060672e-07  5.845038353953622e-01 
 1.899337193060672e-07  5.845038353953624e-01 
 1.899537193060672e-07  5.845038353953627e-01 
 1.899737193060672e-07  5.845038353953627e-01 
 1.899937193060672e-07  5.845038353953625e-01 
 1.900137193060672e-07  5.845038353953624e-01 
 1.900337193060672e-07  5.845038353953624e-01 
 1.900537193060672e-07  5.845038353953625e-01 
 1.900737193060672e-07  5.845038353953625e-01 
 1.900937193060672e-07  5.845038353953624e-01 
 1.901137193060672e-07  5.845038353953623e-01 
 1.901337193060672e-07  5.845038353953621e-01 
 1.901537193060672e-07  5.845038353953621e-01 
 1.901737193060672e-07  5.845038353953622e-01 
 1.901937193060672e-07  5.845038353953622e-01 
 1.902137193060672e-07  5.845038353953622e-01 
 1.902337193060672e-07  5.845038353953622e-01 
 1.902537193060672e-07  5.845038353953622e-01 
 1.902737193060672e-07  5.845038353953623e-01 
 1.902937193060672e-07  5.845038353953624e-01 
 1.903137193060672e-07  5.845038353953625e-01 
 1.903337193060672e-07  5.845038353953625e-01 
 1.903537193060671e-07  5.845038353953624e-01 
 1.903737193060671e-07  5.845038353953624e-01 
 1.903937193060671e-07  5.845038353953625e-01 
 1.904137193060671e-07  5.845038353953625e-01 
 1.904337193060671e-07  5.845038353953624e-01 
 1.904537193060671e-07  5.845038353953624e-01 
 1.904737193060671e-07  5.845038353953624e-01 
 1.904937193060671e-07  5.845038353953624e-01 
 1.905137193060671e-07  5.845038353953625e-01 
 1.905337193060671e-07  5.845038353953625e-01 
 1.905537193060671e-07  5.845038353953623e-01 
 1.905737193060671e-07  5.845038353953621e-01 
 1.905937193060671e-07  5.845038353953622e-01 
 1.906137193060671e-07  5.845038353953624e-01 
 1.906337193060671e-07  5.845038353953625e-01 
 1.906537193060671e-07  5.845038353953625e-01 
 1.906737193060671e-07  5.845038353953624e-01 
 1.906937193060671e-07  5.845038353953624e-01 
 1.907137193060671e-07  5.845038353953625e-01 
 1.907337193060671e-07  5.845038353953625e-01 
 1.907537193060671e-07  5.845038353953623e-01 
 1.907737193060671e-07  5.845038353953620e-01 
 1.907937193060671e-07  5.845038353953620e-01 
 1.908137193060671e-07  5.845038353953620e-01 
 1.908337193060671e-07  5.845038353953619e-01 
 1.908537193060671e-07  5.845038353953620e-01 
 1.908737193060670e-07  5.845038353953620e-01 
 1.908937193060670e-07  5.845038353953620e-01 
 1.909137193060670e-07  5.845038353953620e-01 
 1.909337193060670e-07  5.845038353953620e-01 
 1.909537193060670e-07  5.845038353953621e-01 
 1.909737193060670e-07  5.845038353953623e-01 
 1.909937193060670e-07  5.845038353953622e-01 
 1.910137193060670e-07  5.845038353953622e-01 
 1.910337193060670e-07  5.845038353953623e-01 
 1.910537193060670e-07  5.845038353953623e-01 
 1.910737193060670e-07  5.845038353953622e-01 
 1.910937193060670e-07  5.845038353953622e-01 
 1.911137193060670e-07  5.845038353953622e-01 
 1.911337193060670e-07  5.845038353953622e-01 
 1.911537193060670e-07  5.845038353953623e-01 
 1.911737193060670e-07  5.845038353953623e-01 
 1.911937193060670e-07  5.845038353953622e-01 
 1.912137193060670e-07  5.845038353953623e-01 
 1.912337193060670e-07  5.845038353953624e-01 
 1.912537193060670e-07  5.845038353953627e-01 
 1.912737193060670e-07  5.845038353953628e-01 
 1.912937193060670e-07  5.845038353953627e-01 
 1.913137193060670e-07  5.845038353953627e-01 
 1.913337193060670e-07  5.845038353953627e-01 
 1.913537193060670e-07  5.845038353953627e-01 
 1.913737193060670e-07  5.845038353953627e-01 
 1.913937193060670e-07  5.845038353953627e-01 
 1.914137193060669e-07  5.845038353953627e-01 
 1.914337193060669e-07  5.845038353953625e-01 
 1.914537193060669e-07  5.845038353953624e-01 
 1.914737193060669e-07  5.845038353953624e-01 
 1.914937193060669e-07  5.845038353953624e-01 
 1.915137193060669e-07  5.845038353953625e-01 
 1.915337193060669e-07  5.845038353953627e-01 
 1.915537193060669e-07  5.845038353953628e-01 
 1.915737193060669e-07  5.845038353953628e-01 
 1.915937193060669e-07  5.845038353953629e-01 
 1.916137193060669e-07  5.845038353953631e-01 
 1.916337193060669e-07  5.845038353953631e-01 
 1.916537193060669e-07  5.845038353953631e-01 
 1.916737193060669e-07  5.845038353953631e-01 
 1.916937193060669e-07  5.845038353953631e-01 
 1.917137193060669e-07  5.845038353953631e-01 
 1.917337193060669e-07  5.845038353953631e-01 
 1.917537193060669e-07  5.845038353953630e-01 
 1.917737193060669e-07  5.845038353953630e-01 
 1.917937193060669e-07  5.845038353953629e-01 
 1.918137193060669e-07  5.845038353953628e-01 
 1.918337193060669e-07  5.845038353953628e-01 
 1.918537193060669e-07  5.845038353953629e-01 
 1.918737193060669e-07  5.845038353953629e-01 
 1.918937193060669e-07  5.845038353953629e-01 
 1.919137193060669e-07  5.845038353953629e-01 
 1.919337193060668e-07  5.845038353953629e-01 
 1.919537193060668e-07  5.845038353953629e-01 
 1.919737193060668e-07  5.845038353953628e-01 
 1.919937193060668e-07  5.845038353953627e-01 
 1.920137193060668e-07  5.845038353953627e-01 
 1.920337193060668e-07  5.845038353953625e-01 
 1.920537193060668e-07  5.845038353953624e-01 
 1.920737193060668e-07  5.845038353953623e-01 
 1.920937193060668e-07  5.845038353953622e-01 
 1.921137193060668e-07  5.845038353953623e-01 
 1.921337193060668e-07  5.845038353953623e-01 
 1.921537193060668e-07  5.845038353953622e-01 
 1.921737193060668e-07  5.845038353953622e-01 
 1.921937193060668e-07  5.845038353953623e-01 
 1.922137193060668e-07  5.845038353953623e-01 
 1.922337193060668e-07  5.845038353953622e-01 
 1.922537193060668e-07  5.845038353953623e-01 
 1.922737193060668e-07  5.845038353953623e-01 
 1.922937193060668e-07  5.845038353953622e-01 
 1.923137193060668e-07  5.845038353953622e-01 
 1.923337193060668e-07  5.845038353953622e-01 
 1.923537193060668e-07  5.845038353953623e-01 
 1.923737193060668e-07  5.845038353953624e-01 
 1.923937193060668e-07  5.845038353953624e-01 
 1.924137193060668e-07  5.845038353953625e-01 
 1.924337193060668e-07  5.845038353953625e-01 
 1.924537193060667e-07  5.845038353953624e-01 
 1.924737193060667e-07  5.845038353953623e-01 
 1.924937193060667e-07  5.845038353953620e-01 
 1.925137193060667e-07  5.845038353953618e-01 
 1.925337193060667e-07  5.845038353953617e-01 
 1.925537193060667e-07  5.845038353953618e-01 
 1.925737193060667e-07  5.845038353953618e-01 
 1.925937193060667e-07  5.845038353953618e-01 
 1.926137193060667e-07  5.845038353953618e-01 
 1.926337193060667e-07  5.845038353953615e-01 
 1.926537193060667e-07  5.845038353953615e-01 
 1.926737193060667e-07  5.845038353953617e-01 
 1.926937193060667e-07  5.845038353953617e-01 
 1.927137193060667e-07  5.845038353953615e-01 
 1.927337193060667e-07  5.845038353953615e-01 
 1.927537193060667e-07  5.845038353953618e-01 
 1.927737193060667e-07  5.845038353953618e-01 
 1.927937193060667e-07  5.845038353953617e-01 
 1.928137193060667e-07  5.845038353953617e-01 
 1.928337193060667e-07  5.845038353953615e-01 
 1.928537193060667e-07  5.845038353953615e-01 
 1.928737193060667e-07  5.845038353953617e-01 
 1.928937193060667e-07  5.845038353953617e-01 
 1.929137193060667e-07  5.845038353953614e-01 
 1.929337193060667e-07  5.845038353953612e-01 
 1.929537193060667e-07  5.845038353953610e-01 
 1.929737193060667e-07  5.845038353953611e-01 
 1.929937193060666e-07  5.845038353953611e-01 
 1.930137193060666e-07  5.845038353953610e-01 
 1.930337193060666e-07  5.845038353953611e-01 
 1.930537193060666e-07  5.845038353953612e-01 
 1.930737193060666e-07  5.845038353953611e-01 
 1.930937193060666e-07  5.845038353953610e-01 
 1.931137193060666e-07  5.845038353953610e-01 
 1.931337193060666e-07  5.845038353953611e-01 
 1.931537193060666e-07  5.845038353953612e-01 
 1.931737193060666e-07  5.845038353953612e-01 
 1.931937193060666e-07  5.845038353953612e-01 
 1.932137193060666e-07  5.845038353953612e-01 
 1.932337193060666e-07  5.845038353953612e-01 
 1.932537193060666e-07  5.845038353953612e-01 
 1.932737193060666e-07  5.845038353953612e-01 
 1.932937193060666e-07  5.845038353953612e-01 
 1.933137193060666e-07  5.845038353953612e-01 
 1.933337193060666e-07  5.845038353953612e-01 
 1.933537193060666e-07  5.845038353953612e-01 
 1.933737193060666e-07  5.845038353953612e-01 
 1.933937193060666e-07  5.845038353953612e-01 
 1.934137193060666e-07  5.845038353953612e-01 
 1.934337193060666e-07  5.845038353953612e-01 
 1.934537193060666e-07  5.845038353953612e-01 
 1.934737193060666e-07  5.845038353953612e-01 
 1.934937193060666e-07  5.845038353953612e-01 
 1.935137193060665e-07  5.845038353953610e-01 
 1.935337193060665e-07  5.845038353953611e-01 
 1.935537193060665e-07  5.845038353953612e-01 
 1.935737193060665e-07  5.845038353953612e-01 
 1.935937193060665e-07  5.845038353953613e-01 
 1.936137193060665e-07  5.845038353953614e-01 
 1.936337193060665e-07  5.845038353953614e-01 
 1.936537193060665e-07  5.845038353953613e-01 
 1.936737193060665e-07  5.845038353953613e-01 
 1.936937193060665e-07  5.845038353953614e-01 
 1.937137193060665e-07  5.845038353953614e-01 
 1.937337193060665e-07  5.845038353953613e-01 
 1.937537193060665e-07  5.845038353953613e-01 
 1.937737193060665e-07  5.845038353953614e-01 
 1.937937193060665e-07  5.845038353953614e-01 
 1.938137193060665e-07  5.845038353953614e-01 
 1.938337193060665e-07  5.845038353953614e-01 
 1.938537193060665e-07  5.845038353953614e-01 
 1.938737193060665e-07  5.845038353953613e-01 
 1.938937193060665e-07  5.845038353953613e-01 
 1.939137193060665e-07  5.845038353953614e-01 
 1.939337193060665e-07  5.845038353953614e-01 
 1.939537193060665e-07  5.845038353953613e-01 
 1.939737193060665e-07  5.845038353953614e-01 
 1.939937193060665e-07  5.845038353953615e-01 
 1.940137193060665e-07  5.845038353953617e-01 
 1.940337193060665e-07  5.845038353953615e-01 
 1.940537193060664e-07  5.845038353953617e-01 
 1.940737193060664e-07  5.845038353953618e-01 
 1.940937193060664e-07  5.845038353953618e-01 
 1.941137193060664e-07  5.845038353953618e-01 
 1.941337193060664e-07  5.845038353953617e-01 
 1.941537193060664e-07  5.845038353953615e-01 
 1.941737193060664e-07  5.845038353953617e-01 
 1.941937193060664e-07  5.845038353953618e-01 
 1.942137193060664e-07  5.845038353953618e-01 
 1.942337193060664e-07  5.845038353953618e-01 
 1.942537193060664e-07  5.845038353953618e-01 
 1.942737193060664e-07  5.845038353953618e-01 
 1.942937193060664e-07  5.845038353953618e-01 
 1.943137193060664e-07  5.845038353953618e-01 
 1.943337193060664e-07  5.845038353953618e-01 
 1.943537193060664e-07  5.845038353953618e-01 
 1.943737193060664e-07  5.845038353953618e-01 
 1.943937193060664e-07  5.845038353953617e-01 
 1.944137193060664e-07  5.845038353953617e-01 
 1.944337193060664e-07  5.845038353953618e-01 
 1.944537193060664e-07  5.845038353953618e-01 
 1.944737193060664e-07  5.845038353953617e-01 
 1.944937193060664e-07  5.845038353953617e-01 
 1.945137193060664e-07  5.845038353953618e-01 
 1.945337193060664e-07  5.845038353953618e-01 
 1.945537193060664e-07  5.845038353953617e-01 
 1.945737193060663e-07  5.845038353953617e-01 
 1.945937193060663e-07  5.845038353953617e-01 
 1.946137193060663e-07  5.845038353953617e-01 
 1.946337193060663e-07  5.845038353953617e-01 
 1.946537193060663e-07  5.845038353953618e-01 
 1.946737193060663e-07  5.845038353953618e-01 
 1.946937193060663e-07  5.845038353953617e-01 
 1.947137193060663e-07  5.845038353953617e-01 
 1.947337193060663e-07  5.845038353953617e-01 
 1.947537193060663e-07  5.845038353953615e-01 
 1.947737193060663e-07  5.845038353953615e-01 
 1.947937193060663e-07  5.845038353953618e-01 
 1.948137193060663e-07  5.845038353953619e-01 
 1.948337193060663e-07  5.845038353953619e-01 
 1.948537193060663e-07  5.845038353953618e-01 
 1.948737193060663e-07  5.845038353953617e-01 
 1.948937193060663e-07  5.845038353953618e-01 
 1.949137193060663e-07  5.845038353953618e-01 
 1.949337193060663e-07  5.845038353953618e-01 
 1.949537193060663e-07  5.845038353953618e-01 
 1.949737193060663e-07  5.845038353953618e-01 
 1.949937193060663e-07  5.845038353953618e-01 
 1.950137193060663e-07  5.845038353953618e-01 
 1.950337193060663e-07  5.845038353953618e-01 
 1.950537193060663e-07  5.845038353953618e-01 
 1.950737193060663e-07  5.845038353953618e-01 
 1.950937193060662e-07  5.845038353953618e-01 
 1.951137193060662e-07  5.845038353953618e-01 
 1.951337193060662e-07  5.845038353953618e-01 
 1.951537193060662e-07  5.845038353953618e-01 
 1.951737193060662e-07  5.845038353953618e-01 
 1.951937193060662e-07  5.845038353953618e-01 
 1.952137193060662e-07  5.845038353953618e-01 
 1.952337193060662e-07  5.845038353953618e-01 
 1.952537193060662e-07  5.845038353953618e-01 
 1.952737193060662e-07  5.845038353953618e-01 
 1.952937193060662e-07  5.845038353953618e-01 
 1.953137193060662e-07  5.845038353953618e-01 
 1.953337193060662e-07  5.845038353953618e-01 
 1.953537193060662e-07  5.845038353953617e-01 
 1.953737193060662e-07  5.845038353953618e-01 
 1.953937193060662e-07  5.845038353953618e-01 
 1.954137193060662e-07  5.845038353953617e-01 
 1.954337193060662e-07  5.845038353953617e-01 
 1.954537193060662e-07  5.845038353953618e-01 
 1.954737193060662e-07  5.845038353953618e-01 
 1.954937193060662e-07  5.845038353953618e-01 
 1.955137193060662e-07  5.845038353953618e-01 
 1.955337193060662e-07  5.845038353953618e-01 
 1.955537193060662e-07  5.845038353953618e-01 
 1.955737193060662e-07  5.845038353953618e-01 
 1.955937193060662e-07  5.845038353953618e-01 
 1.956137193060662e-07  5.845038353953618e-01 
 1.956337193060661e-07  5.845038353953618e-01 
 1.956537193060661e-07  5.845038353953618e-01 
 1.956737193060661e-07  5.845038353953618e-01 
 1.956937193060661e-07  5.845038353953618e-01 
 1.957137193060661e-07  5.845038353953618e-01 
 1.957337193060661e-07  5.845038353953618e-01 
 1.957537193060661e-07  5.845038353953618e-01 
 1.957737193060661e-07  5.845038353953618e-01 
 1.957937193060661e-07  5.845038353953618e-01 
 1.958137193060661e-07  5.845038353953618e-01 
 1.958337193060661e-07  5.845038353953618e-01 
 1.958537193060661e-07  5.845038353953618e-01 
 1.958737193060661e-07  5.845038353953617e-01 
 1.958937193060661e-07  5.845038353953617e-01 
 1.959137193060661e-07  5.845038353953618e-01 
 1.959337193060661e-07  5.845038353953618e-01 
 1.959537193060661e-07  5.845038353953618e-01 
 1.959737193060661e-07  5.845038353953618e-01 
 1.959937193060661e-07  5.845038353953618e-01 
 1.960137193060661e-07  5.845038353953618e-01 
 1.960337193060661e-07  5.845038353953617e-01 
 1.960537193060661e-07  5.845038353953617e-01 
 1.960737193060661e-07  5.845038353953617e-01 
 1.960937193060661e-07  5.845038353953618e-01 
 1.961137193060661e-07  5.845038353953618e-01 
 1.961337193060661e-07  5.845038353953618e-01 
 1.961537193060660e-07  5.845038353953618e-01 
 1.961737193060660e-07  5.845038353953618e-01 
 1.961937193060660e-07  5.845038353953618e-01 
 1.962137193060660e-07  5.845038353953618e-01 
 1.962337193060660e-07  5.845038353953618e-01 
 1.962537193060660e-07  5.845038353953618e-01 
 1.962737193060660e-07  5.845038353953618e-01 
 1.962937193060660e-07  5.845038353953618e-01 
 1.963137193060660e-07  5.845038353953618e-01 
 1.963337193060660e-07  5.845038353953618e-01 
 1.963537193060660e-07  5.845038353953618e-01 
 1.963737193060660e-07  5.845038353953618e-01 
 1.963937193060660e-07  5.845038353953618e-01 
 1.964137193060660e-07  5.845038353953618e-01 
 1.964337193060660e-07  5.845038353953618e-01 
 1.964537193060660e-07  5.845038353953618e-01 
 1.964737193060660e-07  5.845038353953618e-01 
 1.964937193060660e-07  5.845038353953618e-01 
 1.965137193060660e-07  5.845038353953618e-01 
 1.965337193060660e-07  5.845038353953618e-01 
 1.965537193060660e-07  5.845038353953617e-01 
 1.965737193060660e-07  5.845038353953617e-01 
 1.965937193060660e-07  5.845038353953617e-01 
 1.966137193060660e-07  5.845038353953618e-01 
 1.966337193060660e-07  5.845038353953619e-01 
 1.966537193060660e-07  5.845038353953620e-01 
 1.966737193060659e-07  5.845038353953620e-01 
 1.966937193060659e-07  5.845038353953620e-01 
 1.967137193060659e-07  5.845038353953619e-01 
 1.967337193060659e-07  5.845038353953619e-01 
 1.967537193060659e-07  5.845038353953620e-01 
 1.967737193060659e-07  5.845038353953620e-01 
 1.967937193060659e-07  5.845038353953619e-01 
 1.968137193060659e-07  5.845038353953619e-01 
 1.968337193060659e-07  5.845038353953620e-01 
 1.968537193060659e-07  5.845038353953620e-01 
 1.968737193060659e-07  5.845038353953619e-01 
 1.968937193060659e-07  5.845038353953619e-01 
 1.969137193060659e-07  5.845038353953620e-01 
 1.969337193060659e-07  5.845038353953620e-01 
 1.969537193060659e-07  5.845038353953619e-01 
 1.969737193060659e-07  5.845038353953619e-01 
 1.969937193060659e-07  5.845038353953620e-01 
 1.970137193060659e-07  5.845038353953620e-01 
 1.970337193060659e-07  5.845038353953619e-01 
 1.970537193060659e-07  5.845038353953620e-01 
 1.970737193060659e-07  5.845038353953621e-01 
 1.970937193060659e-07  5.845038353953622e-01 
 1.971137193060659e-07  5.845038353953624e-01 
 1.971337193060659e-07  5.845038353953627e-01 
 1.971537193060659e-07  5.845038353953628e-01 
 1.971737193060659e-07  5.845038353953628e-01 
 1.971937193060659e-07  5.845038353953628e-01 
 1.972137193060658e-07  5.845038353953628e-01 
 1.972337193060658e-07  5.845038353953628e-01 
 1.972537193060658e-07  5.845038353953629e-01 
 1.972737193060658e-07  5.845038353953630e-01 
 1.972937193060658e-07  5.845038353953630e-01 
 1.973137193060658e-07  5.845038353953631e-01 
 1.973337193060658e-07  5.845038353953631e-01 
 1.973537193060658e-07  5.845038353953630e-01 
 1.973737193060658e-07  5.845038353953630e-01 
 1.973937193060658e-07  5.845038353953630e-01 
 1.974137193060658e-07  5.845038353953630e-01 
 1.974337193060658e-07  5.845038353953630e-01 
 1.974537193060658e-07  5.845038353953630e-01 
 1.974737193060658e-07  5.845038353953630e-01 
 1.974937193060658e-07  5.845038353953630e-01 
 1.975137193060658e-07  5.845038353953631e-01 
 1.975337193060658e-07  5.845038353953631e-01 
 1.975537193060658e-07  5.845038353953630e-01 
 1.975737193060658e-07  5.845038353953630e-01 
 1.975937193060658e-07  5.845038353953630e-01 
 1.976137193060658e-07  5.845038353953630e-01 
 1.976337193060658e-07  5.845038353953630e-01 
 1.976537193060658e-07  5.845038353953630e-01 
 1.976737193060658e-07  5.845038353953630e-01 
 1.976937193060658e-07  5.845038353953630e-01 
 1.977137193060658e-07  5.845038353953630e-01 
 1.977337193060657e-07  5.845038353953630e-01 
 1.977537193060657e-07  5.845038353953630e-01 
 1.977737193060657e-07  5.845038353953630e-01 
 1.977937193060657e-07  5.845038353953630e-01 
 1.978137193060657e-07  5.845038353953630e-01 
 1.978337193060657e-07  5.845038353953630e-01 
 1.978537193060657e-07  5.845038353953630e-01 
 1.978737193060657e-07  5.845038353953630e-01 
 1.978937193060657e-07  5.845038353953630e-01 
 1.979137193060657e-07  5.845038353953630e-01 
 1.979337193060657e-07  5.845038353953630e-01 
 1.979537193060657e-07  5.845038353953630e-01 
 1.979737193060657e-07  5.845038353953630e-01 
 1.979937193060657e-07  5.845038353953629e-01 
 1.980137193060657e-07  5.845038353953629e-01 
 1.980337193060657e-07  5.845038353953629e-01 
 1.980537193060657e-07  5.845038353953629e-01 
 1.980737193060657e-07  5.845038353953630e-01 
 1.980937193060657e-07  5.845038353953631e-01 
 1.981137193060657e-07  5.845038353953631e-01 
 1.981337193060657e-07  5.845038353953631e-01 
 1.981537193060657e-07  5.845038353953631e-01 
 1.981737193060657e-07  5.845038353953630e-01 
 1.981937193060657e-07  5.845038353953629e-01 
 1.982137193060657e-07  5.845038353953629e-01 
 1.982337193060657e-07  5.845038353953629e-01 
 1.982537193060657e-07  5.845038353953630e-01 
 1.982737193060656e-07  5.845038353953630e-01 
 1.982937193060656e-07  5.845038353953630e-01 
 1.983137193060656e-07  5.845038353953631e-01 
 1.983337193060656e-07  5.845038353953631e-01 
 1.983537193060656e-07  5.845038353953631e-01 
 1.983737193060656e-07  5.845038353953631e-01 
 1.983937193060656e-07  5.845038353953631e-01 
 1.984137193060656e-07  5.845038353953630e-01 
 1.984337193060656e-07  5.845038353953629e-01 
 1.984537193060656e-07  5.845038353953630e-01 
 1.984737193060656e-07  5.845038353953630e-01 
 1.984937193060656e-07  5.845038353953630e-01 
 1.985137193060656e-07  5.845038353953629e-01 
 1.985337193060656e-07  5.845038353953629e-01 
 1.985537193060656e-07  5.845038353953630e-01 
 1.985737193060656e-07  5.845038353953630e-01 
 1.985937193060656e-07  5.845038353953629e-01 
 1.986137193060656e-07  5.845038353953629e-01 
 1.986337193060656e-07  5.845038353953630e-01 
 1.986537193060656e-07  5.845038353953630e-01 
 1.986737193060656e-07  5.845038353953629e-01 
 1.986937193060656e-07  5.845038353953629e-01 
 1.987137193060656e-07  5.845038353953630e-01 
 1.987337193060656e-07  5.845038353953630e-01 
 1.987537193060656e-07  5.845038353953629e-01 
 1.987737193060656e-07  5.845038353953630e-01 
 1.987937193060655e-07  5.845038353953631e-01 
 1.988137193060655e-07  5.845038353953631e-01 
 1.988337193060655e-07  5.845038353953631e-01 
 1.988537193060655e-07  5.845038353953631e-01 
 1.988737193060655e-07  5.845038353953631e-01 
 1.988937193060655e-07  5.845038353953630e-01 
 1.989137193060655e-07  5.845038353953629e-01 
 1.989337193060655e-07  5.845038353953629e-01 
 1.989537193060655e-07  5.845038353953629e-01 
 1.989737193060655e-07  5.845038353953630e-01 
 1.989937193060655e-07  5.845038353953631e-01 
 1.990137193060655e-07  5.845038353953630e-01 
 1.990337193060655e-07  5.845038353953629e-01 
 1.990537193060655e-07  5.845038353953630e-01 
 1.990737193060655e-07  5.845038353953631e-01 
 1.990937193060655e-07  5.845038353953631e-01 
 1.991137193060655e-07  5.845038353953631e-01 
 1.991337193060655e-07  5.845038353953631e-01 
 1.991537193060655e-07  5.845038353953631e-01 
 1.991737193060655e-07  5.845038353953631e-01 
 1.991937193060655e-07  5.845038353953631e-01 
 1.992137193060655e-07  5.845038353953631e-01 
 1.992337193060655e-07  5.845038353953631e-01 
 1.992537193060655e-07  5.845038353953631e-01 
 1.992737193060655e-07  5.845038353953631e-01 
 1.992937193060655e-07  5.845038353953631e-01 
 1.993137193060654e-07  5.845038353953631e-01 
 1.993337193060654e-07  5.845038353953631e-01 
 1.993537193060654e-07  5.845038353953630e-01 
 1.993737193060654e-07  5.845038353953630e-01 
 1.993937193060654e-07  5.845038353953631e-01 
 1.994137193060654e-07  5.845038353953631e-01 
 1.994337193060654e-07  5.845038353953631e-01 
 1.994537193060654e-07  5.845038353953631e-01 
 1.994737193060654e-07  5.845038353953630e-01 
 1.994937193060654e-07  5.845038353953630e-01 
 1.995137193060654e-07  5.845038353953630e-01 
 1.995337193060654e-07  5.845038353953630e-01 
 1.995537193060654e-07  5.845038353953630e-01 
 1.995737193060654e-07  5.845038353953630e-01 
 1.995937193060654e-07  5.845038353953630e-01 
 1.996137193060654e-07  5.845038353953630e-01 
 1.996337193060654e-07  5.845038353953630e-01 
 1.996537193060654e-07  5.845038353953630e-01 
 1.996737193060654e-07  5.845038353953630e-01 
 1.996937193060654e-07  5.845038353953630e-01 
 1.997137193060654e-07  5.845038353953629e-01 
 1.997337193060654e-07  5.845038353953628e-01 
 1.997537193060654e-07  5.845038353953627e-01 
 1.997737193060654e-07  5.845038353953628e-01 
 1.997937193060654e-07  5.845038353953629e-01 
 1.998137193060654e-07  5.845038353953630e-01 
 1.998337193060654e-07  5.845038353953629e-01 
 1.998537193060653e-07  5.845038353953629e-01 
 1.998737193060653e-07  5.845038353953629e-01 
 1.998937193060653e-07  5.845038353953629e-01 
 1.999137193060653e-07  5.845038353953629e-01 
 1.999337193060653e-07  5.845038353953629e-01 
 1.999537193060653e-07  5.845038353953629e-01 
 1.999737193060653e-07  5.845038353953629e-01 
 1.999937193060653e-07  5.845038353953630e-01 
 2.000137193060653e-07  5.845038353953630e-01 
 2.000337193060653e-07  5.845038353953630e-01 
 2.000537193060653e-07  5.845038353953630e-01 
 2.000737193060653e-07  5.845038353953629e-01 
 2.000937193060653e-07  5.845038353953628e-01 
 2.001137193060653e-07  5.845038353953625e-01 
 2.001337193060653e-07  5.845038353953624e-01 
 2.001537193060653e-07  5.845038353953624e-01 
 2.001737193060653e-07  5.845038353953623e-01 
 2.001937193060653e-07  5.845038353953620e-01 
 2.002137193060653e-07  5.845038353953617e-01 
 2.002337193060653e-07  5.845038353953614e-01 
 2.002537193060653e-07  5.845038353953614e-01 
 2.002737193060653e-07  5.845038353953614e-01 
 2.002937193060653e-07  5.845038353953614e-01 
 2.003137193060653e-07  5.845038353953614e-01 
 2.003337193060653e-07  5.845038353953614e-01 
 2.003537193060653e-07  5.845038353953614e-01 
 2.003737193060652e-07  5.845038353953615e-01 
 2.003937193060652e-07  5.845038353953619e-01 
 2.004137193060652e-07  5.845038353953621e-01 
 2.004337193060652e-07  5.845038353953623e-01 
 2.004537193060652e-07  5.845038353953623e-01 
 2.004737193060652e-07  5.845038353953622e-01 
 2.004937193060652e-07  5.845038353953623e-01 
 2.005137193060652e-07  5.845038353953623e-01 
 2.005337193060652e-07  5.845038353953622e-01 
 2.005537193060652e-07  5.845038353953623e-01 
 2.005737193060652e-07  5.845038353953623e-01 
 2.005937193060652e-07  5.845038353953623e-01 
 2.006137193060652e-07  5.845038353953623e-01 
 2.006337193060652e-07  5.845038353953622e-01 
 2.006537193060652e-07  5.845038353953623e-01 
 2.006737193060652e-07  5.845038353953623e-01 
 2.006937193060652e-07  5.845038353953623e-01 
 2.007137193060652e-07  5.845038353953623e-01 
 2.007337193060652e-07  5.845038353953622e-01 
 2.007537193060652e-07  5.845038353953621e-01 
 2.007737193060652e-07  5.845038353953621e-01 
 2.007937193060652e-07  5.845038353953622e-01 
 2.008137193060652e-07  5.845038353953623e-01 
 2.008337193060652e-07  5.845038353953623e-01 
 2.008537193060652e-07  5.845038353953622e-01 
 2.008737193060652e-07  5.845038353953622e-01 
 2.008937193060651e-07  5.845038353953623e-01 
 2.009137193060651e-07  5.845038353953623e-01 
 2.009337193060651e-07  5.845038353953622e-01 
 2.009537193060651e-07  5.845038353953622e-01 
 2.009737193060651e-07  5.845038353953624e-01 
 2.009937193060651e-07  5.845038353953627e-01 
 2.010137193060651e-07  5.845038353953629e-01 
 2.010337193060651e-07  5.845038353953631e-01 
 2.010537193060651e-07  5.845038353953630e-01 
 2.010737193060651e-07  5.845038353953629e-01 
 2.010937193060651e-07  5.845038353953629e-01 
 2.011137193060651e-07  5.845038353953629e-01 
 2.011337193060651e-07  5.845038353953630e-01 
 2.011537193060651e-07  5.845038353953631e-01 
 2.011737193060651e-07  5.845038353953630e-01 
 2.011937193060651e-07  5.845038353953629e-01 
 2.012137193060651e-07  5.845038353953629e-01 
 2.012337193060651e-07  5.845038353953629e-01 
 2.012537193060651e-07  5.845038353953629e-01 
 2.012737193060651e-07  5.845038353953629e-01 
 2.012937193060651e-07  5.845038353953630e-01 
 2.013137193060651e-07  5.845038353953631e-01 
 2.013337193060651e-07  5.845038353953630e-01 
 2.013537193060651e-07  5.845038353953629e-01 
 2.013737193060651e-07  5.845038353953630e-01 
 2.013937193060651e-07  5.845038353953631e-01 
 2.014137193060651e-07  5.845038353953630e-01 
 2.014337193060650e-07  5.845038353953628e-01 
 2.014537193060650e-07  5.845038353953627e-01 
 2.014737193060650e-07  5.845038353953628e-01 
 2.014937193060650e-07  5.845038353953629e-01 
 2.015137193060650e-07  5.845038353953630e-01 
 2.015337193060650e-07  5.845038353953630e-01 
 2.015537193060650e-07  5.845038353953630e-01 
 2.015737193060650e-07  5.845038353953630e-01 
 2.015937193060650e-07  5.845038353953631e-01 
 2.016137193060650e-07  5.845038353953631e-01 
 2.016337193060650e-07  5.845038353953630e-01 
 2.016537193060650e-07  5.845038353953630e-01 
 2.016737193060650e-07  5.845038353953630e-01 
 2.016937193060650e-07  5.845038353953630e-01 
 2.017137193060650e-07  5.845038353953630e-01 
 2.017337193060650e-07  5.845038353953630e-01 
 2.017537193060650e-07  5.845038353953630e-01 
 2.017737193060650e-07  5.845038353953630e-01 
 2.017937193060650e-07  5.845038353953630e-01 
 2.018137193060650e-07  5.845038353953630e-01 
 2.018337193060650e-07  5.845038353953630e-01 
 2.018537193060650e-07  5.845038353953630e-01 
 2.018737193060650e-07  5.845038353953630e-01 
 2.018937193060650e-07  5.845038353953630e-01 
 2.019137193060650e-07  5.845038353953630e-01 
 2.019337193060650e-07  5.845038353953630e-01 
 2.019537193060649e-07  5.845038353953629e-01 
 2.019737193060649e-07  5.845038353953629e-01 
 2.019937193060649e-07  5.845038353953629e-01 
 2.020137193060649e-07  5.845038353953629e-01 
 2.020337193060649e-07  5.845038353953629e-01 
 2.020537193060649e-07  5.845038353953629e-01 
 2.020737193060649e-07  5.845038353953629e-01 
 2.020937193060649e-07  5.845038353953629e-01 
 2.021137193060649e-07  5.845038353953628e-01 
 2.021337193060649e-07  5.845038353953625e-01 
 2.021537193060649e-07  5.845038353953624e-01 
 2.021737193060649e-07  5.845038353953624e-01 
 2.021937193060649e-07  5.845038353953624e-01 
 2.022137193060649e-07  5.845038353953624e-01 
 2.022337193060649e-07  5.845038353953624e-01 
 2.022537193060649e-07  5.845038353953625e-01 
 2.022737193060649e-07  5.845038353953624e-01 
 2.022937193060649e-07  5.845038353953623e-01 
 2.023137193060649e-07  5.845038353953623e-01 
 2.023337193060649e-07  5.845038353953623e-01 
 2.023537193060649e-07  5.845038353953623e-01 
 2.023737193060649e-07  5.845038353953623e-01 
 2.023937193060649e-07  5.845038353953622e-01 
 2.024137193060649e-07  5.845038353953623e-01 
 2.024337193060649e-07  5.845038353953624e-01 
 2.024537193060649e-07  5.845038353953624e-01 
 2.024737193060649e-07  5.845038353953624e-01 
 2.024937193060648e-07  5.845038353953625e-01 
 2.025137193060648e-07  5.845038353953624e-01 
 2.025337193060648e-07  5.845038353953623e-01 
 2.025537193060648e-07  5.845038353953622e-01 
 2.025737193060648e-07  5.845038353953623e-01 
 2.025937193060648e-07  5.845038353953624e-01 
 2.026137193060648e-07  5.845038353953625e-01 
 2.026337193060648e-07  5.845038353953624e-01 
 2.026537193060648e-07  5.845038353953623e-01 
 2.026737193060648e-07  5.845038353953622e-01 
 2.026937193060648e-07  5.845038353953623e-01 
 2.027137193060648e-07  5.845038353953624e-01 
 2.027337193060648e-07  5.845038353953625e-01 
 2.027537193060648e-07  5.845038353953625e-01 
 2.027737193060648e-07  5.845038353953624e-01 
 2.027937193060648e-07  5.845038353953624e-01 
 2.028137193060648e-07  5.845038353953625e-01 
 2.028337193060648e-07  5.845038353953624e-01 
 2.028537193060648e-07  5.845038353953623e-01 
 2.028737193060648e-07  5.845038353953622e-01 
 2.028937193060648e-07  5.845038353953623e-01 
 2.029137193060648e-07  5.845038353953624e-01 
 2.029337193060648e-07  5.845038353953625e-01 
 2.029537193060648e-07  5.845038353953624e-01 
 2.029737193060648e-07  5.845038353953624e-01 
 2.029937193060648e-07  5.845038353953625e-01 
 2.030137193060647e-07  5.845038353953624e-01 
 2.030337193060647e-07  5.845038353953623e-01 
 2.030537193060647e-07  5.845038353953622e-01 
 2.030737193060647e-07  5.845038353953622e-01 
 2.030937193060647e-07  5.845038353953622e-01 
 2.031137193060647e-07  5.845038353953622e-01 
 2.031337193060647e-07  5.845038353953622e-01 
 2.031537193060647e-07  5.845038353953622e-01 
 2.031737193060647e-07  5.845038353953623e-01 
 2.031937193060647e-07  5.845038353953623e-01 
 2.032137193060647e-07  5.845038353953621e-01 
 2.032337193060647e-07  5.845038353953620e-01 
 2.032537193060647e-07  5.845038353953618e-01 
 2.032737193060647e-07  5.845038353953617e-01 
 2.032937193060647e-07  5.845038353953618e-01 
 2.033137193060647e-07  5.845038353953618e-01 
 2.033337193060647e-07  5.845038353953618e-01 
 2.033537193060647e-07  5.845038353953617e-01 
 2.033737193060647e-07  5.845038353953617e-01 
 2.033937193060647e-07  5.845038353953618e-01 
 2.034137193060647e-07  5.845038353953618e-01 
 2.034337193060647e-07  5.845038353953617e-01 
 2.034537193060647e-07  5.845038353953617e-01 
 2.034737193060647e-07  5.845038353953618e-01 
 2.034937193060647e-07  5.845038353953618e-01 
 2.035137193060647e-07  5.845038353953618e-01 
 2.035337193060646e-07  5.845038353953618e-01 
 2.035537193060646e-07  5.845038353953617e-01 
 2.035737193060646e-07  5.845038353953617e-01 
 2.035937193060646e-07  5.845038353953617e-01 
 2.036137193060646e-07  5.845038353953617e-01 
 2.036337193060646e-07  5.845038353953617e-01 
 2.036537193060646e-07  5.845038353953617e-01 
 2.036737193060646e-07  5.845038353953617e-01 
 2.036937193060646e-07  5.845038353953617e-01 
 2.037137193060646e-07  5.845038353953618e-01 
 2.037337193060646e-07  5.845038353953618e-01 
 2.037537193060646e-07  5.845038353953617e-01 
 2.037737193060646e-07  5.845038353953617e-01 
 2.037937193060646e-07  5.845038353953617e-01 
 2.038137193060646e-07  5.845038353953615e-01 
 2.038337193060646e-07  5.845038353953615e-01 
 2.038537193060646e-07  5.845038353953618e-01 
 2.038737193060646e-07  5.845038353953619e-01 
 2.038937193060646e-07  5.845038353953620e-01 
 2.039137193060646e-07  5.845038353953620e-01 
 2.039337193060646e-07  5.845038353953619e-01 
 2.039537193060646e-07  5.845038353953619e-01 
 2.039737193060646e-07  5.845038353953620e-01 
 2.039937193060646e-07  5.845038353953620e-01 
 2.040137193060646e-07  5.845038353953619e-01 
 2.040337193060646e-07  5.845038353953619e-01 
 2.040537193060646e-07  5.845038353953620e-01 
 2.040737193060645e-07  5.845038353953619e-01 
 2.040937193060645e-07  5.845038353953618e-01 
 2.041137193060645e-07  5.845038353953615e-01 
 2.041337193060645e-07  5.845038353953615e-01 
 2.041537193060645e-07  5.845038353953617e-01 
 2.041737193060645e-07  5.845038353953617e-01 
 2.041937193060645e-07  5.845038353953617e-01 
 2.042137193060645e-07  5.845038353953617e-01 
 2.042337193060645e-07  5.845038353953617e-01 
 2.042537193060645e-07  5.845038353953617e-01 
 2.042737193060645e-07  5.845038353953617e-01 
 2.042937193060645e-07  5.845038353953617e-01 
 2.043137193060645e-07  5.845038353953617e-01 
 2.043337193060645e-07  5.845038353953617e-01 
 2.043537193060645e-07  5.845038353953617e-01 
 2.043737193060645e-07  5.845038353953617e-01 
 2.043937193060645e-07  5.845038353953617e-01 
 2.044137193060645e-07  5.845038353953617e-01 
 2.044337193060645e-07  5.845038353953615e-01 
 2.044537193060645e-07  5.845038353953617e-01 
 2.044737193060645e-07  5.845038353953618e-01 
 2.044937193060645e-07  5.845038353953617e-01 
 2.045137193060645e-07  5.845038353953615e-01 
 2.045337193060645e-07  5.845038353953617e-01 
 2.045537193060645e-07  5.845038353953618e-01 
 2.045737193060645e-07  5.845038353953618e-01 
 2.045937193060644e-07  5.845038353953619e-01 
 2.046137193060644e-07  5.845038353953621e-01 
 2.046337193060644e-07  5.845038353953622e-01 
 2.046537193060644e-07  5.845038353953622e-01 
 2.046737193060644e-07  5.845038353953622e-01 
 2.046937193060644e-07  5.845038353953622e-01 
 2.047137193060644e-07  5.845038353953622e-01 
 2.047337193060644e-07  5.845038353953622e-01 
 2.047537193060644e-07  5.845038353953622e-01 
 2.047737193060644e-07  5.845038353953622e-01 
 2.047937193060644e-07  5.845038353953622e-01 
 2.048137193060644e-07  5.845038353953622e-01 
 2.048337193060644e-07  5.845038353953622e-01 
 2.048537193060644e-07  5.845038353953622e-01 
 2.048737193060644e-07  5.845038353953622e-01 
 2.048937193060644e-07  5.845038353953622e-01 
 2.049137193060644e-07  5.845038353953622e-01 
 2.049337193060644e-07  5.845038353953622e-01 
 2.049537193060644e-07  5.845038353953622e-01 
 2.049737193060644e-07  5.845038353953622e-01 
 2.049937193060644e-07  5.845038353953622e-01 
 2.050137193060644e-07  5.845038353953622e-01 
 2.050337193060644e-07  5.845038353953622e-01 
 2.050537193060644e-07  5.845038353953622e-01 
 2.050737193060644e-07  5.845038353953622e-01 
 2.050937193060644e-07  5.845038353953622e-01 
 2.051137193060643e-07  5.845038353953622e-01 
 2.051337193060643e-07  5.845038353953622e-01 
 2.051537193060643e-07  5.845038353953622e-01 
 2.051737193060643e-07  5.845038353953622e-01 
 2.051937193060643e-07  5.845038353953622e-01 
 2.052137193060643e-07  5.845038353953622e-01 
 2.052337193060643e-07  5.845038353953622e-01 
 2.052537193060643e-07  5.845038353953622e-01 
 2.052737193060643e-07  5.845038353953622e-01 
 2.052937193060643e-07  5.845038353953622e-01 
 2.053137193060643e-07  5.845038353953622e-01 
 2.053337193060643e-07  5.845038353953622e-01 
 2.053537193060643e-07  5.845038353953622e-01 
 2.053737193060643e-07  5.845038353953622e-01 
 2.053937193060643e-07  5.845038353953622e-01 
 2.054137193060643e-07  5.845038353953622e-01 
 2.054337193060643e-07  5.845038353953622e-01 
 2.054537193060643e-07  5.845038353953622e-01 
 2.054737193060643e-07  5.845038353953622e-01 
 2.054937193060643e-07  5.845038353953622e-01 
 2.055137193060643e-07  5.845038353953622e-01 
 2.055337193060643e-07  5.845038353953622e-01 
 2.055537193060643e-07  5.845038353953621e-01 
 2.055737193060643e-07  5.845038353953621e-01 
 2.055937193060643e-07  5.845038353953620e-01 
 2.056137193060643e-07  5.845038353953617e-01 
 2.056337193060643e-07  5.845038353953614e-01 
 2.056537193060642e-07  5.845038353953615e-01 
 2.056737193060642e-07  5.845038353953620e-01 
 2.056937193060642e-07  5.845038353953621e-01 
 2.057137193060642e-07  5.845038353953620e-01 
 2.057337193060642e-07  5.845038353953618e-01 
 2.057537193060642e-07  5.845038353953617e-01 
 2.057737193060642e-07  5.845038353953617e-01 
 2.057937193060642e-07  5.845038353953617e-01 
 2.058137193060642e-07  5.845038353953617e-01 
 2.058337193060642e-07  5.845038353953615e-01 
 2.058537193060642e-07  5.845038353953617e-01 
 2.058737193060642e-07  5.845038353953618e-01 
 2.058937193060642e-07  5.845038353953617e-01 
 2.059137193060642e-07  5.845038353953615e-01 
 2.059337193060642e-07  5.845038353953617e-01 
 2.059537193060642e-07  5.845038353953618e-01 
 2.059737193060642e-07  5.845038353953617e-01 
 2.059937193060642e-07  5.845038353953615e-01 
 2.060137193060642e-07  5.845038353953617e-01 
 2.060337193060642e-07  5.845038353953618e-01 
 2.060537193060642e-07  5.845038353953617e-01 
 2.060737193060642e-07  5.845038353953615e-01 
 2.060937193060642e-07  5.845038353953617e-01 
 2.061137193060642e-07  5.845038353953618e-01 
 2.061337193060642e-07  5.845038353953618e-01 
 2.061537193060642e-07  5.845038353953618e-01 
 2.061737193060641e-07  5.845038353953618e-01 
 2.061937193060641e-07  5.845038353953618e-01 
 2.062137193060641e-07  5.845038353953617e-01 
 2.062337193060641e-07  5.845038353953615e-01 
 2.062537193060641e-07  5.845038353953617e-01 
 2.062737193060641e-07  5.845038353953618e-01 
 2.062937193060641e-07  5.845038353953617e-01 
 2.063137193060641e-07  5.845038353953615e-01 
 2.063337193060641e-07  5.845038353953617e-01 
 2.063537193060641e-07  5.845038353953618e-01 
 2.063737193060641e-07  5.845038353953618e-01 
 2.063937193060641e-07  5.845038353953618e-01 
 2.064137193060641e-07  5.845038353953617e-01 
 2.064337193060641e-07  5.845038353953615e-01 
 2.064537193060641e-07  5.845038353953617e-01 
 2.064737193060641e-07  5.845038353953618e-01 
 2.064937193060641e-07  5.845038353953618e-01 
 2.065137193060641e-07  5.845038353953618e-01 
 2.065337193060641e-07  5.845038353953617e-01 
 2.065537193060641e-07  5.845038353953615e-01 
 2.065737193060641e-07  5.845038353953617e-01 
 2.065937193060641e-07  5.845038353953618e-01 
 2.066137193060641e-07  5.845038353953618e-01 
 2.066337193060641e-07  5.845038353953618e-01 
 2.066537193060641e-07  5.845038353953618e-01 
 2.066737193060641e-07  5.845038353953618e-01 
 2.066937193060641e-07  5.845038353953618e-01 
 2.067137193060640e-07  5.845038353953618e-01 
 2.067337193060640e-07  5.845038353953618e-01 
 2.067537193060640e-07  5.845038353953618e-01 
 2.067737193060640e-07  5.845038353953618e-01 
 2.067937193060640e-07  5.845038353953617e-01 
 2.068137193060640e-07  5.845038353953617e-01 
 2.068337193060640e-07  5.845038353953618e-01 
 2.068537193060640e-07  5.845038353953618e-01 
 2.068737193060640e-07  5.845038353953617e-01 
 2.068937193060640e-07  5.845038353953617e-01 
 2.069137193060640e-07  5.845038353953618e-01 
 2.069337193060640e-07  5.845038353953618e-01 
 2.069537193060640e-07  5.845038353953618e-01 
 2.069737193060640e-07  5.845038353953618e-01 
 2.069937193060640e-07  5.845038353953618e-01 
 2.070137193060640e-07  5.845038353953618e-01 
 2.070337193060640e-07  5.845038353953617e-01 
 2.070537193060640e-07  5.845038353953617e-01 
 2.070737193060640e-07  5.845038353953617e-01 
 2.070937193060640e-07  5.845038353953617e-01 
 2.071137193060640e-07  5.845038353953617e-01 
 2.071337193060640e-07  5.845038353953617e-01 
 2.071537193060640e-07  5.845038353953617e-01 
 2.071737193060640e-07  5.845038353953617e-01 
 2.071937193060640e-07  5.845038353953618e-01 
 2.072137193060640e-07  5.845038353953618e-01 
 2.072337193060639e-07  5.845038353953617e-01 
 2.072537193060639e-07  5.845038353953617e-01 
 2.072737193060639e-07  5.845038353953617e-01 
 2.072937193060639e-07  5.845038353953617e-01 
 2.073137193060639e-07  5.845038353953617e-01 
 2.073337193060639e-07  5.845038353953617e-01 
 2.073537193060639e-07  5.845038353953617e-01 
 2.073737193060639e-07  5.845038353953617e-01 
 2.073937193060639e-07  5.845038353953617e-01 
 2.074137193060639e-07  5.845038353953617e-01 
 2.074337193060639e-07  5.845038353953617e-01 
 2.074537193060639e-07  5.845038353953617e-01 
 2.074737193060639e-07  5.845038353953618e-01 
 2.074937193060639e-07  5.845038353953618e-01 
 2.075137193060639e-07  5.845038353953617e-01 
 2.075337193060639e-07  5.845038353953617e-01 
 2.075537193060639e-07  5.845038353953617e-01 
 2.075737193060639e-07  5.845038353953617e-01 
 2.075937193060639e-07  5.845038353953617e-01 
 2.076137193060639e-07  5.845038353953617e-01 
 2.076337193060639e-07  5.845038353953617e-01 
 2.076537193060639e-07  5.845038353953617e-01 
 2.076737193060639e-07  5.845038353953617e-01 
 2.076937193060639e-07  5.845038353953617e-01 
 2.077137193060639e-07  5.845038353953617e-01 
 2.077337193060639e-07  5.845038353953617e-01 
 2.077537193060638e-07  5.845038353953617e-01 
 2.077737193060638e-07  5.845038353953617e-01 
 2.077937193060638e-07  5.845038353953617e-01 
 2.078137193060638e-07  5.845038353953617e-01 
 2.078337193060638e-07  5.845038353953617e-01 
 2.078537193060638e-07  5.845038353953617e-01 
 2.078737193060638e-07  5.845038353953617e-01 
 2.078937193060638e-07  5.845038353953617e-01 
 2.079137193060638e-07  5.845038353953617e-01 
 2.079337193060638e-07  5.845038353953617e-01 
 2.079537193060638e-07  5.845038353953617e-01 
 2.079737193060638e-07  5.845038353953617e-01 
 2.079937193060638e-07  5.845038353953617e-01 
 2.080137193060638e-07  5.845038353953617e-01 
 2.080337193060638e-07  5.845038353953617e-01 
 2.080537193060638e-07  5.845038353953617e-01 
 2.080737193060638e-07  5.845038353953617e-01 
 2.080937193060638e-07  5.845038353953617e-01 
 2.081137193060638e-07  5.845038353953617e-01 
 2.081337193060638e-07  5.845038353953617e-01 
 2.081537193060638e-07  5.845038353953617e-01 
 2.081737193060638e-07  5.845038353953617e-01 
 2.081937193060638e-07  5.845038353953617e-01 
 2.082137193060638e-07  5.845038353953617e-01 
 2.082337193060638e-07  5.845038353953617e-01 
 2.082537193060638e-07  5.845038353953617e-01 
 2.082737193060638e-07  5.845038353953615e-01 
 2.082937193060637e-07  5.845038353953617e-01 
 2.083137193060637e-07  5.845038353953618e-01 
 2.083337193060637e-07  5.845038353953617e-01 
 2.083537193060637e-07  5.845038353953617e-01 
 2.083737193060637e-07  5.845038353953617e-01 
 2.083937193060637e-07  5.845038353953615e-01 
 2.084137193060637e-07  5.845038353953617e-01 
 2.084337193060637e-07  5.845038353953618e-01 
 2.084537193060637e-07  5.845038353953617e-01 
 2.084737193060637e-07  5.845038353953615e-01 
 2.084937193060637e-07  5.845038353953617e-01 
 2.085137193060637e-07  5.845038353953617e-01 
 2.085337193060637e-07  5.845038353953617e-01 
 2.085537193060637e-07  5.845038353953617e-01 
 2.085737193060637e-07  5.845038353953617e-01 
 2.085937193060637e-07  5.845038353953617e-01 
 2.086137193060637e-07  5.845038353953617e-01 
 2.086337193060637e-07  5.845038353953617e-01 
 2.086537193060637e-07  5.845038353953617e-01 
 2.086737193060637e-07  5.845038353953617e-01 
 2.086937193060637e-07  5.845038353953617e-01 
 2.087137193060637e-07  5.845038353953617e-01 
 2.087337193060637e-07  5.845038353953617e-01 
 2.087537193060637e-07  5.845038353953617e-01 
 2.087737193060637e-07  5.845038353953617e-01 
 2.087937193060637e-07  5.845038353953617e-01 
 2.088137193060636e-07  5.845038353953617e-01 
 2.088337193060636e-07  5.845038353953617e-01 
 2.088537193060636e-07  5.845038353953617e-01 
 2.088737193060636e-07  5.845038353953617e-01 
 2.088937193060636e-07  5.845038353953617e-01 
 2.089137193060636e-07  5.845038353953617e-01 
 2.089337193060636e-07  5.845038353953617e-01 
 2.089537193060636e-07  5.845038353953617e-01 
 2.089737193060636e-07  5.845038353953617e-01 
 2.089937193060636e-07  5.845038353953617e-01 
 2.090137193060636e-07  5.845038353953617e-01 
 2.090337193060636e-07  5.845038353953617e-01 
 2.090537193060636e-07  5.845038353953617e-01 
 2.090737193060636e-07  5.845038353953617e-01 
 2.090937193060636e-07  5.845038353953617e-01 
 2.091137193060636e-07  5.845038353953617e-01 
 2.091337193060636e-07  5.845038353953617e-01 
 2.091537193060636e-07  5.845038353953617e-01 
 2.091737193060636e-07  5.845038353953617e-01 
 2.091937193060636e-07  5.845038353953617e-01 
 2.092137193060636e-07  5.845038353953617e-01 
 2.092337193060636e-07  5.845038353953617e-01 
 2.092537193060636e-07  5.845038353953617e-01 
 2.092737193060636e-07  5.845038353953617e-01 
 2.092937193060636e-07  5.845038353953617e-01 
 2.093137193060636e-07  5.845038353953617e-01 
 2.093337193060636e-07  5.845038353953617e-01 
 2.093537193060635e-07  5.845038353953617e-01 
 2.093737193060635e-07  5.845038353953617e-01 
 2.093937193060635e-07  5.845038353953617e-01 
 2.094137193060635e-07  5.845038353953617e-01 
 2.094337193060635e-07  5.845038353953617e-01 
 2.094537193060635e-07  5.845038353953617e-01 
 2.094737193060635e-07  5.845038353953617e-01 
 2.094937193060635e-07  5.845038353953617e-01 
 2.095137193060635e-07  5.845038353953617e-01 
 2.095337193060635e-07  5.845038353953617e-01 
 2.095537193060635e-07  5.845038353953617e-01 
 2.095737193060635e-07  5.845038353953617e-01 
 2.095937193060635e-07  5.845038353953617e-01 
 2.096137193060635e-07  5.845038353953617e-01 
 2.096337193060635e-07  5.845038353953615e-01 
 2.096537193060635e-07  5.845038353953617e-01 
 2.096737193060635e-07  5.845038353953618e-01 
 2.096937193060635e-07  5.845038353953617e-01 
 2.097137193060635e-07  5.845038353953615e-01 
 2.097337193060635e-07  5.845038353953617e-01 
 2.097537193060635e-07  5.845038353953619e-01 
 2.097737193060635e-07  5.845038353953620e-01 
 2.097937193060635e-07  5.845038353953619e-01 
 2.098137193060635e-07  5.845038353953620e-01 
 2.098337193060635e-07  5.845038353953621e-01 
 2.098537193060635e-07  5.845038353953622e-01 
 2.098737193060634e-07  5.845038353953623e-01 
 2.098937193060634e-07  5.845038353953622e-01 
 2.099137193060634e-07  5.845038353953621e-01 
 2.099337193060634e-07  5.845038353953621e-01 
 2.099537193060634e-07  5.845038353953620e-01 
 2.099737193060634e-07  5.845038353953618e-01 
 2.099937193060634e-07  5.845038353953617e-01 
 2.100137193060634e-07  5.845038353953617e-01 
 2.100337193060634e-07  5.845038353953615e-01 
 2.100537193060634e-07  5.845038353953617e-01 
 2.100737193060634e-07  5.845038353953618e-01 
 2.100937193060634e-07  5.845038353953617e-01 
 2.101137193060634e-07  5.845038353953615e-01 
 2.101337193060634e-07  5.845038353953617e-01 
 2.101537193060634e-07  5.845038353953618e-01 
 2.101737193060634e-07  5.845038353953619e-01 
 2.101937193060634e-07  5.845038353953620e-01 
 2.102137193060634e-07  5.845038353953619e-01 
 2.102337193060634e-07  5.845038353953620e-01 
 2.102537193060634e-07  5.845038353953621e-01 
 2.102737193060634e-07  5.845038353953622e-01 
 2.102937193060634e-07  5.845038353953624e-01 
 2.103137193060634e-07  5.845038353953627e-01 
 2.103337193060634e-07  5.845038353953628e-01 
 2.103537193060634e-07  5.845038353953628e-01 
 2.103737193060634e-07  5.845038353953628e-01 
 2.103937193060633e-07  5.845038353953628e-01 
 2.104137193060633e-07  5.845038353953628e-01 
 2.104337193060633e-07  5.845038353953628e-01 
 2.104537193060633e-07  5.845038353953628e-01 
 2.104737193060633e-07  5.845038353953628e-01 
 2.104937193060633e-07  5.845038353953628e-01 
 2.105137193060633e-07  5.845038353953628e-01 
 2.105337193060633e-07  5.845038353953628e-01 
 2.105537193060633e-07  5.845038353953628e-01 
 2.105737193060633e-07  5.845038353953628e-01 
 2.105937193060633e-07  5.845038353953628e-01 
 2.106137193060633e-07  5.845038353953628e-01 
 2.106337193060633e-07  5.845038353953628e-01 
 2.106537193060633e-07  5.845038353953628e-01 
 2.106737193060633e-07  5.845038353953628e-01 
 2.106937193060633e-07  5.845038353953628e-01 
 2.107137193060633e-07  5.845038353953628e-01 
 2.107337193060633e-07  5.845038353953628e-01 
 2.107537193060633e-07  5.845038353953628e-01 
 2.107737193060633e-07  5.845038353953628e-01 
 2.107937193060633e-07  5.845038353953628e-01 
 2.108137193060633e-07  5.845038353953628e-01 
 2.108337193060633e-07  5.845038353953628e-01 
 2.108537193060633e-07  5.845038353953628e-01 
 2.108737193060633e-07  5.845038353953628e-01 
 2.108937193060633e-07  5.845038353953628e-01 
 2.109137193060633e-07  5.845038353953628e-01 
 2.109337193060632e-07  5.845038353953628e-01 
 2.109537193060632e-07  5.845038353953628e-01 
 2.109737193060632e-07  5.845038353953628e-01 
 2.109937193060632e-07  5.845038353953628e-01 
 2.110137193060632e-07  5.845038353953628e-01 
 2.110337193060632e-07  5.845038353953628e-01 
 2.110537193060632e-07  5.845038353953628e-01 
 2.110737193060632e-07  5.845038353953628e-01 
 2.110937193060632e-07  5.845038353953627e-01 
 2.111137193060632e-07  5.845038353953627e-01 
 2.111337193060632e-07  5.845038353953628e-01 
 2.111537193060632e-07  5.845038353953628e-01 
 2.111737193060632e-07  5.845038353953628e-01 
 2.111937193060632e-07  5.845038353953628e-01 
 2.112137193060632e-07  5.845038353953629e-01 
 2.112337193060632e-07  5.845038353953630e-01 
 2.112537193060632e-07  5.845038353953630e-01 
 2.112737193060632e-07  5.845038353953630e-01 
 2.112937193060632e-07  5.845038353953630e-01 
 2.113137193060632e-07  5.845038353953629e-01 
 2.113337193060632e-07  5.845038353953628e-01 
 2.113537193060632e-07  5.845038353953627e-01 
 2.113737193060632e-07  5.845038353953628e-01 
 2.113937193060632e-07  5.845038353953628e-01 
 2.114137193060632e-07  5.845038353953627e-01 
 2.114337193060632e-07  5.845038353953627e-01 
 2.114537193060631e-07  5.845038353953628e-01 
 2.114737193060631e-07  5.845038353953629e-01 
 2.114937193060631e-07  5.845038353953629e-01 
 2.115137193060631e-07  5.845038353953628e-01 
 2.115337193060631e-07  5.845038353953627e-01 
 2.115537193060631e-07  5.845038353953627e-01 
 2.115737193060631e-07  5.845038353953627e-01 
 2.115937193060631e-07  5.845038353953627e-01 
 2.116137193060631e-07  5.845038353953628e-01 
 2.116337193060631e-07  5.845038353953628e-01 
 2.116537193060631e-07  5.845038353953628e-01 
 2.116737193060631e-07  5.845038353953628e-01 
 2.116937193060631e-07  5.845038353953628e-01 
 2.117137193060631e-07  5.845038353953628e-01 
 2.117337193060631e-07  5.845038353953628e-01 
 2.117537193060631e-07  5.845038353953629e-01 
 2.117737193060631e-07  5.845038353953630e-01 
 2.117937193060631e-07  5.845038353953630e-01 
 2.118137193060631e-07  5.845038353953631e-01 
 2.118337193060631e-07  5.845038353953631e-01 
 2.118537193060631e-07  5.845038353953631e-01 
 2.118737193060631e-07  5.845038353953631e-01 
 2.118937193060631e-07  5.845038353953631e-01 
 2.119137193060631e-07  5.845038353953631e-01 
 2.119337193060631e-07  5.845038353953631e-01 
 2.119537193060631e-07  5.845038353953631e-01 
 2.119737193060630e-07  5.845038353953630e-01 
 2.119937193060630e-07  5.845038353953629e-01 
 2.120137193060630e-07  5.845038353953629e-01 
 2.120337193060630e-07  5.845038353953630e-01 
 2.120537193060630e-07  5.845038353953631e-01 
 2.120737193060630e-07  5.845038353953632e-01 
 2.120937193060630e-07  5.845038353953633e-01 
 2.121137193060630e-07  5.845038353953632e-01 
 2.121337193060630e-07  5.845038353953632e-01 
 2.121537193060630e-07  5.845038353953632e-01 
 2.121737193060630e-07  5.845038353953632e-01 
 2.121937193060630e-07  5.845038353953633e-01 
 2.122137193060630e-07  5.845038353953633e-01 
 2.122337193060630e-07  5.845038353953632e-01 
 2.122537193060630e-07  5.845038353953632e-01 
 2.122737193060630e-07  5.845038353953633e-01 
 2.122937193060630e-07  5.845038353953633e-01 
 2.123137193060630e-07  5.845038353953632e-01 
 2.123337193060630e-07  5.845038353953632e-01 
 2.123537193060630e-07  5.845038353953633e-01 
 2.123737193060630e-07  5.845038353953633e-01 
 2.123937193060630e-07  5.845038353953632e-01 
 2.124137193060630e-07  5.845038353953632e-01 
 2.124337193060630e-07  5.845038353953633e-01 
 2.124537193060630e-07  5.845038353953633e-01 
 2.124737193060630e-07  5.845038353953632e-01 
 2.124937193060630e-07  5.845038353953632e-01 
 2.125137193060629e-07  5.845038353953632e-01 
 2.125337193060629e-07  5.845038353953632e-01 
 2.125537193060629e-07  5.845038353953632e-01 
 2.125737193060629e-07  5.845038353953632e-01 
 2.125937193060629e-07  5.845038353953632e-01 
 2.126137193060629e-07  5.845038353953632e-01 
 2.126337193060629e-07  5.845038353953632e-01 
 2.126537193060629e-07  5.845038353953632e-01 
 2.126737193060629e-07  5.845038353953632e-01 
 2.126937193060629e-07  5.845038353953632e-01 
 2.127137193060629e-07  5.845038353953632e-01 
 2.127337193060629e-07  5.845038353953632e-01 
 2.127537193060629e-07  5.845038353953632e-01 
 2.127737193060629e-07  5.845038353953632e-01 
 2.127937193060629e-07  5.845038353953632e-01 
 2.128137193060629e-07  5.845038353953632e-01 
 2.128337193060629e-07  5.845038353953633e-01 
 2.128537193060629e-07  5.845038353953633e-01 
 2.128737193060629e-07  5.845038353953632e-01 
 2.128937193060629e-07  5.845038353953632e-01 
 2.129137193060629e-07  5.845038353953633e-01 
 2.129337193060629e-07  5.845038353953633e-01 
 2.129537193060629e-07  5.845038353953633e-01 
 2.129737193060629e-07  5.845038353953633e-01 
 2.129937193060629e-07  5.845038353953633e-01 
 2.130137193060629e-07  5.845038353953634e-01 
 2.130337193060628e-07  5.845038353953635e-01 
 2.130537193060628e-07  5.845038353953634e-01 
 2.130737193060628e-07  5.845038353953632e-01 
 2.130937193060628e-07  5.845038353953630e-01 
 2.131137193060628e-07  5.845038353953629e-01 
 2.131337193060628e-07  5.845038353953630e-01 
 2.131537193060628e-07  5.845038353953631e-01 
 2.131737193060628e-07  5.845038353953632e-01 
 2.131937193060628e-07  5.845038353953633e-01 
 2.132137193060628e-07  5.845038353953632e-01 
 2.132337193060628e-07  5.845038353953633e-01 
 2.132537193060628e-07  5.845038353953633e-01 
 2.132737193060628e-07  5.845038353953632e-01 
 2.132937193060628e-07  5.845038353953633e-01 
 2.133137193060628e-07  5.845038353953633e-01 
 2.133337193060628e-07  5.845038353953632e-01 
 2.133537193060628e-07  5.845038353953633e-01 
 2.133737193060628e-07  5.845038353953634e-01 
 2.133937193060628e-07  5.845038353953635e-01 
 2.134137193060628e-07  5.845038353953634e-01 
 2.134337193060628e-07  5.845038353953633e-01 
 2.134537193060628e-07  5.845038353953633e-01 
 2.134737193060628e-07  5.845038353953633e-01 
 2.134937193060628e-07  5.845038353953633e-01 
 2.135137193060628e-07  5.845038353953633e-01 
 2.135337193060628e-07  5.845038353953632e-01 
 2.135537193060628e-07  5.845038353953633e-01 
 2.135737193060627e-07  5.845038353953634e-01 
 2.135937193060627e-07  5.845038353953633e-01 
 2.136137193060627e-07  5.845038353953631e-01 
 2.136337193060627e-07  5.845038353953630e-01 
 2.136537193060627e-07  5.845038353953630e-01 
 2.136737193060627e-07  5.845038353953631e-01 
 2.136937193060627e-07  5.845038353953631e-01 
 2.137137193060627e-07  5.845038353953630e-01 
 2.137337193060627e-07  5.845038353953629e-01 
 2.137537193060627e-07  5.845038353953628e-01 
 2.137737193060627e-07  5.845038353953628e-01 
 2.137937193060627e-07  5.845038353953630e-01 
 2.138137193060627e-07  5.845038353953631e-01 
 2.138337193060627e-07  5.845038353953630e-01 
 2.138537193060627e-07  5.845038353953630e-01 
 2.138737193060627e-07  5.845038353953630e-01 
 2.138937193060627e-07  5.845038353953630e-01 
 2.139137193060627e-07  5.845038353953631e-01 
 2.139337193060627e-07  5.845038353953631e-01 
 2.139537193060627e-07  5.845038353953630e-01 
 2.139737193060627e-07  5.845038353953630e-01 
 2.139937193060627e-07  5.845038353953631e-01 
 2.140137193060627e-07  5.845038353953631e-01 
 2.140337193060627e-07  5.845038353953630e-01 
 2.140537193060627e-07  5.845038353953629e-01 
 2.140737193060627e-07  5.845038353953628e-01 
 2.140937193060626e-07  5.845038353953627e-01 
 2.141137193060626e-07  5.845038353953628e-01 
 2.141337193060626e-07  5.845038353953629e-01 
 2.141537193060626e-07  5.845038353953630e-01 
 2.141737193060626e-07  5.845038353953630e-01 
 2.141937193060626e-07  5.845038353953631e-01 
 2.142137193060626e-07  5.845038353953631e-01 
 2.142337193060626e-07  5.845038353953630e-01 
 2.142537193060626e-07  5.845038353953630e-01 
 2.142737193060626e-07  5.845038353953631e-01 
 2.142937193060626e-07  5.845038353953632e-01 
 2.143137193060626e-07  5.845038353953633e-01 
 2.143337193060626e-07  5.845038353953633e-01 
 2.143537193060626e-07  5.845038353953633e-01 
 2.143737193060626e-07  5.845038353953633e-01 
 2.143937193060626e-07  5.845038353953634e-01 
 2.144137193060626e-07  5.845038353953635e-01 
 2.144337193060626e-07  5.845038353953634e-01 
 2.144537193060626e-07  5.845038353953633e-01 
 2.144737193060626e-07  5.845038353953633e-01 
 2.144937193060626e-07  5.845038353953634e-01 
 2.145137193060626e-07  5.845038353953635e-01 
 2.145337193060626e-07  5.845038353953635e-01 
 2.145537193060626e-07  5.845038353953634e-01 
 2.145737193060626e-07  5.845038353953633e-01 
 2.145937193060626e-07  5.845038353953633e-01 
 2.146137193060625e-07  5.845038353953634e-01 
 2.146337193060625e-07  5.845038353953635e-01 
 2.146537193060625e-07  5.845038353953635e-01 
 2.146737193060625e-07  5.845038353953635e-01 
 2.146937193060625e-07  5.845038353953635e-01 
 2.147137193060625e-07  5.845038353953634e-01 
 2.147337193060625e-07  5.845038353953633e-01 
 2.147537193060625e-07  5.845038353953631e-01 
 2.147737193060625e-07  5.845038353953630e-01 
 2.147937193060625e-07  5.845038353953630e-01 
 2.148137193060625e-07  5.845038353953630e-01 
 2.148337193060625e-07  5.845038353953630e-01 
 2.148537193060625e-07  5.845038353953630e-01 
 2.148737193060625e-07  5.845038353953630e-01 
 2.148937193060625e-07  5.845038353953631e-01 
 2.149137193060625e-07  5.845038353953633e-01 
 2.149337193060625e-07  5.845038353953634e-01 
 2.149537193060625e-07  5.845038353953633e-01 
 2.149737193060625e-07  5.845038353953632e-01 
 2.149937193060625e-07  5.845038353953633e-01 
 2.150137193060625e-07  5.845038353953633e-01 
 2.150337193060625e-07  5.845038353953633e-01 
 2.150537193060625e-07  5.845038353953633e-01 
 2.150737193060625e-07  5.845038353953633e-01 
 2.150937193060625e-07  5.845038353953633e-01 
 2.151137193060625e-07  5.845038353953633e-01 
 2.151337193060625e-07  5.845038353953633e-01 
 2.151537193060624e-07  5.845038353953634e-01 
 2.151737193060624e-07  5.845038353953635e-01 
 2.151937193060624e-07  5.845038353953634e-01 
 2.152137193060624e-07  5.845038353953633e-01 
 2.152337193060624e-07  5.845038353953631e-01 
 2.152537193060624e-07  5.845038353953631e-01 
 2.152737193060624e-07  5.845038353953633e-01 
 2.152937193060624e-07  5.845038353953634e-01 
 2.153137193060624e-07  5.845038353953633e-01 
 2.153337193060624e-07  5.845038353953633e-01 
 2.153537193060624e-07  5.845038353953634e-01 
 2.153737193060624e-07  5.845038353953633e-01 
 2.153937193060624e-07  5.845038353953631e-01 
 2.154137193060624e-07  5.845038353953631e-01 
 2.154337193060624e-07  5.845038353953633e-01 
 2.154537193060624e-07  5.845038353953634e-01 
 2.154737193060624e-07  5.845038353953633e-01 
 2.154937193060624e-07  5.845038353953633e-01 
 2.155137193060624e-07  5.845038353953634e-01 
 2.155337193060624e-07  5.845038353953633e-01 
 2.155537193060624e-07  5.845038353953630e-01 
 2.155737193060624e-07  5.845038353953630e-01 
 2.155937193060624e-07  5.845038353953633e-01 
 2.156137193060624e-07  5.845038353953634e-01 
 2.156337193060624e-07  5.845038353953633e-01 
 2.156537193060624e-07  5.845038353953633e-01 
 2.156737193060623e-07  5.845038353953634e-01 
 2.156937193060623e-07  5.845038353953633e-01 
 2.157137193060623e-07  5.845038353953631e-01 
 2.157337193060623e-07  5.845038353953630e-01 
 2.157537193060623e-07  5.845038353953630e-01 
 2.157737193060623e-07  5.845038353953630e-01 
 2.157937193060623e-07  5.845038353953629e-01 
 2.158137193060623e-07  5.845038353953629e-01 
 2.158337193060623e-07  5.845038353953630e-01 
 2.158537193060623e-07  5.845038353953630e-01 
 2.158737193060623e-07  5.845038353953629e-01 
 2.158937193060623e-07  5.845038353953629e-01 
 2.159137193060623e-07  5.845038353953630e-01 
 2.159337193060623e-07  5.845038353953630e-01 
 2.159537193060623e-07  5.845038353953629e-01 
 2.159737193060623e-07  5.845038353953629e-01 
 2.159937193060623e-07  5.845038353953630e-01 
 2.160137193060623e-07  5.845038353953630e-01 
 2.160337193060623e-07  5.845038353953629e-01 
 2.160537193060623e-07  5.845038353953629e-01 
 2.160737193060623e-07  5.845038353953630e-01 
 2.160937193060623e-07  5.845038353953630e-01 
 2.161137193060623e-07  5.845038353953629e-01 
 2.161337193060623e-07  5.845038353953629e-01 
 2.161537193060623e-07  5.845038353953630e-01 
 2.161737193060623e-07  5.845038353953630e-01 
 2.161937193060622e-07  5.845038353953629e-01 
 2.162137193060622e-07  5.845038353953627e-01 
 2.162337193060622e-07  5.845038353953624e-01 
 2.162537193060622e-07  5.845038353953624e-01 
 2.162737193060622e-07  5.845038353953627e-01 
 2.162937193060622e-07  5.845038353953629e-01 
 2.163137193060622e-07  5.845038353953629e-01 
 2.163337193060622e-07  5.845038353953629e-01 
 2.163537193060622e-07  5.845038353953630e-01 
 2.163737193060622e-07  5.845038353953630e-01 
 2.163937193060622e-07  5.845038353953629e-01 
 2.164137193060622e-07  5.845038353953629e-01 
 2.164337193060622e-07  5.845038353953630e-01 
 2.164537193060622e-07  5.845038353953630e-01 
 2.164737193060622e-07  5.845038353953629e-01 
 2.164937193060622e-07  5.845038353953629e-01 
 2.165137193060622e-07  5.845038353953630e-01 
 2.165337193060622e-07  5.845038353953630e-01 
 2.165537193060622e-07  5.845038353953629e-01 
 2.165737193060622e-07  5.845038353953629e-01 
 2.165937193060622e-07  5.845038353953630e-01 
 2.166137193060622e-07  5.845038353953631e-01 
 2.166337193060622e-07  5.845038353953631e-01 
 2.166537193060622e-07  5.845038353953631e-01 
 2.166737193060622e-07  5.845038353953633e-01 
 2.166937193060622e-07  5.845038353953635e-01 
 2.167137193060622e-07  5.845038353953635e-01 
 2.167337193060621e-07  5.845038353953634e-01 
 2.167537193060621e-07  5.845038353953634e-01 
 2.167737193060621e-07  5.845038353953633e-01 
 2.167937193060621e-07  5.845038353953630e-01 
 2.168137193060621e-07  5.845038353953630e-01 
 2.168337193060621e-07  5.845038353953631e-01 
 2.168537193060621e-07  5.845038353953630e-01 
 2.168737193060621e-07  5.845038353953629e-01 
 2.168937193060621e-07  5.845038353953629e-01 
 2.169137193060621e-07  5.845038353953629e-01 
 2.169337193060621e-07  5.845038353953629e-01 
 2.169537193060621e-07  5.845038353953629e-01 
 2.169737193060621e-07  5.845038353953629e-01 
 2.169937193060621e-07  5.845038353953629e-01 
 2.170137193060621e-07  5.845038353953627e-01 
 2.170337193060621e-07  5.845038353953624e-01 
 2.170537193060621e-07  5.845038353953624e-01 
 2.170737193060621e-07  5.845038353953625e-01 
 2.170937193060621e-07  5.845038353953624e-01 
 2.171137193060621e-07  5.845038353953623e-01 
 2.171337193060621e-07  5.845038353953622e-01 
 2.171537193060621e-07  5.845038353953623e-01 
 2.171737193060621e-07  5.845038353953624e-01 
 2.171937193060621e-07  5.845038353953625e-01 
 2.172137193060621e-07  5.845038353953625e-01 
 2.172337193060621e-07  5.845038353953624e-01 
 2.172537193060620e-07  5.845038353953624e-01 
 2.172737193060620e-07  5.845038353953625e-01 
 2.172937193060620e-07  5.845038353953625e-01 
 2.173137193060620e-07  5.845038353953625e-01 
 2.173337193060620e-07  5.845038353953624e-01 
 2.173537193060620e-07  5.845038353953623e-01 
 2.173737193060620e-07  5.845038353953622e-01 
 2.173937193060620e-07  5.845038353953622e-01 
 2.174137193060620e-07  5.845038353953623e-01 
 2.174337193060620e-07  5.845038353953623e-01 
 2.174537193060620e-07  5.845038353953622e-01 
 2.174737193060620e-07  5.845038353953622e-01 
 2.174937193060620e-07  5.845038353953623e-01 
 2.175137193060620e-07  5.845038353953623e-01 
 2.175337193060620e-07  5.845038353953622e-01 
 2.175537193060620e-07  5.845038353953623e-01 
 2.175737193060620e-07  5.845038353953624e-01 
 2.175937193060620e-07  5.845038353953625e-01 
 2.176137193060620e-07  5.845038353953625e-01 
 2.176337193060620e-07  5.845038353953624e-01 
 2.176537193060620e-07  5.845038353953624e-01 
 2.176737193060620e-07  5.845038353953625e-01 
 2.176937193060620e-07  5.845038353953625e-01 
 2.177137193060620e-07  5.845038353953625e-01 
 2.177337193060620e-07  5.845038353953625e-01 
 2.177537193060620e-07  5.845038353953624e-01 
 2.177737193060620e-07  5.845038353953624e-01 
 2.177937193060619e-07  5.845038353953625e-01 
 2.178137193060619e-07  5.845038353953625e-01 
 2.178337193060619e-07  5.845038353953624e-01 
 2.178537193060619e-07  5.845038353953624e-01 
 2.178737193060619e-07  5.845038353953627e-01 
 2.178937193060619e-07  5.845038353953630e-01 
 2.179137193060619e-07  5.845038353953630e-01 
 2.179337193060619e-07  5.845038353953630e-01 
 2.179537193060619e-07  5.845038353953630e-01 
 2.179737193060619e-07  5.845038353953630e-01 
 2.179937193060619e-07  5.845038353953630e-01 
 2.180137193060619e-07  5.845038353953630e-01 
 2.180337193060619e-07  5.845038353953630e-01 
 2.180537193060619e-07  5.845038353953630e-01 
 2.180737193060619e-07  5.845038353953630e-01 
 2.180937193060619e-07  5.845038353953630e-01 
 2.181137193060619e-07  5.845038353953630e-01 
 2.181337193060619e-07  5.845038353953630e-01 
 2.181537193060619e-07  5.845038353953630e-01 
 2.181737193060619e-07  5.845038353953630e-01 
 2.181937193060619e-07  5.845038353953630e-01 
 2.182137193060619e-07  5.845038353953630e-01 
 2.182337193060619e-07  5.845038353953630e-01 
 2.182537193060619e-07  5.845038353953630e-01 
 2.182737193060619e-07  5.845038353953630e-01 
 2.182937193060619e-07  5.845038353953630e-01 
 2.183137193060618e-07  5.845038353953630e-01 
 2.183337193060618e-07  5.845038353953630e-01 
 2.183537193060618e-07  5.845038353953630e-01 
 2.183737193060618e-07  5.845038353953630e-01 
 2.183937193060618e-07  5.845038353953630e-01 
 2.184137193060618e-07  5.845038353953630e-01 
 2.184337193060618e-07  5.845038353953630e-01 
 2.184537193060618e-07  5.845038353953630e-01 
 2.184737193060618e-07  5.845038353953630e-01 
 2.184937193060618e-07  5.845038353953630e-01 
 2.185137193060618e-07  5.845038353953630e-01 
 2.185337193060618e-07  5.845038353953630e-01 
 2.185537193060618e-07  5.845038353953630e-01 
 2.185737193060618e-07  5.845038353953630e-01 
 2.185937193060618e-07  5.845038353953630e-01 
 2.186137193060618e-07  5.845038353953630e-01 
 2.186337193060618e-07  5.845038353953630e-01 
 2.186537193060618e-07  5.845038353953630e-01 
 2.186737193060618e-07  5.845038353953629e-01 
 2.186937193060618e-07  5.845038353953627e-01 
 2.187137193060618e-07  5.845038353953625e-01 
 2.187337193060618e-07  5.845038353953624e-01 
 2.187537193060618e-07  5.845038353953625e-01 
 2.187737193060618e-07  5.845038353953625e-01 
 2.187937193060618e-07  5.845038353953624e-01 
 2.188137193060618e-07  5.845038353953624e-01 
 2.188337193060617e-07  5.845038353953624e-01 
 2.188537193060617e-07  5.845038353953624e-01 
 2.188737193060617e-07  5.845038353953625e-01 
 2.188937193060617e-07  5.845038353953625e-01 
 2.189137193060617e-07  5.845038353953624e-01 
 2.189337193060617e-07  5.845038353953624e-01 
 2.189537193060617e-07  5.845038353953624e-01 
 2.189737193060617e-07  5.845038353953624e-01 
 2.189937193060617e-07  5.845038353953625e-01 
 2.190137193060617e-07  5.845038353953625e-01 
 2.190337193060617e-07  5.845038353953623e-01 
 2.190537193060617e-07  5.845038353953621e-01 
 2.190737193060617e-07  5.845038353953622e-01 
 2.190937193060617e-07  5.845038353953623e-01 
 2.191137193060617e-07  5.845038353953622e-01 
 2.191337193060617e-07  5.845038353953622e-01 
 2.191537193060617e-07  5.845038353953623e-01 
 2.191737193060617e-07  5.845038353953622e-01 
 2.191937193060617e-07  5.845038353953622e-01 
 2.192137193060617e-07  5.845038353953623e-01 
 2.192337193060617e-07  5.845038353953623e-01 
 2.192537193060617e-07  5.845038353953622e-01 
 2.192737193060617e-07  5.845038353953622e-01 
 2.192937193060617e-07  5.845038353953623e-01 
 2.193137193060617e-07  5.845038353953623e-01 
 2.193337193060617e-07  5.845038353953622e-01 
 2.193537193060617e-07  5.845038353953622e-01 
 2.193737193060616e-07  5.845038353953624e-01 
 2.193937193060616e-07  5.845038353953627e-01 
 2.194137193060616e-07  5.845038353953627e-01 
 2.194337193060616e-07  5.845038353953625e-01 
 2.194537193060616e-07  5.845038353953624e-01 
 2.194737193060616e-07  5.845038353953624e-01 
 2.194937193060616e-07  5.845038353953624e-01 
 2.195137193060616e-07  5.845038353953625e-01 
 2.195337193060616e-07  5.845038353953625e-01 
 2.195537193060616e-07  5.845038353953623e-01 
 2.195737193060616e-07  5.845038353953622e-01 
 2.195937193060616e-07  5.845038353953622e-01 
 2.196137193060616e-07  5.845038353953622e-01 
 2.196337193060616e-07  5.845038353953622e-01 
 2.196537193060616e-07  5.845038353953622e-01 
 2.196737193060616e-07  5.845038353953622e-01 
 2.196937193060616e-07  5.845038353953622e-01 
 2.197137193060616e-07  5.845038353953622e-01 
 2.197337193060616e-07  5.845038353953622e-01 
 2.197537193060616e-07  5.845038353953622e-01 
 2.197737193060616e-07  5.845038353953622e-01 
 2.197937193060616e-07  5.845038353953622e-01 
 2.198137193060616e-07  5.845038353953622e-01 
 2.198337193060616e-07  5.845038353953622e-01 
 2.198537193060616e-07  5.845038353953622e-01 
 2.198737193060616e-07  5.845038353953622e-01 
 2.198937193060615e-07  5.845038353953622e-01 
 2.199137193060615e-07  5.845038353953622e-01 
 2.199337193060615e-07  5.845038353953622e-01 
 2.199537193060615e-07  5.845038353953622e-01 
 2.199737193060615e-07  5.845038353953622e-01 
 2.199937193060615e-07  5.845038353953622e-01 
 2.200000000000000e-07  5.845038353953623e-01 
